index	question	category	A	B	C	D	answer	knowledge	analysis	year	grade_level	difficulty_level
5541	The antecedent and the consequent of a ratio (   )  	single_answer_choice	Neither can be 0  	Both can be 0  	The antecedent can be 0  	The consequent can be 0	C	Understanding and Writing Ratios	"Answer: Explanation: Through analysis, it is known that the antecedent (first term) of a ratio can be 0, but the consequent (second term) cannot be 0, otherwise it loses its meaning; thus, choose option C.

Analysis: According to ""the antecedent of a ratio is akin to the dividend in division, like the numerator in a fraction; the consequent of a ratio is akin to the divisor in division, like the denominator in a fraction. In division, the divisor cannot be 0, and in a fraction, the denominator cannot be 0, so in a ratio, the consequent cannot be 0, otherwise it loses its meaning; this judgment can be made based on this."" This question tests the understanding of the significance of ratios, and it is crucial to recognize that the consequent of a ratio cannot be 0 to solve this question."	others	primary	hard
6019	In each of the following pairs of numbers, which are relatively prime?	single_answer_choice	11 and 1	35 and 30  	36 and 27  	11 and 17  	C	Application of the Greatest Common Divisor	nan	others	primary	hard
7850	Warehouse A and Warehouse B store grain. It is known that the grain stored in Warehouse A is three times that of Warehouse B. If 100 tons are transported out of Warehouse A and 20 tons out of Warehouse B, then the grain storage in both warehouses would be equal. How many tons of grain are stored in Warehouse A and Warehouse B respectively?	single_answer_choice	The incorrect equations are:	3x - 100 = x - 20	3x - x = 100 - 20	3x + 20 = x + 100	D	Formulate equations to solve application problems containing multiple unknowns.	[Analysis] From the problem statement, we know that the grain stock in Warehouse B is 1 unit, and the grain stock in Warehouse A is multiple units. The quantities have the following equality relationship: Grain stock in Warehouse A - 100 = Grain stock in Warehouse B - 20. The 100 tons and 20 tons are the amounts of grain transported out from the two warehouses, not the total stock in the warehouses.	others	primary	hard
6909	A cut on a parallelogram (without cutting through) cannot result in a shape that is:  	single_answer_choice	Parallelogram  	Triangle  	Square  	Trapezoid	C	Decomposition and Assembly of Figures (Cutting and Assembling)	"Solution: Cutting a parallelogram with a single cut may result in the following cases:
① A triangle and a trapezoid;
② Two triangles;
③ Two parallelograms;
④ Two trapezoids.
It is impossible to cut it into a square.
Therefore, the answer is: C.

Analysis: Cutting a piece of paper shaped like a parallelogram with one cut can result in: ① a triangle and a trapezoid; ② two triangles; ③ two parallelograms; ④ two trapezoids. Solve accordingly."	others	primary	hard
7052	If A and B are two inversely proportional quantities, then when A increases by 50%, B will definitely (　　).	single_answer_choice	Decrease by \(\frac{1}{3}\	Increase by 50%	Decrease by \(\frac{1}{3}\)	Decrease by \(\frac{2}{3}\)	B	Other Applications of Percentages###Quantities in inverse proportion and their significance.	"Solution: Suppose A × B = 1, then 1 ÷ (1 + 50%) = \( \frac{2}{3} \), and 1 - \( \frac{2}{3} \) = \( \frac{1}{3} \), so when A increases by 50%, B will definitely decrease by \( \frac{1}{3} \).  
Therefore, the answer is: B.  
Analysis: Since A and B are inversely proportional, assume A × B = 1. When A increases by 50%, B shrinks to a fraction of its original size = 1 ÷ (1 + percentage increase of A). Solving this, we find B shrinks to \( \frac{2}{3} \) of its original size, so B decreases by 1 - \( \frac{2}{3} \) = \( \frac{1}{3} \)."	2021	primary	hard
3305	In the following expression, the most suitable way to estimate the value of \(5.9 \div 0.25 - 6\frac{11}{12}\) is (     ).	single_answer_choice	6÷4-	6×4-6  	6×4-7  	6÷4-6  	B	Estimation and Comparison	"Answer: \((5.9 \div 0.25 - 6\frac{11}{12}) \approx 6 \times 4 - 7 = 24 - 7 = 17\). Therefore, the answer is: B.

Analysis: When estimating the value of \(5.9 \div 0.25 - 6\frac{11}{12}\), consider 5.9 as 6 and \(6\frac{11}{12}\) as 7, and calculate accordingly.

Multiple Choice Questions"	2022	primary	medium
6607	Among the following statements, the incorrect one is (　　).	single_answer_choice	When the edge length of a cube is doubled, its volume increases to 6 times the original.	In integers, numbers that are multiples of 2 are called even numbers, and 0 is also an even number.	Among \(\frac{2}{3}\), \(\frac{9}{15}\), \(\frac{17}{8}\), both \(\frac{17}{8}\) and \(\frac{9}{15}\) can be expressed as terminating decimals.	A square needs to be rotated at least 90° about its center to coincide with its original position.	A	Understanding and Distinguishing Finite Decimals and Infinite Decimals###Odd and even numbers###The volume of a cube	"[Answer] Option A: Let the original edge length be a, then the original volume is a×a×a=a³. The expanded volume is (2a)×(2a)×(2a)=8a³, meaning the volume has increased by 8 times, thus incorrect.

Option B: An even number is a number that can be divided by 2, so it is correct.

Option C: \(\frac{2}{3}\)=0.666..., is a repeating decimal. \(\frac{9}{15}\)=0.6, \(\frac{17}{8}\)=2.125, is a terminating decimal, thus correct.

Option D: Based on the definition of rotation and the characteristics of a square, it is correct.

Therefore, the answer is: A.

[Analysis] Option A: Calculate the expanded volume and the original volume based on the cube volume = edge length × edge length × edge length, then divide.

Option"	2020	primary	hard
2102	The correct statement is (     ).	single_answer_choice	There are 4 quarters in a year.	8 AM is represented as 20:00 in the 24-hour time format.	February 2600 has 29 days.	The hour hand completes exactly one full circle in a day.	A	Understanding and Calculating Year, Month, Day###Methods for Determining Common and Leap Years###Conversion between the 24-hour clock and the standard clock.###The relationship between the 24-hour time system and the gradations on a clock.	"Answer: 

Option A: There are four seasons in a year: spring, summer, autumn, and winter. The statement in the original question is correct.

Option B: 8 AM is expressed as 8 in the 24-hour clock system. The statement in the original question is incorrect.

Option C: 2600 ÷ 400 = 6...200. The year 2600 is a common year, and February has 28 days. The statement in the original question is incorrect.

Option D: The hour hand completes one full circle in 12 hours and completes exactly two circles in one day. The statement in the original question is incorrect.

Therefore, the answer is: A.

Analysis:

This question mainly tests knowledge related to time. A year consists of four seasons: spring, summer, autumn, and winter, each with three months.

The method to convert conventional time to the 24-hour clock system: Before noon, simply remove time of day indicators; after noon"	others	primary	medium
7938	A duck farm has 8,000 ducks. Yesterday morning, 3,000 were sold, and in the afternoon, 4,000 were sold. How many are left?  	single_answer_choice	3,000  	4,000  	1,000  	5,000	C	Others	"Solution: 3000 + 4000 = 7000  8000 - 7000 = 1000
Answer: 1000 remaining."	others	primary	hard
