index	question	category	answer	knowledge	analysis	year	grade_level	difficulty_level
6029	"Using the number cards 5, 6, and 8, how many different three-digit numbers can be formed?  
A. 4  
B. 6  
C. 8"	multiple_answer_choice	B	Permutation and combination	"[Answer] Solution: Different three-digit numbers that can be formed using the number cards 5, 6, and 8 are: 568, 586, 658, 685, 856, 865, totaling 6 numbers. \\
Therefore, the answer is: B.  
[Analysis] Using the number cards 5, 6, and 8, different three-digit numbers can be formed by placing each digit in the hundreds place, creating two different three-digit numbers, for a total of 2×3=6 numbers."	2022	primary	hard
6027	"Xiao Ming and Xiao Hua are playing chess and need to find a way to decide who goes first. Among the following methods, the unfair one is (     )
A. Play the ""rock, paper, scissors"" game; whoever wins goes first.
B. Simultaneously toss 2 coins; if both coins show heads, Xiao Ming goes first; in all other cases, Xiao Hua goes first.
C. Roll a die; if the number is greater than 3, Xiao Ming goes first; if the number is less than 4, Xiao Hua goes first.
D. Put 3 red balls and 3 yellow balls in a bag, draw one each time, then return it. If a red ball is drawn, Xiao Ming goes first; if a yellow ball is drawn, Xiao Hua goes first."	multiple_answer_choice	B	The fairness of game rules	"Solution: Explanation:

A: In the ""Rock, Paper, Scissors"" game, each move—rock beats scissors, scissors beats paper, and paper beats rock—forms a cycle. Each move has a winning probability of \(\frac{1}{3}\). Therefore, the probability for Xiaoming and Xiaohua to go first is both \(\frac{1}{3}\), making the game rules fair.

B: When flipping two coins simultaneously, there are four outcomes: heads-heads, heads-tails, tails-heads, tails-tails. Only the heads-heads outcome results in both coins showing heads, while the other three situations allow Xiaohua to go first. Thus, the probability for Xiaoming to go first is \(\frac{1}{4}\) and for Xiaohua, it is \(\frac{3}{4}\), making the game rules unfair.

C: When rolling a die, there are three outcomes (4, 5,"	2024	primary	hard
1092	"180×4÷5 can solve the following (   ) problem.

A. A toy factory processed 180 toy cars in 4 days. At this rate, how many can be made in 5 days?
B. Entering a manuscript using a computer, 180 characters are entered per minute on average. The task can be completed in 5 minutes. If you want to finish in 4 minutes, how many characters need to be entered per minute on average?
C. Naughty bought 4 sets of books, with 5 books in each set, totaling 180 yuan. How much is each book?
D. Students are performing gymnastics, forming 4 columns with 180 people in each. If reorganized into 5 columns, how many people are in each column?"	multiple_answer_choice	D	Normalization problem###Summary issue	"Solution:   
Option A: \(140 \div 4 \times 5\);  
Option B: \(180 \times 5 \div 4\);  
Option C: \(180 \div 4 \div 5\);  
Option D: \(180 \times 4 \div 5\).  
Therefore, the answer is: D.  

Analysis:  
Option A: Number of units completed in 5 days = number of units completed in 4 days \(\div 4 \times 5\);  
Option B: If it needs to be recorded in 4 minutes, the average number of words per minute = original average number of words per minute \(\times\) original time \(\div\) current time;  
Option C: Price per book = total price \(\div\) number of sets bought \(\div\) average number of books per set;  
Option D: If arranged in 5 columns, the number of"	2024	primary	medium
1885	"Due to carelessness, Xiaoxue missed the decimal point while reading a decimal number and read it as nine thousand two hundred six. The original decimal also contained a zero when read. What was the original decimal? 
A. 9.206 B. 92.06 C. 920.6 D. 9200.6"	multiple_answer_choice	A, B	Reading and writing decimals	"[Answer] Option A, 9.206 without the decimal point is read as nine thousand two hundred six, the original decimal also read out a zero, consistent with the question; \\
Option B, 92.06 without the decimal point is read as nine thousand two hundred six, the original decimal also read out a zero, consistent with the question; \\
Option C, 920.6 without the decimal point is read as nine thousand two hundred six, the original decimal does not read out a zero, inconsistent with the question; \\
Option D, 9200.6 without the decimal point is read as ninety-two thousand six, inconsistent with the question. \\
Therefore, the answer is: AB.
[Analysis] Reading decimals: When reading decimals, the integer part is read following the rules for reading integers, the decimal point is read as ""point,"" and the decimal part is read from left to right in the order each digit appears. Answer accordingly."	others	primary	medium
