index	question	category	answer	knowledge	analysis	year	grade_level	difficulty_level
6002	It is known that 1/a = 0.0303..., 2/a = 0.0606..., 3/a = 0.0909..., 4/a = 0.1212..., following this pattern, 5/a = ___, 9/a = ___.	calculation	0.1515......; 0.2727......	Division with a decimal divisor###The pattern of the equation	[Answer] Solution: Given that 1 / a = 0.0303..., 2 / a = 0.0606..., 3 / a = 0.0909..., 4 / a = 0.1212..., following this pattern, 5 / a = 0.1515... and 0 / a = 0.2727.... Therefore, the answer is: 0.1515...; 0.2727.... [Analysis] The quotient is a multiple of 0.0303... based on the dividend, and the pattern determines the quotient.	2024	primary	hard
5365	A dripping faucet wastes 12kg of water every day. Based on this calculation, this faucet wasted \ul{　 　}kg of water in the first half of 2012.	calculation	2184	Understanding and Calculating Year, Month, Day	"Solution: 

2012 ÷ 4 = 503, so 2012 is a leap year, making February have 29 days.

31 × 2 + 29 = 62 + 29 = 91 (days)

30 × 2 + 31 = 60 + 31 = 91 (days)

91 + 91 = 182 (days)

12 × 182 = 2184 (kilograms).

Therefore, the answer is: 2184.

Analysis: The mass of water flowing from this tap in the first half of 2012 equals the average daily water flow mass multiplied by the number of days water flows; where the number of flow days is the sum of the days from January to June."	2022	primary	hard
6226	"Xiao Hong bought 4 erasers and 5 pencils for a total of 15 yuan. It is known that one eraser and one pencil together cost 3.3 yuan. Find out how much one eraser costs. The correct equation is (     )
A. 3.3 - 15 - 3.3 × 4 B. 15 - 3.3 × 4
C. 3.3 - (15 - 3.3 × 4) D. 15 ÷ 4 - 3.3"	calculation	C	The relationship and application of unit price, quantity, and total price	"[Answer] One eraser and one pencil cost 3.3 yuan in total, so 4 erasers and 4 pencils cost 3.3 × 4 = 13.2 yuan.  
3.3 - (15 - 3.3 × 4)  
= 3.3 - (15 - 13.2)  
= 3.3 - 1.8  
= 1.5 (yuan)  
Therefore the answer is: C  
[Analysis] By using 3.3 × 4, we can find the total cost of 4 erasers and 4 pencils. The 15 yuan is more than this amount by the cost of 1 pencil. Subtract the cost of 1 pencil from the cost of one eraser and one pencil to find the cost of one eraser."	others	primary	hard
8501	"Given: \(a=1 \times 2 + 2 \times 3 + 3 \times 4 + \ldots + 98 \times 99 + 99 \times 100\), \(b=1^2 + 2^2 + 3^2 + 4^2 + \ldots + 98^2 + 99^2\)

Find the difference \(a-b\)."	calculation	"Solution:  
\[ a = 1 \times (1+1) + 2 \times (2+1) + 3 \times (3+1) + \ldots + 98 \times (98+1) + 99 \times (99+1) \]  
\[ = 1^2 + 1 + 2^2 + 2 + 3^2 + 3 + \ldots + 98^2 + 98 + 99^2 + 99 \]  
\[ = 1^2 + 2^2 + 3^2 + \ldots + 99^2 + 1 + 2 + 3 + \ldots + 98 + 99 \]  
\[ a - b = 1 + 2 + 3 + \ldots + 98 + 99 \]  
\[ = (1+99) \times 99 \div 2 \]"	Gaussian summation###Simplification and Evaluation of Algebraic Expressions Containing Letters	[Analysis] This problem mainly tests the evaluation of expressions containing letters. The solution is based on finding the relationship between a and b. Transform the expression a = 1×2+2×3+3×4+...+98×99+99×100 into: 1²+2²+3²+...+99²+1+2+3+...+98+99. It can be found that: a = b + 1+2+3+...+98+99. To find the difference between a and b, substitute into the expression, and use the Gaussian summation formula: sum = (first term + last term) × number of terms ÷ 2 to solve.	others	primary	hard
8578	"Calculate the following problems, what do you discover?
3.6×4.2＝\ul{　 　} 2.3×9.6＝\ul{　 　}
6.3×2.4＝\ul{　 　} 3.2×6.9＝\ul{　 　 　}"	calculation	15.12; 22.08; 15.12; 22.08; Observation: Swapping the integer and fractional parts of the factors, the product remains unchanged.	Decimal multiplication of decimals	"[Solution] 3.6×4.2=15.12; 2.3×9.6=22.08; 6.3×2.4=15.12; 3.2×6.9=22.08
<Image>
Observation: Swapping the integer and decimal parts of the factors does not change the product.
Therefore, the answers are: 15.12; 22.08; 15.12; 22.08; swapping the integer and decimal parts of the factors does not change the product.
[Analysis] When multiplying decimals, first calculate the product as with integer multiplication, then count the total decimal places in the factors and place the decimal point in the product accordingly; then state your observation based on the characteristics of the factors and the product."	others	primary	hard
6972	"The following statements are correct: ( ) number.  
① In the square matrix performance, Kiki's position is represented by coordinates (12, 15), Miaomiao is in the same column as Kiki, her position is represented by coordinates (n, 15)  
② When Congcong was practicing shooting, he made the first 5 shots, so he will definitely make the 6th shot  
③ Tiantian has 200 yuan, calculating how many books priced at 26.5 yuan can be bought, 200 ÷ 26.5 ≈ 7.5, rounding up, 8 books can be bought  
④ Multiplying or dividing both sides of an equation by the same non-zero number keeps both sides equal  
A. 1 B. 2 C. 3 D. 4"	calculation	A	Pairs and positions###Linguistic description of the likelihood of the event occurring###Predict the likelihood of a simple event and explain the reasons.###Approximate value of the product###Properties of equations	"【Answer】  
① Miaomiao and Qiqi are in the same column, so Miaomiao's position should be represented as (12, n), thus ① is incorrect;  
② Practicing shooting is a possible event, so Congcong might score or miss on the 6th try, thus ② is incorrect;  
③ Tiantian can only purchase the integer part of the total number of books, thus she can only afford 7 books, making ③ incorrect;  
④ Multiplying or dividing both sides of an equation by the same non-zero number keeps the equality, so ④ is correct;  
Therefore, only one statement is correct,  
The answer is: A.  
【Analysis】  
① When representing as a coordinate pair, the column is written first, then the row, so Qiqi and Miaomiao being in the same column means the first number should be the same;  
② Shooting is a possible event, so Cong"	others	primary	hard
6072	A monkey's tail can not only maintain balance but also wrap around branches to function as a substitute for hands. A monkey uses its tail to completely wrap around a branch, wrapping 2 complete circles plus 1 decimeter, and 3 circles minus 10 centimeters. The length of this monkey's tail is \ul{　 　} decimeters.	calculation	5	Conversion and comparison between meters, decimeters, centimeters, and millimeters.	"Answer: 10 centimeters = 1 decimeter, 1+1 = 2 (decimeters), 2×2+1 = 5 (decimeters), so the length of the monkey's tail is 5 decimeters. Therefore, the answer is: 5.

Analysis: First, convert the units, i.e., 10 centimeters = 1 decimeter. The difference between the two situations is 1 loop, which is 1+1=2 (decimeters), so the length of 1 loop is 2 decimeters. Thus, the length of the monkey's tail = the length of 1 loop × 2 + the length wrapped more than 2 loops."	others	primary	hard
6225	"There is a pile of strawberries, more than 20 but less than 30, divided such that the number of portions equals the number in each portion. This pile of strawberries has (    ) strawberries.
A. 21 B. 28 C. 25"	calculation	C	Multiplication Table of 5 and Its Applications	Answer: A: 21 can be divided into 3 parts or 7 parts, the number of parts and the number of items in each part are different; B: 28 can be divided into 4 parts, 7 parts, 14 parts, or 2 parts, the number of parts and the number of items in each part are different; C: 25 can be divided into 5 parts, each with 5 items, the number of parts and the number of items in each part are the same. Therefore, the answer is C. Analysis: First, determine the number greater than 20 but less than 30. Among these numbers, only 5 × 5 = 25, meaning only 25 is the product of two identical factors.	2019	primary	hard
2842	"I can calculate.
6 + 7 = 12 - 7 = 7 + 8 = 14 - 8 =
9 + 6 = 16 - 8 = 5 + 6 = 12 - 8 =
9 + 5 = 13 - 7 = 11 - 4 = 14 - 6 =
18 - 4 = 11 - 6 = 12 + 5 = 15 - 6 =
12 + 6 = 15 - 7 = 7 + 13 = 19 - 8 ="	calculation	"6 + 7 = 13; 12 - 7 = 5; 7 + 8 = 15; 14 - 8 = 6;  
9 + 6 = 15; 16 - 8 = 8; 5 + 6 = 11; 12 - 8 = 4;  
9 + 5 = 14; 13 - 7 = 6; 11 - 4 = 7; 14 - 6 = 8;  
18 - 4 = 14; 11 - 6 = 5; 12 + 5 = 17; 15 - 6 = 9;  
12 + 6 = 18; 15 - 7 = 8; 7 + 13 = 20; 19 - 8 = 11."	Addition within 20 without carrying###Subtraction within 20 without regrouping###Addition with carrying for 9 plus a number###Addition with carrying for 8, 7, and 6.###Subtraction with borrowing for numbers 10 and above minus 8, 7, and 6.###Subtraction with regrouping for subtracting 5, 4, 3, 2 from a number in the teens.	[Analysis] Answer based on addition and subtraction within 20.	2019	primary	medium
5444	Combine two cuboids each with dimensions of length 6cm, width 3cm, and height 2cm to form the largest possible cuboid. The volume of this cuboid is \ul{ 72 }cm\textsuperscript{3}, and the surface area is \ul{ 88 }cm\textsuperscript{2}.	calculation	72; 132	Surface area of a rectangular prism###The volume of a rectangular prism	"[Solution] Combine two cuboids each with dimensions 6 cm length, 3 cm width, and 2 cm height to form the largest possible cuboid, the volume of which is 6×3×2×2=72 cm³. The combined surface area of the two cuboids is: (6×2+6×3+3×2)×2×2=144 square centimeters. The maximum surface area when combined is: 144-2×3×2=132 square centimeters. Therefore, the answer is: 72; 132.

[Analysis] Based on the question, the volume of the largest cuboid formed from two smaller cuboids is the sum of the volumes of the two cuboids, calculated as above. The requirement for forming the maximum possible surface area means minimizing the reduction by combining two faces, thus forming the solution according to this calculation. 

Section IV: Calculation Questions."	2021	primary	hard
6155	"Calculate using a simplified method.  
0.68 + 0.69 + 0.70 + 0.71 + 0.72 + 0.73 + 0.74"	calculation	"Solution: 0.68 + 0.69 + 0.70 + 0.71 + 0.72 + 0.73 + 0.74  
= 0.71 × 7  
= 4.97"	Addition and subtraction of multi-digit decimals	[Analysis] There are a total of 7 addends, and among these addends, 0.71 is their average. Multiplying 0.71 by 7 can quickly calculate the result.	others	primary	hard
7033	"The teacher wrote ""1234567.9"" on the blackboard and asked the students, ""Which number do you like?"" Wang Gang said, ""I like the number 2."" The teacher said, ""Please multiply 1234567.9 by 18 and see what the result is."" Wang Gang calculated the result as 1234567.9×18=22222222.2.

Liu Li said, ""I like the number 3."" The teacher said, ""Please multiply 1234567.9 by 27 and see what the result is."" Liu Li calculated the result as 1234567.9×27=33333333.3.

Zhang Hua said, ""I like the number 8."" The teacher said, ""Please multiply 1234567.9 by 72 and see what the result is."" Zhang Hua calculated the result as 1234567.9×72=88888888.8.

The teacher continued,"	calculation	"Solution:  
1234567.9 × 9 = 11111111.1  
1234567.9 × 18 = 22222222.2  
1234567.9 × 27 = 33333333.3  
1234567.9 × 36 = 44444444.4  
1234567.9 × 45 = 55555555.5  
1234567.9 × 54 = 66666666.6  
1234567.9 × 63 = 77777777.7  
1234567.9 × 72 = 88888888.8  
1234567.9 × 81 = 99999999.9"	Decimal multiplication of a decimal by an integer	Analysis: The second factor is a multiple of 9, making the result of multiplying 1234567.9 by 1 times 9 crucial. Why does 1234567.9×18 equal 22222222.2? And why does multiplying by 27 result in 33333333.3? Upon comparison, it is found that 18 and 27 are 2 times and 3 times of 9, respectively. Therefore, the pattern in this set of equations is related to multiples of 9, meaning that the multiple of 9 determines the digit. Thus, the result of this set of equations can be easily obtained.	others	primary	hard
5381	Qiqi and Congcong are sharing a box of candies. Qiqi evenly divides the candies into 2 parts and takes one part. Congcong then evenly divides the remaining candies into 3 parts and takes one part. At this point, 24 candies remain. Originally, the box contained \_\_.	calculation	72	Two-digit multiplication by a one-digit number without carrying###Two-digit multiplication by a one-digit number with carrying.###Division of a two-digit number by a one-digit number###Mixed operations of the four basic arithmetic operations within 100	"Solution:  
24 ÷ 2 = 12 (pieces)  
12 × 3 = 36 (pieces)  
36 × 2 = 72 (pieces).  
Therefore, the answer is: 72.  
Analysis: The original number of pieces in the box = the final remaining pieces ÷ 2 × the number of average portions × 2."	others	primary	hard
8798	"Calculate and compare.
8 ÷ 4 = \(\frac{1}{2} \div 8 =\) \(\frac{1}{2} \div \frac{3}{4} =\)
4 ÷ 8 = \(8 \div \frac{1}{2} =\) \(\frac{3}{4} \div \frac{1}{2} =\)

(2) I found: the quotient of a ÷ b is equal to the quotient of b ÷ a multiplied by \_\_\_\_.

(3) Use your discovery to cleverly calculate: \(\frac{1}{60} \div \left( \frac{4}{5} - \frac{2}{3} + \frac{3}{20} \right)\)."	calculation	"(1) 8 ÷ 4 = 2  
\(\frac{1}{2} \div 8 = \frac{1}{16}\)  
\(\frac{1}{2} \div \frac{3}{4} = \frac{2}{3}\)  
4 ÷ 8 = \(\frac{1}{2}\)  
\(8 \div \frac{1}{2} = 16\)  
\(\frac{3}{4} \div \frac{1}{2} = \frac{3}{2}\)  

(2) Reciprocals  

(3) Solution:  
\(\left( \frac{4}{5} - \frac{2}{3} + \frac{3}{20} \right) \div \frac{1}{60}\)  
\(= \left( \frac{4}{5} - \frac{2}{3} + \frac"	Division by fractions where the divisor is a whole number.###Division of fractions by fractions###The pattern of the equation	"Solution: (2) The quotient of a ÷ b is equal to the reciprocal of the quotient of b ÷ a. \\
Therefore, the answer is: (2) Reciprocal. \\
Analysis: (1) Directly calculate the result using the method of fraction division; \\
(2) The quotient of a ÷ b is equal to the reciprocal of the quotient of b ÷ a (where neither a nor b is 0); \\
(3) First switch the positions of the dividend and the divisor, and use the distributive property of multiplication to calculate the result is 17, then the result of the original expression equals the reciprocal of this result."	others	primary	hard
6504	Calculate: \(2.00\overset{\bullet}{4} \times 2.\overset{\bullet}{0}0\overset{\bullet}{8}\) (express the result as a simplified fraction)	calculation	"Solution: The original expression = \(2\frac{4}{900} \times 2\frac{8}{999}\)  
= \(\frac{1804}{900} \times \frac{2006}{999}\)  
= \(\frac{3618824}{899100}\)  
= \(\frac{904706}{224775}\)  
= \(4\frac{5606}{224775}\)"	Understanding repeating decimals###Conversion between fractions and decimals	[Analysis] \(0.\underbrace{0\ldots 0}_{n \text{ zeros}}\overset{.}{a} = \frac{a}{\underbrace{9\ldots 0}_{n - 1 \text{ zeros}}}\), so when calculating this problem, first express each addend in the form of a fraction, and then perform the calculation.	2022	primary	hard
6286	Calculate: \(\frac{1}{2007} + \frac{2}{2007} - \frac{3}{2007} - \frac{4}{2007} + \frac{5}{2007} + \frac{6}{2007} - \frac{7}{2007} - \frac{8}{2007} + \frac{9}{2007} + \frac{10}{2007} - \cdots - \frac{2003}{2007} - \frac{2004}{2007} + \frac{2005}{2007} + \frac{2006}{2007}\)	calculation	\(\frac{1}{2007} + \frac{2}{2007} - \frac{3}{2007} - \frac{4}{2007} + \frac{5}{2007} + \frac{6}{2007} - \frac{7}{2007} - \frac{8}{2007} + \frac{9}{2007} + \frac{10}{2007} - \cdots - \frac{2003}{2007} - \frac{2004}{2007} + \frac{2005}{2007} + \frac{2006}{2007}\)=\(\frac{1}{2007} + \left( \frac{2}{2007} - \frac{3}{2007}\left. \  - \frac{4}{2007} + \frac{5}{2007} \right) + \left( \frac{6}{200	Clever Calculations of Fractions###Addition and subtraction of fractions with the same denominator###The pattern of the equation	nan	others	primary	hard
1292	In 2023, our country granted a total of 921,000 invention patents, including 2.09 million utility model patents. To visually see the number of different types of patents, a \_\_\_ statistical chart should be used, and to know the percentage of different types of patents relative to the total number of patents, a \_\_\_ statistical chart should be used.	calculation	Bar; Fan-shaped	Characteristics and Drawing of Simple Bar Graphs###Characteristics and Drawing of Pie Charts	Answer: Explanation: 1. A bar chart clearly displays the comparison of quantities of various patents, with the length of the bars intuitively reflecting the quantity, making it easy to quickly compare the differences between different patent types. 2. A pie chart intuitively shows the proportion of each segment within the whole by the size of the sections, facilitating the observation of the share of different types of patents in the total number of patents. Therefore, the answer is: Bar; Pie. Analysis: To answer this question, one must first understand the characteristics and applicable scenarios of different types of statistical charts. Bar charts excel in displaying comparisons of different categories of data, while pie charts (or circle charts) are suitable for showing the proportion of parts within a whole.	others	primary	medium
5793	A fraction's denominator is increased to 5 times its original size, and the numerator is reduced to \(\frac{1}{3}\) of its original size, resulting in \(\frac{2}{25}\). The original fraction was \ul{　 　}.	calculation	\(\frac{6}{5}\)	The Fundamental Properties of Fractions	"[Answer] After the denominator of a fraction is enlarged to 5 times its original, it becomes 25, so the original denominator is 25 ÷ 5 = 5. When the numerator is reduced to \(\frac{1}{3}\) of the original, it becomes 2, so the original numerator is 2 x 3 = 6. Therefore, the original fraction is \(\frac{6}{5}\). Thus, the answer is: \(\frac{6}{5}\).

[Analysis] When given a processed fraction and asked to find the original, first determine the multiples by which the numerator and denominator are enlarged or reduced. Then, reduce or enlarge the numerator and denominator by the corresponding multiples. The result is the original fraction sought!"	2022	primary	hard
6660	□21÷3, if the quotient is a three-digit number, the smallest digit that can be filled in □ is \ul{ }, if the quotient is a two-digit number, the largest digit that can be filled in □ is \ul{ }, if the quotient has 0 in the middle, □ can be filled with \ul{ }.	calculation	3; 2; 3, 6 or 9	Three-digit number divided by a one-digit number, resulting in a three-digit quotient division.###Three-digit number divided by a single-digit number, resulting in a quotient that contains 0.###Three-digit number divided by a single-digit number, resulting in a two-digit quotient.	"Solution: □21÷3, if the quotient is a three-digit number, the hundreds digit of the dividend must be greater than or equal to the divisor 3, so the smallest number for □ is 3; if the quotient is a two-digit number, the hundreds digit of the dividend must be less than the divisor 3, so the largest number for □ is 2; if the quotient has a middle zero, then:  
321÷3=107,  
621÷3=207,  
921÷3=307,  
□ can be 3, 6, or 9.  
Therefore, the answers are: 3; 2; 3, 6, or 9.  
Analysis: When a three-digit number is divided by a single-digit number, if the hundreds digit of the dividend is greater than or equal to the divisor, the quotient is a three-digit number. If the hundreds digit of the dividend is less than the divisor, the"	2020	primary	hard
3515	Fold the rectangular paper once, then fold it again, open it, each part is \(\frac{1}{4}\) of the paper. A. \(\frac{1}{2}\) B. \(\frac{1}{4}\) C. \(\frac{1}{8}\)	calculation	B	Understanding and Reading/Writing Fractions with a Numerator of 1	Solution: 2×2=4, each part is \(\frac{1}{4}\) of the paper. Therefore, the answer is: B. Analysis: Folding the rectangular piece of paper several times means dividing the rectangle into several (2 multiplied) parts; dividing the rectangular piece of paper into several parts means each part is \(\frac{1}{number}\) of the rectangle.	2023	primary	medium
5872	"Simplified Calculation (Fractions, fill the numerator first, then the denominator)
\(\begin{array}{r}
(1 + \frac{1}{1999} + \frac{1}{2000} + \frac{1}{2001}) \times (\frac{1}{1999} + \frac{1}{2000} + \frac{1}{2001} + \frac{1}{2002}) - \\
(1 + \frac{1}{1999} + \frac{1}{2000} + \frac{1}{2001} + \frac{1}{2002}) \times (\frac{1}{1999} + \frac{1}{2000} + \frac{1}{2001})
\end{array}\)"	calculation	"Solution: Let \(1 + \frac{1}{1999} + \frac{1}{2000} + \frac{1}{2001} = a\) and \(\frac{1}{1999} + \frac{1}{2000} + \frac{1}{2001} = b\). 

The original expression equals \(a \times (b + \frac{1}{2002}) - (a - \frac{1}{2002}) \times b = a \times \frac{1}{2002} - \frac{1}{2002} \times b = (a - b) \times \frac{1}{2002} = \frac{1}{2002}\)."	Mixed operations of fraction multiplication and fraction addition and subtraction	[Analysis] You can represent the identical parts in the equation with letters, then use the distributive property of multiplication to transform the equation. During the transformation, pay attention to changes in operators. Finally, substitute the letters back into expressions to find the calculation result.	others	primary	hard
7922	Calculate 195 + 196 + 197 + 198 + 199.	calculation	"Solution: 195 + 196 + 197 + 198 + 199  
= (200 - 5) + (200 - 4) + (200 - 3) + (200 - 2) + (200 - 1)  
= 200 × 5 - (5 + 4 + 3 + 2 + 1)  
= 1000 - 15  
= 985"	Continuous addition operations within 1000	"[Solution] These numbers are all close to 200, so calculating them as 200 will be very convenient. 

These consecutive natural numbers are close to 200. During calculation, treat them as 200, then adjust by adding and subtracting the difference for each. 

Consider 195 as 200, add 5 then subtract 5. Consider 196 as 200, add 4 then subtract 4. Consider 197 as 200, add 3 then subtract 3. Consider 198 as 200, add 2 then subtract 2. Consider 199 as 200, add 1 then subtract 1."	others	primary	hard
1215	When a worker is laying bricks, a reference line needs to be secured to check if the bricks are aligned in a straight line. He needs at least \ul{ } nails to secure this reference line at both ends of the wall.	calculation	2	Understanding and Representation of Line Segments###Understanding and Representation of a Straight Line	[Answer] If there is only one nail, the reference line cannot be fixed; if there are two nails, the reference line can be determined. Therefore, at least two nails are needed. Thus, the answer is: 2. [Analysis] Through one point, there are countless lines, but through two points, there is only one line. Therefore, at least two points, or two nails, are required to fix and determine a line.	others	primary	medium
6154	Using the digits 0, 5, and 8 to form a three-digit number, what is the difference between the largest three-digit number and the smallest three-digit number?	calculation	The largest three-digit number formed is 850, the smallest three-digit number is 508, 850-508=342.	Permutation and combination###Subtraction with Borrowing for Numbers Within Ten Thousand	nan	others	primary	hard
6005	"There is a book with a total of 900 pages, with page numbers 1, 2, 3... How many times does the digit ""0"" appear in the page numbers?"	calculation	171	Patterns in sequences	"Solution: 

1. When only the last digit is 0, it includes the ranges 10-90, 110-190, 210-290, 310-390, 410-490, 510-590, 610-690, 710-790, and 810-890, totaling 81 zeros.

2. When both last digits are 0, it includes 100, 200, 300, 400, 500, 600, 700, 800, and 900, totaling 18 zeros.

3. When the zero is in the middle, it includes 101-109, 201-209, 301-309, 401-409, 501-509, 601-609, 701-709, and 801-809, totaling 72 zeros.

In total, there are 81 + 18 + 72 = 171 zeros.

Therefore, the answer is: 171

Analysis"	2023	primary	hard
7037	"Add appropriate parentheses to the following equations to make them valid:
① 1+3×5+7×9+11×13+15=401
② 15-13×11-9×7-5×3-1=8"	calculation	"①{[(1+3)×5+7]}×9+11×13+15=401
②{[(15-13)×11-9×(7-5)]}×(3-1)=8"	Fill in the symbols in the equation	[Analysis] ① First calculate 11×13=143, then 143+15=158. Even if the previous equation equals 243, 243÷9=27. Therefore, adding parentheses around 1+3×5+7 to make it 27 results in 4×5+7=27, determining the positions of the parentheses. ② You can enclose the latter part 3-1, based on the equation, 4×2=8. To make the result of the preceding equation 4, enclose the entire previous equation with { } brackets, based on 22-18=4, to determine the position of the parentheses.	others	primary	hard
6813	"Calculate \(4 + 6 + 8 + 10 + \cdots\cdots + 34 + 36\).
(2) The simplest proper fractions with the prime number 71 as the denominator are \(\frac{1}{71}\), \(\frac{2}{71}\), \(\frac{3}{71}\), \ldots\ldots, \(\frac{69}{71}\), \(\frac{70}{71}\). Find the sum of these numbers.
(3) Calculate: \(1\frac{5}{13} + 3\frac{6}{13} + 5\frac{7}{13} + 7\frac{8}{13} + 9\frac{9}{13} + 11\frac{10}{13} + 13\frac{11}{13}\)."	calculation	"(1) Solution: Number of terms = (36-4) ÷ 2 + 1  
= 32 ÷ 2 + 1  
= 16 + 1  
= 17;  
Sum = (4 + 36) × 17 ÷ 2  
= 40 × 17 ÷ 2  
= 680 ÷ 2  
= 340

(2) Solution: Method 1: Arranging the numerators of this sequence from left to right gives 1, 2, 3, 4...69, 70.  
It's an arithmetic sequence with the first term 1, the last term 70, and the number of terms 70. We can use the arithmetic sequence sum formula ""Sum = (first term + last term) × number of terms ÷ 2"" to find the sum of the numerators, and then find the sum of the simplest proper fractions with 71 as the"	Arithmetic sequence###Clever Calculation of Fraction Sums###The pattern of the equation	"[Analysis] Let the first term be \(a_1\), the last term be \(a_n\), the number of terms be \(n\), and the common difference be \(d\). Then \(a_n = a_1 + (n-1)d\), and the sum of the first \(n\) terms is \(S_n\), which can be calculated as \(S_n = (a_1 + a_n) \times n \div 2\) or \(S_n = n \cdot a_1 + n(n-1)d \div 2\). This problem is solved based on these formulations.

For the addition of mixed numbers, we first calculate the integer part and then the fractional part. Upon careful observation, we find that both parts can be calculated using the formula for the sum of an arithmetic sequence."	2022	primary	hard
6512	"Calculate using simplified methods:
(1) \((\frac{2}{29} + \frac{3}{23}) \times 29 \times 23\)
(2) \(\frac{6}{7} \times [\frac{2}{3} - (\frac{2}{12} - \frac{1}{3})]\)
(3) \(\frac{333 \times 777 - 222 \times 666}{555 \times 999}\)
(4) \(\frac{1}{3} + \frac{1}{15} + \frac{1}{35} + \frac{1}{63} + \frac{1}{99} + \frac{1}{143}\)"	calculation	"(1) Solution: \(\left( \frac{2}{29} + \frac{3}{23} \right) \times 29 \times 23\)\\
= \(\frac{2}{29}\)×29×23 + \(\frac{3}{23}\)×29×23\\
= 46 + 87\\
= 133

(2) Solution: \(\frac{6}{7} \times \left\lbrack \frac{2}{3} - \left( \frac{2}{12} - \frac{1}{3} \right) \right\rbrack\)\\
= \(\frac{6}{7} \times \left\lbrack \frac{2}{3} - \frac{2}{12} + \frac{1}{3} \right\rbrack\)\\
= \(\frac{6}{7} \times"	Mixed operations and applications of fractions	[Analysis] (1) Use the distributive law of multiplication for calculation; (2) Remove the parentheses within the brackets and then calculate according to the order of operations; (3) 333×777 = 111×111×3×7, split each multiplication in the formula like this, and then you can simplify the calculation through cancellation; (4) Break down each number into the difference of two fractions with numerators of 1 for easier calculation.	2013	primary	hard
8800	Simplify: 9.2 / (4.6 * 4)	calculation	Solution: The original expression = 9.2 / 4.6 / 4 = 0.5	Mixed operations of decimals	nan	others	primary	hard
6298	"The correct expression for the difference of 140 minus 80 divided by the product of 20 and 18 is (     )
A. (140 - 80) ÷ (20 × 18) B. 20 × 18 ÷ (140 - 80)
C. (140 - 80) ÷ 20 × 18 D. 140 - 80 ÷ 20 × 18"	calculation	B	Order of operations with parentheses###Mixed operations of addition, subtraction, multiplication, and division within 1000.	Based on the problem statement, the product of 20 and 18 is the dividend, and the difference between 140 and 80 is the divisor.	others	primary	hard
2610	"Estimation.
1.52×0.88≈ 798+403≈ 631÷69≈ 5.03×2.4≈
62.9÷9≈ 7.3×29≈ 24.8×19≈ 604−407≈
\(\frac{198}{199}\) ×18≈ 2403÷62≈ 42.3÷7≈ \(\frac{63}{8}\) × \(\frac{26}{5}\) ≈"	calculation	"1.52×0.88≈2  
798+403≈1200  
631÷69≈9  
5.03×2.4≈10  
62.9÷9≈7  
7.3×29≈210  
24.8×19≈500  
604−407≈200  
\(\frac{198}{199}\) ×18≈18  
2403÷62≈40  
42.3÷7≈6  
\(\frac{63}{8}\) × \(\frac{26}{5}\)≈40"	Estimating with a two-digit divisor	"[Solution] Explanation: 1.52×0.88≈2×1=2; 798+403≈800+400=1200; 631÷69≈630÷70=9; 5.03×2.4≈5×2=10;  
62.9÷9≈63÷9=7; 7.3×29≈7×30=210;  
24.8×19≈25×20=500; 604−407≈600−400=200;  
(198/199) ×18≈1×18=18 2403÷62≈2400÷60=40;  
42.3÷7≈42÷7=6; (63/8) × (26/5) ≈8×5=40.  
[Analysis] When estimating addition and subtraction, generally use the rounding method to convert the numbers in the question into integers or tens, hundreds for calculation.  
When"	others	primary	medium
6506	Calculate \(\frac{1}{2 + \frac{1}{3 + \frac{1}{4 + \frac{1}{\cdots + \frac{1}{2009}}}}} + \frac{1}{1 + \frac{1}{1 + \frac{1}{3 + \frac{1}{4 + \frac{1}{\cdots + \frac{1}{2009}}}}}}\).	calculation	"Solution: Let \(N = 3 + \frac{1}{4 + \frac{1}{\cdots + \frac{1}{2009}}}\).  
The original expression is \(\frac{1}{2 + \frac{1}{N}}\) + \(\frac{1}{1 + \frac{1}{1 + \frac{1}{N}}}\)  
= \(\frac{1}{\frac{2N + 1}{N}}\) + \(\frac{1}{1 + \frac{N}{N + 1}}\)  
= \(\frac{N}{2N + 1} + \frac{N + 1}{2N + 1}\)  
= 1"	Substitution problem###Addition and subtraction of fractions with different denominators	[Analysis] This problem can be solved using the substitution method, i.e., let \( N = 3+\frac{1}{4 + \frac{1}{\cdots + \frac{1}{2009}}} \), and then simplify the original expression to eventually obtain the final result.	2022	primary	hard
6730	"Solve the following equations, with verification where required:
(1) \( x \div 1.1 = 17 \)
(2) \( 12 + x = 23 \)
(3) \( 3x = 12.6 \) (verification required)
(4) \( 51 \div x = 17 \) (verification required)"	calculation	"(1)  
x ÷ 1.1 = 17  
x ÷ 1.1 × 1.1 = 17 × 1.1  
x = 18.7  

(2)  
12 + x = 23  
12 + x - 12 = 23 - 12  
x = 11  

(3)  
3x = 12.6  
3x ÷ 3 = 12.6 ÷ 3  
x = 4.2  

Verification: Left side = 3 × 4.2 = 12.6, Right side = 12.6  
Left side = Right side  
Therefore, x = 4.2 is the solution of the equation  

(4)  
51 ÷ x = 17  
51 ÷ x × x = 17 × x  
51 = 17x  
17x = 51  
x = 51 ÷ 17  
x"	Use the properties of equality to solve equations.###Apply the properties of equality to solve equations.	[Analysis] Property of equality 1: If the same number or expression is added or subtracted on both sides of an equation, both sides remain equal. If a = b, then a + c = b + c or a - c = b - c. Property of equality 2: If both sides of an equation are multiplied or divided by the same non-zero number or expression, both sides remain equal. If a = b, then a · c = b · c or a ÷ c = b ÷ c (a, b ≠ 0 or a = b, c ≠ 0).	others	primary	hard
8803	Calculate \(\frac{1^{3} + 2^{3} + 3^{3} + \ldots + 21^{3}}{3^{3} + 6^{3} + 9^{3} + \ldots + 63^{3}}\)	calculation	"Solution:  
\(\frac{1_{}^{3} + 2_{}^{3} + 3_{}^{3} + ... + 21_{}^{3}}{3_{}^{3} + 6_{}^{3} + 9_{}^{3} + ... + 63_{}^{3}}\)  
=\(\frac{(1 + 2 + 3 + \cdots + 21)^{2}}{3^{3}(1 + 2 + 3 + \cdots + 21)^{2}}\)  
\(= \frac{1}{3^{3}}\)  
=\(\frac{1}{27}\)"	Arithmetic sequence###Improper fraction	"[Analysis] First, observe the numerator and denominator in the problem, and find they are both in the form of sums of cubes. The numerator is the sum of cubes of the first 21 natural numbers, and the denominator is the sum of cubes of multiples of 3 in an arithmetic sequence. To simplify the calculation, the properties of sums of cubes can be used.

Simplifying the numerator: The numerator is the sum of cubes of the first 21 natural numbers, which can be simplified based on the properties of sums of cubes to: \((1 + 2 + 3 + \cdots + 21)^{2}\).

Simplifying the denominator: The denominator is the sum of cubes of multiples of 3, which can be simplified to: \(3^{3}(1^{3} + 2^{3} + 3^{3} + \cdots + 21^{3})\).

Since the cube sum portion in the denominator is the same as the"	2022	primary	hard
8590	"Follow the example to do simplified calculations.

49+48
=49+1+47
=(49+1)+47
=50+47
=97

37+46
=37+3+43
=(37+3)+43
=40+43
=83

59+37
=59+1+36
=(59+1)+36
=60+36
=96"	calculation	"(1) Solution: 49 + 48 = 49 + 1 + 47 = 50 + 47 = 97  
(2) Solution: 37 + 46 = 37 + 3 + 43 = 40 + 43 = 83  
(3) Solution: 59 + 37 = 59 + 1 + 36 = 60 + 36 = 96"	Clever Calculations in Addition and Subtraction###Associative property of integer addition	[Analysis] To find how much a number needs to reach a multiple of ten, extract the missing amount from the other addend, and then calculate based on the associative property of addition.	others	primary	hard
6296	"Calculate.  
\(\frac{2007}{2007 \frac{2007}{2008} + \frac{1}{2009}}\)"	calculation	Solution: The original expression = \(2007 \times \frac{2008}{2007 \times 2008 + 2007} + \frac{1}{2009} = \frac{2008}{2009} + \frac{1}{2009} = 1\).	Mixed operations of fraction multiplication and division###Rules of Fraction Multiplication	[Analysis] Observe the characteristics of numbers and operators. Convert mixed numbers into improper fractions for calculation, then change division into multiplication, simplify the fractions, and then compute the multiplication before finally performing the addition.	others	primary	hard
6082	"To calculate 12.6×4.6+126×0.44+12.6 using a simplified method should be (   )
A. 12.6×(4.6+0.44+1)
B. 12.6×(4.6+4.4+1)
C. 12.6×(4.6+4.4)"	calculation	B	The laws of multiplication for decimals	"Solution:  
12.6 × 4.6 + 126 × 0.44 + 12.6  
= 12.6 × 4.6 + 12.6 × 4.4 + 12.6  
= 12.6 × (4.6 + 4.4 + 1)  
Thus, the answer is: B  

Analysis:  
This problem involves a mixture of multiplication and addition, following the distributive property of multiplication. By transforming 126 × 0.44 into 12.6 × 4.4, and considering the third term 12.6 as 12.6 × 1, there's a common factor of 12.6 in this equation. This common factor 12.6 is factored out of the parentheses, and the remaining numbers are added together.  

Distributive property algebraic expression:  
a × c + b × c = (a + b) × c."	2023	primary	hard
294	Since January 1, 2006, the personal income tax standard changed from 800 yuan to 1600 yuan, meaning that the portion of the salary exceeding 1600 yuan is taxed at 20%. Mr. Li's monthly salary is 1800 yuan, so the tax Mr. Li should pay each month is 40 yuan.	calculation	40	Application of Percentages--Tax Rate	"Solution: \(1800 - 1600 = 200\) (yuan),  
\(200 \times 20\% = 40\) (yuan),  
Therefore, the answer is: 40.  

Analysis: The key to solving this problem is to find the taxable portion and then calculate the tax Mr. Li should pay each month based on the tax rate. The portion of the salary exceeding 1600 yuan is taxed at 20%. First, subtract 1600 yuan from the total salary to find the taxable portion, then multiply by 20% to calculate the monthly tax Mr. Li should pay."	2024	primary	medium
296	There is a sequence of numbers: \(\frac{1}{1}\), \(\frac{1}{2}\), \(\frac{2}{2}\), \(\frac{1}{2}\), \(\frac{1}{3}\), \(\frac{2}{3}\), \(\frac{3}{3}\), \(\frac{2}{3}\), \(\frac{1}{3}\), \(\frac{1}{4}\), \(\frac{2}{4}\), \(\frac{3}{4}\), \(\frac{4}{4}\), \(\frac{3}{4}\), \(\frac{2}{4}\), \(\frac{1}{4}\), \ldots From left to right, the \underline{\ \ \ }th number is \(\frac{9}{9}\), and what is the position of \(\frac{5}{14}\) in this sequence?	calculation	"Solution:

(1) The number of digits before \(\frac{9}{9}\):
1+3+5+7+9+11+13+15=64
64+9=73 (total);
\(\frac{9}{9}\) is the 73rd number.

(2) 1+3+5+7+9+...+25
= \(\frac{(1 + 25) \times 13}{2}\)
= 169
169+5=174.

Answer: \(\frac{5}{14}\) is the 174th number in this sequence.
So the answer is: 73."	Digital String Problem	[Analysis] (1) Observation reveals that there is 1 fraction with a denominator of 1, with a numerator of 1; there are 3 fractions with a denominator of 2, with numerators of 1, 2, 1; there are 5 fractions with a denominator of 3, with numerators of 1, 2, 3, 2, 1; there are 7 fractions with a denominator of 4, with numerators of 1, 2, 3, 4, 3, 2, 1. The number of fractions increases as consecutive odd numbers. \(\frac{9}{9}\) is the 9th fraction with a denominator of 9, so we only need to find the total number of fractions from denominators of 1 to 8, then add 9. (2) The denominator of \(\frac{5}{14}\) is 14, so we	others	primary	medium
8589	"Use appropriate methods to calculate.
(1) 0.1 + 0.2 + 0.3 + ... + 0.7 + 0.8 + 0.9
(2) 0.9 + 9.9 + 99.9 + 999.9"	calculation	"(1) 0.1 + 0.2 + 0.3 + ... + 0.7 + 0.8 + 0.9  
= (0.1 + 0.9) + (0.2 + 0.8) + (0.3 + 0.7) + (0.4 + 0.6) + 0.5  
= 1 + 1 + 1 + 1 + 0.5  
= 2 + 1 + 1 + 0.5  
= 3 + 1 + 0.5  
= 4 + 0.5  
= 4.5  

(2) 0.9 + 9.9 + 99.9 + 999.9  
= (1 - 0.1) + (10 - 0.1) + (100 - 0.1) + (1000 -"	Decimal addition law	[Analysis] (1), (2) Use the commutative law and associative law of addition for simplified calculations.	others	primary	hard
361	A total of 64 fifth-grade students participated in the opening ceremony of the sports meet, forming a square formation. The outermost layer of this square formation consists of \ul{ } students.	calculation	28	Solid square matrix problem	"Solution: 64 = 8 × 8  
(8 - 1) × 4  
= 7 × 4  
= 28 (students).  
Therefore, the answer is: 28.  
Analysis: The number of students in the outermost layer of this square array = (number of people on each side - 1) × 4."	others	primary	medium
6359	"Calculate, and simplify the calculations where possible.

①\(\frac{15}{8} - (\frac{4}{5} + \frac{7}{8})\)

②\(\frac{5}{6} - \frac{3}{4} + \frac{1}{6}\)

③\(3 - \frac{3}{8} - \frac{5}{8}\)

④\(\frac{5}{8} + \frac{2}{3} - \frac{5}{8} + \frac{2}{3}\)

⑤\(\frac{1}{2} + \frac{1}{4} + \frac{1}{8} + \frac{1}{16} + \frac{1}{32} + \frac{1}{64} + \frac{1}{128}\)"	calculation	"① \(\frac{15}{8}\) - (\(\frac{4}{5}\) + \(\frac{7}{8}\)) = \(\frac{15}{8}\) - \(\frac{7}{8}\) - \(\frac{4}{5}\) = 1 - \(\frac{4}{5}\) = \(\frac{1}{5}\)

② \(\frac{5}{6}\) - \(\frac{3}{4}\) + \(\frac{1}{6}\) = \(\frac{5}{6}\) + \(\frac{1}{6}\) - \(\frac{3}{4}\) = 1 - \(\frac{3}{4}\) = \(\frac{1}{4}\)

③ 3 - \(\frac{3}{8}\) - \(\frac{5}{8}\) = 3 - (\(\frac{3}{8"	Clever Calculations of Fractions###Mixed Operations of Fraction Addition and Subtraction and Applications###Simplified operations of subtraction.	[Analysis] ① Observing the data, it is evident that the nature of subtraction is applied here: subtracting the sum of two numbers from a number equals consecutively subtracting these two numbers, which simplifies the calculation; ② Observing the data, since the equation contains only addition and subtraction, you can rearrange their order based on data characteristics to simplify the calculation; ③ Observing the data, it is clear that the nature of subtraction is applied here: consecutively subtracting two numbers from a number equals subtracting their sum, which simplifies the calculation; ④ Observing the data, since the equation contains only addition and subtraction, you can rearrange their order based on data characteristics to simplify the calculation; ⑤ Observing the data, all the numerators in the fractions are 1, and the denominator of the previous fraction ×2 equals the denominator of the next fraction. By converting each fraction into the difference of two numbers and then removing the parentheses, the calculation	2020	primary	hard
5935	3.17 + 7.48 - 2.38 + 0.53 - 3.48 - 1.62 + 5.3	calculation	"Solution: 3.17 + 7.48 - 2.38 + 0.53 - 3.48 - 1.62 + 5.3  
= (3.17 + 0.53) + (7.48 - 3.48) - (2.38 + 1.62) + 5.3  
= 3.7 + 4 - 4 + 5.3  
= 9"	Clever Calculation of Decimals###Decimal addition and subtraction mixed operations	[Analysis] Apply the commutative property of addition and the properties of subtraction for computation, with the idea of rounding numbers for easier calculations.	2022	primary	hard
6737	Calculate: 99.6 + 99.7 + 99.8 + 99.9 + 100.8 + 100.7 + 100.6.	calculation	Solution: The original expression = 100×7 - 0.4 - 0.3 - 0.2 - 0.1 + 0.8 + 0.7 + 0.6 = 700 + 1.1 = 701.1.	Addition and subtraction of decimals	"[Analysis] Solving this decimal addition problem directly involves a large amount of calculation and can easily lead to errors. Upon analysis, it was found that these numbers are close to 100, so using 100 as the ""base number,"" add what is less and subtract what is more, simplifying the calculation."	others	primary	hard
8515	"(1) \(\frac{9}{15}\)+\(\frac{0.7}{19}\)×11.52-0.213×\(\frac{14}{19}\)+\(\frac{14}{190}\)×6.37
(2) \(\frac{1 - \frac{1 + \frac{1}{2}(1 - x)}{3}}{4} = 1\)
(3) 3.672÷0.08÷\(\frac{2}{13}\)+\(3\frac{17}{50}\)×3.95÷0.1-\(33\frac{2}{5}\)÷\(2\frac{2}{9}\)
(4) \(1\frac{1}{9}\)÷{[}\(32\frac{2}{5}\)−(32.4−\(\frac{1"	calculation	"(1) Solution:  
\(\frac{9}{15}\) + \(\frac{0.7}{19}\) × 11.52 - 0.213 × \(\frac{14}{19}\) + \(\frac{14}{190}\) × 6.37  
= \(\frac{3}{5}\) + \(\frac{14}{19}\) × 0.576 - 0.213 × \(\frac{14}{19}\) + \(\frac{14}{19}\) × 0.637  
= \(\frac{3}{5}\) + \(\frac{14}{19}\) × (0.576 - 0.213 + 0.637)  
= \(\frac{3}{5}\) + \(\frac{14}{19}\) × 1  
= \(\frac{127}{95}\)

(2) Solution:  
\(1 - \"	Mixed operations and applications of fractions###Use the properties of equations to solve equations comprehensively.	"[Analysis]
(1) Multiply the first factor of \(\frac{0.7}{19}\) × 11.52 by 20 and divide the second factor by 20, transforming it into \(\frac{14}{19}\) × 0.576. Use the same method to change the last multiplication group into \(\frac{14}{19}\) × 0.637. Calculate the last three multiplications using the distributive property;
(2) Multiply both sides of the equation by 4, then by 3, to sequentially calculate and find the value of x;
(3) Calculate according to the order of operations. When computing, change division by a fraction into multiplication by its reciprocal, converting mixed numbers into improper fractions or decimals;
(4) First calculate the multiplication inside the parentheses, then remove the decimals inside the brackets, then calculate the division and multiplication outside the brackets;
(5) 1.998=2-0.002"	others	primary	hard
2390	"Simplify the following numbers:  
(1) 5.060 =  
(2) 0.04200 =  
(3) 10.2070 =  
(4) 506.00 ="	calculation	"(1) Solution: 5.060 = 5.06  
(2) Solution: 0.04200 = 0.042  
(3) Solution: 10.2070 = 10.207  
(4) Solution: 506.00 = 506"	Properties of Decimals	"[Analysis] Adding or removing a ""0"" at the end of a decimal does not change its value, whereas adding or removing a ""0"" after the decimal point can. Therefore, when simplifying decimals, you can remove the trailing zeros in the fractional part of the decimal. However, zeros in the middle of a decimal cannot be removed, nor can zeros in the integer part."	others	primary	medium
6971	"To cook pancakes using a frying pan, you can fry a maximum of 2 pancakes at a time, and each side takes 4 minutes. To fry 3 pancakes, it takes at least (   ) minutes.  
A. 12 B. 16 C. 18 D. 8"	calculation	A	Optimization Strategy: Pancake Problem	Solution: 3×2÷2×4 = 6÷2×4 = 3×4 = 12 (minutes). Thus, the answer is: A. Analysis: Total time = Number of pancakes × 2 ÷ Number that can be cooked per pan × Average time to cook each side.	others	primary	hard
5367	The three piles of chess pieces have the same number, consisting of black and white pieces. The number of black pieces in the first pile equals the number of white pieces in the second pile. The white pieces in the third pile account for \(\frac{2}{5}\) of all the white pieces. After mixing the three piles, the white pieces account for \ul{   } of all the chess pieces.	calculation	\(\frac{5}{9}\)	The relationship between integer division and fractions.	"[Solution] Solve: (3+2) ÷ (3+3+3) = \(\frac{5}{9}\)\\
Hence, the answer is: \(\frac{5}{9}\).\\
[Analysis] Solve: In the first and second piles, the white pieces account for 1-\(\frac{2}{5}\)=\(\frac{3}{5}\) of the total white pieces. If we divide all the white pieces into 5 parts, the first and second piles account for 3 parts. The numbers of white and black pieces in the first and second piles are the same, so the black pieces in the first and second piles also account for 3 parts. Since the number of pieces in all three piles is the same, each pile consists of 3 parts. The third pile contains 2 parts of white pieces. Altogether there are 5 parts of white pieces, and this allows us to determine the fraction of"	2020	primary	hard
6293	The cinema has 500 seats. There are 296 students in the first grade and 102 in the second grade. Can these two grades fit together to watch the movie?	calculation	"296+102≈300+100=400 (people)\\
500 > 400, they can be seated.\\
Answer: Students from these two grades can watch the movie together and be seated."	Estimation of addition and subtraction within ten thousand	[Analysis] Based on the problem statement, it can be determined that the number of first graders plus the number of second graders equals the total number of students in both classes. For estimation, round each addend to the nearest hundred, then sum them. Finally, compare the total to the number of seats in the cinema. If the number of cinema seats is greater than the total, there are enough seats. If the number of cinema seats is less than the total, there are not enough seats. Solve accordingly.	others	primary	hard
5798	At 9:36, the angle between the minute and hour hands on the clock is \ul{　 　}.	calculation	72°	Measurement of angles (calculation)###The problem of pursuit on a clock face	"Solution: The minute hand moves 360° ÷ 60 = 6° per minute, and the hour hand moves 6° ÷ 12 = 0.5° per minute. 

Calculate:
30° × 9 - 36 × (6° - 0.5°)
= 270° - 36 × 5.5°
= 270° - 198°
= 72°;

Therefore, the answer is: 72°.

Analysis: A clock has 12 numbers, with an angle of 30° between each adjacent pair. The minute hand moves 360° ÷ 60 = 6° per minute, and the hour hand moves 6° ÷ 12 = 0.5° per minute. Using this, you can calculate the decreased angle between the minute and hour hands at 36 minutes. Subtract the reduction from the angle at 9:00 to find the angle between the minute and hour"	2023	primary	hard
2989	"Grandma Wang's convenience store has two calculators with different purchase prices, both sold at 60 yuan. One yields a 20% profit, while the other incurs a 20% loss. Selling these two calculators, Grandma Wang (       ).

A. Neither profits nor loses 
B. Gains a profit 
C. Suffers a loss 
D. Cannot be determined"	calculation	C	Application of Percentages -- Profit###Set up equations to solve percent problems.	"Solution: Assume the cost of the profitable calculator is x yuan, and the cost of the loss-making calculator is y yuan.

For the profitable calculator, we have: 60 - x = 20% × x, that is, 60 - x = 0.2x,

Rearranging gives: 1.2x = 60, solving gives: x = 50.

For the loss-making calculator, we have: y - 60 = 20% × y, that is, y - 60 = 0.2y,

Rearranging gives: 0.8y = 60, solving gives: y = 75.

The total cost of the two calculators is: x + y = 50 + 75 = 125 yuan.

The total selling price of the two calculators is: 60 × 2 = 120 yuan.

Since 120 yuan is less than 125 yuan, Grandma Wang overall incurs a loss from selling the two"	2023	primary	medium
1147	"Estimate.  
37×109≈   
608×37≈  
188×22≈  
697×42≈"	calculation	4000; 24000; 4000; 28000	Estimation of a three-digit number multiplied by a two-digit number.	"[Solution] Since 37≈40, 109≈100, 40×100=4000, so 37×109≈4000;  
Since 608≈600, 37≈40, 600×40=24000, so 608×37≈24000;  
Since 188≈200, 22≈20, 200×20=4000, so 188×22≈4000;  
Since 697≈700, 42≈40, 700×40=28000, so 697×42≈28000.  

Therefore, the answers are: 4000; 24000; 4000; 28000.  

[Analysis] Based on the problem, we first round the two factors to the nearest tens or hundreds, then multiply them accordingly to solve."	others	primary	medium
846	"Calculate and simplify when possible.

(1) 98.9×100.1
(2) 5.4×3.08+30.8×0.36
(3) 47.8÷12.5÷0.8
(4) 31.7-0.5×0.7-1.65"	calculation	"(1) 98.9×100.1  
= 98.9×(100+0.1)  
= 98.9×100 + 98.9×0.1  
= 9890 + 9.89  
= 9899.89  

(2) 5.4×3.08 + 30.8×0.36  
= 3.08×(5.4+3.6)  
= 3.08×9  
= 27.72  

(3) 47.8÷12.5÷0.8  
= 47.8÷(12.5×0.8)  
= 47.8÷10  
= 4.78  

(4) 31.7 - 0.5×0.7 - 1.65  
= 31.7 - 0.35 - 1.65  
= 31.7"	The laws of multiplication for decimals###Simplified calculation of division	[Analysis] (1), (2) Use the distributive property of multiplication for simplified calculation; (3) Dividing a number consecutively by two numbers is equivalent to dividing the number by the product of the two numbers; (4) Use the properties of subtraction for simplified calculation.	2020	primary	medium
769	"Calculate
12-3 = 14-7 = 8+4 = 30+70 =
30+7 = 42-2 = 50+6 = 17-9 =
20-9 = 55-50 = 36-6 = 18-9 =
63-3 = 25-5 = 77-70 = 15-6 ="	calculation	"12-3=9 14-7=7 8+4=12 30+70=100
30+7=37 42-2=40 50+6=56 17-9=8
20-9=11 55-50=5 36-6=30 18-9=9
63-3=60 25-5=20 77-70=7 15-6=9"	Adding a single-digit number to a multiple of ten and the corresponding subtraction###Subtraction of two-digit numbers minus multiples of ten.	[Analysis] The rule for subtracting a single-digit number from a two-digit number: Start subtracting from the units place. If the digit in the units place of the minuend is sufficient, subtract directly without changing the tens digit of the minuend, which remains as the tens digit of the difference. If the units digit of the minuend is insufficient, borrow one from the tens place, making it ten, then merge this with the units digit for subtraction against the units digit of the subtrahend. Note that in this case, reduce the tens digit of the minuend by 1.	2022	primary	medium
7043	"Xiaogang read from page 10 to page 14. He should read page 15 tomorrow. How many pages did he read today?  
A. 4 B. 5 C. 6"	calculation	B	Mixed addition and subtraction operations within 20	"Solution: 14 - 10 + 1 = 5 pages, so he read 5 pages today. Thus, the answer is: B.

Analysis: The number of pages Xiaogang read today equals the last page read minus the first page read plus 1. Substitute the data to answer accordingly."	2021	primary	hard
6901	"The two construction teams started work simultaneously from both ends of a road, completing it in exactly 106 days. Team A builds 24 meters per day, while Team B builds 36 meters per day. The length of the road is ( ) meters.  
A. 2580 B. 5300 C. 6360"	calculation	C	Operations involving the four basic arithmetic operations above 1000	Solution: (24 + 36) × 106 = 60 × 106 = 6360 (m). Therefore, the answer is: C. Analysis: The length of this road = (meters completed by worker A daily + meters completed by worker B daily) × working time.	2020	primary	hard
5598	Calculate: \(\frac{3}{1^{2} \times 2^{2}} + \frac{5}{2^{2} \times 3^{2}} + \frac{7}{3^{2} \times 4^{2}} + \cdots + \frac{15}{7^{2} \times 8^{2}}\)	calculation	"Solution: 

\(\frac{3}{1^{2} \times 2^{2}} + \frac{5}{2^{2} \times 3^{2}} + \frac{7}{3^{2} \times 4^{2}} + \cdots + \frac{15}{7^{2} \times 8^{2}}\)

\(= \frac{2^{2} - 1^{2}}{1^{2} \times 2^{2}} + \frac{3^{2} - 2^{2}}{2^{2} \times 3^{2}} + \frac{4^{2} - 3^{2}}{3^{2} \times 4^{2}} + \cdots + \frac{8^{2} - 7^{2}}{7^{2} \times 8^{2}}\)

\(= 1 - \frac{1}{2^{2}}"	Decomposition of fractions	[Analysis] Based on the breakdown of fractions and observing the pattern, transform the original expression by splitting each fraction into two fractions. The original expression becomes \(= 1 - \frac{1}{2^{2}} + \frac{1}{2^{2}} - \frac{1}{3^{2}} + \frac{1}{3^{2}} - \frac{1}{4^{2}} + \cdots + \frac{1}{7^{2}} - \frac{1}{8^{2}}\). Then, it can be calculated.	2022	primary	hard
2858	"One fifth of number A is equal to one fourth of number B, and 25% of number A is equal to 20% of number C. Which of the following comparisons of numbers A, B, and C is correct? ( )
A. A > B > C
B. B > C > A
C. A > C > B
D. C > A > B"	calculation	D	Calculation involving percentages###The relationship between ratios and fractions, division	"Solution: Let the ratio of numbers A and B be \(\frac{1}{4}\): \(\frac{1}{5}\) = 5:4; the ratio of numbers A and C is 20%:25% = 4:5. Therefore, B = \(\frac{4}{5}\)A and C = \(\frac{5}{4}\)A, meaning C > A > B. 

Thus, the answer is D.

Analysis: Based on the given problem, we find the quantitative relationship: A \(\times \frac{1}{5}\) = B \(\times \frac{1}{4}\), A \(\times\) 25% = C \(\times\) 20%. From this, we can determine the ratio of the three numbers and establish their order."	2023	primary	medium
8360	Let \(a_{1}\), \(a_{2}\), \(a_{3}\), \(a_{4}\), \(a_{5}\), \(a_{6}\), \(a_{7}\), \(a_{8}\), \(a_{9}\), \(a_{10}\), \(a_{11}\) be 11 positive integers arranged in increasing order, with a sum of 289. When the value of \(a_{1} + a_{2} + a_{3} + a_{4} + a_{5} + a_{6} + a_{7}\) is maximized, the minimum value of \(a_{11} - a_{1}\) is \_\_\_\_.	calculation	11	Numbers and questions	"[Answer] Solution: \(289 \div 11 = 26 \ldots 3\)  
\(a_6\) is 26, so \(a_1, a_2, a_3, a_4, a_5, a_6, a_7\) are 21, 22, 23, 24, 25, 26, 27 respectively;  
\(a_8 = a_7 + 1 = 28\);  
\(a_9 = a_8 + 1 + 1 = 30\);  
\(a_{10} = a_9 + 1 = 31\);  
\(a_{11} = a_{10} + 1 = 32\);  
\(a_{11} - a_1 = 32 - 21 = 11\);  
Therefore, the answer is: 11.  

[Analysis] To maximize the value of"	2022	primary	hard
5443	To find the value of \(1+2+2^2+\ldots+2^{2022}\), let \(S=1+2+2^2+\ldots+2^{2022}\), then \(2S=2+2^2+\ldots+2^{2023}\). Therefore, \(2S-S=2^{2023}-1\), so \(1+2+2^2+\ldots+2^{2022}=2^{2023}-1\). Following the above reasoning, calculate the value of \(1+3^{-1}+3^{-2}+\ldots+3^{-2022}\) as \ul{    }.	calculation	\(\frac{3 - 3^{- 2022}}{2}\)	Geometric sequence	"Solution: Let  
\[S = 1 + 3^{-1} + 3^{-2} + \ldots + 3^{-2022}\]  
Then  
\[3S = 3 + 1 + 3^{-1} + 3^{-2} + \ldots + 3^{-2021}\]  
Next, perform staggered subtraction on \(3S\) and \(S\):  
\[3S - S = 3 - 3^{-2022}\]  
which means  
\[2S = 3 - 3^{-2022}\]  
Solving gives  
\[S = \frac{3 - 3^{-2022}}{2}\]  
Therefore, the answer is: \(\frac{3 - 3^{-2022}}{2}\).  

Analysis: This problem examines the method of summing a geometric series, specifically the ""staggered subtraction method."" According to the pattern and solution steps given"	2023	primary	hard
2852	"Kiki surveyed some fourth-grade students about their favorite board games, and the statistics are as follows. To create a bar chart from the data, each unit should represent ( ) people appropriately.

| Game    | Chess | Go | Gomoku | Checkers |
|---------|-------|----|--------|----------|
| People  | 12    | 6  | 24     | 18       |

A. 1 B. 3 C. 5 D. 7"	calculation	B	Characteristics and Drawing of Simple Bar Graphs	"Solution: 12, 6, 24, and 18 are all multiples of 3; if each unit represents 3 people, the vertical axis can be divided into 8 sections, allowing the data to be accurately represented without the grid being too cumbersome to draw. 

Therefore, the answer is: B.

Analysis: When drawing a bar chart, we need to determine how much quantity a unit length represents based on the maximum value of the given data and the characteristics of the data, ensuring it is flexible, accurate, and appropriate. The number of units should not be too many, making it difficult to draw, nor too few, where the difference in bar heights is not easily observable."	others	primary	medium
1296	Some ducks, rabbits, and spiders are together. The total number of animal legs is six times the total number of heads. The number of spiders is five times the number of ducks. Then, the number of rabbits is \underline{ } times the number of ducks. (Note: A spider has 1 head and 8 legs.)	calculation	3	Use letters to represent numbers.###A large number of chickens and rabbits in the same cage.	"Solution: Let x be the number of ducks and y be the number of rabbits, then the number of spiders is 5x. According to the problem, we have: \(2x + 4y + 8 \times 5x = 6(x + y + 5x)\). Solving this gives: y = 3x \(3x \div x = 3\). Therefore, the answer is: 3.

Analysis: According to the problem, we can set up an equation to solve it. Assume x is the number of ducks and y is the number of rabbits, then the number of spiders is 5x. Based on the condition that the total number of legs of all animals is six times the total number of heads, set up the equation and solve it to get the answer."	2024	primary	medium
8361	"Fill in the numbers on the blanks.  
\_\_-1>3  
4<\_\_+2  
5-\_\_>3  
3+\_\_<5-\_\_"	calculation	5; 3; 1; 0; 0	Addition and subtraction within 5 including 0	"[Answer] 3+1=4, 4+1=5, so 5-1>3 (Answer is not unique);  
4-2=2, 2+1=3, so 4<3+2 (Answer is not unique);  
5-3=2, 2-1=1, so 5-1>3 (Answer is not unique);  
3+0<5-0 (Answer is not unique).  
Therefore, the answers are: 5; 3; 1; 0; 0.  
[Analysis] First blank: calculate 3+1=4, any number greater than 4 can be placed on the blank line.  
Second blank: calculate 4-2=2, any number greater than 2 can be placed on the blank line.  
Third blank: calculate 5-3=2, any number less than 2 can be placed on the blank line"	2022	primary	hard
3142	"The correct order is (     ).
A. 1.8 meters > 0.018 kilometers > 18 centimeters
B. 5.06 tons > 5 tons 6 kilograms > 50600 kilograms
C. 8.9 yuan > 88 jiao > 8 yuan"	calculation	C	Conversion of units with decimals###Currency units and their conversion###Conversion and Comparison between Tons and Kilograms###Conversion and comparison between meters, decimeters, centimeters, and millimeters.###Conversion and Comparison Between Kilometers and Meters	【Answer】 Solution: In option A, 0.018 kilometers = 18 meters, 1.8 meters < 18 meters, so it is incorrect. In option B, 50600 kilograms = 50.6 tons, 50.6 tons > 5.06 tons, so it is incorrect. In option C, 88 dimes = 8.8 yuan, then 8.9 yuan > 88 dimes > 8 yuan, so it is correct. 【Analysis】 1 kilometer = 1000 meters; 1 ton = 1000 kilograms, 1 yuan = 10 dimes; Convert higher units to lower units by multiplication, and lower units to higher units by division.	others	primary	medium
1365	Among the numbers 3, 9, 5, 8, 7, 0, the smallest number is \ul{   }, the largest number is \ul{   }, and there are \ul{   } numbers smaller than 6.	calculation	0; 9; 3	Comparison of numbers under 10	"[Answer] Solution: 9 > 8 > 7 > 5 > 3 > 0. Among these numbers, the smallest number is 0, the largest number is 9, and there are 3 numbers less than 6: 5, 3, and 0.\\
Therefore, the answer is: 0; 9; 3.\\
[Analysis] Based on comparing the size of numbers within 9."	2023	primary	easy
5937	The difference between two numbers, A and B, is known to be 234. If the decimal point of number A is moved one place to the left, it equals number B. Then, B equals (    ). Please provide the main process.	calculation	Solution: 10-1=9\ 234/9=26	The movement of the decimal point to the left causes a change in the value of the decimal.	[Analysis] If the decimal point of number A is moved one place to the left, it equals number B. Thus, number A is 10 times number B. Therefore, the difference between them is 10-1=9 times number B. Hence, number B equals the difference between numbers A and B divided by 9. Based on this, you can answer the question.	2024	primary	hard
6287	\(4\frac{7}{8} = \frac{135}{32}\)	calculation	Solution: \(4\frac{7}{8} = \frac{156}{32}\)	Conversion between improper fractions and mixed numbers###The Fundamental Properties of Fractions	"【Solution】Solution: \(4\frac{7}{8} = \frac{39}{8} = \frac{39 \times 4}{8 \times 4} = \frac{156}{32}\)  
【Analysis】First convert the mixed number into an improper fraction, then multiply both the numerator and denominator of the fraction by 4."	others	primary	hard
5064	"I can calculate.  
4 + 1 =  
5 - 5 =  
4 - 0 =  
3 + 2 =  
2 - 1 =  
5 - 4 =  
3 + 1 =  
0 + 4 =  
2 + 1 =  
5 - 2 =  
4 - 2 =  
2 + 2 =  
5 - 3 =  
4 - 1 =  
0 + 0 =  
1 + 1 =  
5 - 1 =  
4 - 4 =  
3 - 2 =  
2 + 0 ="	calculation	"4＋1＝5  
5－5＝0  
4－0＝4  
3＋2＝5  
2－1＝1  
5－4＝1  
3＋1＝4  
0＋4＝4  
2＋1＝3  
5－2＝3  
4－2＝2  
2＋2＝4  
5－3＝2  
4－1＝3  
0＋0＝0  
1＋1＝2  
5－1＝4  
4－4＝0  
3－2＝1  
2＋0＝2"	Addition of numbers within 5###Subtraction of numbers within 5	[Analysis] Solve by using the addition and subtraction method for numbers within 5. Addition: Remember the larger number, and count up the smaller number. For example, 3+2=, keep 3 in mind, count up two numbers: 4, 5, then the result is 3+2=5. Subtraction: Remember the larger number, and count down the smaller number. For example, 5-3=, keep 5 in mind, count down three numbers: 4, 3, 2, then the result is 5-3=2. Answer accordingly.	2020	primary	easy
7030	\(999999999 \times 888888888 \div 1333333332\)	calculation	"Solution: The original expression 
\(= 9 \times 111111111 \times 8 \times 111111111 \div (2 \times 666666666)\)
\(= 9 \times 8 \times 111111111 \times 111111111 \div 2 \div 6 \div 111111111\)
\(= 111111111 \times 6 = 666666666\)"	Clever Calculations in Multiplication and Division	[Analysis] By observing the three numbers in the equation, it can be seen that they are all related to 111111111. The first two numbers are easy to recognize, and the third number, 1333333332, equals 2×666666666 and further equals 2×6×111111111. Based on this, the answer can be determined.	others	primary	hard
6290	Calculation: 51.2×8.1+11×9.25+537×0.19	calculation	"Solution:  
51.2×8.1+11×9.25+537×0.19  
=512×0.81+11×9.25+537×0.19  
=512×0.81+11×9.25+512×0.19+25×0.19  
=512×(0.81+0.19)+11×9.25+0.25×19  
=512+11×9.25+0.25×19  
=512+11×9+11×0.25+0.25×19  
=512+99+0.25×(11+19)  
=512+99+0.25×30  
=611+7.5  
=618.5"	Clever Calculation of Decimals###Decimal multiplication mixed operations	[Analysis] Carefully observe the numbers in the problem: 0.19 and 0.81 can be rounded off. You can move the decimal point, changing 8.1 to 0.81, then decompose 537 into 512+25 and 9.25 into 9+0.25, using the distributive property of multiplication for clever calculations throughout the process.	2022	primary	hard
7036	If \(1\frac{1}{5}x = 0.75y\) and \(x + y = 2.6\), find the values of x and y.	calculation	"Solution:  
\(1\frac{1}{5}x = 0.75y\)  
\(x = \frac{3}{4}y \div \frac{6}{5} = \frac{5}{8}y\)  
\(x + y = 2.6\)  
\(\frac{5}{8}y + y = 2.6\)  
\(\frac{13}{8}y = 2.6\)  
\(y = 2.6 \div \frac{13}{8}\)  
\(y = 1.6\)  
\(x = 2.6 - 1.6 = 1\)"	Substitution problem###The meaning of addition and subtraction and the relationship between them.###The meaning of multiplication and division and their relationship	[Analysis] From \(1\frac{1}{5}\)x = 0.75y, we get x = \(\frac{5}{8}\)y. Then substituting x = \(\frac{5}{8}\)y into x + y = 2.6, we find y = 1.6. Therefore, x = 2.6 - 1.6 = 1.	2024	primary	hard
6899	"m and n are both natural numbers. In the following expressions, m and n must be coprime:

B. m - n = 1"	calculation	B	Characteristics of Coprime Numbers	"Explanation:  
Option A: m=5, n=5, so m+n=10, but m and n are not coprime, therefore incorrect.  
Option B: m-n=1, m and n are coprime, therefore correct.  
Option C: m=10, n=2, so m÷n=5, but m and n are not coprime, therefore incorrect.  
Option D: m=20, n=5, so m×n=100, but m and n are not coprime, therefore incorrect.  
Thus, the answer is: B.  

Analysis: Coprime numbers are two numbers whose only common factor is 1. In this problem, each option is verified using the assumption method."	others	primary	hard
5668	Given \(\frac{1}{6 - \frac{2}{7 - \frac{3}{x - \frac{4}{5}}}} = \frac{79}{450}\), find the value of \(x\).	calculation	"Solution: \(\frac{1}{6 - \frac{2}{7 - \frac{3}{x - \frac{4}{5}}}} = \frac{79}{450}\)  
\(6 - \frac{2}{7 - \frac{3}{x - \frac{4}{5}}} = \frac{450}{79}\)  
\(\frac{2}{7 - \frac{3}{x - \frac{4}{5}}} = \frac{24}{79}\)  
\(\frac{1}{7 - \frac{3}{x - \frac{4}{5}}} = \frac{12}{79}\)  
\(7 - \frac{3}{x - \frac{4}{5}} = \frac{79}{12}\)  
\(\frac{3}{x - \frac{4}{5}} = \frac{5}{12}\)  
\(x - \frac"	Set up an equation to solve the fraction problem.###Improper fraction	[Analysis] This question examines the inverse operation of complex fractions, utilizing the property that the reciprocals of equivalent fractions are equal. Repeat the process of inversion and simplification.	2024	primary	hard
1870	"The correct statement among the following is (   ).

A. An infinite decimal is always greater than a finite decimal.
B. The area of a parallelogram is always greater than the area of a triangle.
C. An equation containing unknowns is an equation.
D. Solving an equation is finding the solution of the equation."	calculation	C	Understanding Equations and Equivalent Relationships###Understanding Equations and Formulating Simple Equations	"Solution:  
A: An infinite decimal is not necessarily greater than a finite decimal; for example, 0.5 is greater than 0.4999...  
B: The area of a parallelogram is not necessarily greater than that of a triangle; the area depends on the lengths of the base and height.  
C: Definition of an equation: an equation that contains unknowns.  
D: Solving an equation refers to the process of finding the solution to the equation, and the solution to an equation refers to the value of the unknowns that satisfy the equation.  
Therefore, the answer is: C.  
Analysis: Testing the definition of an equation, which means an equation that contains unknowns."	2025	primary	medium
1936	"Estimate the following problems.
60×29≈ 211×4≈ 302×19≈
36×41≈ 43×28≈ 501×42≈"	calculation	"60×29≈1800  
211×4≈800  
302×19≈6000  
36×41≈1600  
43×28≈1200  
501×42≈20000"	Estimation of Multiplying a Multi-digit Number by a One-digit Number###Estimating two-digit by two-digit multiplication###Estimation of a three-digit number multiplied by a two-digit number.	[Analysis] To estimate the product of two two-digit numbers, you can round both numbers to the nearest ten and then calculate. To estimate the product of a three-digit number and a one-digit number, you can round the three-digit number to the nearest hundred and then calculate. To estimate the product of a three-digit number and a two-digit number, you can round the three-digit number to the nearest hundred and the two-digit number to the nearest ten and then calculate.	others	primary	medium
5524	To convert 40 kilograms of 10% saline solution to a 20% saline solution, you need to add **___** kilograms of salt.	calculation	5	Concentration issue###Percentage and its application	"Solution: The mass of salt: 40×10% = 4 (kilograms),  
Let x kilograms of salt need to be added.  
(4+x) ÷ (40+x) × 100% = 20%  
4x = 20  
x = 5  
So, 5 kilograms of salt need to be added.  
Therefore, the answer is: 5.  
Analysis: First, calculate the mass of salt in the 40 kilograms of 10% salt solution, then let x kilograms of salt need to be added. According to the equation concentration of salt = salt ÷ salt solution, set up an equation to solve."	2024	primary	hard
6158	"Solve the following equations.  
① 3x - 48 = 72  
② 3.6x - x = 3.25  
③ (16.5 - x) × 2.8 = 14."	calculation	"Solution:  
① 3x - 48 = 72  
3x - 48 + 48 = 72 + 48  
3x = 120  
3x ÷ 3 = 120 ÷ 3  
x = 40  

② 3.6x - x = 3.25  
(3.6 - 1)x = 3.25  
2.6x = 3.25  
2.6x ÷ 2.6 = 3.25 ÷ 2.6  
x = 1.25  

③ (16.5 - x) × 2.8 = 14  
(16.5 - x) × 2.8 ÷ 2.8 = 14 ÷ 2.8  
16.5 - x = 5  
16.5 - x + x = 5 + x  
16.5 = 5 + x  
16.5"	Mixed operations of decimals###Use the properties of equations to solve equations comprehensively.###Solve the equation with parentheses	[Analysis] ① According to the properties of equality, first add 48 to both sides of the equation, then divide both sides by 3 to solve; ② First simplify the equation using the distributive property of multiplication, then divide both sides by 2.6 according to the properties of equality to solve; ③ According to the properties of equality, first divide both sides by 2.8, then add x to both sides, and finally subtract 5 from both sides to solve.	2017	primary	hard
2247	"Select 6 different numbers from 1 to 9 to fill in the equation: \(\square \div \square \times (\square + \square) \times (\square - \square)\), so that the result is the largest. What is the result ( )?

A. 190 B. 728 C. 702 D. 890"	calculation	B	Integral maximization problem	"[Solution] Solution: We can set this expression as: a ÷ b × (c + d) × (e - f). This expression can be broken down into three factors: a ÷ b, c + d, e - f. To maximize the values of these three factors, based on the meaning of division and subtraction, we know b = 1, f = 2. Thus, a, c, d, e should be as large as possible, which can be 9, 8, 7, 6. To maximize the result, this expression would be: 8 ÷ 1 × (7 + 6) × (9 - 2) = 8 × 13 × 7 = 728. Therefore, the answer is: 728.

[Analysis] We can set this expression as: a ÷ b × (c + d) × (e - f). Based on the meaning of multiplication, to make the"	2019	primary	medium
2248	"A rope is folded in half, then folded in half again, and folded in half once more. The current length is (    ) of the original length of the rope.
A. \(\frac{1}{4}\) B. \(\frac{1}{8}\) C. \(\frac{1}{16}\)"	calculation	B	Average Score and Application	"Answer: 1 ÷ 8 = \(\frac{1}{8}\).\\
Hence the answer is: B.\\
Analysis: A piece of rope is folded in half and evenly divided into 2 parts, then folded again, divided into 4 parts, and folded once more to divide into 8 parts. So the current length is \(\frac{1}{8}\) of the original rope length."	2019	primary	medium
2923	"I am a math whiz.  
8×8=  
55÷9=  
22÷3=  
45÷8=  
48÷6=  
35÷7=  
7×9=  
9×5=  
6000－3000＝  
500＋800＝  
3000＋700＝  
2500－1000＝  
6600－500＝  
3600－700＝  
1700－700＝  
4200－2000＝  
560－60＝"	calculation	"8×8=64 55÷9=6 remainder 1 22÷3=7 remainder 1 45÷8=5 remainder 5
48÷6=8 35÷7=5 7×9=63 9×5=45
6000–3000=3000 500+800=1300 3000+700=3700
2500–1000=1500 6600–500=6100 3600–700=2900
1700–700=1000 4200–2000=2200 560–60=500"	Division with remainders of numbers within 100 and its applications.###Addition and subtraction of whole hundreds and thousands.	"[Analysis] When calculating addition and subtraction, align the same digits and start from the units place. If the sum in the units place equals ten, carry over one to the tens place. If the units place is insufficient for subtraction, borrow one from the tens place.  
The calculation method for division with a remainder:  
Step 1: Trial quotient, find the number which, when multiplied by the divisor, is closest to but less than the dividend; this number is the quotient, and it's written above the units place of the dividend.  
Step 2: Multiply, multiply the divisor by the quotient, and write the result below the dividend.  
Step 3: Subtract, subtract the product of the quotient and divisor from the dividend, and write the difference below the line.  
Step 4: Compare, compare the remainder with the divisor to ensure the remainder is smaller than the divisor."	2022	primary	medium
7703	"To make a three-digit number 15□ both a multiple of 2 and a multiple of 3, there are (   ) different ways to fill in □.  
A. 2 B. 3 C. 4 D. 5"	calculation	A	Characteristics of multiples of 2 and 5###Characteristics of multiples of 3	"Answer: The numbers with unit digits 0, 2, 4, 6, 8 are multiples of 2. For the sums:

1+5+0=6, which is a multiple of 3, meets the criteria;
1+5+2=8, which is not a multiple of 3, does not meet the criteria;
1+5+4=10, which is not a multiple of 3, does not meet the criteria;
1+5+6=12, which is a multiple of 3, meets the criteria;
1+5+8=14, which is not a multiple of 3, does not meet the criteria.

Therefore, there are a total of 2 different ways to fill the numbers.

So, select: A.

Analysis: Based on the characteristics of multiples of 2 and 3: numbers with unit digits 0, 2, 4, 6, 8 are multiples of 2"	others	primary	hard
5604	"Solve the equation: \(\frac{2}{3}(\chi + 4\frac{1}{2}) = 4(\chi - \frac{1}{2})\)

(2) Calculate: \(\frac{1}{1 \times 2} + \frac{1}{2 \times 3} + \frac{1}{3 \times 4} + ...... + \frac{1}{99 \times 100}\)"	calculation	"(1) \(\frac{2}{3}(\chi + 4\frac{1}{2}) = 4(\chi - \frac{1}{2})\) Solution: \(\frac{2}{3}x + \frac{2}{3} \times \frac{9}{2} = 4x - 2\)\\
\(\frac{2}{3} \times \frac{9}{2} + 2 = 4x - \frac{2}{3}x\)\\
\(\frac{10}{3}x = 5\)\\
\(x = 5 \div \frac{10}{3}\)\\
x = \(\frac{3}{2}\)

(2) Solution: \(\frac{1}{1 \times 2} + \frac{1}{2 \times 3} + \frac{1}{3 \times 4} +"	Clever Calculations of Fractions###Use the properties of equations to solve equations comprehensively.###Partial fraction decomposition	"[Analysis] (1) Using the distributive property of multiplication, remove the parentheses to get \(\frac{2}{3}x + \frac{2}{3} \times \frac{9}{2} = 4x - 2\), then according to the first property of equations, rearrange the equation to: \(\frac{2}{3} \times \frac{9}{2} + 2 = 4x - \frac{2}{3}x\), calculate \(\frac{10}{3}x = 5\), then according to the second property of equations, divide both sides of the equation by \(\frac{10}{3}\).\\
(2) Observe that each term of the given sequence can be expressed in the form \(\frac{1}{n*(n + 1)}\), where n is the term's position. Then, using the property that terms in the sequence can be decomposed"	2022	primary	hard
2693	"Among the following 4 numbers, the smallest one is (     )
A. \(0.5\overset{\bullet}{7}\) B. \(0.\overset{\bullet}{5}\overset{\bullet}{7}\) C. \(\frac{4}{7}\) D. 57.1%"	calculation	D	Comparison of the size of multiple decimal places###Understanding repeating decimals###Comparison of Fractions and Decimals	"[Answer] Solution: We have \(0.5\overset{\bullet}{7} \approx 0.578\), \(0.\overset{\bullet}{5}\overset{\bullet}{7} \approx 0.576\), \(\frac{4}{7} \approx 0.5714\), \(57.1\% = 0.571\).\\
Therefore, \(0.571 < 0.5714 < 0.576 < 0.578\),\\
which means \(57.1\% < \frac{4}{7} < 0.\overset{\bullet}{5}\overset{\bullet}{7} < 0.5\overset{\bullet}{7}\),\\
so the largest number is \(0.5\overset{\bullet}{7}\), and the smallest number is \(57.1\%\);\\
thus, the answer is: \(57"	2020	primary	medium
8059	Calculate: \((123456 + 234561 + 345612 + 456123 + 561234 + 612345) \div 111111\)	calculation	"Solution: The original expression \(= (1 + 2 + 3 + 4 + 5 + 6) \times 111111 \div 111111\)
\(= 21\)"	Clever calculations in mixed arithmetic operations	[Analysis] By careful observation, it can be found that 1, 2, 3, 4, 5, 6 each appear once in the units, tens, hundreds, thousands, ten-thousands, and hundred-thousands places. Therefore, add 1, 2, 3, 4, 5, 6, and multiply them by 1, 10, 100, 1000, ..., 100000 respectively. Finally, use the distributive property of multiplication to solve it.	others	primary	hard
2851	"50-meter race, Xiaoming took 9.8 seconds, Xiaoqiang took 10.1 seconds, (   ) ran faster.  
A. Xiaoming B. Xiaoqiang C. Cannot compare"	calculation	A	Comparison of decimal magnitudes	"Answer: Since 9.8 < 10.1, Xiaoming runs faster.
Therefore, the answer is: A.
Analysis: Given that the running distance is the same, the one with the shortest time runs the fastest. Thus, comparing their times can determine who runs the fastest."	2024	primary	medium
5226	"Calculate.
3＋4＝ 2＋3＝ 5－3＝ 5－5＝ 0＋5＝
4－0＝ 1＋3＝ 5－4＝ 1＋2＝ 4－2＝
3＋0＝ 2＋2＝ 4－4＝ 4－3＝ 2＋0＝"	calculation	"3 + 4 = 7 2 + 3 = 5 5 - 3 = 2 5 - 5 = 0 0 + 5 = 5
4 - 0 = 4 1 + 3 = 4 5 - 4 = 1 1 + 2 = 3 4 - 2 = 2
3 + 0 = 3 2 + 2 = 4 4 - 4 = 0 4 - 3 = 1 2 + 0 = 2"	Addition of numbers within 5###Subtraction of numbers within 5	[Analysis] Directly calculate using addition and subtraction within 5. Note that adding 0 to any number results in the same number; subtracting 0 from any number also results in the same number.	2021	primary	easy
6146	\(1 - \frac{2}{1 \times (1 + 2)} - \frac{3}{(1 + 2) \times (1 + 2 + 3)} - \cdots - \frac{10}{(1 + 2 + 3 + \cdots + 9) \times (1 + 2 + 3 + \cdots + 10)}\)	calculation	"Solution: \( 1 - \frac{2}{1 \times (1 + 2)} - \frac{3}{(1 + 2) \times (1 + 2 + 3)} - \cdots - \frac{10}{(1 + 2 + 3 + \cdots + 9) \times (1 + 2 + 3 + \cdots + 10)} \)

\( = 1 - (\frac{2}{1 \times 3} + \frac{3}{3 \times 6} + \frac{4}{6 \times 10} + \cdots + \frac{10}{45 \times 55}) \)

\( = 1 - (1 - \frac{1}{3} + \frac{1}{3} - \frac{1}{6} + \frac{1}{6} - \frac{1}{10} + \cdots + \"	Arithmetic sequence###Decomposition of fractions###Clever Calculation of Fraction Sums	[Analysis] This question mainly utilizes the properties of fractions and the summation formula for sequences. We observe that the denominators of the fractions in the problem are the sums of consecutive natural numbers, and we can use the summation formula of an arithmetic sequence to find the denominators.	2022	primary	hard
6159	"Fourth grade students from a certain school went to an elderly care home to express their love and care. The students formed a line about 30 meters long. It is known that it took the entire line 2 minutes to pass from start to finish over a 50-meter bridge. What is the speed of the line? ( )

A. 25 meters/min B. 40 meters/min C. 55 meters/min D. 60 meters/min"	calculation	B	Train crossing bridge (tunnel) problem	Solution: (30+50) ÷ 2 = 80 ÷ 2 = 40 (meters/minute) Therefore, the answer is: B. Analysis: The distance students walk to cross the bridge equals the bridge length plus the team length. Adding the bridge length and the team length, then dividing by the time used, can yield the marching speed.	others	primary	hard
4523	"Calculation Problems 
(1) (\(\frac{7}{9}\) + \(\frac{5}{6}\) - \(\frac{1}{18}\)) + \(\frac{1}{36}\) 
(2) \(1\frac{3}{7}\) + \(2\frac{4}{15}\) + \(4\frac{4}{7}\) + \(3\frac{2}{15}\) 
(3) (\(\frac{3}{4}\) + \(\frac{5}{12}\) - \(\frac{5}{6}\)) × 24 - 3.6 ÷ 24 
(4) \(\frac{3}{8}\) ÷ {[} (\(\frac{11}{12}\) - 0.75) × \(\frac{2}{5}\) {]} 
(5) (1.75 × 0.8 × 34) ÷"	calculation	"(1) 56; (2) 6+\(5\frac{2}{5}\); (3) 80-\(\frac{3}{20}\); (4) \(5\frac{5}{8}\); (5) 200; (6) 36; (7) 77.93; (8) x=\(\frac{3}{4}\); (9) x=3; (10) \(37\frac{1}{3}\); (11) 11110; (12) \(\frac{43}{42}\); (13) 33; (14) 63+\(3\frac{1}{12}\); (15) 1699-\(\frac{1}{6}\); (16) \(6\frac{6}{13}\); (17) 28+\(3\frac{7}{9}\)

(1) Solution: (1) \((\frac{"	Mixed operations of decimals###Addition and subtraction of fractions with different denominators###Mixed operations and applications of fractions###Use the properties of equations to solve equations comprehensively.###Rounding and Simplification###Partial fraction decomposition###Proportion equation	[Analysis] (1) First, unify the denominators of all fractions to their least common multiple, then perform addition and subtraction from left to right. During the calculation, pay attention to simplification to maintain accuracy and conciseness. (2) Start by merging fractions with the same denominator. This can help simplify the calculation process. Then calculate each merged group of fractions separately and add the results to get the final answer. (3) Follow the order of operations: calculate inside the brackets first, then perform multiplication and division, and finally addition and subtraction. (4) First convert all fractions and decimals to the same fractional form. Then calculate the values inside the brackets, and finally perform division to get the final result. (5) According to the nature of division, rewrite the original expression as: 1.75×0.8×34÷0.56÷\(\frac{1}{4}\)÷1.7, then according to the commutative and associative	2023	primary	easy
5374	Write down all two-digit numbers with the unit digit of 8. There are \ul{    } of them. Arrange them in descending order: \ul{    }.	calculation	9; 98 > 88 > 78 > 68 > 58 > 48 > 38 > 28 > 18	Composition of numbers within 100###Comparison of numbers within 100	"[Answer] List all two-digit numbers ending in 8, there are 9 in total, arranged from largest to smallest: 98 > 88 > 78 > 68 > 58 > 48 > 38 > 28 > 18.  
Hence the answer is: 9; 98 > 88 > 78 > 68 > 58 > 48 > 38 > 28 > 18.  
[Analysis] A two-digit number has units and tens positions from right to left. First, determine the unit digit as 8, and the tens digit can be 1, 2, 3, 4, 5, 6, 7, 8, 9, making a total of 9 two-digit numbers.  
For two-digit number comparison, compare the tens digit first; the larger tens digit makes the number larger. If the tens digit is the same, compare the units digit, where the larger unit digit"	2020	primary	hard
5521	Xiao Ming will serve tea to guests. It takes 1 minute to fetch water, 6 minutes to boil water, 2 minutes to wash teacups, 1 minute to get tea leaves, and 1 minute to make tea. If Xiao Ming arranges these tasks reasonably, it will take at least __ minutes.	calculation	8	Reasonably Arrange Time: The Tea Making Issue	"Solution: 1 + 6 + 1 = 8 (minutes)  
Therefore, the answer is: 8.  
Analysis: First, fill the water for 1 minute, then boil the water for 6 minutes. During the boiling, you can wash the tea cup and prepare the tea leaves. Finally, brewing the tea takes 1 minute. This way, it takes a minimum of 8 minutes."	2022	primary	hard
5525	At 3 PM, the hour hand and the minute hand form a 90° angle. Then, it will take another __ minutes for them to form a 90° angle again.	calculation	32 and 8/11	The problem of meeting on a clock face	"Solution: Since the minute hand makes a full circle, 360°, in one hour, it moves 360÷60=6° per minute. 

The hour hand makes a full circle in 12 hours, so it moves 360÷12=30° per hour, which equals 30÷60=0.5° per minute. 

Let x represent the minutes after which the hour and minute hands form a 90° angle again. Thus: 

6x = 90 + 0.5x + 90

6x - 0.5x = 180

5.5x = 180

x = 180 ÷ 5.5

x = \(32\frac{8}{11}\)

Therefore, the answer is: \(32\frac{8}{11}\). 

Analysis: By determining the degrees rotated by the hour and minute hands per minute, calculate the time after which they form a 90° angle again. The"	2023	primary	hard
5790	In a 500-gram saline solution with a salt content of \(10\%\), to increase the salt concentration to \(20\%\), you need to add \ul{   } grams of salt.	calculation	62.5	Concentration fundamental issue	"Solution: 

1. The original mass of water in the saline solution is calculated as: 
   \(500 \times (1 - 10\%) = 500 \times 90\% = 450\) grams.

2. After increasing the salt concentration to 20%, the total mass of the saline solution becomes: 
   \(450 \div (1 - 20\%) = 450 \div 80\% = 562.5\) grams.

3. Therefore, the mass of salt that needs to be added is:
   \(562.5 - 50 = 62.5\) grams.

Answer: 62.5 grams of salt need to be added.

Analysis: First, calculate the initial mass of water in the saline solution. Then, based on the new salt concentration, calculate the new total mass of the saline solution. Finally, subtract the original total mass of the saline solution from the new total mass to determine the mass of salt"	others	primary	hard
5795	A boat travels between ports A and B, going with the current from A to B and against the current from B to A. The boat's speed in still water is known to be 8 kilometers per hour, and the usual time taken going against the current versus with the current is in the ratio of 2:1. On a certain day, due to heavy rain, the current speed doubles, and the total round trip takes 9 hours. The distance between ports A and B is \ul{   } kilometers.	calculation	20	Basics of Sailing on Flowing Water	"Solution: Let the original water speed be x km/h, and the distance between ports A and B be y km.  

\((8-x):(8+x) = 1:2\)  
\(8+x = 16-2x\)  
\(3x = 8\)  
\(x = \frac{8}{3}\)  

\(\frac{y}{8 + 2 \times \frac{8}{3}} + \frac{y}{8 - 2 \times \frac{8}{3}} = 9\)  
\(\frac{y}{\frac{40}{3}} + \frac{y}{\frac{8}{3}} = 9\)  
\(\frac{3}{40}y + \frac{3}{8}y = 9\)  
\(\frac{9}{20}y = 9\)  
y = 20  

Therefore, the answer is:"	2023	primary	hard
5867	Find the minimum value of \(|\frac{1}{2}x - 1| + |\frac{1}{3}x - 2| + |\frac{1}{4}x - 3|\).	calculation	"Solution: Identify the zero points for each absolute value term.  
For the first absolute value term \(\left| \frac{1}{2}x - 1 \right|\), the zero point is \(\frac{1}{2}x - 1 = 0\), solving gives \(x = 2\).  
For the second absolute value term \(\left| \frac{1}{3}x - 2 \right|\), the zero point is \(\frac{1}{3}x - 2 = 0\), solving gives \(x = 6\).  
For the third absolute value term \(\left| \frac{1}{4}x - 3 \right|\), the zero point is \(\frac{1}{4}x - 3 = 0\), solving gives \(x = 12\).  
The zero points are \(x = 2, x = 6, x = 12"	Maximum and minimum###Geometry and Functions	[Analysis] The function in the problem consists of three absolute value terms. The minimum value is typically obtained at the midpoint of the zero points. It is necessary to find the zero point of each absolute value term, then determine which zero point is in the middle to solve for the minimum value of the function.	2023	primary	hard
5996	Class 3(1) has 36 students going on an autumn excursion and needs to rent boats to tour the lake. Large boats can hold 6 people and small boats can hold 4 people. How many possible ways are there to rent the boats so that each boat is filled to capacity? There are \_\_\_ possible solutions.	calculation	4	Optimization problem: Solution design issue	"[Answer] Solution:
\begin{longtable}[]{@{}
  >{\raggedright\arraybackslash}p{(\linewidth - 6\tabcolsep) * \real{0.2807}}
  >{\raggedright\arraybackslash}p{(\linewidth - 6\tabcolsep) * \real{0.2192}}
  >{\raggedright\arraybackslash}p{(\linewidth - 6\tabcolsep) * \real{0.2192}}
  >{\raggedright\arraybackslash}p{(\linewidth - 6\tabcolsep) * \real{0.2809}}@{}}
\toprule\noalign{}
\endhead
\bottomrule\noalign{}
\endlastfoot
&nbsp; & Large Boat & Small Boat & Total Number \\
Option 1 & 0 & 9 & 36 \\
Option 2 &"	2019	primary	hard
5999	There are two combination locks, both with passwords composed of the digits 1, 2, 3, 4, and four zeros, forming an eight-digit number. The first password is the largest number with exactly one zero, and the first password is \ul{    }. The second password is the smallest number with exactly two zeros, and the second password is \ul{    }.	calculation	43200100; 10020034	Reading, writing, and composing numbers within a hundred million###Comparison of Numbers Within One Hundred Million	"Solution: There are two combination locks, with passwords consisting of the numbers 1, 2, 3, 4, and four zeros, forming an eight-digit number. The first password is the largest number with only one zero pronounced, which is 43200100. The second password is the smallest number with two zeros pronounced, which is 10020034. Therefore, the answer is: 43200100; 10020034.

Analysis: Reading integers: Read from the highest position to the lowest. At each level, the zeros at the end are not pronounced, and any other consecutive zeros in the digits are pronounced once. 

For the first password, write the digits from right to left, then place one zero in the thousands position and one zero in the ten-thousands position; the remaining numbers are arranged in descending order. 

For the second password, write the digits from right to left, then place a 1 in the highest position, two zeros in the next"	others	primary	hard
6160	"Ancient Greeks believed that if a number is exactly equal to the sum of all its factors (excluding itself), then the number is a ""perfect number."" For example, 6 has four factors: 1, 2, 3, and 6. Excluding itself, the remaining factors are 1, 2, and 3. Since 6 = 1 + 2 + 3, which is precisely the sum of all its factors, 6 is a ""perfect number."" Among the following numbers, the ""perfect number"" is:
A. 12 B. 28 C. 36"	calculation	B	Characteristics and Methods of Finding Factors	Answer: A, the factors of 12 are: 1, 2, 3, 4, 6, 12, so 1+2+3+4+6=16; B, the factors of 28 are: 1, 2, 4, 7, 14, 28, so 1+2+4+7+14=28; C, the factors of 36 are: 1, 2, 3, 4, 9, 12, 18, 36, so 1+2+3+4+9+12+18=49; therefore, only option B meets the question's requirement. Thus, choose: B. Analysis: Based on the definition of a perfect number, calculate the numbers in the following options to get the answer.	2016	primary	hard
6650	Li Ming read a book from page 4 to page 10, reading a total of \ul{   } pages.	calculation	7	Ordering of numbers within 10	"Answer: Li Ming reads a book from page 4 to page 10. The pages he reads are 4, 5, 6, 7, 8, 9, 10, for a total of 7 pages.  
Therefore, the answer is: 7.  
Analysis: Note that the pages he reads include page 4 and page 10. Determine the pages he reads and the total number of pages accordingly."	2020	primary	hard
6281	"Can you quickly determine the unit digit of the following multiplication results without using a calculator?
① 38×38
② 45×56×48
③ 525×575
④ 437×437×437"	calculation	"Solution: ①8×8=64, the units digit is 4;\\
②5×6=30, 0×8=0, the units digit is 0;\\
③5×5=25, the units digit is 5;\\
④7×7×7=343, the units digit is 3."	The unit digit of a product	[Analysis] Multiply the units digits of two factors; the unit digit of the product is the same as the unit digit of the product of the two factors.	others	primary	hard
6425	a\textsuperscript{n} represents n instances of a multiplied together. So the unit digit of the result of 2\textsuperscript{2⁰¹⁵}+3\textsuperscript{2⁰¹⁶}+7\textsuperscript{2⁰¹⁷}+9\textsuperscript{2⁰¹⁸} is \ul{　 　}.	calculation	7	Clever Calculation of Powers###Congruence Theorem###Last digit feature	"Answer: 

2^1 = 2, 2^2 = 4, 2^3 = 8, 2^4 = 16. The remainder of 2015 divided by 4 is 3, so the last digit of 2^2015 is 8.

3^1 = 3, 3^2 = 9, 3^3 = 27, 3^4 = 81. The remainder of 2016 divided by 4 is 0, so the last digit of 3^2016 is 1.

7^1 = 7, 7^2 = 49, 7^3 = 343, 7^4 = 2401. The remainder of 2017 divided by 4 is 1, so the last digit of 7^2017 is 7.

9^1 = 9, 9^2 = 81. The remainder of"	2022	primary	hard
6430	Using an abacus, moving 7 beads against the beam represents an integer in the tens of thousands, with the largest being \ul{　 　} and the smallest being \ul{　 　}.	calculation	96,000,000; 10,190,000	Understanding and Use of the Abacus	"Solution: On an abacus, setting 7 beads close to the beam represents an eight-digit number in tens of thousands. When the number is at its maximum, the ten-million digit is 9, using up 5 beads (1 upper bead and 4 lower beads), leaving 2 beads at the million digit (1 upper bead and 1 lower bead), making the number 96,000,000. When the number is at its minimum, the ten-million digit is 1, leaving 6 beads to set 9 on the ten-thousand digit, using up 5 beads, leaving 1 bead at the hundred-thousand digit with a minimum of 1, making the number 10,190,000.

Therefore, the answers are: 96,000,000; 10,190,000.

Analysis: On an abacus, one upper bead represents 5, and one lower bead represents 1. The largest number aims to maximize the highest digit,"	2024	primary	hard
6892	Compare the values of \(\frac{1995}{1998}\) and \(\frac{1946}{1949}\).	calculation	"Solution: \(\frac{1995}{1998}\) = 1 - \(\frac{3}{1998}\)\\
\strut \\
\(\frac{1946}{1949}\) = 1 - \(\frac{3}{1949}\)\\
\(\frac{3}{1998}\) < \(\frac{3}{1949}\)\\
\(\frac{1995}{1998}\) > \(\frac{1946}{1949}\)"	Comparison of fraction sizes	[Analysis] Observing the two fractions, it can be noted that in both fractions the denominator is 3 greater than the numerator, so they can both be expressed as 1 minus a fraction where the numerator is 3; for fractions with the same numerator, the larger the denominator, the smaller the fraction; the larger the number subtracted from a number, the smaller the difference.	2022	primary	hard
6902	"The distance from Xiaoming's home to the school is 2 km, and the distance to the youth center is 3 km. Therefore, the distance between the school and the youth center cannot be (   )  
A. 2 km B. 4 km C. 5 km D. 6 km"	calculation	D	Understanding and Using Kilometers	"Answer: If Xiaoming's home, school, and youth center are on a straight line with the youth center and school on opposite sides of Xiaoming's home, then the distance between the school and the youth center is the longest, which in this case is 2 + 3 = 5 km, so the distance between the two places cannot be 6 km. Therefore, the answer is: D.

Analysis: If the three places are not on a straight line, meaning they form a triangular distribution, then the distance between the school and the youth center could be 2 km or 4 km, but the maximum distance is 5 km, so the distance between the two places cannot exceed 5 km."	2022	primary	hard
6967	"To implement the development concept of ""clear waters and green mountains are as valuable as mountains of gold and silver,"" City A, B, and C construction teams completed an irrigation canal project in two phases. In the first phase, the ratio of work completed by teams A, B, and C was 4:3:5. In the second phase, team C completed \(\frac{9}{16}\) of the remaining workload, making the total work completed by team C across both phases account for \(\frac{19}{40}\) of the total workload. If the total work completed by team A in both phases is \(\frac{3}{4}\) of the total work completed by team B in both phases, then the ratio of the work completed by team B in the second phase to the total workload is \ul{　 　}."	calculation	3:20	Comprehensive Cooperation Issues	"Solution: Assume the total workload of the first stage is ""1"". Since the ratio of work completed by teams A, B, and C is 4:3:5, we have 4+3+5=12. Therefore, team A completed \(\frac{4}{12}\), team B \(\frac{3}{12}\), and team C \(\frac{5}{12}\).

Let the remaining workload in the second stage be x, then the work completed by team C is \(\frac{9}{16}x\). The sum of work completed by team C in both stages is \(\frac{19}{40}\)(x+1). Thus,

\(\frac{5}{12}\) + \(\frac{9}{16}\)x = \(\frac{19}{40}\)(x+1)

\(\frac{5}{12}\) + \(\frac{9}{16}\)x = \(\frac{"	2022	primary	hard
6969	"Xiaoling lives on the 14th floor, and it takes her 9 seconds to climb each floor by stairs. Can Xiaoling walk from the 1st floor to her home in 2 minutes? ( )
A. Yes B. No C. Uncertain"	calculation	A	Conversion and Comparison of Hours, Minutes, and Seconds###Two-digit multiplication by a one-digit number with carrying.	"Solution: 2 minutes = 120 seconds. Xiaoling needs to go up 13 floors to reach her home from the 1st floor, so the total time Xiaoling needs to reach home is 9 × 13 = 117 seconds. Since 117 < 120, Xiaoling can reach home from the 1st floor within 2 minutes.

Therefore, the answer is: A.

Analysis: 2 minutes = 120 seconds. The total time Xiaoling needs to reach home equals the time she spends climbing one floor multiplied by the number of floors she needs to climb. The number of floors Xiaoling needs to climb is the floor her home is on minus 1. Compare this with 120 seconds: if it's greater than 120 seconds, Xiaoling cannot reach home from the 1st floor in 2 minutes; if it's less than 120 seconds, she can."	others	primary	hard
8670	What is the integer part of \(1 \div \left( \frac{1}{990} + \frac{1}{991} + \frac{1}{992} + \cdots + \frac{1}{999} \right)\)?	calculation	Solution: Since \(\frac{1}{990} \times 10 > \frac{1}{990} + \frac{1}{991} + \frac{1}{992} + \cdots + \frac{1}{999} > \frac{1}{999} \times 10\), therefore \(1 \div \left( \frac{1}{990} \times 10 \right) < 1 \div \left( \frac{1}{990} + \frac{1}{991} + \frac{1}{992} + \cdots + \frac{1}{999} \right) < 1 \div \left( \frac{1}{999} \times 10 \right)\). Thus, \(99 < 1 \div \left( \frac{1}{990} + \frac{1}{991} + \frac{1}{992} + \cdots + \frac{1	Zooming method	[Analysis] By using the inequality \(\frac{1}{990} \times 10 > \frac{1}{990} + \frac{1}{991} + \frac{1}{992} + \cdots + \frac{1}{999} > \frac{1}{999} \times 10\), we apply scaling, as the result of a larger number divided by 1 is smaller. Thus, we obtain \(1 \div \left( \frac{1}{990} \times 10 \right) < 1 \div \left( \frac{1}{990} + \frac{1}{991} + \frac{1}{992} + \cdots + \frac{1}{999} \right) <\) \(1 \div \left( \frac{1}{999} \times 10 \right)\). After calculating \(1 \div \left( \frac{1}{990} \	others	primary	hard
8356	Using 10 strips of paper of the same length to connect into a strip that is 31 cm long, if each joint overlaps by 1 cm, then each strip of paper is \ul{   } cm long.	calculation	4	Overlap issue	"Solution: (31+9) ÷ 10 = 4 (cm)  
Therefore, the answer is: 4.  
Analysis: When 10 strips of paper are connected, there are 9 joints, with each joint overlapping by 1 cm. The total overlap is 9 cm. Adding the length of the paper strips and 9 cm, then dividing by 10 gives the length of each strip of paper."	2022	primary	hard
