index	question	category	answer	knowledge	analysis	year	grade_level	difficulty_level
3911	Taking a microscopic photo of the onion epidermal cells is equivalent to constructing a physical model of the cells.	true_false	False	Three-dimensional structural model of eukaryotic cells	"[Answer] The microscopic photograph of the onion epidermal cells is an actual image and does not belong to a physical model. Therefore, the answer is: incorrect. 

[Analysis] Models: A model is a simplified and generalized description made by people for a specific purpose about an object of understanding. This description can be qualitative or quantitative. Forms: physical models, conceptual models, mathematical models, etc. 

1. A physical model is an intuitive expression of the object's characteristics in the form of actual objects or pictures, such as the double helix structure model of DNA molecules and the fluid mosaic model of the cell membrane. 

2. A conceptual model refers to a textual description that abstracts and summarizes the essential characteristics of a thing, such as the textual description of the common features of eukaryotic cell structures and the explanation of changes in matter and energy during photosynthesis. 

3. A mathematical model is a mathematical form used to describe a system or its properties, such as diagrams illustrating the"	others	high	medium
3724	Chromosomes and chromatin are two forms of the same substance in a cell at the same time	true_false	False	Types, Distribution, and Functions of Carbohydrates###Exploring the Relationship Between Cell Size and Material Transport###Cell apoptosis###Active transport	"Solution: 

There is DNA and protein tightly combined into chromatin in the cell nucleus. Chromatin is a very fine thread-like substance present during the interphase of cell division. During cell division, chromatin becomes highly coiled, appearing cylindrical or rod-like, and is then called chromosomes. Chromatin and chromosomes are the same substance in two forms at different periods, so it is incorrect."	2019	high	medium
3739	It is necessary to strictly regulate the discharge of genetically modified bacteria from genetic engineering or molecular biology laboratories. (True or False)	true_false	True	The safety issues of genetically modified organisms	"[Answer] Solution: Foreign genes of genetically modified organisms can hybridize with bacteria or viruses to recombine into harmful pathogens. Therefore, strict regulation is necessary for the discharge of genetically modified bacteria from genetic engineering or molecular biology laboratories.

[Analysis] Safety issues of genetically modified organisms include: Food safety (delayed effects, allergens, changes in nutritional content), Biological safety (impact on biodiversity), Environmental safety (impact on ecosystem stability). Biological safety: ① Genetically modified plants spreading outside planting areas and becoming wild species or weeds, ② Genetically modified plants having strong competitive ability, possibly becoming ""invasive alien species,"" ③ Foreign genes of genetically modified plants hybridizing with bacteria or viruses to recombine into harmful pathogens, ④ Potential for weeds to become ""super weeds"" with herbicide-resistant genes."	2016	high	medium
2853	A population is the basic unit of biological evolution, and individual variation within a population is a common phenomenon.	true_false	True	Variation is the raw material of natural selection.###The concept of population	[Answer] The population is the basic unit of biological evolution, and gene mutations are common in nature. Therefore, the answer is: Correct. [Analysis] A population is the collection of all individuals of the same species living in a specific area. The population is the basic unit of biological evolution.	others	high	easy
2905	The blooming and withering of flowers are associated with cell growth and apoptosis.	true_false	True	Cell apoptosis###Comprehensive Overview of the Life Cycle of Cells	nan	others	high	medium
3164	The higher the evolutionary status of an organism, the stronger its adaptability.	true_false	False	Natural Selection and Adaptation###The Evolutionary History of Earth's Organisms	"[Answer] New species emerging in the process of evolution may survive and reproduce by opening up new living niches in the environment, but they are not necessarily more adaptable than the original species. For example, after ocean organisms moved onto land, many new species formed, creating new living spaces. However, this does not mean these new species are more adaptable than marine algae. Therefore, the answer is: incorrect.

[Analysis] The evolutionary status does not directly determine a species' adaptability. Species with a higher evolutionary status are not necessarily more adapted to the environment than those with a lower status."	others	high	easy
