index	question	category	answer	knowledge	analysis	year	grade_level	difficulty_level
3877	"(1) The nucleus is the genetic information repository and the control center of cell ( ).  
(2) Hydrochloric acid can alter the permeability of the cell membrane, speeding up the entry of dye into cells, while separating ( ) in the chromatin, facilitating the binding of DNA with the dye.  
(3) The energy required for molecules to transition from a normal state to a reactive state ready for chemical reaction is called ( ).  
(4) The orange ( ) solution undergoes a chemical reaction with ethanol under acidic conditions, turning grayish-green.  
(5) The place of formation for mammalian sperm is ( ).  
(6) Use methods such as ( ) and prenatal diagnosis to detect and prevent genetic diseases."	fill_in_the_blank	metabolism; DNA and protein; activation energy; potassium dichromate; testes; genetic counseling	Functions of the Cell Nucleus	"Solutions:

1. The cell nucleus is the repository of genetic information and the control center for cell metabolism and inheritance.

2. Hydrochloric acid can alter the permeability of the cell membrane, accelerating the entry of staining agents into the cell, and also separates DNA from proteins in chromatin, facilitating the binding of DNA with staining agents.

3. The energy required for a molecule to transition from its normal state to an active state susceptible to chemical reactions is called activation energy.

4. Orange potassium dichromate solution reacts with ethanol under acidic conditions to turn gray-green.

5. The site of sperm formation in mammals is the testes.

6. Genetic diseases are detected and prevented through methods such as genetic counseling and prenatal diagnosis.

Analysis:

1. The cell nucleus is the site for storing and replicating genetic material and serves as the control center for cell inheritance and metabolism.

2. In the ""Observation of DNA and RNA distribution in cells"" experiment, due to the varying affinity of staining agents for DNA and"	others	high	medium
1776	"There are many applications of microbial technology in life. Please analyze and respond.

(1) When making wine at home, the purpose of cooking the rice first is ( ). The reason for adding yeast only after cooling to 30℃ is ( ). If the lid is frequently opened to take out the wine, it will soon become sour because ( ).

(2) In the preparation of fermented bean curd, tofu serves as the ( ) for microbial growth. The transformation of tofu into delicious fermented bean curd is based on the principle of ( ). Write out the experimental process for making fermented bean curd: ( ).

(3) During the production of pickles, the main microorganisms that play a role are ( ). To detect the nitrite content in pickles, use a solution of sulfanilic acid and ( )."	fill_in_the_blank	In order to eliminate other bacteria; excessively high temperatures can inhibit or even kill yeast; acetic acid bacteria convert alcohol into acetic acid under aerobic conditions; culture medium; proteases produced by microorganisms like Mucor can break down the protein in tofu into small peptides and amino acids that are easy to absorb, and lipases can break down the fat in tofu into glycerol and fatty acids; allowing Mucor to grow on tofu → salting and marinating → adding brine and bottling → sealing and marinating; lactic acid bacteria; rose color.	The Making of Fruit Wine and Fruit Vinegar###The making of fermented bean curd###Kimchi Making	"Answer:

(1) During home brewing, rice is first cooked to kill other unwanted bacteria. High temperatures can inhibit or even kill yeast, so after cooking, it should be cooled to 30°C before adding fermentation starters. If the container is frequently opened to access the alcohol, it can turn sour over time due to acetic acid bacteria converting alcohol to acetic acid in the presence of oxygen.

(2) In the preparation of fermented bean curd, tofu acts as the growth medium for microorganisms. Enzymes such as proteases produced by molds like Rhizopus can break down proteins in tofu into small, absorbable peptides and amino acids, and lipases can break down fats into glycerol and fatty acids. Therefore, throughout the process, tofu transforms into the flavorful fermented bean curd. The production steps include growing mold on tofu, salting, adding brine for bottling, and sealing for fermentation.

(3) During the production of pickles, lactic acid bacteria play"	others	high	medium
4987	"Therapeutic cloning involves transplanting the nucleus of a patient's healthy somatic cell into a recipient oocyte to create a recombinant cell, which, after being cultured in vitro for a period, allows for the isolation of embryonic stem cells. These cells are then differentiated into specific tissues or organs for treatment.

(1) Oocytes in the ( ) stage should be selected as recipients. The recipient cell is enucleated to serve the purpose of ( ).

(2) During in vitro culture, it is critical to ensure the recombinant cell is in an environment of ( ). When the recombinant cell reaches the ( ) stage, embryonic stem cells can be isolated from the inner cell mass.

(3) If genetic modifications are required in the cloning process, the core step is to construct ( ). The most effective method to introduce this into animal cells is ( )."	fill_in_the_blank	meiosis II (MⅡ); ensuring all nuclear genetic material in the recombinant cell comes from the patient's healthy somatic cells; sterile, non-toxic; blastocyst; gene expression vector; microinjection method	Somatic cell cloning of animals###Embryo transfer	"Answer:

(1) Nuclear transfer should select oocytes in the second meiosis (MII) phase as the recipient. The recipient cell is enucleated to ensure all nuclear genetic material in the recombinant cell comes from the patient's healthy somatic cells.

(2) During in vitro cultivation, it is essential to ensure the recombinant cell is in a sterile and non-toxic environment. Embryonic stem cells can be isolated from the inner cell mass when the recombinant cell reaches the blastocyst stage.

(3) If genetic modification is required in the cloning process, the core step is constructing a gene expression vector. The most effective method to introduce it into animal cells is microinjection.

(4) Embryonic stem cells have the totipotency to develop functional artificial tissues and organs through directed induction and differentiation in vitro, addressing current clinical issues of donor organ shortage and immune rejection after organ transplantation.

Analysis:

1. Therapeutic cloning refers to using cloning technology to produce specific cells and tissues ("	others	high	medium
4982	When the leaves of a Mimosa plant encounter external stimuli, they will quickly fold. This signifies: ( ).	fill_in_the_blank	An adaptation to the environment	Lamarckism and Natural Selection Theory	"Answer: Organisms must adapt to their environment to survive. When faced with external stimuli, the leaves of the sensitive plant quickly close, which can prevent external harm and serves a protective function for the plant. This is an adaptation of the sensitive plant to its environment. Therefore, the answer is: an adaptation to the environment.

Analysis: This question examines the knowledge point of the impact of organisms on the environment. To solve this, one can approach it from the perspective of biological adaptation to the environment."	others	high	medium
4584	"Lactic acid bacteria are probiotics found in the human body that aid digestion and promote intestinal health, often used in yogurt production. Answer the following questions:  
(1) Compared to the microorganisms used in fermented bean curd production, the main structural characteristic of lactic acid bacteria is ( ).  
(2) Lactic acid bacteria are generally produced in large quantities using ( ) culture medium (fill in ""solid"" or ""liquid""), and in addition to essential nutrients, attention must be paid to controlling ( ) and other culture conditions.  
(3) Sterilization is important in yogurt production; milk is generally sterilized using the ( ) method, while tools like the inoculating loop are commonly sterilized using the ( ) method, and the inoculation room is sterilized using the ( ) method.  
(4) Milk containing antibiotics is ( ) (fill in ""suitable"" or ""not suitable"") for yogurt production. As the temperature rises, the growth rate of lactic acid bacteria will ( )."	fill_in_the_blank	Nucleus without a nuclear membrane; liquid; anaerobic; pasteurization; flame sterilization; UV sterilization; not suitable; increase first, then decrease	The making of fermented bean curd###Kimchi Making	"Answer: 

(1) Microorganisms used in the production of fermented tofu include Penicillium, yeast, Aspergillus, and Mucor, all of which are eukaryotic cells, while lactic acid bacteria are prokaryotic cells. The main structural difference between prokaryotic and eukaryotic cells is the presence or absence of a nuclear membrane. Thus, the main structural characteristic of lactic acid bacteria in comparison to microorganisms used in fermented tofu production is that lactic acid bacteria lack a membrane-bound nucleus.

(2) To mass-produce lactic acid bacteria, liquid culture media are generally used. Lactic acid bacteria are anaerobic, so in addition to adding essential nutrients, it is also important to control anaerobic conditions in the culture medium.

(3) In yogurt production, sterilization is crucial. Milk is generally pasteurized, and tools such as inoculation loops are commonly sterilized by flaming, while inoculation rooms are sterilized"	others	high	medium
911	"Complete the blanks in the textbook:

(1) Except for viruses, living organisms use ( ) as the basic unit of structure and function.

(2) The cell nucleus is the repository of genetic information and is the control center of the cell's ( ).

(3) In cells, most inorganic salts exist in the form of ( ).

(4) A model is a simplified and generalized description made by people for a specific purpose to understand the subject. There are many forms of models, including conceptual models, mathematical models, and ( ) models.

(5) The more complex the function of the cell membrane, the more types and quantities of ( ) it contains."	fill_in_the_blank	Cell; genetics and metabolism; ion; physics; protein	Functions of the cell membrane###Functions of the Cell Nucleus###Elements and compounds that make up cells###The structural levels of a life system	"Answer: 

(1) Except for viruses, all living organisms use cells as the basic unit of structure and function. 
(2) The cell nucleus is the main location of DNA, serving as a repository of genetic information and the control center for cellular heredity and metabolism. 
(3) Most inorganic salts in cells exist in ionic form, with a few in compound form. 
(4) A model is a simplified and generalized description of an object of study, created for a specific purpose. Models can take many forms, including conceptual, mathematical, and physical models. 
(5) The main components of the cell membrane are phospholipids and proteins. The more complex the cell membrane's function, the greater the variety and quantity of proteins.

Therefore, the answers are:
(1) Cell 
(2) Heredity and metabolism 
(3) Ion 
(4) Physical 
(5) Protein

Analysis: Life activities are inseparable from cells, which are"	others	high	medium
2165	"The following is an experiment to isolate and count free-living nitrogen-fixing bacteria from soil, complete the following questions:

(1) Method Steps:  
① Pour plates: Pour nitrogen-free medium and beef extract peptone medium plates, should be operated beside the ( ).  
② Prepare soil dilution.  
③ Spread: Sequentially take 0.1mL from dilutions of ( ) and ( ).

( )  
( )."	fill_in_the_blank	Alcohol lamp flame; 3; 1	Selective effects of culture media on microorganisms	"Answer:

(1) ① Pouring plates near the alcohol lamp flame can reduce contamination by miscellaneous bacteria. ③ To avoid experimental errors and ensure accurate results, usually 3 to 5 plates are set up, and the blank control group requires one plate with beef extract peptone medium. ⑤ Choose plates with colony numbers between 30 and 300 for counting and take the average value. If the average measured value is 50, then the number of colonies per gram of sample is (50 ÷ 0.1) × 10^5 = 5 × 10^7.

(2) Beef extract peptone medium is used as a control to eliminate the influence of irrelevant variables on the experimental results. This medium is suitable for the survival of other bacteria, so it has more colonies compared to the nitrogen-free medium.

Therefore, the answer is: 
(1) Alcohol lamp flame 3 1 30–300 5 × 10^7"	others	high	medium
2206	Bacteria reproduce through ( ) reproduction. The upright hyphae of Penicillium form sporangia at their tips, where many cells capable of reproduction are produced, called ( ). Under favorable environmental conditions, yeast and hydra often undergo ( ) reproduction. Offspring produced by sexual reproduction inherit characteristics from both parents, having greater ( ) and variability, which is of significant importance for the survival and evolution of organisms.	fill_in_the_blank	asexual; spores; asexual; vitality	The reason for the stability of chromosome numbers between parent and offspring organisms.	"Answer:

(1) Bacteria are prokaryotes that reproduce by binary fission.
(2) The spores at the tips of the upright hyphae of penicillin form sporangia; the many cells with reproductive functions inside are called spores.
(3) Under favorable environmental conditions, yeast and hydra often undergo budding reproduction.
(4) Offspring produced from sexual reproduction inherit traits from both parents, exhibiting greater vitality and variability, which is significant for the survival and evolution of organisms.

Therefore, the answer is: Fission; Spore; Budding; Vitality

Analysis:

Biological reproduction includes asexual and sexual reproduction. The most common forms of asexual reproduction include binary fission, spore reproduction, budding reproduction, and vegetative reproduction:

(1) Binary fission, also known as splitting, is a common form of asexual reproduction where the parent organism splits into two (binary fission) or more (multiple fission) new individuals of identical size"	others	high	medium
661	"Ethyl methanesulfonate (EMS) can convert G-C pairs to A-T pairs in DNA sequences. Breeding experts soak tomato seeds in an EMS solution before planting, which usually results in diverse plant variations in traits such as plant height. Please answer the following questions:

(1) Soaking seeds in EMS is to enhance \ul{    } and the appearance of multiple variation types in a trait indicates that the variation has \ul{    }.
(2) Tomato plants developed through mutagenesis breeding can be detected using PCR, and typically their roots, stems, and leaves can all serve as detection materials because \ul{    }.
(3) In tomato (2n=24), normal plant height (A) is dominant over dwarf (a). In the ♀AA×♂aa cross, if the chromosome carrying the A gene does not separate during the second division of meiosis, the total number of chromosomes in all theoretical female gametes is \ul{"	fill_in_the_blank	Gene mutation frequency; nondirectionality; identical genotype (or identical genetic material) in the plant somatic cells; 11 or 12 or 13; normal or dwarf; treat dwarf plants with an appropriate concentration of gibberellin, while another part of the dwarf plants remains untreated; no significant difference; corresponding index of untreated dwarf plants; cell wall.	Factors inducing gene mutations	"Answer:

(1) After soaking rice seeds in an EMS solution and then planting them in the field, diverse variations in traits such as plant height, panicle shape, and leaf color can generally be obtained. Therefore, the role of EMS in soaking seeds is to increase gene mutation frequency, with the variety of mutations indicating the mutations are non-directional.

(2) All somatic cells in mutant plants grown from rice seeds soaked in EMS contain the same genes. The roots, stems, and leaves of the plant are developed through mitosis from the seed, so the genotype of the plant cells is the same, making roots, stems, and leaves suitable as test materials.

(3) If the chromosome carrying gene A does not separate during the second meiosis division, theoretically the resulting female gametes can have various chromosome numbers: 11, 12, or 13. The plant height phenotype in hybrid offspring can be normal or dwarf.

(4) Experimental design: 
① Measure gibber"	others	high	medium
669	Biodiversity mainly includes three levels of content: genetic diversity, ____, and ____. The formation of biodiversity has undergone a long evolutionary process. The continuous evolution and development among different species, between organisms and the inorganic environment, is _____.	fill_in_the_blank	Species diversity; ecosystem diversity; coevolution	Biodiversity	"Answer: (1) Biodiversity mainly includes genetic diversity, species diversity, and ecosystem diversity. (2) Coevolution is the continuous evolution and development between different species, and between organisms and the inorganic environment, through mutual influence. Therefore, the answers are: species diversity, ecosystem diversity, coevolution.

Analysis: 1. Biodiversity: The entire biosphere, all plants, animals, and microorganisms, along with their total genes and various ecosystems, together constitute biodiversity. Biodiversity includes genetic diversity, species diversity, and ecosystem diversity. 2. Coevolution: It refers to the continuous evolution and development between different species, and between organisms and the inorganic environment, through mutual influence."	others	high	medium
859	"A certain student intends to obtain pure cell membranes to study their structure and composition. Please help him design a simple experiment.

(1) In selecting experimental materials, animal cells are generally chosen because ( ) and mammalian mature red blood cells are typically selected, because ( ). 

(2) Place the selected materials in ( ), due to the effect of ( ), the cells will swell and burst after some time. 

(3) Add Biuret reagent to the membrane composition obtained. If the color produced is ( ), it can prove the presence of ( ) in the cell membrane. 

(4) In the experiment observing chloroplasts and mitochondria under a high-power microscope, the organelle that needs staining is ( ), and the staining agent used is ( ). 

(5) In the experiment identifying proteins and carbohydrates, the reagent used, similar in use to methyl green-pyronin stain, is ( )."	fill_in_the_blank	Animal cells lack a cell wall; no nucleus and numerous organelles; water; osmosis; purple; protein; mitochondria; Janus green; Fehling's reagent.	Cell membrane preparation method	"Answer:

(1) When selecting experimental materials, animal cells are usually chosen due to the absence of a cell wall. Mature mammalian red blood cells are generally selected because they lack a nucleus and numerous organelles.

(2) The selected materials are placed in water, and due to osmosis, the cells will swell and burst after a period of time.

(3) Proteins react with Biuret reagent to turn purple. If the membrane component being tested turns purple upon adding Biuret reagent, it can be confirmed that the cell membrane contains proteins.

(4) In experiments observing chloroplasts and mitochondria under a high-power microscope, the organelle that needs staining is the mitochondria, using Janus green staining.

(5) Pyronin and methyl green stains must be mixed and used freshly prepared, applied similarly to Fehling's reagent.

Analysis:

1. For the preparation of cell membranes, the following aspects should be considered:
   (1) Material selection: Choose mature"	others	high	medium
4205	DNA is primarily distributed in ( ), RNA is mainly found in ( ). Methyl green makes DNA appear ( ), pyronin makes RNA appear ( ). In this experiment, the use of hydrochloric acid is ( ).	fill_in_the_blank	Nucleus; cytoplasm; green; red; alter the permeability of the cell membrane, accelerate the entry of dyes into the cell, separate DNA and proteins on chromosomes, facilitating the binding of dyes to DNA.	Experiment on the Distribution of DNA and RNA in Cells	"Answer: DNA is primarily located in the cell nucleus, while RNA is mainly found in the cytoplasm. Methyl green and pyronin Y have different affinities for DNA and RNA, with methyl green staining DNA green, and pyronin Y staining RNA red. In this experiment, hydrochloric acid is used to change the permeability of the cell membrane, accelerate the entry of dyes into the cell, separate DNA from protein on the chromosomes, and facilitate the combination of the dye with DNA. 

Therefore, the answer is: cell nucleus, cytoplasm, green, red, change the cell membrane's permeability, accelerate the entry of dyes into the cell, separate DNA from protein on the chromosomes, facilitating the combination of the dye with DNA.

Analysis: 
1. In the ""observing the distribution of DNA and RNA in cells"" experiment:
   (1) Use a 0.9% NaCl solution to maintain the cell's original shape;
   (2) Use 8%"	2015	high	medium
1270	Isolation and counting process of bacteria decomposing urea in soil: Soil sampling → ______ → Spread the diluted solution onto a medium with urea as the sole nitrogen source → ______.	fill_in_the_blank	Dilution of the samples; selection of growing colonies, identification	Isolation and Enumeration of Urease-Producing Bacteria	"[Solution] Explanation: The experimental procedure for the isolation and counting of bacteria that decompose urea in soil involves the following steps: soil sampling → sample dilution → spreading the dilution on a medium with urea as the sole nitrogen source → selecting growing colonies → identification. 
Therefore, the answer is: sample dilution, selecting growing colonies, identification.
[Analysis] The experimental procedure for the isolation and counting of bacteria that decompose urea in soil: 
Soil sampling → sample dilution → spreading the dilution on a medium with urea as the sole nitrogen source → selecting growing colonies → identification."	others	high	medium
1786	"Based on the knowledge learned, answer the following:

(1) Extracting rose essential oil requires a large amount of raw materials. Typically, \ul{    } technology is used to produce a large quantity of rose plants in a short time.

(2) In the process of extracting rose essential oil, \ul{    } is added to the oil-water mixture to accelerate oil-water separation. The separated oil layer still contains a certain amount of water, which needs \ul{    } added to remove it.

(3) Carotene is easily soluble in organic solvents and can be extracted using the \ul{    } method. The crude extract of carotene can be identified by \ul{    }."	fill_in_the_blank	Plant tissue culture; NaCl; anhydrous Na\textsubscript{2}SO\textsubscript{4}; organic solvent extraction; paper chromatography	Extraction of Carotene	"[Answer] (1) Usually, plant tissue culture technology is used to obtain a large number of rose plants in a short time. (2) During the extraction of rose essential oil, NaCl is added to the oil-water mixture to accelerate the separation of the two. The separated oil layer still contains some water, which needs to be removed by adding anhydrous Na\textsubscript{2}SO\textsubscript{4}. (3) Carotene is easily soluble in organic solvents, so it can be extracted using an organic solvent extraction method. The extracted crude carotene can be identified by paper chromatography.

[Analysis] The chemical properties of rose essential oil are stable, it is difficult to dissolve in water but easily dissolves in organic solvents, and it can be distilled with steam. When using water distillation for citrus and lemon, it may lead to problems such as charring of the raw materials and hydrolysis of active components, so it is preferable to use the"	others	high	medium
1668	"The basic operational procedures of genetic engineering mainly include four steps, of which the core step is ( ).  
(2) To introduce a target gene into plant cells using the Agrobacterium transformation method, the target gene must first be inserted into the ( ) of the Agrobacterium Ti plasmid, and then the Agrobacterium is used to infect the plant cells to insert the target gene into the ( ) of the plant cells through DNA recombination. The main principle of plant tissue culture is that plant cells have ( ). The specific process involves cultivating plant organs, tissues, or cells in vitro on an artificially prepared medium under ( ) and artificially controlled conditions, providing suitable conditions to induce callus and shoots through ( ), eventually forming a complete plant.  
(3) In the nuclear transfer experiment of mammals, the recipient"	fill_in_the_blank	Construction of gene expression vectors; T-DNA; chromosomal DNA; totipotency; aseptic; dedifferentiation (de-differentiation)	The concept and objectives of ecological engineering###Basic Procedures of Genetic Engineering	"Answer:  
(1) The basic operational procedures of genetic engineering mainly include four steps: acquisition of the target gene, construction of the gene expression vector, introduction of the target gene into recipient cells, and detection and expression of the target gene. Among them, the construction of the gene expression vector is the core step.

(2) The T-DNA on the Ti plasmid in Agrobacterium can be transferred to recipient cells and integrated into the DNA of the recipient cell's chromosomes. Based on this feature of Agrobacterium, if the target gene is inserted into the T-DNA of the Ti plasmid, the target gene can be integrated into the DNA of plant cells' chromosomes through the transformation function of Agrobacterium. The main principle of plant tissue culture is the totipotency of plant cells. The specific process involves culturing isolated plant organs, tissues, or cells on a prepared culture medium under sterile and controlled conditions, providing suitable conditions to induce dedifferentiation"	others	high	medium
1790	Mendel discovered two fundamental laws of genetics using the research method of ( ).	fill_in_the_blank	Hypothetico-Deductive Method	Mendelian Genetic Experiment - Independent Assortment###Hypothesis-Deduction and Analogical Reasoning###Mendel's Genetic Experiment - Law of Segregation	"Mendel used the hypothetical-deductive scientific method to discover two fundamental laws of biological inheritance.

Mendel's hypothetical-deductive method:
1. Formulating a hypothesis (e.g., based on parental hybridization experiments, obtaining F1, Aa, these genes are independent and separate during gamete formation. Here, the hypothesis involves a pair of alleles).
2. Deduction, or reasoning (if the hypothesis is correct, the F1 would produce two types of gametes in equal numbers, and the subsequent test cross offspring should result in two types in equal amounts).
3. Finally, experimental verification of the hypothesis and deduction (test cross experiments confirm the hypothesis, resulting in two types in equal amounts).
4. Concluding with a law (the law of segregation)."	others	high	medium
2118	"Intracellular macromolecules have important functions. Please refer to the table contents to complete the table below.

① ( ); ② Energy storage in ( ) cells; ③ ( ); ④ ( ); ⑤ ( ) has the function of regulating blood sugar."	fill_in_the_blank	Starch; animal; C, H, O; Amino acids; Insulin	Biomacromolecules have carbon chains as their backbone.###Comprehensive Molecular Composition of Cells	nan	2023	high	easy
2120	In a certain natural region, all ( ) and their living environment together form a unified whole, which is an ecosystem. The largest ecosystem on Earth is ( ).	fill_in_the_blank	Biota; Biosphere	The concept of ecosystems and their types	"Answer: An ecosystem refers to an indivisible natural entity formed by organisms and their living environments within a certain area. It is a broad concept, encompassing any unity of a biological community and its environment. The scope of an ecosystem can vary greatly, from as small as a drop of water, a handful of soil, a patch of grassland, a lake, or a forest, to as large as a city, a region, a watershed, a country, or even the biosphere. The biosphere is the unity of all living organisms on Earth and their environments, making it the largest ecosystem. Thus, the answer is: Organism Biosphere.

Analysis: This question appears in the form of a fill-in-the-blank question, testing the concept of an ecosystem and the knowledge that the biosphere is the largest ecosystem. You can fill in the answer directly based on the concept."	others	high	easy
3832	"The concentration of blood sugar in the human body is always maintained at an appropriate level. When the metabolism of blood sugar loses balance, a person can develop hypoglycemia or diabetes. A student interest group at a certain school conducted the following simulated urine sugar testing experiment and discussion of the issues. Please complete the relevant content based on the following materials:

(1) Experimental materials: test tubes, test tube rack, dropper, clean water, glucose solution, protein solution, glucose test paper (which shows a certain color when encountering glucose), two simulated urine samples A and B.
(2) Purpose of the experiment ( ).
(3) Experimental steps:
① Take ( ) test tubes, number them, and place them on the test tube rack.
② ( ) in the above test tubes.
③ Place the glucose test paper on a clean paper towel.
④ Then use a clean dropper to draw the same amount of liquid from test tube No."	fill_in_the_blank	Learn how to use glucose test strips to detect the presence of glucose in urine; 4; Add equal amounts of clear water, glucose solution, urine sample A, and urine sample B	Detection of Urine Sugar	Answer: (2) According to the experimental materials provided in the question, which include clean water, glucose solution, and two samples of simulated urine A and B, as well as glucose test strips, the aim of this experiment is to learn the method of using glucose test strips to detect the presence of glucose in urine. (3) ① Based on the experimental materials, this experiment aims to detect whether glucose is present in urine samples A and B, with the glucose solution as a control and clean water as a blank control, thus setting up 4 groups for the experiment. ② Add equal amounts of clean water, glucose solution, urine A, and urine B to the test tubes. ⑤ Observe and record the color change on the glucose test strips to compare whether urine samples A and B contain glucose. ⑥ Repeat step ④ by testing the other 3 solutions with glucose test strips, recording the color change each time. (4) The experiment record chart should reflect the independent	others	high	medium
3528	"Answer the following questions:
(1) Microorganisms that decompose cellulose in straw can secrete cellulase, which is a complex enzyme composed of three components. The glucosidase in it can decompose \_\_\_\_ into \_\_\_\_.
(2) Fruit vinegar production is often carried out on the basis of fruit wine production, with the related reaction equation being: \_\_\_\_."	fill_in_the_blank	Cellulose; Glucose; C\textsubscript{2}H\textsubscript{5}OH+O\textsubscript{2} → CH\textsubscript{3}COOH+H\textsubscript{2}O+Energy	General Principles and Methods for Enzyme Activity Assay	[Answer] (1) The cellulase produced by microorganisms is a complex enzyme, including endoglucanase (Cx enzyme), exoglucanase (C1 enzyme), and glucosidase. The glucosidase can break down cellobiose into glucose. (2) The making of fruit vinegar is often based on the production of fruit wine, with the related reaction formula: C\textsubscript{2}H\textsubscript{5}OH + O\textsubscript{2} → CH\textsubscript{3}COOH + H\textsubscript{2}O + energy. Therefore, the answers are: (1) Cellobiose; Glucose (2) C\textsubscript{2}H\textsubscript{5}OH + O\textsubscript{2} → CH\textsubscript{3}COOH + H\textsubscript{2}O + energy [Analysis	others	high	medium
3817	When counting the number of colonies, it is generally done every 24 hours, and the record is taken when the number of colonies stabilizes. The purpose is ( ).	fill_in_the_blank	Prevent missing colonies due to insufficient incubation time.	Measure the quantity of a certain microorganism.	"When counting colony numbers, if the cultivation time is insufficient, some bacteria may not have had the chance to form colonies, resulting in an undercount. Researchers recorded colony numbers every 24 hours and used the stable record as the result. This ensures sufficient cultivation time, allowing bacteria to essentially all form colonies, thus preventing the omission of bacteria due to inadequate cultivation time.  
Therefore, to prevent missing colonies due to insufficient cultivation time.  
Different types of microorganisms often require different cultivation temperatures and times."	others	high	medium
4984	"Please answer:  
(1) The totipotency of animal cells gradually gets restricted with the increasing degree of ( ). Currently, a complete animal individual cannot be obtained using methods similar to plant ( ), so animals cloned through somatic cell nuclear transfer are actually achieved by the method of ( ).  
(2) Embryo splitting refers to the technique of using mechanical methods to divide ( ) into several equal parts and obtaining ( ) through transplantation. Offspring from the same embryo have identical ( ), so embryo splitting is a form of ( ) or cloning.  
(3) The main function of the donor in embryo transfer technology is ( )."	fill_in_the_blank	differentiation; tissue culture; nuclear transfer; early embryo; monozygotic twins or monozygotic multiples; genetic material; asexual reproduction; producing embryos with excellent genetic traits.	Totipotency of Animal Cells and Its Applications	Answer: (1) Due to cell differentiation, the totipotency of animal cells is limited, so a complete animal individual cannot be obtained using methods similar to plant tissue culture. However, since the nucleus of animal cells still retains totipotency, the creation of animals through somatic cell cloning, i.e., nuclear transfer, can be achieved. (2) Embryo splitting refers to the technique of mechanically dividing an early embryo into several equal parts, resulting in monozygotic twins or multiple offspring after transplantation. Therefore, the offspring from the same embryo have identical genetic material, which classifies embryo splitting as asexual reproduction or cloning. (3) Producing embryos with excellent genetic traits is the main function of the donor in embryo transfer technology. Analysis: By reading the question, it is clear that the knowledge involved includes the totipotency of animal cells, embryo splitting, and embryo transfer technology. After identifying the key points, relevant basic knowledge is organized and the answer is composed by	others	high	medium
4946	"iPS cells, also known as induced pluripotent stem cells, are similar to embryonic stem cells and are obtained by introducing genes like Oct-4 into differentiated somatic cells. In vitro studies have found that with the differentiation of tissue cells, the expression of Oct-4 decreases or disappears. Scientists have successfully obtained cardiomyocytes, vascular smooth muscle cells, and hematopoietic stem cells differentiated from mouse iPS cells. They have also successfully differentiated various types of retinal cells using iPS cells induced from human skin stem cells, indicating that in the future, patients with retinal damage can use their own skin stem cells for repair. Chinese scientist Zhou Qi and others have even directly cloned a laboratory mouse ""Xiao Xiao"" using iPS cells under appropriate culture conditions. Please answer:

(1) To introduce the Oct-4 gene into differentiated somatic cells, ( ) can be used as a vector.  
(2) The fundamental reason why iPS cells have pluripotency is ( )."	fill_in_the_blank	Animal virus; possessing the complete genetic information of this species	The concept and types of stem cells	"Answer: 

(1) To introduce the target gene (Oct-4) into differentiated somatic cells, animal viruses can be used as vectors, leveraging their ability to infect cells.  
(2) The reason cells are totipotent is that they possess the complete set of genetic information of the species. The essence of cell differentiation is selective gene expression.  
(3) Using a patient's iPS cells to repair their damaged organs is considered autologous transplantation, which does not cause an immune rejection response.  
(4) Compared to the embryonic stem cells of the experimental mouse ""Xiaoxiao"", its cardiac muscle cells have already undergone high degrees of differentiation, and the expression level of Oct-4 has decreased. 

Analysis: iPS cells, also known as induced pluripotent stem cells, are cells resembling embryonic stem cells that are obtained by introducing genes such as Oct-4 into differentiated somatic cells. These cells are totipotent and can differentiate into various types"	others	high	medium
