index	question	category	answer	knowledge	analysis	year	grade_level	difficulty_level
3970	"The M enzyme isolated from the mutant strain grown in 20°C test tubes works normally at 20°C but not at 37°C. 37°C is the temperature of the intestine, where normal bacteria typically grow. The M enzyme isolated from normal bacteria can function at both temperatures. The correct statement is:

A. The gene controlling the synthesis of the M enzyme in the cell nucleus of the mutant strain has mutated.
B. Compared to the M enzyme from normal bacteria, the optimal temperature for the M enzyme isolated from the mutant strain has changed.
C. After being exposed to excessively high temperatures, the spatial structure of the M enzyme changes, and its activity cannot be restored upon returning to a low temperature.
D. The M enzyme is synthesized in the ribosome of bacteria and does not require further processing by the endoplasmic reticulum or Golgi apparatus."	multiple_answer_choice	B, C, D	The similarities and differences in the morphology and structure of prokaryotic and eukaryotic cells###The Nature of Enzymes and Their Discovery Journey###Characteristics of enzymes	nan	2024	high	hard
4139	"A plant with bisexual flowers (2n=16) occasionally exhibits a trisomy, having one extra chromosome 4. During meiosis, any two of the three chromosome 4s migrate to one pole of the cell, while the remaining one migrates to the opposite pole, with other homologous chromosomes separating normally; the resulting gametes are viable. If a fertilized egg contains four chromosome 4s, it cannot develop into a seed. A trisomy plant with genotype Bbb is described, and the unreasonable statement is:
A. In cell division, this trisomy plant can have a maximum of 34 chromosomes.
B. During meiosis of this trisomy plant, the separation of B and b genes occurs in anaphase I.
C. When this trisomy plant is self-pollinated, the probability of offspring being trisomic is 1/2.
D. When this trisomy plant is crossed with a bb genotype plant, the probability of offspring with bb genotype is"	multiple_answer_choice	B, C	Chromosomal number variation###Meiosis of cells comprehensive	nan	2024	high	hard
189	"The incorrect statement regarding fertilization and embryonic development is (    )
A. The two barriers preventing polyspermy are the nuclear membrane reaction and the zona pellucida reaction.
B. During the cleavage stage, the number of cells in the embryo increases while the total amount of organic material consistently decreases.
C. The process of the blastocyst emerging from the zona pellucida is called ""hatching.""
D. The completion of fertilization is marked by the presence of two polar bodies between the oocyte membrane and the zona pellucida."	multiple_answer_choice	A, D	Spermatogenesis, oogenesis, and internal fertilization###The process of animal embryonic development	nan	2024	high	medium
435	"The correct statements regarding the generation and conduction of excitation in the nervous system are:

A. The direction of local current within the nerve fiber membrane is consistent with the direction of excitation conduction.
B. When excitation occurs, the outer membrane of the excited area changes from positive to negative potential.
C. The transmission of excitation between neurons is bidirectional.
D. The synaptic knob completes the conversion from ""chemical signal → electrical signal."""	multiple_answer_choice	A, B	The potential conditions inside and outside the cell membrane in various states.###Structure of the synapse###Generation and Conduction of Nerve Impulses	"[Answer] Solution: The direction of local current inside the nerve fiber membrane is consistent with the direction of excitation transmission, so A meets the requirement; when excitation occurs, the cell membrane at the excited site changes from positive to negative potential, so B meets the requirement; excitation transmission between neurons is unidirectional, so C does not meet the requirement; synaptic terminals complete the conversion from ""electrical signal to chemical signal,"" so D does not meet the requirement. Therefore, the answer is: AB.

[Analysis] 1. Excitation can be conducted bidirectionally on nerve fibers in the form of electrical signals.  
2. Excitation between neurons needs to be transmitted through synaptic structures, which include the presynaptic membrane, synaptic cleft, and postsynaptic membrane. Since neurotransmitters can only be released by the presynaptic membrane and act on the postsynaptic membrane, excitation can only be transmitted unidirectionally between neurons."	2018	high	hard
2044	"SREBP cleavage-activating protein (S protein) assists in transporting SREBP precursors from the endoplasmic reticulum to the Golgi apparatus. In the Golgi apparatus, SREBP precursors are cleaved by enzymes, producing a domain with transcriptional regulatory activity, which is then transported to the nucleus to activate the expression of genes related to the cholesterol synthesis pathway. Betulinic acid can specifically bind to S protein and inhibit its activation. The correct statements are:
A. Transport of SREBP precursors from the endoplasmic reticulum to the Golgi apparatus requires energy consumption.
B. S protein can regulate the transcription of cholesterol synthase genes in the nucleus.
C. Cholesterol is involved in the transport of lipids in the blood and is also an important component of animal cell membranes.
D. Betulinic acid can reduce cholesterol levels in the blood by affecting the production of the transcriptionally active domain of SREBP precursors."	multiple_answer_choice	A, C, D	Biomembrane system of the cell###Transcription of genetic information###Translation of genetic information	nan	2024	high	hard
2660	"To increase the sugar content in apple fruits, researchers conducted experiments using isotope labeling methods, with the treatments and results shown in the following table. The M protein is mainly expressed in root epidermal cells and is located on the cell membrane. Which of the following statements is correct?

A. M protein can promote the absorption of glucose from the surrounding environment by the roots.
B. Organic compounds synthesized in the leaves are mainly transported to the apple roots in the form of glucose.
C. Roots can absorb glucose, reducing the transport of photosynthetic products from the leaves to the roots, thereby allocating more sugar to the fruits.
D. Apples should be stored in low temperatures above freezing, low oxygen, and dry environments to reduce organic compound loss."	multiple_answer_choice	A, C	Application of the Principles of Cellular Respiration###Active transport###Application of the principles of photosynthesis	nan	2023	high	hard
4138	"To prepare insect-resistant cotton, researchers screened two insect-resistant genes B and D from biological sources in nature and introduced them into the chromosomes of cotton cells using genetic engineering methods. It is known that the brown and white colors of cotton fibers are controlled by genes A and a, respectively. When individuals with the genotype AaBD are self-crossed, the proportion of non-insect-resistant individuals in the offspring varies. The correct analysis is (   )

A. If the proportion of white, non-insect-resistant individuals in the offspring is 1/16, then genes B and D might be on the same chromosome.

B. If all offspring show insect-resistant traits, then genes B and D are on a pair of homologous chromosomes.

C. If the proportion of brown, non-insect-resistant individuals in the offspring is 1/4, then genes B, D, and a are on the same chromosome.

D. If the proportion of brown, non-insect-resistant individuals in the offspring is"	multiple_answer_choice	A, B, C	The essence and application of the law of independent assortment of genes###Law of Genetic Linkage and Crossover	nan	2024	high	hard
2666	"According to reports, two compounds named PBA and TUDCA aid in the treatment of type II diabetes. Their mechanism involves alleviating ""endoplasmic reticulum stress"" (a condition where excessive substances like fat accumulate in the endoplasmic reticulum causing malfunction) and inhibiting JNK gene activity, thereby restoring normal blood sugar balance in type II diabetes patients. Experiments conducted on mice with type II diabetes have been successful. The following analyses are correct:

A. Obesity may be related to the cause of type II diabetes.
B. Endoplasmic reticulum malfunction affects the regulation of blood sugar balance.
C. Inhibition of JNK gene activity is another important cause of type II diabetes.
D. The synthesis and secretion of insulin in mice with type II diabetes are related to the endoplasmic reticulum and Golgi apparatus."	multiple_answer_choice	A, B, D	Blood sugar balance regulation	"[Answer] According to the problem's conditions, ""PBA and TUDCA aid in the treatment of type II diabetes, one of the principles of treatment is alleviating endoplasmic reticulum stress,"" it can be inferred that obesity may be related to the cause of type II diabetes; option A aligns with the conditions. Insulin is a secreted protein that requires processing by the endoplasmic reticulum, and if the endoplasmic reticulum malfunctions, the processing of insulin will be affected; option B aligns with the conditions. Inhibiting JNK gene activity aids in the treatment of type II diabetes; option C does not align with the conditions. Insulin is a secreted protein, and the Golgi apparatus is involved with the secretion of secreted proteins; option D aligns with the conditions. Thus, the answer is: ABD.

[Analysis] Patients with type II diabetes do not completely lose the ability to produce insulin. Some patients even produce an excess of insulin,"	2017	high	hard
1942	"The incorrect statements about experimental operations and methods are:

A. In the ""exploring water absorption and loss in plant cells"" experiment, it is not possible to observe plasmolysis under a low-power microscope. 

B. In the experiment ""exploring the optimal concentration of auxin-like regulators for promoting cuttings to root,"" the role of the preliminary experiment is to reduce experimental error.

C. When using the quadrat method to investigate population density, sample plots should be delineated in the area where target individuals are densely distributed.

D. In the ""chrysanthemum tissue culture"" experiment, the callus tissue is first transferred to a shoot-induction medium, and after shoots develop, it is then transferred to a rooting medium."	multiple_answer_choice	A, B, C	Plasmolysis and recovery###Exploring the Effect of Auxin Analogues on Cutting Rooting###Methods for Estimating Population Density###The process of plant tissue culture	nan	2024	high	hard
1375	"The following description regarding meiosis and fertilization is incorrect ( ):
A. Independent assortment of chromosomes is not the only cause of gamete diversity
B. Half of the genetic material in the zygote comes from the egg cell and half from the sperm
C. During meiosis, the division of centromeres is accompanied by the independent assortment of non-homologous chromosomes
D. During meiosis, the division of centromeres is accompanied by the segregation of alleles"	multiple_answer_choice	B, C, D	Overview and Basic Process of Meiosis###Behavioral changes of chromosomes during the first and second divisions of meiosis###Fertilization	[Answer] Gametes produced by meiosis have diversity due to crossing over in prophase I and independent assortment in anaphase I, A does not meet the intended meaning; More than half of the genetic material in a fertilized egg comes from the egg cell, B fits the intended meaning; During meiosis, the division of centromeres accompanies the separation of sister chromatids, C fits the intended meaning; The division of centromeres during meiosis occurs in anaphase II, at which point there are no alleles in the cell, D fits the intended meaning. Therefore, the answer is: BCD [Analysis] The crossing over of non-sister chromatids of homologous chromosomes in prophase I and the independent assortment of non-homologous chromosomes in anaphase I are reasons why gametes produced by meiosis have diversity, A is correct; Half of the nuclear genetic material in the fertilized egg comes from the egg cell, and half comes from the	2017	high	hard
3247	"Sympathetic nervous excitement causes vasoconstriction, while metabolic products of muscle cells have vasodilatory effects. During exercise, sympathetic nervous excitability increases and metabolic products of muscle cells multiply. This regulatory mechanism allows blood flow in muscle during exercise to increase to 15 to 20 times the flow at rest. Which of the following statements is correct?

A. Metabolic products of muscle cells enter the internal environment and participate in humoral regulation.
B. During muscle activity, the effect of humoral regulation on muscle blood flow is greater than that of neural regulation.
C. Most metabolic products of muscle cells enter the bloodstream via tissue fluid, and increased blood flow facilitates the exchange of substances between tissue fluid and plasma.
D. During exercise, the metabolic products of muscle cells increase the osmotic pressure of tissue fluid, reducing the release of the body's antidiuretic hormone."	multiple_answer_choice	A, B, C	The role of neural and humoral regulation in maintaining homeostasis###Composition of the Internal Environment###Water-salt balance regulation	nan	2024	high	medium
3780	"Isotope labeling is a commonly used technique in biological research. The following statements about the applications of isotopes are incorrect:

A. Using \textsuperscript{14}C-labeled CO\textsubscript{2} revealed the transfer pathway of the carbon element in CO\textsubscript{2} during photosynthesis.
B. After a mouse inhales \textsuperscript{18}O\textsubscript{2}, the exhaled carbon dioxide does not contain \textsuperscript{18}O, but the urine contains H\textsubscript{2}\textsuperscript{18}O.
C. Labeling bacteriophage DNA with \textsuperscript{32}P and infecting bacteria intends to prove that protein is not the genetic material.
D. When exploring the mode of DNA replication, \textsuperscript{15}N\textsuperscript{15}N-DNA is located at the bottom of the"	multiple_answer_choice	B, C, D	The process and significance of aerobic respiration###Bacteriophage Infection Experiment###Replication of DNA molecules	nan	2024	high	hard
2040	"Regarding the significance of the curve shown in the diagram, the correct statement is:

A. If this graph represents the growth rate of grass carp numbers following an ""S"" pattern, then the number of fish after fishing should not be lower than point P.
B. If this graph represents the change in water loss of black algae cells in a certain solution, reversion after plasmolysis can be observed.
C. If this graph represents the effect of temperature on enzyme activity, point O on the curve should not intersect with the horizontal axis.
D. If this graph represents the growth-promoting effect of auxin analogs, segment PM represents inhibition of growth at higher concentrations."	multiple_answer_choice	A, B, C	Exploring the Factors Affecting Enzyme Activity###Plasmolysis and recovery###Application of auxin analogs in agricultural production###The change curve of population quantity	nan	2024	high	hard
1363	"Retinopathy is a common complication of diabetes. In a high glucose environment, catalyzed by DNA methyltransferases, some cytosines are modified with activated methyl groups to become 5-methylcytosine, leading to increased mitochondrial DNA base methylation levels in retinal cells, which can cause mitochondrial damage and functional abnormalities in retinal cells. The correct statement below is:

A. Elevated methylation levels of mitochondrial DNA can inhibit the expression of related genes.
B. In a high glucose environment, mitochondrial DNA also follows the principle of complementary base pairing during replication.
C. Methylation modifications caused by a high glucose environment alter the base sequence of mitochondrial DNA in patients.
D. High methylation levels of mitochondrial DNA in diabetic patients can be inherited."	multiple_answer_choice	A, B, D	Epigenetics	"**Answer:**

A. Increased levels of mitochondrial DNA methylation can lead to retinal cell mitochondrial damage and dysfunction, indicating that increased mitochondrial DNA methylation can inhibit the expression of related genes, A is correct.

B. The DNA in mitochondria also has a double helix structure, and during replication, it follows the principle of complementary base pairing, B is correct.

C. In a high glucose environment, under the catalysis of DNA methyltransferase, some cytosines gain an activated methyl group, without changing the DNA base sequence, C is incorrect.

D. Mitochondria are located in the cytoplasm, and the highly methylated mitochondrial DNA levels of all female diabetes patients can be inherited, D is correct.

Therefore, the answer is: ABD

**Analysis:**

1. Epigenetics: This refers to changes in gene expression and phenotype that are heritable, without any change to the base sequence of the organisms' genes. Causes of epigenetics include DNA"	2024	high	hard
1929	"The eye color phenotype of fruit flies includes red, eosin, and cream eyes. It is known that this trait is controlled by two pairs of alleles, A/a and B/b. To study its inheritance pattern, a research team selected two red-eyed fruit flies as parents for crossbreeding. In the offspring, all female fruit flies have red eyes, while among the male fruit flies, the ratio of red eyes to eosin eyes to cream eyes is 4:3:1. The correct statements are:

A. A/a and B/b follow the law of independent assortment.
B. One pair of A/a or B/b is located on the X chromosome.
C. There are a total of 9 genotypes among the offspring fruit flies.
D. The proportion of homozygous red-eyed females and homozygous red-eyed males in the offspring is the same."	multiple_answer_choice	A, B, D	The essence and application of the law of independent assortment of genes###Sex-linked inheritance###Method for determining the position of a gene on a chromosome###9:3:3:1 and 1:1:1:1 Variant Analysis	nan	2023	high	hard
3501	"Regarding the experiment ""Changes in the number of plant cell chromosomes induced by low temperatures."" The correct statements are:

A. Low temperature inhibits spindle formation during anaphase of mitosis.
B. The steps to prepare a slide are dissociation, rinsing, staining, and mounting.
C. Staining the chromosomes purple with gentian violet solution facilitates observation.
D. A change in the number of chromosomes in the cell indicates successful low-temperature induction."	multiple_answer_choice	B, C	The process, change patterns, and significance of mitosis###Chromosomal number variation###Low-temperature induced chromosome doubling experiment	nan	2024	high	medium
2635	"The correct statements about biological variation and breeding are:  
A. Gene mutation necessarily leads to changes in biological traits.  
B. Haploid breeding can significantly shorten the breeding period.  
C. Somatic cell hybridization in plants can overcome the barrier of incompatibility in distant hybridization.  
D. Crossing over between non-sister chromatids of homologous chromosomes can lead to genetic recombination."	multiple_answer_choice	B, C, D	Gene recombination and its significance###Characteristics and Significance of Gene Mutation###The concept of chromosome sets, haploid, diploid, polyploid###The process and application of somatic hybridization in plants	Answer: Explanation: Gene mutation does not necessarily cause changes in biological traits. For instance, codon redundancy means option A does not fit the context. Haploid breeding typically involves the use of haploid plants directly cultivated from pollen grains. Through artificial induction, the chromosome number is doubled, making paired genes on each chromosome homozygous. Such individuals are all homozygotes, and no trait segregation occurs in self-fertilized offspring, thereby significantly shortening the breeding period, so option B fits the context. Plant somatic hybridization refers to the process of fusing somatic cells from two different plants into a hybrid cell and then cultivating this hybrid cell into a hybrid plant. This technology can overcome the barriers of distant hybrid incompatibility, expand the range of parents, and develop new crop varieties, making option C fit the context. Genetic recombination can occur in the late stage of the first meiotic division, or during the tetrad period of the first meiotic division, which involves the crossing over	2018	high	hard
3210	"The saying ""hoe the field in drought, water the garden in flood"" describes farmers' adaptive agricultural practices based on changes in the natural environment during crop growth. Experienced farmers know that the drier the weather, the more they need to intensify hoeing (as it's known that when the soil surface is dry and the interior is moist, water rises along the soil capillaries, keeping the surface moist). During the hot summer season, especially after unexpected rain at noon or in the afternoon high-temperature periods, many farmers timely irrigate with cooler, oxygen-rich well water. The following statements are correct:  
A. Hoeing can remove weeds, reducing their absorption of water.  
B. Hoeing can loosen the soil, reducing the loss of moisture within it.  
C. Watering with well water after rain can lead to enhanced anaerobic respiration of root cells.  
D. ""Hoe the field in drought, water the garden in flood"" is beneficial for plants’ absorption of inorganic salts"	multiple_answer_choice	A, B, D	Application of the Principles of Cellular Respiration###Factors affecting cellular respiration	nan	2024	high	hard
436	"In neurons, the long-distance transport of mitochondria along axons requires the cytoskeleton as a track and relies on motor proteins for hauling. In aging neurons, motor proteins predominantly transport mitochondria towards the cell body. The correct statement is:

A. The cytoskeleton is a framework structure within the cell primarily composed of cellulose.
B. A loss of function in linker proteins can alter the distribution of mitochondria in neurons.
C. The cytoskeleton not only provides mechanical support for mitochondrial transport but also is involved in the construction of axons.
D. In aging neurons, the movement of mitochondria towards the cell body may be related to enhanced autophagy."	multiple_answer_choice	B, C, D	Other Organelles and Separation Methods###The main characteristics of senescent cells###Cytoskeleton###The basic structure of the nervous system	nan	2024	high	hard
4150	"In the table, the measurement data of the composition and content of intracellular fluid, interstitial fluid, and plasma in human cells are presented. Among the following related statements, the correct one is:

A. ② refers to plasma, and its osmotic pressure is mainly related to the content of inorganic salts and proteins in the plasma.

B. ③ refers to interstitial fluid; a reduction in protein content in ② will lead to an increase in ③.

C. ④ refers to intracellular fluid because it contains more proteins and K⁺.

D. The osmotic pressure of physiological saline is basically equal to that of plasma, so blood cells can maintain their normal shape in physiological saline."	multiple_answer_choice	A, B, C, D	The physiological significance of steady state###Composition of the Internal Environment	nan	2023	high	hard
2640	"Systemic Lupus Erythematosus (SLE) is an immunological disease involving multiple systems and organs, with the presence of various autoantibodies. Patients often present with fever, joint and muscle pain, hemolytic anemia, and facial skin lesions. The incorrect statement related to this disease is:

A. Certain structures on the surface of muscle cells are regarded as antibodies, causing patients to experience joint and muscle pain.
B. White blood cells recognize HLA on the surface of red blood cells and launch an attack, causing patients to suffer hemolytic anemia.
C. Helper T cells in the patient's body do not directly participate in attacking skin cells.
D. Only humoral immunity in the human body causes the immune response in SLE."	multiple_answer_choice	A, B, D	Immune dysfunction###Organ transplant###Cellular immunity###Humoral immunity	nan	2023	high	hard
2668	"Research has found that the natural protein molecule chaperone GroEL in bacteria can act as a nanomachine to carry hydrophobic drugs. The high concentration of ATP in the tumor microenvironment can trigger GroEL to change its conformation, causing its interior to shift from a hydrophobic to a hydrophilic environment, thereby actively releasing the carried drugs to kill tumor cells, achieving precise and controllable drug release. The following statements are unreasonable:

A. The DNA in tumor cells may be damaged, resulting in uncontrolled cell proliferation.
B. The change in GroEL protein conformation triggered by high ATP concentration may lead to its denaturation and inactivation.
C. The high concentration of ATP in the tumor microenvironment is synthesized in the tumor tissue fluid.
D. The synthesis of molecular chaperone GroEL requires the joint participation of multiple organelles."	multiple_answer_choice	B, C, D	The main factors of protein denaturation###The role and significance of ATP###Causes of cell carcinogenesis	"Answer:

A. Proto-oncogenes and tumor suppressor genes in cells have regulatory effects on cell proliferation. The uncontrolled proliferation of cancer cells may be related to the damage of these two types of genes in DNA. A is correct.

B. Changes in protein conformation do not necessarily lead to protein denaturation and inactivation. B is incorrect.

C. The main site of ATP synthesis is in the mitochondria, not in the tumor tissue fluid. C is incorrect.

D. The molecular chaperone GroEL originates from bacteria, which only have ribosomes as their cell organelles. D is incorrect.

Therefore, the answer is: BCD.

Analysis: Proteins are the main carriers of life activities, formed by the dehydration and condensation of amino acids. The function of a protein is related to its spatial structure, and if that structure is destroyed, the protein loses its function."	2020	high	hard
1925	"Fatty liver is a common clinical disease, primarily characterized by triglycerides, cholesterol, and phospholipids inside liver cells exceeding 5% of liver weight, or over 50% of liver cells showing fat degeneration histologically. Long-term alcohol consumption and excessive intake of fried foods can easily trigger fatty liver. Under the guidance of a doctor, a balanced diet, reasonable exercise, and the assistance of liver-protective, anti-inflammatory, or metabolic disorder improvement medications can help restore normalcy. Therefore, we should lead a healthy lifestyle and develop good habits. The following statement is incorrect (　　):

A. Phospholipids are essential components of liver cells and are also abundantly found in soybean seeds.
B. Triglycerides, phospholipids, and cholesterol are all classified as fats.
C. An appropriate amount of cholesterol is beneficial to health.
D. Fat is an important energy storage substance in cells and can break down in large quantities to provide energy during carbohydrate"	multiple_answer_choice	B, D	Types, Distribution, and Functions of Carbohydrates###Types of Lipids and Their Functions###Lipid synthesis in cells	nan	2024	high	hard
1647	"""Aquaponics"" is a new type of integrated farming system that circulates water from aquaculture fish ponds to hydroponic plant cultivation systems for purification before returning it to the fish ponds. This achieves ecological symbiosis where fish farming doesn't require water changes and plant cultivation doesn't require fertilization, allowing both to grow normally. The following statements are incorrect (      )
A. This integrated system can conduct material cycles independently of other ecosystems.
B. Mark-recapture method is used for investigating a certain type of fish, while sampling inspection method is used for investigating a certain type of planktonic algae.
C. Producers, consumers, decomposers, as well as non-biological matter and energy, form the structure of the ecosystem.
D. In traditional aquaculture, the accumulation of fish waste increases nitrogen and phosphorus in water, causing algal blooms, which is a phenomenon of biological enrichment."	multiple_answer_choice	A, C, D	Methods for Estimating Population Density###Structure of the ecosystem###Material cycling in ecosystems###Integrated structure and function of ecosystems	nan	2024	high	medium
4144	"In eutrophic water bodies, cyanobacteria such as Microcystis proliferate massively and produce difficult-to-degrade algal toxins, severely threatening the survival of aquatic organisms and human health. Researchers collected water samples from a lake at different times and measured the algal toxin content in Microcystis and the edible tissues of some aquatic animals. The results are shown in the table below. The correct analysis is (   ).
A. The proliferation of Microcystis inevitably leads to a decrease in the lake's biodiversity.
B. The different distributions of organisms in the table reflect the vertical structure of the lake community.
C. The difference in dietary habits between silver carp and carp indicates they occupy different ecological niches.
D. The topmouth culter belongs to the highest trophic level in the surveyed water body."	multiple_answer_choice	B, C, D	Community structure###The ecological niches of several species in the local natural community.###Global ecological and environmental issues###The Value of Biodiversity	nan	2024	high	hard
193	"Scientific research indicates that during the development of peanut seeds, the content of soluble sugars gradually decreases, while the fat content gradually increases. During the germination of peanut seeds, the fat content gradually decreases, and the soluble sugar content gradually increases. The correct related statement is:

A. Peanut oil made from peanut seeds contains rich saturated fatty acids and is liquid at room temperature.
B. During the development of peanut seeds, the transformation of soluble sugars into fat is more conducive to energy storage.
C. During the germination of peanut seeds, the process of converting fat into soluble sugars requires a relatively large amount of oxygen.
D. The process of converting fat into soluble sugars can undergo a large transformation within peanuts and the human body."	multiple_answer_choice	B, C	Lipid synthesis in cells###Carbohydrate synthesis in cells	nan	2023	high	medium
3560	"For an experiment on ""validating the selectivity of living cells in absorbing substances"" using corn kernels, the following statement is incorrect:

A. Before the experiment, soak the corn kernels in warm water at 20-25°C for an appropriate amount of time.
B. First dye the soaked corn kernels with red ink, then cut them longitudinally and observe their color changes.
C. Uncooked corn embryos are lighter in color compared to cooked ones after dyeing, indicating living cells selectively absorb substances.
D. If both cooked and uncooked corn endosperm are dyed red, it shows that living cells can control the intake and output of substances."	multiple_answer_choice	B, D	Functional characteristics of biological membranes###Summary of the ways substances move in and out of cells.	"[Answer] A. Soaking corn kernels in 20-25℃ warm water for an appropriate time before the experiment can enhance the respiration of the seed embryos, making the experimental results clearer. A is correct;  
B. The corn kernels should be cut longitudinally, stained with red ink, and then observed for color changes. B is incorrect;  
C. Uncooked corn embryos are stained lighter than cooked ones. The embryo cells of corn are living cells, indicating that live cells selectively absorb substances. C is correct;  
D. If both cooked and uncooked corn endosperm are stained red, it implies the endosperm cells are dead cells. D is incorrect.  
Therefore, the answer is: BD.

[Analysis] (1) The cell membrane functionally has selective permeability, meaning the cell membrane allows water molecules to pass freely, and ions and small molecules that the cell chooses to absorb can also pass, while other ions, small molecules, and large molecules cannot"	2022	high	hard
5089	"Century eggs are ordinary duck eggs marinated in alkaline substances. The table below compares the content of several components in 100g of ordinary duck eggs and century eggs. Which of the following statements is correct?

A. Zinc in ordinary duck eggs functions in maintaining normal cellular activities.

B. The proteins, fats, and carbohydrates in ordinary duck eggs are all direct energy sources for cells.

C. Selenium in century eggs is also a major element constituting human cells.

D. The spatial structure of proteins in century eggs is destroyed, which facilitates digestion and absorption."	multiple_answer_choice	A, D	The main factors of protein denaturation###Elements and compounds that make up cells###Energy substances in cells	nan	2024	high	easy
2042	"The following statements about embryonic stem cells and biotechnology are correct:

A. In embryo engineering, embryonic stem cells can come from the inner cell mass of the morula.
B. Embryonic stem cells are small in size, have large nuclei, distinct nucleoli, and possess totipotency.
C. Embryonic stem cells can maintain an undifferentiated state on trophoblast cells or in a culture medium with added inhibitors.
D. Embryonic stem cells can be used to treat diseases such as Parkinson's syndrome caused by cell necrosis, degeneration, or functional abnormalities."	multiple_answer_choice	B, D	Embryonic Stem Cells and Their Applications	"Answer: A. In embryonic engineering, embryonic stem cells come from the inner cell mass of the blastocyst, A is incorrect; B. Embryonic stem cells are a type of cell isolated from early embryos or primordial germ cells, characterized by small size, large nucleus, and prominent nucleoli, with full developmental potential, B is correct; C. Embryonic stem cells can maintain a state of proliferation without differentiation on feeder cells or in culture medium with differentiation inhibitors, but can differentiate in the presence of inducing factors, C is incorrect; D. Using embryonic stem cells to induce differentiation to form new tissue cells and transplanting them to patients can restore necrotic or degenerative tissues, hence embryonic stem cells can treat diseases like Parkinson's syndrome caused by cell necrosis, degeneration, or functional abnormalities, D is correct. Therefore, the answer is: BD.

Analysis:
1. Embryonic engineering refers to various micromanipulation and processing techniques performed on early"	2021	high	hard
438	"After intense exercise and heavy sweating, athletes often drink ""functional beverages"" containing specific ingredients instead of plain water. Below is the main ingredient list of a certain functional beverage. Based on the table, the following statements are correct:

A. The phosphate and dihydrogen phosphate in the beverage play an important role in maintaining the stability of the extracellular fluid pH.
B. Since the beverage does not contain fat, drinking a large amount will not lead to obesity.
C. Intense exercise consumes a lot of energy, and sugars like sucrose can directly enter human cells to replenish energy.
D. Heavy sweating not only results in water loss but also salt loss, so functional beverages contain both water and inorganic salts."	multiple_answer_choice	A, D	Types, Distribution, and Functions of Carbohydrates###The comprehensive functions of water and inorganic salts###Types of Lipids and Their Functions	"[Answer] A. In human body fluids, hydrogen phosphate and dihydrogen phosphate form an acid-base buffer pair, maintaining the extracellular fluid acid-base balance, A is correct; B. The drink does not contain fats but contains sugars, and excess sugars can be converted into fats, so excessive consumption can also lead to obesity. B is incorrect; C. Sucrose is a disaccharide that needs to be broken down into monosaccharides before it can be absorbed by human cells to provide energy. C is incorrect; D. Sweat contains water, inorganic salts, urea, etc., so sweating results in the loss of both water and inorganic salts. To maintain normal life activities, the lost water and inorganic salts need to be replenished, so functional drinks contain both water and inorganic salts. D is correct; Therefore, the answer is: AD.

[Analysis] (1) Functions of inorganic salts include: ① forming some complex compounds, such as P being an important component of"	2023	high	hard
4168	"The following statements related to genetic breeding are incorrect (   ):
A. Irradiating germinating seeds with ultraviolet light will only cause gene mutations. 
B. Continuous self-pollination in the process of hybrid breeding can continually increase the proportion of homozygotes.
C. Parental hybridization in the process of haploid breeding can concentrate excellent genes into a single individual.
D. Treating seedlings with colchicine results in all cells of the plant having doubled chromosomes."	multiple_answer_choice	A, D	Integrated Breeding Methods	"Answer: Exposing germinating seeds to ultraviolet light can induce gene mutation and chromosomal variation, which is consistent with the intended meaning for A. Continuing self-pollination in the hybrid breeding process can continually increase the proportion of homozygotes, which is not consistent with the intended meaning for B. Haploid breeding can start with crossing parents with different excellent traits, concentrating their excellent genes into the same individual, F\textsubscript{1}, then conducting in vitro culture of F\textsubscript{1} anthers to obtain haploid plants, and artificially inducing haploid seedlings to double the number of chromosomes in their cells, which is not consistent with C. Treating seedlings with colchicine to obtain plants does not double the number of chromosomes in root cells, which aligns with the intended meaning for D. Therefore, the answer is AD.

Analysis: The most common method for artificially inducing polyploids is treating germinating seeds and seedlings with colchicine. The principle is that when colch"	2017	high	hard
2381	"Ecologists investigated vegetation types in different altitude zones of a certain mountain, and the results are shown in the table below. The following statements are incorrect (     ):
A. The differences in vegetation distribution in different vertical zones are largely determined by temperature.
B. With increasing altitude, changes in vegetation types result from community succession.
C. The differences in vegetation types at different altitudes reflect the vertical structure characteristics of the community.
D. Compared to deciduous broadleaf forests, wind-pollinated flowers are rare in tropical monsoon forests, and many plants in these forests have brightly colored flowers and bright, juicy fruits."	multiple_answer_choice	B, C	Community structure###Succession of communities###Main types of communities	nan	2023	high	medium
3864	"Extract all mRNA from a plasma cell (L) of a higher animal and synthesize the corresponding DNA single strand (L-cDNA) using it as a template, and extract all mRNA (P-mRNA) from the islet B cell (P) of the same individual. The following statements are incorrect:

A. P-mRNA undergoes molecular hybridization with L-cDNA, and complementary base pairing can occur.
B. Restriction enzymes can specifically recognize a certain nucleotide sequence in DNA molecules and break phosphodiester bonds.
C. P-mRNA that is complementary to L-cDNA contains mRNA encoding respiratory enzymes.
D. Plasma cells cannot secrete insulin because they lack the relevant genes encoding insulin."	multiple_answer_choice	A, D	Cell differentiation and its significance###Applications of Genetic Engineering###Basic Tools of Genetic Engineering (Detailed)###Basic Procedures of Genetic Engineering	"Answer: Analysis:
A. Due to different selective expression of genes, the P-mRNA extracted from islet B cells cannot fully complement with L-cDNA, A is incorrect;
B. Restriction enzymes can specifically recognize certain nucleotide sequences in DNA molecules and break the phosphodiester bonds, B is correct;
C. The genes for synthesizing respiratory enzymes are expressed in both plasma cells and islet B cells, so the P-mRNA that can complement L-cDNA contains the mRNA encoding for respiratory enzymes, C is correct;
D. Plasma cells cannot synthesize insulin because the genes related to insulin synthesis are not expressed in plasma cells, D is incorrect.
Therefore, the answer is: AD.

Analysis:
The essence of cell differentiation is the selective expression of genes, which includes the processes of transcription and translation. The mRNA transcribed from genes differs among different cells, leading to variations in the types and quantities of proteins produced, resulting in stable differences in cell morphology, structure, and function"	2020	high	medium
3815	"T\textsubscript{4} lysozyme tends to lose activity at higher temperatures. Scientists modified the gene encoding T\textsubscript{4} lysozyme, changing the isoleucine at position 3 to cysteine in the expressed T\textsubscript{4} lysozyme, thereby increasing the number of disulfide bonds to enhance the heat resistance of T\textsubscript{4} lysozyme. The following related statement is incorrect (　　):
A. To obtain heat-resistant T\textsubscript{4} lysozyme, its spatial structure must first be designed, and suitable sites selected for amino acid replacement.
B. The traits obtained from this research modification cannot be inherited by offspring.
C. This research can use gene site-directed mutagenesis to replace bases in the RNA guiding T\textsubscript{4} lysozyme protein synthesis.
D. The modification of T\textsubscript{4} lysozyme"	multiple_answer_choice	B, C, D	Protein engineering	nan	2024	high	medium
243	"The correct statement about the application of enzymes is:

A. Laundry detergents with added cellulase can make cotton and linen garments fluffy and soft.  
B. Enzymes are not sensitive to organic solvents, but are highly sensitive to high temperature, strong acids, and strong bases.  
C. In the process of using immobilized glucose isomerase to produce high fructose syrup, pH, temperature, and dissolved oxygen must be controlled.  
D. Immobilized enzymes can be reused repeatedly, but immobilization may cause damage to the enzymes, affecting their activity."	multiple_answer_choice	A, D	The washing effect of enzyme-added laundry detergent and its influencing factors	"[Answer] A. The main component of cotton and linen is cellulose, so laundry detergents with the addition of cellulase can make cotton and linen clothing fluffy and soft, A is correct; B. Since most enzymes are proteins, they are very sensitive to organic solvents, high temperatures, strong acids, and strong alkali conditions, which can cause them to lose activity, B is incorrect; C. In the application of immobilized enzymes, it is necessary to control the pH and temperature, but it is unrelated to dissolved oxygen because temperature and pH affect enzyme activity, C is incorrect; D. Immobilized enzymes essentially fix the respective enzyme onto a water-insoluble carrier to realize repeated use of the enzyme, but immobilization may cause changes in the enzyme structure, thereby altering the enzyme's catalytic activity, D is correct. Hence, the answer is AD.

[Analysis] Enzymes are organic compounds produced by living cells with catalytic functions, characterized by high efficiency and specificity, and"	others	high	medium
2872	"Compared with traditional fermentation technology, fermentation engineering has a richer variety of products and significantly improved yield and quality. The correct statements are: 

A. Fermentation engineering strains can be selected from nature or obtained through mutagenesis breeding.
B. Traditional fermentation mainly involves solid and semi-solid fermentation, whereas fermentation engineering mainly involves liquid fermentation.
C. Fermentation conditions in fermentation engineering must be strictly controlled to prevent affecting the growth, reproduction, and metabolism of microorganisms.
D. Single-cell proteins extracted from microbial cells through fermentation engineering can be used as feed for livestock and poultry."	multiple_answer_choice	A, B, C	Basic aspects of fermentation engineering###Applications of Fermentation Engineering	nan	2024	high	medium
3239	"The unethical biotechnological application is (　　)  
A. Using in vitro fertilization technology to solve infertility issues  
B. Conducting research on human reproductive cloning experiments  
C. Using genetic recombination technology to produce biological weapons to eliminate enemies  
D. Prohibiting the birth of fetuses with genetic defects through genetic testing"	multiple_answer_choice	B, C, D	Biological weapon	"Answer: A. The use of in vitro fertilization to solve infertility issues is ethically acceptable, therefore A is incorrect; B. Human cloning seriously violates human ethics, making reproductive cloning research unethical, thus B is correct; C. Creating new pathogenic bacteria through recombinant gene technology, causing sudden illness with no treatment available, and leading to extreme panic and paralysis in the affected country, is unethical, therefore C is correct; D. Using genetic testing to prevent the birth of fetuses with genetic defects is unethical, therefore D is correct. Thus, the correct choices are BCD.

Analysis: 1. Reproductive cloning refers to using cloning technology for reproductive purposes, specifically to produce individual humans. Therapeutic cloning involves using cloning technology to produce specific cells and tissues (such as skin, nerve, or muscle) for therapeutic transplantation. The Chinese government prohibits reproductive human cloning, adhering to the four principles (oppose, disallow, not support, and not accept any reproductive human cloning experiments), but does not"	others	high	medium
3863	"The following statements regarding the various chemical components and physicochemical properties of the internal environment of the human body are incorrect (    ):
A. The stability of external environmental factors and the activities of various organs and systems of the human body form the basis for maintaining the homeostasis of the internal environment.
B. The process of ""consuming excessively salty food → … → relatively constant osmotic pressure of extracellular fluid"" involves only fluid regulation.
C. Changes in external temperature can also affect the changes in glucagon and insulin content within the internal environment.
D. The decomposition of proteins into amino acids can only occur in the digestive tract and not within the internal environment or inside cells."	multiple_answer_choice	A, B, D	Composition of the Internal Environment###Steady-state regulatory mechanism###Body temperature regulation###Water-salt balance regulation	"[Answer] Changes in external environmental factors can occur, but with the coordinated and normal functioning of various organs and systems in the human body, homeostasis can still be maintained, making Option A incorrect. The process of ""intake of overly salty food → ... → relatively constant osmotic pressure of extracellular fluid"" involves hormonal regulation and neural regulation by the hypothalamic water-salt balance center, making Option B incorrect. Changes in external temperature can lead to variations in glucagon and insulin levels within the body's internal environment, making Option C correct. The breakdown of proteins into amino acids can occur within cells, making Option D incorrect.

[Analysis] 1. The body uses neural-fluid-immune regulation to maintain a relatively stable internal state in response to changes in internal and external environments.  
2. When consuming overly salty food, the body has a ""salty"" ""sensation,"" which must involve neural regulation.  
3. Insulin and glucagon affect blood glucose levels, and blood glucose"	others	high	medium
2657	"A spermatogonium with genotype AaX\textsuperscript{B}Y undergoes meiosis. The correct statement is (    )
A. The number of chromosome sets in the cell is the same during metaphase I and anaphase II of meiosis
B. If the resulting sperm ratio is AX\textsuperscript{B}∶aX\textsuperscript{B}∶AY∶aY = 1∶1∶1∶1, crossing over may have occurred
C. If the resulting sperm ratio is AX\textsuperscript{B}∶aX\textsuperscript{B}∶aY = 1∶1∶2, the possible cause is nondisjunction of homologous chromosomes
D. If the cell contains no chromatids and the genome is AAYY, the cell may be in anaphase II of meiosis"	multiple_answer_choice	A, B, D	Characteristics and Significance of Gene Mutation###Meiosis of cells comprehensive	nan	2023	high	hard
3865	"The rapid development of biotechnology has sparked numerous debates regarding safety and ethics. Which of the following do you think are correct? 
A. Scientists should be responsible for their scientific research and to society. 
B. Scientists should disseminate scientific knowledge to the public. 
C. The public should address these issues rationally and responsibly. 
D. The public can adopt different attitudes based on their own values."	multiple_answer_choice	A, B, C	Ethical Issues in Biotechnology	"Solution:  
A. Scientists should be responsible for their scientific research and society, taking seriously issues such as the safety of genetically modified organisms; A is correct.  
B. Scientists should disseminate scientific knowledge to the public to help people correctly understand the safety and ethical issues of biotechnology; B is correct.  
C. The public should deal with these issues rationally and responsibly; C is correct.  
D. The public should deal with these issues rationally and responsibly, but cannot adopt different attitudes based on their own values; D is incorrect.  
Therefore, the answer is: ABC.  

Analysis:  
1. Safety issues of genetically modified organisms: food safety (delayed effects, allergens, changes in nutritional components), biosafety (impact on biodiversity), environmental safety (impact on ecosystem stability). The correct approach to genetically modified technology is to maximize benefits and minimize harms, not overreact.  
2. Regarding ethical debates in biotechnology, the Chinese government's stance is to prohibit reproductive cloning, adhering"	others	high	medium
85	"The following statements about the life cycle of cells are incorrect (    ):
A. Cells with stronger division ability usually have a shorter lifespan.
B. In aging cells, the nucleus decreases in volume and chromatin condenses.
C. During cell growth, the relative surface area increases, improving the efficiency of material exchange.
D. Autophagy in cells also has a certain significance for maintaining the stability of the internal cell environment."	multiple_answer_choice	A, B, C	The reason why cells cannot grow indefinitely.###Cell differentiation and its significance###The main characteristics of senescent cells###Cellular autophagy	"Answer: A, the lifespan of cells is unrelated to their division ability, A is incorrect; B, in aging cells, intracellular water decreases, cells shrink and decrease in volume, but the nucleus increases in volume, chromatin condenses, and staining intensifies, B is incorrect; C, the larger the cell volume, the smaller its relative surface area (the ratio of surface area to volume), resulting in lower material exchange efficiency. Therefore, as cells grow, their volume increases, but their relative surface area decreases, and material exchange efficiency decreases accordingly, C is incorrect; D, autophagy can renew aging cells and organelles, which is positively significant for maintaining the dynamic balance of the cell's internal environment, D is correct. Therefore, the answer is: ABC.

Analysis: 1. Regarding ""cell differentiation,"" candidates can grasp the following aspects: (1) Cell differentiation refers to a process in which progeny from the proliferation of one or a type of cell undergo stable differences in"	2023	high	easy
1050	"Currently, only two female northern white rhinos remain, and researchers are attempting to save the species using modern biotechnology, utilizing a small amount of northern white rhino sperm preserved in laboratories. Which of the following statements is correct?

A. Researchers can use techniques such as in vitro fertilization and embryo transfer to breed test tube animals of the northern white rhino.

B. If a cloned animal of the northern white rhino is cultivated using somatic cell nuclear transfer technology, this animal will certainly be female.

C. To breed more offspring, the embryo at the gastrula stage obtained through artificial breeding technology can be divided.

D. During embryo transfer, female northern white rhinos treated for synchronized estrus will not experience an immune rejection reaction."	multiple_answer_choice	A, B, D	The process of animal embryonic development###The concept and technology of embryonic engineering	"Answer: A. Because there are two female individuals and a small amount of northern white rhino sperm, researchers can use in vitro fertilization, embryo transfer, and other techniques to breed test-tube northern white rhinos, thus saving the species. A is correct; B. Currently, there are only female individuals, meaning somatic cells are from female animals only. If cloning technology using somatic cell nuclear transfer is used to breed northern white rhinos, the cloned animals will certainly be female. B is correct; C. To breed more offspring, embryos at the morula or blastocyst stages obtained through artificial breeding techniques can be divided. C is incorrect; D. During embryo transfer, hormones are used to synchronize the estrus cycle of donors and recipients, providing a similar physiological environment for the embryo's implantation. A female northern white rhino treated with synchronized estrus will not experience immune rejection. D is correct. Therefore, the answer is ABD.

Analysis: 1. Embry"	2023	high	medium
1246	"Structure and function adaptation is an important concept of life. The following statement is correct:  
B. The inner surface of the small intestine folds has many villi, which can expand the surface area and facilitate the absorption of nutrients.  
C. Neurons have many protrusions that connect with other neurons, facilitating the reception and transmission of information.  
D. The walls of the alveoli and their surrounding capillaries are composed of only one layer of epithelial cells, which facilitates gas exchange."	multiple_answer_choice	B, C, D	People in the Biosphere	"Answer: A. The valve between the atrium and ventricle is called the atrioventricular valve. Normally, it only opens towards the ventricle, facilitating blood flow from the atrium to the ventricle. Option A is incorrect. B. The small intestine is the main site for food digestion and absorption. Its inner surface has many circular folds and intestinal villi, greatly increasing the surface area, which is conducive to nutrient absorption. Option B is correct. C. Neurons have many extensions, including dendrites and axons. The ends of these extensions connect with multiple other neurons, aiding in information reception and transmission, thus enabling response to stimuli. Option C is correct. D. The walls of the alveoli and the capillary walls outside the alveoli are composed of a single layer of epithelial cells. These characteristics facilitate gas exchange between the alveoli and the blood. Option D is correct. Therefore, the answer is: BCD.

Analysis: 1."	2023	high	medium
5308	"The green leaf sea slug is a fascinating creature. This mollusk consumes a single meal of algae in its lifetime, allowing it to absorb chloroplasts into its own cells, making the body full of chloroplasts and capable of photosynthesis, thus no longer needing to eat for the rest of its life. When the cells of the green leaf sea slug are observed under an optical microscope, the identifiable pure structures are:

A. Cell wall  
B. Cell nucleus  
C. Chloroplasts  
D. Vacuoles"	multiple_answer_choice	B, C	Animals in the biosphere	"Answer: A. Green-leaf sea slugs are animals and lack a cell wall. After feeding on algae, they can break down the algae's cell walls, so they cannot be seen under an optical microscope. Option A does not meet the criteria.

B. Green-leaf sea slugs are eukaryotic organisms with a nucleus, which can be observed under an optical microscope. Option B meets the criteria.

C. Green-leaf sea slugs can absorb chloroplasts into their own cells, filling them with chloroplasts, so these can be observed under an optical microscope. Option C meets the criteria.

D. After feeding on algae, green-leaf sea slugs can break down the algae's vacuoles, so they cannot be observed under an optical microscope. Option D does not meet the criteria.

Therefore, the answer is: BC.

Analysis: 1. The basic structure of animal cells includes: cell membrane, cytoplasm (cytosol and organelles),"	2023	high	easy
2085	"Regarding the safety of modern bioengineering technology applications, which of the following statements is correct?

A. The attitude towards biological weapons should be clear and firm, namely, to resolutely prohibit biological weapons.
B. The exogenous DNA of genetically modified plants should be carefully selected to avoid producing proteins that are harmful or allergenic to humans.
C. China does not oppose therapeutic cloning and allows limited human cloning experiments.
D. If any safety issues are discovered with genetically modified organisms, the experiment should be stopped immediately and the recombinant organisms destroyed."	multiple_answer_choice	A, B, D	The safety issues of genetically modified organisms###Biological weapon###The procedure of therapeutic cloning###The Pros and Cons of Cloning	"[Answer] A. The destructive power of biological weapons brings devastating disasters to humanity. The attitude towards biological weapons should indeed be clear and firm, that is, to resolutely prohibit biological weapons, A is correct;  
B. The foreign DNA of genetically modified plants should be carefully selected to ensure safety and avoid producing proteins harmful or allergenic to humans, B is correct;  
C. Our country does not oppose therapeutic cloning, but prohibits human cloning experiments, C is incorrect;  
D. If any safety issues with genetically modified organisms are discovered, the experiment must be immediately stopped, and the recombinant organisms destroyed to prevent greater harm, D is correct.  
Therefore, the answer is: ABD.

[Analysis] 1. Biological weapons are weapons that use biological agents to harm people, livestock, and destroy plants. Biological weapons involve the comprehensive use of biological preparations, carriers, and dispersal methods. Since their inception, biological weapons have posed a serious threat to human survival and safety.  
2"	2023	high	easy
2148	"Rice blast disease caused by the fungus Magnaporthe oryzae is one of the most severe fungal diseases, causing significant economic loss to rice production every year. Some microorganisms in the soil can synthesize and secrete chitinase, which inhibits the growth of Magnaporthe oryzae and can be used for the prevention and treatment of rice blast disease. Researchers are attempting to screen for strains from the soil that can efficiently degrade chitin and obtain chitinase through microbial cultivation. The correct statements related to this are:

A. To screen the target microorganisms in the soil, a medium using chitin as the sole carbon source is required.
B. For pure culture, the dilution plating method or streak plating on agar plates can be used for inoculation.
C. All colonies that grow on a medium with chitin as the sole carbon source are capable of secreting chitinase.
D. Using microorganisms that secrete chitinase for the prevention and treatment of rice blast disease constitutes"	multiple_answer_choice	A, B, D	Isolation and Cultivation of Microorganisms###Selective effects of culture media on microorganisms###Biological Pollution and Its Prevention and Control###Overview and Classification of Culture Media	"Answer: 

A. When selecting target microorganisms from soil that degrade chitin, a medium with chitin as the sole carbon source should be used for screening, which is correct.  
B. During purification culture, either the dilution spread plate method or the streak plate method can be used for inoculation, both of which can yield single colonies, which is correct.  
C. Colonies growing on a medium with chitin as the sole carbon source do not necessarily secrete chitinase; some may use chitin decomposition products as their carbon source, which is incorrect.  
D. Using microorganisms that can secrete chitinase for controlling rice blast disease is a form of biological control, which is correct.  

Therefore, the answer is: ABD  

Analysis: To isolate microorganisms from soil that can synthesize chitinase, use chitin as the sole carbon source to eliminate fungi that do not produce chitinase, achieving the screening effect. The hydrolysis zone is created by the microorganisms"	2024	high	medium
2501	"Regarding the statement about culture media, the incorrect one is (   )
A. An organic small molecule needs to be added to the culture medium inducing callus tissue
B. Adding Congo Red to the medium containing cellulose can be used as a selective medium for cellulose-decomposing bacteria
C. The medium for glutamic acid fermentation should have its pH adjusted to neutral or slightly acidic before sterilization
D. The nutrients for embryonic development during the cleavage stage mainly come from the culture solution it is in"	multiple_answer_choice	B, C, D	Isolation of cellulose-decomposing bacteria###The process of animal embryonic development###Factors Affecting Plant Tissue Culture###Basic aspects of fermentation engineering	nan	2024	high	easy
