index	question	category	A	B	C	D	answer	knowledge	analysis	year	grade_level	difficulty_level
1017	The correct statement related to biological experiments is (     ):	single_answer_choice	Hill prepared isolated chloroplast suspension and added iron salt, after illumination, oxygen was released.	No control experiment was set up in the experiment observing plasmolysis and recovery in the epidermal cells of purple onion scale leaves.	Catalase was used as experimental material to investigate the effect of temperature on enzyme activity.	Setting a blank control in the preliminary experiment of finding the optimal auxin concentration for promoting cuttings' rooting can reduce experimental error.	A	Exploring the Factors Affecting Enzyme Activity###The History of the Discovery of Photosynthesis###Plasmolysis and recovery###Exploring the Effect of Auxin Analogues on Cutting Rooting	nan	2024	high	hard
3451	The following statement regarding biological science research methods and related experiments is incorrect (     ):	single_answer_choice	Comparative Experimental Method: Exploration of enzyme efficiency and yeast cell respiration experiments.	Isotope Labeling Method: Experiments on the synthesis and secretion process of secretory proteins and bacteriophage infection of bacteria.	Model Building Method: Discovery of DNA double helix structure and experimenting on yeast population change patterns.	Differential Centrifugation Method: Separation of various organelles in cells and proving the semiconservative replication of DNA.	D	Coordination between organelles###Exploring the Factors Affecting Enzyme Activity###Exploring the Respiration Methods of Yeast###Bacteriophage Infection Experiment###The structure of DNA molecules###Exploring the dynamic changes in yeast population numbers in the culture medium.###Replication of DNA molecules	"**Answer:** Investigating yeast cell respiration and enzyme efficiency experiments use the comparative experiment method, A is correct; the processes of synthesis and secretion of secretory proteins and the bacteriophage infection of bacteria experiments use the isotope labeling method, B is correct; the discovery of the DNA double helix structure was through the construction of a physical model, and the curve of population growth was through the construction of a mathematical model, C is correct; the method commonly used to isolate various organelles is differential centrifugation, while the experimental study of the semiconservative replication of DNA used the isotope labeling method, D is incorrect. Therefore, the answer is: D.

**Analysis:** (1) The method for isolating organelles is differential centrifugation.  
(2) Radioactive isotopes can be used to trace the movement and change patterns of substances. Compounds labeled with radioactive isotopes do not change their chemical properties, and by tracing these labeled compounds, the detailed process of chemical reactions"	2021	high	hard
2026	In life, we often encounter some biological issues. The correct understanding is as follows:  	single_answer_choice	Lipids will make people gain weight, so it's best to avoid intake.  	The compound most abundant in lean meat is protein, so it should be replenished promptly.  	Sugar-free eight treasure porridge does not add sucrose but adds xylitol, so it contains no carbohydrates.  	The compound the human body needs most daily is carbohydrates, so staples should be grain products.	D	Types, Distribution, and Functions of Carbohydrates###Types of Lipids and Their Functions	"**Answer** A: Lipids contain three types: fats, phospholipids, and cholesterol, each with different functions. Not all lipid substances cause weight gain, such as phospholipids, which are the main components of cell membranes. Lipids play an important role in the human body and should not be excluded from the diet. A is incorrect.  
B: The compound with the highest content in lean meat is water. B is incorrect.  
C: Sugar-free eight-treasure porridge does not contain added sucrose but does contain xylitol. However, various grains in the porridge contain starch, which is a form of carbohydrate. C is incorrect.  
D: Carbohydrates are the main source of energy. The human body requires the highest amount of carbohydrates, so the staple food should be grain products. D is correct.  
Thus, the answer is: D.

**Analysis**  
(1) Lipids are divided into fats, phospholip"	others	high	hard
3201	By using genetic engineering, insect-resistant gene A and herbicide-resistant gene B were successfully introduced into the chromosomes of plant W (2\emph{n}=40). When plant W is self-pollinated, the proportion of offspring that are neither insect-resistant nor herbicide-resistant is 1/16. A cell from a certain part of plant W is cultured under suitable conditions to produce 4 daughter cells. Fluorescent markers are used to track genes A and B (both gene A and B can be fluorescently labeled). The following statement is incorrect:	single_answer_choice	If a certain cell has 4 fluorescent spots, it could be a cell undergoing the second meiotic division	If a certain cell has 4 fluorescent spots, it could be a cell undergoing the second meiotic division.	If all 4 daughter cells contain 2 fluorescent spots, the sampled part might be the root tip meristem.	If the 4 daughter cells each contain 1, 1, 1, 1 fluorescent spot, no tetrads appeared during cell division.	C	The process, change patterns, and significance of mitosis###Overview and Basic Process of Meiosis	"[Answer] A. Before meiosis, chromosomes replicate once, while cells divide twice consecutively during meiosis. Therefore, when fluorescently labeled genes A and B enter the same pole of the cell simultaneously during the late stage of the first meiotic division, there will be 4 fluorescent spots in one cell during the second meiotic division (prophase, metaphase, anaphase), so A does not meet the criteria.

B. If 4 daughter cells each contain 2 fluorescent spots, this indicates each cell has both gene A and gene B, suggesting it underwent two mitotic divisions. Thus, the sampling site might be the root tip meristem, so B does not meet the criteria.

C. If 4 daughter cells each contain 1 fluorescent spot, indicating each cell has only one A or B gene, it underwent meiosis, suggesting the occurrence of tetrads during cell division, so C meets the criteria.

D. If 4 daughter cells contain 2,"	others	high	hard
4673	Genes are segments of DNA with hereditary effects that control the synthesis of corresponding proteins through transcription and translation. If a messenger RNA contains m bases, of which G+C number n, the protein synthesized by this mRNA consists of a single peptide chain. The numbers of A+T in its template DNA molecule and the number of water molecules removed during protein synthesis are respectively:	single_answer_choice	2(m-n), m/3-	m, m/3-1 	m, m/3-2	2(m-n), m/3-1 	C	Transcription of genetic information###Translation of genetic information	[Solution] Given that the mRNA molecule has m bases with n being G+C, we know A+T is (m-n). The A+T in the two DNA strands is the same, so A+T is 2(m-n). The number of amino acids is 1/3 of the bases in mRNA, and the protein contains one peptide chain, so the number of water molecules removed is m/3-1. Therefore, the answer is: C. [Analysis] According to the question, the total number of bases in the template DNA molecule is twice that in the mRNA molecule, so the A+T in the template DNA is 2(m-n). In the mRNA molecule, every three adjacent bases determine one amino acid, so m bases correspond to m/3 amino acids, which form a peptide chain with m/3-1 water molecules removed.	2019	high	hard
3542	The correct statements about biological experiments and techniques are (    )	single_answer_choice	Both ① and ⑤ require the use of an alcohol solutio	Both ① and ⑤ require the use of an alcohol solution 	Both ② and ⑥ can demonstrate the fluidity of the cell membrane 	Both ③ and ④ prepare solid culture media 	D	Pneumococcal transformation experiment###The Making of Fruit Wine and Fruit Vinegar###Crude Extraction and Identification of DNA	nan	2024	high	hard
4679	Scientists once attempted to transplant Schwann cells from neural tissue into injured central nervous regions to treat paraplegic patients, but the results were not ideal. A certain scientist replaced the Schwann cells with olfactory ensheathing cells from peripheral nerves, allowing paralyzed experimental mice to stand up. This indicates that (    )  	single_answer_choice	Central nerve cells have a poorer regenerative capacity than peripheral nerve cells  	Olfactory ensheathing cells have a higher degree of differentiation than Schwann cells  	Highly differentiated nerve cells do not have totipotency  	The genetic material difference between olfactory ensheathing cells and central nerve cells is smaller than that between Schwann cells and central nerve cells	A	Cell differentiation and its significance	"【Solution】 A. Transplanting Schwann cells from nervous tissue into the injured central nervous area to treat paraplegia had no effect, but using peripheral nerve cells enabled paralyzed experimental mice to stand, indicating that central nervous cells have poorer regenerative ability than peripheral nerve cells, so A is correct;  
B. The treatment was more effective when olfactory ensheathing cells replaced Schwann cells, which suggests that olfactory ensheathing cells have a lower degree of differentiation than Schwann cells, so B is incorrect;  
C. Using peripheral nerve cells - olfactory ensheathing cells instead of Schwann cells resulted in good treatment outcomes, suggesting that highly differentiated nerve cells can still undergo division and differentiation and retain totipotency, so C is incorrect;  
D. Olfactory ensheathing cells, Schwann cells, and central nervous cells are all formed by mitosis from the same fertilized egg and have the same genetic material, so D is incorrect.  
【Analysis】"	2021	high	hard
1353	Chinese researchers have discovered that protein disulfide isomerase (PDI) is involved in the formation of disulfide bonds in proteins, and its expression increases in tissues of aged mice. The study found that the absence of PDI significantly inhibits the release of H\textsubscript{2}O\textsubscript{2} from the endoplasmic reticulum to the nucleus, which leads to a reduction in the expression of the SERPINE1 gene regulated by H\textsubscript{2}O\textsubscript{2}, thereby delaying cellular aging. The correct statement is ( ).	single_answer_choice	Activating the expression of the SERPINE1 gene can accelerate cellular aging	The relative molecular mass of the protein remains unchanged after PDI action.	The expression level of PDI is significantly higher in hematopoietic stem cells than in aging cells.	Activating the expression of the SERPINE1 gene can accelerate cellular aging.	C	The reasons for the diversity in protein molecular structures###The main characteristics of senescent cells	nan	2024	high	hard
4119	"""Records of the Grand Historian: Biography of Xiang Yu, Chapter 7"" states: ""Ji (Xiang Yu's name) was over eight chi tall, capable of lifting a ding, with extraordinary talent and courage, such that even the young men of Wu were already in awe of him."" When Xiang Yu lifted the ding, the autonomic regulation within his body did not include:  "	single_answer_choice	Pupil dilation  	Acceleration of gastrointestinal peristalsis  	Bronchial dilation  	Increased secretion of adrenaline	B	Regulation of animal hormones###Hierarchical regulation of the nervous system	[Answer] Solution: Based on the analysis, Xiang Yu requires energy when lifting the cauldron, which increases oxygen consumption. Consequently, there is bronchial dilation, increased adrenal secretion, and pupil dilation, but no response from the digestive system. Therefore, ABC are incorrect, and D is correct. Thus, the answer is: B. [Analysis] The autonomic nervous system controls the activities and secretion of visceral organs (digestive tract, cardiovascular, bladder, etc.), endocrine glands, and sweat glands, and helps regulate blood pressure. When the function of the sympathetic nervous system decreases or parasympathetic nervous system increases, it results in a slower heart rate, vascular dilation, and lower blood pressure. Conversely, when the function of the parasympathetic nervous system decreases or sympathetic nervous system increases, it presents as a faster heart rate, constriction of visceral and skin vascular function, and blood pressure.	2022	high	hard
3965	In a population, individuals with genotype AA account for 30%, and Aa account for 60%. If the population is very large, with no immigration or emigration, no natural selection or mutation, then	single_answer_choice	After selfing for several generations, starting from the offspring generation, the frequency of gene A changes every generation	After selfing for several generations, starting from the offspring generation, the frequency of AA genotype changes every generation	After random mating for several generations, starting from the offspring generation, the frequency of gene A changes every generation	After random mating for several generations, starting from the offspring generation, the frequency of AA genotype changes every generation	B	The concept and change of gene frequency	nan	2024	high	hard
3664	The following statements about microbial laboratory culture are correct (　　):	single_answer_choice	The procedure for preparing beef extract peptone solid medium is: calculation, weighing, dissolving, sterilization, pouring plates.	In the medium for isolating cellulose-decomposing bacteria, cellulose is the only carbon source.	When preparing medium for culturing mold, the pH should be adjusted to neutral or slightly alkaline.	Both the direct counting method using a microscope and the dilution plating method can be used to count the number of viable bacteria in a test bacterial solution.	B	Comprehensive Study on the Cultivation and Application of Microorganisms	nan	2023	high	medium
1909	"The ""Orange Tutoring"" extracurricular interest group at our school labeled all the nuclear DNA double strands of the diploid organism's spermatogonia cells with \textsuperscript{32}P, then cultured them in a medium without radioactive isotopes. We collected three cells, A, B, and C, in metaphase, and their chromosome and DNA labeling conditions are shown in the table below. The following statement is incorrect:"	single_answer_choice	Homologous chromosomes do not exist in cell 	The organism's chromosome number is 2n=20  	Only cell A may undergo genetic recombination  	Homologous chromosomes do not exist in cell B  	B	The process, change patterns, and significance of mitosis###Regular changes in chromosomes and DNA during meiosis###Gene recombination and its significance	[Answer] A. According to the question, the organism is a diploid organism, and the selected spermatogonia have homologous chromosomes existing in pairs. In group A, the number of chromosomes is 20, and the number of DNAs is 40, possibly in the metaphase of mitosis or the first metaphase of meiosis. The number of chromosomes during these stages equals that of somatic cells, so the organism's chromosome number is 2n=20, A is correct; B. Gene recombination occurs in the prophase or anaphase of the first meiosis, whereas A, B, and C belong to metaphase diagrams, so gene recombination is impossible, B is incorrect; C. According to the analysis, if it is mitosis, the marked chromosomes in cell B should be 10, suggesting a second mitotic metaphase. At this time, the marked DNA count should be 10, which does not match the question, so	2021	high	hard
1913	HER-2 (a transmembrane glycoprotein) is highly expressed typically during the fetal period, with very low expression in normal human tissues. High expression in breast cells can accelerate cell division, causing an imbalance in proliferation and differentiation processes, eventually transforming into breast cancer. The antibody-drug conjugate T-DMI is composed of trastuzumab linked to the drug DMI and has strong targeting of HER-2. The following related analysis is incorrect (    ):	single_answer_choice	High expression of HER-2 during the fetal period may be related to embryonic development, and high HER-2 levels in adults can provide a reference for breast cancer diagnosis.	Since the obtained B lymphocytes may be diverse, specific antibody positive detection is required in the preparation of trastuzumab.	The specific binding of DMI to HER-2 is key to the selective killing of cancer cells by T-DMI.	Using imaging techniques with isotope-labeled trastuzumab in breast tissue can	C	Humoral immunity	nan	2024	high	hard
4132	Helicobacter pylori can survive long-term in the extremely acidic environment of the human stomach, one reason being its rich production of urease, which catalyzes the breakdown of urea into ammonia, neutralizing the surrounding stomach acid. The correct statement regarding Helicobacter pylori is:	single_answer_choice	The DNA within Helicobacter pylori cells is circular in structure and can control the bacterium's respective traits	Antibiotics should be added to the culture medium of Helicobacter pylori to inhibit the growth of other contaminants.	The DNA within Helicobacter pylori cells is circular in structure and can control the bacterium's respective trait	The DNA within Helicobacter pylori cells is circular in structure and can control the bacterium's respective traits.	B	The similarities and differences in the morphology and structure of prokaryotic and eukaryotic cells###Characteristics of enzymes###The process and significance of anaerobic respiration.###Overview and Classification of Culture Media	nan	2024	high	hard
3894	Regarding the fermentation of pickles, which of the following statements is incorrect?	single_answer_choice	The nitrite produced during pickle fermentation can cause cell cancer and excessive intake can harm the body.	The purpose of boiling pickle brine is to remove oxygen from the water and kill other miscellaneous bacteria in the brine.	The white film occasionally found in pickle jars is caused by the reproduction of facultative anaerobic yeast fungi.	A short pickling time, low salt usage, and high temperature can easily lead to bacterial overgrowth and an increase in nitrite content.	A	Kimchi Making###Determination of Nitrite Content	nan	2023	high	medium
1358	Atrial natriuretic peptide (ANP) is a peptide hormone synthesized and secreted by atrial muscle cells, which functions to lower blood pressure. It can also close sodium channels on the membrane of collecting duct cells, reducing the reabsorption of water by the kidneys, and it can inhibit the synthesis and secretion of aldosterone (a steroid hormone). The incorrect statement is (    )	single_answer_choice	Increased secretion of ANP can cause blood vessels to be in a dilated state, and at this time, the activity of the parasympathetic nervous system may dominate.	In the regulation of sodium balance, ANP and aldosterone secreted by the adrenal cortex exert opposing effects.	After ANP and aldosterone bind to different receptors and exert their effects, they will be inactivated.	Elevated levels of aldosterone can cause accumulation of Na\textsuperscript{+} and water in the body, increasing extracellular fluid and leading to tissue edema.	D	Physicochemical properties of the internal environment###Characteristics of Hormonal Regulation###The basic structure of the nervous system###Water-salt balance regulation	nan	2024	high	hard
430	Model organisms are animals, plants, and microorganisms commonly and repeatedly used as experimental models in the study of life phenomena to reveal a certain universal life phenomenon through scientific research. The most common model organisms include fruit flies, peas, mice, yeast, etc. Which of the following statements about their contributions to scientific research is correct? ( )	single_answer_choice	Mendel used peas in hybridization experiments to reveal two basic laws of inheritance	Morgan used fruit flies and analogy reasoning to prove that genes are on chromosomes.	Mendel used peas in hybridization experiments to reveal two basic laws of inheritance.	Scientists used guinea pigs with fluorescence labeling to elucidate the formation process of secretory proteins.	B	Exploring the Respiration Methods of Yeast###Mendelian Genetic Experiment - Independent Assortment###Experimental evidence of genes on chromosomes###Mendel's Genetic Experiment - Law of Segregation	"Answer: A. Morgan used fruit flies through the hypothetical-deductive method to prove that genes are on chromosomes, which is incorrect for A; B. Mendel used pea plants in hybridization experiments to reveal two fundamental laws of heredity, which is correct for B; C. Scientists using radioactive isotope labeling to investigate the formation process of secretory proteins is incorrect for C; D. Scientists using yeast through comparative experiments to confirm that cellular respiration can be divided into two types is incorrect for D. Therefore, the answer is B. 

Analysis: (1) Morgan used fruit flies with the hypothetical-deductive method through hybridization experiments of red-eyed and white-eyed fruit flies to prove that the gene controlling eye color is located on the X chromosome, thus proving that genes are on chromosomes. (2) The method for studying the formation process of secretory proteins is isotope labeling; scientists used fluorescence labeling to determine the fluidity of the cell membrane. (3) The yeast experiments did not set"	2022	high	hard
2618	Breeding experts aim to obtain a high-yield wheat variety with the genotype AA. Using wheat with the genotype Aa as the parent, they conduct breeding through successive generations of self-pollination and elimination of individuals with the genotype aa. The following statements are correct:	single_answer_choice	After screening, individuals with the genotype AA make up 3/5 of the F2 generation obtained in this breeding process	The process of breeding experts gradually eliminating individuals with the genotype aa belongs to natural selection.	The appearance of individuals with the genotype aa among the offspring of self-pollinating wheat with the genotype Aa is the result of genetic recombination.	After screening, individuals with the genotype AA make up 3/5 of the F2 generation obtained in this breeding process.	C	The essence and application of the law of segregation of genes###Hybrid breeding###The concept and change of gene frequency###Haploid breeding	nan	2024	high	hard
4158	In natural conditions, chickens can sometimes undergo sex reversal, such as a hen gradually becoming a rooster. It is known that chickens have a ZW sex determination system. If the chromosome composition (ZW) of the sex-reversed rooster does not change, it can mate with a normal hen and produce offspring (WW type dies at the embryonic stage). The ratio of hens to roosters among the offspring is:	single_answer_choice	2∶	1∶0  	1∶1  	2∶1  	C	The essence and application of the law of segregation of genes###Sex-linked inheritance	"The hen gradually transforms into a reproductively capable rooster, but the chromosomal composition remains ZW. The sex-reversed rooster produces gametes as Z, W; a normal hen produces gametes as Z, W. Among the offspring, the ratio of ZZ:ZW:WW is 1:2:1, but WW cannot develop, so the actual offspring ratio is ZZ (male):ZW (female) = 1:2. Thus, option C is correct. 

The answer is: C.

Analysis: In chickens, the method of sex determination is the ZW type, where the chromosomal composition ZZ indicates male, and ZW indicates female. The hen gradually transforms into a reproductively capable rooster, but the chromosomal composition remains ZW."	2023	high	hard
4677	Research shows that children have a stronger ability to learn new knowledge compared to adults, which may be related to the inhibitory neurotransmitter GABA in the visual center. During visual training, children's GABA levels increase significantly and persist for several minutes after the training ends, while adults show no significant change in GABA levels. The following related statement is incorrect ( ):	single_answer_choice	Learning is a high-level function of the human brain that requires the involvement of the cerebral cortex.	After GABA binds with receptors on the postsynaptic membrane, it may cause an influx of Cl⁻.	Inhibiting the synthesis and release of GABA may enhance a person's learning ability.	GABA may reduce interference with subsequent learning by inhibiting the excitation of certain neurons.	C	Advanced brain functions	nan	2024	high	hard
2930	The silkworm (2\emph{n} = 28) has two types of sex chromosomes, ZW in female somatic cells and ZZ in male somatic cells. By using radiation, segments carrying egg color genes on autosomes are translocated to the W chromosome, allowing differentiation of ZW eggs and non-egg color gene ZZ eggs, thus enabling the distinction between male and female silkworms before hatching. Which of the following statements is incorrect? ( )	single_answer_choice	This breeding method utilizes the principle of chromosomal structural variation.	Radiation is used to increase the mutation rate of genes, making it easier to screen for egg color genes.	The above fertilized egg with egg color will develop into a female silkworm.	Male silkworms contain 4 Z chromosomes during the anaphase of mitosis.	B	Variation in chromosome structure###Mutagenesis breeding	"[Answer] The segment carrying the egg color gene on the autosome translocates to the W chromosome, which is a translocation within chromosomal structural variation. Therefore, the breeding principle is chromosomal structural variation; A is correct. According to the problem, radiation is used to translocate the segment carrying the egg color gene from the autosome to the W chromosome. The sex chromosome composition of the fertilized egg with egg color is ZW, meaning the egg color gene is expressed in the female egg, which will develop into a female silkworm; B is incorrect, C is correct. The male silkworm's sex chromosome composition is ZZ, so the chromosome number doubles during anaphase of mitosis, containing 4 Z chromosomes in its cells; D is correct. 
Thus, the answer is B.

[Analysis] Types and examples of chromosomal variations:
1. Chromosomal structural variation: 
① Deletion: Variation caused by the loss of a chromosomal"	others	high	medium
2621	"The following description of experiments related to ""evidence that nucleic acid is genetic material"" is correct (     ):"	single_answer_choice	In the live transformation experiment of pneumococcus, DNA deactivation cannot prove that DNA is genetic material.	In the in vitro transformation experiment of pneumococcus, the DNA of S-type bacteria induces genetic mutation in R-type bacteria.	In the bacteriophage infection experiment, insufficient stirring will lead to increased radioactivity in the precipitate of the \textsuperscript{35}S labeled group.	In the tobacco mosaic virus infection and reconstruction experiment, RNA enzyme is needed to separate the virus's RNA and proteins.	C	Pneumococcal transformation experiment###Bacteriophage Infection Experiment###Experiments Proving RNA as Genetic Material	"【Answer】 A. In the live transformation experiment of pneumococcus, adding heat-killed bacteria shows that DNA can regain its double helix structure when the temperature decreases and is not inactivated; thus, A is incorrect. B. In the in vitro transformation experiment of pneumococcus, genetic recombination occurs after S-type bacterial DNA fragments enter R-type bacteria; thus, B is incorrect. C. Stirring is used to separate the bacteriophage from E. coli; insufficient stirring may cause \textsuperscript{35}S-labeled bacteriophage to enter the precipitate with E. coli, increasing the radioactivity of the precipitate; thus, C is correct. D. In the tobacco mosaic virus infection and reconstruction experiment, treating with carbolic acid or alkaline detergent can separate the RNA of the tobacco mosaic virus from proteins; thus, D is incorrect. Therefore, the answer is: C.

【Analysis】 1. Griffith's in vivo transformation experiment with pneumococcus"	2021	high	hard
2037	The incorrect statement about variation and biological evolution is:  	single_answer_choice	Genetic recombination occurring during meiosis in eukaryotes changes gene frequency  	Gene recombination based on gene mutation can confer diversity to offspring, which is beneficial for evolution  	Biological mutations are accidental, random, and non-directional, but evolution is directional  	Biological evolution cannot occur without heritable variation, but heritable variation does not necessarily lead to evolution	A	Synthesis of Biological Evolution	nan	2024	high	hard
3192	In the hybridization experiments conducted to study the genetic inheritance of goldfish tail types, the conclusions that cannot be drawn based on the table are:	single_answer_choice	Double-tail and triple-tail are both recessive traits compared to single-tail	Double-tail and triple-tail are both recessive traits compared to single-tail.	The gene determining the goldfish tail type is located on the autosome.	In the single-tail × double-tail combination, the single-tail parent may have heterozygous genotypes.	D	Traits of organisms, relative traits, and the dominance or recessiveness of traits.###Mating Types and Applications	"Answer: 

A. In the cross between single-tailed and double-tailed goldfish, the offspring are mostly single-tailed, indicating that the single tail is dominant over the double tail. In the cross between single-tailed and triple-tailed goldfish, all offspring are single-tailed, indicating that the single tail is dominant over the triple tail. A is correct. 

B. The same results from reciprocal crosses suggest that the gene determining goldfish tail type is located on an autosome. B is correct. 

C. A few double-tailed offspring appear in the cross between single-tailed and double-tailed goldfish, suggesting that the single-tailed parent may be heterozygous. C is correct. 

D. Based on the above information alone, it cannot be determined that the tail type in goldfish is controlled by only one pair of alleles. It could also be controlled by two pairs of alleles. D is incorrect. 

Therefore, the answer is"	2024	high	hard
4672	A collaborative discovery by multiple research teams in China has found that the Ef-cd gene located on chromosome 3 of rice can shorten the maturation period by 7 to 20 days while maintaining characteristics of both early maturation and high yield. Rice with the Ef-cd gene shows significantly enhanced nitrogen absorption, chlorophyll metabolism, and photosynthesis-related processes. The incorrect statement is (　　)	single_answer_choice	The Ef-cd gene may increase the number of NO\textsubscript{2} carriers on plant root cell membranes	The function of the Ef-cd gene demonstrates that one gene can influence multiple traits	During the artificial breeding of early-maturing, high-yield varieties, the gene frequency of Ef-cd changes directionally	The simplest method to develop new early-maturing, high-yield wheat varieties using the Ef-cd gene is hybrid breeding	D	The concept and change of gene frequency###Variation is the raw material of natural selection.	[Answer] A. The absorption of nitrogen by rice is active transport. The nitrogen absorption ability of rice containing the Ef-cd gene might be due to an increase in the number of carriers involved in active transport on the cell membrane, A is correct; B. The Ef-cd gene accounts for both early maturity and high yield, indicating that one gene is related to multiple traits, B is correct; C. Artificial selection causes a directional change in gene frequency, C is correct; D. Hybrid breeding takes a long time and is not the most convenient method, D is incorrect; Therefore, the answer is: D [Analysis] (1) Selection includes natural selection and artificial selection. (2) Natural selection determines the direction of biological evolution. Like natural selection, artificial selection can create differences between individuals with different traits by acting on the phenotype of individuals. It achieves this by retaining advantageous variations and eliminating disadvantageous ones to obtain the corresponding genotype.	others	high	hard
3753	"The following statement about the experiment of ""detecting carbohydrates, fats, and proteins in biological tissues"" is correct: "	single_answer_choice	Tomato can be used as an experimental material for detecting reducing sugars. 	Fehling's A and B solutions are colorless when mixed. 	A microscope is needed for protein detection. 	In the process of fat detection, alcohol is required to wash away the floating color.	D	Experiment for detecting proteins###Experiment to Detect Reducing Sugars###Experiment to detect fat	"[Answer] A. The low content of reducing sugars and the color of tomatoes affect the color change in reactions, making tomatoes unsuitable as experimental materials. Therefore, A is incorrect. B. Fehling's solution turns blue after mixing solutions A and B, so B is incorrect. C. Protein testing involves observing color changes in the final experiment, not needing a microscope, so C is incorrect. D. In the process of fat testing, alcohol is used to wash off excess color for easier microscopic observation, making D correct. Thus, the answer is: D.

[Analysis] (1) Principles for detecting sugars, fats, and proteins in biological tissues 
① Reducing sugars (glucose, fructose, maltose, etc.) + Fehling's reagent → brick-red precipitate. 
② Starch + iodine solution → blue. 
③ Fats + Sudan III (Sudan IV) → orange (red) (use 50% alcohol to wash off excess color after"	others	high	hard
456	The correct statement about lipids is (      ):	single_answer_choice	Lipids are present in all cells and are one of the important organic compounds of cells and organisms.	Fats are only found in animal cells and serve to store energy and protect organs.	The chemical nature of sex hormones is phospholipids, which play an important regulatory role in the growth, development, and reproduction of animals.	Phospholipids are composed of C, H, O elements and are the main components of cell membranes and organelle membranes.	A	Types of Lipids and Their Functions###Elemental composition of lipids	nan	2024	high	medium
2028	The pair of contrasting traits in fruit flies is controlled by a pair of alleles. The extracurricular activity group conducted genetics research using homozygous fruit flies and completed the following two hybridization experiments:	single_answer_choice	Wild-type female fruit flies × mutant male fruit flies → F1 all wild-typ	Wild-type female fruit flies × mutant male fruit flies → F1 all wild-type	Wild-type male fruit flies × mutant female fruit flies → In F1, all female fruit flies are wild-type, and all male fruit flies are mutant.	Wild-type female fruit flies × mutant male fruit flies → F1 all wild-ty	C	Experimental evidence of genes on chromosomes###Method for determining the position of a gene on a chromosome	nan	2024	high	hard
3553	From H\textsubscript{1}N\textsubscript{1} to H\textsubscript{7}N\textsubscript{9}, new strains of avian influenza viruses continually emerge, threatening human health. Which of the following statements is correct? ( )	single_answer_choice	When cultivating viruses with a standard medium, animal serum should be added	Viruses do not have cellular structures, so their metabolic processes have little to do with cells.	When cultivating viruses with a standard medium, animal serum should be added.	The components of avian influenza virus and HIV are both protein and DNA.	D	The Spread and Prevention of AIDS	"[Answer] Viruses do not have a cellular structure, and their metabolic processes must occur within host cells, thus A is incorrect. Viruses cannot be cultured with ordinary media; they require live cells for cultivation, thus B is incorrect. Both avian influenza and HIV viruses are composed of proteins and RNA, thus C is incorrect. During viral proliferation, they use the host's ribosomes to synthesize their protein coats, thus D is correct. Therefore, the answer is: D.

[Analysis] 1. Viruses are microorganisms that lack a cellular structure and exclusively parasitize live cells, yet they have life characteristics such as heredity and replication. They mainly consist of nucleic acids and proteins. Viruses are considered living because they can and only can metabolize and reproduce in live cells, with raw materials, energy, ribosomes, etc., being provided by the host cells. 
2. Viruses contain only one type of nucleic acid, so their genetic material is either DNA"	2017	high	hard
996	The following statement is consistent with modern biological evolution theory ( ):	single_answer_choice	The formation of new species must undergo geographic isolation.	Gene mutations determine the direction of biological evolution.	A population is the basic unit of biological evolution.	If the environment does not change, the gene frequency of the population does not change.	C	The main content of modern biological evolution theory	"[Answer] Explanation: The formation of new species must go through reproductive isolation, option A does not meet the criteria; natural selection determines the direction of biological evolution, option B does not meet the criteria; a population is the basic unit of biological evolution, and the essence of biological evolution is the change in the gene frequency of a population, option C meets the criteria; due to the universality of gene mutation, even in a very stable environment, gene mutations may occur, which can lead to changes in the gene frequency of the population, option D does not meet the criteria. Therefore, the answer is: C

[Analysis] A population is the basic unit of biological evolution and also the basic unit of population reproduction."	2018	high	hard
1503	Pathogen nucleic acid testing is one of the reliable methods for early diagnosis of infectious diseases. Which of the following statements is incorrect?  	single_answer_choice	Nucleic acids play an extremely important role in the heredity, variation, and biosynthesis of proteins in organisms.  	DNA and RNA both contain the five elements C, H, O, N, and P, with N present in the bases.  	The diversity in the types, numbers, and sequences of nucleotides forming nucleic acids is the direct reason for the diversity of nucleic acids.  	The genetic material of HIV and SARS viruses is composed of single-stranded RNA formed by ribonucleotide chains.	C	The basic unit of nucleic acids###Nucleic acids in biological activities.###The journey of human exploration of genetic material	nan	2023	high	medium
3397	The cytosol is the gel-like substance inside the cell, excluding organelles. Which of the following statements is incorrect?  	single_answer_choice	Various chemical reactions can occur in the cytosol.  	The cytosol contains abundant DNA, proteins, and other components.  	The cytosol is involved in the synthesis of certain lipids.  	The cytosol can exchange substances with organelles.	B	Cytosol	nan	2024	high	medium
1751	The following statements about the structure of DNA molecules and DNA replication are incorrect (    ):	single_answer_choice	The pairing of purine and pyrimidine bases ensures the relative stability of the spatial structure of DNA molecules.	If in a certain double-stranded DNA segment, adenine (A) accounts for 23%, then in that DNA segment, guanine (G) accounts for 27%.	The sequence of base pairs in DNA molecules is incredibly diverse, forming the diversity of DNA molecules.	If a DNA molecule containing \textsuperscript{14}N is placed in a medium containing \textsuperscript{15}N and replicated three times, the DNA molecules containing \textsuperscript{14}N account for 1/8.	D	Base pairing principle###The structure of DNA molecules###The diversity and specificity of DNA molecules###Replication of DNA molecules	"[Answer] A. Purine bases and pyrimidine bases are linked through complementary pairing, which allows the two strands of a DNA molecule to stably entwine with each other, ensuring the relative stability of the DNA molecular structure. A does not meet the requirement.

B. In double-stranded DNA, bases follow the principle of complementary base pairing, i.e., A pairs with T, G pairs with C. Therefore, A+G = 50%. Given that A accounts for 23%, G then accounts for 50% - 23% = 27%. B does not meet the requirement.

C. DNA can store sufficient amounts of genetic information. Genetic information is embedded in the sequence of four bases. The ever-changing sequences of bases contribute to the diversity of DNA, while specific sequences form the specificity of each DNA molecule. C does not meet the requirement.

D. Place a DNA molecule containing \textsuperscript{14}N in a culture medium containing \textsup"	others	high	medium
3550	The correct statements about the experiment are (     ):	single_answer_choice	Proteins cannot be detected in the extract of mashed potato tuber.	Mixing starch and amylase before placing them under different temperature conditions can explore the effect of temperature on enzyme activity.	A 50% sucrose solution can cause plasmolysis in the meristematic region cells of root tips.	Human red blood cells cannot be used to observe amitosis.	D	Amitosis of cells	"[Answer] A. Potato tubers contain protein, so the extract from crushed potato tubers can detect protein, A is incorrect; B. In the experiment to investigate the effect of temperature on enzyme activity, the correct procedure is to preheat and then mix the starch and amylase under the same temperature conditions, B is incorrect; C. Cells in the root tip meristematic zone are immature plant cells and do not undergo plasmolysis, C is incorrect; D. Frog red blood cells can be used to observe amitosis, while human red blood cells are produced by mitosis, D is correct. The correct choice is: D.

[Analysis] 1. Mature plant cells have a large vacuole. When the concentration of cell sap is lower than that of the external solution, water in the cell sap passes through the protoplasmic layer into the external solution. Since the protoplasmic layer is more elastic than the cell wall, when the cell continuously"	others	high	hard
3458	The correct statement about amino acids and proteins is (     )	single_answer_choice	The amino acid molecule with an R group of ---CH\textsubscript{2}---OH contains 3 O atoms	The human body can synthesize 20 types of amino acids for protein	Proteins with the same type and number of amino acids have the same function	Proteins are all composed of multiple amino acids and multiple peptide chains	A	Molecular structure characteristics and general formula of amino acids###Types of amino acids###The reasons for the diversity in protein molecular structures	[Answer] Based on the structural formula of amino acids, the amino acid molecule with an R group of ---CH\textsubscript{2}---OH contains 3 O atoms, so A fits the criteria. There are about 20 types of amino acids that make up proteins, but the human body can only synthesize 12 types of non-essential amino acids, so B does not fit the criteria. The diversity of protein structures is due to differences in the type, number, sequence of amino acids, and the spatial structure of peptide chains, so C does not fit the criteria. Proteins are composed of multiple amino acids but do not necessarily contain multiple peptide chains, as some proteins only contain one peptide chain, so D does not fit the criteria. Thus, the answer is: A. [Analysis] Amino acids that form proteins contain at least one amino group and one carboxyl group, both connected to the same carbon atom, with the general structure being <image>. The	2017	high	hard
3399	Hengshui Lake National Nature Reserve is the only nature reserve in the North China Plain that maintains a complete wetland ecosystem, including marshes, water bodies, mudflats, meadows, and forests. By the end of 2023, the number of bird species observed at Hengshui Lake Wetland increased from 283 at the time of the reserve's establishment to 334. The correct statement is (    )	single_answer_choice	The mark-recapture method can be used to investigate bird species richness.	All birds in the Hengshui Lake Wetland form one community.	The bird species with the largest population in the lake is dominant in that community.	The beautiful scenery of Hengshui Lake after snowfall reflects the direct value of biodiversity.	D	Methods for Estimating Population Density###Research on the Richness of Animal Groups in Soil###The concept and composition of a community###The Value of Biodiversity	nan	2024	high	medium
413	Sensory neurons in the human mouth and skin have an ion channel protein on their cell membranes named TRPV1. Various naturally occurring irritants (such as capsaicin in chili peppers) can switch TRPV1 from a closed to an open state, allowing cations to enter the neurons, causing cell excitation that transmits to the nervous system, resulting in sensations such as burning pain. The correct statements about this are:	single_answer_choice	TRPV1 on sensory neuron cell membranes is unrelated to the function of the Golgi apparatus.	The transmission of excitement when eating chili peppers ultimately produces pain in the cerebral cortex, and this process is a reflex.	TRPV1 recognizing capsaicin reflects intercellular communication.	Activation of TRPV1 results in the sensory neurons generating a nerve impulse.	D	The structure and function of the parts of a neuron###The process of reflection###Generation and Conduction of Nerve Impulses	"[Answer] A. TRPV1 is a channel protein, and its synthesis is related to the Golgi apparatus, so A is incorrect. B. Reflex activity requires a complete reflex arc, and the sensation of pain in the cerebral cortex after eating chili is not a complete reflex process, so B is incorrect. C. Capsaicin is an exogenous substance and cannot reflect information exchange between cells, so C is incorrect. D. A stimulus can change TRPV1 from a closed to an open state, allowing cations to enter neurons, resulting in a change in potential, which means a nerve impulse is generated, so D is correct. Therefore, the answer is: D.

[Analysis] (1) The reflex arc is the structural and functional unit of reflex activities, consisting of receptors, afferent neurons, central nervous system, efferent neurons, and effectors. A reflex requires a complete reflex arc; stimulation of the efferent neurons or effectors alone will cause"	2022	high	hard
5160	Among the following groups of substances, which have the same constituent elements? ( )	single_answer_choice	Muscle glycogen, fatty acid, lipase	Phospholipid, cellulose, insulin	Muscle glycogen, fat, lactose	Glycine, deoxynucleotide, pyruvic acid	C	The basic unit of nucleic acids###Types, Distribution, and Functions of Carbohydrates###Elemental composition of lipids###Elemental composition of protein	nan	2024	high	medium
997	"The policy of ""levee flood diversion, returning farmland to the lake, and relocating people to build towns"" is formulated for which of the following projects? (      )"	single_answer_choice	Large-scale ecosystem restoration	Ecological restoration of abandoned mining areas	Wetland ecological restoration	Comprehensive rural development ecological projects	C	Ecological restoration project	[Answer] A. The measures for large-scale ecosystem restoration projects include forest or grassland vegetation restoration and soil and water conservation; thus, A is incorrect. B. The key to ecological restoration of abandoned mining areas is vegetation restoration and the reconstruction of necessary soil microbial communities; thus, B is incorrect. C. Wetland ecological restoration projects use a combination of engineering and biological measures, such as wastewater treatment, point and non-point source pollution control, land treatment engineering, introduction and planting of plant species, and establishing buffer zones, to restore disturbed wetlands; thus, C is correct. D. Comprehensive rural development-type ecological engineering integrates agricultural ecosystems with agricultural economic systems to achieve maximum overall ecological and economic benefits. It is a comprehensive form of agriculture that includes farming, forestry, animal husbandry, and fishing, and also integrates agricultural production, processing, and sales to adapt to market economy development, representing modern agriculture; thus, D is incorrect. Therefore, the answer is: C. [Analysis] Examples	others	high	hard
1034	Steady state is a characteristic of life systems and a condition for the survival of the organism. The correct statement regarding human body homeostasis is (     )	single_answer_choice	Some people often eat salted fish and pickles, yet the osmotic pressure of their extracellular fluid remains relatively stabl	Eating acidic or alkaline food causes disruption of blood plasma pH	Some people often eat salted fish and pickles, yet the osmotic pressure of their extracellular fluid remains relatively stable	Homeostasis of the internal environment refers to the dynamic balance of substances and energy between the internal and external environments	B	The physiological significance of steady state###Physicochemical properties of the internal environment###Regulation of homeostasis involving other body fluid components	nan	2024	high	medium
1359	Cell senescence and stem cell depletion are important markers of bodily aging. The transcriptional activator YAP is a protein that plays a significant role in development and cell fate determination. Researchers used CRISPR/Cas9 gene editing technology and directed differentiation techniques to create YAP-specific loss human embryonic stem cells. YAP-deficient stem cells exhibit severe accelerated aging. The incorrect statement is:  	single_answer_choice	It is speculated that YAP plays a critical role in maintaining the youthful state of human stem cells.  	The synthesis of the transcriptional activator YAP needs to occur on the ribosome.  	The morphology, structure, and function of YAP-deficient stem cells will change.  	The breaking of high-energy phosphate bonds does not occur during the CRISPR/Cas9 gene editing process.	D	Exploring the Causes of Cellular Aging	"Answer:

A. Based on the statement ""Stem cells lacking YAP exhibit severe accelerated aging,"" it can be inferred that YAP plays a crucial role in maintaining the youthful state of human stem cells. A is correct.

B. YAP, a transcription activator, is a protein synthesized in the ribosome. B is correct.

C. ""Stem cells lacking YAP exhibit severe accelerated aging,"" and since the morphology and function of cells change during aging, it follows that the morphology and function of stem cells lacking YAP will change. C is correct.

D. In the CRISPR/Cas9 gene editing process, the phosphodiester bonds in the gene do not break. D is incorrect.

Therefore, the answer is D.

Analysis: The transcription activator YAP is a protein that plays an important role in development and cell fate determination. Protein synthesis involves the processes of transcription and translation:

1. Concept of transcription: In the nucleus, RNA is synthesized using one strand of DNA"	2021	high	hard
1643	"The Human Genome Project (HGP) completed its sequencing task in 2003, but the repetitive sequences in DNA were not fully determined. In April 2022, the ""Telomere-to-Telomere"" (T2T) consortium announced the completion of the latest human genome sequencing (named T2T-CHM 13), including seamless assembly of 22 autosomes and the X chromosome. The newly unlocked regions from this sequencing are 90% at the centromere, containing long repeating sequences, and the DNA and proteins are very tightly intertwined in this region. The following statement is incorrect: "	single_answer_choice	The purpose of the HGP was to determine the order of genes on the chromosomes.	Chinese scientists participated in the sequencing task of the Human Genome Project (HGP).	DNA and proteins are tightly connected at the centromere, hindering the replication of nuclear DNA molecules.	The journey of humans understanding their own genes is not yet over	A	The Human Genome Project and Its Significance###Replication of DNA molecules###The relationship between genes, DNA, and genetic information.	nan	2023	high	medium
4113	The following understanding of sterilization in fermentation engineering is incorrect (    ):	single_answer_choice	Prevent contamination by foreign bacteria	Eliminate foreign bacteria	Both the culture medium and fermentation equipment must be sterilized	Sterilization must occur before inoculation	B	Microbial Fermentation and Its Applications	"[Answer] A. The purpose of sterilization is to prevent contamination by foreign microorganisms. A is correct;
B. Sterilization uses strong physical and chemical factors to kill microorganisms inside and outside objects (including spores), B is incorrect;
C. During the fermentation process, both the culture medium and fermentation equipment must be sterilized. The microorganisms used for fermentation are specially inoculated after sterilization. C is correct;
D. Sterilization must be done before inoculation, otherwise the fermentation strains will be killed. D is correct. 
Therefore, select: B.

[Analysis] Sterilization is an important step in the microbial fermentation process, involving relevant knowledge of aseptic techniques:
(1) Key: Prevent the invasion of foreign microorganisms.
(2) Specific operations:
① Clean and disinfect the space for experimental operations, as well as the clothing and hands of the operator.
② Sterilize utensils, inoculation tools, and culture media used for microbial cultivation.
③ To avoid contamination"	others	high	hard
4950	An increase in plasma osmolality leads to osmotic thirst, while fluid loss leads to hypovolemic thirst. The correct statement is:	single_answer_choice	An increase in plasma osmolality and aldosterone levels causes an accumulation of Na\textsuperscript{+} and water in the body, leading to tissue edema	A decrease in plasma osmolality can alleviate osmotic thirst; at this time, the synthesis and secretion of antidiuretic hormone by the pituitary decrease. 	In hypovolemia, the stimulation of baroreceptors weakens, resulting in a short-term increase in heart rate and cardiac output.	An increase in plasma osmolality and aldosterone levels causes an accumulation of Na\textsuperscript{+} and water in the body, leading to tissue edema.	B	Water-salt balance regulation###Blood pressure regulation	nan	2024	high	medium
