index	question	category	answer	knowledge	analysis	year	grade_level	difficulty_level
3690	"Adding a mixture of iron and iron oxide to an excess amount of hydrochloric acid, after the reaction is complete, adding KSCN solution results in no obvious change. It is measured that 0.1 mol of HCl has reacted, releasing 0.448 L of gas under standard conditions. The following statements are incorrect:

A. In the original mixture, \(n(Fe):n\left( {Fe}_{2}O_{3} \right) = 3:1\)
B. Introducing 0.025 mol of \({Cl}_{2}\) into the solution can completely convert \({Fe}^{2+}\) to \({Fe}^{3+}\)
C. The mass of the original mixture cannot be calculated
D. The collected gas can just completely react with 0.448 L of \({Cl}_{2}\)"	multiple_answer_choice	C, D	Iron oxides and hydroxides###Calculations related to the amount of substance	nan	2023	high	hard
2390	"To investigate the properties of \({Cu}_{2}O\), equal small amounts of \({Cu}_{2}O\) were taken for experiments A, B, and C. It is known that CuCl is a white precipitate. The following statements are incorrect:

A. Experiment A demonstrates the strong oxidizing property of \(H_{2}{SO}_{4}\).
B. In experiment B, \({Cu}_{2}O\) reacts with hydrochloric acid to form a complex.
C. The reaction in experiment C is \(3{Cu}_{2}O + 14{HNO}_{3} = 6Cu\left( {NO}_{3} \right)_{2} + 2NO \uparrow + 7H_{2}O\).
D. All three experiments above demonstrate the reducing property of \(Cu(I)\)."	multiple_answer_choice	A, D	Redox reaction###Copper and its compounds###Design of the Nature Experiment Plan###Design of Material Testing Experimental Plan	"Answer: A. In Experiment A, Cu\textsubscript{2}O reacts with H\textsubscript{2}SO\textsubscript{4} to produce CuSO\textsubscript{4} and Cu, and the CuSO\textsubscript{4} solution appears blue. Since the oxidation states of elements in H\textsubscript{2}SO\textsubscript{4} remain unchanged, H\textsubscript{2}SO\textsubscript{4} is neither an oxidizing agent nor a reducing agent, thus option A is incorrect.  
B. In Experiment B, with thorough shaking, the precipitate gradually dissolves, and the solution becomes colorless, indicating that Cu\textsubscript{2}O reacts with concentrated hydrochloric acid to form the complex H{[}CuCl\textsubscript{2}{]} and H\textsubscript{2}O. Upon dilution, cuprous"	2024	high	hard
1306	"Based on the experimental procedures and phenomena, the correct conclusion is:

Option & Experimental Procedures and Phenomena & Conclusion \\
A & Invert a test tube filled with ammonia gas into a phenolphthalein water trough, the test tube quickly fills with red liquid & NH\textsubscript{3} is highly soluble in water and the solution is alkaline \\
B & Adding concentrated sulfuric acid to sucrose results in blackening & Concentrated sulfuric acid is hygroscopic and a strong oxidizer \\
C & Introducing SO\textsubscript{2} into acidic KMnO\textsubscript{2} solution causes the solution to decolorize & SO\textsubscript{2} has bleaching properties \\
D & Adding NaOH solution to a salt solution, heating it, the resulting gas turns moist red litmus paper blue & The solution contains \(NH_{4}^{+}\) \\
A. A B. B C. C D. D"	multiple_answer_choice	A, D	Chemical properties of nitrogen gas###The properties of sulfur dioxide###Properties of concentrated sulfuric acid	"Answer: A. Inverting a test tube filled with ammonia gas over a water trough containing phenolphthalein immediately fills the test tube with red liquid, indicating that the solution is alkaline and ammonia gas is easily soluble in water, thus A meets the requirements.  
B. Adding concentrated sulfuric acid to sucrose results in a blackening phenomenon, indicating that concentrated sulfuric acid has strong oxidizing properties, therefore B does not meet the requirements.  
C. Introducing SO\textsubscript{2} into an acidic KMnO\textsubscript{2} solution causes the solution to decolorize, indicating that sulfur dioxide has reducing properties, hence C does not meet the requirements.  
D. Adding NaOH solution to a salt solution and heating it produces a gas that turns moist red litmus paper blue, indicating ammonia gas, which suggests the presence of ammonium ions. Thus, D meets the requirements.  
Therefore, the answer is: AD  
Analysis:  
A"	2020	high	medium
3484	"Mix 9.2g of copper and iron and place it in a certain volume of dilute nitric acid solution. After a full reaction, 1.12L of NO is obtained under standard conditions, and there is leftover metal. Continue adding an excess amount of dilute sulfuric acid to the solution obtained, the metal completely dissolves, and another 1.12L of NO is obtained under standard conditions. If KSCN solution is added to the resulting solution and it does not turn red, the following statement is correct:
A. The original mixture contains 0.1 mol of both copper and iron.
B. All remaining metal from the first reaction is copper.
C. The solutes in the reacted solution are ferrous nitrate and copper nitrate.
D. If an excess of dilute nitric acid is added again to the reacted solution, approximately 0.37L of NO can be obtained under standard conditions."	multiple_answer_choice	B, D	Mutual transformation of ferric salts and ferrous salts###Detection of Ferrous and Ferric Ions###Calculation of the number of electrons transferred in a redox reaction	nan	2024	high	hard
3906	"The correct statement is (   )
A. Na\textsubscript{2}O\textsubscript{2} contains both ionic bonds and nonpolar covalent bonds
B. All atoms in a BF\textsubscript{3} molecule are coplanar
C. SiO\textsubscript{2} and Na\textsubscript{2}O\textsubscript{2} have the same crystal type
D. The first ionization energy of S is greater than that of P"	multiple_answer_choice	A, B	Polar bonds and nonpolar bonds	"Answer:

A. Na\textsubscript{2}O\textsubscript{2} is an ionic compound. The bond between sodium ions and peroxide is an ionic bond, while the bond between oxygen atoms is a non-polar covalent bond, so A is correct;
B. BF\textsubscript{3} adopts sp\textsuperscript{2} hybridization and is a trigonal planar molecule, with all atoms coplanar, so B is correct;
C. Silicon dioxide is an atomic crystal, while sodium peroxide is an ionic crystal, so they have different crystal types, making C incorrect;
D. The first ionization energy of sulfur is less than that of phosphorus, making D incorrect;

Thus, the correct options are A and B.

Analysis:

A. Na\textsubscript{2}O\textsubscript{2} is an ionic compound. The bond between sodium ions and peroxide is ionic, while the bond between oxygen atoms is a"	others	high	medium
3406	"The correct statements are (       )
A. The ammonia synthesis reaction is exothermic; using low temperatures can increase the rate of ammonia production.
B. When a solution of acetic acid with pH = 4 is diluted with water at room temperature, the concentration of all ions in the solution decreases.
C. The reaction 4Fe(OH)\textsubscript{2}(s)＋2H\textsubscript{2}O(l)＋O\textsubscript{2}(g)=4Fe(OH)\textsubscript{3}(s) can proceed spontaneously at room temperature, and the reaction's Δ\emph{H}\textless0.
D. In a closed container with variable volume, after the reaction 2SO\textsubscript{2}(g)＋O\textsubscript{2}(g) \(\rightleftharpoons\) 2SO\textsubscript{3}(g) reaches equilibrium, if"	multiple_answer_choice	C, D	Factors affecting chemical equilibrium###Regulation of chemical equilibrium	"[Solution] A. When the temperature decreases, although the equilibrium conversion rate increases, the reaction rate slows down, so A does not meet the requirements;  
B. Diluting the solution weakens its acidity and increases the concentration of hydroxide ions, so B does not meet the requirements;  
C. This reaction involves a decrease in gas molecules, so ΔS<0. It can occur spontaneously at room temperature, indicating that for this reaction at room temperature, ΔH-TΔS<0, meaning ΔH<0. Therefore, C meets the requirements;  
D. When the reaction reaches equilibrium, \(\frac{c^{2}(SO_{3})}{c^{2}(SO_{2})c(O_{2})}\) is the equilibrium constant, which does not change if the temperature remains unchanged. Thus, reducing the volume causes the equilibrium to shift forward while the value of \(\frac{c^{2}(SO_{3})}{c^{2}(SO"	2020	high	hard
1649	"The transformation between substances reflects the core literacy of chemistry - the concept of change. Which of the following transformations of substances can be achieved under certain conditions is (      )  
A. \(H_{2}SO_{4} (concentrated)\) \(\overset{Cu}{\underset{\Delta}{\rightarrow}} SO_{2} \overset{small\ amount\ of\ ammonia\ water}{\underset{}{\rightarrow}} NH_{4}HSO_{3} \overset{sufficient\ ammonia\ water}{\underset{}{\rightarrow}} {(NH_{4})}_{2}SO_{3}\)  
B. \(NH_{3} \overset{O_{2}}{\underset{catalyst \Delta}{\rightarrow}} NO \overset{O_{2}}{\underset{}{\rightarrow}} NO_{2} \overset{H_{2}O}{\underset{}{\rightarrow}} HNO_{"	multiple_answer_choice	A, B	Properties and Uses of Ammonia###Ammonium salt###Properties of concentrated sulfuric acid###Iron oxides and hydroxides###Mutual transformation of ferric salts and ferrous salts	"【Solution】  
A. Concentrated sulfuric acid generates sulfur dioxide upon heating; sulfur dioxide reacts with a small amount of ammonia solution to form ammonium bisulfite. When ammonia solution is in excess, it further converts to ammonium sulfite. A is correct.  
B. Ammonia and oxygen undergo catalytic oxidation to produce nitric oxide and water; nitric oxide reacts with oxygen to form nitrogen dioxide, which reacts with water to produce nitric oxide and nitric acid. B is correct.  
C. Iron and chlorine generate iron chloride upon heating: FeCl\textsubscript{3}. C is incorrect.  
D. Calcium chloride and carbon dioxide do not react. D is incorrect.  
Therefore, the answer is: A, B  
【Analysis】 This question mainly tests the transformation between substances. Knowing the reactions that occur can solve this question. Analyze whether each step of the reaction occurs and whether the products are correct.  
A. Cu + 2H\textsubscript"	2023	high	hard
658	"The correct statement is: (　  )
A. A physical change must occur during a chemical change.
B. During battery charging, electrical energy is converted into chemical energy.
C. All energy utilized by humans is obtained through chemical reactions.
D. A change in color is definitely a chemical change."	multiple_answer_choice	A, B	The differences and connections between physical changes and chemical changes.	Answer: A. During a chemical change, a change in the state of matter will definitely occur, and such changes in the state of matter constitute physical changes, so A is correct; B. When a storage battery is charged, it functions as an electrolytic cell, which is a device that converts electrical energy into chemical energy, so B is correct; C. Not all energy utilized by humans is obtained through chemical reactions, such as hydropower, wind energy, etc., so C is incorrect; D. A change in the color of a substance does not necessarily indicate a chemical change, for example, when oxygen (a colorless gas) turns into liquid oxygen (a pale blue liquid), there is a change in color but no new substance is formed, so it is a physical change. Therefore, D is incorrect; So, the answer is: AB. Analysis: A. A chemical change will definitely result in a change in the state of matter; B. In the charging of a	others	high	medium
2249	"Chinese scientists synthesized diamonds using CO\textsubscript{2} as a carbon source and metallic sodium as a reducing agent at 470°C and 80 MPa, which is of profound significance. The correct statement is (　　)
A. Diamond, graphite, and C\textsubscript{60} are referred to as allotropes, with diamond being more stable.
B. Under certain conditions, the conversion of graphite to diamond is a chemical change and is a non-redox reaction involving elements.
C. Sodium leftover from the laboratory cutting should be stored in kerosene for preservation.
D. When a fire occurs with a large amount of metallic sodium present, water can be used to extinguish the fire."	multiple_answer_choice	B, C	Redox reaction###Allotrope###Chemical properties of sodium	"Answer: A. Diamond, graphite, and C\textsubscript{60} are different allotropes of carbon, meaning they are different forms of the same element. It is known from the data that converting graphite to diamond is endothermic, and graphite is more stable, so A does not meet the question's requirements.  
B. Allotropes are different structural forms of the same element. The conversion of graphite to diamond is a chemical change, but the oxidation state of the element does not change. This conversion is a non-redox reaction involving an element, so B meets the question's requirements.  
C. Sodium is highly reactive and tends to react exothermically with water and oxygen. For safety, leftover sodium in the laboratory should be stored back in kerosene after cutting, so C meets the question's requirements.  
D. In case of a fire with a large amount of metallic sodium, sodium peroxide is formed. Using water to extinguish the fire will"	2020	high	medium
1365	"Using the following two methods to produce H\textsubscript{2}SO\textsubscript{4} (some reaction conditions and products are omitted), the following statement is incorrect (　　):

Pathway ①: S \(\overset{\text{concentrated nitric acid}}{\rightarrow}\) H\textsubscript{2}SO\textsubscript{4} Pathway ②: S \(\overset{O_{2}}{\rightarrow}\) SO\textsubscript{2}\(\overset{O_{2}}{\rightarrow}\) SO\textsubscript{3}\(\overset{H_{2}O}{\rightarrow}\) H\textsubscript{2}SO\textsubscript{4}

A. The reaction in Pathway ① only demonstrates the strong oxidizing property of concentrated nitric acid.

B. In Pathway ②, by controlling reaction conditions, S can be directly oxidized to SO\"	multiple_answer_choice	A, B	Industrial production of sulfuric acid	"[Answer] A. Sulfur reacts with concentrated nitric acid to produce sulfuric acid, nitrogen dioxide, and water. This reaction only demonstrates the strong oxidizing property of concentrated nitric acid, not its acidity, so A is relevant;

B. Sulfur reacts with O\textsubscript{2} to produce SO\textsubscript{2}. This will not change due to variations in oxygen concentration or other conditions, so B is not relevant;

C. Both pathways \(①\) and \(②\) are for preparing \(H_{2}{SO}_{4}\) from sulfur. The oxidation state of sulfur rises from 0 to \(+ 6\), theoretically consuming 1 mol of sulfur and transferring \(6{mol\text{e}^-}\) each to produce 1 mol of \(H_{2}{SO}_{4}\), so C is relevant;

D. In pathway \(①\), the reaction between sulfur and concentrated nitric acid produces sulfuric acid,"	2020	high	medium
301	"The correct statements about the materials are as follows:  
A. Cement is a common silicate product.  
B. The main component of optical fiber is silicon dioxide.  
C. The main component of silk is cellulose.  
D. An alloy certainly contains only metal elements."	multiple_answer_choice	A, B	The main chemical components of cement, its raw materials, and its uses.	Answer: A. Cement, ceramics, and glass are common silicate products, so A is correct; B. Silicon dioxide has excellent optical properties and can be used to manufacture optical fibers, so B is correct; C. The main component of silk is protein, so C is incorrect; D. An alloy refers to a substance with metallic properties composed of metal and metal or metal and non-metal, and does not necessarily contain only metal, so D is incorrect; Therefore, choose: AB. Analysis: A. Cement, ceramics, and glass are common silicate products; B. Silicon dioxide has excellent optical properties; C. The main component of silk is protein; D. Answer based on the concept of alloys.	others	high	medium
3954	"The three major synthetic materials based on modern petrochemicals are:  
A. Synthetic detergents  
B. Synthetic fibers  
C. Synthetic rubber  
D. Plastics"	multiple_answer_choice	B, C, D	Synthetic materials###Experiment on the Properties of Synthetic Organic Polymer Compounds	Answer: A. Synthetic detergents are not one of the three major synthetic materials; option A does not meet the question's intent. B. Synthetic fiber is one of the three major synthetic materials; option B meets the question's intent. C. Synthetic rubber is one of the three major synthetic materials; option C meets the question's intent. D. Plastic is one of the three major synthetic materials; option D meets the question's intent. Therefore, the answer is: BCD. Analysis: The three major synthetic materials are plastic, synthetic rubber, and synthetic fiber.	2018	high	medium
343	"Chemistry is closely related to production, life, and society. Which of the following statements is incorrect?  
A. Proteins, cotton, nucleic acids, PVC, and starch are all substances composed of macromolecules.  
B. Iron easily undergoes chemical corrosion and rusts when placed in humid air.  
C. Discarded glass, metal, and paper products are recyclable resources.  
D. Using CO\textsubscript{2} to synthesize polycarbonate biodegradable plastics achieves ""carbon"" recycling."	multiple_answer_choice	A, B	The properties and uses of monosaccharides	"Solution: A. The relative molecular mass of nucleic acids is relatively small, and they are not macromolecular compounds, so A is incorrect; B. Iron easily forms galvanic reactions in humid air, leading to electrochemical corrosion, so B is incorrect; C. Discarded glass, metals, and paper products are recyclable resources, so C is correct; D. Biodegradable plastics decompose to produce CO\textsubscript{2}, and CO\textsubscript{2} can be synthesized into polycarbonate biodegradable plastics, achieving the recycling of ""carbon,"" so D is correct. Therefore, choose AB. Analysis: A. The relative molecular mass of nucleic acids is relatively small; B. Iron easily undergoes electrochemical corrosion in humid air; C. Based on recyclable waste: discarded metals, waste paper, discarded glass, discarded plastics, discarded batteries; D. Biodegradable plastics decompose to produce CO\textsubscript{2}, and CO\text"	others	high	medium
369	"The following experimental operation and phenomenon are incorrectly matched with the conclusion:
Option A: A certain gas is passed through a phenolphthalein solution, and the solution decolorizes - The gas is SO\textsubscript{2}.

A. A B. B C. C D. D"	multiple_answer_choice	A, D	The properties of sulfur dioxide###Testing for sulfate ions###Mutual transformation of ferric salts and ferrous salts###The sequence of operations in a chemistry experiment###Exploring the properties of sodium carbonate and sodium bicarbonate###Evaluation of Chemistry Experiment Plans	"Solution:
A. Not necessarily sulfur dioxide can cause fading of fuchsine; introducing chlorine gas into the fuchsine solution can also cause fading, making A incorrect.
B. Adding KSN first, if the solution does not change color, indicates there is no Fe\textsuperscript{3+}; adding chlorine water oxidizes Fe\textsuperscript{2+} to Fe\textsuperscript{3+}, which then reacts with KSCN and turns the solution red, indicating the presence of Fe\textsuperscript{2+}, making B correct.
C. Adding dilute hydrochloric acid shows no reaction, indicating no carbonate ions; then adding barium ions forms a white precipitate of barium sulfate, making C correct.
D. It could also be bicarbonate, and it similarly reacts with hydrochloric acid to produce carbon dioxide, making D incorrect.

Therefore, the answer is: A, D. 

Analysis: This question mainly tests experimental operations"	2023	high	medium
446	"Radioactive atoms play special roles in many areas of human life and greatly assist scientific research. Their primary role is as tracer atoms. Recently, the medical field discovered that a carboxylic acid derivative of C\textsubscript{60}, labeled with radioactive \textsuperscript{14}C, can kill cells by breaking DNA under specific conditions, thereby inhibiting AIDS. The following statement about \textsuperscript{14}C is incorrect ( ).

A. \textsuperscript{14}C and \textsuperscript{14}N contain the same number of neutrons.

B. \textsuperscript{14}C\textsubscript{60} and \textsuperscript{12}C\textsubscript{60} are isomers.

C. \textsuperscript{14}C and \textsuperscript{12}C have almost identical chemical properties.

D. \textsuperscript{14}C"	multiple_answer_choice	A, B	Common valences of elements	"[Answer] A. Since neutron number = mass number - proton number, in \textsuperscript{14}C and \textsuperscript{14}N, 14 represents the mass number, and the proton numbers of C and N are 6 and 7 respectively, their neutron numbers are 8 and 7, so A is incorrect;
B. Since isomers are compounds with the same molecular formula but different structures, and \textsuperscript{14}C and C\textsubscript{60} are not compounds, B is incorrect;
C. Since the chemical properties of the same element are the same, the chemical properties of ordinary carbon atoms in \textsuperscript{14}C and C\textsubscript{60} are the same, so C is correct;
D. Since isotopes are atoms with the same number of protons but different numbers of neutrons, \textsuperscript{14}C and \textsup"	others	high	easy
505	"The correct comparisons concerning the properties of \({Na}_{2}{CO}_{3}\) and \({NaHCO}_{3}\) are:

A. Alkalinity of solutions with the same concentration: \({Na}_{2}{CO}_{3}\) > \({NaHCO}_{3}\)

B. Solubility in water under the same conditions: \({Na}_{2}{CO}_{3}\) < \({NaHCO}_{3}\)

C. Rate of bubble release when reacting with sulfuric acid of the same concentration: \({NaHCO}_{3}\) > \({Na}_{2}{CO}_{3}\)

D. Thermal stability: \({NaHCO}_{3}\) > \({Na}_{2}{CO}_{3}\)"	multiple_answer_choice	A, C	Exploring the properties of sodium carbonate and sodium bicarbonate###Exploring the alkalinity and thermal stability of sodium silicate solution.	"Answer: A. At the same concentration, sodium carbonate is more alkaline than sodium bicarbonate, so A meets the requirements; B. Under the same conditions, the solubility of sodium carbonate is greater than that of sodium bicarbonate, so B does not meet the requirements; C. When reacting with acids of the same concentration, sodium bicarbonate has a faster reaction rate, so C meets the requirements; D. Sodium bicarbonate is less thermally stable than sodium carbonate, so D does not meet the requirements. Therefore, the answer is: AC.

Analysis: Both sodium carbonate and sodium bicarbonate are alkaline salts. Under the same conditions, sodium carbonate has a greater solubility and stronger alkalinity than sodium bicarbonate. When equimolar amounts of these two substances react with sufficient hydrochloric acid, sodium carbonate releases more carbon dioxide, while sodium bicarbonate reacts with acids at a faster rate and decomposes easily when heated."	2018	high	easy
605	"Place a mixed solution of starch and potassium iodide in a semipermeable membrane bag and immerse it in a cup of distilled water. After a few minutes, conduct the following experiment and identify the correct phenomenon:

A. Adding AgNO₃ solution to the liquid outside the bag in the cup results in a yellow precipitate.
B. Adding chlorine water to the liquid inside the bag in the cup turns it blue.
C. Adding chlorine water to the liquid outside the bag in the cup turns it blue.
D. Adding iodine water to the liquid outside the bag in the cup turns it blue."	multiple_answer_choice	A, B	Dialysis	"[Answer] When a starch colloid and potassium iodide solution are mixed and placed in a bag made of a semi-permeable membrane, and this bag is immersed in distilled water, the starch colloid cannot pass through the semi-permeable membrane and remains in the bag, whereas potassium ions and iodide ions can pass through the membrane into the water in the beaker.

A. The starch colloid cannot pass through the semi-permeable membrane, but the smaller potassium ions and iodide ions can. Adding silver nitrate solution to the liquid outside the bag in the beaker results in the reaction Ag\textsuperscript{+}+I\textsuperscript{﹣}═AgI↓, producing a yellow precipitate. Therefore, A is correct.

B. Since the water is not flowing, the ion concentration inside and outside the semi-permeable membrane remains equal. Therefore, the liquid inside the bag and in the beaker both contain I\textsup"	others	high	medium
1163	"The following statement is incorrect (     ):
A. Sodium is a good conductor of electricity and heat.
B. Solubility in water: NaHCO\textsubscript{3} is greater than Na\textsubscript{2}CO\textsubscript{3}.
C. Alum purifies water because the Al(OH)\textsubscript{3} colloid formed in water has adsorption properties.
D. If a solution shows a yellow flame in a flame test, it indicates the presence of sodium and the absence of potassium."	multiple_answer_choice	B, D	Physical properties of sodium	"Answer:

A. Sodium is a metal and has metallic properties, such as conductivity and ductility. Sodium is a good conductor of electricity and heat, so A is correct.

B. The solubility of sodium carbonate is greater than that of sodium bicarbonate, so B is incorrect.

C. Alum purifies water by using aluminum ions to hydrolyze and produce aluminum hydroxide colloids, which can adsorb suspended impurities, thus purifying water. Hence, C is correct.

D. The flame test for potassium requires observation through cobalt glass to appear purple; without cobalt glass, it appears yellow, and the presence of potassium cannot be determined, so D is incorrect.

Therefore, the correct options are B and D.

Analysis:

A. Sodium is a metal and has metallic properties;

B. The solubility of sodium carbonate is greater than that of sodium bicarbonate;

C. Alum purifies water by using aluminum ions to hydrolyze and form aluminum hydroxide colloids, which"	others	high	easy
1175	"The reaction of H\textsubscript{2} burning in Cl\textsubscript{2} is: H\textsubscript{2} + Cl\textsubscript{2} \(\underset{\_}{\underset{\_}{ignite}}\) 2HCl, the unchanged aspect before and after the reaction is ()
A. Types of elements B. Total mass of substances
C. Number of molecules D. Number of atoms"	multiple_answer_choice	A, B, C, D	Law of conservation of mass	"[Answer] According to the law of conservation of mass, in a chemical reaction, the types of elements do not change, and the number of atoms does not increase or decrease. The total mass of substances before the reaction is equal to the total mass of substances after the reaction. Therefore, A, B, and D are consistent with the question. For the specific reaction: \( \text{H}_2 + \text{Cl}_2 \xrightarrow{\text{ignition}} 2\text{HCl} \), the number of molecules also remains unchanged before and after the reaction, so C is consistent with the question. 
Hence, the answer is: ABCD.

[Analysis] This question mainly examines the knowledge related to the law of conservation of mass. Analyze and answer based on the concept and characteristics of the law of conservation of mass."	2018	high	easy
1364	"Life is full of chemistry. Which of the following statements are correct?  
A. Rice can be brewed into liquor after steaming and fermentation.  
B. The final product of fat hydrolysis is glucose.  
C. The main components of cotton and silk are both cellulose.  
D. The main nutrient in soy products is protein."	multiple_answer_choice	A, D	Organic compounds in daily life	"Answer: A. Rice mainly contains starch, which hydrolyzes to generate glucose. Glucose decomposes to produce ethanol, so A is correct. B. The main component of fats is triglycerides of higher fatty acids, which hydrolyze to produce higher fatty acids and glycerol, and cannot produce glucose, so B is incorrect. C. The main component of silk is protein, so C is incorrect. D. The main nutrient in soy products is protein, so D is correct. Thus, the choices are AD.

Analysis: A. Rice mainly contains starch, which hydrolyzes to generate glucose. Glucose decomposes to produce ethanol. B. The main component of fats is triglycerides of higher fatty acids. C. The main component of silk is protein. D. Soy products are rich in protein."	2017	high	medium
1409	"Enzyme-added laundry detergent contains a small amount of alkaline protease, which has strong catalytic activity. Protein stains on clothing can be hydrolyzed and removed when they come into contact with it. The following fabric should not be washed with this enzyme-added laundry detergent: ( )

A. Cotton fabrics B. Woolen fabrics C. Acrylic fabrics D. Silk fabrics"	multiple_answer_choice	B, D	Structure and Properties of Enzymes	"[Answer] Enzyme-added laundry detergent contains enzyme biocatalysts that can catalyze the decomposition of proteins. According to the problem, this enzyme-added detergent can break down proteins, so any fabric made of protein should not be washed with it. Woolen and silk fabrics are protein-based, thus cannot be washed with enzyme-added detergent. The main component of cotton fabrics is cellulose, and that of acrylic fabrics is synthetic fibers; both can be washed with enzyme-added detergent. Therefore, choose BD.

[Analysis] Analyze whether the fabric contains protein. Enzyme-added detergent can break down and remove sweat stains, bloodstains, and proteins excreted by the human body on clothes. Products whose main component is protein should not use enzyme-added detergent."	others	high	medium
1411	"Methods for industrial production of ethanol are:
A. Starch fermentation
B. Ethylene hydration
C. Acetaldehyde reduction
D. Hydrolysis of ethyl acetate"	multiple_answer_choice	A, B	Scientific Inquiry Methods	"[Answer] Industrial Production Methods: Ethanol is generally produced industrially by starch fermentation or direct hydration of ethylene. Starch hydrolyzes into glucose, which decomposes to produce alcohol, and ethylene can add to water to obtain ethanol. Therefore, options A and B are selected.

[Analysis] Industrial production methods generally use starch fermentation or direct hydration of ethylene for ethanol production, which should be considered when solving the problem."	others	high	medium
1614	"The following statement is incorrect (    ):
A. When active metals like potassium, sodium, and magnesium catch fire, foam fire extinguishers cannot be used; dry powder extinguishers can be used instead.
B. When investigating the effect of temperature on the reaction rate between sodium thiosulfate and sulfuric acid, if the solutions are mixed and timed first, then heated to the set temperature using a water bath, the measured reaction rate will be higher.
C. After distillation is complete, heating should be stopped first, and once the apparatus has cooled, water supply should be stopped before dismantling the distillation setup.
D. To accurately prepare a solution of a certain molar concentration, during the process of adjusting volume, when adding distilled water to the volumetric flask near the calibration mark, switch to using a dropper to add distilled water to the mark."	multiple_answer_choice	A, B	Disassembly of the experimental apparatus###Prepare a solution with a specific molarity.	"Answer: 
Solution:
A. Sodium peroxide and potassium peroxide react with carbon dioxide, and magnesium can burn in carbon dioxide, so when active metals like potassium, sodium, and magnesium catch fire, foam extinguishers and dry powder extinguishers cannot be used. Sand is generally used to extinguish such fires, hence A is correct.
B. This experiment requires the initial temperature to be the same, and then the temperature is changed to explore its effect on reaction rate. Sodium thiosulfate solution and sulfuric acid should be heated in a water bath to a certain temperature separately before mixing. If they are mixed first and then heated in a water bath, the lost heat will lead to a lower measured reaction rate, so B is correct.
C. During distillation, full condensation is necessary; heating should be stopped before cooling the apparatus and stopping the water flow to prevent impurities from mixing due to excessive temperature. C is incorrect.
D. When preparing solutions, the liquid level must not exceed"	2018	high	medium
1925	"Among the following substances, which is considered a new type of inorganic non-metallic material (      )?
A. Tempered glass B. Silicon nitride ceramics C. Optical fiber D. Ceramics"	multiple_answer_choice	B, C	Inorganic non-metallic materials	"Answer: Explanation: 
A. Tempered glass has the same composition as ordinary glass and is a traditional inorganic non-metallic material, so A is incorrect.
B. Silicon nitride ceramics are a new type of inorganic non-metallic material, so B is correct.
C. Optical fibers are a new type of inorganic non-metallic material, so C is correct.
D. Ceramics are traditional inorganic non-metallic materials, so D is incorrect.
Therefore, the correct options are B and C.

Analysis:
Traditional inorganic non-metallic materials include cement, refractory materials, flat glass, instrument glass, ordinary optical glass, daily-use ceramics, sanitary ceramics, building ceramics, chemical ceramics, electrical ceramics, enamel, abrasives (silicon carbide, alumina), cast stone, carbon materials, and non-metallic minerals (asbestos, mica, marble, etc.).
New inorganic non-metallic materials mainly include advanced ceramics, amorphous materials, artificial crystals, inorganic coatings, and inorganic fibers."	others	high	medium
1931	"According to statistics, about 80% to 85% of chemical production processes use catalysts, and similarly, catalysts are also used in the preparation of substances in chemical laboratories. The following reactions require a catalyst to proceed smoothly:
A. Industrial ammonia synthesis
B. Industrial production of bleaching powder using chlorine gas
C. Industrial production of sulfuric acid
D. Laboratory preparation of chlorine gas"	multiple_answer_choice	A, C	Industrial production of sulfuric acid###Industrial ammonia synthesis###Catalyst###Laboratory preparation of chlorine gas###The bleaching action of chlorine compounds	Answer: A. The industrial synthesis of ammonia from nitrogen and hydrogen requires an iron catalyst, A is correct; B. The industrial production of bleaching powder from chlorine gas and lime slurry does not require a catalyst, B is incorrect; C. In the industrial production of sulfuric acid, the reaction of SO₂ and O₂ to form SO₃ requires a V₂O₅ catalyst, C is correct; D. The laboratory preparation of chlorine gas by reacting manganese dioxide with concentrated hydrochloric acid does not require a catalyst, D is incorrect; Therefore, the answer is: AC Analysis: A. The industrial synthesis of ammonia from nitrogen and hydrogen requires an iron catalyst; B. The industrial production of bleaching powder from chlorine gas and lime slurry does not require a catalyst; C. In the industrial production of sulfuric acid, the reaction of SO₂ and O₂ to form SO₃ requires a V₂O₅ catalyst; D. The laboratory preparation of chlorine gas by reacting manganese dioxide	2024	high	medium
2807	"Chemistry is closely related to production and life, energy development, environmental protection, and resource utilization. Which of the following statements is incorrect? 

A. The comprehensive utilization of coal and petroleum is entirely achieved through chemical changes.
B. The process of extracting bromine from seawater mainly includes: oxidation, blowing out, absorption, oxidation, and distillation (or extraction and distillation).
C. Direct landfill of used batteries reduces environmental pollution.
D. There are many sources of hydrogen, including electrolysis of water, coal gasification, and natural gas cracking."	multiple_answer_choice	A, C	Seawater Resources and Their Comprehensive Utilization###Common Environmental Pollution and Control in Daily Life###Comprehensive application of petroleum by-products###Coal carbonization and comprehensive utilization	"Solution: A. Distillation separates substances by taking advantage of different boiling points in the mixture, and no new substances are formed; thus, no new substances are created during the distillation of petroleum, it is a physical change, so A meets the requirements;

B. Chlorine is introduced into acidified seawater, causing Cl\textsubscript{2}+2Br\textsuperscript{-}=Br\textsubscript{2}+2Cl\textsuperscript{-}; bromine is expelled by hot air in the blowing column, absorbed in the absorption column with sulfur dioxide and water, leading to SO\textsubscript{2}+Br\textsubscript{2}+2H\textsubscript{2}O=2HBr+H\textsubscript{2}SO\textsubscript{4}; chlorine and steam are introduced again, causing Cl\textsubscript{2}+2Br\textsuperscript{-}=Br\textsub"	2022	high	easy
2910	"The following statements about metals are correct (   )
A. The electrons outside the nucleus of metal atoms are free electrons in the metal crystal.
B. The packing methods of magnesium-type and copper-type atoms have the highest space utilization rate.
C. The more electrons a metal atom loses in a chemical change, the stronger its reducing ability.
D. As the temperature rises, the electrical conductivity of metal decreases."	multiple_answer_choice	B, D	Metallic bond	【Answer】 A. Electrons lost by metal atoms are free electrons in the metal crystal, so A is incorrect; B. The atomic packing of magnesium and copper types has the highest spatial utilization rate of 74%, so B is correct; C. The easier metal atoms lose electrons during chemical changes, the stronger their reducing ability, so C is incorrect; D. As temperature rises, collisions between metal ions and electrons increase, reducing metal conductivity, so D is correct. Thus, the correct options are BD. 【Analysis】 A. Free electrons and metal cations exist in pure metals; B. The atomic packing of magnesium and copper types has the highest spatial utilization rate; C. The number of electrons lost by metal atoms in chemical changes is unrelated to their reducing ability; D. Explanation is based on metallic bonding knowledge.	others	high	medium
3314	"The following experiments generally require water bath heating (    ):
A. Silver mirror reaction
B. Preparation of ethyl acetate
C. Hydrolysis of ethyl acetate
D. Dehydration reaction of ethanol"	multiple_answer_choice	A, C	Ethanol elimination reaction	"[Answer] A. The silver mirror reaction requires a temperature not exceeding 100°C, so it can be heated using a water bath, thus A is correct; 
B. The preparation of ethyl acetate requires a higher temperature and needs to be heated directly with an alcohol lamp, not with a water bath, thus B is incorrect; 
C. The hydrolysis of ethyl acetate requires a relatively low temperature and is a mild reaction, requiring a water bath for heating, thus C is correct; 
D. The dehydration reaction of ethanol requires rapid heating to 170°C, so it must be directly heated and not with a water bath, thus D is incorrect; 
Therefore, select AC.

[Analysis] Since the boiling point of water is 100°C, when using a water bath for heating, the ""water bath"" heating temperature cannot exceed 100°C. The temperature using a water bath allows for even heating of reagents inside the reaction vessel, hence the answer is derived."	others	high	medium
3319	"Green vitriol has a wide range of uses. The following statement is incorrect:
A. It is commonly used in medicine to treat iron-deficiency anemia.
B. It is often used in industry as a sewage treatment agent, utilizing its reductive properties.
C. High-temperature decomposition produces \({Fe}_{2}O_{3}\), \({SO}_{2}\), and \({SO}_{3}\).
D. KSCN solution can be used to test if it has deteriorated."	multiple_answer_choice	B, C	Sulfate###Mutual transformation of ferric salts and ferrous salts###Detection of Ferrous and Ferric Ions	nan	2024	high	medium
3322	"Regarding guanine (G) and uracil (U), which of the following statements are incorrect?

A. Both are basic  
B. Both are cyclic organic compounds  
C. Both contain ---NH\textsubscript{2}  
D. Both can form base pairs in DNA molecules"	multiple_answer_choice	C, D	Nucleic acid	"Answer: A. Based on the common bases in nucleic acids, which are adenine (A), guanine (G), cytosine (C), uracil (U), and thymine (T), it is known that option A does not meet the question requirements.  
B. The structural formula of guanine (G) is <image>, and the structural formula of uracil (U) is <image>. Both are cyclic organic compounds, so option B does not meet the question requirements.  
C. From the structural formulas of both in option B, it can be seen that uracil (U) does not contain \(- {NH}_{2}\), which aligns with the question requirement for option C.  
D. Guanine (G) bases are present in both RNA and DNA, while uracil (U) is found only in RNA, which aligns with the question requirement for option D.  
Analysis: Analyzing the structural formulas and presence"	2021	high	medium
