index	question	category	answer	knowledge	analysis	year	grade_level	difficulty_level
80	Under standard conditions, 1 volume of water can dissolve 500 volumes of HCl gas. If 44.8 L of HCl gas under standard conditions is passed into water to make a 1 L solution, assuming the gas is completely dissolved, the concentration of HCl in the resulting solution is ( ); if the density of the resulting solution is 1.1 g·cm\textsuperscript{－3}, then the mass fraction of HCl in the solution is ( ); extracting 10 mL of this concentrated hydrochloric acid and diluting it in water to prepare a 250 mL solution, the concentration of HCl in the prepared dilute solution is ( ). When preparing the above dilute hydrochloric acid from concentrated hydrochloric acid, the instruments that must be checked for leaks before use are ( ); operations that may cause the concentration to be lower than expected include ( ) (select the operation numbers).	fill_in_the_blank	2.0 mol·L\textsuperscript{－1}; 6.6%; 0.08 mol·L\textsuperscript{－1}; 250mL volumetric flask; BCD	Prepare a solution with a specific molarity.###Mass fraction of solute in solution and related calculations###The comprehensive application of the amount of substance with its concentration and gas molar volume	"Answer:

Under standard conditions, the amount of 44.8 L of HCl gas is \( \frac{44.8L}{22.4L/mol} \) = 2 mol. Thus, the molarity of 1 L of HCl solution is \( \frac{2 mol}{1 L} \) = 2 mol/L.

The mass of HCl in the solution is 2 mol × 36.5 g/mol = 73 g, and the total mass of the solution is 1000 cm\(^3\) × 1.1 g/cm\(^3\) = 1100 g. Therefore, the mass percentage of HCl in the solution is \( \frac{73 g}{1100 g} \) × 100% ≈ 6.6%.

Extracting 10 mL of concentrated hydrochloric acid from this solution will not change its concentration. The amount of HCl is 2 mol/L ×"	2020	high	hard
1077	"At room temperature, the solubility products or ionization equilibrium constants of various substances are known as follows:

K\textsubscript{sp}(CuS) = 1.3×10\textsuperscript{－36}, K\textsubscript{sp}(FeS) = 6.5×10\textsuperscript{－18}

H\textsubscript{2}S: K\textsubscript{a1} = 1.2×10\textsuperscript{－7}, K\textsubscript{a2} = 7×10\textsuperscript{－15}

Generally, if the equilibrium constant of a reaction is greater than 10\textsuperscript{5}, the reaction is considered to proceed relatively completely; if it is less than 10\textsuperscript{－5}, the reaction is considered to be difficult to proceed with. Please answer:

(1) When adding Cu\textsuperscript{2＋} and S\textsuperscript{2－}, CuS forms via the reaction ( ), and the equilibrium constant is ( ), indicating that the reaction ( ).  
(2) The order of concentrations is ( ).  
(3) The equilibrium constant compared to 10\textsuperscript{－5} is ( ).  
(4) A related possible reaction with HS\textsuperscript{－} and Cu\textsuperscript{2＋} is ( )."	fill_in_the_blank	Cu\textsuperscript{2＋}＋S\textsuperscript{2－}＝CuS↓; 5.0×10\textsuperscript{18}; is difficult to proceed; c(Na\textsuperscript{＋})＞c(HS\textsuperscript{－})＞c(OH\textsuperscript{－})＞c(S\textsuperscript{2－})＞c(H\textsuperscript{＋}); ＜; HS\textsuperscript{－}＋Cu\textsuperscript{2＋}＝CuS↓＋H\textsuperscript{＋}	The dissolution equilibrium of slightly soluble electrolytes and the nature of precipitation conversion###Comparison of ion concentration levels	nan	2024	high	hard
839	"I. ① Name the following organic compound according to the system of nomenclature: CH\textsubscript{3}CH\textsubscript{2}CH(OH)CH\textsubscript{2}CH(CH\textsubscript{3})CH\textsubscript{2}CH\textsubscript{3} is: ( ).

② The structural formula of 2,6-dimethyl-4-ethyl-2-octene is: ( ). 

II. A certain amount of a benzene homolog is completely combusted. The resulting gases are successively passed through concentrated sulfuric acid and NaOH solution, resulting in a mass increase of 10.8g in the former and 39.6g in the latter. Additionally, it is known that after chlorination, the monochloro, dichloro, and trichloro derivatives on the benzene ring of this compound are formed.

(2) The molecular formula of this benzene homolog is: ( )."	fill_in_the_blank	5-Methyl-3-heptanol; CH\textsubscript{3}C(CH\textsubscript{3})=C(C\textsubscript{2}H\textsubscript{5})CH\textsubscript{2}CH(CH\textsubscript{3})CH\textsubscript{2}CH\textsubscript{3}; C\textsubscript{9}H\textsubscript{12}	Determining the structure of organic compounds using mass spectrometry, infrared spectroscopy, nuclear magnetic resonance, etc.###The naming of organic compounds.###Inference of organic matter###Isomerism and isomers	"Answer: I. ① The carbon closest to the hydroxyl group is the third carbon, and the longest carbon chain containing the hydroxyl group has 7 carbons, so the name of CH₃CH₂CH(OH)CH₂CH(CH₃)CH₂CH₃ is: 5-Methyl-3-heptanol.  
② 2,6-Dimethyl-4-ethyl-2-octene has the longest carbon chain with 8 carbons, a double bond between the 2nd and 3rd carbons, a methyl group on both the 2nd and 6th carbons, and an ethyl group on the 4th carbon. Its structural formula is: <image>.
  
II. Given that the combustion products of this hydrocarbon pass through concentrated sulfuric acid and sodium hydroxide solution, the concentrated sulfuric acid absorbs the water in the product, the sodium hydroxide absorbs the carbon dioxide in the product,"	2018	high	hard
2075	"Water is the source of life; protecting water resources is everyone's responsibility.

Ⅰ. Sodium ferrate (Na\textsubscript{2}FeO\textsubscript{4}) is a new type of green disinfectant mainly used for drinking water treatment. There are various industrial methods to produce sodium ferrate, one of which involves the reaction of NaClO solution with FeCl\textsubscript{3} solution under strong alkaline conditions, producing sodium ferrate and sodium chloride.

(1) The oxidation state of iron in sodium ferrate is ( ).  
(2) In the reaction, sodium ferrate is the ( ) product (fill in ""oxidation"" or ""reduction"").  
(3) Write the ionic equation for the preparation of sodium ferrate ( ).  

Current answer: +6; oxidation; \(3\text{ClO}^- + 2\text{Fe}^{3+} + 10\text{OH}^- = 2\text{FeO}_4^{2-} + 3\text{Cl}^- + 5\text{H}_2\text{O}\)"	fill_in_the_blank	+6; oxidation; \(3\text{ClO}^- + 2\text{Fe}^{3+} + 10\text{OH}^- = 2\text{FeO}_4^{2-} + 3\text{Cl}^- + 5\text{H}_2\text{O}\)	Redox reaction###Writing of ionic equations###The bleaching action of chlorinated water and chlorine gas	nan	2023	high	hard
2217	"Sodium peroxide has a unique structure and properties, thus it has a wide range of uses, such as a bleaching agent, dyeing agent, carbon dioxide absorber in the air, and oxygen supply in submarines. 

(1) Adding a certain amount of sodium peroxide solid to the following solutions, which will not result in turbidity is ( ). Options: A. Saturated \(H_{2}S\) solution B. \(Ca{({HCO}_{3})}_{2}\) dilute solution C. \({Na}_{2}{SO}_{3}\) dilute solution D. Saturated \({CaCl}_{2}\)

(2) Regarding the similarities and differences between \({Na}_{2}O\) and \({Na}_{2}O_{2}\), the incorrect statement is ( ). Options: A. Same state at room temperature and pressure, different color B. Contain the same positive and negative ions, but different number ratios C. Both can be..."	fill_in_the_blank	C; B	Chemical properties of sodium###Preparation of iron(III) hydroxide, iron(II) hydroxide###Sodium oxide	nan	2024	high	medium
2079	"Classification is an important method in conducting chemical research. According to different criteria, substances and chemical reactions can be categorized into various classes. Here are the following substances: ① Baking soda; ② Molten \({KHSO}_{4}\); ③ \(H_{2}{SO}_{4}\); ④ Fe; ⑤ \({CO}_{2}\); ⑥ KOH solution; ⑦ Alcohol; ⑧ Sodium peroxide; ⑨ Hydrochloric acid; ⑩ \({Cl}_{2}\); ⑪ \(H_{2}O\).

(1) Among the above substances, electrolytes are ( ), non-electrolytes are ( ). Substances that can conduct electricity in the above conditions are ( ).

(2) Write the ionic equation for the reaction between ⑧ and ⑪ ( ).

(3) The ionization equation of \({NaHCO}_{3}\) is ( ); of \({KHSO}_{4}\) (melted) is ( ).

(4) The ratio of \(Na^+\) to \(HCO_3^-\) ions formed in the ionization of \({NaHCO}_{3}\) is ( )."	fill_in_the_blank	(1) ①②③⑧⑪; ⑤⑦; ②④⑥⑨⑪; (2) \({2Na}_{2}O_{2}{+ 2H}_{2}{O = 4Na}^{+}{+ 4OH}^{-}{+ O}_{2} \uparrow\); (3) \({NaHCO}_{3}{= Na}^{+} + {HCO}_{3}^{-}\); \({KHSO}_{4} (melted) {= K}^{+}{+ HSO}_{4}^{-}\); (4) 1:1	Electrolytes and Non-electrolytes###Writing of the ionization equation###Sodium oxide	nan	2024	high	hard
3966	"Methyl methacrylate (\({CH}_{2} = C\left( {CH}_{3} \right){COOCH}_{3}\)) is the monomer for synthesizing organic glass. There are two industrial synthesis methods:

(1) Old synthesis method:
① \(\left( {CH}_{3} \right)_{2}C = O + HCN \rightarrow \left( {CH}_{3} \right)_{2}C(OH)CN\)
② \(\left( {CH}_{3} \right)_{2}C(OH)CN + {CH}_{3}OH + H_{2}{SO}_{4} \rightarrow {CH}_{2} = C\left( {CH}_{3} \right){COOCH}_{3} + {NH}_{4}{HSO}_{4}\)

(2) New synthesis method:
\({CH}_{3}C \equiv CH + CO + {CH}_{"	fill_in_the_blank	"(1) C\textsubscript{5}H\textsubscript{8}O\textsubscript{2}; Carbon-carbon double bond and ester group  
(2) Addition reaction  
(3) Raw materials are non-corrosive, product is unique, aligning with the concept of green chemistry  
(4) \({CH}_{2} = C\left( {CH}_{3} \right){COOH + CH}_{3}OH\)\(\overset{\text{concentrated sulfuric acid}}{\underset{\Delta}{\rightleftharpoons}}\)\({CH}_{2} = C\left( {CH}_{3} \right){COOCH}_{3}\)+H\textsubscript{2}O  
(5) <image>  
(6) CH\textsubscript{3}CH=CHCOOH, CH\textsubscript{2}=C(CH\textsubscript{3})CO"	Isomerism and isomers###Introduction to Carboxylic Acids	nan	2024	high	medium
1340	"I. A small amount of saturated ferric chloride solution is dripped into boiling water and continued to boil to produce an Fe(OH)\textsubscript{3} colloid. The reaction equation is: FeCl\textsubscript{3} + 3H\textsubscript{2}O \(\underline{\underline{boiling}}\) Fe(OH)\textsubscript{3} (colloid) + 3HCl

(1) Stop heating when the solution appears ( ), and the Fe(OH)\textsubscript{3} colloid is obtained.  
(2) The essential difference between ferric hydroxide colloid and ferric hydroxide precipitate is ( ).  
(3) The following statement is incorrect: ( ).  
A. Fog is a colloid and shows the Tyndall effect.  
B. The color cannot distinguish between FeCl\textsubscript{3} and Fe(OH)\textsubscript{3}.  
C. BaCl\textsubscript{2} can be used to test for SO\textsubscript{4}\textsuperscript{2−}.  
D. AgNO\textsubscript{3} can be used to test for Cl\textsuperscript{-}."	fill_in_the_blank	Reddish-brown; size of dispersed particles; B	The properties and applications of colloids	nan	2023	high	hard
1455	"Write the ionic equations for the following reactions as required:  
(1) Mixing sodium bicarbonate solution with dilute hydrochloric acid: ( ).  
(2) Passing a small amount of carbon dioxide into clear limewater: ( ).  
(3) Reaction of sodium oxide with dilute hydrochloric acid: ( ).  
(4) Gradually adding Ba(OH)\textsubscript{2} solution to NaHSO\textsubscript{4} solution until the solution is neutral: ( ).  
(5) Balance the following ionic equations:  
   ① Fe\textsuperscript{3+} + SO\textsubscript{2} + H\textsubscript{2}O = Fe\textsuperscript{2+} + \({SO}_{4}^{2-}\) + H\textsuperscript{+} ( ).  
   ② ( )."	fill_in_the_blank	\({HCO}_{3}^{-} + {H}^{+} \rightarrow {CO}_{2}\uparrow + {H}_{2}O\); \({CO}_{2} + {Ca}^{2+} + 2{OH}^{-} \rightarrow {CaCO}_{3}\downarrow + {H}_{2}O\); Na\textsubscript{2}O + 2HCl = 2NaCl + H\textsubscript{2}O; \({2H}^{+} + {SO}_{4}^{2-} + {Ba}^{2+} + 2{OH}^{-} \rightarrow {BaSO}_{4}\downarrow + {2H}_{2}O\); 2Fe\textsuperscript{3+} + SO\textsubscript{2} + 2H\textsubscript{2}O = 2Fe\textsuperscript{2+} + \({SO}_{4}^{2-}\) + 4H\textsuperscript{+}	Balancing redox reaction equations###The properties of sulfur dioxide###Writing of ionic equations	nan	2023	high	hard
668	The following 5 different particles \textsubscript{1}\textsuperscript{1}H, \textsubscript{1}\textsuperscript{2}H, \textsubscript{1}\textsuperscript{3}H, \textsubscript{6}\textsuperscript{14}C, \textsubscript{53}\textsuperscript{125}I represent \ul{ 3 } elements, \ul{ 5 } nuclides, and \textsubscript{1}\textsuperscript{1}H, \textsubscript{1}\textsuperscript{2}H, \textsubscript{1}\textsuperscript{3}H are called \ul{ isotopes }.	fill_in_the_blank	3; 5; isotopes	Element, nuclide	"Element refers to a category of atoms with the same number of nuclear charges (i.e., the number of protons in the nucleus). The fundamental difference between different elements is the difference in the number of protons; the type of element is determined by the number of protons. \(\textsubscript{1}^{1}H\), \(\textsubscript{1}^{2}H\), and \(\textsubscript{1}^{3}H\) all have 1 proton, so these three different particles \(\textsubscript{1}^{1}\), \(\textsubscript{1}^{2}\), \(\textsubscript{1}^{3}\) represent the same element, hydrogen. \(\textsubscript{6}^{14}\) represents the carbon element, \(\textsubscript{53}^{125}\) represents the iodine element, therefore, there are a total of 3 elements.

A nuclide refers to an atom with a"	others	high	medium
1434	The iodine element contained in kelp exists in the form of I\textsuperscript{﹣}, so it can first be oxidized to \ul{    }, and then tested using the characteristic of \ul{    }.	fill_in_the_blank	Hydrogen peroxide; iodine element; iodine element turns starch blue.	Testing for Iodine in Kelp Components	"[Answer] Explanation: Iodine in kelp exists in the form of I\textsuperscript{﹣}. Elemental iodine turns blue when it encounters starch, so an oxidizing agent such as hydrogen peroxide is used to convert I\textsuperscript{﹣} into elemental iodine. Then, a starch solution is added. If the solution turns blue, it indicates the presence of elemental iodine, which means I\textsuperscript{﹣} is present. Therefore, the answer is: hydrogen peroxide; elemental iodine; elemental iodine turns starch blue.

[Analysis] Elemental iodine turns blue when it encounters starch, so an oxidizer is used to convert I\textsuperscript{﹣} into elemental iodine, then tested, according to this analysis."	others	high	medium
3328	In the laboratory, solid drugs should be stored in \ul{　 　} bottles; block-shaped solids should be taken with a \ul{　 　}, and powdered solids with a \ul{　 　}. Liquid drugs should be stored in \ul{　 　} bottles, and solutions that decompose easily in light should be stored in \ul{　 　}-colored bottles.	fill_in_the_blank	Wide mouth; tweezers; medicine spoon; narrow mouth; brown	Storage of chemical reagents	"[Answer] Solid chemicals are typically stored in wide-mouth bottles; powders are generally handled with a spatula or paper chute, and chunks are usually handled with tweezers. Liquid chemicals are generally stored in narrow-neck bottles, and solutions that decompose easily in light should be stored in brown bottles, so the answer is: wide-mouth; tweezers; spatula; narrow-neck; brown.

[Analysis] This question tests the basic laboratory operations for handling and storing chemicals. Solid chemicals are typically stored in wide-mouth bottles; powders are generally handled with a spatula or paper chute, and chunks are usually handled with tweezers. Liquid chemicals are generally stored in narrow-neck bottles, and solutions that decompose easily in light should be stored in brown bottles."	others	high	medium
3699	In the NOCl molecule, each atom satisfies the stable structure of 8 electrons; therefore, the electron dot structure of NOCl is ( ) and the spatial configuration of the molecule is ( ).	fill_in_the_blank	O=N–Cl; V shape	Methods and Types of Atomic Orbital Hybridization Determination###Integration of electronic formula, chemical formula or chemical symbols, and names	nan	2024	high	hard
3414	"At room temperature, determine the acidity or basicity of the solution after mixing the following two aqueous solutions (fill in the number):

① Equal volumes of \(CH_{3}COOH\) and NaOH solutions with the same concentration: \ul{　 　};
② Equal volumes of \(CH_{3}COOH\) with \(pH = 2\) and NaOH with \(pH = 12\): \ul{　 　};
③ Equal volumes of HCl with \(pH = 2\) and \(Ba(OH)_{2}\) with \(pH = 12\): \ul{　 　}.

A. Acidic B. Neutral C. Basic"	fill_in_the_blank	C; A; B	Ionization equilibrium of a weak electrolyte in aqueous solution###Main factors affecting the degree of salt hydrolysis###Comparison of ion concentration levels	"Answer: ① Mixing equal volumes of the same concentration of \(CH_{3}COOH\) and NaOH solutions results in a sodium acetate solution. Sodium acetate is a salt of a strong base and a weak acid, which hydrolyzes to show alkalinity, so the answer is: C;

② Mixing equal volumes of \(CH_{3}COOH\) with a \(pH = 2\) and NaOH solution with a \(pH = 12\), the concentration of acetic acid is greater than that of the NaOH solution, thus acetic acid is in excess, and the solution is acidic, so the answer is: A;

③ Mixing equal volumes of HCl with a \(pH = 2\) and \(Ba(OH)_2\) with a \(pH = 12\), the solution is neutral, so the answer is: B.

Analysis: Salts of strong acids and strong bases are neutral, salts of"	2023	high	hard
4156	"Answer the following questions:
(1) Soluble aluminum salts are commonly used as coagulants because \_\_\_\_ (write the ionic equation).
(2) At 25°C, in pure water \(c\left( H^{+} \right) =\) \_\_\_\_ \(mol \cdot L^{-1}\); when the temperature rises to 100°C, the pH of pure water is 6, indicating the solution is \_\_\_\_ (fill in ""acidic,"" ""alkaline,"" or ""neutral""); at 100°C, the pH of a 0.1 mol·L\textsuperscript{-1} NaOH solution is \_\_\_\_.
(3) At 25°C, \(V_{1} mL 0.2 mol \cdot L^{-1}\) dilute hydrochloric acid is mixed with \(V_{2} mL 0.1 mol \cdot"	fill_in_the_blank	"(1) Al\textsuperscript{3+} + 3H\textsubscript{2}O \(\rightleftharpoons\) Al(OH)\textsubscript{3} (colloid) + 3H\textsuperscript{+}
(2) 1×10\textsuperscript{-7}; neutral; 11
(3) 1.3; 3:7
(4) <; ="	Definition of solution pH###Application of Salt Hydrolysis###Comparison of ion concentration levels	nan	2023	high	hard
81	"Complete the following tasks as required by the question:
(1) Write the ionic reaction equation of chlorine dissolving in water \ul{     }.
(2) When 4.6g of metallic sodium is added to an excess of water, it yields an ag solution; when 4.8g of metallic magnesium is added to an excess of hydrochloric acid, it yields a bg solution. Assuming the mass of the water and the hydrochloric acid is equal, the relationship between the mass of the two solutions after the reaction is a\ul{     }b (fill in \textgreater, \textless, =).
(3) \({Na}_{2}S_{x}\) can be oxidized by NaClO into \({Na}_{2}{SO}_{4}\) in an alkaline solution, while NaClO is reduced to NaCl. If the molar ratio of \({Na}_{2}S_{x}\) to NaClO in the"	fill_in_the_blank	"(1) \({Cl}_{2} + H_{2}O = {Cl}^{-} + HClO + H^{+}\)
(2) =
(3) 4
(4) +7
(5) 5:3
(6) <image>; 1"	Chemical properties of sodium###The bleaching action of chlorinated water and chlorine gas###Calculation of the number of electrons transferred in a redox reaction	nan	2023	high	hard
4133	"Complete the following blanks
(1) There are 0.2 mol Cl\textsuperscript{-} ions in 9.5 g of a divalent metal chloride (ACl\textsubscript{2}), then the molar mass of A is \_\_\_\_\_.
(2) The chemical equation for the reaction of Al with NaOH solution is \_\_\_\_\_; the oxide of aluminum belongs to \_\_\_\_\_ oxides (fill in ""basic"", ""acidic"", or ""amphoteric"").
(3) Given that the volume of a saturated NaCl solution is V mL, density is ρ g/cm\textsuperscript{3}, mass fraction is w%, and molarity is c mol/L, express the solubility of NaCl at this temperature using w \_\_\_\_\_.
(4) There is a gas storage bottle, weighing 516g when filled with O\textsubscript"	fill_in_the_blank	"(1) 24 \(g \cdot {mol}^{- 1}\)

(2) 2Al + 2NaOH + 2H\textsubscript{2}O = 2NaAlO\textsubscript{2} + 3H\textsubscript{2}↑; amphoteric

(3) \(\frac{100w\%}{1 - w\%}\)g

(4) 501g

(5) 250\(mL\) volumetric flask, glass rod; \(25.0mL\); CD"	Chemical properties of aluminum###Concepts and Relationships of Dispersion Systems, Colloids, and Solutions###Calculations related to the amount of substance	nan	2023	high	hard
579	The raw material for artificial fibers is \ul{    }, while the raw material for synthetic fibers is \ul{    }.	fill_in_the_blank	Natural fibers; petroleum, coal, limestone, water, and air	Properties and Uses of Polysaccharides	Answer: Man-made fibers are processed from natural fibers such as bamboo and wood; synthetic fibers are manufactured through a series of chemical reactions using petroleum, coal, limestone, water, and air as raw materials. Therefore, the answer is: natural fibers; petroleum, coal, limestone, water, and air. Analysis: The inference is based on the composition of man-made and synthetic fibers.	others	high	medium
2974	"The properties of a substance determine its uses. Below are several properties of metals: ① thermal conductivity, ② electrical conductivity, ③ reducibility, ④ ductility, ⑤ metallic luster. Please fill in the blanks with the corresponding property numbers after the uses of metals listed below.

(1) Aluminum foil customized for packaging \ul{　 　}; (2) Copper wires and metal cables extensively used in the telecommunications industry \ul{　 　};
(3) Using iron powder to recover silver from waste liquids in the photography industry \ul{　 　}; (4) High-pressure aluminum cookers made of aluminum \ul{　 　}."	fill_in_the_blank	4; 2; 3; 1	The general properties of metals	Answer: Using aluminum foil as packaging material takes advantage of aluminum's ductility; using copper wire and metal for cables takes advantage of metal's electrical conductivity; using iron powder to recover silver from photographic industry waste liquid takes advantage of iron's reduction ability; using aluminum to make high-pressure aluminum pots takes advantage of aluminum's thermal conductivity. Therefore, the answer is: ④②③①. Analysis: The structure of a substance determines the substance itself, and the properties of the substance determine its usage. Correct judgments can be made by analyzing the properties of metals.	others	high	medium
2930	"Chemistry is a discipline based on experiments.

(1) Among the descriptions of the following experimental operations, the correct ones are (fill in the number):

① To speed up the reaction rate of generating hydrogen using dilute sulfuric acid and zinc, zinc granules wrapped in copper wire mesh can be added to the dilute sulfuric acid.

② During the purification of crude salt, to accelerate the filtration rate, the liquid in the funnel can be stirred with a glass rod.

③ When preparing a solution with a certain molar concentration, the volumetric flask does not need to be dried after washing.

④ In the distillation operation, the mercury bulb of the thermometer should be inserted below the liquid surface without touching the wall of the distillation flask.

⑤ Ammonium chloride solid can be heated in a test tube to prepare a small amount of ammonia gas.

⑥ A white solid substance is often found on the inner wall of the reagent bottle containing lime water, which can be removed with dilute sulfuric.

The correct descriptions are ( ) and the incorrect description is ( )."	fill_in_the_blank	①③; ②	Chemical Experiment Safety and Accident Handling	"Solution: 

(1) 
① Adding zinc particles wrapped in copper mesh into dilute sulfuric acid creates a Cu-Zn-sulfuric acid galvanic cell, accelerating the reaction rate, so ① is correct;
② Stirring should not be done during filtration to prevent the filter paper from breaking and the solution from leaking, so ② is incorrect;
③ When preparing a solution, water is added last to reach the desired volume; not drying the volumetric flask after washing does not affect the solution's concentration, so ③ is correct;
④ During distillation, the temperature of the distillate is measured. The mercury bulb of the thermometer should be positioned at the branch tube opening, so ④ is incorrect;
⑤ Ammonium chloride decomposes upon heating to form ammonia and hydrogen chloride, which recombine when cooled, making it difficult to obtain ammonia, so ⑤ is incorrect;
⑥ Sulfuric acid can dissolve CaCO₃, but it produces slightly soluble"	others	high	medium
1075	"The substances currently available are: ① sodium bicarbonate crystals ② sodium oxide ③ carbon dioxide ④ aluminum ⑤ liquid oxygen ⑥ molten KNO₃ ⑦ dilute sulfuric acid ⑧ alcohol ⑨ hydrogen chloride ⑩ ammonia solution ⑪ barium hydroxide solution ⑫ sodium bisulfate crystals.

(1) The substances that can conduct electricity are ( ); the substances that are electrolytes are ( ).

(2) Write the ionic equation for the reaction between aluminum and dilute sulfuric acid ( ).

(3) Among the above substances, an ionic reaction can occur between two substances: H⁺ + OH⁻ = H₂O, the corresponding chemical equation is ( ).

(4) When a small amount of ③ is introduced into clear water containing calcium ions and hydroxide ions, the reaction is ( ).

(5) Write the dissociation equations for barium hydroxide, ammonium sulfate, and sodium bisulfate: ( ); ( ); ( ).

(6) Draw the Lewis structure of an unknown compound and indicate the charge ( ) and identify the metallic ion present ( )."	fill_in_the_blank	④, ⑥, ⑩, ⑪; ②, ⑥, ⑨, ⑫; 2Al + 6H⁺ = 2Al³⁺ + 3H₂↑; Ba(OH)₂ + 2HCl = BaCl₂ + 2H₂O; CO₂ + Ca²⁺ + 2OH⁻ = CaCO₃↓ + H₂O; Ba(OH)₂ = Ba²⁺ + 2OH⁻; (NH₄)₂SO₄ = 2NH₄⁺ + SO₄²⁻; NaHSO₄ = Na⁺ + H⁺ + SO₄²⁻; <image>; +1; Ag	Redox reaction###Electrolytes and Non-electrolytes###Electrical conductivity of electrolyte solutions###Writing of ionic equations###Writing of the ionization equation	Answer: (1) (i) Sodium bicarbonate crystals belong to salts, are electrolytes and do not conduct electricity; (ii) Sodium oxide is a metallic oxide, is an electrolyte and does not conduct electricity; (iii) Carbon dioxide is a non-metallic oxide and a non-electrolyte; (iv) Aluminum is a metallic element, neither an electrolyte nor a non-electrolyte, and conducts electricity; (v) Liquid oxygen is an element, neither an electrolyte nor a non-electrolyte; (vi) Molten KNO\textsubscript{3} is a salt, is an electrolyte, and conducts electricity; (vii) Dilute sulfuric acid is a mixture, neither an electrolyte nor a non-electrolyte, and conducts electricity; (viii) Alcohol is an organic compound and a non-electrolyte; (ix) Hydrogen chloride is an electrolyte and does not conduct electricity; (x) Ammonia solution is	2024	high	hard
671	"Aluminum (melting point 660°C) is a widely used metal. Industrially, it is produced by electrolyzing a mixture of \({Al}_{2}O_{3}\) (melting point 2045°C) and cryolite (\({Na}_{3}{AlF}_{6}\)). Please answer the following questions:
(1) Although aluminum is an active metal, it can exist stably in air because \ul{　 　}. In metallurgical industry, aluminum is often used as a reducing agent for smelting vanadium, chromium, manganese, and other metals. Please write the chemical equation for the reaction of aluminum and V\textsubscript{2}O\textsubscript{5} at high temperatures: \ul{　 　}.
(2) Mix \(0.1 mol \cdot L^{-1} {AlCl}_{3}\) solution with \(10\% NaF\) solution to prepare \({Na}_{3}{Al"	fill_in_the_blank	"The surface of aluminum can form a dense layer of aluminum oxide film, protecting it from further oxidation; \({10Al + 3V}_{2}O_{5}\begin{array}{r}
\underline{\underline{high\ temperature}} \\
\end{array}{5Al}_{2}O_{3} + 6V\); no; \(F^{-}\) can hydrolyze to produce hydrofluoric acid, which corrodes glass; ABD; \({10Al + 6NO}_{3}^{-}{+ 4OH}^{-}{= 10AlO}_{2}^{-}{+ 3N}_{2} \uparrow {+ 2H}_{2}O\); 11.2L."	Exploring the Thermite Reaction###Calculation of the number of electrons transferred in a redox reaction	nan	2024	high	medium
3489	"Complete the following questions:

(1) The characteristics of future new energy sources are abundant resources, no or minimal environmental pollution during use, and renewability. Among the following energy sources, the ones that meet the standards for future new energy are ( ) (fill in the letter).  
① Natural gas ② Coal ③ Nuclear energy ④ Oil ⑤ Solar energy ⑥ Biomass energy ⑦ Wind energy ⑧ Hydrogen energy  
A. ①②③④ B. ③⑤⑥⑦⑧  
C. ⑤⑥⑦⑧ D. ③④⑤⑥⑦⑧

(2) Among the following reactions, the one that is endothermic is ( ) (fill in the letter).  
A. \({Na}_{2}O\) reacting with water  
B. Combustion of methane  
C. \textsubscript{3}H\textsubscript{8}(g)+5O\textsubscript{2}(g)=3CO\textsubscript{2}(g)+4H\textsubscript{2}O(l)  
D. H\textsuperscript{+}(aq)+OH\textsuperscript{-}(aq)=H\textsubscript{2}O(l)"	fill_in_the_blank	C; C	Endothermic reaction and exothermic reaction###Heat of combustion###Neutralize heat###Gauss's Law and its Applications	nan	2023	high	hard
905	"Materials are an important material foundation for human survival, and chemistry is the basis for the development of material science. Among the following materials, the one that belongs to synthetic polymer materials is ( ) (fill in the letter).
A. Starch B. Cotton C. Silk D. Plastic

(2) Maintaining a clean and safe living environment has become the consensus of all humanity. Among carbon dioxide, sulfur dioxide, and chlorofluorocarbons, the one mainly causing the greenhouse effect is ( ), the one mainly causing ozone layer depletion is ( ), and the one mainly forming sulfuric acid-type acid rain is ( ).

(3) The table below shows part of the description on the packaging of a certain brand of instant noodles.

Product Name: XX Instant Noodles
Partial Ingredients: ①Salt ②Turmeric ③Beef ④Dehydrated 

Order from highest to lowest content of ingredients is ( ), ( ), ( ), and ( )."	fill_in_the_blank	D; Carbon Dioxide; Chlorofluorocarbons; Sulfur Dioxide; ①; ②; ④; ③	Structure and Properties of Organic Macromolecular Compounds	"Answer: (1) Starch, cotton, and silk are natural substances, while plastic is a synthetic polymer material, so the answer is: D; (2) The main cause of the greenhouse effect is carbon dioxide, the main contributor to the ozone hole is chlorofluorocarbons, and the primary cause of sulfuric acid-type acid rain is sulfur dioxide. Thus, the answer is: carbon dioxide; chlorofluorocarbons; sulfur dioxide; (3) ① Salt has a salty taste and is a condiment; ② Turmeric is a coloring agent; ③ Beef is rich in protein; ④ Dehydrated spinach is rich in vitamins. Therefore, the answer is: ①; ②; ④; ③.

Analysis: (1) Polymer materials include many types such as plastics, rubber, fibers, films, adhesives, and coatings, among which plastics, synthetic rubber, and synthetic fibers are known as the three major modern polymer"	others	high	medium
2377	"A certain solid mixture may contain CaCO\textsubscript{3}, Al\textsubscript{2}(SO\textsubscript{4})\textsubscript{3}, Na\textsubscript{2}SO\textsubscript{4}, Ba(NO\textsubscript{3})\textsubscript{2}, and CuSO\textsubscript{4}. The mixture is subjected to the following experiments:
1. A small amount of the mixture is added to water, resulting in a colorless solution and a white precipitate.
2. The solution is tested for flame color, and the flame appears yellow.
3. The white precipitate is added to dilute hydrochloric acid, it completely dissolves and releases gas.
Substances definitely present in the mixture are \ul{　 　}; substances definitely absent from the mixture are \ul{　 　}."	fill_in_the_blank	CaCO\textsubscript{3}, Na\textsubscript{2}SO\textsubscript{4}; Ba(NO\textsubscript{3})\textsubscript{2}, CuSO\textsubscript{4}	The relationship among the composition, structure, and properties of matter.###Testing and Identification of Substances	Solution: (1) The resulting solution is colorless, so copper sulfate is definitely absent, as a solution containing Cu\textsuperscript{2+} is blue. The produced white precipitate could be barium sulfate or calcium carbonate. (2) Conduct a flame test on the solution; the flame is yellow, indicating the presence of sodium ions in the solution, so sodium sulfate must be present in the original mixture. (3) Adding dilute hydrochloric acid causes the precipitate to dissolve completely and releases gas; only calcium carbonate reacts with hydrochloric acid to release gas, so calcium carbonate must be present. Since the precipitate completely dissolves and barium sulfate does not dissolve in hydrochloric acid, barium nitrate must be absent. Based on the above analysis, the substances that are definitely present are calcium carbonate and sodium sulfate, and those definitely absent are copper sulfate and barium nitrate. Therefore, the correct answer to this question is: CaCO\textsubscript{3	2018	high	hard
3523	The characteristic of chemistry is to understand ( ) and create ( ), making it a creative science.	fill_in_the_blank	molecules; molecules	The main characteristics and significance of chemistry	"[Answer] A molecule is the smallest particle that retains the chemical properties of a substance. A chemical reaction is the process in which new substances, i.e., new molecules, are formed. Therefore, the essence of chemistry is to understand and create molecules. Hence, the answer is: molecule; molecule.

[Analysis] A molecule is the smallest particle that retains the chemical properties of a substance, and a chemical reaction is the process in which new substances are formed."	others	high	easy
1312	"During the Spring Festival, pay attention to dietary health.

① Drink plenty of water regularly. Water has important physiological functions in the human body. The substances that can be hydrolyzed in the human body are ( ) (fill in the letter).
a. Glucose b. Amino acids c. Fats

② Make rational dietary choices. Chicken, duck, fish, and meat are common ingredients that are rich in nutrients like fats and ( ); starchy foods are suitable for all ages, and the chemical formula of starch is ( ); vegetables and fruits are rich in vitamin C, and the elements composing vitamin C are ( ) (fill in the element symbol).

③ Orange juice is a common beverage at family feasts. A certain brand of orange juice contains white sugar, refined salt, lemon yellow, and sodium benzoate. Among these, the colorant is ( ).

④ Improper diet can cause stomach pain. Weishup is given by the reaction: Al(OH)\textsubscript{3}+3H\textsuperscript{+}=( )+3H\textsubscript{2}O."	fill_in_the_blank	c; protein; (C\textsubscript{6}H\textsubscript{10}O\textsubscript{5})\textsubscript{n}; C, H, O; tartrazine; Al\textsuperscript{3+}	The relationship between balanced nutrition and human health	"Answer: 
① a. Glucose is a monosaccharide and cannot be hydrolyzed; 
b. Protein hydrolysis ultimately yields amino acids, which cannot be hydrolyzed; 
c. Fats are glycerides of higher fatty acids and can be hydrolyzed to obtain glycerol and higher fatty acids; 
Therefore, the answer is: c; 

② Chicken, duck, fish, and meat are common ingredients rich in fats and proteins. Starch-rich pastries are suitable for all ages. The chemical formula of starch is (C\textsubscript{6}H\textsubscript{10}O\textsubscript{5})\textsubscript{n}. Vegetables and fruits are rich in vitamin C, which is composed of the elements C, H, and O. 
Therefore, the answer is: protein; (C\textsubscript{6}H\textsubscript{10}O\textsubscript{5})\text"	others	high	medium
2378	After mixing the two sulfates in a certain proportion and melting them together, compound M (chemical formula xK\textsubscript{2}SO\textsubscript{4}·yCr\textsubscript{2}(SO\textsubscript{4})\textsubscript{3}) can be obtained. When all Cr\textsuperscript{3+} in 2.83g of compound M is oxidized to Cr\textsubscript{2}O\textsubscript{7}\textsuperscript{2-}, the Cr\textsubscript{2}O\textsubscript{7}\textsuperscript{2-} in the solution reacts with an excess of KI solution, yielding 3.81g of I\textsubscript{2}. The ionic equation for the reaction is: Cr\textsubscript{2}O\textsubscript{7}\textsuperscript{2-} + ( ) = ( ).	fill_in_the_blank	6I\textsuperscript{-} + 14H\textsuperscript{+}; 2Cr\textsuperscript{3+} + 3I\textsubscript{2} + 7H\textsubscript{2}O	Determination of Complex Chemical Formulas###Calculations related to the amount of substance###Chemical formulas and their calculations	[Answer] After oxidizing all Cr³⁺ in 2.83g compound M to Cr₂O₇²⁻, the Cr₂O₇²⁻ in the solution reacts with excess KI solution, producing 3.81g I₂, where the amount of substance \(n = \frac{m}{M} = \frac{3.81g}{254g \cdot {mol}^{- 1}} = 0.015mol\). The ionic equation of the reaction is: Cr₂O₇²⁻ + 6I⁻ + 14H⁺ = 2Cr³⁺ + 3I₂ + 7H₂O, thus the amount of n(Cr₂O₇²⁻) = \(\frac{1}{3}\) n(I₂) = \(\frac{1}{3}\) ×0.015mol = 0.005mol. Therefore,	2020	high	hard
3702	The reagent used to distinguish between a protein solution and a salt solution is \_\_\_; the method for separating and purifying protein is \_\_\_.	fill_in_the_blank	Concentrated nitric acid; salting-out	Structure and characteristics of amino acids and proteins###Special reactions of proteins	"**Answer**: Concentrated nitric acid can turn protein yellow, causing a color reaction, and thus can be used to distinguish between protein solutions and salt solutions. Proteins precipitate when they encounter concentrated non-heavy metal salt solutions; this process is reversible, so the salting-out method is used to separate and purify proteins.

**Analysis**: Protein denaturation refers to the movement of electrons in the protein molecule's carbonyl oxygen atom under the influence of protons, moving towards the protons, while electrons in adjacent carbon atoms move towards the oxygen. This leaves the carbon atom's nucleus relatively exposed, undergoing nucleophilic addition, causing the molecule to enlarge and lose fluidity. Salting-out refers to the phenomenon where neutral salt is added to a protein aqueous solution, causing proteins to precipitate as the salt concentration increases."	2018	high	hard
2515	The number of atoms contained in 0.012 kg of C-12 is called the Avogadro constant, denoted as ( ), and is approximately ( ). C-12 is an isotope of the carbon element and is related to \textsuperscript{14}C as ( ), having the same ( ).	fill_in_the_blank	N\textsubscript{A}; 6.02×10\textsuperscript{23} mol\textsuperscript{﹣1}; nuclide; proton number (or nuclear charge number)	Isotopes and Their Applications###Calculations related to the amount of substance	"【Answer】 The number of carbon atoms in 0.012 kg of \(\textsuperscript{12}\)C is Avogadro's constant, denoted as \(N_A\), approximately \(6.02 \times 10^{23} \text{mol}^{-1}\). \(\textsuperscript{12}\)C is a type of atom or nuclide of the carbon element, and is an isotope of \(\textsuperscript{14}\)C, both having 6 protons. 

The answer is: \(N_A\), \(6.02 \times 10^{23} \text{mol}^{-1}\), nuclide, isotope, number of protons (or nuclear charge number).

【Analysis】 The analysis is based on Avogadro's constant definition and the concept of isotopes."	2017	high	easy
2710	"A reasonable diet and balanced nutrition are important ways to ensure human health and quality of life.

① Insufficient intake of essential elements can affect normal physiological activities. The following practice does not achieve the purpose: \_\_\_.  
a. Iodine supplementation — using iodized salt  
b. Iron supplementation — using iron-fortified soy sauce  
c. Calcium supplementation — taking glucose  

② The human body requires 8 essential amino acids to be obtained through food. Among the substances contained in a certain brand of biscuit, the one that can be converted into amino acids is: \_\_\_.  
a. Cellulose  
b. Protein  
c. Fat  

③ The most important antibiotic in human history is: \_\_\_.  
a. Penicillin  
b. Vitamin  
c. Carotene"	fill_in_the_blank	c; b; a	Structure and characteristics of amino acids and proteins###The Important Role of Trace Elements in Human Health###The main components and efficacy of the drug.	"Answer: 

1) Glucose does not contain calcium elements and cannot supplement calcium, so the answer is: c;
2) Protein hydrolyzes to form amino acids, cellulose and fats do not contain nitrogen elements, so the answer is: b;
3) Penicillin is an antibiotic, and carotene synthesizes vitamin A in the human body, so the answer is: a.

Analysis: 

1) Glucose does not contain calcium elements;
2) Protein hydrolyzes to form amino acids;
3) Penicillin is an antibiotic."	2016	high	medium
1380	"Please indicate the attractive forces that need to be broken in the following processes:  
① Ionic bond ② Polar covalent bond ③ Non-polar covalent bond ④ Hydrogen bond ⑤ Intermolecular forces

(1) Dry ice melting ( )  
(2) Sodium hydroxide dissolving in water ( )  
(3) Sodium peroxide dissolving in water ( )  
(4) Hydrogen chloride gas dissolving in water ( )  
(5) Ice melting ( )."	fill_in_the_blank	5; 1; 1, 3; 2; 4, 5	Differences between Chemical Bonds and Intermolecular Forces###Substances containing hydrogen bonds	"Answer:

(1) The melting of dry ice is a molecular crystal, and melting is a physical change that requires breaking intermolecular forces. Therefore, the answer is: ⑤;

(2) Sodium hydroxide is an ionic compound. When dissolved in water, it ionizes to form sodium ions and hydroxide ions, breaking ionic bonds. Therefore, the answer is: ①;

(3) Sodium peroxide is an ionic compound containing ionic bonds and non-polar covalent bonds. When dissolved in water, it forms sodium hydroxide and oxygen, requiring the breaking of ionic bonds and non-polar covalent bonds. Therefore, the answer is: ①③;

(4) Hydrogen chloride gas contains a polar covalent bond (H-Cl). When dissolved in water, it ionizes, breaking the polar covalent bond. Therefore, the answer is: ②;

(5) Ice is a molecular crystal, containing hydrogen bonds and intermolecular forces. Melting requires breaking hydrogen bonds and"	others	high	medium
2311	Proteins, starch, and fats are three important nutrients, among which \ul{　 　} is not a macromolecular compound. The final hydrolysis products of these three substances are protein → \ul{　 　}; starch → \ul{　 　}; fat → \ul{　 　}.	fill_in_the_blank	Fat; amino acids; glucose; long-chain fatty acids and glycerol	Testing of starch, protein, and glucose in food###Special reactions of proteins###Properties, Composition, and Structure of Lipids	"[Answer] Proteins and starch have relatively large molecular weights and are macromolecular compounds, while fats are organic compounds with smaller molecular weights and are not macromolecular compounds. The peptide bonds in proteins break during hydrolysis, between carbon-oxygen double bonds and carbon-nitrogen single bonds, generating corresponding amino acids, so the final product of protein hydrolysis is amino acids. The hydrolysis product of starch is glucose. The final products of fat hydrolysis are higher fatty acids and glycerol.

Thus, the answer is: fats; amino acids; glucose; higher fatty acids and glycerol.

[Analysis] Proteins and starch are macromolecular compounds; fat is not a macromolecular compound. The hydrolysis product of starch is glucose, protein hydrolysis generates corresponding amino acids, and the final products of fat hydrolysis are higher fatty acids and glycerol."	2019	high	medium
315	"Currently available: ① Sodium chloride crystal; ② Diamond; ③ Crystalline silicon; ④ Dry ice; ⑤ White phosphorus, their melting points in descending order are ( ) (fill in the numbers);  
(2) A series of experiments were conducted with nitric acid, some of which (including phenomena) are as follows:  
① Purple litmus solution is added to concentrated nitric acid, the solution turns red then fades;  
② Two glass rods are dipped in concentrated nitric acid and concentrated ammonia solution, respectively. When brought close (not touching), white smoke appears;  
③ Copper pieces are placed in concentrated nitric acid, the solution turns green and a large amount of red-brown gas is produced;  
④ Iron powder is gradually added to dilute nitric acid, the solution turns brownish yellow then light green, and initially bubbles appear and then no bubbles;  
⑤ Red-hot carbon is added to concentrated nitric acid, producing a large amount of mixed gas.  

Reactions based on the experiment: ( ); ( ); ( ); ( ); ( )."	fill_in_the_blank	②③①⑤④; ①③④; ②; ⑤; ⑤	The relationship between crystal types and properties of materials and their applications.	"Answer: 

(1) ① Sodium chloride crystal is an ionic crystal ② Diamond is an atomic crystal ③ Silicon crystal is an atomic crystal ④ Dry ice is a molecular crystal ⑤ White phosphorus is a molecular crystal. The atomic radius of carbon (C) is smaller than silicon (Si), therefore the melting point of diamond is greater than that of silicon crystal. The relative molecular mass of white phosphorus is greater than that of carbon dioxide, therefore the melting point of white phosphorus is higher than that of dry ice. Based on melting points: atomic crystal > ionic crystal > molecular crystal, the order of melting points from high to low is: ②③①⑤④. Hence, the answer is: ②③①⑤④.

(2) ① Concentrated nitric acid is acidic and can change indicators' colors; it has strong oxidizing properties and can oxidize and bleach litmus, thus showing the acidity and strong oxidizing property of nitric acid. ② Concentr"	others	high	medium
3327	"Complete the following questions.  
(1) The development and utilization of clean and efficient new energy sources is a major issue of common concern for humanity. ( ) is one of the ideal clean fuels for the future.  
(2) Peramivir Injection is a new anti-influenza virus drug independently developed in China, classified as a neuraminidase inhibitor, and has a certain effect in inhibiting H7N9 avian influenza. Its chemical formula is C₁₅H₂₈N₄O₄, and it belongs to ( )."	fill_in_the_blank	Hydrogen; organic compounds	Pros and Cons of Using Fossil Fuels and the Development of New Energy Sources	"Answer:

(1) The ideal clean fuel of the future is a pollutant-free, environmentally friendly fuel. Hydrogen burns to form water without polluting the environment, whereas coal burns to produce carbon dioxide, sulfur dioxide, and causes dust pollution. Therefore, hydrogen is the ideal clean fuel of the future. Hence, the answer is: hydrogen.

(2) The molecular formula of Peramivir is C\textsubscript{15}H\textsubscript{28}N\textsubscript{4}O\textsubscript{4}, which contains carbon. Based on the definition of organic compounds, it is classified as an organic compound. Hence, the answer is: organic compound. 

Analysis:

(1) The ideal clean fuel of the future is a pollutant-free, environmentally friendly fuel.

(2) Analyze based on the molecular formula of Peramivir and the definition of organic compounds."	others	high	medium
178	"There are five types of particles: A, B, C, D, and E:

① Particle A has 12 neutrons in its nucleus and 1 electron in its M electron shell;
② After gaining 2 electrons, particle B has an electron shell structure similar to Ne;
③ Particle C carries a positive charge of 2 units, with a nuclear charge number of 12;
④ Particle D has 18 electrons outside the nucleus and becomes electrically neutral when losing 2 electrons;
⑤ Particle E is uncharged and has a mass number of 1.

(1) Please write the symbols for each particle: A \_\_\_\_ , B \_\_\_\_ , C \_\_\_\_ , D \_\_\_\_ , E \_\_\_\_ ;
(2) The compound formed by elements A and D belongs to \_\_\_\_ crystals, electronic formula \_\_\_\_ ,
(3) The compound formed by atoms of elements B and E"	fill_in_the_blank	²³Na; O; Mg²⁺; Cl⁻; ¹₁H; ion; image; covalent bond; H₂O, H₂O₂	Molecule, atom, ion	"Answer:

(1) 
① From ""one electron on the M electron shell outside the nucleus,"" we know the electronic configuration is 2, 8, 1, the proton number is 11, and the mass number is 23; thus it is \textsuperscript{23}Na;
② Ne has 10 electrons outside the nucleus. After particle B gains 2 electrons, its electron configuration is the same as Ne, so B is the element O;
③ C has a nuclear charge number of 12, and particle C carries a positive charge of 2 units. The nuclear charge number equals the atomic number, so C is a magnesium ion;
④ From the question, we know this element has 17 electrons outside the nucleus, and the number of electrons outside the atom equals the number of protons inside the nucleus equals the atomic number, so D is a chloride ion;
⑤ From the question, we know E is the H element with 1 proton,"	others	high	medium
306	"Under the same temperature and pressure, the volume ratio of equal masses of SO\textsubscript{3} and NO\textsubscript{2} is ( ), and the molar ratio of oxygen in them is ( ).  
(2) The molar mass ratio of 2 mol O\textsubscript{2} to 1 mol O\textsubscript{3} is ( ).  
(3) A certain compound has a relative molecular mass of m. At t℃, A ml of its saturated solution is B g, and upon evaporation, it yields C g of solid. The solubility of the compound at t℃ is ( ) g, and the molar concentration of the solute in this saturated solution is ( ) mol/L.  
(4) The chemical equation for the laboratory preparation of chlorine gas is: 4HCl (concentrated) + MnO\textsubscript{2} → ( )."	fill_in_the_blank	23:40; 69:80; 2:3; \(\frac{100C}{B - C}\); \(\frac{1000C}{mA}\) mol/L; Cl\textsubscript{2}+MnCl\textsubscript{2}+2H\textsubscript{2}O	Composition and properties of the solution	"Solution:

(1) Based on \( n = \frac{\pi}{M} \), we know that the molar ratio of equal masses of SO\textsubscript{3} and NO\textsubscript{2} is 46g/mol:80g/mol = 23:40, therefore at the same temperature and pressure, their volume ratio is 23:40. Since SO\textsubscript{3} contains 3 oxygen atoms and NO\textsubscript{2} contains 2 oxygen atoms, the ratio of the amount of substance of oxygen atoms in SO\textsubscript{3} and NO\textsubscript{2} is 23×3:40×2 = 69:80. The answers are: 23:40; 69:80.

(2) Molar mass in g/mol is numerically equal to the relative molecular mass. The molar mass ratio of 2 mol O\textsubscript{2"	others	high	medium
2714	"The following six substances: A. Gasoline; B. Sucrose; C. Benzene; D. Alcohol; E. Formaldehyde; F. Ethylene; G. Kerosene. Please answer the following questions as requested (please fill in the appropriate letter):

(1) The most used fuel for motor vehicles such as cars is ( );
(2) One of the hydrolysis products that can undergo the silver mirror reaction is ( );
(3) Used to prepare medical disinfectants is ( );
(4) Can be used for fruit ripening is ( );
(5) Used to prepare formalin solution is ( );
(6) An important chemical raw material widely used in the production of synthetic fibers, synthetic rubber, plastics, pesticides, dyes, fragrances, and also commonly used as an organic solvent is ( );
(7) Can measure a country's petrochemical ( )."	fill_in_the_blank	A; B; D; F; E; C; G	Fractionated products of petroleum and their uses	"Answer:
(1) The main fuel for motor vehicles is gasoline, so the answer is: A.
(2) Sucrose hydrolyzes to produce glucose and fructose, and glucose can undergo a silver mirror reaction. Therefore, one of the hydrolysis products that can undergo a silver mirror reaction is sucrose, so the answer is: B.
(3) Alcohol can denature proteins and kill viruses and bacteria, so it can be used to prepare medical disinfectants, so the answer is: D.
(4) Ethylene is a common fruit ripening agent, so the answer is: F.
(5) The aqueous solution of formaldehyde is called formalin, so the answer is: E.
(6) Benzene is an important chemical raw material and is widely used in the production of synthetic fibers, synthetic rubber, plastics, pesticides, dyes, fragrances, etc., and is also commonly used as an organic solvent, so the answer is: C.
(7"	others	high	medium
4273	The production of anhydrous alcohol (containing more than 99.5% ethanol) cannot produce pure alcohol by distillation alone; at concentrations of 94% to 96%, an azeotropic solution is formed. The method for converting industrial alcohol (96%) to anhydrous alcohol (99.5%) is ( ).	fill_in_the_blank	Distillation after adding quicklime	Industrial production methods of ethanol	When preparing anhydrous alcohol in the laboratory, quicklime (CaO) is added to 96% alcohol and heated to reflux, allowing the water in the alcohol to react with calcium oxide to form non-volatile calcium hydroxide, which removes the water. It is then distilled to obtain 99.5% anhydrous alcohol. If it is necessary to remove the remaining small amount of water, magnesium metal can be added to achieve 100% ethanol, known as absolute alcohol.	others	high	medium
1451	"Fill in the letter code of the corresponding substance in the brackets.  
A. Water glass  
B. Alum  
C. Calcium hypochlorite  
D. Sodium peroxide  
E. Freshly prepared chlorine water  
F. Baking soda  

① Can cause litmus solution to turn red first then fade: ( ).  
② Can be used as a fire retardant for wood: ( ).  
③ Can be used as a remedy for excess stomach acid: ( ).  

(2) Fill in the properties exhibited by sulfuric acid in the following phenomena.  
① When concentrated sulfuric acid is dabbed onto paper with a glass rod, the paper turns black. Concentrated sulfuric acid exhibits ( ) property.  
② Cold concentrated sulfuric acid can be stored in iron or aluminum containers at room temperature. Concentrated sulfuric acid exhibits ( ) property.  
③ After being left open for a period, the mass of a beaker containing concentrated"	fill_in_the_blank	(1) E; A; F  (2) Dehydration; strong oxidation; moisture absorption	Properties of concentrated sulfuric acid###Silicon and silicon dioxide###Application of Silicon-Containing Minerals and Materials	**Answer**: (1) ① The substance that makes litmus solution turn red and then fades is acidic and oxidizing, which should be freshly prepared chlorine water containing hydrochloric acid and hypochlorous acid, so the answer is: E; ② Sodium silicate can be used as a fire retardant for wood and is a refractory material, so the answer is: A; ③ A treatment for excess stomach acid must be a substance that can react with hydrochloric acid, such as sodium bicarbonate, so the answer is: F; (2) ① Concentrated sulfuric acid can remove the H and O elements from organic substances in the form of water molecules, so when a glass rod dipped in concentrated sulfuric acid is placed on paper, the paper turns black, related to dehydration, so the answer is: Dehydration; ② At room temperature, concentrated sulfuric acid has strong oxidizing properties, and iron and aluminum become passivated in cold	2019	high	hard
2210	"Carbon and silicon are elements of the same group. Answer the following questions:

(1) CO\textsubscript{2} and SiO\textsubscript{2} are both non-metal oxides. The molecule that contains both σ bonds and π bonds is ( ). The one belonging to atomic crystals is ( ). The form of hybridization of atomic orbitals in SiO\textsubscript{2} is ( ).

(2) The key bond energies of carbon and silicon are shown in the table below. Briefly analyze and explain the following facts:

① Both silicon and carbon can form a series of hydrides, but silanes are much fewer in type and number than alkanes. The reason is ( ).

② The stability of SiH\textsubscript{4} is less than that of CH\textsubscript{4} and it more easily forms ( )."	fill_in_the_blank	CO\textsubscript{2}; SiO\textsubscript{2}; sp\textsuperscript{3}; the C–C bond and C–H bond are relatively strong, making alkanes stable. In contrast, the Si–Si bond and Si–H bond in silanes have lower bond energies and break easily, making it difficult for long-chain silanes to form; the bond energy of the C–H bond is greater than that of the C–O bond, making the C–H bond more stable than the C–O bond. However, the bond energy of the Si–H bond is much lower than that of the Si–O bond, so the Si–H bond is unstable and tends to form the more stable Si–O bonds.	Introduction to Carbon Group Elements	"Answer:

(1) CO\textsubscript{2} contains C=O, so it has both sigma and pi bonds, while SiO\textsubscript{2} only contains Si-O and has only sigma bonds. Carbon dioxide molecules form molecular crystals through intermolecular forces, while in silicon dioxide, silicon atoms form atomic crystals with oxygen atoms via covalent bonds. SiO\textsubscript{2} has a three-dimensional network structure, with each Si atom surrounded by four O atoms, and the outermost layer of the silicon atom's nucleus has four electrons, forming precisely four sigma bonds with oxygen atoms and no lone pairs of electrons. The hybrid orbitals are used in forming sigma bonds and accommodating lone pairs, so the hybridization type of Si in SiO\textsubscript{2} is sp\textsuperscript{3}. Therefore, the answer is: CO\textsubscript{2}; SiO\textsubscript{2}; sp\text"	others	high	medium
42	Water is an important component of the human body and is the most abundant substance in the human body, accounting for about \ul{ } of the body weight. The water in the body needs constant replenishment, with each person requiring \ul{ } L of water per day.	fill_in_the_blank	\( \frac{2}{3} \); 2.5–4	Biochemical reactions in the human metabolism process	"Water accounts for about \(\frac{2}{3}\) of the human body weight. The body's water needs to be constantly replenished, with each person needing to supplement 2.5 to 4 liters of water daily. Therefore, the answer is: \(\frac{2}{3}\); 2.5 to 4. 

Analysis: Water accounts for about \(\frac{2}{3}\) of body weight, and each person needs to replenish 2.5 to 4 liters of water daily, based on this to solve the problem."	others	high	medium
615	"Indicate the first step in conducting the following experiments:
(1) Laboratory heating method for producing oxygen: \ul{ }
(2) Hydrogen reduction of copper oxide experiment: \ul{ }
(3) Weighing solid chemicals with a balance: \ul{ }
(4) Separation operation using a separatory funnel: \ul{ }"	fill_in_the_blank	Inspect the airtightness of the device; pass hydrogen gas; adjust to zero; check for water leakage.	Gas generator leak test	"[Answer] (1) When producing any gas, first check the airtightness of the apparatus, so the answer is: check the airtightness of the apparatus; (2) Introduce hydrogen first before lighting the alcohol lamp, because the apparatus contains air. If the air is not expelled by the hydrogen, the mixture of hydrogen and air can easily explode when heated, so the answer is: introduce hydrogen; (3) First place the balance on a level table, then align the rider with the zero mark on the beam scale (at the far left), and adjust the balance nut to level the beam, so the answer is: zero adjustment; (4) A separatory funnel has a stopper and a plug, and leakage should be checked before use, so the answer is: check for leakage.

[Analysis] (1) Check the airtightness of the apparatus when producing gas; (2) Introduce hydrogen first before lighting the alcohol lamp; (3) Zero the balance before use;"	others	high	medium
1588	During a competition, when an athlete sustains a muscle bruise or sprain, the team doctor immediately sprays ethyl chloride (boiling point 12.27°C) on the injured area for local cryoanesthesia emergency treatment. The chemical reaction equation for preparing ethyl chloride from ethylene and hydrogen chloride under certain conditions is ( ), the type of reaction is ( ), the atom economy of this reaction is ( ), and the specific property of ethyl chloride that enables it to be used for cryoanesthesia emergency treatment is ( ).	fill_in_the_blank	CH₂=CH₂ + HCl → CH₃CH₂Cl; addition reaction; 100%; ethyl chloride has a low boiling point, is volatile, and absorbs heat when evaporating, serving a cooling function.	Physical and chemical properties of ethylene###Uses of Ethylene	Ethylene and hydrogen chloride undergo an addition reaction under certain conditions to produce chloroethane, with the chemical equation CH\textsubscript{2}=CH\textsubscript{2}+HCl\(\overset{certain\ conditions}{\underset{}{\rightarrow}}\)CH\textsubscript{3}CH\textsubscript{2}Cl. The atom economy is the ratio of the total mass of the desired product to the total mass of the reactants, and the atom economy for this reaction is 100%. Chloroethane can be used for emergency treatment in cold anesthesia because it has a low boiling point, is volatile, and absorbs heat upon volatilization, thus providing a cooling effect. Therefore, the answer is CH\textsubscript{2}=CH\textsubscript{2}+HCl\(\overset{certain\ conditions}{\underset{}{\rightarrow}}\)CH\textsubscript{3}CH\textsub	2021	high	medium
2927	A colorless gas, possibly consisting of one or more of CO\textsubscript{2}, HCl, NH\textsubscript{3}, NO\textsubscript{2}, NO, H\textsubscript{2}, is passed through a gas washing bottle containing concentrated sulfuric acid, resulting in the gas being reduced by half. It continues through a drying tube filled with solid Na\textsubscript{2}O\textsubscript{2} and emerges with a reddish-brown color at the outlet. Then, passing this gas into an inverted test tube filled with water in a water trough, the water level in the inverted test tube rises, eventually resulting in a full test tube of liquid. From the final result, it is concluded that the original gas composition is \ul{   }, and the volume ratio of the gases is \ul{   }.	fill_in_the_blank	NH\textsubscript{3}, CO\textsubscript{2}, NO; 5:3:2	Inspection of Common Gases	[Solution] From the above analysis, it is known that the gases that must be present in the mixed gas are: NH\textsubscript{3}, CO\textsubscript{2}, NO, and the gases that must not be present are: N\textsubscript{2}, NO\textsubscript{2}, H\textsubscript{2}. CO\textsubscript{2} reacts with sodium peroxide to generate oxygen, which reacts with NO to produce the reddish-brown gas NO\textsubscript{2}. Oxygen and nitrogen dioxide react completely with water to form nitric acid, following the equation 4NO\textsubscript{2} + O\textsubscript{2} + 2H\textsubscript{2}O = 4HNO\textsubscript{3}. Assuming there are 4 mol of NO\textsubscript{2}, there should be 4 mol of NO. The reactions 2NO +	others	high	medium
2352	"Significant progress has been made in various aspects of blast furnace production in our country, but there is still a considerable gap with international standards in terms of resource and energy utilization efficiency, large-scale blast furnaces, increasing industrial concentration, and environmental protection. These areas require further improvement as we strive to become a strong steel nation. Please answer the following questions:

(1) The raw materials for blast furnace ironmaking include iron ore, coke, and limestone, where the flux role is played by ( ), with the goal of removing gangue from the iron ore, forming slag above the molten iron, and separating it from the molten iron.

(2) Coke plays a crucial role in blast furnace ironmaking. The following is not a function of coke: ( ).  
A. Serves as fuel, providing energy for chemical reactions in ironmaking  
B. Acts as a reducing agent reacting with carbon dioxide to produce carbon monoxide, which reduces iron oxide  
C. Supports"	fill_in_the_blank	Limestone; C	Blast furnace ironmaking	Answer: Solution: (1) The iron ore contains impurities, namely silicon dioxide, while limestone primarily consists of calcium carbonate. Calcium carbonate reacts with silicon dioxide to form calcium silicate and carbon dioxide, which is known as slag. Therefore, the answer is: limestone; (2) Coke plays a significant role in blast furnace ironmaking, mainly in the following ways: 1. Acts as a skeleton of the furnace charge: supports the column of materials inside the furnace and provides permeability; 2. Provides smelting energy: burns with oxygen to release heat, accounting for 58% of the total heat in ironmaking; 3. Acts as a reducing agent for iron ore: forms CO through reactions between carbon and oxygen; 4. Carburizes the initially produced iron, with the carbon content in pig iron being 2.2-6.0%; 5. Fills the hearth: activates the hearth, increases the hearth's space coefficient, and helps restore furnace conditions after	others	high	medium
3013	"Among the following groups of substances, the one that all belong to organic compounds is ( ); the one that are hydrocarbons is ( ).  
A. CH\textsubscript{4}, C\textsubscript{2}H\textsubscript{5}OH, C\textsubscript{6}H\textsubscript{12}O\textsubscript{6} (glucose), (C\textsubscript{6}H\textsubscript{10}O\textsubscript{5})\textsubscript{n} (cellulose)  
B. CH\textsubscript{4}, C\textsubscript{2}H\textsubscript{4}, H\textsubscript{2}CO\textsubscript{3}, CH\textsubscript{3}Cl  
C. C\textsubscript{2}H\textsubscript{2}, H\textsubscript{2}CO\textsubscript{3}, CH\textsubscript{3}OH, C\textsubscript{6}H\textsubscript{6}  
D. CH\textsubscript{4}, C\textsubscript{2}H\textsubscript{6}, C\textsubscript{2}H\textsubscript{4}, C\textsubscript{2}H\textsubscript{2}"	fill_in_the_blank	A, D; D	The concepts of inorganic compounds and organic compounds.	"Solution:

A. CH₄, C₂H₅OH, C₆H₁₂O₆ (glucose), (C₆H₁₀O₅)ₙ (cellulose) are all organic compounds.
B. CH₄, C₂H₄, CH₃Cl are all organic compounds, while H₂CO₃ is considered an inorganic substance.
C. C₂H₂, CCl₄, C₂H₆ are all organic compounds, while H₂O₂ is considered an inorganic substance.
D. CH₄, C₂H₆, C₂H₂, C₆H₆ are all organic compounds, with their elements being carbon and hydrogen, thus classified as hydrocarbons.

The ones entirely composed of organic substances are A and D, and D consists of hydrocarbons. Therefore, the answer is: A, D; D.

Analysis: Organic substances contain carbon elements."	others	high	medium
617	After the saponification of fat, to fully separate the soap and glycerol from the mixture, one can use ( ).	fill_in_the_blank	salting out	Soap, synthetic detergents	"[Answer] After the saponification reaction of fats, adding fine salt grains to the mixture induces salting-out, causing sodium salts of higher fatty acids to precipitate. Since their density is lower than that of water, they float on the surface. By separating the solid and liquid, sodium salts of higher fatty acids can be obtained through filtration, while glycerol remains in the filtrate. As glycerol and water have different boiling points, glycerol can be obtained through distillation. Therefore, the answer is: ④③②.

[Analysis] After the saponification reaction of fats, adding fine salt grains to the mixture causes sodium salts of higher fatty acids to precipitate. Due to their lower density compared to water, they float on the surface and can be obtained through filtration. Glycerol remains in the filtrate and can be obtained by distillation."	others	high	medium
619	A glass rod is a commonly used apparatus in high school chemistry experiments. During the following experiments, a glass rod is generally not needed in: ① Determining the pH of a Na\textsubscript{2}CO\textsubscript{3} solution using pH paper; ② Preparing a solution with a specific molar concentration of sodium chloride; ③ Exploring the energy change during the reaction of Ba(OH)\textsubscript{2}•8H\textsubscript{2}O crystals and NH\textsubscript{4}Cl crystals; ④ Separating two liquids with a significant difference in boiling points using distillation; ⑤ Filtering to separate insoluble solids from liquids; ⑥ Neutralization titration process using hydrochloric acid of known concentration to titrate a NaOH solution of unknown concentration; ⑦ The process of diluting concentrated H\textsubscript{2}SO\textsubscript{4}. The glass rod is generally not needed in experiments: ( ), ( ).	fill_in_the_blank	④, ⑥	The use of test strips	"Solution:  

① Determining the pH of NaHCO\textsubscript{3} solution using pH paper involves using a glass rod to apply a small amount of the solution onto the test paper. Thus, a glass rod is needed, making ① incorrect.  
② When preparing a solution with a specific molar concentration, a glass rod is used for stirring and pouring, so ② is incorrect.  
③ In the reaction between Ba(OH)\textsubscript{2}•8H\textsubscript{2}O crystals and NH\textsubscript{4}Cl crystals, energy changes during the process require stirring the mixture of solids with a glass rod, making ③ incorrect.  
④ During distillation, a thermometer is used to measure temperature, and a glass rod is not needed, making ④ correct.  
⑤ In filtration, a glass rod is required to guide the liquid to prevent it from flowing outside the funnel, so ⑤ is"	others	high	medium
677	"The Na\textsubscript{2}O\textsubscript{2} in the breathing mask can absorb CO\textsubscript{2} and release O\textsubscript{2}. If potassium superoxide (KO\textsubscript{2}) is used instead of Na\textsubscript{2}O\textsubscript{2}, it can achieve the same effect.

(1) Write the reaction equation between KO\textsubscript{2} and CO\textsubscript{2} ( ).

(2) The volume ratio of O\textsubscript{2} generated (under the same temperature and pressure) from the reaction of 1kg of Na\textsubscript{2}O\textsubscript{2} and 1kg of KO\textsubscript{2} with CO\textsubscript{2} is ( ).

(3) The volume ratio of O\textsubscript{2} with equal mass of KO\textsubscript{2} and Na\textsubscript{2}O\textsubscript{2} reacting with sufficient CO\textsubscript{2}, the former produces more O\textsubscript{2}: ( )."	fill_in_the_blank	4KO\textsubscript{2} + 2CO\textsubscript{2} = 2K\textsubscript{2}CO\textsubscript{3} + 3O\textsubscript{2}; 71:117; 1:3	Experiment on the Properties of Alkali Metals and Their Compounds	"Answer:

(1) Sodium peroxide can react with carbon dioxide to produce sodium carbonate and oxygen. Potassium superoxide (KO₂) can replace Na₂O₂ to achieve the same effect, so KO₂ can also react with CO₂ to produce potassium carbonate and oxygen. Therefore, the equation is: 4KO₂ + 2CO₂ = 2K₂CO₃ + 3O₂.

(2) According to the chemical equations 2Na₂O₂ + 2CO₂ = 2Na₂CO₃ + O₂ and 4KO₂ + 2CO₂ = 2K₂CO₃ + 3O₂, the amounts are Na₂O₂ ~ O₂, KO₂ ~ 3O₂ for mass comparison. The molar ratio of O₂ produced from 1 kg of Na₂O₂ and 1 kg of KO₂ reacting with CO₂ (under the same temperature and pressure) is 71:"	others	high	medium
1006	"According to the information in the table, the precautions for using urea are: 

1. Avoid exposure to light as it decomposes easily when exposed.
2. Maintain temperature below its melting point of 132.7°C. 
3. When using, it needs to be ( ) in the soil, and ( ) should not be done immediately after fertilization."	fill_in_the_blank	deeply buried; watering	The main research object of chemical science###Introduction to Nitrogen Group Elements###Fertilizers, Pesticides, and Their Rational Use	nan	2024	high	easy
1656	"Chemical substances play a very important role in life and production. The following substances are given: ① Silica gel, ② Concentrated sulfuric acid, ③ Dilute \({HNO}_{3}\), ④ \({SiO}_{2}\), ⑤ \({SO}_{2}\), ⑥ \(NaClO\). Fill in the blanks as required.

(1) Among the substances above, the one that can be used as a food drying agent is ( ), the active ingredient in ""84"" disinfectant is ( ), and the one that can turn sucrose black is ( ). (Fill in the serial number)

(2) Sulfuric acid has A acidity, B hygroscopicity, C dehydrating properties, D strong oxidizing properties. Which properties of concentrated sulfuric acid are primarily demonstrated in the following processes? Fill the option letters in the blanks:
① Concentrated sulfuric acid turns blue copper \( \rightarrow \) ( )

(3) \(3Cu + 8H^{+} + 2{NO}_{3}^{-} = 3{Cu}^{2+} + 4H_{2}O + 2NO \uparrow\)

(4) \(2C + SiO_{2}\xrightarrow{\underline{\underline{high\ temperature}}} Si + 2CO \uparrow\); \(SiO_{2} + 2NaOH = Na_{2}SiO_{3} + H_{2}O\)

(5) \(2Fe^{3+} + SO_{2} + 2H_{2}O = 2Fe^{2+} + SO_{4}^{2-} + 4H^{+}\)"	fill_in_the_blank	①; ⑥; ②; B; AD	The properties of sulfur dioxide###Properties of concentrated sulfuric acid###Silicon and silicon dioxide###Properties and Uses of Nitric Acid	"Answer: (1) Silica gel has hygroscopic properties and is non-toxic, which makes it suitable as a food desiccant. ""84"" disinfectant is obtained from the reaction of chlorine and NaOH solution, with the equation: \({Cl}_{2} + 2NaOH = NaClO + NaCl + H_{2}O\). The active ingredient in ""84"" disinfectant is NaClO. Sucrose is an organic compound containing C, H, and O elements. Concentrated sulfuric acid has dehydrating properties, capable of removing H and O from sucrose in the ratio forming water, thus turning it black.
Therefore, the answer is: ①; ⑥; ②
(2) ① Concentrated sulfuric acid turns blue copper sulfate crystals white by absorbing the crystallization water from them, \({CuSO}_{4} \cdot 5H_{2}O\begin{array}{r}"	2024	high	hard
3748	"Please use calcium and carbon as examples to express the following conversion relationships using chemical equations:  
Ca → CaO → Ca(OH)\textsubscript{2} → CaCO\textsubscript{3}  
C → CO\textsubscript{2} → H\textsubscript{2}CO\textsubscript{3} → CaCO\textsubscript{3}

A. 2Ca + ( ) → 2CaO  
B. ( ) + H\textsubscript{2}O = Ca(OH)\textsubscript{2}  
C. Ca(OH)\textsubscript{2} + CO\textsubscript{2} = ( )↓ + H\textsubscript{2}O  
D. C + ( ) → CO\textsubscript{2}  
E. CO\textsubscript{2} + H\textsubscript{2}O \( \rightleftharpoons \) ( )  
F. H\textsubscript{2}CO\textsubscript{3} + Ca( )"	fill_in_the_blank	O\textsubscript{2}; CaO; CaCO\textsubscript{3}; O\textsubscript{2}; H\textsubscript{2}CO\textsubscript{3}; CaCO\textsubscript{3}	Properties and Applications of Carbon Compounds	"[Answer] The chemical equations for completing the transformation Ca→CaO→Ca(OH)\(_2\)→CaCO\(_3\) are as follows:
2Ca + O\(_2\) \(\rightarrow\) 2CaO
CaO + H\(_2\)O = Ca(OH)\(_2\)
Ca(OH)\(_2\) + CO\(_2\) = CaCO\(_3\)↓ + H\(_2\)O
The chemical equations for completing the transformation C→CO\(_2\)→H\(_2\)CO\(_3\)→CaCO\(_3\) are as follows:
C + O\(_2\) \(\rightarrow\) CO\(_2\)
CO\(_2\) + H\(_2\)O \(\rightleftharpoons\) H\(_2\)CO\(_3\)"	2018	high	easy
1934	"Materials are an important material basis for human survival, and chemistry is the foundation of material science development. There are many types of materials, usually divided into metal materials, inorganic non-metal materials (including silicate materials), polymer synthetic materials, and composite materials. 

(1) Among the raw materials for the production of glass, ceramics, and cement, the one that does not require the use of limestone is ( ). Plastic products bring a lot of convenience to humanity, but the ""white pollution"" caused by plastic products has become a major public hazard in society. Please propose an effective measure to prevent ""white pollution"": ( ).

(2) Metal corrosion can cause huge economic losses, and steel is more easily corroded in humid air, mainly because the iron and carbon in steel form many tiny ( ), leading to electrochemical corrosion."	fill_in_the_blank	Ceramics; development and research of degradable plastics; primary batteries	Aging and degradation of plastic	"Answer: (1) Ceramic does not require limestone as a raw material; plastic is difficult to degrade and can easily cause white pollution, so developing degradable plastic can prevent ""white pollution."" Therefore, the answer is: ceramic; develop degradable plastic. (2) Iron and carbon form many miniature galvanic cells, leading to electrochemical corrosion of iron. Therefore, the answer is: galvanic cell.

Analysis: (1) Analyze based on the raw materials used to prepare various species and plastic usage considerations. (2) Answer based on the formation of many miniature galvanic cells by iron and carbon."	others	high	medium
2170	People's understanding of atomic structure has gone through several stages: classical atomic theory, modern atomic theory, the \ul{  } model, the \ul{  } model, and contemporary atomic theory.	fill_in_the_blank	Raisin bread; atomic structure planet	History of Chemistry	"In 1808, British scientist Dalton proposed the atomic theory, suggesting that matter is directly composed of atoms. He posited that atoms are solid spheres that cannot be divided further, thus establishing modern atomic theory. In 1897, British scientist Thomson discovered the existence of electrons within atoms. In 1904, Thomson proposed the plum pudding model of the atom, and in 1911, British scientist Rutherford proposed the planetary model of atomic structure. Therefore, the answer is: plum pudding, atomic structure planetary model. 

Analysis: Based on Dalton's establishment of modern atomic theory; Thomson's proposed plum pudding model; and Rutherford's proposed planetary model of atomic structure for the solution."	others	high	easy
2301	"Chemistry and life are closely related. There are the following four substances:

A. Penicillin B. Sodium nitrite C. Vitamin C D. Fats

Based on the context, choose the appropriate option using letter codes to fill in the blanks.

① \_\_\_\_ is an important internal energy source;
② \_\_\_\_ is widely found in fresh fruits and green vegetables and is also known as ascorbic acid;
③ \_\_\_\_ is the most important antibiotic and requires a skin sensitivity test before injection;
④ When curing meat products, a suitable amount of \_\_\_\_ can be added as a preservative."	fill_in_the_blank	D; C; A; B	Sources and Applications of Essential Vitamins for the Human Body###Properties, Composition, and Structure of Lipids###The main components and efficacy of the drug.	"[Answer] Solution: ① The energy-providing substances in the human body include carbohydrates, fats, and proteins, so fats are an important source of energy in the body; ② Vitamin C is widely found in fresh fruits and green vegetables, also known as ascorbic acid; ③ Penicillin is one of the most important antibiotics, and a skin sensitivity test is required before injecting penicillin; ④ During the curing of meat products, sodium nitrite is used as a color fixer and also acts as a preservative; therefore, the answer is: ①D ②C ③A ④B.

[Analysis] ① The energy-providing substances in the human body include carbohydrates, fats, and proteins; ② Vitamin C is known as ascorbic acid; ③ A skin sensitivity test is required before injecting penicillin; ④ During the curing of meat products, sodium nitrite is used as a color fixer and also acts as a preserv"	2016	high	medium
2640	OTC indicates ( ), R marking indicates ( ), medicines like aspirin that we can usually buy at a pharmacy belong to the category of ( ), and to prevent adverse reactions when using penicillin, it is necessary to conduct a ( ) before use.	fill_in_the_blank	over-the-counter; prescription required; over-the-counter; allergy test	Classification of Chemical Reagents	[Answer] Over-the-counter (OTC) drugs can be purchased and used without a physician's prescription and are typically used for self-treatment of common illnesses like colds, coughs, indigestion, headaches, and fevers. Prescription drugs, abbreviated as Rx drugs, require a prescription from a licensed physician or medical assistant to be dispensed, purchased, and used. Aspirin is classified as a prescription drug; some individuals are allergic to penicillin and should undergo a skin sensitivity test before use. Therefore, the answer is: OTC drugs; prescription drugs; OTC drugs; skin test. [Analysis] OTC drugs can be purchased and used without a physician's prescription. Some individuals are allergic to penicillin.	others	high	easy
2891	"How to remove a small amount of impurities from the following substances? List the required reagents, separation methods, and instruments used.

Substance: ( ); Reagents: ( ); Separation Method: ( ); Instruments: ( )."	fill_in_the_blank	Salt; saturated sodium carbonate solution; salting out; filtration apparatus	Filter###Salting out	"Solution: ① Salt can be added to the soapy water to precipitate the soap, and then it can be filtered; ② Add a saturated Na\textsubscript{2}CO\textsubscript{3} solution, then proceed with liquid separation; ③ Add hydrochloric acid to precipitate stearic acid, then filter.

Analysis: This question tests the methods and operations for separating and purifying mixtures. The difficulty level is not high, and a proficient understanding of the properties of the mixture's components is key to solving the problem."	others	high	easy
3517	The main raw materials for manufacturing ordinary glass are soda ash, limestone, and ____.	fill_in_the_blank	Quartz	Main chemical components, production materials, and uses of glass	[Answer] Raw materials for manufacturing ordinary glass: limestone, soda ash, quartz. Therefore, the answer is: quartz. [Analysis] Raw materials for manufacturing ordinary glass: limestone, soda ash, quartz.	others	high	easy
