index	question	category	A	B	C	D	answer	knowledge	analysis	year	grade_level	difficulty_level
924	The elements V, W, X, Y, Z in periods 4 have increasing atomic numbers. In the ground state, V has 2 unpaired electrons. The group number of X is three times its period number. X, Y, and Z are not in the same period, and the sum of their outermost electrons is 10. Z's valence electron count is three times that of Y. The following statements are incorrect:	single_answer_choice	Boiling points of hydrides: \( X > W > V \	Y can form compounds with non-polar covalent bonds with both W and X.	In the same period, there are 2 elements with a first ionization energy greater than that of element W.	Boiling points of hydrides: \( X > W > V \)	C	The meaning and application of ionization energy and electronegativity of elements###Chemical bond###The changing patterns of atomic structure and element properties in the periodic table of elements.	nan	2023	high	hard
852	Ignite 1 mol of CH\textsubscript{4} with an appropriate amount of O\textsubscript{2} in a closed container. After a complete reaction, both CH\textsubscript{4} and O\textsubscript{2} are fully consumed, and all products are gaseous (101 kPa, 120°C) with a total mass of 72 g. The following statement is incorrect:	single_answer_choice	If the products are passed through concentrated sulfuric acid, the mass of the concentrated sulfuric acid increases by 18 g upon complete absorption	If the products are passed through soda lime, they cannot be completely absorbed.	If the products are passed through concentrated sulfuric acid, the mass of the concentrated sulfuric acid increases by 18 g upon complete absorptio	If the products are passed through concentrated sulfuric acid, the mass of the concentrated sulfuric acid increases by 18 g upon complete absorption.	B	Physical and chemical properties of methane.	"Answer: A. According to the law of conservation of mass, m(O\textsubscript{2}) = 72g - 16g = 56g, n(O\textsubscript{2}) = 56g / 32g.mol\textsuperscript{-1} = 1.75 mol. From the reaction CH\textsubscript{4} + 2O\textsubscript{2} → CO\textsubscript{2} + 2H\textsubscript{2}O, if the products are CO\textsubscript{2} and H\textsubscript{2}O, 2 mol of O\textsubscript{2} is consumed. Therefore, CO should be a product. CO cannot be absorbed by soda lime or concentrated sulfuric acid, so A does not match the problem statement.

B. From the conservation of H atoms, n(H\textsubscript{2}O"	2016	high	hard
1783	At room temperature, the following statements about the four solutions are incorrect:	single_answer_choice	After diluting by 10 times with water, the pH values of the four solutions are: ① > ② > ④ > 	After adding an appropriate amount of ammonium chloride crystals to solutions ① and ②, the pH of both solutions decreases.	After diluting by 10 times with water, the pH values of the four solutions are: ① > ② > ④ > ③	After mixing aL of solution ④ with bL of solution ②, if the resulting solution has a pH of 4, then a:b = 11:9	D	Simple Calculation of pH###Comparison of ion concentration levels	nan	2024	high	hard
1993	Given: H₂SO₃ + I₂ + H₂O = H₂SO₄ + 2HI. When 0.1 mol of Cl₂ is bubbled into 100 mL of a solution containing equal amounts of HI and H₂SO₃, half of the HI is oxidized. The following statements are incorrect (  ).  	single_answer_choice	The reducing ability is: H₂SO₃ > HI > HCl  	The ionic equation for the reaction when 0.1 mol Cl₂ is introduced is: 5Cl₂ + 4H₂SO₃ + 2I⁻ + 4H₂O = 4SO₄²⁻ + I₂ + 10Cl⁻ + 16H⁺  	If an additional 0.02 mol of Cl₂ is introduced, it can completely oxidize HI and H₂SO₃  	The concentration of HI and H₂SO	D	Redox reaction###Comparison of the strengths of oxidizing and reducing properties###Amount concentration###Calculations related to the amount of substance	"[Solution] From the reaction H\textsubscript{2}SO\textsubscript{3}＋I\textsubscript{2}＋H\textsubscript{2}O=H\textsubscript{2}SO\textsubscript{4}＋2HI, it is known that the reducing property of H\textsubscript{2}SO\textsubscript{3} is greater than HI. When 0.1 mol of Cl\textsubscript{2} is introduced into a 100 mL solution containing equal amounts of HI and H\textsubscript{2}SO\textsubscript{3}, half of the HI is oxidized. Let the amount of HI be x. Based on the conservation of electrons, we have 0.1 mol × 2 = x × 0.5 × 1 + x × (6–4), solving for x gives 0.08 mol.

A."	2020	high	hard
1768	The statements incorrect are:  	single_answer_choice	Joint pain is more easily induced in the hot summer.  	Consuming too much salt in the diet will worsen gout.  	People with gout should eat less food that metabolizes into more uric acid (HUr).  	Drinking a lot of water increases \(\frac{{c(H}^{+})}{c(HUr) \cdot {c(Na}^{+})}\), reducing the likelihood of a gout attack.	A	Principle of Chemical Equilibrium Shift	"Answer:

A. The high temperatures of the hot summer cause the balance to shift inversely, reducing the content of sodium urate (NaUr) in the human body, which helps alleviate joint pain, thus A fits the context.

B. Excessive intake of salt in the diet increases the concentration of Na⁺, causing the balance to shift forward, increasing NaUr content in the body, worsening gout, so B does not fit the context.

C. If a person with gout eats foods that metabolize into more uric acid, this will increase the concentration of uric acid, causing the balance to shift forward, increasing NaUr content in the body, worsening the condition. Thus, people with gout should eat less of such foods, so C does not fit the context.

D. Assuming in this reaction, \emph{c}(H\textsuperscript{+})=\emph{c}(NaUr)=\emph{c}(Na\textsupers"	2020	high	hard
2387	At a certain temperature, reactants are introduced in three constant-volume sealed containers of the same volume in different ways, causing the reaction 2SO₂(g) + O₂(g) ⇌ 2SO₃(g) ΔH = -196.0 kJ·mol⁻¹. The related data of the reaction is measured as follows. The correct statement is:	single_answer_choice	K₁ > K₃, p₂ > 2p	v₁ < v₂, c₂ < 2c₁  	K₁ > K₃, p₂ > 2p₃  	v₁ < v₃, α₁(SO₂) < α₂(SO₃)  	D	Comprehensive Application of Reaction Rate and Chemical Equilibrium###Calculation of chemical equilibrium	"Answer:

A. When the reaction in container I is maximized, 2 mol of SO\textsubscript{3} is produced. Container II starts with 4 mol of SO\textsubscript{3}, generally meaning the concentration in container II is higher than that in container I. Thus, v\textsubscript{1}＜v\textsubscript{2}. Container II is equivalent to container I under pressure. If the equilibrium does not shift, then at equilibrium, c\textsubscript{2}=2c\textsubscript{1}. However, applying pressure favors the forward reaction, so c\textsubscript{2}＞2c\textsubscript{1}. Therefore, A does not fit the question.

B. This reaction is exothermic; an increase in temperature shifts equilibrium towards the reverse reaction, so K\textsubscript{1}＞K\textsubscript{3}. In the container, according to the ideal"	2019	high	hard
1541	The relative positions of short-period elements W, X, Y, and Z in the periodic table are shown in the diagram, where the number of outermost electrons of element Y is twice the number of its electron shells. The following statements are incorrect:	single_answer_choice	Simple ion radius: \(r(Y) > r(Z) > r(W) > r(X)\	Simple ion radius: \(r(Y) > r(Z) > r(W) > r(X)\)	Simple ion radius: \(r(Y) > r(Z) > r(W) > r(X)\	The simple hydrogen compound of Z can displace Y from Y's simple hydride.	D	Determining the configuration of simple molecules or ions###The changing patterns of atomic structure and element properties in the periodic table of elements.###Comprehensive Application of the Periodic Law and the Periodic Table of Elements###Comparison of particle radii sizes	nan	2024	high	hard
831	In a closed container, a certain amount of HI gas is introduced to undergo a reaction under certain conditions: 2HI(g) \(\rightleftharpoons\) H\textsubscript{2}(g) + I\textsubscript{2}(g). The following statements necessarily indicate a state of equilibrium (     )  	single_answer_choice	The concentrations of HI, H\textsubscript{2}, and I\textsubscript{2} are equal  	The color of the mixed gas no longer changes  	The total pressure of the mixed gas no longer changes  	\emph{v}(HI)∶\emph{v}(H\textsubscript{2})∶\emph{v}(I\textsubscript{2}) = 2∶1∶1	B	Judgment of Chemical Equilibrium Status	"Answer: A. The equal concentrations of HI, H\textsubscript{2}, and I\textsubscript{2} do not necessarily indicate equilibrium. It is necessary to ensure that the concentrations of HI, H\textsubscript{2}, and I\textsubscript{2} no longer change to determine the equilibrium state; option A does not meet the question's requirements.

B. I\textsubscript{2} vapor is purple, and its shade changes with concentration. Therefore, when the color of the mixed gas does not change, equilibrium can be determined. Option B fits the question's requirements.

C. The gas stoichiometry of the reaction remains unchanged before and after the reaction, so the pressure remains constant throughout the reaction. Therefore, it cannot be used to determine equilibrium. Option C does not meet the question's requirements.

D. The ratio v(HI):v(H\textsubscript{2}):v(I\textsubscript{2"	2019	high	hard
60	The correct statements are:	single_answer_choice	Acetic acid with pH=1 is diluted with water to 1000 times its original volume, resulting in pH=4 after dilution	Acetic acid with pH=1 is diluted with water to 1000 times its original volume, resulting in pH=4 after dilution.	At a certain temperature, in a solution where the ionization of water results in c(H⁺)=1×10⁻⁷ mol·L⁻¹, the solution is neutral at that temperature.	At room temperature, NH₄Cl and CH₃COOH solutions with the same pH have the same c(H⁺) from the ionization of water.	D	Ionization equilibrium of a weak electrolyte in aqueous solution###Ionization of water###Determination and Related Calculations of Solution Acidity and Alkalinity	Answer: A. Acetic acid is a weak acid. When diluted with water, it continues to ionize hydrogen ions, so after dilution, pH < 4. A does not meet the requirements of the question; B. At a certain temperature, not necessarily room temperature, the ion product of water solution is not necessarily 10\textsuperscript{-14}. Therefore, when the ion concentration of hydrogen c(H\textsuperscript{+}) = 1×10\textsuperscript{-7} mol·L\textsuperscript{-1}, water ionization could be either inhibited or enhanced. The solution is not necessarily neutral, and even at room temperature when c(H\textsuperscript{+}) = 1×10\textsuperscript{-7} mol·L\textsuperscript{-1}, it only indicates that water ionization is neither inhibited nor enhanced, but not necessarily neutral. For example, in a mixed solution	2020	high	hard
4234	Add 250 mL of dilute nitric acid of a certain concentration to a mixture weighing 3.6g composed of Cu and Cu\textsubscript{2}O. After the solid is completely dissolved, Cu(NO\textsubscript{3})\textsubscript{2} and NO gas are produced. Add 1.0L of 0.5 mol/L NaOH solution to the resulting solution, generating a precipitate weighing 19.6g, and at this point, the solution is neutral with metal ions completely precipitated. Which of the following statements is correct?	single_answer_choice	The molar ratio of Cu to Cu\textsubscript{2}O in the original solid mixture is 1:1	The concentration of HNO\textsubscript{3} in the original dilute nitric acid is 1.3 mol/L	The volume of NO produced is 2.24L	The remaining HNO\text	D	The chemical properties of nitric acid###Comprehensive Application of Nitrogen-Containing Substances###Calculations related to chemical equations	"[Answer] A. First, based on the mass of the precipitate Cu(OH)\textsubscript{2} of 19.6g, we can calculate the amount of Cu(OH)\textsubscript{2} substance is 0.2 mol. According to atomic conservation, the Cu and Cu\textsubscript{2}O in the original solid mixture will eventually form Cu(OH)\textsubscript{2} precipitate, so the total amount of copper atoms in Cu and Cu\textsubscript{2}O is 0.2 mol. Based on the mass of the mixture being 13.6g, let the amount of Cu be x mol and Cu\textsubscript{2}O be y mol, setting up a system of linear equations:
\(\left\{ \begin{array}{r}
64x + 144y = 13.6 \\
x + 2y = 0.2"	2023	high	hard
1218	The most reasonable reaction type from CH\textsubscript{3}CH\textsubscript{2}Br to form HOCH\textsubscript{2}-CH\textsubscript{2}OH is	single_answer_choice	Substitution, Addition, Elimination  	Addition, Substitution, Hydrolysis  	Elimination, Addition, Substitution  	Addition, Substitution, Elimination	C	Physical and chemical properties of ethylene###The chemical properties of bromoethane	nan	2024	high	hard
3583	The following statements are correct:	single_answer_choice	The rate constant for the reaction is \(0.05 \, \text{mol} \cdot \text{L}^{-1} \cdot \text{min}^{-1}\).	The reaction is a zero-order reaction.	If the initial concentration is \(0.60 \, \text{mol} \cdot \text{L}^{-1}\), the half-life is \(80 \, \text{min}\).	This reaction is used industrially to produce hydrogen gas.	B	The relationship between chemical reaction rate and stoichiometric coefficients	nan	2024	high	hard
3480	In the mixture solution of FeCl\textsubscript{3} and CuCl\textsubscript{2}, a certain amount of iron powder is added, and solids are still present after complete reaction. The following statements are incorrect:	single_answer_choice	The solution must contain Cu\textsuperscript{2+} 	The solution must contain Fe\textsuperscript{2+} 	Adding KSCN solution will definitely not turn red 	The remaining solid must contain Cu	A	Chemical properties of iron###Experiment on the Properties of Iron and Its Compounds	nan	2024	high	hard
3477	In the aqueous solutions under the following conditions, those that can possibly coexist in large amounts are:  	single_answer_choice	In a solution that shows a green color in a flame test: \({SO}_{4}^{2-}\), \({HCO}_{3}^{-}\), \(K^{+}\)  	In a solution where the water dissociation gives \(c\left( H^{+} \right) = 10^{-13} mol \cdot L^{-1}\): \({Cl}^{-}\), \({ClO}^{-}\), \({NH}_{4}^{+}\)  	In a solution that can generate hydrogen gas when reacting with aluminum: \({NO}_{3}^{-}\), \(S^{2-}\), \({Na}^{+}\)  	In a solution where methyl orange appears red: \({SiO}_{3}^{2-}\), \(S_{2}O_{3}^{2-}\), \(	C	Ion coexistence###Flame test	nan	2024	high	hard
205	Classification is a common method for learning and researching chemistry. The classifications and conclusions listed below are all correct:	single_answer_choice	\({SO}_{2}\), \({HNO}_{3}\), \({Cu}_{2}{(OH)}_{2}{CO}_{3}\) all contain oxygen and are oxides	\({SO}_{2}\), \({HNO}_{3}\), \({Cu}_{2}{(OH)}_{2}{CO}_{3}\) all contain oxygen and are oxides.	\({SO}_{2}\), \({HNO}_{3}\), \({Cu}_{2}{(OH)}_{2}{CO}_{3}\) all contain oxygen and are oxide	\({H}_{2}{SO}_{4}\), \({CO}_{2}\), \(KOH\) are all easily soluble in water and are electrolytes.	D	Redox reaction###Simple Classification of Matter###Concepts and Relationships of Dispersion Systems, Colloids, and Solutions	nan	2024	high	hard
3825	Changes in the properties of the following substances, which are related to the bond energy of covalent bonds, are:	single_answer_choice	The melting and boiling points of F\textsubscript{2}, Cl\textsubscript{2}, Br\textsubscript{2}, I\textsubscript{2} gradually increase	The melting and boiling points of F\textsubscript{2}, Cl\textsubscript{2}, Br\textsubscript{2}, I\textsubscript{2} gradually increase.	The boiling points of HCl, HBr, HI, HF gradually rise.	The hardness, melting point, and boiling point of diamond are higher than those of crystalline silicon.	C	Measure the strength of ionic bonds in ionic crystals using lattice energy.###Bond energy, bond length, bond angle and their applications###Comparison of Crystalline Melting and Boiling Points	"【Answer】 A. The melting points and boiling points of F\textsubscript{2}, Cl\textsubscript{2}, Br\textsubscript{2}, I\textsubscript{2} gradually increase because their intermolecular forces gradually increase. A does not meet the question's requirement;  
B. The boiling points of HCl, HBr, HI, HF gradually increase because their intermolecular forces gradually increase. B does not meet the question's requirement;  
C. The hardness, melting point, and boiling point of diamond are higher than that of crystal silicon because the bond energy of covalent bonds in diamond is higher than that in crystal silicon. C meets the question's requirement;  
D. The melting points of NaF, NaCl, NaBr, NaI decrease successively because their lattice energies decrease successively. D does not meet the question's requirement.  
Therefore, the answer is: C.  
【Analysis】 This question examines the following"	2018	high	hard
1066	The following sets of dilute solutions react with each other. Regardless of whether the former is added to the latter or the latter is added to the former, the reaction phenomena are the same (　　)	single_answer_choice	Ca(HCO\textsubscript{3})\textsubscript{2} solution and Ca(OH)\textsubscript{2} solution 	AlCl\textsubscript{3} solution and NaOH solution	KAlO\textsubscript{2} solution and KHSO\textsubscript{4} solution	2% silver nitrate solution and 2% ammonia solution	A	Important compounds of magnesium and aluminum	[Analysis] When dripping calcium bicarbonate solution into calcium hydroxide solution, there is only one reaction: Ca\textsuperscript{2+}+HCO\textsubscript{3}\textsuperscript{－}+OH\textsuperscript{－}=CaCO\textsubscript{3}↓+H\textsubscript{2}O. Adding sodium hydroxide solution into aluminum chloride solution first produces a white precipitate which then dissolves: [Al\textsuperscript{3+}+3OH\textsuperscript{－}=Al(OH)\textsubscript{3}↓, Al(OH)\textsubscript{3}+OH\textsuperscript{－}=AlO\textsubscript{2}\textsuperscript{－}+2H\textsubscript{2}O]. When adding aluminum chloride solution into sodium hydroxide solution, there is initially no precipitate, but later a precipitate forms	others	high	hard
1230	Two beakers each with the same volume of 3 mol/L dilute sulfuric acid are placed on the left and right pans of a balance, which is balanced. Add 10.8g of Al to one beaker and 10.8g of Fe to the other. After the reaction is complete, the correct statement is: 	single_answer_choice	It's possible that the pan with Al rises. 	It's possible that the pan with Fe rises. 	Neither metal is definitely in excess. 	It's impossible for the balance to remain balanced.	A	Chemical properties of aluminum###Exploring the reactions of aluminum with acidic and alkaline solutions.###Calculations related to chemical equations	"【Solution】The substance amount of 10.8g Al is \( n(Al) = \frac{m}{M} = \frac{10.8g}{27g/mol} = 0.4 mol \); the substance amount of 10.8g Fe is \( n(Fe) = \frac{m}{M} = \frac{10.8g}{56g/mol} = 0.19 mol \). 

Assuming the volume of the dilute sulfuric acid used is 1L, it contains \( n(H^+) = 3 mol/L \times 1L \times 2 = 6 mol \), then Fe and Al completely react, thus:

\(\begin{matrix}
2Al & + & 6H^{+} & = & 2Al^{3+} & + & 3H_{2} \uparrow \\
0.4mol & & & & & & 0."	2019	high	hard
3087	Let \(N_{A}\) represent Avogadro's constant. The correct statements among the following are:	single_answer_choice	Under standard conditions, the number of molecules in \(22.4L\) of water is definitely greater than \(N_{A}\)	\(11.2L\) of \(O_2\) contains \(N_{A}\) oxygen atoms.	Under standard conditions, the number of molecules in \(22.4L\) of water is definitely greater than \(N_{A}\	Under standard conditions, the number of molecules in \(22.4L\) of water is definitely greater than \(N_{A}\).	B	Quantitative relationships in atoms###Molar volume of gas###Calculations related to the amount of substance	nan	2023	high	hard
197	The atomic numbers of short-period metallic elements X, Y, and Z increase sequentially. The simple substance of X is the metal with the lowest density and can be used to prepare high-energy batteries. In a ground-state Y atom, the number of electrons in the s energy level is the same as in the p energy level. The simple substance of Z can be passivated by the concentrated solution of the highest valence oxoacid of element W. The following statement is certainly correct:	single_answer_choice	The compound formed when the simple substance of X is heated in air only contains ionic bonds.	In industry, the simple substance Y is prepared by direct electrolysis of Y's oxide.	The first ionization energy of Y is less than that of Z.	The hydride of W dissolves in water to become acidic.	A	The meaning and application of ionization energy and electronegativity of elements###General Principles of Metal Smelting###Properties of alkali metals###Comprehensive Application of the Periodic Law and the Periodic Table of Elements	nan	2023	high	hard
1231	If \( N_A \) represents Avogadro's constant, the correct statement is:  	single_answer_choice	The mass of \( N_A \) molecules of \( N_2 \) is exactly the same as the molar mass of CO.  	At standard temperature and pressure, 1 mol of helium contains \( 2N_A \) outer electrons.  	In 50g of 98% concentrated sulfuric acid, the number of oxygen atoms is \( 2N_A \).  	When 28.6g of Na\textsubscript{2}CO\textsubscript{3}·10H\textsubscript{2}O crystals are completely dissolved in water, the number of \( CO_3^{2-} \) entities in the solution is \( 0.1 N_A \).	B	Avogadro's constant	[Analysis] A is incorrect; the unit for mass is g, and the unit for molar mass is g/mol; the two cannot be exactly the same. Helium consists of one atom, so B is correct. The amount of substance in 50g of 98% concentrated sulfuric acid is 50g × 98% ÷ 98g/mol = 0.5mol, containing 2 mol of oxygen atoms. However, because the solvent water also contains oxygen atoms, C is incorrect. The amount of substance in 28.6g of Na\textsubscript{2}CO\textsubscript{3}·10H\textsubscript{2}O crystals is 0.1mol, but after dissolving in water, CO\textsubscript{3}\textsuperscript{2－} undergoes hydrolysis, so the number of CO\textsubscript{3}\textsuperscript{2－} in	others	high	hard
407	In a sealed container, a certain amount of mixed gases undergoes the reaction \(xA(g)+yB(g) \rightleftharpoons zC(g)\). At equilibrium, the concentration of A is measured to be 0.5 mol∙L\textsuperscript{−1}. When the volume of the container is doubled at constant temperature and equilibrium is re-established, the concentration of A is reduced to 0.3 mol∙L\textsuperscript{−1}. The correct judgment is:  	single_answer_choice	\(x + y < z\)  	The equilibrium shifts in the forward reaction direction  	The concentration of B increases  	The volume fraction of C decreases	D	Principle of Chemical Equilibrium Shift###Equivalent Balance	"**Answer:** A. According to the analysis, reducing pressure shifts the equilibrium backward. Based on the principle of equilibrium shift, the forward reaction is one in which the total number of gas molecules decreases, so x+y > z. A does not meet the requirement.

B. According to the analysis, equilibrium shifts in the backward direction. B does not meet the requirement.

C. After expanding the volume, the concentration of B must decrease, and even if equilibrium shifts, it cannot offset the effect of the volume expansion on reducing B's concentration. C does not meet the requirement.

D. As equilibrium shifts backward, the volume fraction of C decreases. D meets the requirement.

Therefore, the answer is: D.

**Analysis:** Using the hypothetical method for analysis: When initially balanced, the concentration of A was measured at 0.5 mol/L. With the temperature unchanged, the container's volume is doubled (equivalent to reducing the pressure). Assuming equilibrium does not shift, A's concentration should"	2024	high	hard
3841	The following statements about metal smelting are correct:	single_answer_choice	Electrolyzing molten MgO is used to smelt magnesium metal.	The high-temperature reduction method using CO is commonly used to smelt iron.	In the hydrometallurgical process of copper, metallic sodium is added to \({CuSO}_{4}\) solution to displace copper.	Using seawater to produce refined salt, and then electrolyzing a pure NaCl solution can produce metallic sodium.	B	Reactivity series of common metals and their applications###Chemical properties of sodium	nan	2023	high	medium
1539	The correct correspondence between the experimental scheme, phenomenon, and conclusion is:	single_answer_choice		A  	B  	C  	B	Introduction to Haloalkanes###Physical and chemical properties of ethanol.###Chemical properties of aldehydes	nan	2024	high	hard
1208	The mass of a certain chlorine atom is a g, and the mass of \textsuperscript{12}C is b g. Using N\textsubscript{A} to denote Avogadro's constant, the following statements are correct:	single_answer_choice	The relative atomic mass of chlorine is \(\frac{12a}{b}\)	The molar mass of chlorine is aN\textsubscript{A}	The amount of substance in m g of this chlorine atom is \(\frac{m}{aN_{A}}mol\)	The number of electrons in n g of this chlorine atom is \(\frac{17n}{aN_{A}}\)	C	Molar mass###Relative Atomic Mass and Its Calculation###Calculations related to the amount of substance	nan	2023	high	hard
3593	\(N_{A}\) is the value of Avogadro's number. The following statement is incorrect:	single_answer_choice	1 mol of white phosphorus (\(P_{4}\)) molecules contains \(6N_{A}\) P-P bonds.	The number of σ bonds in \(42g C_{3}H_{6}\) is \(8N_{A}\).	1 mol of \(\left\lbrack Ag\left( {NH}_{3} \right)_{2} \right\rbrack OH\) contains \(2N_{A}\) coordination bonds.	Under standard conditions, the number of molecules after the complete reaction of \(22.4L CH_{4}\) and \(22.4L Cl_{2}\) under light is \(2N_{A}\).	B	Formation of Covalent Bonds and Main Types of Covalent Bonds###The bonding situation of the complex compound###Calculations related to the amount of substance###Alkane	nan	2024	high	hard
1325	Introducing gas X into a BaCl\textsubscript{2} solution does not produce a precipitate, but introducing gas Y does. X and Y cannot possibly be:  	single_answer_choice	SO\textsubscript{2} and H\textsubscript{2}S  	Cl\textsubscript{2} and CO\textsubscript{2}  	NH\textsubscript{3} and CO\textsubscript{2}  	SO\textsubscript{2} and Cl\textsubscript{2}	B	Properties and Uses of Ammonia###Chemical properties of chlorine gas###The properties of sulfur dioxide###Hydrogen sulfide	"Answer: A. Hydrogen sulfide reacts with sulfur dioxide to produce elemental sulfur, which is insoluble in water and can form a precipitate, so A is not chosen;  
B. Barium chloride does not react with nitrogen dioxide or carbon dioxide, and will not produce a precipitate;  
C. Ammonia reacts with carbon dioxide to form ammonium carbonate, which reacts with barium chloride to produce barium carbonate precipitate, so C is not chosen;  
D. Cl\textsubscript{2} + SO\textsubscript{2} + 2H\textsubscript{2}O═H\textsubscript{2}SO\textsubscript{4} + 2HCl, H\textsubscript{2}SO\textsubscript{4} + BaCl\textsubscript{2}═BaSO\textsubscript{4}↓ + 2HCl, so D is not chosen."	2021	high	hard
2281	The half-lives of \({}_{8}^{13}\)O and \({}_{8}^{15}\)O are very short, and they cannot stably exist in nature. The artificial synthesis reactions are as follows: \({}_{8}^{16}\)O + \({}_{2}^{3}\)He → \({}_{8}^{13}\)O + \({}_{b}^{a}\)X; \({}_{8}^{16}\)O + \({}_{2}^{3}\)He → \({}_{8}^{15}\)O + \({}_{n}^{m}\)Y. The correct statements are:	single_answer_choice	The neutron number of X is 3	X and Y are isotopes of each other	Both N\textsuperscript{13}O\textsubscript{2} and N\textsuperscript{15}O\textsubscript{2} cannot react with water	The reason	B	Quantitative relationships in atoms###The principles of atomic structure construction###Element, nuclide	nan	2023	high	medium
2327	The following statement is incorrect:	single_answer_choice	Stainless steel contains elements such as chromium and nickel and has a strong corrosion resistance.	The main chemical component of red pigment in paint is iron hydroxide.	Sodium nitrite can be used in the production of meat products, not only for preservation but also for color protection.	Hard aluminum can be used to manufacture metal materials for spacecraft.	B	Alloys and Their Applications###Iron oxides and hydroxides###Composition, Properties, and Functions of Common Food Additives	nan	2023	high	medium
1756	The chemical formula of solid A is NH\textsubscript{5}, and the outermost layer of all its atoms conforms to the electron configuration of the outermost layer of the corresponding noble gas atoms. Which of the following statements is incorrect?  	single_answer_choice	NH\textsubscript{5} contains both ionic and covalent bonds.  	The melting and boiling points of NH\textsubscript{5} are higher than those of NH\textsubscript{3}.  	1 mol of NH\textsubscript{5} contains 5 mol of N-H bonds.  	When solid NH\textsubscript{5} is added to a small amount of water, two gases are produced.	C	Formation of ionic bonds###Structural Characteristics and Properties of Ionic Compounds	【Answer】 A. In NH\textsubscript{5}, the outermost layer of all atoms corresponds to the electron configuration of the outermost layer of the respective noble gas atoms, so NH\textsubscript{5} is NH\textsubscript{4}H, an ionic compound containing both ionic and covalent bonds. A does not meet the question's requirements. B. NH\textsubscript{5} is a solid under normal temperature while NH\textsubscript{3} is a gas, indicating that NH\textsubscript{5} has a higher melting and boiling point than NH\textsubscript{3}. B does not fit the question's requirements. C. There are 4 mol of N-H bonds in 1 mol of NH\textsubscript{4}H, which meets the question's requirements. D. NH\textsubscript{4}H can react with water to produce hydrogen and ammonia gases, which does not	others	high	hard
3181	China's new achievements in science and technology have attracted worldwide attention, and they are closely related to chemistry. The following statements are correct:	single_answer_choice	"The main component of the high-temperature structural ceramics used on the exterior surface of the ""Shenzhou 11"" spacecraft return capsule is silicate"	The key material for manufacturing mobile phone chips is silicon dioxide.	"The main component of the high-temperature structural ceramics used on the exterior surface of the ""Shenzhou 11"" spacecraft return capsule is silicate."	China has proposed a strategy to become a strong network nation, with a total optical cable line length exceeding 30 million kilometers. The main component of optical cables is crystalline silicon.	D	The main research object of chemical science###The main chemical components, raw materials, and uses of ceramics###Application of Silicon-Containing Minerals and Materials###Alloys and Their Applications	nan	2023	high	easy
363	In the process of using a NaOH standard solution to titrate edible white vinegar to determine the acetic acid content, the correct operation is:	single_answer_choice	Rinse the acid burette 2-3 times with the white vinegar solution before filling	Rinse the conical flask containing the white vinegar solution 2-3 times with the white vinegar solution before titration.	Rinse the acid burette 2-3 times with the white vinegar solution before filling.	To prepare the standard solution, weigh 4.0g of NaOH solid and place it in a 1000mL volumetric flask, then add water to the mark.	B	Prepare a solution with a specific molarity.###Neutralization titration###Use of Acid (Base) Burette	nan	2024	high	medium
201	The following statement is incorrect (　　)	single_answer_choice	Adding ammonia water to AlCl\textsubscript{3} solution produces a white precipitate, which disappears upon adding hydrochloric acid.	Adding dilute sulfuric acid to copper powder does not dissolve it; upon adding Cu(NO\textsubscript{3})\textsubscript{2} solid, the copper powder dissolves.	Adding Na\textsubscript{2}SO\textsubscript{3} solution to BaCl\textsubscript{2} solution produces a precipitate, which completely dissolves upon adding nitric acid.	Adding NaOH solution to MgCl\textsubscript{2} solution produces a white precipitate, which gradually turns reddish-brown upon adding FeCl\textsubscript{3} solution.	C	The chemical properties of nitric acid###Test for chloride ions###Important compounds of magnesium and aluminum	"[Solution] The formation and dissolution of Al(OH)\textsubscript{3} and the strong oxidizing property of nitric acid frequently appear as exam questions. 
The reactions involved in A are AlCl\textsubscript{3} + 3NH\textsubscript{3}·H\textsubscript{2}O = Al(OH)\textsubscript{3}↓ + 3NH\textsubscript{4}Cl, Al(OH)\textsubscript{3} + 3HCl = AlCl\textsubscript{3} + 3H\textsubscript{2}O; 
In B, the unreactive metal copper does not react with dilute sulfuric acid, but in an acidic environment with added nitrate Cu(NO\textsubscript{3})\textsubscript{2}, a strong oxidizing environment of nitric acid is formed, so the reaction 3Cu + 2NO\textsub"	others	high	hard
697	Chemistry has propelled social progress, making our lives colorful. The following transformation does not belong to a chemical change:	single_answer_choice	Fractionation of petroleum	Gasification of coal	Hydrogenation of fats	Hydrolysis of cellulose	A	The differences and connections between physical changes and chemical changes.###Properties and Uses of Polysaccharides###Fractional distillation of petroleum###Properties, Composition, and Structure of Lipids	nan	2024	high	easy
767	"""Activated molecules"" are an important basis for measuring the rate of chemical reactions. Which of the following statements is incorrect? "	single_answer_choice	The collision between activated molecules must be an effective collision.	Increasing the concentration of reactants can increase the number of activated molecules per unit volume, thereby accelerating the reaction rate.	For reactions involving gases, compressing the container to increase pressure can increase the number of activated molecules per unit volume, thus accelerating the reaction rate.	Catalysts can lower the activation energy of the reaction and increase the percentage of activated molecules per unit volume.	A	Activation energy and its influence on the rate of chemical reactions###Activated molecule	[Answer] A. Collisions between activated molecules do not necessarily result in a chemical reaction, and only collisions that result in a chemical reaction are effective collisions. Thus, collisions between activated molecules are not necessarily effective collisions, making option A incorrect and consistent with the question's intent. B. Increasing the concentration of reactants increases the number of activated molecules per unit volume, speeding up the reaction rate, making option B correct and inconsistent with the question's intent. C. For reactions involving gases, compressing the volume increases the number of activated molecules per unit time, speeding up the reaction rate, making option C correct and inconsistent with the question's intent. D. A catalyst can lower the activation energy required for a reaction, increasing the percentage of activated molecules per unit volume, making option D correct and inconsistent with the question's intent. Therefore, the answer is: A. [Analysis] This question tests the understanding of activation energy and analyzes the effects of concentration, pressure, and catalysts on activation energy	2023	high	hard
1092	The following reactions are suitable for industrial production:	single_answer_choice	Sodium burning in chlorine to produce sodium chloride	Chlorine reacting with slaked lime to produce bleaching powder	Electrolysis of water to produce hydrogen	Hydrogen reacting with chlorine under light to produce hydrochloric acid	B	Chemical properties of chlorine gas###Rational use of raw materials and energy	nan	2023	high	easy
2057	"On May 5, 2020, the Long March 5B carrier rocket successfully sent the new-generation manned spacecraft test ship into its predetermined orbit, marking the beginning of the ""third step"" of China's manned space program. The carrier rocket used new liquid oxygen kerosene engines and liquid oxygen liquid hydrogen engines. The following statements are incorrect:"	single_answer_choice	Liquid oxygen can be used as fuel	Liquid hydrogen can be used as a reducing agent	The combustion product of liquid hydrogen is water	Kerosene releases a large amount of heat when burned	A	Redox reaction###Complete combustion of fuel	nan	2023	high	hard
3404	Given: Passing Cl\textsubscript{2} into an appropriate amount of NaOH solution may produce NaCl, NaClO, and NaClO\textsubscript{3}, and the value of \(\frac{c({Cl}^{-})}{c({ClO}^{-})}\) only depends on temperature. When n(NaOH)=6a mol, the following statement is incorrect (　　)	single_answer_choice	The amount of chlorine gas participating in the reaction is 3a mol	The amount of chlorine gas participating in the reaction is 3a mol.	The amount of chlorine gas participating in the reaction is 3a mo	Changing the temperature, the minimum theoretical yield of NaCl is 3a mol.	D	Calculations for scope discussion questions###Calculation of the number of electrons transferred in a redox reaction###Calculations related to chemical equations	"**Answer:** 
A. Based on the equation relationship, regardless of which reaction occurs, the ratio n(Cl\textsubscript{2}):n(NaOH) is 1:2. When n(NaOH)=6a mol, the amount of chlorine that participates in the reaction is 3a mol, so option A does not meet the requirements. 
B. When the temperature changes, and the first reaction occurs, the minimum theoretical yield of NaCl in the product is 3a mol, so option B does not meet the requirements.
C. When the temperature changes, during only the first reaction, 3a mol of electrons are transferred; during only the second reaction, 5a mol of electrons are transferred. Thus, the range of the amount of substance n of transferred electrons in the reaction is: 3a mol ≤ n ≤ 5a mol, so option C does not meet the requirements.
D. At a certain temperature, after the"	2020	high	hard
