index	question	category	A	B	C	D	answer	knowledge	analysis	year	grade_level	difficulty_level	image
2017	"""Chang'e 5"" is China's first lunar sample return probe, intended to be launched from the Wenchang Spacecraft Launch Site in Hainan. It will automatically complete the collection of lunar surface samples and bring back about 2kg of lunar soil to Earth. Based on this, complete the question.

89. Which of the following descriptions about celestial bodies is correct?"	single_answer_choice	"""Chang'e 5"" from the Wenchang launch center is a celestial body."	"""Chang'e 5,"" in the process of leaving Earth and heading to the Moon, is a celestial body."	"""Chang'e 5,"" performing lunar surface sampling, is a celestial body."	Lunar soil samples brought back to Earth by the probe are celestial bodies.	B	Celestial bodies and celestial systems###The Universality and Particularity of Earth	"[Analysis] [Commentary] Methods to determine celestial bodies: 
Look at position: Does it exist outside the Earth's atmosphere?
Look at substance: Is it matter from the universe?
Look at movement: Is it moving independently in a certain orbit?

Basic conditions for the existence of life on Earth and reasons for analysis:
(1) External environment (stable and safe):
① The Sun is in its prime and stable, providing consistent solar illumination.
② Each planet follows its own path, without interference, creating a safe cosmic environment for Earth.
(2) Internal environment:
① The Earth is at an appropriate distance from the Sun, with suitable rotation and revolution periods, providing adequate sunlight and temperature conditions.
② The Earth has moderate volume and mass, resulting in an optimal atmosphere thickness and composition.
③ Due to suitable temperature, there is abundant liquid water on Earth.

89. A. The “Chang’e 5” at the Wenchang Launch Center is on the Earth's surface and is part of the"	others	high	hard	nan
1225	"Ecological protection and high-quality development of the Yellow River Basin is one of China's major development strategies. The table displays the water dispatch scheme for each province based on the available water consumption of the Yellow River for different months in a given year. Please answer the following questions based on this information.

178. In March, the water dispatch of the Yellow River ( )179. Compared to March, in June ( )

① The water dispatch in Qinghai Province remains almost unchanged, mainly for ecological usage

② The water dispatch in Ningxia Hui Autonomous Region increases, primarily for agricultural irrigation

③ The water dispatch in Shandong Province increases, mainly for domestic use

④ The water dispatch in Henan Province increases, partially for water and sediment"	single_answer_choice	More in the eastern region than in the central and western regions	More in plateau and mountainous areas than in plain areas	More in non-monsoon areas than in monsoon areas	More in pastoral areas than in farming areas	A	Resource Allocation Across Regions and Regional Development###Rational utilization of water resources	nan	others	high	hard	nan
1988	"Plants of the genus Helleborus in the division Angiosperms were widely distributed around the Tethys Sea (the approximate range of the Tethys Sea extends from the present-day Mediterranean to East Asia) during geological periods. Due to crustal movements and climate changes, the Tethys Sea no longer exists. Currently, plants of the genus Helleborus are only distributed around the Mediterranean and in regions such as Sichuan and Shaanxi in China. Complete the following question.

61. The main reason for the change in distribution of Helleborus plants is (    )"	single_answer_choice	Collision between the African and Eurasian plates	Separation between the African and Eurasian plates	Collision between the Indian and Eurasian plates	Separation between the Indian and Eurasian plates	C	Geological Time Scale and Earth's Evolutionary History###Plate tectonics theory	nan	others	high	hard	nan
2027	"On September 27, 2021, at 14:19, the Kuaizhou-1A solid-fuel rocket was launched from the Jiuquan Satellite Launch Center in Gansu (100°E), successfully sending the Jilin-1 Gaofen 02D satellite into its predetermined 650-kilometer orbit. The Jilin-1 Gaofen 02D satellite is a high-resolution optical remote sensing satellite.

125. The Jilin-1 Gaofen 02D satellite:"	single_answer_choice	Its main energy source is solar radiation energy	The greatest threat it faces during operation is variable weather	Its linear velocity in orbit around the Earth is less than the Earth's rotational linear velocity	The lowest-level celestial system it belongs to is the solar system	A	The regression movement of the solar point of direct sunlight###The variation in the length of day and night.###Changes in solar noon altitude	"[Analysis] [Commentary] 1. Daily Variation in Solar Altitude: With the Earth's rotation, the sun's direct point moves along the latitude, causing the solar altitude angle at various points on the sphere to constantly change. The magnitude depends on the spherical distance from the point to the direct point. The solar altitude at sunrise and sunset is 0°, and it is highest at noon. 

2. Changes in Day and Night Length: Taking the Northern Hemisphere as an example, between the spring equinox and the fall equinox is the Northern Hemisphere's summer half-year. During this time, the day is longer than the night across different latitudes in the Northern Hemisphere. Between the fall equinox and the next year's spring equinox is the winter half-year in the Northern Hemisphere, with shorter days and longer nights. On the equinoxes, day and night are of equal length worldwide. The Southern Hemisphere experiences the opposite pattern. 

3. Changes in Noon Solar Altitude Angle:"	others	high	hard	nan
1304	The correct statement about the eight planets of the solar system is (      )	single_answer_choice	The rotation and revolution directions of the eight planets are the same	Only Earth has an atmosphere among the eight planets	All eight planets orbit the Sun in perfect circular orbits	The eight planets can be classified into terrestrial planets, gas giants, and distant planets	D	Solar System and Earth-Moon System	"[Analysis] The direction of revolution for the eight major planets is from west to east, but the rotation of two planets is quite special. Venus rotates from east to west; Uranus rotates on its side with an axial tilt of 97 degrees, making option A incorrect. Mercury, due to its small mass, cannot form an atmosphere around itself, while the other planets have their own atmospheres, making option B incorrect. The orbits of the eight major planets are approximately circular, making option C incorrect. Based on structural characteristics, the eight major planets can be divided into terrestrial planets, giant planets, and distant planets, making option D correct.

[Review] Central celestial body of the solar system: The Sun accounts for 99.86% of the solar system's mass, and under its gravitational pull, other celestial bodies revolve around it. From nearest to farthest from the Sun, the order is Mercury, Venus, Earth, Mars, Jupiter, Saturn, Uranus, and Neptune."	others	high	hard	nan
1924	"At 23:08 Beijing time on November 29, 2022, the Long March 2F Yao-15 carrier rocket, carrying the Shenzhou 15 manned spacecraft, was launched from the Jiuquan Satellite Launch Center (41°N, 100°E). About 10 minutes later, it entered the designated orbit, and the launch was a complete success. Based on this, answer the following questions.

180. When the rocket was launched, which of the following phenomena is credible?"	single_answer_choice	Sunrise in San Francisco (38°N, 122°W)	Noon in London (51°N, 0°)	Sunset in New Delhi (28°N, 77°E)	Deep night in Cape Town (34°S, 18°E)	A	The Earth's Revolution and Its Characteristics###The regression movement of the solar point of direct sunlight###Determination and Calculation of Local Time and Zone Time###The variation in the length of day and night.	nan	others	high	hard	nan
1811	"An ancient poem says: ""You ask when one will return, yet there is no set date, as the night rain in Bashan swells the autumn pools. When will we sit together by the west window trimming the candle, reminiscing about the time of the night rain in Bashan.” ""The night rain in Bashan"" generally refers to the frequent night rain in the mountainous regions of southwest China (including the Sichuan Basin). The night rainfall in these areas generally accounts for more than 60% of the annual precipitation. Based on the related knowledge, answer the following question.

156. The main reason for frequent night rain in the Bashan area is ( )."	single_answer_choice	The temperature at night is higher than during the day, causing air currents to rise	The temperature at night is low, causing water vapor in the air to condense and form precipitation	The temperature at night is lower than in the surrounding areas, causing air currents to rise	Air currents	D	Atmospheric Thermal Circulation	nan	others	high	hard	nan
1798	"Currently, Shenzhen's development is facing concerns such as ""land and space being unsustainable; energy and water resources being unsustainable; achieving a trillion GDP requires more labor input, yet the city is already overburdened with population, making it unsustainable; and environmental carrying capacity being unsustainable."" In this regard, which of the following measures do you consider feasible?"	single_answer_choice	Restrict the influx of outsiders and control the population size.	Implement regional economic cooperation to allocate water resources and energy across regions.	Increase investment in technology, pursue independent innovation, and strive to develop high-tech and primary industries.	Strict land management and raising land prices to solve the issue of insufficient usable land space.	B	Regional Industrialization and Urbanization	"(Analysis) Limiting the entry of outsiders and increasing land prices are impractical in reality, eliminating options A and D. Shenzhen should strive to develop the tertiary industry, eliminating option C; thus, option B is the correct choice.
(Comment) Tests students' ability to read and understand materials; the material highlights Shenzhen's lack of resources and low environmental carrying capacity, so considerations should be resource-based."	others	high	hard	nan
437	"The productive service industry (a service industry that provides guarantee services for maintaining the continuity of the industrial production process, promoting industrial technological advancement and industrial upgrading, and improving production efficiency) is currently the fastest-growing, most knowledge-intensive, and most highly skilled talent-concentrated industry globally, playing an important role in driving industrial structure adjustments. In developed countries, productive service industries are primarily concentrated in the central urban areas. At present, China is accelerating the development of productive services for agriculture. Based on this, complete the following question.

199. The main reason central urban areas in developed countries have become hubs for productive service industries is (       )"	single_answer_choice	Beautiful environment with little noise disturbance	Timely access to market demand information	Convenience for consumption and improving life quality	Convenience for product manufacturing	B	Location Factors of the Service Industry and Their Changes###Direction and Measures of Agricultural Development	nan	others	high	hard	nan
432	"The water retention function of plant communities is the result of the combined action of the litter layer and the soil layer. The dominant factors of water retention function vary across different plant communities. The table below presents the evaluation results (weights) of the water retention function of typical plant communities in Liupan Mountain, Ningxia. Based on this, answer the following question.

88. In the litter layer, the reason why the water retention function of birch plantations is stronger than that of North China larch plantations is most likely because (    )"	single_answer_choice	Birch plantations have more leaves than North China larch plantations	North China larch plantations are located on the shady side of mountains, with more fallen leaves	Birch plantations are located on the shady side of mountains, making litter decomposition difficult	North China larch plantations are located on the shady side of mountains, making litter decompose easily	C	Main vegetation types and their relationship with the environment###Understanding Soil###The impact of human activities on the water cycle	nan	others	high	hard	nan
1311	When the obliquity of the ecliptic decreases to 20 degrees, the following statement is correct (   )	single_answer_choice	The area of the tropical region increases, the area of the polar region decreases	The area of the tropical region decreases, the area of the polar region increases	The area of the tropical region decreases, the area of the polar region decreases	The area of the tropical region remains unchanged, the area of the polar region remains unchanged	C	The obliquity of the ecliptic and its impact	"This question examines the relationship between the obliquity of the ecliptic and the five zones. The degree of the obliquity of the ecliptic is equal to the tropics and complementary to the polar circles. Therefore, if the obliquity of the ecliptic decreases, the degree of the tropics decreases, shrinking the tropical zone; meanwhile, the degree of the polar circles increases, reducing the size of the frigid zones. Thus, the answer is: C. 

Commentary: When the obliquity of the ecliptic decreases, the area of the tropical zone decreases, and the area of the frigid zones decreases; when the obliquity increases, the area of the tropical zone increases, and the area of the frigid zones increases."	others	high	hard	nan
1720	According to relevant reports, starting in late November 2018, the El Niño phenomenon significantly intensified at this time.	single_answer_choice	The surface sea temperature in the tropical eastern Pacific is lower than usual.	The South Equatorial Current strengthens.	The subtropical high pressure in the western Pacific weakens.	The southeastern trade winds in the tropical eastern Pacific weaken.	D	Global Climate Change: Impacts and Countermeasures	"Analysis: The El Niño phenomenon is characterized by the sea surface temperature in the tropical eastern Pacific being higher than usual, hence statement A is incorrect. During the El Niño phenomenon, the South Equatorial Current weakens, making statement B incorrect. When El Niño occurs, the Indian Ocean, Indonesia, and Australia experience a rise in atmospheric pressure due to a drop in sea temperature; conversely, in the central and eastern Pacific, atmospheric pressure decreases due to a rise in sea temperature, creating a ""see-saw effect"" of atmospheric pressure between the eastern and western Pacific. When El Niño occurs, the subtropical high pressure in the western Pacific strengthens, which is incorrect for statement C. During El Niño, the Peruvian Current weakens, and the upwelling diminishes, indicating that the southeast trade winds in the tropical eastern Pacific weaken, so statement D is correct. Therefore, the answer is: D.

Commentary: When the southeast trade winds strengthen abnormally, the upwelling of"	others	high	hard	nan
2359	"On April 10, 2019, Zhengzhou held the 2019 Zhengzhou New Urbanization and Quality Improvement of Hundred Cities and Civilized City Creation Work Meeting. The meeting clearly emphasized that with the rapid economic development of Zhengzhou and the establishment of its status as a national central city, Zhengzhou will accelerate the construction of a ""dual-city leading, multi-group, multi-node"" urban system with a rational layout of large, medium, and small cities, central towns, and characteristic towns to promote high-quality economic and social development. 

186. The main reason for the rapid improvement in Zhengzhou's urbanization level is ( )"	single_answer_choice	Improved infrastructure and high level of social welfare	Implementation of national preferential policies and the poised development of rural economies	Convenient transportation and easier population movement	Rapid economic development, more employment opportunities, and increased population migration	D	The concept, indicators, and significance of urbanization###Advantages and Disadvantages of Urbanization and Solutions to Problems	"[Analysis] [Commentary] I. Characteristics of Urbanization:  
1. The proportion of the urban population in the total population continues to rise.  
2. In the industrial structure, the proportions of agriculture, industry, and other sectors fluctuate and keep changing.  
3. The level of urbanization is directly proportional to the growth of per capita Gross National Product (GNP).  
4. High urbanization levels are not only based on the development of the secondary and tertiary industries but are also a result of agricultural modernization.  

II. Solutions to Urbanization Problems:  
(1) Establish satellite cities and develop new areas to control the size of city centers.  
(2) Improve urban transportation and living conditions.  
(3) Protect and manage the urban environment.

186. The hallmark of rising urbanization levels is the increase in the proportion of the urban population compared to the total population. Well-developed infrastructure and high levels of social welfare are not the main reasons attracting people to move"	others	high	hard	nan
1727	"In recent years, there has been a ""Peacock Flying Southeast"" phenomenon in our country's population movement, which indicates that (      )"	single_answer_choice	A large number of migrant workers are moving to coastal areas	The establishment of new industrial bases is causing population migration	Intellectuals are moving from inland to coastal cities	The relocation of higher education institutions, enrollment, and distribution is forming population migration	C	Domestic population migration and its characteristics	"(Explanation) ""Peacocks Fly Southeast"" mainly refers to the rapid economic development in the southeastern coastal areas in recent years, attracting a large influx of people, including some intellectuals, moving to the coast. In the context of China's national conditions, since the reform and opening-up, the coastal regions have developed rapidly, causing a significant flow of migrant workers to the southeastern coastal areas.

(Comment) This question primarily tests knowledge related to population migration in China, requiring an answer based on the main directions of population movement since the reform and opening-up."	others	high	hard	nan
2274	"The straw-to-grain ratio is the ratio of crop straw yield to crop yield, and the average straw-to-grain ratio varies significantly among different crops. The smaller the straw-to-grain ratio, the higher the conversion efficiency of crop photosynthesis products. The data in the table below shows the statistics of the straw-to-grain ratio of major crops in different agricultural regions of China (data for Hong Kong, Macau, and Taiwan is temporarily unavailable). Use this information to answer the following questions.

67. Based on the table, it can be concluded that (    )"	single_answer_choice	The straw-to-grain ratio of the same crop is basically consistent	The smaller the straw-to-grain ratio of a crop, the higher the yield per unit area	Rice has the highest photosynthetic conversion efficiency in the main production area	Spring wheat has the highest photosynthetic conversion efficiency in the main production area	D	Agriculture and Industry in China	"[Analysis] [Commentary] This question primarily examines the distribution of agriculture in China and the understanding of related concepts. The straw-to-grain ratio is the ratio of crop straw yield to crop yield. The smaller the straw-to-grain ratio, the higher the conversion efficiency of photosynthesis products in crops. The main production area for spring wheat is primarily in the northeast, while rice is mainly produced in southern regions. The northeast has a single harvest per year, resulting in a longer crop growth cycle and more accumulation of organic matter.

67. Based on the table information, it can be seen that the straw-to-grain ratio varies significantly for the same crop in different agricultural regions, so A is incorrect. According to the material, a smaller straw-to-grain ratio indicates higher conversion efficiency of photosynthesis products in crops, but it does not necessarily mean higher yield, so B is incorrect. The main production area for rice is in the southern agricultural region, where the straw-to-grain ratio is"	others	high	hard	nan
1347	Among the following statements, the correct one is (   )	single_answer_choice	The six months when the sun's direct point moves north is the summer half-year in the Northern Hemisphere.	The six months when the sun's direct point moves south is the winter half-year in the Northern Hemisphere.	The latitude at which the sun is directly overhead has the longest day and shortest night.	The half-year when the sun's direct point is in the Northern Hemisphere is the summer half-year in the Northern Hemisphere.	D	The regression movement of the solar point of direct sunlight###The changing of the four seasons	"(Analysis)(Explanation) Solution: The summer half-year in the Northern Hemisphere is when the solar direct point is in the Northern Hemisphere, unrelated to its movement; A is incorrect, D is correct. The winter half-year in the Northern Hemisphere is when the solar direct point is in the Southern Hemisphere, unrelated to its movement; B is incorrect. When the sun is directly over the Tropic of Cancer, the Northern Hemisphere experiences the longest day and shortest night; C is incorrect. Therefore, the answer is D.

(Comment) This question tests the knowledge point regarding the relationship between the solar direct point and seasonal changes, as well as day and night variations. Understanding the movement rules of the solar direct point and changes in day length, as well as the relationship between seasonal changes, is key to solving the problem. It can also be understood and practiced through memorizing the relationship between the solar direct point's position, movement, day and night situations, and seasonal changes."	others	high	hard	nan
516	The correct statement about the five zones on Earth is (     )	single_answer_choice	The spring equinox and autumn equinox are the two days with the longest daylight in the tropics.	Any place where the sun is at a 90° angle at noon at some point in the year must be in the tropics.	The noon sun altitude in polar regions is always less than in temperate regions.	The sun altitude in temperate regions is always greater than 0° and less than 90°.	B	Five-zone division	"[Analysis] On Earth, during the solstices, summer and winter, these are the days with the longest daylight in the Northern and Southern Hemispheres, respectively, under the tropics. Thus, A is incorrect.  

Wherever the noontime solar altitude is 90° during the year is definitely in the tropics, making B correct.  

In the same hemisphere, the noontime solar altitude in the polar regions is always less than that in the temperate zones, making C incorrect.  

In the temperate zones, areas experiencing daylight have solar altitudes always greater than 0° but less than 90°, whereas in the night sectors, solar altitudes are less than 0°, making D incorrect.  

Therefore, the correct answer is: B.  

[Commentary] This question examines the geographical significance of Earth's movements. The summer solstice is the longest day of the year in the Northern Hemisphere, and the winter solstice is the longest in the"	others	high	hard	nan
1299	The relationship between contour lines and isotherms is (     )	single_answer_choice	The denser the contour lines, the sparser the isotherms.	Contour lines and isotherms must completely coincide.	If only considering the effect of altitude on temperature, the greater the contour line value, the smaller the isotherm value.	If only considering the effect of altitude on temperature, the smaller the contour line value, the smaller the isotherm value.	C	Interpretation of contour maps###Interpretation of distribution maps of isobaric surfaces, isobars, and isotherms	"[Analysis] Explanation: Temperature changes are influenced by elevation. Generally, the denser the contour lines, the denser the isotherms; A is incorrect. Many factors influence contour and isotherm lines, and they do not necessarily coincide; B is incorrect. If only considering the impact of elevation on temperature, for every 100 meters increase in elevation, the temperature decreases by 0.6°. Therefore, the higher the elevation, the lower the temperature, i.e., the greater the contour line value, the smaller the isotherm value; C is correct, D is incorrect.

Therefore, the answer is: C

[Review] Tests understanding of the contour line method, which connects points of equal value into continuous curves, such as contour lines, isobaths, isotherms, isobars, isogonic lines, etc. These are often used to represent phenomena that are continuously distributed and gradually change, such as terrain and climate. Depending on the need, the"	others	high	hard	nan
1530	"Outsourcing is when a company outsources part of its non-core business, and the companies that emerge from this practice are known as the outsourcing service industry, an important part of modern high-end service industries. China's outsourcing service industry has continued to grow steadily, exhibiting characteristics of regional misaligned development. The following diagram illustrates the development status of China's outsourcing service industry from 2013 to 2022. Complete the following small question.

109. Which of the following statements about the development of China's outsourcing service industry is correct?"	single_answer_choice	The proportion of international outsourcing is increasing year by year.	The industry's development is significantly influenced by competition from European and American countries.	In international outsourcing, China is a major outsourcing supplier.	Changes in industry growth rate are closely related to China's economic policies.	C	Location Factors of the Service Industry and Their Changes###Region and its types	nan	others	high	hard	nan
2171	"The third national land survey data shows that, compared to the ""second survey"" data, the cultivated land area in the Chengdu Plain, known as the ""Tianfu Granary,"" has decreased by 40% over a decade. In October 2022, the Sichuan Provincial Government proposed the goal of ""building a higher level of 'Tianfu Granary' in the new era"" to ensure food security and achieve ""storing grain on the land and storing grain in technology."" To reach this goal, a series of measures have been implemented.

64. The most rapid and effective measure to mitigate the reduction of cultivated land area in the Chengdu Plain is ( )"	single_answer_choice	Vigorously developing arable wasteland	Encouraging returning home to start businesses to motivate farmers' enthusiasm for grain cultivation	Strengthening the supervision of rural land transfer to prevent the conversion of arable land to non-agricultural uses	Improving the compensation mechanism to restore contiguous	D	The Current State and Approaches of Food Security in Our Country	"[Analysis][Commentary] To ensure China's food security, the country has proposed storing grain in the land and technology, which is a new strategy from the central government to secure food production capacity. This means that we will no longer solely pursue an increase in food output but will enhance food production capacity, protect the environment, and promote the construction of self-reliant agricultural capabilities for sustainable development.

64. A, Vigorously developing arable wasteland. If improperly developed, it may cause environmental damage, A is wrong;
B, Encouraging farmers to return to their hometowns to start businesses and motivating them to grow grain is a slow process and cannot quickly increase cultivated land area, B is wrong;
C, Strengthening the supervision of rural land transfer to prevent the non-agriculturalization of cultivated land only increases grain-growing land area and is unrelated to the total cultivated land area reduction, C is wrong;
D, Improving the compensation mechanism to restore large areas of seedling bases to cultivated"	others	high	hard	nan
29	The correct statement about the characteristics of marine resource development and utilization is (    )	single_answer_choice	Marine resources are not only abundant but also have a high concentration of resources.	Marine resource development activities are primarily constrained by the marine environment and ecosystem.	High costs of marine development are due to the high risks involved.	Marine pollution and maritime natural disasters are both bounded by national borders.	B	Development and utilization of marine resources	"[Analysis] A: Despite the large quantity of ocean resources, the density of some resources is not high. C: Additionally, the harsh marine environment means that the cost and risk of development are relatively high. D: Ocean pollution and maritime natural disasters are without borders; therefore, option B is selected.

[Comment] This examines the development and utilization of ocean resources. Human activities in the development of ocean resources are mainly constrained by the marine environment and ecosystem, hence the current level of development and utilization of the ocean by humans is still limited."	others	high	hard	nan
2021	The problems in the utilization of tidal flat resources in our country are (     )	single_answer_choice	Some reclaimed farmland lacks freshwater for irrigation, leading to salinization.	The creation of salt fields has been very successful, completely avoiding seawater intrusion.	There is basically no hindrance to flood prevention and flood retention.	There are basically no instances of improper use.	A	Development and utilization of marine space###Development and utilization of coastal zones###The relationship between the ocean and humanity	"[Analysis] The main issues in the utilization of mudflats are: A. Reclamation of farmland lacks freshwater irrigation leading to salinization; B. Creation of salt fields induces seawater intrusion, causing large areas of farmland to become barren; C. Severe blockage of estuaries obstructs flood prevention and retention, resulting in widespread flooding, etc. Therefore, choose A. 

[Comment] This examines the current status and existing issues of mudflat resource utilization in China; in coastal areas, the reclamation of farmland faces serious land salinization due to excessive flooding."	others	high	hard	nan
297	Regarding the statements about the Indus River, which is correct:	single_answer_choice	Originates in northern India, flows through central India, and empties into the Bay of Bengal	Originates in Pakistan, flows through India and Bangladesh, and empties into the Bay of Bengal	Originates in China, flows through Kashmir and Pakistan, and empties into the Arabian Sea	Originates in China, flows through Kashmir and India, and empties into the Arabian Sea	C	South Asia	(Analysis) Based on regional understanding, we know that the Indus River originates in China, mainly flows through Kashmir and Pakistan, and empties into the Arabian Sea. Thus, C is correct. Therefore, the answer is: C. (Commentary) The Indus River is Pakistan's main river and an important agricultural irrigation source. Before the partition of India and Pakistan in 1947, the Indus River was second only to the Ganges and was the cultural and commercial center of the region. The river's total length is 2,900 to 3,200 kilometers. The Indus River civilization was one of the earliest major civilizations to enter agricultural society and settled society in the world.	others	high	easy	nan
1991	The correct statement is (    )	single_answer_choice	"""Experiencing Mount Huangshan, there is no other mountain"" indicates that Mount Huangshan is a tourism resource that organically combines natural and cultural landscapes."	"""Confucius ascended Mount Tai and deemed everything else small"" indicates that Mount Tai is purely a cultural tourism resource."	"""He who has never been to the Great Wall is not a true hero"" indicates that the Great Wall is a cultural tourism resource of religious significance embodying people's beliefs."	"""The solitary smoke on the desert straight, the sun setting over a long river round"" indicates that tourism resources can reflect a place's historical culture."	A	Aesthetic Characteristics of Tourist Landscapes###Methods of Appreciating Tourist Attractions	"(Analysis) Option A: Huangshan has its unique geological and meteorological landscapes, as well as a profound cultural heritage, making it a typical combination of natural and cultural tourism resources. Therefore, option A is correct.  
Option B: Mount Tai is a world natural and cultural heritage, a combination of natural and cultural tourism resources, so option B is incorrect.  
Option C: The Great Wall is an ancient site of historical and cultural significance, not a religious building, so option C is incorrect.  
Option D: The phrase ""In the vast desert, a lone smoke straight, the long river sunset round"" reflects that tourism resources have aesthetic qualities, so option D is incorrect.  
In summary, the correct answer to this question is A.  
(Comment) Students should pay attention to understanding and accumulating knowledge about the famous mountains of China."	others	high	hard	nan
