index	question	category	answer	knowledge	analysis	year	grade_level	difficulty_level
1907	"The following are renewable natural resources (     ):

A. Steel B. Nuclear energy C. Land resources D. Water resources"	multiple_answer_choice	C, D	Rational use and protection of renewable resources	"[Analysis] Solution: Renewable resources refer to resources that can be regenerated or recycled within the span of human history. Solar energy, wind energy, water resources, and land resources fall into the category of renewable resources, making CD correct. Non-renewable resources are those that cannot be renewed or regenerated in a short time, such as mineral resources (coal, iron ore, etc.). Steel comes from iron ore resources, and nuclear energy comes from nuclear resources such as uranium, thorium, deuterium, lithium, etc. Most of these nuclear resources are mineral resources, so AB is non-renewable and incorrect. Therefore, the answer is: CD.

[Commentary] Natural resources refer to materials in nature that humans can directly obtain and use for production and living. They can be divided into three categories: the first is non-renewable resources, such as various metals, non-metallic minerals, and fossil fuels, which require long geological periods to form; the second is renewable resources"	others	high	medium
376	"Regarding the descriptions of natural disasters, which are correct (     )

A. Heavy rain in mountainous areas often triggers mudslides.  
B. Plum rain and cold waves mostly occur together.  
C. Earthquakes can trigger landslides and collapses.  
D. Volcanic eruptions can exacerbate climate drought."	multiple_answer_choice	A, C	Drought disaster###Cold wave disaster###Earthquake###Landslides and debris flows	[Analysis] Heavy rain in mountainous areas often triggers mudslides. The rainy season occurs in June, and cold waves occur in winter, so these two disasters do not occur together. Earthquakes can trigger secondary disasters such as landslides and collapses. Volcanic eruptions do not exacerbate climate droughts.	others	high	medium
1298	"The following statements are considered from the perspective of geographical principles, which one is incorrect: 

A. ""The water of the Yellow River comes from the heavens, rushing to the sea never to return.""

B. ""The sea changes into mulberry fields.""

C. ""Oranges grown south of the Huai River are oranges, but those grown north are trifoliate oranges.""

D. ""As firm as a rock."""	multiple_answer_choice	A, D	Atmospheric motion###Types and Main Components of the Water Cycle###The material cycle of the lithosphere###The integrity of the natural environment	"[Analysis] Due to the water cycle, the water from the Yellow River can also reform into river water through vapor transport, making option A incorrect. Rocks exposed at the surface might undergo weathering and erosion, gradually breaking down, making option D incorrect. Therefore, the answer is: AD. [Commentary] This question requires students to comprehend textbook knowledge and apply fundamental geographical principles. The universe is in motion, and its motion follows laws. Similarly, materials on Earth such as water, rocks, and the atmosphere circulate. Different geographical locations result in varying geographical environments, mainly reflected in natural and social environments.

3. Which statement about the lunar surface is correct?

A. The lunar surface does not have significant elevation differences, and the highest peaks are far lower than Mount Everest.

B. Due to volcanic activity on the moon, the number of craters is still increasing.

C. The ""seas"" on the moon are actually waterless lava plains.

D. The lunar surface is covered with"	others	high	hard
2122	"Our country has established two scientific research stations in Antarctica and joined the Antarctic Treaty. Which of the following statements are correct? (Choose two)

A. The Antarctic Treaty stipulates the main countries that can develop Antarctica.

B. The Antarctic Treaty stipulates that the development and utilization of Antarctica must be for peaceful purposes.

C. The purpose of Antarctic research is to study the original natural environment of Antarctica.

D. The purpose of Antarctic research is to expand space for storing radioactive waste, etc."	multiple_answer_choice	B,C	Maritime rights and interests	(Analysis) A. All countries in the world have the right to develop and utilize the Antarctic region; D. The purposes of Antarctic exploration include many aspects such as earth sciences, species, and climate, but obviously do not include the storage of radioactive waste; therefore, choose BC. (Commentary) Tests students' application abilities; through the study of ocean rights content, analyze the rights of scientific exploration in the Antarctic region.	others	high	medium
1599	"Since the 1960s, the Ruhr area has undertaken targeted comprehensive restructuring. The following measure pertains to adjusting the economic structure: ( )

A. Developing financial services and industrial tourism  
B. Reducing the number of coal and steel enterprises

C. Strictly controlling the discharge of wastewater and exhaust gas  
D. Planting trees and grass, expanding the green space within the area"	multiple_answer_choice	A, B	Traditional industrial area###The Rise, Fall, and Rehabilitation of the Ruhr Area	(Analysis) Developing financial services and industrial tourism, reducing the number of coal and steel enterprises, fall under economic restructuring. Strictly controlling wastewater and exhaust emissions belongs to environmental management, while planting trees and grass, expanding green areas within the region, belong to beautifying the environment. Therefore, the answer is: AB. (Review) Management measures: optimizing the industrial structure, adjusting industrial layout, developing transportation technology, energy conservation and emission reduction, eliminating pollution, and beautifying the environment.	others	high	medium
467	"Agricultural production is closely related to the geographical environment. The reasonable combination is: 

A. Sichuan Basin ------ Large Pasture Grazing Industry

B. Ningxia Plain ------ Irrigation Agriculture

C. Middle and Lower Yangtze River Plain ------ Rice Cultivation Industry

D. Poyang Lake Plain ------ Oasis Agriculture"	multiple_answer_choice	B, C	Concept, Characteristics, and Classification of Agriculture###An agricultural region type primarily based on crop farming.###Agricultural region type primarily based on livestock farming	[Analysis] The Sichuan Basin, Middle and Lower Yangtze River Plain, and Poyang Lake Plain are all located in China's subtropical monsoon climate zone, characterized by hot and rainy summers, simultaneous rain and heat, and high labor intensity. The main agricultural type is rice farming. The Ningxia Plain region is arid with little precipitation but benefits from irrigation via the Yellow River, facilitating the development of irrigated agriculture. Therefore, the answer is BC.	others	high	medium
1414	"The correct statements are (multiple choice):

A. The age of seafloor rocks is very young, generally not exceeding 200 million years.

B. The age of seafloor rocks is symmetrically distributed with the mid-ocean ridge as the axis, gradually aging from the mid-ocean ridge towards both sides."	multiple_answer_choice	A, B	The distribution of submarine topography###Formation of Seabed Topography	"(Analysis) A: According to the seafloor spreading theory, the age of seafloor rocks is generally no more than 200 million years; B: The age of seafloor rocks is symmetrically distributed with the mid-ocean ridge as the axis, and ages from new to old moving away from the ridge; C: Trenches are zones where oceanic crust disappears; D: Mid-ocean ridges are zones where oceanic crust grows, so options A and B are correct.
(Comment) This examines the formation of seafloor topography; seafloor spreading theory explains the reasons for the formation of seafloor topography."	others	high	hard
1909	"The following four regions are matched reasonably with their agricultural development directions (     )

A. Northeast Plain------Reclaiming marshlands B. Southeast Hills------Developing tea and fruit orchards

C. North China Plain------Developing rice cultivation D. Hengduan Mountains------Developing vertical agriculture"	multiple_answer_choice	B,D	The impact of landforms on agricultural production###Adaptation to local conditions and regional development	[Analysis] The Northeast Plain, especially the Sanjiang Plain, has many wetlands. However, wetlands have significant ecological effects, and during development, they have been largely destroyed. Therefore, it is not advisable to further develop wetlands in the Northeast Plain. Statement A is incorrect. The Southeast Hills run in a northeast-southwest direction, with many river valleys and basins between the hills and low mountains. Due to the predominance of red soil, it is suitable for developing economic forest agriculture. Statement B is correct. The North China Plain is in a temperate monsoon climate zone with relatively low rainfall, and local production and living water use make it a typical water-scarce region in China, unsuitable for rice cultivation. Statement C is incorrect. The terrain of the Hengduan Mountains is complex, with vertical climate zones ranging from tropical at the base to subalpine at higher elevations, displaying marked vertical stratification. Due to the significant vertical climate changes in the high mountain and canyon areas	others	high	medium
2141	"On December 3, 2015, the Ministerial Conference of the Forum on China-Africa Cooperation was held in Pretoria, South Africa. The theme of this summit was ""China and Africa: Progressing Together for Win-Win Cooperation and Common Development."" At the opening ceremony, President Xi Jinping systematically presented new concepts, policies, and proposals for developing China-Africa relations, and announced a series of important initiatives for China-Africa cooperation in the coming period. The main industrial sectors involved in China-Africa cooperation and development are:

A. Infrastructure Construction  
B. Agricultural Modernization  

C. Medical Assistance  
D. Education and Training"	multiple_answer_choice	A, B	Regional coordinated development	"(Explanation) In the development of China-Africa cooperation, China assists African countries in improving their infrastructure and agricultural production levels. Therefore, the main industry sectors involved are infrastructure construction and agricultural modernization, A and B are correct. The cooperation between both sides is mainly in the economic area, although there is medical aid and educational training, they do not play a primary role, C and D are incorrect.
(Commentary) This question aims to examine the conditions for regional cooperation, the main advantages, and the main fields of cooperation."	others	high	medium
