index	question	category	answer	knowledge	analysis	year	grade_level	difficulty_level
162	The layout principles for city-level commercial centers are: mostly located in the ( ) of large city centers, at the crossroads of important urban transport lines, and near ( ) and ports.	fill_in_the_blank	Pedestrian flow; cargo flow	Business Centers and Their Formation	"(Explanation) [Analysis] This question mainly examines the knowledge related to the hierarchy of commercial centers and residents' lives.  
(Commentary) This question mainly tests the knowledge of the hierarchy of commercial centers and residents' lives. When addressing this question, it is important to closely apply the learned knowledge and carefully conduct analysis.

27. Environmental management imposes different constraints on different subjects. For individuals, it cultivates the concept of __; for enterprises, it implements __; for governments, it strictly restricts __ and reviews environmental impact assessments of regional development and policies."	others	high	medium
1489	"""The waterfall plunges three thousand feet, as if the Milky Way is falling from the sky"" describes the beautiful scenery of \_\_\_, which is located in \_\_\_ Province."	fill_in_the_blank	Lushan Waterfall; Jiangxi	The connotation and characteristics of tourism resources	"【Analysis】 According to the knowledge learned, the verse ""Flying streams straight down three thousand feet, it seems to be the Milky Way falling from the ninth heaven"" is named ""Gazing at the Lushan Waterfall,"" describing the Lushan Waterfall located in Jiangxi Province. 

[Commentary] When the strong pressure and tension generated by tectonic movements exceed the rock's bearing capacity, the rock mass breaks. After the rock mass breaks, if there is significant displacement along the fracture surface on both sides of the rock mass, a fault is formed. If the fault's displacement is mainly horizontal movement, it will disrupt the existing landforms or generate several landforms near the fault, like the East African Rift Valley. If the fault’s displacement is mainly vertical movement, the relatively descending rock mass forms valleys or depressions, while the relatively ascending rock mass develops into ridges or highlands, such as Jiangxi's Lushan, Shandong's Taishan, and Shaan"	others	high	medium
255	The land of five seas and three continents in West Asia. Connecting the Indian Ocean, ( ) Ocean, linking the continents of Asia, Europe, and Africa, situated between the Arabian Sea, Red Sea, Mediterranean Sea, ( ) Sea, ( ) Sea (Lake), along with the ( ) Canal and Turkish Straits controlling the key maritime passages.	fill_in_the_blank	Atlantic; Black; Caspian; Suez	Asia###Middle East###Africa	"[Analysis] [Explanation] Solution: Based on the map analysis, it can be concluded that Western Asia, known as the region of the five seas and three continents, connects the Indian Ocean and the Atlantic Ocean, linking the continents of Asia, Europe, and Africa. It is located between the Arabian Sea, Red Sea, Mediterranean Sea, Black Sea, and the Caspian Sea (an inland lake). The Suez Canal and the Turkish Straits also control maritime transportation passages.

[Commentary] The main reason for the hot and dry climate of Western Asia and North Africa is the influence of the subtropical high pressure or trade wind belt, which causes prevailing descending air currents, leading to scarce annual rainfall and a hot and dry tropical desert climate.

Location of Western Asia and North Africa: (1) Latitude: This region is between 20°N and 40°N, with the Tropic of Cancer passing through its southern part, and the majority lies south of 30°N"	others	high	easy
332	In the image, the area suitable for constructing a high-end residential district is ( ). Please explain the reason ( ).	fill_in_the_blank	①; Located on the city outskirts, close to green spaces, with good environmental quality; positioned upwind of prevailing winds, ensuring good air quality.	Urban spatial structure model###Urban spatial form and change	"(Analysis) [Commentary] High-end residential areas are typically located in regions with beautiful environments, good air quality, a rich cultural atmosphere, and convenient transportation.

45. From the diagram, it is evident that location ① is near a green area with a beautiful environment; it is situated upwind of prevailing winds and is not affected by industrial pollution, thus having good air quality. It is close to a road, providing convenient transportation, and adjacent to an educational and cultural district, which offers a rich cultural atmosphere. Therefore, location ① is most suitable for building a high-end residential area."	others	high	medium
365	Characteristics of urban waste: \ul{    }; \ul{    }; \ul{    }.	fill_in_the_blank	Large quantity; wide variety; significant changes.	Solid Waste Pollution and Its Hazards	"【Analysis】 Urban waste is characterized by its large quantity, diverse types, and significant variability. 

【Commentary】 This question primarily examines the characteristics of urban waste, focusing on aspects such as quantity, variety, and updating cycle.

27. Among human activities such as building reservoirs, reclaiming lakes for farmland, destroying vegetation in watersheds, and clearing steep slopes in upstream mountainous areas, those that can induce or exacerbate floods include \ul{     }, \ul{     }, and \ul{     }."	others	high	medium
742	Natural tourism resources can be divided into _____ categories, _____ categories, _____ categories, _____ categories, and _____ categories.	fill_in_the_blank	Geomorphological landscape; meteorological climate; aquatic scenery; biological landscape; universe	Types of Tourism Resources	"Analysis: Natural tourism resources, also known as natural landscapes, can be divided into geological landscapes, water scenery, biological landscapes, and meteorological and climatic landscapes.

Comment: Natural tourism resources refer to any natural landscapes formed by various geographical environments or biological organisms that can evoke aesthetic appreciation or interest. These mainly include geological and geomorphological landscapes, combinations of mountains and water, biological landscapes, climate, and other natural landscape combinations.

32. Fill in the blanks below with the corresponding numbers from the image: 

Space resources ______; Mineral resources ______; Solar energy resources ______; Space debris ______; Space exploration ______."	others	high	medium
368	"The Connotation of Environmental Security Issues

(1) Environmental Security

① Meaning: Environmental security, also known as ( ), refers to the state where the destruction and threats to the natural environment remain within a range that the environment or socio-economy can bear.

② Two Perspectives

From a natural perspective: Environmental security means that the natural environment and its ( ) are in good condition or have not suffered irreparable damage.

From a human social perspective: Environmental security means that the ( ) of environmental issues and the cost of solving these issues do not severely impact ( ) development.

(2) Environmental Security Issues

When the severity of environmental problems exceeds a certain ( ), they become environmental security issues."	fill_in_the_blank	Ecological safety; service capacity; degree of hazard; socio-economic; threshold	Service functions of the natural environment and their sustainable use###The interrelationship between humans and the environment###Overview of Environmental Issues	"(Analysis) (1) Environmental security, also known as ecological security, refers to the extent to which threats and damage to the natural environment can be kept within acceptable limits. Protecting the stability and health of ecosystems is crucial for the sustainable development of the socio-economy. Ecological security involves protecting biodiversity, maintaining ecological balance, preventing environmental pollution, and avoiding overexploitation of resources to ensure sustainable environmental development and human well-being. From a natural perspective: Environmental security means that the natural environment and its service capacity are in good condition or have not suffered irreparable damage. From a human society perspective: Environmental security means that the severity of environmental problems and the costs of addressing them do not significantly hinder socio-economic development. Environmental security requires solving environmental problems without severely impacting socio-economic growth. Addressing and solving environmental problems need to consider economic costs, social impact, and other factors to achieve coordinated development between environmental protection and socio-economics.

(2) When the severity of environmental problems exceeds a"	others	high	medium
461	"Fill in the countermeasures for the problems in water resources listed in the table below.

\begin{longtable}[]{@{}
  >{\raggedright\arraybackslash}p{(\linewidth - 2\tabcolsep) * \real{0.4928}}
  >{\raggedright\arraybackslash}p{(\linewidth - 2\tabcolsep) * \real{0.5072}}@{}}
\toprule\noalign{}
\endhead
\bottomrule\noalign{}
\endlastfoot
\begin{minipage}[t]{\linewidth}\raggedright
\begin{quote}
\textbf{Cause}
\end{quote}
\end{minipage} & \begin{minipage}[t]{\linewidth}\raggedright
\begin{quote}
\textbf{Countermeasure}
\end{quote}
\end{minipage} \\
\"	fill_in_the_blank	Inter-basin water transfer; construct reservoirs; control population growth, conserve water, improve water resource utilization; protect water sources; manage water pollution, recycle use.	Overview of Water Resources###Rational utilization of water resources###Resource Issues and Their Causes	"(Analysis) (Examination) Gap 1: Uneven spatial distribution of water resources requires inter-basin water transfer, as is the case with China's South-to-North Water Diversion Project;

Gap 2: Uneven temporal distribution of water resources necessitates the construction of reservoirs to store water and prevent flooding in wet seasons, and release water for irrigation in dry seasons;

Gap 3: Due to rapid population growth and expansion of industrial and agricultural production, the demand for water resources increases, requiring measures to control population growth, conserve water in industrial and agricultural use, and enhance water resource utilization to reduce waste;

Gap 4: Severe water pollution necessitates the protection of water resources, especially the safeguarding of water sources, as well as addressing water pollution and recycling.

(Commentary) As a country with critically scarce water resources, China's per capita amount is only 1/4 of the world average. Overall, the spatial and temporal distribution of water resources is uneven, the per capita amount is"	others	high	medium
669	Living environment refers to the habitat of humans, including both ( ) factors and ( ) factors.	fill_in_the_blank	natural; artificial	Urban and rural living environment	"(Analysis) This question primarily tests the knowledge related to the human living environment in the concept of the unity of heaven and humanity.  
(Commentary) This question mainly examines the knowledge of the human living environment in the concept of the unity of heaven and humanity. When answering this question, it is essential to closely connect it with the learned knowledge and conduct a careful analysis.

78. \ul{    } is the ""foundation"" for making maps and is the main mathematical element of maps."	others	high	medium
1899	Basic elements of modern tourism: \_\_\_, with \_\_\_ being the core.	fill_in_the_blank	Eat, stay, travel, tour, shop, entertain; tour	Basic Elements of Tourism###The significance of tourism for regional development	"[Analysis] This question focuses on testing students' understanding of the formation of tourism resources and their grasp of the basic elements of modern tourism resources, with the emphasis still placed on travel.

[Comment] Students should pay attention to mastering the basic knowledge and distinguishing the different characteristics of the six elements.

27. Manifestations of environmental issues: ____, ____, ____, global environmental change."	others	high	medium
754	The basic ideas of sustainable development mainly include: ______; ______; ______.	fill_in_the_blank	Encourage economic growth; ensure sustainable use of resources and a good ecological environment; seek comprehensive social progress.	The concept, connotation, principles, and approaches of sustainable development	"[Analysis] The basic concepts of sustainable development mainly include: economic sustainability, which encourages economic growth; social sustainability, which seeks overall social progress; and ecological sustainability, which ensures the sustainable use of resources and a good ecological environment.
[Comment] This question primarily examines the basic ideas of the sustainable development concept, generally explained from economic, social, and ecological perspectives, and the answers can be found directly in textbooks.

2. The significance of modern tourism for regional development is: \ul{　 　}, \ul{　 　}, and \ul{　 　}."	others	high	hard
859	China's tourism resources are very abundant. According to predictions by the World Tourism Organization, by 2020, China will become the world's largest tourist destination and the fourth largest source of outbound tourists.	fill_in_the_blank	Big; four	China's transportation, commerce, and tourism industries	"Analysis: Currently, China has become one of the most attractive tourist destinations for international travelers. According to predictions by the World Tourism Organization, by 2020, China will become the world's largest tourist destination country. With economic development, there are more travelers, and by 2020, China is expected to become the world’s fourth-largest source of outbound tourists.

Commentary: Tourism resources refer to attractions and locations with tourism development value. These mainly include cultural and historical sites, buildings, inscriptions, and revolutionary relics as humanistic tourism resources, as well as natural resources such as mountains, bodies of water, and trees. China has become one of the most attractive tourist destinations for international travelers."	others	high	medium
861	Tourism planning is the reasonable development of the tourism industry through \ul{　 　} and \ul{　 　} to meet various needs of tourists such as food, accommodation, transportation, sightseeing, shopping, and entertainment.	fill_in_the_blank	Tourism resource development; attraction construction	Tourism Planning	"Analysis: The main content of tourism planning includes two aspects. First, it involves the development of tourism resources based on the current state of resources. Second, it involves the construction of tourist attractions, including infrastructure, service facilities, and more. The ultimate goal is to meet the diverse needs of tourists, such as food, accommodation, transportation, sightseeing, shopping, and entertainment.

Comment: Tourism planning relies on the tourism resources and internal and external conditions of the planning area to optimize the configuration of tourism industry elements and scientifically plan for the future development of the tourism industry.

42. \ul{　 　} is an important component of GIS and is the soul and essence of the GIS system."	others	high	medium
1487	3S technology includes \_\_\_\_\_ , \_\_\_\_\_ , \_\_\_\_\_.	fill_in_the_blank	GIS; RS; GPS	3S Technology Integrated Application	"[Analysis] This question mainly examines the application knowledge of 3S technology. 3S technology provides new observational methods, description language, and cognitive tools for scientific research, government management, and social production. The combined application of 3S technologies leverages their strengths and compensates for their weaknesses, establishing a natural development trend. The interaction among the three forms a ""one brain, two eyes"" framework, whereby RS (Remote Sensing) and GPS provide or update regional information and spatial positioning to GIS (Geographic Information Systems), which then conducts spatial analysis to extract useful information from the vast data provided by RS and GPS. This information is comprehensively integrated to serve as a scientific basis for decision-making. The integration of GIS, RS, and GPS creates a holistic, real-time, and dynamic system for ground observation, analysis, and application, enhancing GIS application efficiency. The development of 3S integration technology has formed a comprehensive and complete Earth observation system, enhancing human capacity to understand the"	others	high	medium
1642	According to water storage space, the largest body of water on Earth is the ( ), the largest freshwater body is the ( ), and about two-thirds of this freshwater is stored in the ( ) and ( ) regions.	fill_in_the_blank	Ocean; glacier water; Antarctica; Arctic	Composition of the hydrosphere	"[Analysis] The main component of the hydrosphere is the Earth's oceans, which cover about 71% of the global surface. As a result, the majority of Earth's water is saline, with freshwater making up only 3% of the total global water volume. Two-thirds of this freshwater is stored in the massive glaciers of the Antarctic and Arctic regions.

[Commentary] The hydrosphere refers to a nearly continuous but irregular layer formed by liquid, gas, and solid water on and below the Earth's surface. The upper boundary of water in the hydrosphere can reach the top of the atmospheric troposphere, while the lower boundary extends to the limit of deep groundwater. It includes atmospheric water vapor, surface water, soil moisture, groundwater, and water within living organisms. Most of the water in the hydrosphere is stored in liquid form in oceans, rivers, lakes, reservoirs, swamps, and soil; some water exists in solid form in extensive polar ice caps, glaciers,"	others	high	easy
2453	The aesthetic forms (aesthetic characteristics) of tourism landscapes are generally divided into \_\_\_ and \_\_\_.	fill_in_the_blank	Natural beauty; artificial beauty	Evaluation of Conditions for Tourism Resource Development	"Tourism landscapes are a combination of individual tourism resources, suitable for tourist appreciation. Aesthetically, tourism landscapes can generally be divided into two categories: natural beauty and artificial beauty. Natural beauty refers to natural objects or phenomena in nature that present an aesthetic state under different conditions; artificial beauty refers to the aesthetic state presented by things that attract tourism activities and reflect the material and spiritual civilization created by humans throughout history.

Evaluation of tourism resource development conditions:

1. Tourism value: resource quality, regional combination, clustering
2. Transportation accessibility
3. Market distance
4. Regional reception capacity
5. Environmental carrying capacity"	others	high	easy
