index	question	category	answer	knowledge	analysis	year	grade_level	difficulty_level
469	At the stage of agricultural civilization, the quantity and quality of land became important factors affecting human survival and development.	true_false	True	The impact of natural resources on human activities###The interrelationship between humans and the environment	[Analysis] During the agricultural civilization stage, humans primarily relied on cultivated land to obtain means of subsistence. The quantity and quality of land became important factors influencing human survival and development.	others	high	medium
342	In March 2011, the earthquake in Japan triggered a tsunami and nuclear leakage, indicating that natural disasters are certainly interconnected.	true_false	False	Main Types and Characteristics of Natural Disasters	"[Analysis] This question primarily tests knowledge related to the characteristics of natural disasters in China. It examines natural disasters, which are mainly divided into meteorological disasters (such as typhoons, floods, droughts, sandstorms, cold waves) and geological disasters (such as earthquakes, volcanoes, landslides, tsunamis). Many natural disasters have ""one cause leading to multiple effects,"" ""multiple causes leading to one effect,"" and ""mutual causality"" relationships, forming the interconnectedness of natural disasters. However, earthquake-induced nuclear leakage events are not considered part of the interconnectedness of natural disasters. Therefore, the statement in this question is incorrect. 

[Comment] This question tests knowledge of the characteristics of natural disasters in China. When answering this question, it's important to carefully analyze and judge based on previously learned knowledge."	others	high	medium
349	With the socio-economic development, the demand for natural resources like coal and oil by humans continues to decrease.	true_false	False	The impact of natural resources on human activities	With the development of the socio-economic landscape, the demand for natural resources such as coal and oil may increase. However, as the depth and scope of human resource utilization continue to expand, and the proportion of new clean energy increases, the demand for coal and oil might decrease. The statement in the question is incorrect, hence it is wrong.	others	high	medium
2079	The seasonal movement of pressure belts and wind belts is the main cause of the formation of the East Asian monsoon.	true_false	False	Monsoon circulation	"(Analysis) The main reason for the formation of the East Asian monsoon is the thermal property differences between land and sea.

Therefore, the answer is: Incorrect.
(Comment) The key factor for the formation of the East Asian monsoon is the thermal property differences between land and sea, not the movement of pressure belts and wind belts."	others	high	medium
647	Architectural styles in cities are influenced by the cultural characteristics of their regions.	true_false	True	The Influence of Regional Culture on Urban and Rural Landscapes	(Analysis) Urban architecture best reflects regional cultural characteristics, with different urban architectural styles showcasing diverse regional cultural features. Hence the answer: Correct. (Commentary) This question examines the impact of regional culture on cities. It tests basic knowledge and is of low difficulty. 53.	others	high	medium
194	Due to its developed economy, Europe has been a destination for migration from all continents since the late 15th century.	true_false	False	International Population Migration and Its Characteristics	"Analysis: During the 15th to 16th centuries, European colonial expansion led to the migration of more than 70 million Europeans to countries and regions primarily in the Americas and Oceania, marking this period as one of population emigration. Therefore, the statement is incorrect.

Commentary on the impacts of population migration:

1. On the places of emigration:
   - Advantages: Strengthened economic, technological, ideological, and cultural connections with external societies; alleviated population pressure; eased local human-environment conflicts; positively influenced economic development, increased economic income, and protected the ecological environment.
   - Disadvantages: Resulted in brain drain.

2. On the places of immigration:
   - Advantages: Compensated for labor shortages, provided cheap labor, saved education and training costs, facilitated the development of natural resources, and stimulated economic growth.
   - Disadvantages: Triggered racial conflicts, affected social order, and imposed significant pressure on the natural and ecological environment, as well"	others	high	medium
485	Changing the economic development model is an important way to address environmental problems because the essence of environmental issues is development issues.	true_false	True	The main environmental issues facing humanity	The essence of environmental issues is fundamentally a development issue. Environmental problems arise during the development process and require continuous development to resolve them. Therefore, transforming the economic development model is an important approach to solving environmental problems.	others	high	medium
1588	Inappropriate irrigation measures in the northwest region of our country may lead to secondary salinization of the soil.	true_false	True	The Emergence of Contemporary Environmental Issues and Their Characteristics	"(Analysis) Inappropriate irrigation measures in the northwest region of China cause groundwater to rise and surface salt to accumulate, which may lead to secondary soil salinization.

Thus, the answer is: Correct.

(Comment) This mainly examines the environmental issues caused by the unreasonable use of water resources in agricultural production in the northwest region of China."	others	high	medium
815	The major onshore natural gas reserves in China are concentrated in Xinjiang, Qinghai, Sichuan-Chongqing, and Ordos in Shaanxi-Gansu-Ningxia.	true_false	True	China's natural resources	"(Analysis) [Analysis] The main distribution of onshore natural gas in China is concentrated in Xinjiang, Qinghai, Sichuan-Chongqing, and Ordos in Shaanxi-Gansu-Ningxia. The statement in the question is correct.

Therefore, the answer is: Correct.

(Commentary) It mainly examines the distribution areas of natural gas in China's energy resources."	others	high	medium
1454	A low natural growth rate population growth model is modern.	true_false	False	Population growth patterns and distribution	(Analysis) In the population growth models, the primitive type is high-high-low, the traditional type is high-low-high, and the modern type is low-low-low. Therefore, a low natural growth rate population growth model could be either primitive or modern, indicating that this statement is incorrect.	others	high	medium
350	Floods and droughts are the most common and widespread natural disasters in our country.	true_false	True	Flood disaster###Drought disaster###Cold wave disaster	"Analysis: China's climate is strongly continental with a significant monsoon influence. There is considerable seasonal and interannual variation in precipitation across the country, making droughts and floods common. These often occur as either dry and wet extremes at different times in the same region or simultaneously in different regions. For example, in the eastern monsoon area, a strong summer monsoon leads to flooding in the north and drought in the south, while a weak summer monsoon results in southern flooding and northern drought. Within a year, northern regions often experience spring droughts and summer floods, while the middle and lower reaches of the Yangtze River frequently face spring and summer floods and summer droughts. Hence, floods and droughts are the most common and widespread natural disasters in China. This statement is correct.

Commentary: Meteorological disasters affecting China include droughts and floods (spring droughts in North China, summer droughts in the Yangtze region), heavy rain, typhoons, cold waves, sand"	others	high	medium
1897	The common characteristic of mixed farming and commercial grain farming is a high commodity rate.	true_false	True	An agricultural region type primarily based on crop farming.###Mixed farming	[Analysis] This question examines the main types of agricultural regions in the world.	others	high	medium
439	In the development and utilization of resources, regional ecological environment protection must be prioritized.	true_false	True	Ecological Civilization and Its Construction###Environmental management	"(Resource Analysis) The development and utilization of resources must not come at the expense of the ecological environment; therefore, great emphasis must be placed on regional ecological environmental protection.
(Review) This mainly examines the relationship between regional resource development and ecological environmental protection."	others	high	medium
486	The Qinling-Huai River line roughly coincides with the 0-degree isotherm of January temperature and the 800-millimeter precipitation line in China, becoming an important dividing line between the northern and southern regions within the eastern monsoon area.	true_false	True	Southern regions of China###Northern regions of China	The boundary line between the northern and southern regions in the eastern monsoon area of China is the Qinling Mountains-Huai River. This is because this line roughly coincides with the January 0-degree Celsius isotherm and the 800-millimeter precipitation isohyet in China.	others	high	medium
493	The higher the city level, the more comprehensive the functions and the larger the service area.	true_false	True	City classification###Central Place Theory	"[Analysis] This question examines the urban system. The relationship between city hierarchy, number of cities, and service area is: the higher the city level, the fewer there are, the more types of services they provide, and the larger the service area. Therefore, this statement is correct. 

[Review] This question is low difficulty; as long as students grasp the basic content of central place theory and can judge the relationship between the central place's level, service area, and types of services, they can solve it."	others	high	medium
648	Digital Earth refers to the digitization of the Earth, a technological system that manages all Earth's information digitally through computer networks.	true_false	True	Digital Earth	"(Explanation) Digital Earth is a virtual earth system based on earth coordinates, featuring massive multi-resolution data and multi-dimensional displays. Digital Earth refers to a digitized version of the earth, a technological system where all information about the earth is digitized and managed through computer networks.

(Comment) The role of Digital Earth.

54."	others	high	medium
1590	The phenomenon of industrial transfer reflects the characteristic of regional openness.	true_false	True	Characteristics of the region	"(Analysis) Openness refers to the certain connections between natural elements in different regions, as well as between natural elements and socio-economic elements. Industrial transfer is a form of regional connection. Therefore, the statement is correct.

(Commentary) Regional characteristics include integrity, variability, openness, stratification, and variability. Integrity refers to the interactions and influences between geographical elements within a region, forming a unified whole. Variability indicates that differences are ubiquitous between regions and also exist within a region. Openness refers to the certain connections between natural elements in different regions, as well as between natural elements and socio-economic elements. Industrial transfer is a form of regional connection. Stratification refers to the hierarchical nature of regions. Variability first refers to the ambiguity of regional boundaries. Secondly, the same surface space can yield different regional schemes based on the research purpose, perspective, and indicators. Finally, changes over time in the division of natural regions can also result in the shifting of geographical boundaries."	others	high	medium
855	Social factors are the dominant cause of differentiation in residential areas within cities.	true_false	True	Urban Layout and Coordinated Development	(Analysis) The dominant factor in the differentiation of residential areas in urban settings is income. Income pertains to social distribution, making it a social factor.	others	high	medium
927	The impact of regional geographical environments at different stages of development on human production and lifestyles changes significantly.	true_false	True	Stage of regional development	(Analysis) The influence of regional geographic environments on human production and lifestyle varies across different stages of development. (Comment) A geographic environment refers to the geographic location of a certain society and the collection of related natural conditions. Within a geographic environment, one part can affect another, and changes in one part can influence changes in another part. In the global natural complexes of various sizes and levels, the development and changes of any element or part are constrained by the whole.	others	high	easy
1268	Industrial clusters with input-output connections can save transportation costs and reduce production costs.	true_false	True	The importance and main methods of regional connections in production activities.	(Analysis) Industrial clusters with input-output connections can shorten transportation distances, save freight costs, reduce energy consumption, and lower production costs. Therefore, the answer is: correct. (Commentary) Industrial clusters can fully utilize infrastructure and public services, enhance communication and cooperation among parties, reduce transportation costs, lower energy consumption, decrease production costs, increase profits, and achieve economies of scale.	others	high	easy
1544	Generally speaking, transportation methods in mountainous areas are relatively limited, and the density of commercial outlets is relatively low.	true_false	True	The impact of landforms on transportation	"(Analysis) In mountainous areas, due to terrain changes affecting the landscape, the investment in infrastructure construction is significant. As a result, the modes of transportation are relatively limited, there are fewer transportation routes, and the density of commercial outlets is also relatively low.

Therefore, the answer is: Correct.

(Commentary) This mainly examines the impact of terrain on the layout of commercial outlets and transportation."	others	high	medium
1552	In mountainous areas, people typically prioritize building lower-cost, less challenging railways first, followed by roads.	true_false	False	The impact of mountains on transportation	"(Analysis) In mountainous areas, people typically prioritize building roads, which have lower costs and are less challenging, while railway construction is more difficult and costly. Therefore, roads are built first, followed by railways. This statement is incorrect.
(Commentary) Examining the impact of terrain on transportation."	others	high	medium
1622	The natural conditions in Northeast China are favorable for the development of various agricultural productions.	true_false	True	Agricultural development in the Northeast region	"Analysis: The natural conditions in northeastern China are favorable, with various landforms such as mountains, plains, and plateaus, predominantly featuring a temperate monsoon climate. Land use types include grassland primarily in the western plateau, forestland in the mountainous areas, and cultivated land in the plains, allowing for the development of diverse agricultural production. This statement is correct.

Therefore, the answer is: Correct

Commentary: This question evaluates the locational conditions for regional agricultural production, focusing on regional geographical characteristics. Familiarity with the region's natural geographical features is sufficient to answer. The difficulty is relatively low.

8."	others	high	easy
1831	The distribution of renewable resources is uneven, while the distribution of non-renewable resources is even.	true_false	False	Rational development and utilization of non-renewable resources###Rational use and protection of renewable resources	The distribution of renewable and non-renewable resources is uneven, and this uneven distribution is a common characteristic of natural resources.	others	high	easy
1879	Developing high-tech industries is the only option for resource-depleted cities to transform and upgrade.	true_false	False	Traditional industrial area	"(Analysis) The direction for transformation and upgrading of resource-depleted cities can be diverse, and developing high-tech industries is not the only option for such cities. 

(Commentary) High-tech industries are based on advanced technology and consist of companies engaged in the research, development, production, and technical services of one or more high-tech products. The key technologies in this industry are often challenging to develop, but once successfully developed, they typically yield higher-than-average economic and social benefits."	others	high	medium
2402	The islands in the South China Sea all belong to Hainan Province. (    )	true_false	False	The national maritime context and maritime development strategy of our country.###China's Territory, Administrative Divisions, and Ethnic Groups	[Analysis] The statement that the Dongsha Islands of the Nansha (South China Sea) Islands belong to Guangdong Province is incorrect. [Comment] The Nansha Islands are the southernmost territory of China, collectively referring to many islands, reefs, sands, and shoals in the South China Sea. They extend from Beibi Shoal in the north, to Vanguard Bank in the west, Zengmu Reef in the south, and Scarborough Shoal in the east. They consist of over 250 islands and reefs including the Dongsha Islands, Xisha Islands, Zhongsha Islands, and Nansha Islands. The Dongsha Islands are administered by Guangdong Province, while the others fall under the jurisdiction of Hainan Province. The Nansha Islands are located on the strategic maritime route between the Pacific and Indian Oceans, serving as the fastest sea route from East Asia to the Middle East, South Asia, Africa, and Europe, and also act as China's maritime defense outpost.	others	high	easy
2450	A tsunami is a natural disaster, and its level of harm is unrelated to human activities.	true_false	False	Marine Disasters and Prevention	(Analysis) A tsunami is a natural disaster, but its severity is related to human activities; unreasonable human activities can increase its frequency and intensity. The statement in this question is incorrect. Thus, the answer is: incorrect. (Comment) This question examines the human-nature relationship. Reasonable economic activities by humans can harmonize this relationship, while unreasonable economic activities can increase the frequency and intensity of natural disasters.	others	high	easy
2525	Italy's new industry has a unique development model characterized by industrial districts concentrated with high-tech companies.	true_false	False	New Industrial Zone	"(Analysis) Italy's new industrial districts have a unique development model characterized by industrial zones concentrated with small and medium-sized enterprises.

Therefore, the answer is: False.

(Commentary) This examines the types of industrial districts. Italy represents an emerging industrial type, but not a high-tech industrial district."	others	high	easy
