index	question	category	answer	knowledge	analysis	year	grade_level	difficulty_level
3450	"Select the correct layer style: ( ) can add highlight and shadow effects to a layer, with contour and texture options.  
A. Drop Shadow Style  
B. Bevel and Emboss Style  
C. Stroke Style  
D. Pattern Overlay Style"	multiple_answer_choice	B	Layers and Basic Operations on Layers	"[Answer] Option A: Projection layer styles can add shadow effects to a layer, giving the image a three-dimensional feel. Option B: Inner and outer bevels create bevel effects on the inner and outer edges of the layer content, and embossing is the effect between the upper and lower layers. In the Bevel and Emboss styles, there are two options: Contour and Texture. Option C: Stroke outlines the outer contours of an image or text with a specified color, making the outline of the image or text more prominent. Option D: Pattern Overlay style fills the selected image or text with a pattern built into Photoshop. Therefore, the answer is B. 

[Analysis] This question tests the layer style options in Photoshop. Photoshop layer styles include various effects such as blending options, drop shadow, inner shadow, outer glow, inner glow, satin, bevel and emboss, color overlay, gradient overlay, pattern overlay, and stroke."	2018	high	hard
3447	"The following tools can help us quickly scan text from a book into a computer and convert it into editable text ( ):
A. Scanner and OCR B. Voice recognition system
C. Baidu Translate Online D. Fingerprint recognition system"	multiple_answer_choice	A	Applications of Artificial Intelligence	[Answer] To quickly scan text from a book into a computer, a scanner is required. To convert images into editable text, Optical Character Recognition (OCR) must be used. Therefore, the answer is A. [Analysis] This question examines the applications of artificial intelligence. The main applications of artificial intelligence technology include: pattern recognition (such as OCR, handwriting recognition, speech recognition, etc.); machine translation, with common translation software including Kingsoft Kuaiji, YiXing, Universal Translator, etc.; and other applications such as problem-solving, intelligent databases, intelligent robots, computer games, automatic program design, automatic theorem proving, intelligent agents, and more.	others	high	hard
3444	"Which of the following four numbers is equal to the decimal number 125?  
A. (1111011) in binary  
B. (1111101) in binary  
C. (7E) in hexadecimal  
D. (7F) in hexadecimal"	multiple_answer_choice	B	Base and Number System Conversion	nan	others	high	hard
3456	"In the following events, which one does not belong to information resource management?  
A. Regularly organizing and updating the home phone directory  
B. Organizing personal computer files, storing different types of files in different folders  
C. Traveling and sightseeing in many places  
D. Organizing the browser favorites according to personal preferences"	multiple_answer_choice	C	The concept and purpose of information resource management	[Answer] Information resource management accompanies the entire process of information activities such as acquisition, processing, storage, and dissemination of information. Visiting many places for sightseeing does not involve resource management. Therefore, the answer is C. [Analysis] This question examines the application of information resource management. Information resource management involves the management of resources such as information, information technology, information equipment, and information personnel.	others	high	hard
3440	"The correct statement about the application and protocols of computer networks is:

B. The browser can interpret and execute HTML code."	multiple_answer_choice	B	Network Protocol###Retrieval of online resources	"Explanation: Option A: How email works - The email system generally operates through two protocols: the Simple Mail Transfer Protocol (SMTP), which is responsible for delivering emails from the sender to the recipient's mail server, and the Post Office Protocol 3 (POP3), which is responsible for delivering emails from the server to the local computer. Therefore, the SMTP protocol cannot directly send emails to the recipient's computer. Option B: Browsers can interpret and execute HTML code. Option C: When searching for information using a search engine, reducing the number of keywords actually increases the amount of information found. Option D: Browsers send and receive web page information through the Hypertext Transfer Protocol (HTTP), not the File Transfer Protocol (FTP). Therefore, the correct answer is B.

Analysis: This question tests knowledge of network protocols and their functions, browsers, and information search."	2020	high	hard
6182	"The following can affect the overall operating speed of a computer: ( ).
A. Size of the monitor B. Word length of the CPU
C. Size of the computer case D. Size of the memory capacity"	multiple_answer_choice	B, D	Computer attributes and performance indicators	nan	2021	high	medium
2725	"The incorrect statement about the following information is (   ).  
A. The Python programming language is also a form of information  
B. Liking a post on WeChat Moments is also a way of evaluating information  
C. Information must follow certain rules during transmission  
D. Processing relevant data to establish interconnections between data thus forming information"	multiple_answer_choice	A	Transmission and dissemination of information###Evaluation of Internet Information Resources###The relationship between data, information, knowledge, and wisdom	nan	others	high	medium
495	"The following is the core part of the hardware system in a multimedia computer system (   ).
A. Host
B. Basic Input/Output Devices
C. Audio Card
D. Video Card"	multiple_answer_choice	B	Components of a Multimedia Computer System	Answer: A: The main unit is the core component of a computer system, including the motherboard, CPU, memory, hard drive, etc., responsible for controlling the operation of the entire computer system and supporting various applications. B: Basic input/output devices include keyboards, mice, monitors, etc., which are the main channels for information exchange between the computer system and the user, but are not considered core components of the hardware system in multimedia computer systems. C: An audio card is an important component in a multimedia computer system for processing sound data, capable of converting analog signals to digital signals and playing them through speakers or headphones. D: A video card is a core component in a multimedia computer system for processing image and video data, responsible for decoding, processing, and outputting image signals. Therefore, the answer is B. Analysis: This question examines the hardware system in multimedia computer systems and requires an understanding of the structure and functional characteristics of multimedia computer systems.	others	high	easy
6193	"The website logo is the first step in establishing the overall style of a website. What are the general principles for its design? (     ).
A. Choose people or objects closely related to the website theme
B. Appropriately select items or symbols representative of the profession
C. Skillfully use the Chinese or English name of your website as the logo
D. The logo should be as complex as possible, with a multitude of meanings"	multiple_answer_choice	A, B, C	Web page layout design	nan	others	high	medium
3452	"To travel to the Forbidden City in the north, after arriving at Beijing Station, one needs to choose the best route and mode of transportation to the Forbidden City. The quickest and most reliable method is:
A. Check the Beijing Forbidden City travel guide on a tourism platform
B. Ask on Zhihu ""Best route from Beijing Railway Station to the Forbidden City""
C. Use the ""Baidu Maps"" app on a mobile phone to determine the best route and mode of transportation
D. Buy a map of Beijing to determine the best route and mode of transportation"	multiple_answer_choice	C	Stages and Methods of Information Acquisition	nan	others	high	hard
604	"Xiao Wang plans to create a website for the class. The following are the main processes of webpage creation, in the correct order: (     ).
⑴ Create the webpage ⑵ Plan the website ⑶ Debug and publish ⑷ Collect and organize materials
A. ⑵⑶⑷⑴ B. ⑵⑷⑴⑶ C. ⑵⑴⑶⑷ D. ⑵⑷⑶⑴"	multiple_answer_choice	B	General Steps for Website Development	nan	2020	high	easy
3451	"Xiaoxin wants to build a ""safety production workshop noise control system"" using Python to store data from various collection points in an SQLite database. The following code implements the functions of opening, writing, and closing the database file.

① conn=sqlite3.connect(""test.db"")
② cur=conn.cursor()
③ import sqlite3
④ conn.close()
⑤ cur.close()
⑥ cur.execute(""INSERT INTO data(id,collData) VALUES(%d,%f)"" % (id, colldata))

The order of execution for the above statements is (    )

A. ③①②⑥⑤④ B. ③②①⑥⑤④
C. ③①②⑥④⑤ D. ③②①⑥④⑤"	multiple_answer_choice	A	Program accesses database	nan	2023	high	hard
3443	"When Xiaowang uses a browser to visit webpages, the speed is always slow. Which of the following situations will not cause this phenomenon?  
A. Slow internet speed, resulting in low webpage transmission efficiency  
B. Security vulnerabilities in the system, causing slow system response  
C. Computer virus infection, leading to low system operation efficiency  
D. Weak computer hard drive performance, causing slow data reading and writing"	multiple_answer_choice	B	Information system security risk	nan	2023	high	hard
3453	"Sensors are widely used in our daily life, and rice cookers and thermometers both utilize (    ).  
A. Temperature sensor B. Photosensitive sensor C. Humidity sensor D. Pressure sensor"	multiple_answer_choice	A	Types and Functions of Sensors	"[Answer] Both the rice cooker and the thermometer involve temperature detection and are equipped with temperature sensors. Therefore, the answer is: A.  
[Analysis] This question examines the classification and application of sensors. A photoelectric sensor is a device that responds to or converts external light signals or radiation. A pressure sensor is a device or apparatus that can sense pressure signals and convert them into usable electrical signals according to a certain rule."	2022	high	hard
4792	"The following are part of the preliminary preparation process for building an information system:  
A. Requirements Analysis → Feasibility Analysis → Hardware Selection → System Test Design → Detailed Design  
B. Requirements Analysis → Feasibility Analysis → Development Model Selection → Outline Design → Detailed Design  
C. Data Collection and Input → Program Design → Hardware Selection → Detailed Design → Data Query Design  
D. Data Collection and Input → Data Storage → Data Transmission → Data Processing → Data Query Design"	multiple_answer_choice	B	Preparations for Building an Information System	[Answer] The question involves the basic process of system construction, which mainly includes: requirements analysis, feasibility analysis, selection of development model, high-level design, detailed design, etc. Therefore, the answer is B. [Analysis] This question assesses the preliminary preparation for building an information system.	others	high	easy
