index	question	category	answer	knowledge	analysis	year	grade_level	difficulty_level
1314	"In Excel 2010, to rename a worksheet, the methods are:  
A. Click the worksheet tab to be renamed, type the new name, then press Enter  
B. Double-click the worksheet tab to be renamed, type the new name, then press Enter  
C. Click the worksheet tab to be renamed, select ""Home"" → ""Cells"" → ""Format"" → ""Rename Sheet"", then type the new name  
D. Right-click the worksheet tab, use the ""Rename"" command from the shortcut menu

The correct methods are: ( ), ( ), ( )"	fill_in_the_blank	B, C, D	Basic Operations of Table Data	nan	2021	high	medium
3488	"Design a student management information system database using Access software. The ""Student Table"" needs to store data as shown in the figure, where the first four digits of the student ID represent the year of admission.

Student ID | Name | Gender | Year of Birth | Place of Residence | Registration Date | Boarding
--- | --- | --- | --- | --- | --- | ---
201802001 | Zhang Li | Male | 2003 | Jianggan District, Hangzhou | 2018/8/31 | Yes
201901001 | Li Hong | Female | 2004 | Xihu District, Hangzhou | 2019/9/1 | No
... | ... | ... | ... | ... | ... | ...

The following statements about this student management information system are incorrect (    )
A. The order of fields in the ""Student Table"" may be different from the order of columns in the figure.
B. The field type for student ID data in the ""Student Table"""	fill_in_the_blank	B	Concepts of tables, fields, and records	"Answer: Option A: The order of fields in a data table can be adjusted; Option B: From the statement ""the first 4 digits of the student number indicate the year of admission,"" it is known that the field type for the student number cannot be set as ""AutoNumber""; Option C: A database management system can access data in the ""student table"" and also allows editing fields and records in the data table; Option D: The number of fields in each record (row) of a data table is equal, and the data attributes (type) within the same field (column) are the same. In summary, Option B is incorrect. Therefore, option B is chosen.

Analysis: This question tests the management of database information. Each column in a data table is referred to as a field. The main field data types provided by Access include: Text, Number, Date/Time, Currency, AutoNumber, Yes/No, etc. AutoNumber is a unique sequential number ("	2020	high	hard
1169	"To optimize the storage space of English strings, it is now stipulated: replace consecutive ascending segments in the string (where the ASCII value increment between adjacent characters is 1) with a character and a number. For example, the input string ``abcmnk'' is compressed to ``a3m2k1''. The implementation of the above functionality in Python is as follows:

```python
s = input(""Please enter a string: "")
n = len(s)
flag = False
ans = """"
c = 1
for i in range(0, n-1):
    if ( ):  # (1)
        ans += s[i]
        flag = True
        c += 1
    elif ord(s[i]) + 1 != ord(s[i+1]):
        ans += str(c)
        flag = False
        c = 1
    else:
        c += 1
if ( ):  # (2)
    ans += str(c)
else:
```
Fill in the blanks (1) and (2) with ( ):
- if (1): ( )
- if (2): ( )"	fill_in_the_blank	ord(s[i]) + 1 == ord(s[i+1]); flag	Branch structure statements and program implementation###Loop structure statements and program implementation	nan	2023	high	hard
3487	"When we usually access the Baidu website, we enter its domain name www.baidu.com in the browser's address bar, but on the internet, computers actually access its server through Baidu's IP address. In this process, which ( ) is responsible for translating the domain name into an IP address?  
A. Router B. DNS server C. Switch D. Modem"	fill_in_the_blank	B. DNS server	Information carriers, communication lines, and connecting devices in the network	"[Answer] A DNS server is primarily used for domain name resolution, which means translating hostnames into IP addresses. During a user's access to the Baidu website, the DNS server translates the domain name into an IP address. Hence, the answer is B.

[Analysis] This question examines the functions and roles of various hardware devices involved in network connections. A router is a critical device for inter-network connections, with each port capable of connecting to a network. The primary function of a router is to find the best transmission path for each data packet passing through it and to efficiently deliver the data to the destination site. A switch has the capability of automatic addressing and data exchange. Information received from the source port is processed internally and forwarded to the designated port. Devices connected to the same switch are within the same network. A modem, short for Modulator-Demodulator, is an electronic device that performs the modulation and demodulation functions necessary for communication. On the sending end, it modulates"	2022	high	hard
560	"The webpage made by student Li Hong contains the following code:  
<link href=""mystyle.css"" rel=stylesheet type=""text/css"">  
This indicates that she used a ( ) in the webpage.  
A. Inline stylesheet B. Client-side script  
C. External stylesheet D. Server-side script"	fill_in_the_blank	C	Planning and design of multimedia works	"[Analysis] This sentence means that an external CSS style link is introduced in the HTML file. The ""type"" specifies that it is a CSS type, and ""href"" refers to the link's address. This CSS file is called ""style"" and is located in the ""css"" folder. Therefore, the answer to this question is C.

[Comment] This question mainly tests the related knowledge of webpage code, specifically the three ways to define styles in HTML: external style sheets, internal style sheets, and inline styles. It is considered a difficult application-type question."	others	high	hard
1168	"Using bubble sort, an array 'a' with 5 elements, namely 88, 110, 48, 64, 35, is sorted. If the result after one pass is 35, 88, 110, 48, 64, then the result after the next pass is (   )
A. 35, 88, 110, 48, 64 B. 35, 48, 110, 88, 64
C. 35, 48, 88, 110, 64 D. 35, 48, 64, 88, 110"	fill_in_the_blank	C	Sorting algorithms and program implementation	"[Solution] From the meaning of the question, it is understood that this algorithm moves smaller numbers to the side with lower array index values, which means sorting in ascending order. Therefore, while using the bubble sort method, the next round of comparison process is as follows: first compare 64 and 48, no change needed, then compare 48 and 110 and swap them, next compare 48 and 88 and swap them, and finally compare 48 and 35 (comparison isn't done in the program) with no swap needed. After two swaps, the order is: 35, 48, 88, 110, 64. Thus the answer is option C.

[Analysis] This question tests the algorithm of using bubble sort for sorting. When using bubble sort, the outer loop is controlled by i, representing the number of comparison rounds, and the inner loop is controlled by j, representing the number of comparisons per round. After completing one round of comparisons, the maximum"	others	high	hard
3477	"The correct statement is (　　)
A. Search engines can be divided into full-text search engines and directory index search engines based on their working method.
B. Search engines can be divided into directory index search engines and classified search engines based on their working method.
C. Full-text search method is also called classified search.
D. The method of using directory index search engines is called ""keyword search""."	fill_in_the_blank	A	Retrieval of online resources	nan	others	high	hard
1894	Regarding this app, the correct statement is: ( ).	fill_in_the_blank	B	Information and its characteristics###Information literacy, internet ethics, and laws and regulations###System software, application software, and their functions.	nan	2020	high	medium
1183	"To ensure information security, data must be transmitted in encrypted form, where the sender converts plaintext to ciphertext (encryption) and the receiver converts ciphertext back to plaintext (decryption). A known encryption rule is: plaintext a, b, c, d corresponds to ciphertext 2a+b, 2b+c, c+5d, 2d. For example, plaintext 1, 2, 3, 4 corresponds to ciphertext 4, 7, 23, 8. When the receiver receives ciphertext 7, 13, 38, 14, the decrypted plaintext is ( ).  
A. 27, 64, 108, 24 B. 64, 27, 108, 24  
C. 1, 3, 5, 7 D. 1, 5, 3, 7"	fill_in_the_blank	1, 5, 3, 7	Encryption and decryption algorithms	[Solution] Based on the problem, the plaintext a, b, c, d corresponds to the ciphertext 2a+b, 2b+c, c+5d, 2d. Thus, the following equations can be set up: 2a + b = m1; 2b + c = m2; c + 5d = m3; 2d = m4, where m1, m2, m3, m4 are the four values in the ciphertext. Solving the system of equations will yield the plaintext values for a, b, c, d, thus decrypting the message. Solving the equations gives: a = (m1 - b) / 2; b = (m2 - c) / 2; d = m4 / 2; c = m3 - 5d. Substituting the received ciphertext 7, 13, 38, 14 into these formulas gives: a	2022	high	hard
3941	"In EXCEL, the following statements are correct:  
A. The number of worksheets included when creating a new workbook can be set by the user. ( )  
B. Numbers exceeding 11 digits are automatically displayed in scientific notation. ( )  
C. Data must be sorted before performing a subtotal. ( )  
D. Blank cells are sorted at the end in EXCEL. ( )"	fill_in_the_blank	True; True; True; True	Workbook, Worksheet, and Cell###Processing and calculation of tabular data	nan	2021	high	medium
3481	"The VB expression that evaluates to False is ( )  
C. Mid(""1234"", 3, 2) > ""234"""	fill_in_the_blank	C	Operators, Basic Operations, and Expressions###Common standard functions	nan	2021	high	hard
3492	"Which of the following statements about networks and browsers is correct?  
A. A browser can edit and execute web page files.  
B. HTML is a computer language that can be used for web page programming.  
C. In the IE browser, saving a web page as a ""text file (*.txt)"" type can save the hyperlink addresses in the web page.  
D. Hyperlinks can only achieve navigation between different web pages.  
The correct answer is ( )."	fill_in_the_blank	B	Types of Internet Resources, Downloading and Saving###Browser###Web Markup Language and Basic Components###Web page interaction design	nan	2021	high	hard
4497	"We often need to encode the objects we process, using a code symbol to represent a piece of information or a string of data. The following statement is incorrect (   ):
A. In the maritime light signal system, light signals are a form of information encoding.
B. Vehicle license plate numbers and resident ID numbers are forms of data encoding.
C. ASCII code is an encoding composed of 8-bit binary numbers.
D. QR codes are not a form of data encoding."	fill_in_the_blank	D	Character encoding###Barcode, QR code	"Answer: In the maritime signal light system, signal lights are a form of information encoding; vehicle license plates and resident ID numbers are forms of data encoding; the ASCH code is composed of 8-bit binary numbers; QR codes are a form of data encoding. Therefore, the answer is D. 

Analysis: This question examines information encoding."	2020	high	medium
567	"Material 1: Relevant national departments have conducted statistical analysis based on student physical health data to fully understand the health status and trends of students. They have formulated the ""National Student Physical Health Standards,"" within which the normal Body Mass Index (BMI) for first-year high school boys is 16.5 to 23.2.

Material 2: The Body Mass Index (BMI) is an important marker commonly used internationally to measure the degree of obesity in the human body. Its calculation formula is: BMI = weight (kg) / height (m)^2.

Material 3: Wang Ming has written a Python program (main code segment as shown in the figure) to calculate the BMI value based on input weight and height and display whether it exceeds the standard. Wang Ming weighs ( ) kg and is ( ) cm tall.

1. In Material 1, the ""National Student Physical Health Standards"" states ""the normal BMI for first-year high school boys is ( ) to ( )."	fill_in_the_blank	80; 170; 16.5; 23.2	Control structure of algorithms###Operators, Basic Operations, and Expressions###Constants, variables, and variable assignment.###Definition and Characteristics of Data, Knowledge, and Wisdom###Common standard functions	"Answer: (1) ""The normal body mass index for high school boys is 16.5 to 23.2"" is derived from statistical analysis, meaningful, and falls under information. Therefore, the answer is: B.  
(2) Knowledge is the skills and summarized rules humans acquire in educational practice. The calculation formula for body mass index (BMI) belongs to knowledge. Therefore, the answer is: C.  
(3) Applying learned knowledge to assess developments in things belongs to wisdom. Therefore, the answer is: D.  
(4) Data is the symbolic representation of objective things, such as graphics, numbers, letters, etc. Therefore, the answer is: A.  
(5) Option A: Transformation from data to information mainly involves understanding the interconnections between data; Option B: Transformation from information to knowledge mainly involves understanding the interconnections between information, discovering, and abstracting its rules; Option C: Transformation from knowledge to wisdom mainly involves understanding and applying"	2021	high	hard
453	"The correct statement among the following is ( ):
A. Programs written in machine language have the poorest readability.
B. Programs written in assembly language have the highest computational efficiency of all languages.
C. Programs written in languages like Python, C, and VB can be directly executed by the computer.
D. Assembly language is close to mathematical language and human natural language, making it the easiest for people to understand."	fill_in_the_blank	A	Computer language	nan	others	high	medium
2433	Which of the following statements about the above algorithm is correct? ( )	fill_in_the_blank	A	The basic concepts and characteristics of algorithms###Common representation methods of algorithms###Control structure of algorithms	nan	2021	high	medium
6123	"Which of the following statements about computer viruses is correct?  
A. Antivirus software can detect and remove all computer viruses.  
B. Computer viruses only infect executable files.  
C. Computer viruses mainly spread through portable storage or networks.  
D. One of the characteristics of computer viruses is immunity.  
The correct statement is ( )."	fill_in_the_blank	C	Virus and its prevention and treatment	nan	2020	high	medium
708	"Choose the incorrect description of image processing software functions: 

A. Using Photoshop, you can create a fading effect by adjusting the opacity of the image.  
B. Using Photoshop, you can crop an elliptical image from the original image with the elliptical selection tool.  
C. Images can be rotated using both Paint and Photoshop.  
D. The free-form selection tool in the Paint program can be used to crop an elliptical image from the original image.  
Answer: ( )"	fill_in_the_blank	D	Multimedia authoring tool	nan	others	high	medium
221	Translation between Chinese and English belongs to the transformation of ( ).	fill_in_the_blank	information	The concept of information processing and handling	"[Answer] Chinese-English bidirectional translation involves information processing. Fill in this question: Processing.
[Analysis] This question examines information processing. Information processing technology describes, classifies, sorts, transforms, condenses, expands, and innovates information. Chinese-English bidirectional translation is an information transformation."	others	high	medium
1313	"The correct statements are:  
A. From the birth of the first computer to today, computer development has gone through ( ) generations.  
C. Using computers to create advertising graphics, architectural drawings, and fashion design styles is called ( ).  
D. Computers have already been used in many fields such as ( )."	fill_in_the_blank	four; computer-aided design (CAD); postal services, banking, and transportation	The development of computers###Functions and Features of a Computer	nan	others	high	medium
175	"People's opinions on Microsoft's ""black screen"" incident are mixed. Which of the following statements are correct?  
A. Users should cultivate a correct awareness of intellectual property rights and consciously resist piracy.  
B. It serves as a wake-up call for us to develop our own domestic software to avoid being controlled by others.  
C. Information technology also brings issues like invasion of privacy and information security.  
D. The ""black screen"" is not a crash, and the device can still be used after being cracked.

Correct statements are: ( ), ( ), ( )."	fill_in_the_blank	A; B; C	Impact and Proper Use of Information Technology###Information literacy, internet ethics, and laws and regulations	nan	others	high	medium
4599	"The following statements about information and information technology are incorrect (    ):
A. The representation, storage, and dissemination of information must rely on a medium; information without a medium does not exist.
B. People can use information technology to convert information from one form to another.
C. The ability to forward files from QQ to WeChat suggests that the expression of information does not need to be standardized.
D. Weather data from a specific day last week is usually not useful for planning tomorrow's travel, indicating that information has timeliness."	fill_in_the_blank	C	Information and its characteristics###Information Expression Requirements	[Answer] Files in QQ can be forwarded to WeChat, indicating that the expression of information is standardized. Therefore, the answer is C. [Analysis] This question mainly examines the characteristics of information and its expression. Information characteristics include dependency on a carrier, timeliness, shareability, processability, authenticity, and value.	2021	high	medium
2497	"The Python program code is as follows:

```python
sfz = input(""Please enter your ID number: "")
year = int(sfz[6:10])
month = ( )
day = int(sfz[12:14])
print(""Your date of birth is"", year, ""year"", month, ""month"", day, ""day!"")
```

After running the program and entering ""33018320050907002X"", the output is: Your date of birth is 2005 year 9 month 7 day!, so the code in the blank should be ( )."	fill_in_the_blank	`int(sfz[10:12])`; `int(sfz[10:12])`	Sequential Structure and Program Implementation	nan	2021	high	medium
6474	"In the following applications, which ones reflect the use of artificial intelligence technology?  
① A software that recognizes photos of flowers taken by users and returns information such as flower species.  
② The auto-correct function in Word software automatically corrects the typed ""cpoy"" to ""copy.""  
③ A mobile app converts voice messages to text.  
④ A sound card converts analog signals to digital signals.  
⑤ The robot AlphaGo plays a game of Go against a master.  
Answer: ( ).

A. ①②⑤ B. ①③⑤ C. ①③④ D. ②③⑤"	fill_in_the_blank	B	Applications of Artificial Intelligence###Speech recognition	"Answer: ① A software that identifies the type of flower from photos taken by users and returns information like the flower species falls under image recognition in artificial intelligence; ② Word software is not artificial intelligence software, and its auto-correct feature does not belong to artificial intelligence; ③ Converting voice information into text is part of speech recognition in artificial intelligence; ④ A sound card converting analog signals to digital signals is not artificial intelligence; ⑤ The AlphaGo robot playing Go against a master is a typical application of artificial intelligence. Therefore, the answer is B. 

Analysis: This question examines the scope of artificial intelligence technology. Artificial intelligence is a branch of computer science that attempts to understand the nature of intelligence and produce new intelligent machines that respond in ways similar to human intelligence. Research in this field includes: robotics, speech recognition, image recognition, natural language processing, and expert systems, among others."	others	high	medium
2496	The International Telecommunication Union defines the Internet of Things as a network that connects any object to the internet through information sensing devices such as ( ) devices, radio frequency identification devices, infrared sensors, global positioning systems, and laser scanners. This is done according to agreed ( ) to facilitate the intelligent recognition, positioning, tracking, monitoring, and management of these objects.	fill_in_the_blank	QR code; protocol	The Internet of Things and Its Development History	nan	others	high	medium
1795	Python uses the symbol ( ) to indicate comments.	fill_in_the_blank	#	Sentence comments and indentation	nan	others	high	easy
7694	In computers, sign-magnitude and two's complement are two common methods of representing numbers. The sign-magnitude representation adds a sign bit (i.e., the highest bit is the sign bit) before the number: for positive numbers, that bit is 0, and for negative numbers, it is 1, with the remaining bits representing the magnitude. In two's complement representation, the two's complement of a positive integer is the same as its sign-magnitude, while for a negative integer, the two's complement is obtained by inverting all bits of its sign-magnitude except the sign bit (changing 0 to 1 and 1 to 0, keeping the sign bit as 1) and then adding 1. If a byte is used to represent, the two's complement of the decimal number -72 is ( ).	fill_in_the_blank	10111000	Original code, one's complement, and two's complement	nan	others	high	medium
3066	"The home keys for typing on a keyboard are ( ).  
A. A S D F K J L  
B. Z X C V B N M  
C. A S D F H J K L  
D. A S D F J K L"	fill_in_the_blank	D	The use of mouse and keyboard in documents###Computer hardware and its functions	nan	2022	high	medium
5483	Jiang Luguang is a beginner who wants to compile his old photos and recent digital photos (already stored on the computer) into an electronic photo album with his own commentary. He currently has only one computer. What additional equipment does he need to achieve this function? ( ) and ( ).	fill_in_the_blank	B; A	Collection of image materials###Collection of audio materials	nan	2022	high	medium
2347	"To make a video about the school sports day opening ceremony, the ways to obtain video materials are ( ).  
① Capture segments from a sports day opening ceremony VCD made by others using Super Decode software;  
② Download relevant video clips from the school's online resource library;  
③ Use a digital camera to take pictures and create video clips through video editing software;  
④ Use a video camera to film on-site and capture video files through a video capture card, saving them to the computer;  
A. ① B. ①② C. ①②③ D. ①②③④  
The correct choice is ( )."	fill_in_the_blank	D	Video footage collection	"Answer: ① Capture segments from another's VCD using SuperAVConverter, ② Download related video segments from the internet, ③ Use video editing software to create a video from pictures taken with a digital camera, ④ Use a camcorder for live shooting and obtain video files through a video capture card. Therefore, the answer is D.  
Analysis: This question examines the methods of obtaining video content."	2020	high	easy
2147	"The following options are functions of the ""fill handle"":  
A. Copy cells  
B. Fill series  
C. Fill format only  
D. Fill without format  
Options that are functions of the ""fill handle"" are ( ), ( ), ( ), and ( )."	fill_in_the_blank	A, B, C, D	Menu bar, toolbar functions	nan	2021	high	medium
3076	Among the following software, the one suitable for writing research study reports is (    ) A. Photoshop B. Word C. Flash D. Storm Video Player	fill_in_the_blank	B	The main purpose of information processing	"[Answer] Option A: Photoshop is an image editing software; Option B: Word is a text processing software; Option C: Flash is an animation processing software; Option D: Storm Media Player is a video playback software. Writing a research study report requires text processing, so the answer is B.
[Analysis] This question primarily tests the role of word processing software and the understanding of commonly used software."	2017	high	medium
3931	"To ensure tables created in FrontPage or Dreamweaver have invisible borders when viewed, incorrect operations include (____)
A. Set cell spacing to 0 B. Set cell padding to 0
C. Set the table border thickness to 0 D. Set both table width and height to 0"	fill_in_the_blank	A, B, D	Forms and Their Applications	nan	others	high	medium
82	"The correct statement about streaming media is ( ).  
A. Streaming media can be downloaded and played simultaneously on the internet  
B. Streaming media does not include online video  
C. Streaming media cannot be played in arbitrary segments  
D. Streaming media includes multimedia"	fill_in_the_blank	A	The concept of streaming media technology	nan	2021	high	easy
2445	"The following effect does not use dynamic web technology ( ):  
(A) User login authentication  
(B) Real-time data updates  
(C) Constantly changing GIF animation in the webpage  
(D) Interactive form submission  
Current answer: C"	fill_in_the_blank	C	Dynamic web pages and static web pages	"[Answer] The text that continuously moves in the browser status bar; a new window that automatically pops up when opening a website; automatically updating dates on a webpage, all use dynamic webpage technology. The GIF animation that constantly changes on the webpage does not use dynamic webpage technology but is an uploaded animated image. Therefore, the correct answer is C.

[Analysis] This question mainly tests dynamic webpage technology."	2020	high	medium
4845	"When Xiaoming entered the campus, the automatic temperature measuring device showed ""36.4℃"", and when he went through it after school, it showed ""36.7℃"". The correct statement is ( ).  
A. The different data of Xiaoming’s two temperature readings indicate that information has authenticity and falsity.  
B. The process of the automatic temperature measuring device collecting Xiaoming's body temperature reflects that information can be transmitted and shared.  
C. The automatic temperature measuring device will automatically sound an alarm when it detects a student's temperature is too high, which involves artificial intelligence technology.  
D. The process by which the automatic temperature measuring device obtains the temperature through a sensor and displays it on the monitor is a process of analog-to-digital conversion."	fill_in_the_blank	D	Information and its characteristics###Concept and Role of Digitization###Sensor technology, control technology, and functionality	"[Answer] Option A: Human body temperature is dynamic, and differing temperature data cannot indicate the authenticity of information; Option B: Collecting body temperature is about obtaining information, not demonstrating the transmission and sharing of information; Option C: An automatic temperature measuring device sounding an alarm when detecting a student's high temperature involves control technology, not artificial intelligence technology; Option D: The process of an automatic temperature measuring device obtaining temperature through a sensor and displaying it on a screen is a process of analog-to-digital conversion. Therefore, the correct answer is D.

[Analysis] This question examines the characteristics of information, information technology, and the digitization of information. Characteristics of information include medium dependence, timeliness, shareability, processability, authenticity, and value. Information digitization means converting information into 0s and 1s, which a computer can directly process before using the computer to handle the information. It is also a method of information encoding."	2020	high	medium
