index	question	category	answer	knowledge	analysis	year	grade_level	difficulty_level
3471	The equivalent expression to the formula ``=(A1+A2+A3+A4)/4'' in a WPS spreadsheet is =AVERAGE(A1:A4).	true_false	False	Processing and calculation of tabular data	nan	2022	high	hard
2743	Xiao Ming can fully organize the digital resources from the 2021 China International Big Data Industry Expo using the provided incomplete table template.	true_false	False	The concept and purpose of information resource management###Elements and File Formats of Multimedia	nan	2021	high	medium
3459	A word cloud can only use font size to indicate the importance of keywords.	true_false	False	Processing and Visualization of Text Data	nan	others	high	hard
2191	"The expression ""a"" > ""b"" or 5 < 6 and 8 >= 2 is true."	true_false	False	Operators, Basic Operations, and Expressions	"[Answer] The precedence of operators is: *, >, >=, <, and, or. Thus, the value of the expression is false or true and true = true, so the answer is true. 

[Analysis] This question tests the precedence of operators and their calculation: Arithmetic operators > String operators > Relational operators > Logical operators.

Priority Level | Category | Operator  
1 | Exponentiation | ^  
2 | Negation | -  
3 | Multiplication | *  
3 | Division | /  
4 | Integral Division/Shift | \  
5 | Modulus | Mod  
6 | Addition | +  
6 | Subtraction | -  
7 | String Concatenation | & or +  
8 | Equality | =  
8 | Greater Than | >  
8 | Greater Than or Equal To | >=  
8 | Less Than | <  
8 | Less Than or Equal To | <=  
8 | Not Equal | <>  
8 | Same Object | Is  
8"	others	high	hard
3470	The Internet of Things will replace the Internet.	true_false	False	New Internet Technology###Applications and Impact of the Internet of Things###IP Address and Configuration	nan	2019	high	hard
2184	The code snippet correctly allows you to add, ship, and view orders, with the main condition using x != 4 to control the loop.	true_false	False	Common data types, arrays###Branch structure statements and program implementation###Loop structure statements and program implementation	nan	2021	high	hard
1298	Shapes drawn in Flash are bitmaps.	true_false	False	Concepts of Graphics and Images, Bitmaps and Vector Graphics###Concepts and basic operations of timeline, frames, layers, and library	nan	2022	high	medium
2192	The fox, following the rabbit's condition, will eventually find the rabbit after a finite number of attempts.	true_false	False	Debugging and running the program.###Operators, Basic Operations, and Expressions###Basic Data Structure	"[Answer] For the first blank, create a circular linked list. The previously created list is {[}{[}0,1{]},{[}0,2{]},...{[}0,9{]}}. Therefore, we need to add the last node and then connect to the head node. The correct answer is hone.append({[}0,0{]}) 

For the second blank, according to the problem, skip 1 hole the second time, skip 2 holes the third time, and so on. Hence, a variable is needed to store the number of holes to skip. However, since a linked list is used, no variable is necessary, just move the pointer 'k' a number of times. Moving once means skipping 1 hole, so the blank is k=hone{[}k{]}{[}1{]}. Therefore, the correct answer is k=hone{[}k{]}{[}1{]}"	2022	high	hard
2174	The main Chinese character encoding standard used in Taiwan is ASCII.	true_false	False	Others	"[Solution] Option A: ASCII is the American Standard Code for Information Interchange. Option B: GB2312-80 is a character set for the exchange of Chinese characters adopted in mainland China. Option C: Big-5 code is a traditional Chinese encoding scheme used in Taiwan and Hong Kong. Option D: BCD code (Binary-Coded Decimal) is also known as binary-coded decimal or BCD code. It uses 4-bit binary numbers to represent the ten decimal digits 0 through 9. It is a form of binary number encoding of decimal digits.  
The correct option for this question is C.  
[Analysis] This question examines Chinese character encoding. There are multiple types of Chinese character encoding, such as internal codes, location codes (GB2312-80), national standard codes, Pinyin codes, and glyph codes. However, there are two standard communication codes: GB2312-80 which is prevalent in mainland China and Singapore, and BIG-5 which is"	others	high	hard
3033	"The images Xiaoming took for the ""I Love My Class"" project required no further processing or editing to address defects."	true_false	False	Basic Processing of Image Materials	nan	2022	high	medium
1301	"By default, the file extension for PowerPoint 2010 documents is .pptx, and in PowerPoint 2010, the ""Rehearse Timings"" feature does not exist."	true_false	False	Application of slides###Slideshow presentation	nan	others	high	medium
3463	The larger the computer's hard drive capacity, the faster its operating speed.	true_false	False	Information Expression Methods and Expression Techniques###Information System Security Protection	"[Answer] Option A: The basic unit of data storage in a computer is a byte (Byte); Option B: The larger the hard drive capacity, the more content can be stored, but it is not directly related to the computer's operating speed; Option C: The prevention and treatment of computer viruses should involve prevention, detection, and antivirus measures, with an emphasis on proactive defense; Option D: Text, language, graphics, images, and body movements are common ways of expressing information. Therefore, the correct answer is C. 

[Analysis] This question mainly tests computer basics, information security, and expression of information."	2020	high	hard
367	Using computer networking technology to process settlements with banks is a data output function of the ETC system.	true_false	False	The composition and functions of information systems###RFID Technology and Its Applications	nan	2022	high	medium
3466	You can add records in the design view of the table in Access.	true_false	False	Editing of tables, fields, and records###Datasheet View and Design View	nan	2022	high	hard
3915	The unified arrangement and deployment by the medical supplies guarantee team is a role of big data in epidemic prevention and control.	true_false	False	The impact of big data on society	nan	2022	high	medium
3469	The online intelligent teaching platform can estimate students' learning outcomes using data analysis and prediction technology and generate comprehensive improvement plans.	true_false	False	Typical applications of big data	nan	2023	high	hard
2026	Icons on the desktop can be arranged by time.	true_false	False	Computer icon	nan	2021	high	easy
4827	A local area network typically has a slow response speed.	true_false	False	Classification of Computer Networks	nan	2022	high	medium
6466	Deleting, modifying, adding, or interfering with the functionality of a computer information system, causing it to malfunction, does not constitute the crime of sabotaging the function of a computer information system.	true_false	False	Information literacy, internet ethics, and laws and regulations	nan	2020	high	medium
3472	Voice-activated switches primarily apply computer technology.	true_false	False	The concept and key technologies of information technology	"[Answer] Information technology primarily includes sensing technology, computer technology, communication technology, automation technology, microelectronics technology, optoelectronics technology, optical fiber technology, artificial intelligence technology, among others. Sensing technology involves sensor technology that can perceive the surrounding environment or specific substances, such as gas sensing, light sensing, temperature and humidity sensing, sound sensing, etc., converting analog signals into digital signals for the central processor to process. A sound-controlled switch works by sensing sound through sensors to control the switch command. Therefore, the answer is option B.

[Analysis] This question examines the application of information technology. Computer technology mainly includes aspects such as computer system technology, computer device technology, computer component technology, and computer assembly technology. Multimedia technology specifically refers to computer application technology that handles graphics, images, audiovisuals, sound, and animation in computer programs. Communication technology generally refers to telecommunications, known internationally as telecommunication."	2019	high	hard
3458	The statement that purchasing cracked software is permissible if the genuine software is too expensive is a correct understanding of software copyright laws.	true_false	False	Intellectual property	nan	2022	high	hard
194	To access the website using the domain www.cqnews.net, the computer network must first convert its domain name into the corresponding IP address.	true_false	True	Domain Names and Their Management	nan	2022	high	medium
4879	"The command 'import web' is necessary for developing a ""Noise Detection System"" program using the Flask Web framework."	true_false	False	System documentation and writing	"[Solution] The problem requires using the Flask framework to write the system, and the system's data needs to be stored in a database. Therefore, the system needs to use the commands ``from * import Flask'' and ``import sqlite3'' to open external connection libraries for Flask and sqlite3. So the answer is B. 
[Analysis] This question tests program writing for information systems."	others	high	medium
1874	On a big data-based ride-hailing platform, the system immediately assigns the order and notifies nearby drivers, showing the driver's approximate location and estimated arrival time in real-time, illustrating the feature of big data known as Completeness.	true_false	False	The Concept and Characteristics of Big Data	nan	others	high	medium
3473	"The 48th ""Statistical Report on Internet Development in China"" indicates that online live streaming is closely integrated with daily activities, showcasing a new lifestyle and reflecting the characteristic of a Network Society."	true_false	False	The main characteristics of the information society	nan	2022	high	hard
3533	The software primarily used for spreadsheet data processing includes both Excel and SPSS.	true_false	False	System software, application software, and their functions.###Data processing and statistical analysis tools	"[Answer] Notepad, recorder, PowerPoint, and Word are not data processing software. Therefore, the answer is C.  
[Analysis] This question tests the understanding of data processing software."	others	high	medium
372	The print command can be used for drawing.	true_false	False	Common standard functions###Basic statements	nan	others	high	medium
3914	The problem is large enough in scale is a correct characteristic of problems that can be solved by the divide and conquer method.	true_false	False	The basic approach to big data processing	nan	2023	high	medium
3465	A 4-bit binary number can represent a maximum decimal number of 16.	true_false	False	Base and Number System Conversion###Character encoding###Data collection methods	"[Answer] Option A: There are 128 basic ASCII codes, encoded using the lower 7 bits of 1 byte; Option B: The maximum decimal number that can be represented by 4 binary digits is 15; Option C: Appending a '0' at the end of the binary number of a positive integer doubles the number; Option D: Web crawlers, sensors, and mobile apps are common data collection tools. Therefore, the answer is B.

[Analysis] This question tests computer information encoding and data collection. The basic ASCII code consists of 33 control characters, 10 Arabic numerals, 26 uppercase English letters, 26 lowercase English letters, and some punctuation marks and operators. Converting integer binary to decimal involves multiplying each binary digit by the power of 2 from right to left."	2021	high	hard
2318	"The domestic film ""Wolf Warrior 2"" reflects the integration trend in the development of information technology through its comprehensive use of video, audio, and subtitles."	true_false	False	Development trends of information technology###Stages and Methods of Information Acquisition###Elements and File Formats of Multimedia###Multimedia data acquisition and editing software	nan	2018	high	medium
2475	In the OSI environment, for communication between peer entities of different open systems, the (N) entity provides a capability to the adjacent upper layer (N+1) entity called an (N) function.	true_false	False	Network architecture	nan	2021	high	medium
2272	In PowerPoint, to set up the slide page, you should operate under the Design tab.	true_false	False	Slide page design	nan	2021	high	easy
39	Telephone networks and the internet converge towards consistency in network technology based on digitalization and mutual coverage in services.	true_false	False	The Origin and Development of the Internet	nan	2020	high	easy
44	VB has three working modes: design mode, run mode, and debug mode.	true_false	False	Programming tools and environments	nan	2021	high	easy
56	"The school programming club failed to include ""planning the functional modules (subsystems) included in the system,"" which should be placed between steps A and B in their system preparation."	true_false	False	The development process of information systems	nan	others	high	easy
206	"When creating a site with FrontPage, using the ""Single Page Site"" template includes two folders (""_private"" and ""images"") and an index.htm file."	true_false	True	Site and site folder	nan	others	high	medium
207	"Some hackers believe that ""it is when they discover vulnerabilities, only through hacking can they highlight security flaws."""	true_false	False	Information literacy, internet ethics, and laws and regulations###Vulnerabilities, Hackers, and Their Prevention and Control	"[Answer] If a vulnerability is discovered, you can inform the system administrator of the security flaw, but you must not hack into the system as hacking is illegal. Therefore, the answer is: False.   
[Analysis] This question examines network security and internet laws and regulations."	2020	high	medium
429	Given a download bandwidth of 8kbps, 60KB can be downloaded in one minute.	true_false	False	Bandwidth and network transmission rate	nan	2021	high	medium
4564	The extension for project files is `.vbproj`, the extension for form files is `.frm`, and the extension for standard module files is `.bas`.	true_false	False	Form files, project files, and their extensions	nan	2021	high	medium
1759	All presentations must contain text objects, visual objects, multimedia objects, and graphic objects on every slide.	true_false	False	Application of Media Materials	nan	2021	high	easy
1871	A department equipped with one manager and one manager manages one department represents a one-to-many relationship.	true_false	False	E-R Diagram and Entities with Attributes	"[Answer] Relationships between entity sets include: one-to-one, one-to-many, and many-to-many. If one department is assigned one manager, and one manager manages one department, then the relationship type between managers and departments is a one-to-one relationship. Therefore, the answer is C. \\
[Analysis] This question examines the relationships between entity sets in a relational database."	2018	high	medium
1879	To upload a created homepage to an internet website, an FTP upload software tool must be used.	true_false	False	Website launch	[Answer] Upload the prepared homepage to an internet website, but it's not necessary to use FTP upload tool software, thus option A is incorrect; options B, C, and D are correct regarding using the internet to publish information, so the answer is option A. [Analysis] This question mainly examines the requirements for publishing information on the internet. Methods of publishing information online include: publishing your own webpage, forum bulletin boards, email, instant messaging, network drives, online surveys, etc. Utilizing the internet to publish information can be done by sharing with network neighbors within a local area network, publishing through the internet, and even publishing within a network.	others	high	medium
2580	The English abbreviation ISP describes Internet Service Provider.	true_false	False	Internet management organizations and service organizations	nan	2020	high	easy
5882	The core of a database system is the database engine.	true_false	False	The composition and functions of database systems	nan	2021	high	easy
2985	The testing process after the initial completion of the system includes unit testing, integration testing, and system testing.	true_false	False	System testing	[Answer] System testing mainly includes software testing, hardware testing, and network testing. System testing is an important step before the release and usage of a system. Therefore, the answer is: software testing, hardware testing, network testing. [Analysis] This question examines the testing process of an information system.	others	high	easy
3145	In Powerpoint 2010, the master view includes Slide Master View, Handout Master View, and Slide Sorter View.	true_false	False	Presentation view modes	nan	others	high	medium
3397	The purpose of data processing is to transform information into useful data to meet user needs.	true_false	False	The relationship between data, information, knowledge, and wisdom###The general process of data processing	nan	2023	high	medium
3461	The most convenient and quickest method for Xiaojun to send a 20KB game software to his friends in another city under smooth internet conditions is to upload it to an FTP server that is easily accessible by both parties.	true_false	False	Information release	nan	2022	high	hard
5457	"The correct code to redirect the webpage to the ""/t1"" page upon a POST request is `return redirect('/t1')`."	true_false	False	Software and Development of Information Systems	"[Solution] Option A: The `render_template` function is used to render and display web templates, but the web templates must be stored in a specified directory, and the path cannot be specified in the `render_template` function. Option C: The `redirect` function is used for web page redirection, but its parameter is a route, not a view function. Option D: The `request` object is used for form data submission, not for web page redirection. Therefore, the answer is option B.

[Analysis] This question mainly examines the implementation of web page redirection and display in the Flask framework."	others	high	medium
5488	Video and audio files are represented in octal form within a computer.	fill_in_the_blank	False	The working principles of computers and mobile devices.	nan	others	high	medium
5994	"During the DingTalk online classroom teaching process, teachers use mind mapping software to conclude the class, summarizing and synthesizing the teaching content once again. This helps students clarify the knowledge framework and grasp key points. The DingTalk quiz card function is used to check each student's learning outcomes during the class, enabling more targeted and precise guidance. After class, students can use the ""video playback"" function to repeatedly watch the class recordings, meeting their learning needs and reflecting the personalized characteristics of digital learning."	fill_in_the_blank	True	Digital learning	nan	others	high	medium
1318	"By entering ""http://mail.yahoo.com.cn"" in the browser, we can send and receive emails. This method belongs to the B/S model."	fill_in_the_blank	True	Email, electronic bulletin boards, and other information exchange methods.###Web application model	nan	2022	high	medium
6217	Multimedia technology requires all media materials to be digitized.	fill_in_the_blank	True	The concept and characteristics of multimedia technology	[Answer] Multimedia technology is the technology that processes digital characters, audio, video, images, and other information; therefore, multimedia technology requires all media materials to be digitized. Hence, the correct answer is selected. [Analysis] This question mainly examines the knowledge of the concepts and characteristics of multimedia technology. Multimedia technology specifically refers to computer application technology for handling graphics, images, video, audio, and animations within computer programs. The goal of a computer multimedia technology program is to cultivate highly specialized talents with strong computer operating skills, proficient in designing and developing computer multimedia software, and in the design and production of interactive multimedia works.	others	high	medium
6009	"To simply find records where a specific field has a certain value, just enter the value in the ""Criteria"" column corresponding to that field. For complex searches, you can use expressions in the criteria, where operators can set the query range within the expression."	fill_in_the_blank	True	Query of system data	"[Answer] To find records where a specific field has a particular value, simply enter that value in the corresponding ""criteria"" field; for complex searches, you can use expressions and set the query range through operators in the criteria. Therefore, the answer is: correct.  
[Analysis] This question examines querying system data."	others	high	medium
1321	Due to the complexity of the system itself, there may still be differences in understanding between information system developers and system users regarding system requirements and workflow organization. This may result in risks of errors and losses in the design's standardization and rationality.	fill_in_the_blank	True	Development of Information Systems	nan	2023	high	medium
