index	question	category	A	B	C	D	answer	knowledge	analysis	year	grade_level	difficulty_level
1202	"Xiao Zhang used a tool to convert the ""Gaoshan Liushui.wav"" file into ""Gaoshan Liushui.mp3"", then used WinRAR to compress ""Gaoshan Liushui.mp3"" into ""Gaoshan Liushui.rar"". Which of the following statements is incorrect? "	single_answer_choice	"GoldWave software can be used to convert ""Gaoshan Liushui.wav"" to ""Gaoshan Liushui.mp3"""	"The conversion of ""Gaoshan Liushui.wav"" to ""Gaoshan Liushui.mp3"" uses lossless compression"	"The conversion of ""Gaoshan Liushui.wav"" to ""Gaoshan Liushui.mp3"" uses the MPEG Layer-3 encoding standard"	"No data will be lost during the compression of ""Gaoshan Liushui.mp3"" to ""Gaoshan Liushui.rar"""	B	Multimedia Data Compression Technology###Audio format conversion	"[Answer] Option A: GoldWave is a software that integrates sound editing, playback, recording, and conversion, so it can convert ""高山流水.wav"" to ""高山流水.mp3"", which is correct. Option B: MP3 is a type of lossy compressed audio file, so the statement that ""the file '高山流水.wav' was converted to '高山流水.mp3' using lossless compression"" is incorrect. Option C: To convert the file ""高山流水.wav"" to ""高山流水.mp3"", the file format needs to be converted to MP3 format, which requires using the MPEG Layer-3 encoding standard, so this option is correct. Option D: Compressing ""高山流水.mp3"" to ""高山流水.rar"" is file compression. Compressed files can be either reversible or irreversible; reversible compression does not result in data loss, while irreversible compression does. The compressed file in this question is reversible, so option D"	2017	high	hard
3496	In the ASCII code table, ASCII is arranged from smallest to largest code value, and the result is (     ). 	single_answer_choice	Numbers, uppercase English letters, lowercase English letters 	Numbers, lowercase English letters, uppercase English letters 	Uppercase English letters, lowercase English letters, numbers 	Lowercase English letters, uppercase English letters, numbers	A	Character encoding	"[Answer] Codes 48-57 represent the 10 Arabic numerals from 0 to 9, 65-90 represent the 26 uppercase English letters, and 97-122 represent the 26 lowercase English letters. In the ASCII table, they are ordered from smallest to largest as numerals, uppercase English letters, and lowercase English letters. Therefore, the answer is option A. 

[Analysis] This question examines character encoding. The basic ASCII code consists of 33 control characters, 10 Arabic numerals, 26 uppercase English letters, 26 lowercase English letters, and some punctuation marks and operators."	2021	high	hard
3500	The following statements about information encoding are correct (    ):	single_answer_choice	ASCII code is a single-byte encoding system with a total of 127 codes.	Common character encodings include ASCII, Unicode, GB2312, etc.	The EAN13 barcode commonly used in China consists of 13 digits, which are randomly generated.	Video encoding generally refers to compressing videos using specific compression technologies, with common formats including AVI, flv, mpeg, etc.	B	Character encoding###Audio, image, video encoding	nan	2022	high	hard
5022	When Teacher Li is reviewing students' essays (Word documents) and wants to add comments to the original document, the most appropriate method is (    )	single_answer_choice	"Use Word's ""Replace"" feature"	"Use Word's ""AutoCorrect"" feature"	"Use Word's ""Comment"" feature"	"Use Word's ""Track Changes"" feature"	C	Basic Text Editing	"Answer: Option A: Using the ""Replace"" function in Word can quickly correct a large number of identical errors in the text, but the original author cannot see the changes made; this option does not align with the question's intention. Option B: The ""AutoCorrect"" function in Word can correct some incorrect English words but cannot add comments. Option C: Using the ""Comment"" function in Word to plan modifications allows for adding red marks and viewing modification comments, aligning with the question's intention. Option D: Using the ""Track Changes"" function in Word is similar to ""Comment,"" but while ""Comment"" is for proposed changes and not definite modifications, ""Track Changes"" marks modified content with red marks. This question requires only proposing comments without making modifications, so ""Comment"" should be used instead of ""Track Changes."" The correct option is C.

Analysis: This question examines the function used for adding comments on modifications. Note the difference between ""Comment"" and ""Track Changes"": ""Comment"	2015	high	hard
3501	Regarding the description of information systems, which of the following is incorrect?  	single_answer_choice	An information system refers to a human-computer interaction system composed of hardware, software facilities, communication networks, data, and users.  	The operation of an information system requires various hardware, and its biggest limitation is its dependence on the external environment.  	An information system is a product of the combination of information technology and supply-demand relationships.  	An information system is a software system composed of hardware facilities, software, and data.	D	Concept of Systems and Information Systems###The composition and functions of information systems###Advantages and Limitations of Information Systems	"[Answer] Option A is correct, concerning the concept of an information system; Option B is correct, addressing the limitations of information systems; Option C is correct; Option D is incorrect, as an information system is composed of hardware, software, data, users, and communication networks. Therefore, the correct answer is D.

[Analysis] This question examines the concept and components of information systems. An information system consists of five key elements: hardware, software, data, communication networks, and users. These elements work together to accomplish activities such as input, processing, output, and storage of information to achieve comprehensive management, rational allocation, and effective utilization of information resources.

Advantages of information systems: standardizing workflows, improving work efficiency; overcoming time and space limitations, providing services anytime, anywhere; supporting scientific decision-making based on data analysis; conveniently preserving data, facilitating sharing and tracking. Limitations of information systems: dependency on external environments; inherent security risks; technical barriers may exacerbate the digital divide"	2022	high	hard
6673	The correct statements about web pages and browsers are as follows:  	single_answer_choice	The three basic elements of a web page are text, graphics, and audio.  	The abbreviation for the language that describes web pages is HTML.  	The protocol used for information transmission between browsers and web servers is SMTP.  	"The ""Favorites"" in browsers save all the content of the bookmarked web pages."	B	Network Protocol###Browser###Web Markup Language and Basic Components###Web page components	nan	others	high	medium
7080	The array contains 12 elements in the sequence: 34, 40, 41, 43, 53, 55, 65, 70, 72, 74, 80, 95. Which of the following options is incorrect?	single_answer_choice	Using sequential search, 53 requires 5 searches	Using binary search, 53 requires 3 searches	Using sequential search, 70 requires 8 searches	Using binary search, 70 requires 4 searches	B	Search algorithms and program implementation	[Answer] Sequential search refers to searching for a target in a sequence in a forward order, starting from the first element of the data and comparing one by one until the target data is found or the search fails. The basic idea of binary search is to compare the search key with the element in the middle of an ordered array. If the value of the element in the middle matches the search key, it means the target is found; otherwise, based on the order of array elements, one can determine whether to continue searching in the first half or the second half of the array, and so on. Option A: The statement that the sequential search for 53 takes 5 attempts is correct. Option B: The binary search for 53 should take 4 attempts, so the statement is incorrect. Option C: The statement that the sequential search for 70 requires 8 attempts is correct. Option D: The binary search for 70 requires 4 attempts. Therefore, the answer is option B	2017	high	hard
7360	Regarding the working principle of a hard disk, the following statement is incorrect (   ):	single_answer_choice	Dividing many storage units on the hard disk platters is for convenient data reading/writing	The tracks on the platters are distributed in concentric circles	Several sector areas are drawn along the diameter direction, and each sector can store up to 512B of data	The track numbering is counted from inside to outside, with the innermost track being track 0	D	Computer hardware and its functions	nan	2021	high	medium
4449	Regarding operations on Access data tables, which of the following statements are correct?	single_answer_choice	A database is a collection of interrelated data that can be shared by multiple users and is independent of application program	Access is a large database management system	Successfully entering a field value of ¥3.7 indicates the field type is definitely Currency	A database is a collection of interrelated data that can be shared by multiple users and is independent of application programs	C	Database, database systems and their characteristics###Editing of tables, fields, and records###Data type of the field###Datasheet View and Design View	"Answer: Option A: Access is a small database management system; Option B: Successfully inputting a field value as ¥3.7 means the field type might be text or currency; Option D: The data type can be modified through the design view or the datasheet view. Therefore, the answer is option C.

Analysis: This question mainly examines databases and fields. The main field data types provided by Access include: text, number, date/time, currency, auto number, yes/no, etc. Auto number is a unique sequential number (incremental or random) that the user cannot modify directly. The ""yes/no"" type stores logical values and can only take two values; the ""currency"" type stores currency values such as amounts and prices."	2020	high	medium
5146	On the form, there is a label named Label1. To make this label transparent and borderless, the correct property settings are (   )	single_answer_choice	Label1.BackStyle=0: Label1.BorderStyle=0	Label1.BackStyle=1: Label1.BorderStyle=1	Label1.BackStyle=true: Label1.BorderStyle=true	Label1.BackStyle=False: Label1.BorderStyle=False	A	Classes, objects, attributes, methods, events, and event handling concepts and applications	nan	2021	high	medium
7016	Among the following effects, the one using dynamic web technology is (    )	single_answer_choice	Text on the webpage scrolling from left to right	Repeatedly playing Flash animation on the webpage	Continuously changing GIF animation on the webpage	Automatically updating date on the webpage	D	Common web editing and development tools	"Answer:
Option A: Using the <marquee> tag can implement this, which belongs to static web technology.
Option B: Looping Flash animation: set the playback mode of the animation, static web technology can implement this.
Option C: The essence of GIF animation is inserting a GIF format image, which belongs to static web technology.
Option D: Using the date() function involves dynamic web technology.
Therefore, choose D.
Analysis: This question tests the content of dynamic web technology."	2019	high	hard
1208	The main hardware used in the digital audio sampling and quantization process is (    ).	single_answer_choice	Digital decoder	Digital-to-Analog Converter (D/A Converter)	Digital encoder	Analog-to-Digital Converter (A/D Converter)	D	Concept and Role of Digitization	"[Answer] A digital audio system reproduces the original sound by converting sound waveforms into a series of binary data. The device used to achieve this step is an analog-to-digital converter (A/D), which samples the sound waves at a rate of tens of thousands of times per second. Therefore, the answer is D.  
[Analysis] This question tests the sampling and quantization of audio. In computers, obtaining and playing sound involves two steps: sampling and quantization, which are carried out by analog-to-digital converters (AD) and digital-to-analog converters (DA). This question easily confuses the mutual conversion between analog-to-digital and digital-to-analog conversion."	others	high	hard
1156	The correct statement about browsers and web pages is (    )  	single_answer_choice	Text, graphics, and tables are the three basic elements of a webpage.  	The function of the HTTP protocol is to deliver emails to the recipient's mailbox.  	The source code of HTML is interpreted and executed by software such as FrontPage and Dreamweaver.  	Search engines, subject directories, and metasearch engines are common methods for retrieving information on the Internet.	D	Network Protocol###Concepts and Connections of Web Pages and Websites	"[Answer] Option A: The three basic elements of a webpage are text, images, and hyperlinks. This item is incorrect. Option B: The HTTP protocol is the Hypertext Transfer Protocol used for sending webpage files, while the protocol for sending emails is the Simple Mail Transfer Protocol (SMTP). This item is incorrect. Option C: HTML source code is edited by software such as FrontPage and Dreamweaver and executed by browsers like IE and Firefox. This item is incorrect. Option D: There are three types of search engines on the internet: keyword search, directory search, and meta search. This item is correct. Therefore, the answer is option D.

[Analysis] This question tests the basic elements of webpages, software for editing webpages, and common methods for retrieving web information. Editing webpages is done using software like FrontPage and Dreamweaver; the language standard used is Hypertext Markup Language (HTML), and the Hypertext Transfer Protocol (HTTP) is used for transmission, with"	2021	high	hard
3497	The correct statement about information and information technology is (     ):	single_answer_choice	Data stored in computers is information	Broadcasting and television are common ways of expressing information	Information technology can be used to convert information from one form to another	Information technology was born alongside the development of computer and internet technology	C	Information and its characteristics###The Development History of Information Technology###Information Expression Methods and Expression Techniques	nan	2021	high	hard
7319	The incorrect statement about smart sensors is (    )	single_answer_choice	Smart sensors are sensors with information processing capabilities.	Smart sensors are equipped with microprocessors and have functions such as data collection, processing, and information exchange.	Smart sensors are the product of the integration of sensors and microprocessors.	Smart sensors are the nerve endings of artificial intelligence but cannot be used to fully perceive the external environment.	D	Sensor definition and composition###Types and Functions of Sensors	nan	2021	high	medium
3494	Wired network technology requires devices to be connected via cables, which limits the distance between devices. In contrast, wireless network technology achieves data transmission or network connection through wireless protocols, generally allowing data to be transmitted omnidirectionally within a 50-meter indoor range. However, wireless is susceptible to electromagnetic interference, and walls can significantly weaken the signal. Thus, in the Internet of Things, communication between objects and between objects and people is in (　　) manner.  	single_answer_choice	Only using wired communication  	Only using wireless communication  	Comprehensive use of both wired and wireless communication  	Neither wired nor wireless special communication	C	Network Communication Principles	nan	2021	high	hard
5160	Xiao Li is preparing to create a website. In the material collection stage, the appropriate practices are:  	single_answer_choice	 	 	 	 	A	Intellectual property###Application of images, sounds, and animation in web pages###Methods of resource management	nan	2020	high	medium
6436	"Li Ming received a text message: ""Dear telecom customer, your phone has won a prize of 100,000 yuan in the recharge event. Please first pay a handling fee of 100 yuan to account XXXXXX, and after receiving the remittance, we will complete the relevant procedures within three days and transfer the prize to your account."" Based on the source of the information, judge its authenticity and reliability. What should Li Ming do? Please choose (    )."	single_answer_choice	Li Ming should send the money, as he's lucky, and not tell others	Li Ming should send the money, as he's lucky, and not tell others.	Li Ming should send the money, as 100 is nothing compared to 100,000.	Li Ming should not send the money; he should first verify with the telecom department and remit money only if the situation is confirmed to be true.	C	Selection and Assessment of Information Sources	nan	2019	high	medium
5153	The following description about firewalls is incorrect (　　).	single_answer_choice	Set up between two or more networks	Establish a barrier between the user machine and the Internet to ensure network security	It functions through software, so its implementation method is only software	It controls network access permissions, allowing only authorized users to enter and exit the network	C	Firewall settings and usage	nan	2020	high	medium
5926	The correct statements about artificial intelligence are as follows (   ):	single_answer_choice	Behaviorism-based artificial intelligence is based on rule learning and includes a knowledge base and an inference engine.	Deep learning enables computers to learn knowledge from the data itself.	In hybrid augmented intelligence, machine intelligence is the dominant factor.	Artificial intelligence can improve human life, promote economic development, and will not pose a threat to humans.	B	The Concept and Characteristics of Artificial Intelligence###Development and Current Status of Artificial Intelligence	nan	2023	high	medium
2767	The following statement about mobile terminals is incorrect (   ):	single_answer_choice	The working principle of mobile terminals is basically the same as that of computers, including input, processing, storage, and output	"The ""intelligence"" of mobile terminals is mainly based on the integration of sensors in hardware"	Android, Apple iOS, HarmonyOS are common mobile terminal application software	The main performance indicators affecting smartphones include CPU, storage, and screen resolution	C	Mobile terminals and concepts###Hardware and software of mobile terminals###Performance indicators of mobile terminals	nan	2023	high	medium
7852	The home network system supports connecting wired and wireless terminals to the home local area network, allowing access to web sites and the use of various network applications. After Xiao Wang set up the home network system, he viewed the website information by entering http://www.baidu.com in the address bar of the PC browser. The following statements about the network system and network technology are correct:	single_answer_choice	Mobile terminals can connect to the home local area network wirelessly, and only need to enable the router's DHCP service	Mobile terminals can connect to the home local area network wirelessly, and only need to enable the router's DHCP service.	Mobile terminals can connect to the home local area network wirelessly, and only need to enable the router's DHCP service	The mobile phone must connect to the home local area network to access the http://www.baidu.com website.	D	Common Internet Access Methods and Configuration	nan	2023	high	medium
4626	Regarding information, the following statements are correct:  	single_answer_choice	When two people chat, they are exchanging information.  	Information is a resource and does not deplete upon use.  	There is only one way to transmit information, but there are multiple ways to acquire it.  	When information is used by one person, it cannot be used by others.	A	Information and its characteristics###Transmission and dissemination of information	nan	2019	high	medium
5159	The correct statement among the following is (     ). 	single_answer_choice	Assembly language in programming languages includes C language 	Machine language is not a programming language 	A program is essentially a sequence of instructions or statements, which are the operational steps for a computer to execute an algorithm 	Programming and programming language are the same concept	C	Computer language###Program and instruction	nan	2021	high	medium
6450	In the information society, a knowledge-based information economy is the basic economic form. Which of the following statements does not belong to the characteristics of the information economy? 	single_answer_choice	Human resources become more knowledge-based 	Reduced costs for acquiring information and knowledge 	Focus on the application of core innovative technologies 	The increasing proportion of the tertiary sector	B	Definition and Connotation of the Information Society	nan	others	high	medium
852	Among the following options, which one does not use streaming technology?  	single_answer_choice	Online video conferencing  	Internet CCTV live broadcast  	Playing a movie with a DVD player  	Broadband video on demand	C	The application of multimedia technology	nan	others	high	medium
7318	In a school's computer lab, student computers suddenly cannot access the internet. The least common situation among the following statements is (   ).	single_answer_choice	The switch in the classroom may have malfunctioned	The proxy server supporting internet access in the classroom may have malfunctioned or been deactivated	The student computers all malfunctioned simultaneously	The network cable connecting the switch to the proxy server may have malfunctioned	C	Network Commands and Troubleshooting	nan	2019	high	medium
7357	Accessing the homepage of Baidu's website using IE browser at http://www.baidu.com, the following statement is incorrect:	single_answer_choice	During the access, information between the browser and the WEB server is transmitted via HTT	The URL of the webpage is ``http://www.baidu.com''  	During the access, information between the browser and the WEB server is transmitted via HTTP  	The elements of the webpage, including text, images, and hyperlinks, are described using HTML language  	D	Web address and Uniform Resource Locator###Browser###Web Markup Language and Basic Components	nan	2020	high	medium
3016	After studying the Information Technology module, student Liang Hongyu created a good project, which, after compression, is about 30MB. The teacher decided to have all the students evaluate the project. To facilitate this, each student needs to have the project on their own computer. Currently, the project is on the teacher's machine. The teacher should use the following method (　　) to transfer it to the students' machines most efficiently.	single_answer_choice	Set up an FTP site and place the file there for students to downloa	"Use the ""Send File"" feature in QQ to transmit the project file  "	Set up an FTP site and place the file there for students to download  	Use email to send the file as an attachment to each student  	B	Common Types of Network Services	nan	others	high	medium
838	The following statement about images is incorrect (     ):	single_answer_choice	When creating web pages, images are usually in GIF or JPEG format.	The features of images are mainly reflected in their rich information, intuitive depiction, and ability to transcend language barriers.	Photoshop can process old photos by rotating, cropping, color adjusting, filter adjusting, and more.	Converting a BMP format image to JPEG format will result in higher image quality.	D	Concepts of Graphics and Images, Bitmaps and Vector Graphics###Image format conversion	"[Answer] Option A: Since web pages require small file sizes, files on web pages use GIF or JPEG compression formats, which is correct. Option B: Compared to text, the main features of images are in their rich information, intuitive visuals, and ability to transcend language barriers, which is correct. Option C: Photoshop is an excellent image processing software that can perform rotation, cropping, color adjustment, filter adjustments, etc., on photos (including old photos), which is correct. Option D: JPEG is a compressed format, converting BMP to JPEG will reduce quality, which is incorrect. Thus, the answer is option D.

[Analysis] This question mainly tests the characteristics of images and image formats, and image processing. Specialized software such as Photoshop, FireWorks, etc., must be used for image processing. To achieve a high compression ratio and save storage space, images need to be compressed, with common compression formats being GIF, JPEG, etc."	others	high	medium
1905	The following statement about programming languages is incorrect (      ).	single_answer_choice	Machine language is the earliest programming language	"Machine language is a series of binary codes composed of ""0"" and ""1"""	High-level language is a programming language close to natural language	Machine language is the earliest high-level programming language	D	Natural Language Processing	nan	2021	high	medium
5295	The following statement about big data security is incorrect ( ).	single_answer_choice	Protecting data security requires safeguarding the storage media of data.	Protecting data security requires enhancing the security of the data itself.	Data verification can improve data integrity.	Data encryption can increase the value of data.	D	Overview of Information System Security	nan	2022	high	medium
5943	The following problem is suitable for solving using an analytical algorithm:  	single_answer_choice	Arrange 40 students in order of height from shortest to tallest  	Find a duck egg in a basket of eggs  	Calculate the total resistance value of 5 resistors in parallel  	Count the number of even numbers within 3000 whose digits sum to 20	C	Common algorithms	nan	2020	high	medium
5176	The correct format for using an external JavaScript program file is (     )	single_answer_choice	"\textless script href=""xxx.js"" type=""text/JavaScript""\textgreater{}"	"\textless script src=""xxx.js"" type=""text/JavaScript""\textgreater{}"	"\textless script name=""xxx.js"" type=""text/JavaScript""\textgreater{}"	"\textless script file=""xxx.js"" type=""text/JavaScript""\textgreater{}"	B	Web page production technology	"Answer: In JavaScript, the src attribute specifies the URL of an external script file. Therefore, the answer is B.  
Analysis: This question examines the basic usage of scripting languages."	2020	high	medium
7211	Which of the following is not an example of a database application system?  	single_answer_choice	Online ticketing system  	Student academic record management system  	Windows operating system  	School-based curriculum management system	C	Classification and Application of Databases	nan	2020	high	medium
7680	Li Tao wants to input a printed Chinese test paper into the computer for re-editing. The fastest available method for him is: 	single_answer_choice	Use a digital camera to capture and input into the computer 	Use a scanner to scan and OCR software to recognize it 	Input them into the computer via the keyboard 	Use a handwriting board to write them into the computer	B	Collection of text materials	"[Answer] The fastest method is to scan the test paper into images using a scanner, and then automatically recognize the text through OCR software. Photos taken with a digital camera may be distorted and are more difficult to recognize. Therefore, the answer is option B.

[Analysis] This question examines the methods of collecting text materials. There are five ways to obtain text materials: keyboard input, handwriting input, voice input, scanner input, and internet retrieval. Among them, using a scanner to input and then utilizing OCR software to recognize the text in the image and convert it into a text file is both fast and accurate."	others	high	medium
406	"In March 2015, Premier Li Keqiang first proposed the ""Internet Plus"" action plan in the government work report. Subsequently, many local governments partnered with renowned internet companies to create a new image of the most beautiful smart city. The ""Internet Plus"" will also bring more convenience to people's lives. The following description of ""Internet Plus"" is incorrect (　　):"	single_answer_choice	"""Internet Plus"" simply utilizes information and communication technology and internet platforms to allow the internet and traditional industries to fuse simply, creating a new development ecosystem"	"Under the background of ""Internet Plus,"" new consumption models will emerge."	"""Internet Plus"" simply utilizes information and communication technology and internet platforms to allow the internet and traditional industries to fuse simply, creating a new development ecosystem."	Traditional department store exclusives plus the internet resulted in online malls, traditional plus the internet facilitated electronic payments, traditional transportation plus the internet resulted in online ride-hailing.	B	"The Application and Impact of ""Internet+"""	nan	others	high	medium
4430	"Xiao Qiang plans to travel to another province. He registered an account with the 12306 online ticketing system using his ID number, then entered the departure and destination locations in the ""Ticket Booking"" section to obtain train information and ticket availability. He selected his train to purchase tickets. The following statement about the functions of the 12306 online ticketing system is incorrect (　　)"	single_answer_choice	The system obtains ID numbers through user registration, which is a data collection function.	The system records train information and available tickets in its database, which is a data storage function.	The system makes reasonable decisions to adjust train schedules based on yearly data analysis, which is a data processing function.	The system displays relevant train and ticket availability information based on departure and destination, which is an information input function.	D	The working process of an information system	nan	others	high	medium
2302	The following statement is incorrect (    ):	single_answer_choice	The elements of an algorithm include data, computation, and control transfer.	Common ways to describe algorithms include natural language, flowcharts, pseudocode, and computer programming languages.	Algorithm control structures include sequential structures, branch structures, tree structures, and loop structures.	"The general process of solving problems with algorithms is ""abstraction and modeling → algorithm design and description → program implementation of the algorithm."""	C	Common representation methods of algorithms###The process of problem-solving by computers###Control structure of algorithms###Elements of Algorithms	nan	2023	high	medium
6037	The following statement about big data and its processing is incorrect ( ):	single_answer_choice	The four characteristics of big data: large data scale, fast processing speed, diverse data types, and low value density	When processing big data, it is necessary to ensure that each piece of data is accurate and error-free	Batch processing is suitable for handling static data	Stream processing is suitable for handling real-time updated data	B	The Concept and Characteristics of Big Data###Types of Big Data Processing and Computation Methods	nan	2021	high	medium
6046	The following statement about data management and security is incorrect ( ):	single_answer_choice	Data is generally stored in the form of files in computers.	Operational errors and hacker intrusions could potentially cause damage to data in computers.	Strong passwords are difficult to remember but have a higher security coefficient.	The value density of big data is low, so there is no need to consider big data security issues.	D	Information System Security Protection###Information system security risk###The form of data	nan	2021	high	medium
1000	The following statements about artificial intelligence are correct (    ):	single_answer_choice	The collaboration of human and machine customer service on e-commerce platforms to solve problems is a cross-domain application of artificial intelligence.	Artificial intelligence based on deep learning generally constructs neural networks with several layers.	Expert systems are a data-driven artificial intelligence method.	Artificial intelligence technology has driven human societal progress and cannot threaten human safety.	B	Development and Current Status of Artificial Intelligence###Applications of Artificial Intelligence###The impact of artificial intelligence on society	nan	2023	high	medium
1013	The following statements about data management and big data are incorrect: ( )	single_answer_choice	Data management is the process of effectively collecting, storing, processing, and applying data using computer hardware and software technology	Data management is the process of effectively collecting, storing, processing, and applying data using computer hardware and software technology.	Data management is the process of effectively collecting, storing, processing, and applying data using computer hardware and software technology	Large amounts of data are not necessarily big data.	D	The Concept and Characteristics of Big Data###The concept of data management	nan	2021	high	medium
1019	The correct statement regarding webpages and email is (     ):  	single_answer_choice	A webpage is identified by its URL on the internet.  	The SMTP protocol can directly send emails to the recipient's computer.  	HTML files contain text, hyperlinks, and images, videos.  	Using the same search engine at different times will definitely yield the same search results.	A	Network Protocol###Retrieval of online resources###Concepts and Connections of Web Pages and Websites###Web page file format	nan	2021	high	medium
3428	The correct statement about web pages and browsers is (     ):	single_answer_choice	"Executing the ""Add to Favorites"" command in a browser can save the webpage's address."	Notepad software cannot edit hyperlinks in webpage files.	Using different search engines to search for the same keyword will always yield the same results.	"Saving a webpage as ""Webpage, Complete (*.htm; *.html)"" type in the IE browser saves the images within the webpage."	A	Browser###Retrieval of online resources###Common web editing and development tools###Creating and Saving Webpages	"[Answer] Option A: Executing the ""Add to Favorites"" command in a browser can save the web page address, which is correct. Option B: Notepad software can edit hyperlinks in web files, which is incorrect. Option C: Using different search engines to search for the same keyword may yield different results, which is incorrect. Option D: In the IE browser, saving a webpage as ""Webpage, complete (*.htm; *.html)"" will save images in a folder. Therefore, the correct answer is A.

[Analysis] This question tests knowledge of browser favorites, web editing software, web resource retrieval, and webpage saving types. Software that can be used to edit web files includes Notepad, FrontPage, and DreamWeaver."	2021	high	medium
3432	The following statement about animation is incorrect (     ):	single_answer_choice	The formation of animation utilizes the persistence of vision phenomenon.	Adobe ImageReady software cannot create animations.	Animation is formed by continuously presenting several static frames using certain technical means.	Flash is a common two-dimensional animation creation software.	B	The Basic Concepts of Computer Animation###Multimedia data acquisition and editing software	nan	2021	high	medium
3495	In order to meet the challenges of the information society, we high school students should be prepared to live in the information society. The following statement is inappropriate (   ).  	single_answer_choice	Develop a good sense of information  	As long as you excel in college entrance exam subjects and get into an ideal university  	Develop healthy habits for using information technology  	Cultivate good information emotions and information ethics	B	Challenges and Responses of the Information Society	"In order to meet the challenges of the information society, high school students should cultivate a good awareness of information, develop healthy habits of using information technology, and foster positive information emotions and ethics. Therefore, the answer is B.

This question examines how to respond to the challenges of the information society. As participants and future builders of the information society, we must keep pace with the times, pay attention to environmental changes and human challenges brought by new technological revolutions, and continuously enhance information literacy. This includes learning to acquire, identify, and use information, emphasizing the accuracy and safety of information release, and maintaining a harmonious relationship among people, information, technology, and society while understanding the dialectical impact of information technology on society."	2022	high	hard
4645	The correct statement about website creation is (     ).	single_answer_choice	It is best to use absolute paths for referencing materials in a webpage.	All webpage layouts within the same website should be identical.	Correct links and the ability for main pages to return to each other is an important indicator of website performance testing.	File names for materials and webpages should be in Chinese for easier identification.	C	Web page layout design###Application of images, sounds, and animation in web pages###Website debugging	"[Solution] It is best to use relative paths when referencing materials in web pages. Using absolute paths can lead to incorrect material links when the website is moved, making option A incorrect. Different pages within the same website can have different layouts, making option B incorrect. Ensuring correct links and that major pages can navigate back and forth is an important indicator of website performance, making option C correct. File names for materials and web pages should be in English for software recognition, making option D incorrect. Therefore, the correct answer is option C.

[Analysis] This question examines the use of materials in web design, page layouts, and website testing."	others	high	medium
6704	In the following code, the function curve generated by (B) is smoother.	single_answer_choice	import numpy as np; x = np.arange(0, 2*np.pi, 0.1); y = np.sin(x)	import numpy as np; x = np.arange(0, 2*np.pi, 0.01); y = np.sin(x)	import numpy as np; x = np.arange(0, 3*np.pi, 1); y = np.sin(x)	import numpy as np; x = np.arange(0, np.pi, 0.5); y = np.sin(x)	B	Data visualization tool	nan	2022	high	medium
6446	The following statements about data organization are correct: (　　)	single_answer_choice	Missing values in the dataset are generally filled with arbitrary values.	Anomalous data in the dataset must be directly deleted or ignored.	Duplicate data in the dataset can be merged or deleted.	For data with inconsistent formats in the dataset, generally, one format is retained and data in other formats is deleted.	C	Data organization and its purpose	"[Answer] The core of data processing is the data itself, and the quality of the data directly affects the results of data analysis. Option A is incorrect because missing data should not be filled with arbitrary values; they can be ignored or filled using the average, median, or probabilistic statistics. Option B is incorrect because outlier data can either be noise to be removed or contain important information and should be analyzed and judged according to the specific situation. Option D is incorrect because data with inconsistent formats need to be converted according to the needs of subsequent analysis and mining. Therefore, the answer is option C.

[Analysis] This question tests the understanding of data organization."	2022	high	medium
6453	Regarding website construction, which of the following statements is not entirely correct? (　　)	single_answer_choice	Website content should be concise to allow users to capture the core content of the site in a short time.	"Website management and maintenance should be strengthened to ensure the content remains consistently ""fresh""."	Website layout design should be ingenious and unique in style to reflect the cultural depth of the site owner.	The design of the website layout should extensively use audio, video, and other multimedia information to create a visual impact.	D	Website maintenance and evaluation	nan	others	high	medium
