index	question	category	A	B	C	D	answer	knowledge	analysis	year	grade_level	difficulty_level
1930	In triangle \( \bigtriangleup ABC \), if \( AC = 2 \), \( \frac{1}{\sin B} + \frac{1}{\tan B} = \frac{1}{\sin A} + \frac{1}{\tan A} + 1 \), then the maximum value of the perimeter of \( \bigtriangleup ABC \) is:  	single_answer_choice	\( 2\sqrt{5} + 4 \)  	\( 2\sqrt{7} + 4 \)  	\( 2\sqrt{5} + 7 \)  	\( 2\sqrt{7} + 7 \)	A	The sine formulas for the sum and difference of two angles###Application of the basic relations of trigonometric functions of the same angle###Application of the Sine Rule###Auxiliary angle formula	nan	2024	high	hard
5482	Given \(0 < a < b < 1\), and \(e\) is the base of the natural logarithm, the inequality that does not hold is:	single_answer_choice	\(ae^{a} < be^{b}\	\(ae^{a} < be^{b}\)  	\(ae^{b} < be^{a}\)  	\(a\ln a > b\ln b\)  	C	Properties of Function Monotonicity###Properties and Rules of Logarithms###Study the monotonicity of functions using derivatives.	"[SOLUTION] 

Solution:

For A, let \(f(x) = xe^{x}, x \in (0, 1)\),

then \(f^{'}(x) = (x + 1)e^{x} > 0, x \in (0, 1)\),

so the function \(f(x)\) is increasing on \((0, 1)\), hence \(f(a) < f(b)\), i.e., \(ae^{a} < be^{b}\). A is correct.

For B, let \(h(x) = \frac{e^{x}}{x}, x \in (0, 1)\),

then \(h^{'}(x) = \frac{(x - 1)e^{x}}{x^{2}} < 0, x \in (0, 1)\), so the function \(h(x)\) is decreasing on \((0, 1)\), hence \(h(a"	2022	high	hard
6879	Given an arithmetic sequence \(\{ a_{n} \}\) with a common difference \(d\), and \(f(x) = |x - a_{1}| + |x - a_{2}|\), which of the following statements is correct?	single_answer_choice	The function \(y = f(x)(x \in R)\) may be an odd function	The function \(y = f(x)(x \in R)\) may be an odd function.	The function \(y = f(x)(x \in R)\) may be an odd function	If the function \(y = f(x)(x \in R)\) is an even function, then \(d = 0\).	D	Oddness and evenness of functions###Properties of Odd and Even Functions###The symmetry of even and odd function graphs###The general term formula of an arithmetic sequence	Solution: For A: If the function \(y = f(x)(x \in R)\) is an odd function, then \(f(0) = |a_{1}| + |a_{2}| = 0\), thus \(a_{1} = a_{2} = 0\), i.e., \(a_{n} = 0\). We get \(f(x) = 2|x|\), and \(f(-1) = 2 = f(1)\), which does not satisfy \(-f(-1) = f(1)\), so the function \(y = f(x)(x \in R)\) is not an odd function, thus A is incorrect; For B: For example, if \(a_{n} = 2n - 3\) then \(a_{1} = -1, a_{2} = 1\), and \(f(x) = |x + 1| +	2023	high	hard
95	"Given that the positive term sequence \(\{ a_{n}\}\) satisfies \(a_{2} = 3a_{1}\), and \(S_{n}\) is the sum of the first \(n\) terms of \(\{ a_{n}\}\), then ""\(\{ a_{n}\}\) is an arithmetic sequence"" is a (       ) condition for ""\(\sqrt{S_{n}}\) to be an arithmetic sequence."""	single_answer_choice	Necessary and sufficient conditio	Sufficient but not necessary condition  	Necessary but not sufficient condition  	Necessary and sufficient condition  	C	Judgment of Necessary Conditions, Sufficient Conditions, and Necessary and Sufficient Conditions###Concept and Representation of an Arithmetic Sequence###The general term formula of an arithmetic sequence###The sum of the first n terms of an arithmetic sequence.###The relationship between the general term and the sum of the first n terms.	Solution: When \(\{ a_{n}\}\) is an arithmetic sequence, let the common difference be \(d\). From \(a_{2} = 3a_{1} \Rightarrow a_{1} + d = 3a_{1} \Rightarrow d = 2a_{1} > 0\), we have \(S_{n} = na_{1} + \frac{1}{2}n(n - 1) \cdot 2a_{1} = n^{2}a_{1} \Rightarrow \sqrt{S_{n}} = n\sqrt{a_{1}}\). When \(n \in N^{\ast}\), since \(\sqrt{S_{n + 1}} - \sqrt{S_{n}} = (n + 1)\sqrt{a_{1}} - n\sqrt{a_{1}} = \sqrt{a_{1}}\), \(\sqrt	2024	high	hard
7053	The correct statement among the following is (     )	single_answer_choice	Two angles with coincident terminal sides are equal.	An acute angle is an angle in the first quadrant.	Angles in the second quadrant are obtuse angles.	Angles less than 90° are all acute angles.	B	Quadrant angle, axis angle###Angles with the same terminal side	Answer: A. An angle sharing the same terminal side as \(\alpha\) can be expressed as \(\beta = \alpha + 2k\pi\) \((k \in Z)\), therefore \(\beta\) is not necessarily equal to \(\alpha\), A is incorrect; B. An acute angle is an angle within the range \(\left( 0, \frac{\pi}{2} \right)\) and is located in the first quadrant, B is correct; C. The range for angles in the second quadrant is \(\left( 2k\pi + \frac{\pi}{2}, 2k\pi + \pi \right)\) \((k \in Z)\), but the range for acute angles is \(\left( 0, \frac{\pi}{2} \right)\), C is incorrect; D. Acute angles are within the range of \((0{^\circ}, 90{	2023	high	medium
781	Given the side length of the cube \(ABCD - A_{1}B_{1}C_{1}D_{1}\) is 2, M and N are the midpoints of edges \(BB_{1}\) and CD, respectively. The incorrect conclusion among the following is (     )	single_answer_choice	If F is the midpoint of edge AB, then the volume of the circumscribed sphere of the triangular pyramid M-NFB is \(\sqrt{6}\pi\)	The projection of the triangular pyramid \(A_{1} - MND_{1}\) on the plane \(D_{1}DCC_{1}\) is an isosceles triangle	\(MN//\) plane \(A_{1}DC_{1}\)	There exists a point E on edge BC such that plane \(AEB_{1}\) is perpendicular to plane MNB	C	Parallel projection and parallel projection drawing method###Formulas and Applications of the Surface Area and Volume of a Sphere###Criteria for Determining the Parallelism of a Line and a Plane###Determining the Perpendicularity of Planes###Determination of Triangle Shapes	"Answer:

A: In the triangular pyramid M-NFB, assume the center of the circumscribed circle of the base △NBF is \(O_{1}\). Point C is also on circle \(O_{1}\), so the circumscribed sphere of triangular pyramid M-NFB is the same as that of triangular pyramid M-BCF. Since BF, BC, and BM are mutually perpendicular, the diameter of the circumscribed sphere is \(\sqrt{CB^{2} + BF^{2} + BM^{2}} = \sqrt{2^{2} + 1^{2} + 1^{2}} = \sqrt{6}\). Thus, the volume of the sphere is: \(V = \frac{4}{3}\pi R^{3} = \sqrt{6}\pi\), correct;

B: In the triangular pyramid \(A_{1} - MND_{1}\), projections of \(A_{1}\) and \(D"	2022	high	hard
1928	Given real numbers \(a\) and \(b\) satisfying \(a = \log_{3}4 + \log_{12}9\) and \(5^{a} + 12^{a} = 13^{b}\), the correct judgment among the following is:	single_answer_choice	\(a > b > 2\)  	\(b > a > 2\)  	\(2 > b > a\)  	\(a > 2 > b\)	A	The monotonicity and special points of exponential functions.###Change of base formula and its corollaries###Use the properties of inequalities to compare the sizes of numbers (or expressions)	"Solution: Based on the question,

\[a = \log_{3}4 + \log_{12}9 = \log_{3}4 + \frac{\log_{3}9}{\log_{3}12} = \log_{3}4 + \frac{2}{1 + \log_{3}4},\]

therefore,

\[a - 2 = \log_{3}4 + \frac{2}{1 + \log_{3}4} - 2 = \frac{(\log_{3}4 - 1)\log_{3}4}{1 + \log_{3}4},\]

because \(\log_{3}4 > 1\), so 

\[\frac{(\log_{3}4 - 1)\log_{3}4}{1 + \log_{3}4} > 0,\]

which means \(a > 2.\)

Hence,

\[13^{b}"	2021	high	hard
6716	"Given that the even function \(f(x)\) is monotonically decreasing on \(\lbrack 0, + \infty)\), for real numbers a, b, ""\(|a| < b\)"" is a ( ) condition for ""\((f(a) > f(b))\)"""	single_answer_choice	Sufficient but not necessary condition 	Necessary but not sufficient condition 	Both necessary and sufficient condition 	Neither necessary nor sufficient condition	A	Sufficient condition###Necessary condition###Oddness and evenness of functions	nan	2024	high	hard
2081	"Thomas said, ""Functions are the flower of modern mathematical thought."" Based on the concept of functions, determine which of the following expressions can establish a functional relationship from set \(A = \{0,1,2\}\) to set \(B = \{-1,1,3\}\):"	single_answer_choice	\(y = x^{2}\	\(y = x\)  	\(y = x^{2}\)  	\(y = 2x\)  	D	The concept of a function and its components###Mapping	nan	2024	high	easy
3367	Given \(f(x) = - x + \sin x\), proposition \(p:\forall x \in (0,\frac{\pi}{2})\), \(f(x) < 0\), then (　　)	single_answer_choice	\(p\) is a false proposition, \(\neg p:\forall x \in (0,\frac{\pi}{2}),f(x) \geq 0\)	\(p\) is a false proposition, \(\neg p:\exists x_{0} \in (0,\frac{\pi}{2}),f(x_{0}) \geq 0\)	\(p\) is a true proposition, \(\neg p:\forall x \in (0,\frac{\pi}{2}),f(x) \geq 0\)	\(p\) is a true proposition, \(\neg p:\exists x_{0} \in (0,\frac{\pi}{2	D	Negation of a proposition###Determining the Truth Value of Propositions and Their Applications	Solution: \(f'(x) = - 1 + \cos x\), when \(x \in (0,\frac{\pi}{2})\), \(f'(x) < 0\), thus \(f(x)\) is a decreasing function. Therefore, for \(x \in (0,\frac{\pi}{2})\), \(f(x) < f(0) = 0\). Proposition \(p\) is true, and \(\neg p\) is: \(\exists x_{0} \in (0,\frac{\pi}{2}), f(x_{0}) \geq 0\). Therefore, the answer is: D. Analysis: First, find the derivative, determine that \(f(x)\) is a decreasing function, confirm proposition \(p\) is true, then use the fact that the negation of a universal proposition is an existential proposition to obtain the result.	2019	high	hard
3371	Given the function \(f(x) = \left\{ \begin{array}{r} \frac{2}{x + 2}, x \leq 0 \text{ and } x \neq -2 \\ f(x - 1) + 1, x > 0 \end{array} \right.\ \), if the equation \(f(x) = kx\) with respect to \(x\) has 4 different roots, then the range of values for \(k\) is 	single_answer_choice	\(\lbrack 2,\frac{5}{2})\	\(\lbrack 2,\frac{5}{2})\) 	\((2,\frac{5}{2}\rbrack\) 	\(\lbrack\frac{7}{4},\frac{5}{2})\) 	C	The method of plotting function graphs###Method for Deriving the Analytic Expression of a Piecewise Function and Its Graphing Technique###Graph of the function###The relationship between the zeros of a function and the roots of an equation.	"Solution Explanation: From the problem, we know that the equation \(f(x) = kx\) in terms of \(x\) has four distinct roots; therefore, the functions \(y = f(x)\) and \(y = kx\) intersect at four points. For the function \(y = f(x)\):

- When \(0 < x \leq 1\), \(f(x) = \frac{2}{x + 1} + 1\);
- When \(1 < x \leq 2\), \(f(x) = \frac{2}{x} + 2\);
- When \(2 < x \leq 3\), \(f(x) = \frac{2}{x - 1} + 3\);
- When \(3 < x \leq 4\), \(f(x) = \frac{2}{x - 2} + 4\);
- When \(4"	2022	high	hard
3544	If the power function \(f(x) = (a^{2} - 2a - 2)x^{a}\) is monotonically increasing on \(R\), then the graph of the function \(g(x) = b^{x + a} + 1(b > 1)\) passes through the fixed point:	single_answer_choice	\((-3, 1)\	\((1, 1)\)  	\((-3, 2)\)  	\((-3, 1)\)  	B	Concept and Representation of Exponential Functions###The graph and properties of exponential functions###The concept and representation of power functions###The graphs of power functions and their relationship with exponents	"Solution: Since \(f(x) = (a^{2} - 2a - 2)x^{a}\) is a power function, we have \(a^{2} - 2a - 2 = 1\)①. Also, because the function is monotonically increasing on \(R\), \(a > 0\)②. Combining ① and ②, we find \(a = 3\). Therefore, \(g(x) = b^{x + a} + 1 = b^{x + 3} + 1(b > 1)\).

Since the exponential function \(y = a^{x}\) always passes through the fixed point \((0, 1)\), \(g(x) = b^{x + 3} + 1(b > 1)\) always passes through the fixed point \((-3, 2)\).

Thus, the answer is: B.

Analysis: Based on the definition and properties"	2023	high	medium
4599	The equation of the line on which the reflected light lies is:  	single_answer_choice	\(3x - 2y + 18 = 0\)  	\(2x - 3y + 7 = 0\)  	\(3x + 2y + 30 = 0\)  	\(2x + 3y + 25 = 0\)	B	The two-point form equation of a line###Equation of a circle symmetric with respect to a point and a line	"Solution: Let the point \(A(-6,3)\) be symmetric to the line \(2x - y + 10 = 0\) and denote the symmetric point as \(C(x,y)\), we then have the system of equations:

\[
\left\{
\begin{array}{r}
(x - 6) - \frac{y + 3}{2} + 10 = 0 \\
\frac{y - 3}{x + 6} = - \frac{1}{2}
\end{array}
\right.
\]

Solving, we find:

\[
\left\{
\begin{array}{r}
x = -2 \\
y = 1
\end{array}
\right.
\]

Thus, \(C(-2,1)\) and the equation of the line on which the reflective light ray lies is \(y - 1 = \frac{-3 - 1}{-8"	2024	high	medium
5474	Given \((2x - 3)^{9} = a_{0} + a_{1}(x - 1) + a_{2}(x - 1)^{2} + \cdots + a_{8}(x - 1)^{8} + a_{9}(x - 1)^{9}\), then \(a_{0} + 2a_{1} + 3a_{2} + \cdots + 9a_{8} + 10a_{9} = \) (    )  	single_answer_choice	9  	10  	18  	19	D	Binomial coefficient	"Answer: Solution: Given \((2x - 3)^{9} = a_{0} + a_{1}(x - 1) + a_{2}(x - 1)^{2} + \cdots + a_{8}(x - 1)^{8} + a_{9}(x - 1)^{9}\),  
then \((x - 1)(2x - 3)^{9} = a_{0}(x - 1) + a_{1}(x - 1)^{2} + a_{2}(x - 1)^{3} + \cdots + a_{8}(x - 1)^{9} + a_{9}(x - 1)^{10}\),  
taking the derivative of both sides, we get  
\((2x - 3)^{9} + 18(x - 1)(2x - 3)^{8} ="	2024	high	hard
5794	The negation of which of the following propositions is a false proposition?  	single_answer_choice	There exists a real number such that \(-2x^{2} + x - 4 = 0\)  	All prime numbers are odd  	There exists a rhombus that is not a parallelogram  	There exist two non-congruent triangles with equal area	D	Four types of propositions	"[Solution] Explanation: If the negation of a proposition is false, then the proposition is true.

For A: Because \(- 2x^{2} + x - 4 = 0\), the discriminant \(\mathrm{\Delta} = 1 - 4 \times (-2) \times (-4) = -31 < 0\), indicating the equation has no solution, so the proposition is false.

For B: For example, 2 is a prime number but is even, making the proposition false.

For C: A rhombus is a special type of parallelogram, so the proposition is false.

For D: For example, triangles with the same base and height have equal area but are not necessarily congruent, so the proposition is true.

Thus, the answer is: D.

[Analysis] According to the problem, if the negation of a proposition is false, the proposition is true. Analyze each part based on the problem statement"	others	high	medium
