index	question	category	answer	knowledge	analysis	year	grade_level	difficulty_level
2026	Although spiders have 8 eyes, their vision is poor, and they rely entirely on their sense of touch for hunting and living. Their legs are able to quickly detect vibrations in the web. When the vibration frequency of the web is around f = 200 Hz, the amplitude of the web is at its maximum. For insects that fall into the web, at approximately what wing vibration frequency can the spider immediately capture it? Given that the maximum amplitude during the web's resonance is 0.5 cm, try to qualitatively sketch its resonance curve.	calculation	When the frequency of the driving force equals the natural frequency of the object, resonance occurs, resulting in the maximum amplitude of the object. Therefore, the vibration frequency of the insect's wings should be around 200 Hz. The resonance curve is shown in the figure: <image>	Forced Vibration and Resonance	[Analysis] Resonance occurs when the frequency of insect wing vibrations matches the frequency of the web's vibrations. At this point, the amplitude of both the insect and the web is at its maximum, making it easiest for the spider to detect the vibrations.	others	high	hard
357	Currently, an electron microscope is used to observe the structure of a biological macromolecule with a linear dimension of \(d\). To meet measurement requirements, the de Broglie wavelength of electrons in the microscope is set to \(\frac{d}{n}\), where \(n > 1\). Given that Planck's constant is \(h\), electron mass is \(m\), electron charge is \(e\), and the initial velocity of electrons is negligible, what should be the accelerating voltage of electrons when the microscope is operating?	calculation	Solution: Since the electron forms a matter wave during propagation, in measurement, the wavelength should be smaller; from the de Broglie wavelength formula, the electron's momentum and speed can be known; then the electron's kinetic energy can be calculated, and from the kinetic energy theorem, the accelerating voltage can be determined. The wavelength of the matter wave λ = <image>; thus <image> v = <image> From the kinetic energy theorem: Ue = \(\frac{1}{2}\) mv\textsuperscript{2} Solving for U = <image>; therefore, the answer is: <image>.	Wave-particle duality of particles: de Broglie wave	[Analysis] Because diffraction is more likely to occur with larger wavelengths, it is necessary for the wavelength to be smaller than a certain value when using an electron microscope to ensure more precise measurements.	others	high	hard
1393	An ideal gas with a certain mass is enclosed in a cylinder. If the gas volume remains unchanged, how does the gas density change when the temperature rises? How does the gas pressure change? How does the average kinetic energy of the gas molecules change? How does the number of gas molecules colliding with the unit area of the container wall per second change?	calculation	With constant mass and volume, the density of a gas remains unchanged. As the temperature rises, the average kinetic energy of the gas increases, but not every molecule's kinetic energy increases. Thus, the number of molecules colliding with the unit area of the container wall per second increases.	The basic content of molecular kinetic theory	"Solution: With constant mass and volume, the density of the gas does not change. When the temperature rises, the average kinetic energy of the gas increases, but not every molecule's kinetic energy increases. Therefore, the number of molecules hitting the unit area of the vessel wall per second increases. Thus, the answers are: unchanged; increased; increased, increased.

Analysis: For a gas with constant mass and constant volume, when the temperature rises, it undergoes an isochoric change, causing the pressure to increase. The reasons for the pressure increase are: (1) rising temperature: the average kinetic energy of the gas increases; (2) the number of molecules hitting the unit area of the vessel wall per unit time increases."	others	high	medium
132	The density of ice is \(0.9 \times 10^3 \, \text{Kg/m}^3\). If 1 Kg of ice melts into water, does its mass change? Does its volume change?	calculation	Answer: After ice melts into water, although its state changes, its mass remains unchanged. According to the formula ρ = <image>, it is known that when the mass of an object remains unchanged, the volume and the density of the object are inversely proportional. After ice melts into water, the density increases and the volume decreases.	Saturated vapor and energy in phase change	[Analysis] Mass refers to the amount of substance contained in an object. It is an attribute of the object and does not change with alterations in the object's shape, state, position, or temperature. The density of ice is 0.9×10\textsuperscript{3} kg/m\textsuperscript{3}, and the density of water is 1.0×10\textsuperscript{3} kg/m\textsuperscript{3}. Based on the formula ρ = <image>, the change in volume when ice melts into water can be determined.	others	high	hard
