index	question	category	A	B	C	D	answer	knowledge	analysis	year	grade_level	difficulty_level
2009	Given that the periods of a near-Earth satellite and a geostationary satellite for a certain planet are T and 8T respectively, and the planet has a radius of R, with a gravitational constant G, and a stationary object of mass m on the planet's equator, assuming the planet is a uniformly mass-distributed sphere, the following statement is incorrect:	single_answer_choice	The density of the planet is \(\frac{3\pi}{GT^{2}}\	The mass of the planet is \(\frac{4\pi^{2}R^{3}}{GT^{2}}\)	The density of the planet is \(\frac{3\pi}{GT^{2}}\)	The orbital radius of the planet's geostationary satellite is 4R	D	Law of Universal Gravitation###Satellite issue	nan	2024	high	hard
1195	"The movement of molecules is invisible and intangible, making it difficult to study. However, scientists can understand it by researching the phenomenon of ink diffusion, a scientific method known as the ""substitution method."" The following are four study examples encountered by student Xiaohong. The method used in these examples is the same as the one just used to study molecular movement. "	single_answer_choice	When studying the relationship between current, voltage, and resistance, first keep the resistance constant to examine the relationship between current and voltage; then keep the voltage constant to explore the relationship between current and resistance	When studying the relationship between current, voltage, and resistance, first keep the resistance constant to examine the relationship between current and voltage; then keep the voltage constant to explore the relationship between current and resistance.	Use magnetic field lines to study magnetic field problems.	When studying current, compare it to the flow of water.	D	Magnetic phenomena and magnetic fields, magnetic field lines###Concept of current and power sources###The content, expression, and simple applications of Ohm's Law.	nan	2024	high	hard
360	The basic principle of popcorn is: during the heating process, the moisture inside the corn kernel continuously vaporizes to form steam, which is sealed inside by the kernel's outer layer. As the temperature rises, the pressure of the steam, which can be considered as an ideal gas, increases. When the pressure difference inside and outside the kernel reaches a certain level, the outer layer suddenly ruptures, and the internal steam rapidly expands and bursts to form popcorn. In the process before bursting (ignoring the change in kernel volume), the steam inside the corn kernel:	single_answer_choice	Increases the kinetic energy of all molecule	Increases the kinetic energy of all molecules  	Performs work externally  	Has constant internal energy  	D	The First Law of Thermodynamics and Its Applications###Temperature and temperature scale	nan	2024	high	medium
1290	Regarding the thought methods reflected by the definition of physical concepts, the following statements are correct (     )	single_answer_choice	The effective value of alternating current reflects the idea of equivalence.	The concept of average speed reflects the idea of limits.	The concept of resistance reflects the idea of controlling variables.	The concept of the center of gravity reflects the idea of an ideal model.	A	The generation and principles of alternating current###Equivalent method###Average speed###The content, expression, and simple applications of Ohm's Law.	nan	2024	high	medium
1728	To measure the maximum impact force of a volleyball dropped from a certain height onto the ground, you can follow these steps: First, lay a sheet of white paper on a flat surface, evenly moisten the volleyball, and then let it freely fall from the specified height. The ball will leave an imprint on the paper when it presses against it. Place this paper with the imprint in the center of a platform scale, then put the volleyball on the paper, aligning the ball’s lowest point with the center of the imprint. Slowly press down on the ball, and when the contact area between the ball and the paper just covers the watermark, the reading on the scale corresponds to the maximum impact force. Which of the following options uses a method with the same physical concept or principle as this method? 	single_answer_choice	Galileo using an inclined plane to study free fall motion 	The design principle of a micrometer 	"Establishing the concept of ""instantaneous velocity"" "	Establishing the	D	Limit method###Magnification Method###Peak value, RMS (Root Mean Square) value, average value, and instantaneous value of alternating current.	nan	2024	high	easy
827	The process of measuring gravitational acceleration using the dripping method is as follows: let the faucet drip water onto the plate directly below it, adjusting the tightness of the faucet so that when the previous drop hits the plate and makes a sound, the next drop just leaves the faucet. Measure the total time \( t \) for \( n \) occurrences of water hitting the plate, and use a ruler to measure the height difference \( h \) between the faucet and the plate. Assuming the human ear can distinguish between two sounds with a time interval of 0.1 s and the speed of sound is 340 m/s, then (ignoring air resistance during the water's fall):	single_answer_choice	The distance between the faucet and the human ear is at least 34 	The distance between the faucet and the human ear is at least 34 m  	The distance between the faucet and the plate is at least 34 m  	The formula for calculating gravitational acceleration is \(\frac{2hn^{2}}{t^{2}}\)  	D	Time and moment###Acceleration###Free fall motion	"Answer: Solution: A. The minimum time interval that the human ear can distinguish between two sounds is 0.1s, so the minimum time difference for two sounds to reach the ear is 0.1s. Let the distance from the plate to the ear be x, then \(\frac{x}{340} + t = 0.1s\), where t is the interval time of dripping water. Since the specific value of t is unknown, x cannot be calculated, so options A and B are incorrect. 

C. When the previous droplet hits the plate and the sound is heard, the next droplet just leaves the faucet. The total time for hearing the plate strike n times is measured as t. Knowing the time interval between two droplets is \(\Delta t= \frac{t}{n - 1}\), and based on the formula h= \(\frac{1}{2}gt^{2}\), we have g= \(\frac{"	2017	high	hard
599	The straight-line distance from the new south gate to the new senior three gate of Mianyang Nanshan High School is 600m. A student took 10 minutes to walk from the south gate to the new senior three gate. The correct statement is (     )	single_answer_choice	When studying the student's trajectory, the student cannot be considered a particle.	The student's displacement could be greater than 600m.	The student's instantaneous speed upon reaching the senior three gate could be 2m/s.	The direction of the student's average speed is from the new senior three gate to the new south gate.	C	Particle###Displacement and Distance###Instantaneous velocity	nan	2023	high	medium
1772	The human eye is most sensitive to green light. If there are \( N \) green light photons entering the pupil per second, the eye can detect it. There is a light source emitting green light with a wavelength of \( \lambda \) uniformly in all directions with a power of \( P \). Assuming the pupil's diameter in the dark is \( d \), ignoring air absorption of light, with Planck's constant as \( h \), and the speed of light in vacuum as \( c \), the maximum distance at which the eye can see this light source is (      )	single_answer_choice	\(\frac{d}{4}\sqrt{\frac{P\lambda c}{Nh}}\) 	\(\frac{d}{4}\sqrt{\frac{P\lambda}{Nhc}}\) 	\(\frac{d}{2}\sqrt{\frac{P\lambda c}{Nh}}\) 	\(\frac{d}{2}\sqrt{\frac	B	Photon and its momentum	"[Answer] According to  
\(h\nu = \frac{hc}{\lambda}\)  
\(E = \frac{Nhc}{\lambda}\)  
The area of the pupil is  
\(S_{1} = \frac{\pi d^{2}}{4}\)  
\(S_{2} = 4\pi R^{2}\)  
Thus, the minimum energy required per second to enter the pupil and cause vision is  
\(E = \frac{S_{1}}{S_{2}}Pt = \frac{\frac{\pi}{4}d^{2}P}{4\pi R^{2}}\)  
Solving,  
\(R = \frac{d}{4}\sqrt{\frac{P\lambda}{Nhc}}\)  
So the answer is B.  

[Analysis] Solve for the energy of each photon, solve for the energy produced by the light source per unit area, and solve for the energy produced in"	2024	high	hard
1902	Throw a ball vertically upwards from the ground with an initial velocity \(v_{1}\). After a period of time, the ball falls back to the point it was thrown with a velocity of \(v_{2}\). The air resistance experienced by the ball during its motion is proportional to its speed, with gravitational acceleration being \(g\). The correct statement is (     )	single_answer_choice	The magnitude of momentum change during the ball's ascent is equal to the magnitude of momentum change during its descent	The work done overcoming gravity during the ascent of the ball is less than the work done by gravity during the descent.	The magnitude of momentum change during the ball's ascent is equal to the magnitude of momentum change during its descent.	The impulse of gravity during the ball's ascent is greater than during its descent.	D	Calculation of work###Momentum###Impulse	nan	2024	high	hard
1192	The correct statement is (      )	single_answer_choice	The image signal emitted by a mobile phone does not require a modulation process	The image signal received by a mobile phone needs to undergo tuning and demodulation	In the electromagnetic spectrum, ultraviolet rays have a higher frequency than gamma rays	The frequency of electromagnetic oscillation in an oscillating circuit may differ from the frequency of the generated electromagnetic wave	B	Generation of Electromagnetic Fields and Electromagnetic Waves###Electromagnetic oscillation	[Answer] AB. Electromagnetic waves should be modulated before transmission, and tuned and demodulated before reception. Statement A does not meet the requirements, while statement B does. C. In the electromagnetic spectrum, the frequency of ultraviolet rays is lower than that of gamma rays, which does not meet the requirements. D. In an oscillating circuit, the frequency of electromagnetic oscillation is always the same as the frequency of the electromagnetic wave produced, which does not meet the requirements. Therefore, the answer is B. [Analysis] The process of loading a signal onto an electromagnetic wave is called modulation, while the process of extracting the signal from the electromagnetic wave is called tuning. Separating the audio or video signal from a high-frequency signal is called demodulation or detection. Adjusting the frequency of the receiving equipment to resonate with the received signal is a type of frequency adjustment. Additionally, a basic understanding of the electromagnetic spectrum is required.	2021	high	hard
1766	The correct statement among the following is (    ):	single_answer_choice	Coulomb proposed the method of using electric field lines to describe an electric field.	The concepts of center of gravity and resultant force both embody the thought of equivalence.	Galileo conjectured that the velocity of free fall is directly proportional to the time of descent, and he directly verified this with experiments.	Many physical quantities in physics are defined using the ratio method, for example, acceleration \(a = \frac{F}{m}\) is defined in this way.	B	Acceleration###History of Physics	"【Answer】 
A. Faraday proposed the method of describing electric fields using field lines, which does not fit the question's intention.
B. The center of gravity is the equivalent point of action of the resultant gravitational force on all parts of an object. The resultant force and component forces have an equivalent substitution relationship, so both concepts reflect the idea of equivalence, which fits the question's intention.
C. Galileo hypothesized that the velocity of free-fall motion is proportional to the time of descent, but did not directly verify it, instead deriving it through reasonable extrapolation based on inclined plane experiments, which does not fit the question's intention.
D. The definition of acceleration is based on the rate of change of velocity, namely \(a = \frac{\Delta v}{\Delta t}\), not \(a = \frac{F}{m}\). 
Therefore, the answer is: B.
【Analysis】 Analyze and judge based on the history of physics and the definition of acceleration"	2021	high	hard
2341	As shown in the figure, water droplets spread on a clean glass surface to form a thin layer adhering to the glass; on a wax surface, they can roll back and forth without spreading into a thin layer. The correct statement is (    )	single_answer_choice	Water not wetting paraffin is determined solely by the properties of paraffin, and is unrelated to the properties of water	Water not wetting paraffin is determined solely by the properties of paraffin, and is unrelated to the properties of water.	Water on paraffin has surface tension, while water on glass does not.	The intermolecular forces between water molecules on the wax surface manifest as attraction.	C	Surface tension of a liquid###Infiltrating and non-infiltrating	nan	2024	high	medium
733	The correct statement is (     )	single_answer_choice	Light waves are longitudinal waves because light has polarization.	The Doppler effect indicates that the frequency of waves changes during propagation.	Cathode rays are a stream of high-speed protons.	Special relativity posits that physical laws are the same in different inertial frames.	D	Doppler Effect###The Relativistic View of Space-Time and the Limitations of Newtonian Mechanics###Phenomenon of light polarization###Cathode Rays and Cathode Ray Tube	nan	2023	high	medium
466	A group of hydrogen atoms in the ground state absorbs electromagnetic waves with a wavelength of λ₁ and subsequently emits multiple wavelengths of electromagnetic waves, one of which has a wavelength of λ₂. Which of the following statements is correct? 	single_answer_choice	λ₁ is certainly not less than λ₂. 	λ₁ is certainly not greater than λ₂. 	λ₁ is certainly not equal to λ₂. 	λ₁ is certainly equal to λ₂.	B	Radioactive isotopes and their applications	"[Answer] A group of hydrogen atoms in the ground state absorb photons with energy E\textsubscript{1}, entering an excited state. The relationship E\textsubscript{m}﹣E\textsubscript{N}=E\textsubscript{1} holds. Hydrogen atoms in the excited state are unstable and will transition to the ground state. Among the photons emitted, there is one with energy E\textsubscript{2}, thus E\textsubscript{2}≤E\textsubscript{1}. According to E= \(\frac{hc}{\lambda}\), energy and wavelength are inversely proportional, indicating that λ\textsubscript{1} is not greater than λ\textsubscript{2}. Therefore, option B is correct while A, C, and D are incorrect; thus, choose B.

[Analysis] When a transition occurs between energy levels, the absorbed or emitted photon energy equals the energy difference between the two"	others	high	hard
2013	By putting uranium fuel into the nuclear reactor of a nuclear power plant, one type of nuclear reaction is: \(X +_{92}^{235}U \rightarrow_{54}^{139}Xe +_{38}^{95}Sr + 2X\). It is known that the binding energies per nucleon of \(_{92}^{235}U\), \(_{54}^{139}Xe\), and \(_{38}^{95}Sr\) are \(7.6 MeV\), \(8.4 MeV\), and \(8.7 MeV\) respectively. Then:	single_answer_choice	X in this nuclear reaction is a proto	X in this nuclear reaction is a proton	The half-life of uranium-235 shortens after being put into the reactor	1 kg of uranium ore releases energy of \(9.0 \times 10^{16} J\)	D	Nuclear decay, half-life###Mass deficit and the mass-energy equation###Nuclear fission	"Answer: A. Based on the conservation of mass number, the mass number of X is \(235 - 139 - 95 = 1\). Based on the conservation of proton number, the proton number of X is \(92 - 54 - 38 = 0\). Therefore, X in this nuclear reaction is a neutron \(_{0}^{1}n\), so A is incorrect.
B. The half-life is an inherent property of the atomic nucleus and does not change with external physical and chemical environments, so B is incorrect.
C. The energy released by one uranium atom reaction is \(E_{1} = 139 \times 8.4MeV + 95 \times 8.7MeV - 235 \times 7.6MeV = 208.1MeV \approx 3.3 \times 10^{- 11}J\). The number of atoms in 1 kg of uranium is \(N = \"	2024	high	hard
1207	Regarding resistance, voltage, and current, which of the following statements is correct? (    )	single_answer_choice	From \(R = \frac{U}{I}\), it is understood that resistance is related to both voltage and current.	The resistivity of a conductor is generally related to the conductor's length, shape, and size.	The resistivity of metals generally decreases with increasing temperature.	From \(R = \rho\frac{L}{S}\), it is understood that the resistance of a conductor is related to the type of conductor, its length, and cross-sectional area.	D	Resistivity###Study the factors affecting conductor resistance.	nan	2024	high	medium
358	On October 30, 2023, at 20:37, the Shenzhou 16 manned spacecraft successfully separated from the space station complex. It is known that the Shenzhou 16 manned spacecraft has a total length of approximately 8.86m and a total mass of 7.79t. The orbital altitude of the space station generally ranges from 380 to 400km, with a flight speed of about 7600m/s. The following statements are correct (    ):	single_answer_choice	"""20:37"" at the time of separation refers to a time interval."	"The ""t"" in ""total mass of 7.79t"" is a derived unit."	"The ""length"" involved in ""total length of approximately 8.86m"" is a base quantity."	"The ""m/s"" in ""flight speed of about 7600m/s"" is a base unit."	C	Time and moment###System of units in mechanics	nan	2024	high	medium
506	The correct statements about the methods used in the following physics research are:	single_answer_choice	When deriving the displacement formula for uniformly accelerated linear motion, the entire motion process is divided into many small segments, each approximated as uniform linear motion, and then the displacements of each segment are added together, mainly reflecting the method of limit thinking	When deriving the displacement formula for uniformly accelerated linear motion, the entire motion process is divided into many small segments, each approximated as uniform linear motion, and then the displacements of each segment are added together, mainly reflecting the method of limit thinking.	When deriving the displacement formula for uniformly accelerated linear motion, the entire motion process is divided into many small segments, each approximated as uniform linear motion, and then the displacements of each segment are added together, mainly reflecting the method of limit thinking	In the experiment exploring the composition law of two forces at an angle, the method of controlling variables was used.	D	Equivalent method###Infinitesimal method###Ratio definition method	nan	2024	high	easy
732	The correct statements about energy are:  	single_answer_choice	Solar energy is the most important energy source on Earth  	The hydropower of the Pearl River is inexhaustible  	Natural gas is a renewable energy  	The motion laws of fundamental particles do not follow the law of conservation of energy	A	Classification and Application of Energy	Answer: A. Solar energy is indeed one of the main energy sources on Earth. The sun generates massive amounts of energy through nuclear fusion, which radiates to Earth in the form of light and heat, becoming an essential foundation for the survival of life and the development of human society on the planet. Thus, A is correct; B. The hydropower of the Pearl River is not inexhaustible, so B is incorrect; C. Natural gas is a non-renewable energy source, so C is incorrect; D. The motion laws of elementary particles follow the law of conservation of energy, so D is incorrect. Therefore, option A is correct. Analysis: Renewable energy refers to resources like hydropower, wind energy, and solar energy that can be provided continuously or regenerated over time; energy sources that cannot be replenished in the short term from nature are called non-renewable energy sources.	2024	high	medium
