index	question	category	answer	knowledge	analysis	year	grade_level	difficulty_level
1677	On March 11, 2011, a strong earthquake occurred in the waters off Japan, triggering the Fukushima nuclear crisis. In nuclear power, \({}_{92}^{235}\) U undergoes fission reactions. Complete the following reaction equation \({}_{92}^{235}\) U + \({}_{0}^{1}\) n → \({}_{56}^{141}\) Ba + \({}_{36}^{92}\) Kr + ( ); given that the masses of \({}_{92}^{235}\) U, \({}_{56}^{141}\) Ba, \({}_{36}^{92}\) Kr, and the neutron are m\textsubscript{U}, m\textsubscript{Ba}, m\textsubscript{Kr}, and m\textsubscript{n} respectively, the energy released when one \({}_{92}^{235}\) U undergoes fission is ( ). (Given the speed of light is c.)	fill_in_the_blank	\({}_{0}^{1}n\); (m\textsubscript{U} - m\textsubscript{Ba} - m\textsubscript{Kr} - 2m\textsubscript{n})c\textsuperscript{2}	Artificial transformation of atomic nuclei###Mass deficit and the mass-energy equation	"Answer: Solution: In the reaction equation \({}_{92}^{235}\)U + \({}_{0}^{1}\)n → \({}_{56}^{141}\)Ba + \({}_{36}^{92}\)Kr + X, based on mass number conservation, the total mass number of X is:

235 + 1 - 141 - 92 = 3

The total charge number of X is:

92 - 56 - 36 = 0

Therefore, X is 3 neutrons, which is: \(3_{0}^{1}n\);

The energy released by the fission of one \({}^{235}\)U is:

△E = △m•c² = (m\textsubscript{u} - m\textsubscript{Ba} - m\textsubscript{Kr} - 2m\textsubscript{n})c²

Thus the answer is: \(3_{0}^{1}n"	2017	high	hard
589	"In 1911, Rutherford proposed the nuclear model of the atom based on the observation that α particles underwent ( ) (choose ""large"" or ""small"") angle scattering in the α particle scattering experiment. When α particles with kinetic energy of 1 MeV bombard gold foil, their speed is approximately ( ) m/s.  
(The mass of both protons and neutrons is 1.67 × 10\textsuperscript{−27} kg, 1 MeV = 10\textsuperscript{6} eV)"	fill_in_the_blank	Large; 6.9×10\textsuperscript{6}	Scattering of α particles	"Solution: Let the speed of the α particle be v, \( E_k = \frac{1}{2} mv^2 \), thus \( v = \sqrt{\frac{2E_k}{m}} = \sqrt{\frac{2 \times 1 \times 10^6 \times 1.6 \times 10^{-19}}{4 \times 1.67 \times 10^{-27}}} \approx 6.9 \times 10^6 \) m/s.

Analysis: The α particle scattering experiment discovered that a very small number of particles undergo large-angle deflections. The speed is calculated based on the definition of kinetic energy."	others	high	medium
1664	Three identical metal spheres A, B, and C, where A initially has a charge of Q, B has a charge of -Q, and C is uncharged. After A contacts C and then contacts B, the final charge on A is \ul{　 　}.	fill_in_the_blank	- \(\frac{Q}{4}\)	Law of conservation of charge	"Solution: Initially, A is charged with \( Q \), B with \(-Q\), and C is uncharged. 

When A and C make contact, both A and C have a charge of \(\frac{Q}{2}\). 

When A then makes contact with B, the final charge on A is \(\frac{\frac{Q}{2} + (-Q)}{2}\) = \(-\frac{Q}{4}\).

Therefore, the answer is: \(-\frac{Q}{4}\).

Analysis: When charged bodies come into contact and are then separated, charges of the same type are equally divided, while opposite charges first neutralize and then are equally divided."	others	high	medium
1549	A force diagram accurately and vividly represents the three elements of a force's ( ), ( ), and ( ) using a line segment with an arrow.	fill_in_the_blank	magnitude; direction; point of application	Force and Force Diagrams	"Answer: The three elements of force are magnitude, direction, and point of application. A force diagram uses a line segment with an arrow to represent force. The length of the segment represents the magnitude, the direction of the arrow represents the direction of the force, and the starting point of the segment represents the point of application. Therefore, a single arrowed line segment can represent the magnitude, direction, and point of application of a force.

Analysis: A force diagram represents the magnitude, direction, and point of application of a force using an arrowed line segment."	2020	high	medium
993	The film of a laser hologram records the interference fringes of light, containing all the information of the light reflected from the object being photographed, achieving the stereoscopic nature of the photo. If part of the object being photographed is blocked during photography, the blocked part can still be seen by adjusting the viewing angle; if the photo is cut in half, the whole image of the object can still be seen from one half, with the photo serving merely as a window for observing the object. Laser holography utilizes the property of laser ( ).	fill_in_the_blank	Good coherence	The characteristics and applications of lasers	[Answer] Solution: Laser holograms use the interference of light to record the three-dimensional image information of objects, so laser holography utilizes the property of good coherence of lasers. Therefore, the answer is: good coherence. [Analysis] Lasers have good coherence, good parallelism, and high brightness; laser holography records intensity, frequency, and phase through light interference; laser holography utilizes the property of good coherence of lasers.	others	high	medium
1725	"When monochromatic parallel light is vertically incident on a single slit, observing the Fraunhofer diffraction, if point P on the screen is at the second-order dark fringe, then the wavefront at the single slit can be divided into \_\_\_ half-wave zones. If the width of the single slit is reduced to half its original size, point P will be at the \_\_\_ order \_\_\_ (fill in ""bright"" or ""dark"") fringe."	fill_in_the_blank	4; one; dark	Wave-particle duality of light	nan	2023	high	hard
1218	By using the single molecule oil film method, the size of molecules and Avogadro's constant can be roughly determined. If the volume of n drops of oleic acid is V, and a single drop of oil spreads on the water surface to form a single molecule oil film area S, then the expression for the diameter of these oil molecules is d=( ). If the molar mass of this oil is M and the density is ρ, write the expression for Avogadro's constant as N\textsubscript{A}=( ).	fill_in_the_blank	\(\frac{V}{nS}\); \(\frac{6Mn^{3}S^{3}}{\pi\rho V^{3}}\)	Calculations related to Avogadro's constant	"Solution:  
The volume of a drop of oleic acid is: v = \( \frac{V}{n} \)  
The diameter of an oleic acid molecule is: d = \( \frac{V}{S} = \frac{V}{nS} \)  
The molar volume of oleic acid is: \( V_{mol} = \frac{M}{\rho} \)  
The volume of each oleic acid molecule is: \( V_{0} = \frac{4}{3}\pi{(\frac{d}{2})}^{3} \)  
Avogadro's constant is: \( N_{A} = \frac{V_{mol}}{V_{0}} \)  
Combining these, we find: \( N_{A} = \frac{6Mn^{3}S^{3}}{\pi\rho V^{3}} \)  
Thus, the answers are: \( \frac{V}{"	2016	high	medium
903	In physics, physical quantities that have only magnitude and no direction are called ( ); those that have both magnitude and direction are called ( ). Currently, the rule we use for vector operations is the ( ).	fill_in_the_blank	Scalar; Vector; Parallelogram Law	Vectors and Scalars	"[Answer] In physics, a quantity that has only magnitude and no direction is called a scalar; a quantity that has both magnitude and direction is called a vector. The rule used for vector operations is the parallelogram law.  
[Analysis] A scalar has only the magnitude factor without direction, whereas a vector possesses both magnitude and direction factors. The currently used vector rule is the parallelogram law."	2019	high	medium
1995	"On some sections of the Qinghai-Tibet Railway, there are rows of poles about 2 meters high, with the thickness of a bowl's opening, on both sides of the roadbed. We call these ""thermo-rods."" These thermo-rods are buried about 5 meters deep under the roadbed, and the entire rod is hollow, filled with a suitable amount of liquid ammonia. The working principle of the thermo-rod is straightforward: when the roadbed temperature rises, the liquid ammonia heats up and undergoes \_\_\_, rising to the top of the thermo-rod. The heat is then conducted to the air through fins, cooling the gaseous ammonia, which \_\_\_ back into liquid ammonia and sinks back to the bottom of the rod. In this way, the thermo-rod acts as a natural ""refrigerator."" This is one of the many innovations and inventions by Chinese scientists to solve the issue of ""permafrost."" (Please fill in the"	fill_in_the_blank	Vaporization; Liquefaction	Principle of Refrigeration Machine	When the subgrade temperature rises, liquid ammonia absorbs heat and changes from liquid to gas, which is a vaporization phenomenon; as gaseous ammonia rises and cools, it changes from gas to liquid, which is a liquefaction phenomenon. Therefore, the answer is: vaporization; liquefaction.	others	high	easy
489	"The table below contains several sets of data measured by a student for the ""investigation of the relationship between spring force and deformation"":

\[
\begin{array}{|c|c|c|c|c|c|}
\hline
\text{Force F/N} & 0.5 & 1.0 & 1.5 & 2.0 & 2.5 \\
\hline
\text{Length of spring L/cm} & 6.5 & 8.0 & 9.5 & 11.0 & 12.5 \\
\hline
\end{array}
\]

Using the data in the table, we find the original length of the spring \(L_{0} =\) \underline{\ \ \ } m, and the spring constant \(k =\) \underline{\ \ \ } N/m."	fill_in_the_blank	0.05; 33.3	Investigating the relationship between the magnitude of spring force and the amount of extension.	"Solution: From the data in the table, we know that for every 1.5 cm the spring extends, the force increases by 0.5 N. According to Hooke's law, \(F = kx\), the spring constant \(k = \frac{\Delta F}{\Delta x} = \frac{0.5}{1.5 \times 10^{-2}} N/m = \frac{100}{3} N/m \approx 33.3 N/m\).

When the spring length is 6.5 cm, the spring force is 0.5 N, so \(F = k(L - L_0)\).

\(0.5 = \frac{100}{3}(0.065 - L_0)\).

Solving gives \(L_0 = 0.05 m\).

Analysis: By using Hooke's law, the spring constant can be determined. Combining the force and spring constant, the original length of the"	2021	high	medium
206	There are two ways to change the internal energy of an object: \_\_\_ and \_\_\_.	fill_in_the_blank	Work; Heat transfer	Two Ways to Change Internal Energy	"Solution: The ways to change an object's internal energy are work and heat transfer. They are equivalent in changing the object's internal energy but are fundamentally different.

The answer is: work, heat transfer.

Analysis: The ways to change an object's internal energy include work and heat transfer."	others	high	easy
405	The experimental measurement of the limit wavelength for the Balmer series in the hydrogen atom spectrum is 364.6 nm. Based on this, the wavelength of the first line H\textsubscript{α} in the Balmer series is \ul{   }.	fill_in_the_blank	656.3nm	Spectra and Spectral Analysis	[Answer] The Balmer series in the hydrogen atomic spectrum refers to spectral lines emitted when transitioning from energy levels n > 2 to n = 2, expressed as \(\frac{1}{\lambda} = (\frac{1}{2^{2}} - \frac{1}{n^{2}})R\). According to the problem, the limiting wavelength of the hydrogen atomic Balmer series is 364.6 nm, thus \(\frac{1}{\lambda_{\min}} = (\frac{1}{2^{2}} - 0)R\). Therefore, the wavelength of the first line in the Balmer series is \(\frac{1}{\lambda_{1}} = (\frac{1}{2^{2}} - \frac{1}{3^{2}})R\). Solving these equations gives \(\frac{\lambda_{1}}{\lambda_{\min}} = \frac{\frac{1}{4} - \frac{1	2023	high	medium
1439	"During the severe winter, ""boiling water turns to ice."" The hot water thrown into the air cools rapidly and freezes. In the process of cooling, the average kinetic energy of the water molecules ( ); during the process where water at \(0{^\circ}C\) turns into ice at \(0{^\circ}C\), the internal energy ( ), and the average distance between molecules ( ). Please briefly state the basis for judging the change in the average molecular distance combining natural phenomena or learned knowledge ( )."	fill_in_the_blank	decreases; decreases; increases; Ice can float on water, which indicates that the density of ice is smaller than that of water, and the molecular spacing is larger than that of water.	Temperature###The internal energy of an object	"【Answer】 Temperature is an indicator of the average kinetic energy of molecules. During the cooling process of hot water, the average kinetic energy of the water molecules' thermal motion decreases. The process of water at \(0{^\circ}C\) turning into ice at \(0{^\circ}C\) is solidification, and solidification releases heat, thus water releases heat, the temperature remains unchanged, and the internal energy decreases. In the process of water at \(0{^\circ}C\) turning into ice at \(0{^\circ}C\), the volume increases, thus the average distance between molecules increases. Ice can float in water, indicating that the density of ice is smaller than that of water; the mass remains unchanged, the volume increases, and the molecular spacing is larger than in water.

【Analysis】 Temperature determines the size of average kinetic energy; if the temperature decreases, the average kinetic energy decreases; when the temperature remains constant, its average kinetic energy"	2021	high	medium
896	When simultaneously measuring the position and momentum of an electron with an energy of 1 keV moving in one dimension, if the uncertainty in position is within 0.1 nm, then the percentage of the uncertainty in momentum \(\frac{\Delta p}{p}\) is at least ( ). (Using the uncertainty relation \(\Delta p\Delta x \geq \frac{\hslash}{2}\))	fill_in_the_blank	3.1%	Uncertainty relation	"Answer: According to the uncertainty principle \(\Delta p\Delta x \geq \frac{\hslash}{2}\), we have \(\Delta p \geq \frac{\hslash}{2\Delta x} = \frac{h}{4\pi\Delta x}\). According to the relationship between energy and momentum, \(E = \frac{1}{2m}p^{2}\), we have \(p = \sqrt{2mE}\). Thus, \(\frac{\Delta p}{p} = \frac{h}{4\pi\Delta x\sqrt{2mE}}\), solving gives \(\frac{\Delta p}{p} = 3.1\%\).  

Analysis: Using the uncertainty principle and the relationship between energy and momentum, the percentage of the uncertainty in momentum is derived."	2023	high	medium
1144	Through measuring the charge-to-mass ratio of the particles making up cathode rays, Thomson discovered ( ), thereby indicating that atoms have a complex internal structure. Millikan determined the ( ) of an electron through the oil drop experiment.	fill_in_the_blank	Electrons; charge quantity	The Discovery of Electrons	"[Answer] Thomson discovered the electron, and Millikan measured the charge of the electron through the oil drop experiment.  
[Analysis] Thomson discovered the electron, and Millikan measured the charge of the electron through the oil drop experiment."	others	high	easy
1478	People refer to technologically mature and commonly used energy sources as conventional energy; for example: ( ), and energy sources that have only begun to be utilized or are currently being researched and developed in recent decades are called ( ) energy. For example, solar energy.	fill_in_the_blank	Coal, oil, natural gas; new	Development and Utilization of Energy and Environmental Protection	"Answer: Conventional energy refers to energy sources that are technologically mature and widely used, such as coal, oil, and natural gas. New energy, which is pollution-free and under development, includes solar energy, wind energy, water energy, nuclear energy, etc. Therefore, the answer is: coal, oil, natural gas; new energy. 

Analysis: At present, the main conventional energy sources in China are coal, oil, and natural gas; the new energy sources under development include solar energy, wind energy, water energy, and nuclear energy."	2016	high	easy
2040	Human understanding of the properties of matter is a process of moving from the macroscopic to the microscopic level. The fact that water striders can stay on the water's surface and dew on leaves forms into spherical shapes both indicate that the molecules in the surface layer of a liquid are more sparse than those inside the liquid, forming a ( ). Liquid crystals are a special kind of matter between ( ) and ( ), with strong intermolecular forces. When their ( ) changes, the effects of these forces need to be considered, showing that molecular potential energy is related to intermolecular distance.	fill_in_the_blank	surface tension; solids; liquids; volume	Solids and liquids###Capillary phenomenon and surface tension of liquids	"[Answer] The fact that a water strider can stand on the water surface and that dewdrops on leaves are spherical indicates that the molecules in the surface layer of a liquid are more sparse than those inside the liquid. The attractive forces between the molecules are greater than the repulsive forces, resulting in surface tension. Liquid crystals are a special type of substance existing between liquid and solid states, with relatively strong intermolecular forces. When volume changes, the intermolecular forces must be considered to account for whether molecular forces do positive or negative work, indicating that molecular potential energy is related to volume. Therefore, the answer is: surface tension, crystals and liquids, volume.

[Analysis] In the surface layer of a liquid, there are both attractive and repulsive forces between molecules. Because the intermolecular distance in the surface layer is greater than in the interior, the attraction is greater than the repulsion. We usually classify matter as solid, liquid, or gaseous, but some organic compounds have a"	others	high	medium
2220	The nuclear wastewater contains various radioactive elements. The decay equation of Cesium-137 is \({}_{55}^{137}Cs \rightarrow {}_{56}^{137}Ba + X\), then X is a ( ) particle. Seafood contaminated by radioactive substances in nuclear wastewater ( ) eliminate nuclear radiation through high-temperature cooking.	fill_in_the_blank	β; cannot	Artificial transformation of atomic nuclei###Natural radioactivity phenomenon	nan	2024	high	easy
2297	"The scientific method of thought is very important in the study of physics problems. Inspired by Newton's law of universal gravitation, Coulomb used the ""( )"" method to discover the laws of interaction between charges, which is known as ""( )""."	fill_in_the_blank	Analogy; Coulomb's Law	Analogy method###Law of Universal Gravitation	"[Solution] Newton's law of universal gravitation studies the interaction between any two objects, while Coulomb's law examines the interaction between two stationary point charges in a vacuum. Both laws study interactions and can be compared. In 1785, Coulomb proposed Coulomb's law through experiments. \\
[Analysis] Coulomb's law was discovered using the analogy method to identify the interaction between charges and is known as Coulomb's law."	2023	high	medium
2472	Any moving object, ranging from electrons and protons to planets and the sun, is associated with a wave. The wavelength is given by λ = \(\frac{h}{p}\), where p is the momentum of the moving object, and h is the Planck constant. This wave is known as the de Broglie wave. Given an object 1 with a de Broglie wavelength of λ\textsubscript{1} and an object 2 with a de Broglie wavelength of λ\textsubscript{2}, if they collide and stick together, and it is known that \textbar p\textsubscript{1}\textbar\textless\textbar p\textsubscript{2}\textbar, then the de Broglie wavelength of the combined object is ( ).	fill_in_the_blank	\(\frac{\lambda_{1}\lambda_{2}}{\lambda_{1} - \lambda_{2}}\)	Compton Effect	"【Solution】The momentum of object 1 is \(p_{1} = \frac{h}{\lambda_{1}}\). The momentum of object 2 is \(p_{2} = \frac{h}{\lambda_{2}}\). Choosing the direction of \(\vert p_{2} \vert\) as the positive direction, based on the conservation of momentum, we get that the momentum of the objects stuck together after the collision is \(p_{3} = p_{2} - p_{1}\). The de Broglie wavelength of the combined objects is \(\lambda_{3} = \frac{h}{p_{3}} = \frac{\lambda_{1}\lambda_{2}}{\lambda_{1} - \lambda_{2}}\).

【Analysis】Based on the expressions for the momentum and wavelength of matter waves, we find the overall momentum after the collision, thereby obtaining the de Broglie wavelength of the combined objects."	2022	high	medium
2475	Experimental errors are divided into accidental errors and ( ) errors. 0.0243 cm has ( ) significant figures.	fill_in_the_blank	systematic; 3	Basic Experimental Knowledge and Experimental Errors	"[Answer] Solution: From the source, experimental errors can be divided into systematic errors and random errors; in the measurement result, significant figures start from the first non-zero digit. For 0.0243 cm, there are 3 significant figures, so the answer is: systematic, 3.

[Analysis] To solve this problem, the following must be understood: 1. The difference between the measured value and the true value is called error. Due to the limitations of instruments, experimental conditions, and environment, measurements cannot be infinitely precise, and there will always be a certain difference between the measured value of a physical quantity and the true value that objectively exists, which is the measurement error. Errors differ from mistakes; mistakes should and can be avoided, whereas errors cannot be entirely avoided. 2. Random error is caused by accidental or uncertain factors resulting in irregular changes in each measured value. Under determined measurement conditions, the method to reduce random errors is to increase the number of measurements."	others	high	medium
