index	question	category	answer	knowledge	analysis	year	grade_level	difficulty_level
784	"Physicists have applied many important scientific methods in the construction of concepts and laws in physics. The following statement is correct:

A. When there is no need to consider the size and shape of the object itself, the method of using a particle to replace the object is called the hypothesis method.

B. According to the definition of velocity \(v = \frac{\Delta x}{\Delta t}\), when \(\Delta t\) is very small, \(\frac{\Delta x}{\Delta t}\) can represent the instantaneous velocity of an object at time t. This definition applies the concept of limits.

C. When deriving the displacement formula for uniformly accelerated motion, the entire motion process is divided into many small segments. Each small segment is approximately considered as uniform linear motion, and then the displacements of each segment are added together. This method uses the infinitesimal method.

D. ""Uniform linear motion"" and ""free fall motion"" use the scientific research method of establishing ideal"	multiple_answer_choice	B, C, D	Limit method###Infinitesimal method###Ideal Model Method###Galileo's Study of Free Fall Motion	nan	2023	high	hard
468	"A car suddenly accelerates from rest on a flat surface. Which of the following descriptions is correct? 
A. If it is a front-wheel drive car, the rear sinks. 
B. If it is a front-wheel drive car, the front sinks. 
C. If it is a rear-wheel drive car, the front sinks. 
D. If it is a rear-wheel drive car, the rear sinks."	multiple_answer_choice	A, D	Inertia and Mass###Newton's Second Law	nan	2024	high	hard
459	"When object A is freely falling from the top of a tower of height H and object B is thrown vertically upward from the base of the tower with initial velocity v\textsubscript{0}, both objects move along the same straight line. The following statements are correct (　　):
A. If v\textsubscript{0}＞ \(\sqrt{gH}\), when the two objects meet, object B is on its way up.
B. If v\textsubscript{0}= \(\sqrt{gH}\), the two objects meet at the ground.
C. If \(\sqrt{\frac{gH}{2}}\) ＜v\textsubscript{0}＜ \(\sqrt{gH}\), when the two objects meet, object B is falling through the air.
D. If v\textsubscript{0}= \(\sqrt{\frac{gH}{2}}\), the two objects meet at the ground."	multiple_answer_choice	A, C, D	Critical class issue###The relationship between speed and time in uniformly accelerated linear motion###The relationship between displacement and time in uniformly accelerated linear motion.###Free fall motion###Vertical upward motion	"Solution: 

If ball B meets at the highest point, then:

- Time for B's velocity to reduce to zero:  
  \( t = \frac{v_{0}}{g} \) ...①  
- Displacement of A:  
  \( s_a = \frac{1}{2} gt^2 \) ...②  
- Displacement of B:  
  \( s_b = \frac{v_{0}^2}{2g} \) ...③  
- Total displacement:  
  \( s_a + s_b = h \) ...④  

Solving ①, ②, ③, and ④ yields:  
\( v_0 = \sqrt{gh} \)  

When both balls meet exactly at the ground:  
\( t = \frac{2v_{0}}{g} \)  
At this moment A's displacement  
\( s_a = \frac{1}{2} gt^2 ="	2017	high	hard
1039	"The following statement is correct (    ):
A. The electromagnetic waves used in remote sensing technology are infrared.
B. It is impossible to distinguish between polycrystals and amorphous substances based on anisotropy.
C. Hearing music through a door crack is caused by diffraction.
D. A person standing on the shore cannot see the fish in the lake due to total internal reflection."	multiple_answer_choice	A, B, C	The phenomenon of wave diffraction###Electromagnetic spectrum###Total internal reflection of light###Crystal and amorphous solid	nan	2024	high	medium
29	"When an object moves in a straight line, the displacement during time \( t \) is \( x \). The speed at the midpoint \(\frac{x}{2}\) is \( v_1 \), at time \( t_1 \), while the speed at the halfway point in time \(\frac{t}{2}\) is \( v_2 \). The correct relationship between \( v_1 \) and \( v_2 \) is:

A. When the object undergoes uniformly accelerated rectilinear motion, \( v_1 > v_2 \), and \( t_1 > \frac{t}{2} \).

B. When the object undergoes uniformly decelerated rectilinear motion, \( v_1 > v_2 \), and \( t_1 < \frac{t}{2} \).

C. When the object undergoes uniformly accelerated rectilinear motion, \( v_1 < v_2 \), and \("	multiple_answer_choice	A, B	Acceleration###The definition and characteristics of uniformly accelerated linear motion.###Kinematics v-t graph	"[Answer] Solution: As shown in the v-t graph, it can be observed that the speed at the midpoint time is v\textsubscript{2}. The area enclosed by the graph and the time axis represents the displacement of the object. Therefore, it can be determined from the graph that the displacement at the \(\frac{t}{2}\) moment is less than half of the total displacement. Hence, the midpoint position should be to the right of the midpoint time, indicating that the corresponding speed at this time must be greater than v\textsubscript{2}. Uniformly decelerated linear motion is similar to uniformly accelerated linear motion, but t\textsubscript{1} < \(\frac{t}{2}\), so AB is correct, and CD is incorrect. Thus, choose: AB.

[Analysis] This question can derive the midpoint of displacement and the magnitude of the speed at the mid-time from the graph, allowing for a comparison of the two"	2017	high	hard
32	"The correct statements are:  
A. The sensitive element of a sensor refers to the part that can directly perceive or respond to external measured non-electrical quantities.  
B. To achieve a good electrostatic shielding effect, a sealed metal container is generally used.  
C. To receive higher frequency electromagnetic waves, the number of coils in the receiving antenna can be reduced.  
D. If an oscillating circuit has no resistance, the amplitude of the oscillating current remains unchanged, and oscillation can continue indefinitely."	multiple_answer_choice	A, C	Prevention and Utilization of Static Electricity###Emission, propagation, and reception of electromagnetic waves###Electromagnetic oscillation###Common sensors in daily life	nan	2024	high	hard
2285	"The correct statement is (    )  
A. The temperature of a fixed mass of ideal gas always increases after an adiabatic compression process.  
B. When inflating a bicycle tire, the pump rebounds after being pressed down due to molecular repulsion.  
C. The physical properties of crystals are all anisotropic.  
D. When a truck carrying sand is parked on a horizontal surface and slowly unloading, if the tires do not leak air and the gas temperature in the tires remains constant, ignoring intermolecular potential energy, then the gas in the tires absorbs heat from the external environment.  
E. Brownian motion of particles suspended in liquid is caused by the imbalance of collisions from liquid molecules."	multiple_answer_choice	A, D, E	Brownian motion###Microscopic explanation of gas pressure###The First Law of Thermodynamics and Its Applications###Crystal and amorphous solid	nan	2024	high	medium
1790	"The term ""physics"" first appeared in China's Jin Dynasty, referring broadly to the principles of things. It originates from ""appreciating the beauty of heaven and earth and analyzing the principles of all things"" in Zhuangzi's ""The World."" Regarding the thoughts and methods in physics, the following statements are correct:

A. Acceleration \(a = \frac{F}{m}\) uses the method of ratio definition.

B. The concepts of the center of gravity and resultant force both demonstrate the idea of equivalence.

C. Using a point charge to replace a charged body employs the method of hypothesis.

D. Galileo's ideal inclined plane experiment applied the method of reasonable extrapolation based on reliable facts."	multiple_answer_choice	B,D	Equivalent method###Ratio definition method###Ideal Model Method###Galileo's inclined plane experiment	nan	2024	high	easy
1788	"In the formula for universal gravitation \(F = \frac{Gm_{1}m_{2}}{r^{2}}\), the correct statements are:

A. \emph{G} is the gravitational constant, which is measured experimentally and not defined arbitrarily.
B. When \emph{r} approaches zero, the gravitational force approaches infinity.
C. The forces on \emph{m}\textsubscript{1} and \emph{m}\textsubscript{2} are always equal in magnitude.
D. The forces on \emph{m}\textsubscript{1} and \emph{m}\textsubscript{2} are always equal in magnitude and opposite in direction, forming a pair of balanced forces."	multiple_answer_choice	A, C	Distinguish between interaction forces and equilibrium forces.###Law of Universal Gravitation	"Solution:

A. G is the gravitational constant, which was measured by Cavendish through experiments, not arbitrarily defined by humans, so A is correct.

B. When r approaches zero, the two objects cannot be considered as point masses, thus the gravitational formula no longer applies, and gravity will not approach infinity, so B is incorrect.

CD. The gravitational forces on \(m_{1}\) and \(m_{2}\) are always equal in magnitude and opposite in direction, representing action and reaction forces. C is correct, D is incorrect.

Therefore, the answer is AC.

Analysis: The gravitational constant was measured by Cavendish through experiments, not arbitrarily defined. The gravitational formula is only applicable to interactions between point masses. This should be analyzed based on the characteristics of action and reaction forces."	2024	high	easy
134	"The correct statements are: _____.
A. The principle of the color ultrasound used in hospitals for detection is: Ultrasonic waves are emitted into the patient's body, reflected by blood, and received; by measuring the frequency change of the reflected waves, the speed of blood flow can be determined. This technology applies the Doppler effect.
B. The restoring force of a simple pendulum in harmonic motion is always directly proportional to the displacement from the equilibrium position.
C. When a diver in the water looks diagonally up at an object on the shore, the object appears lower than its actual position.
D. Bubbles in water appear very bright because when light is emitted from the bubble into the water, some of the light undergoes total reflection at the interface.
E. When a stationary person on the ground observes a rod moving rapidly along its own length, the rod's length appears shorter than when it's stationary."	multiple_answer_choice	A, B, E	Simple Pendulum and Its Restoring Force and Period###Doppler Effect###The Relativistic View of Space-Time and the Limitations of Newtonian Mechanics	[Answer] A. The principle of the Doppler ultrasound used in hospitals for examinations is to emit ultrasound waves into the patient's body, which are then reflected by the blood and received. By measuring the frequency changes of the reflected waves, the blood flow speed can be determined. This technique applies the Doppler effect, so A is in line with the question. B. The restoring force of simple harmonic motion is \( F = -kx \); \( x \) is the displacement from the equilibrium position. Hence, the magnitude of the restoring force in simple harmonic motion is always directly proportional to the displacement from the equilibrium position. B is in line with the question. C. The condition for light refraction is that when light enters another transparent medium at an angle, it is refracted. Light hitting the water surface at an angle refracts according to this condition. As light enters the water, it bends toward the normal and enters the diver's eyes. Due to the illusion that light travels in a	2019	high	hard
74	"EUV lithography machines are the most advanced lithography machines in the world. This machine uses extreme ultraviolet light as a light source. According to available information, extreme ultraviolet light is ultraviolet light with a wavelength of \(\lambda\), and given that Planck's constant is \(h\) and the speed of light is \(c\), the following statements are correct:

A. The propagation speed of extreme ultraviolet light in a vacuum is greater than that of red light.

B. The energy of extreme ultraviolet light is discrete.

C. The frequency of extreme ultraviolet light is \(\frac{c}{\lambda}\).

D. If the luminous power of the extreme ultraviolet light source is \(P\), then the number of photons emitted per unit time is \(\frac{P}{h\lambda}\)."	multiple_answer_choice	B, C	The period, frequency, and wave speed of electromagnetic waves.###Photon and its momentum	nan	2024	high	medium
1547	"The correct statements are (   )
A. Faraday discovered the phenomenon of electromagnetic induction and was the first to capture electromagnetic waves through experiments.
B. Planck proposed the concept of energy quantization, suggesting that the energy of microscopic particles is discrete (not continuous).
C. Maxwell proposed that light is an electromagnetic vibration that propagates in the form of waves.
D. Ørsted believed that electromagnetic interaction is realized through a medium called a field, and he creatively introduced magnetic field lines to visually represent the physical picture of this field."	multiple_answer_choice	B, C	Magnetic phenomena and magnetic fields, magnetic field lines###The discovery of electromagnetic induction and the conditions for generating induced current###Generation of Electromagnetic Fields and Electromagnetic Waves###Quantum energy and quantization phenomena	"Answer: 

A. Hertz was the first to capture electromagnetic waves through experiments, while Faraday discovered electromagnetic induction phenomena; A is incorrect.  
B. Planck's proposition of energy quantization suggests that the energy of microscopic particles is discrete, which aligns with historical facts; B is correct.  
C. Maxwell indicated that light is a type of electromagnetic wave; C is correct.  
D. Faraday believed that electromagnetic interaction was realized through a medium called a field and introduced magnetic lines of force; D is incorrect.  

Therefore, B and C are the correct choices.  

Analysis: Answer based on the history of physics and common knowledge by remembering the contributions of famous scientists."	2023	high	medium
56	"The following statement is correct (    ):
A. Elementary charge refers to a charge that is numerically equal to the charge of an electron.
B. The formulas for electric field intensity \(E= \frac{F}{q}\) and \(E=k \frac{Q}{r^{2}}\) are applicable to any electrostatic field.
C. Faraday proposed the concept of the electric field and was the first to use field lines to vividly describe an electric field.
D. According to the principle of superposition of electric fields, the resultant field intensity must be greater than the individual field intensities."	multiple_answer_choice	A, C	Electric field strength and electric field lines###Elementary charge	[Answer] Solution: A. Elementary charge is the amount of charge equal to that of an electron, which meets the requirements of the question; B. The formula for electric field intensity \(E= \frac{F}{q}\) and \(E=k \frac{Q}{r^{2}}\), the former applies to any electrostatic field, while the latter applies to point charge fields, and does not meet the requirements; C. Faraday first proposed the concept of the field and used electric field lines and magnetic lines of force to vividly describe electric and magnetic fields, meeting the requirements; D. According to the principle of superposition of field strength, the resultant electric field strength is not necessarily greater than the component field strength, and does not meet the requirements. Therefore, select: AC. [Analysis] AC is a conceptual test point, and memorizing textbook content is fundamental; B examines the applicable range of formulas, the first formula is a definition applicable in electrostatic fields, the	2017	high	easy
46	"The correct statements are (     ):
A. The colorful patterns on the oil film on the road's water surface are due to light interference.
B. Holography utilizes the good coherence properties of lasers.
C. The polarization of light indicates that light is a longitudinal wave.
D. X-rays are more prone to diffraction than radio waves.
E. In a double-slit interference experiment, changing the incident light from red to violet causes the spacing between adjacent bright fringes to narrow."	multiple_answer_choice	A, B, E	Interference of light###Phenomena of Light in Life###Diffraction of light###Phenomenon of light polarization	"Answer: A. The colorful stripes on the oil film are caused by the overlapping of light from inner and outer films, which is light interference. A fits the description. B. Holography utilizes the good coherence properties of lasers. B fits the description. C. The polarization phenomenon of light indicates that light is a transverse wave, not a longitudinal wave. C does not fit the description. D. X-rays have shorter wavelengths than radio waves, making them less prone to diffraction. D does not fit the description. E. In the double-slit interference experiment, the fringe spacing is \(\Delta x = \frac{L}{d} \cdot \lambda\). If the incident light is changed from red light to violet light, since the wavelength of red light is greater than that of violet light, the spacing between adjacent bright fringes becomes smaller, so E is correct. Therefore, the answer is: ABE. 

Analysis: Choose correct statements based on the principles of"	2018	high	easy
690	"Regarding solids and liquids, the correct statements are:

A. When a heated needle tip touches the backside of a mica sheet coated with a thin layer of beeswax, the melted beeswax forms an elliptical shape, indicating that mica is a crystal.

B. When a needle is gently placed on the water surface, it floats due to the surface tension of water.

C. When the interaction between a liquid and a solid is less than the interaction between liquid molecules, the phenomenon observed is non-wetting.

D. Liquid crystals have fluidity like liquids, but their optical properties exhibit anisotropy."	multiple_answer_choice	A, B, D	Crystal and amorphous solid###Surface tension of a liquid###Infiltrating and non-infiltrating###Liquid crystal	nan	2024	high	easy
424	"In the following experiments, the correct statement is (       )
A. In the ""Measuring Gravitational Acceleration with a Pendulum"" experiment, timing begins when the pendulum reaches its highest point.
B. In the ""Making a Burglar Alarm for Doors and Windows"" experiment, a reed switch converts the relative position of the door and door frame, which is a non-electrical quantity, into an electrical circuit connection.
C. In the ""Study of Momentum Conservation in Collisions on an Air Track"" experiment, an air track is used to reduce friction, and a digital timer is used to measure the speed of the slider before and after the collision.
D. In the ""Estimation of Oleic Acid Molecule Size with the Oil Film Method"" experiment, to allow the oleic acid to spread fully and obtain a monomolecular oil film, the oleic acid needs to be diluted in alcohol before being dropped into water."	multiple_answer_choice	B, C, D	Verify the law of conservation of momentum.###Estimate the size of oleic acid molecules using the oil film method.###Creating simple automatic control devices using sensors###Measuring Gravitational Acceleration Using a Pendulum	nan	2023	high	easy
1612	"Regarding solids and liquids, which of the following statements is correct? 
A. Rainwater does not pass through a fabric umbrella because of the surface tension of the liquid. 
B. Capillary action can occur in wetting liquids and in non-wetting liquids as well. 
C. Liquid crystals are simply liquids and possess all the properties of liquids. 
D. Crystals always have a regular shape and anisotropic characteristics."	multiple_answer_choice	A, B	Crystal and amorphous solid###Surface tension of a liquid###Capillary action###Liquid crystal	nan	2024	high	easy
604	"The following statement is correct (     ):
A. When the attractive and repulsive forces between molecules are balanced, the molecular potential energy is minimal.
B. In the ""oil film method for estimating molecular size"" experiment, the diameter of the oleic acid molecule equals the volume of a drop of oleic acid alcohol solution divided by the area of the corresponding oleic acid film.
C. Temperature always transfers from the object with a larger average molecular kinetic energy to the object with a smaller average molecular kinetic energy.
D. When a certain amount of water evaporates into water vapor at the same temperature, the absorbed heat exceeds the increase in its internal energy.
E. For a certain mass of ideal gas, when the pressure remains unchanged, the average collision frequency of molecules against the unit area of the container wall per second increases as the temperature decreases."	multiple_answer_choice	A, D, E	Estimate the size of oleic acid molecules using the oil film method.###Microscopic explanation of gas pressure###Molecular potential energy###The First Law of Thermodynamics and Its Applications###Thermal Equilibrium and the Law of Thermal Equilibrium	nan	2024	high	medium
809	"Regarding the description of thermal phenomena, which of the following statements is correct? (    )
A. The larger the pollen particles floating on the surface of the water, the more water molecules collide with the pollen particles, making Brownian motion less noticeable.
B. The higher the temperature of a gas, the greater the kinetic energy of each gas molecule.
C. Water at zero degrees Celsius has more molecular potential energy than ice of the same mass at zero degrees Celsius.
D. Internal energy can be transferred from a high-temperature object to a low-temperature object, and also from a low-temperature object to a high-temperature object."	multiple_answer_choice	A, C, D	Brownian motion###The statistical law of molecular motion rates###The internal energy of an object###The Second Law of Thermodynamics	"Answer: 

A. The larger the pollen particles floating on the water surface, the more water molecules collide with them, making the impact of molecules on pollen particles tend to balance, resulting in less pronounced Brownian motion. A meets the criteria.

B. Temperature is an indicator of the average kinetic energy of molecules. The higher the temperature of the gas, the greater the average kinetic energy of the gas molecules, but not every gas molecule has increased kinetic energy. B does not meet the criteria.

C. The internal energy of an object equals the sum of the kinetic and potential energy of all molecules. When ice at zero degrees Celsius turns into water at the same temperature, it absorbs heat, meaning that water has more internal energy than ice of the same mass. Since the temperature is the same, the average kinetic energy of the molecules is the same, so water at zero degrees Celsius has a higher molecular potential energy than ice at the same mass and temperature. C meets the criteria.

D. According to"	2023	high	easy
1084	"The following unit does not belong to the base units of the International System of Units: (   )  
A. N B. m/s C. W D. m"	multiple_answer_choice	A, B, C	Unit system	Answer: The seven base units in the International System of Units are: meter, kilogram, second, ampere, kelvin, mole, and candela. The question asks for a unit that is not a base unit in the International System of Units, so the answer is: ABC. Analysis: The seven base units in the International System of Units are: meter, kilogram, second, ampere, kelvin, mole, and candela.	2024	high	easy
1276	"The correct statements regarding electromagnetic fields and electromagnetic waves are as follows: 
A. There is always an electric field around a changing magnetic field, regardless of whether there is a closed circuit.
B. As long as the electric or magnetic field at a certain location in space changes, electromagnetic waves will be generated around it.
C. During the propagation of electromagnetic waves, electric and magnetic fields exist independently without correlation.
D. Electromagnetic waves can also transfer energy and exhibit wave phenomena such as interference and diffraction."	multiple_answer_choice	A, D	Generation of Electromagnetic Fields and Electromagnetic Waves###Emission, propagation, and reception of electromagnetic waves###Application of Electromagnetic Waves	Answer: A. According to Maxwell's electromagnetic field theory, there is always an electric field around a changing magnetic field, regardless of whether there is a closed loop, A fits the description. B. If the electric or magnetic field in space changes uniformly, a constant magnetic or electric field will be produced and will not continue to generate electromagnetic waves, B does not fit the description. C. The process of electromagnetic wave propagation is the process of the electric field exciting the magnetic field and the magnetic field exciting the electric field, both are interconnected and inseparable, C does not fit the description. D. Electromagnetic waves can transmit energy, and as a type of wave, they exhibit interference and diffraction phenomena, D fits the description. Therefore, the answer is: AD Analysis: Conclusions can be drawn using Maxwell's electromagnetic field theory and the process of generating electromagnetic waves.	2024	high	easy
2319	"As shown in the figure, it is the nameplate of a certain brand of electric vehicle. The following statements are correct (    ):

A. The capacity of the battery is 60 A·h  
B. If the battery discharges at a current of 6 A, it can work for 10 h  
C. If the battery discharges at a current of 6 A, it can work for 60 h  
D. The battery can store a charge of 60 C when fully charged"	multiple_answer_choice	A, B	Electrical power and electrical work###Knowledge of Household Electricity	"**Answer**: \(A \cdot h\) is the unit of battery capacity, which is the product of discharge current and working time, so A and B are consistent with the context; C is not consistent with the context; and since \(1C = 1A \cdot s\), this battery can store \(60 \times 3600C\) when fully charged, so D is not consistent with the context.\\
**Analysis**: This question examines the concept of battery capacity and the conversion of international units."	2023	high	easy
