index	question	category	answer	knowledge	analysis	year	grade_level	difficulty_level
971	"A biology technology activity group from a certain middle school designed an investigative activity to ""compare the distribution of bacteria on hands before and after washing"" in order to detect bacteria in different environments. Please help complete the design plan and answer the questions.

1. Pose a question: ( )
2. Make a hypothesis: There are more bacteria on hands before washing than after washing.
3. Develop and implement a plan
   ① Divide nine sterilized petri dishes with culture medium into three groups, and label the bottom of each dish: Before Washing, After Washing, Blank Control.
   ② Open the petri dishes, and let three students gently press the fingertips of five fingers onto the culture medium labeled ""Before Washing.""
   ③ The three students wash their hands thoroughly with soap, then gently press the fingertips of five fingers onto the culture medium labeled ""After Washing.""
   ④ The ""Blank Control"" group ( ).
   ⑤ Place the three types of petri dishes in a ( ).

(3 possible blank fill-ins)"	fill_in_the_blank	Are there as many bacteria on hands before and after washing; no treatment; an incubator at a constant temperature for a set period.	The distribution of bacteria and fungi###The main stages of scientific inquiry	"Answer: 

(1) To ""compare the distribution of bacteria on hands before and after washing,"" the proposed question is: Are there as many bacteria on hands before washing as after washing? 

(2) Formulate a hypothesis: There are more bacteria on hands before washing than after washing.

(3) Develop and implement a plan: 
① Divide 9 sterilized Petri dishes with culture medium into three groups, labeling them: before washing, after washing, and blank control. 
② Open the dishes, and three students gently press the tips of five fingers onto the medium labeled ""before washing.""
③ The students then wash their hands with soap, and press their fingers onto the medium labeled ""after washing.""
④ The ""blank control"" group is untreated. 
⑤ Incubate the three types of cultures at 37°C and observe after a day.
⑥ Use a magnifying glass to count the number of bacterial colonies in the dishes, averaging to reduce error.

(4)"	2014	middle	hard
6050	When making a temporary slide of onion epidermal cells, first place a drop of ______ on the slide; the purpose is ______. In making a temporary slide of human oral epithelial cells, the drop added to the slide is ______, with the purpose of ______. For staining, ______ is used, and ______ is used to draw it from the other side.	fill_in_the_blank	Clear water; keep the experimental materials fresh; saline solution; maintain the normal functional morphology of cells; iodine solution; absorbent paper	Structure and Use of a Microscope	[Answer] This question mainly examines the process of making temporary slides of plants and animals. First, place a drop of clean water on the slide to keep the experimental material fresh. In the case of making a temporary slide of human oral epithelial cells, physiological saline is added to the slide to maintain the normal morphology and function of the cells. Iodine solution is used for staining, and absorbent paper is used on the other side to draw it off. [Analysis] The key to answering this question is to have a proficient understanding of the preparation of temporary slides for plants and animals.	others	middle	hard
6054	"Match the following animals with their corresponding characteristics:
Domestic pigeon \ul{　 　} B. Feathers cover the body, air sacs assist in breathing
Fish \ul{　 　} A. Scales cover the body, breathes with gills
Wolf \ul{　 　} C. Hair covers the body, teeth are differentiated into incisors, canines, and molars

(2) Match the members of the ant family with their functions.
Queen ant \ul{　 　} B. Specializes in laying eggs
King ant \ul{　 　} A. Mates with the queen ant
Worker ant \ul{　 　} D. Forages, builds nests, feeds, etc.
Soldier ant \ul{　 　} C. Defends the ant colony"	fill_in_the_blank	"(1) B; A; C  
(2) B; A; D; C"	Social behavior###Characteristics of Animal Groups (Comprehensive)	"Answer: 

(1) The body surface of domestic pigeons is covered with feathers, and they have many air sacs inside that assist the lungs in dual breathing. Fish live in the water with scales on their surfaces and breathe with gills. Wolves are mammals with fur-covered bodies for insulation, have a diaphragm in the body cavity, and teeth divided into incisors, molars, and canines.

(2) Termites are animals with social behavior, often forming a certain level of organization within the group; there is a clear division of labor among members. The group includes female ants, male ants, worker ants, and soldier ants. The female ant, also known as the queen, is dedicated to egg production; worker ants are responsible for nest building and feeding the queen, male ants, larvae, and soldiers. Soldier ants are primarily responsible for protecting the nest, while the king ant mainly mates with the queen.

Analysis: Birds have streamlined bodies covered with feathers, wings adapted for flight,"	2017	middle	hard
6031	"""Ah-choo!"" When people sneeze, they take a deep breath, and the air from their lungs is forcefully expelled through the trachea. Flu patients have a large amount of viruses and bacteria in their nasal cavities. When the nasal mucosa gets irritated by them, the body will sneeze repeatedly. A single sneeze can project droplets carrying a large number of pathogens up to 4 meters away. Some people allergic to pollen may also sneeze continuously when admiring flowers.

(1) During a sneeze, the air from the lungs is expelled through: Lungs → Bronchi → ( ) → Larynx → Pharynx → Nose

(2) Sneezing is a response of the body when the nasal mucosa is stimulated. It is the ( ) line of defense of the body, belonging to ( ) immunity.

(3) Pollen, as a foreign substance, can induce sneezing; it is considered a(n) ( ) (antigen/antibody)."	fill_in_the_blank	Trachea; One; Non-specific; Antigen	Composition of the Respiratory System###The body's three lines of defense	[Answer] Solution: (1) The respiratory tract is composed of the nasal cavity, pharynx, larynx, trachea, and bronchi, serving as the passage for gases into the lungs. During a sneeze, gases from the lungs are expelled through: lungs → bronchi → trachea → larynx → pharynx → nose. (2) The skin and mucous membranes represent the body's first line of defense, capable of clearing and blocking foreign matter, and possessing bactericidal properties. This function targets all pathogens and is a non-specific immunity. (3) Pollen, as a foreign substance, can trigger sneezes. It is considered a non-self component and is an antigen. (4) Influenza is an infectious disease. Influenza patients can spread pathogens, making them sources of infection. (5) Influenza is a respiratory infectious disease transmitted through air and droplets. Therefore, when sneezing, one should cover their mouth and	2012	middle	hard
7651	"After the rain cleared, several students went on a group outing. The countryside displayed a vibrant and harmonious scene: on the grass, earthworms were wriggling; in the grass, lizards poked out their cute heads; on the treetops, cicadas were singing loudly; on the young leaves, snails were greedily munching; in the pond, schools of carp were swimming; nearby, a flock of sparrows were joyfully foraging; in the distance, two water buffaloes were leisurely grazing...

Based on the animals mentioned in the passage, answer the following:
(1) Mollusks: \_\_\_; Reptiles: \_\_\_.
(2) Animals that reproduce by giving birth and nursing: \_\_\_.
(3) Name two of the invertebrate animals: \_\_\_, \_\_\_."	fill_in_the_blank	"(1) Snail; Lizard  
(2) Buffalo  
(3) Earthworm; Cicada"	Characteristics of Mammals and Their Relationship with Humans###Annelids and Their Relationship with Humans###Mollusks and Their Relationship with Humans###The characteristics of reptiles and their relationship with humans	[Answer] Solution: (1) The snail is a mollusk, the lizard is a reptile, the earthworm is an annelid, the cicada is an arthropod, the crucian carp is a fish, the sparrow is a bird, and the buffalo is a mammal. (2) The animal that reproduces by viviparity and breastfeeding is the buffalo, because it is a mammal. (3) Vertebrates have a spine composed of vertebrae, while invertebrates do not have a spine. The vertebrates mentioned in the question are the lizard, crucian carp, sparrow, and buffalo. The invertebrates are the earthworm, cicada, and snail. Therefore, the answers are: (1) snail; lizard; (2) buffalo; (3) earthworm; cicada. [Analysis] Based on the analysis of the data, the animals involved are earthworm, lizard, cic	2014	middle	hard
978	"In the Taoyuan Mountain Villa in Huaihua, peach trees are everywhere. In March and April, the peach blossoms bloom brilliantly, and in May and June, the branches are full of peaches.

(1) In classification, the peach belongs to __ plants. To better promote the Huang peach of Taoyuan Mountain Villa, it is best to use grafting, which is a form of __ (fill in ""asexual"" or ""sexual"") reproduction.

(2) The most important structure in the peach flower is __.

(3) The peach is a fruit, which develops from the flower's __.

(4) Walking into the peach grove feels very cool, which is related to the plant's __."	fill_in_the_blank	"(1) Angiosperm; Asexual  
(2) Flower's pistil (or pistil and stamen)  
(3) Ovary  
(4) Transpiration"	The Formation of Fruits and Seeds###The structure of a flower###Vegetative propagation (grafting, cutting, layering, etc.)###Transpiration and its significance###Angiosperms	"Answer:

(1) The peach is a fruit with seeds covered by a pericarp, belonging to angiosperms. Farmers often use grafting to reproduce superior peach tree varieties. This reproduction method does not involve the fusion of sexual reproductive cells; it directly develops into new individuals from the parent body, classified as asexual reproduction.
Thus, the answer is: angiosperm; asexual.

(2) The parts of the peach flower directly related to forming fruit and seeds are the stamens and pistils, which are the main structures of the flower.
Thus, the answer is: stamens and pistils (or pistils and stamens).

(3) After pollination and fertilization, the ovary of the peach flower develops into fruit.
Thus, the answer is: ovary.

(4) Walking into a peach orchard feels very cool because plants' transpiration can lower the atmospheric temperature.
Thus, the answer is: transpiration.

Analysis:
1. Fruit trees"	2023	middle	hard
959	"In early December 2022, our country comprehensively considered various factors and timely adjusted its prevention and control policies, changing COVID-19 management from Class A to Class B and gradually restored normal production and living order. At present, COVID-19 has been effectively controlled in our country.

(1) COVID-19 is a respiratory infectious disease caused by the coronavirus. The coronavirus is the ( ) of this infectious disease. Among the three links of infectious disease spread, the source of infection for COVID-19 is ( ), the transmission route is ( ).

(2) During the COVID-19 epidemic, we adopted a series of strict control measures. In the prevention measures for infectious diseases, the purpose of nucleic acid testing and isolating patients is ( ); the purpose of wearing masks and maintaining safe social distances is ( ). Vaccination belongs to ( ).

(3) During the epidemic, the pathogenic and mortality rates of COVID-19."	fill_in_the_blank	(1) Pathogen; COVID-19 patients or virus carriers; air or droplets.(2) Control the source of infection; cut off transmission routes; protect susceptible populations.(3) Antigen; specific immunity.	Infectious Diseases and Their Causes###The basic links in the transmission of infectious diseases###Preventive measures for infectious diseases###Nonspecific immunity and specific immunity of the human body	"Answer:

(1) COVID-19 is caused by the coronavirus, and bacteria and viruses that cause illness are called pathogens. COVID-19 patients and virus carriers can spread the virus and are considered sources of infection. COVID-19 is a respiratory infectious disease transmitted via air and droplets.

Fill: Pathogen; COVID-19 patients and virus carriers; Air or droplets

(2) In infectious disease prevention measures, nucleic acid testing and isolating patients aim to prevent the spread of the virus from the source of infection, known as controlling the source of infection. Wearing masks and maintaining a safe social distance aim to block the path of pathogens from the source to healthy individuals, known as cutting off the transmission route. Vaccinating healthy individuals to produce antibodies and gain immunity to specific diseases is called protecting susceptible populations.

Fill: Controlling the source of infection; Cutting off the transmission route; Protecting susceptible populations (or protecting susceptibles)

(3) From an immunological perspective, vaccines stimulate lymphocytes to"	2023	middle	hard
1706	Factors in the environment that affect the life and distribution of organisms can be divided into two categories: \_\_\_ and \_\_\_.	fill_in_the_blank	Biotic factors; abiotic factors	Composition of the environment and ecological factors	"Answer: Abiotic factors include sunlight, air, temperature, water, soil, etc. Biotic factors refer to all other living organisms in an environment that affect the life of a specific organism, including individuals of the same and different species. Common relationships between organisms include predation, competition, cooperation, and parasitism.

Therefore, the answer is: Biotic factors; Abiotic factors.

Analysis: Factors in the environment that influence the life and distribution of organisms are called ecological factors, which can be divided into abiotic factors and biotic factors."	2018	middle	medium
951	"On April 20th this year, a 7.0 magnitude earthquake struck Ya'an, Sichuan, garnering significant attention towards the affected areas.

(1) Earthquakes are one form of crustal movement, with plate ( ) and extension being the primary causes.

(2) In early May, heavy rain fell across the disaster area, causing localized landslides. The mudslide descending from the heights had massive ( ) energy, posing new dangers to the lives and property of the affected population.

(3) To protect the health of the affected communities, relevant departments vaccinated nearly 40,000 local people against hepatitis A, measles, and other diseases. From the perspective of epidemic prevention measures, this method is considered a ( ) measure."	fill_in_the_blank	Collision; Potential; Preventative	The origin of life on Earth###Preventive measures for infectious diseases	"[Answer] Solution: (1) Earthquakes are one form of crustal movement. Sometimes, crustal plates undergo violent motion, colliding and cracking when they move intensely, leading to earthquakes. (2) Mudslides cause significant harm because stones and mud are washed down from high places by rainwater. The mass remains unchanged while the height decreases and speed increases, meaning gravitational potential energy decreases and kinetic energy increases. Thus, gravitational potential energy is converted into massive kinetic energy. (3) Preventive measures for infectious diseases include controlling the source of infection, cutting off transmission pathways, and protecting susceptible populations. The source of infection refers to humans or animals that can spread pathogens; transmission pathways refer to how pathogens leave the source of infection and reach healthy individuals; susceptible populations are those lacking immunity to a certain pathogen and are easily infected. Vaccination belongs to protecting susceptible populations.
Hence, the answers are: (1) Collision; (2) Kinetic; (3) Protect susceptible populations."	2013	middle	hard
6059	"The curriculum standard has selected eleven themes: scientific inquiry, levels of biological organization, organisms and environments, plants in the biosphere, humans in the biosphere, animal movement and behavior, reproduction, development and genetics, biodiversity, biotechnology, and healthy living. Please briefly explain why these were chosen as primary themes?

The selected themes emphasize that humans and ( ) are the two most influential organisms in the biosphere. Therefore, they are treated as separate themes. Animals, ( ) bacteria and fungi, play significant roles. Given the abundance of anatomical and physiological knowledge in animals, and its similarity to human physiology, aside from animal movement and behavior, much knowledge is integrated into related themes. Rapid development of ( ) and its impact on life necessitate its inclusion. Teaching students to live ( ) is an important task of biology education."	fill_in_the_blank	plants; as well as; biotechnology; healthily	Overview of Biology	Biology is a natural science that studies the structure, function, origin, and development of living organisms, as well as their relationship with the surrounding environment. Given that fostering awareness and actions for environmental care and protection is a key goal of nine-year compulsory education, and considering the distinct characteristics of the biology curriculum, the content standards emphasize humans and the biosphere, and plants and humans as the two most influential organisms within it, with separate themes for plants in the biosphere and humans in the biosphere. Animals, bacteria, fungi, and other organisms also play significant roles in the biosphere. Due to the extensive knowledge of animal morphology, structure, and physiology, and the similarity between some physiological knowledge and human physiology, animal movement and behavior are designated as a separate theme, while other knowledge is primarily distributed across related themes. Considering the rapid development of biotechnology, its significant social and economic benefits, and its growing impact on the lives and development of ordinary citizens, a theme on biotechnology is included. Given	2018	middle	hard
6033	"""Little white rabbit, white and white, with two ears standing up, loves eating carrots and vegetables, hopping around so cute."" Singing this nursery rhyme in the Year of the Rabbit feels like returning to the joyful times of childhood. 

(1) The hopping of the little white rabbit mainly relies on the skeletal and ( ) system to complete movements.  
(2) The keen hearing of the little white rabbit and its immediate escape response to danger is a ( ) reflex, gradually formed by its ancestors during long-term evolution, which aligns with the ""theory of natural selection"" proposed by scientist ( ).  
(3) Rabbits have various fur colors such as black and white, which are a pair of ( ) traits.  
(4) The way rabbits reproduce and nurture offspring has ( ) characteristics, categorizing them as mammals.  
(5) Compared to the teeth of wolves, carrot ( ) ( )."	fill_in_the_blank	skeletal muscle; complex; Darwin; relative; viviparous, lactation; dog; adaptation	Coordination of bones, joints, and muscles###The theory of biological evolution	"Solution: (1) The locomotor system of mammals consists of bones, bone connections, and skeletal muscles, with bones and bone connections forming the skeleton. (2) Innate reflexes present from birth are unconditional reflexes, whereas acquired reflexes developed during life are conditional reflexes. The reaction of a rabbit immediately fleeing upon sensing danger belongs to the complex conditional reflex; this was gradually formed by its ancestors over a long evolutionary process. This process of survival, where the fittest survive and the unfit are eliminated, is what scientist Darwin proposed as the ""theory of natural selection."" (3) In genetics, different manifestations of the same trait in organisms of the same species are called relative traits. The varied fur colors of rabbits, such as black fur and white fur, are a pair of relative traits. (4) The reproduction and rearing of offspring in rabbits is viviparous and lactational, qualifying them as mammals. (5) Rabbits are herbivorous mammals"	2011	middle	hard
979	"Helicobacter pylori is a bacterium with a spiral structure and flagella. When the epithelial cells of the human stomach are infected with Helicobacter pylori, they secrete hydrolase (FUCA₂), which catalyzes the hydrolysis of fucose on glycoprotein amino chains. Helicobacter pylori can take in the hydrolysis products of fucose from gastric epithelial cells, obtaining nutrients and energy for growth. Additionally, Helicobacter pylori may be transmitted to healthy people through dietary routes. Based on the above information, answer the following questions.

(1) The most fundamental difference in cell structure between Helicobacter pylori and fungi is ( );  
(2) The catalytic action of FUCA₂ has the characteristics of ( ); according to the mode of assimilation, the nutritional type of Helicobacter pylori belongs to ( );
(3) Helicobacter pylori multiplies by ( ); the prevention of infection involves ( )."	fill_in_the_blank	(1) No formed cell nucleus; (2) Specificity, high efficiency; heterotrophic; (3) Division; cut off transmission routes	Morphology and Nutritional Modes of Bacteria###Bacterial reproduction###Preventive measures for infectious diseases###The relationship between bacteria and humans	"【Answer】

Solution:

(1) Bacteria are unicellular organisms without a defined nucleus, belonging to prokaryotes. Mold belongs to fungi, with a defined cell nucleus, and belongs to eukaryotes.

(2) The catalytic action of enzymes is characterized by specificity and high efficiency. Bacterial cells lack chloroplasts, and their mode of nutrition is heterotrophic.

(3) Bacteria reproduce through binary fission. Ecologically, all Helicobacter pylori in a patient's stomach can be regarded as a population.

(4) There are three measures to prevent infectious diseases: controlling the source of infection, cutting off transmission routes, and protecting susceptible populations. Using ""public chopsticks"" at gatherings helps prevent Helicobacter pylori transmission, which is a measure to cut off transmission routes.

Therefore, the answers are:

(1) Without a defined nucleus;
(2) Specificity, high efficiency; heterotrophic;
(3) Binary fission; population;
("	2016	middle	hard
7656	"The past COVID-19 pandemic forged our great spirit of combating the epidemic, answer the following questions:

(1) The coronavirus is extremely small, and scientists need to use an ( ) to magnify it hundreds of thousands of times to observe it. The coronavirus has no cellular structure and is only composed of a protein shell and internal ( ).

(2) People infected with the coronavirus may develop severe lung inflammation, and when they speak or cough, they release many droplets containing the virus. Such patients are part of the basic elements of infectious disease spread and should be mandatorily isolated and treated. During the pandemic, healthy people should also take protective measures. Please list two appropriate measures: ( ) and ( ).

(3) Though the pandemic is ruthless, there is great love among people. It is remembered that during the early research and development of the COVID-19 vaccine, many recovered ( ).

(4) Viruses need to ( ) living cells."	fill_in_the_blank	Electron microscope; genetic material; wear masks properly; wash hands frequently; antibody; parasitize	The role of viruses in nature and their relationship with human life###The basic links in the transmission of infectious diseases###The body's three lines of defense	"Answer:

(1) Viruses are extremely tiny organisms, generally about 100 nanometers in diameter. They are so small that they cannot be seen with an optical microscope and require an electron microscope. The structure of viruses is very simple, consisting of a protein shell and internal genetic material rather than basic cell structures.

(2) Infectious diseases involve three elements: the source of infection, the transmission route, and susceptible groups. The source of infection refers to people and animals with the disease, who are capable of spreading it. For instance, individuals with COVID-19 can spread the disease through coughing. During the COVID-19 pandemic, healthy individuals can prevent infection by breaking the transmission pathway, for example, by wearing masks, ventilating frequently, and washing hands regularly. Protecting susceptible groups, such as through COVID-19 vaccinations and appropriate exercise to boost immunity, is also effective.

(3) After entering the internal environment of the human body, the coronavirus stimulates the immune system to produce corresponding"	2024	middle	hard
6048	"""The Fighter Jet Among Chickens"" -- According to reports: On a farm in the UK, a hen once hatched five ducklings. These ducklings followed the hen closely right after they were born. Faced with these ducklings that looked different from herself, the hen did not mind at all and often took them out for ""walks.""  
(1) After being laid, duck eggs must undergo the process of ( ) for the ducklings to hatch.  
(2) The structure in the duck egg that can develop into ducklings is the ( ).  
(3) The behavior exhibited by this hen and the ducklings belongs to ( ) behavior."	fill_in_the_blank	Incubation; Blastodisc; Imprinting	Innate behavior and learned behavior###Reproduction and Development of Birds	Answer: Solution: (1) After successful courtship, ducks lay large eggs. Since the outside temperature is lower than the body temperature, the eggs cannot continue to develop without incubation; only then can ducklings hatch. (2) The blastoderm is formed from the division of the fertilized egg and is the site of embryonic development. The structure of a duck egg, from the outside in, consists of the eggshell, shell membrane, air cell, chalaza, yolk membrane, yolk, and blastoderm. Ducklings develop from the blastoderm, which originates from the division of the fertilized egg. It appears as a small white disc on the surface of the yolk and is the site of embryonic development. (3) Innate behavior refers to the behavior animals are born with, determined by the genetic material within their bodies, while learned behavior is acquired after birth through learning. During the brooding period, stimulated by the ducklings, the hen	2012	middle	hard
2287	Living organisms grow from small to large, which is inseparable from cell growth and division. During cell division, the ( ) first divides into two, followed by the division of the cytoplasm into two parts, and finally, a new ( ) forms at the center, and in plant cells, a new ( ) also forms. In this way, one cell divides into two. The genetic material in the new cells after division is ( ) to that of the original cell.	fill_in_the_blank	Nucleus; Cell membrane; Cell wall; The same	The reason organisms grow from small to large	"Answer: Organisms grow from small to large for two reasons: cell growth and cell division. The process of cell division is: the nucleus divides into two, followed by the division of the cytoplasm into two parts, each containing a nucleus. Finally, a new cell membrane forms in the center of the cell. In animals and plants, plants also need to form a new cell wall, thus one cell divides into two. During cell division, chromosomes divide into two identical halves in form and number, entering two new cells, so the genetic material in the new cell is the same as that in the original cell. Therefore, the answer is: Growth; Nucleus; Cell membrane; Cell wall; Identical.

Analysis: This mainly examines how cells produce new cells through division. Answer questions by relating to the process and significance of cell division, or by referring to cell division diagrams in textbooks."	2019	middle	medium
5537	In the experiment investigating the problem of dust particles in the air, the sampling detection method used is \ul{    }; to eliminate errors caused by random factors, \ul{    } should be set.	fill_in_the_blank	Five-point sampling method; duplicate group	Population growth issue	[Answer] In experiments investigating the issue of dust particles in the air, the sampling detection method used is the five-point sampling method; to eliminate errors caused by random factors, repeat groups should be established. [Analysis] In experiments investigating the issue of dust particles in the air, the sampling detection method used is the five-point sampling method; to eliminate errors caused by random factors, repeat groups should be established.	others	middle	medium
7653	"Correction fluid is a commonly used stationery item among students. After opening the cap, it has a pungent smell. We can't help but ask: Does correction fluid harm the human body? Please design an experiment to explore this question.

(Experimental materials: correction fluid, 6 white mice, food for mice—rice, cage to house the mice)

State the question: ( )
Make a hypothesis: ( )
Design the plan: ( )
Experimental results: ( )
Experimental conclusion: ( )."	fill_in_the_blank	Does correction fluid harm animals?; correction fluid (does not) harm animals; ① Divide six white mice evenly into two groups and place them in cages A and B, after a period of hunger. ② Divide food and water into two equal parts, with one part mixed with correction fluid and the other left untreated. Place these into cages A and B respectively. ③ Observe the mice's eating behavior. If the mice refuse to eat, they can be force-fed. ④ Observe for some time afterwards. If group A mice exhibit abnormalities while group B mice are normal, correction fluid harms animals, if both groups live normally, correction fluid does not harm animals.	Environmental Pollution and Its Control	"[Solution] Explanation: (1) Raise a question: Based on ""We can't help but ask: Does correction fluid harm the human body?"" the question posed is: Does correction fluid harm animals? (2) Make a hypothesis: A hypothesis is an affirmative or negative answer to the question. The hypothesis made is: Correction fluid (does not) harm animals. (3) Design a plan: ① Divide the food and water into two parts, mix one part with correction fluid, and leave the other untreated. Place them in cages A and B respectively; ② Divide 6 white mice into two groups and place them in the cages; ③ Observe the feeding behavior of the mice. If the mice do not eat, force-feed them; ④ Observe for a period of time. (4) Experimental results: ① Group A mice show abnormalities, while Group B mice are normal; ② Both groups of mice live normally. (5) Analyze results and draw a conclusion:"	2016	middle	hard
7659	"The rivers in Fuzhou hold a long history, once having clear waters with schools of fish and shrimp swimming freely... However, with urban development, the rivers became sewage discharge sites, becoming dirty and smelly, severely damaging the ecological balance. To restore the beautiful scene of ""green waters surrounding homes,"" the city government has begun a comprehensive cleanup of the rivers. Experts say that introducing appropriate fish species is an important step in water purification, such as releasing silver carp that primarily feed on algae. Utilizing the filter-feeding function of silver carp, China's researchers have developed a ""large bionic surface water cyanobacteria removal device,"" playing a significant role in river management.

(1) The river belongs to the ( ) (wetland/river) ecosystem.
(2) ""Fish cannot live without water"" indicates that ( ) is a necessary condition for the survival of aquatic organisms like fish and shrimp.
(3) The unique movement organ of fish is ( ).
(4) Silver carp help remove algae and impurities to ( ) extent.
(5) The development of a ""large bionic surface water cyanobacteria removal device"" exemplifies the application of ( ).
(6) The water purification method used by silver carp is ( ) because it is low cost and does not substantially reduce or extinguish biological species."	fill_in_the_blank	river; water; fin; a certain; bionics; non-polluting	Animals and Bionics###Basis and Methods of Biological Classification###Biological control	"[Answer] Explanation: (1) An ecosystem refers to a unified whole formed by organisms and the environment within a certain region. There are various ecosystems in the biosphere, such as marine, forest, terrestrial, wetland, urban, farmland, freshwater ecosystems, etc. From the question, we know that inland rivers belong to the river ecosystem. (2) The survival of organisms requires certain conditions, namely nutrients, sunlight, air, and water, as well as suitable temperature and living space. The phrase ""fish cannot live without water"" indicates that water is one of the necessary conditions for the survival of aquatic organisms like fish and shrimp. (3) Fish live in water, breathe using gills, swim with fins, and have a backbone, classifying them as vertebrates. (4) Under normal circumstances, the number and proportion of various organisms in an ecosystem are maintained at a relatively stable level, which is ecological balance. This indicates that ecosystems have a certain self-regulating capability,"	2011	middle	hard
373	Animal behavior refers to activities that benefit their ( ) and ( ). From the perspective of behavior acquisition, animal behavior can generally be divided into two categories. One category is ( ) behaviors determined by the animal's ( ), known as instinctive behavior. The other category is ( ) behavior, based on ( ) and ( ) through environmental factors, known as ( ) behavior. The former is the ( ) for the latter.	fill_in_the_blank	survival; reproduction; innate; genetic material; acquired; life experience; learning; learned; foundation	Innate behavior and learned behavior###Definition and Significance of Animal Behavior	"[Answer] The activities animals engage in to enhance their survival and reproduction are considered animal behaviors. These behaviors often manifest as various movements, which rely on specific body structures. Based on how they are acquired, animal behaviors can be categorized into innate behaviors and learned behaviors. Innate behaviors are those animals are born with, determined by their genetic material, such as bees collecting nectar. Learned behaviors are acquired through life experiences and learning, influenced by environmental factors, and are based on innate behaviors.

[Analysis] Animal behavior refers to observable activities with adaptive significance conducted by living organisms. A series of activities that benefit their survival and reproduction are considered animal behaviors. These include not only physical movements but also static postures, changes in body color or markings, vocalizations, and the release of scents."	2020	middle	medium
7908	In order to protect animal diversity and rare wildlife resources, areas including the objects of protection are designated for conservation and management, known as \_\_\_\_. This is the most effective measure for protecting animal diversity. The primary method of this measure is to establish \_\_\_\_. For certain wildlife whose habitats no longer exist, relocating them from their original habitats to endangered animal breeding centers for special protection and breeding management is known as \_\_\_\_.	fill_in_the_blank	In situ conservation; nature reserve; ex situ conservation	Others	"[Answer] Explanation: In-situ conservation refers to the protection and management of a designated area of land or water to preserve biodiversity, specifically targeting natural ecosystems and the natural concentration areas of rare and endangered species. In-situ conservation mainly involves establishing nature reserves, which serve as ""natural gene banks,"" capable of preserving numerous species and various types of ecosystems. These reserves are also natural laboratories for scientific research and provide a foundation for various biological studies. They act as living natural museums, important for educating the public about biology and promoting biodiversity conservation. Thus, establishing nature reserves is the most effective measure for biodiversity conservation.

Besides establishing nature reserves, there is the practice of relocating endangered species from their original habitats to zoos, aquariums, and endangered animal breeding centers for specialized protection and management, known as ex-situ conservation or off-site conservation. Additionally, germplasm banks are established to protect valuable genetic resources. Furthermore, to protect biodiversity, China has enacted laws such as the Environmental Protection Law,"	2015	middle	medium
958	"Based on what has been learned, eating fruits and vegetables frequently is beneficial because fresh fruits and vegetables are rich in vitamin C. However, vitamin C is not very stable and can be easily destroyed by high-temperature cooking or long-term storage.

(1) Question: As a commonly eaten vegetable, should cucumbers be eaten raw or cooked to allow the body to absorb more vitamin C?

(2) Hypothesis: ______________

(3) Plan: 
i. Weigh two equal portions of cucumber, cook one, and prepare juice from both, pouring them into two small beakers.
ii. Take two clean, dry test tubes labeled 1 and 2, inject 2 milliliters of potassium permanganate solution of different concentrations into each, use a dropper to add raw cucumber juice into test tube 1 drop by drop, shaking and observing until the potassium permanganate solution loses its color. Record the number of drops as n.
iii. Clean and dry the dropper"	fill_in_the_blank	Eating raw cucumbers allows for the intake of more vitamin C (or: Eating cooked cucumbers allows for the intake of more vitamin C); in step ②, 2 milliliters of the same concentration of potassium permanganate solution should be added respectively; if n < m, it indicates that the raw cucumber juice contains more vitamin C, and eating cucumbers raw allows for the intake of more vitamin C; if n > m, it indicates that the cooked cucumber juice contains more vitamin C, and eating cucumbers cooked allows for the intake of more vitamin C; if n = m, it indicates that the vitamin C content in raw and cooked cucumber juice is equal, and eating cucumbers either raw or cooked does not affect the vitamin C content.	Supply of human energy	"[Solution] Assumption: The assumption made is actually a positive response to the proposed question, so there are two answers: Eating raw cucumber can lead to more vitamin C intake (or: Eating cooked cucumber can lead to more vitamin C intake).

Unreasonable aspects:
Predict three experimental results and draw corresponding conclusions: For the relationship between the number of drops of potassium permanganate added to raw cucumber juice x and that added to cooked cucumber juice y, there are three scenarios: x<y, x>y, x=y. Vitamin C can decolorize potassium permanganate solution; the fewer cucumber juice used, the more Vitamin C it implies.

① If n<m, this indicates raw cucumber juice contains more Vitamin C, so eating raw cucumber is better.
② If n>m, this indicates cooked cucumber juice contains more Vitamin C, so eating cooked cucumber is better.
③ If n=m, this indicates raw and cooked cucumber juice contain the same amount of Vitamin C, so eating raw or"	others	middle	hard
981	"Events in life are intricately linked with biology; please analyze and answer the following questions:

Event 1: On October 20, 2013, at 6 am, Harbin's meteorological department started issuing a yellow smog warning. This day was also the first day of heating supply in Harbin; the heat arrived, and so did the smog. Severe smog weather caused the PM2.5 index in several areas to ""burst."" During the morning rush hour, the primary human organ system affected by the smog is the ( ).

Answer the following multiple-choice questions related to the impact of smog:

1. Which vitamin is known to help protect the respiratory system against pollutants? ( )  
(A) Vitamin D, (B) Vitamin E, (C) Vitamin C

2. Which of the following is a primary component of smog? ( )  
(A) Nitrogen dioxide, (B) Carbon monoxide, (C) Oxygen

3. What is a common health reaction to increased PM2.5 levels? ( )  
(A) Skin irritation, (B) Increased appetite, (C) Respiratory issues

4. Which of the following does not contribute significantly to urban smog formation? ( )  
(A) Vehicle exhaust, (B) Industrial emissions, (C) Ocean breeze, (D) Forest fires"	fill_in_the_blank	Respiratory tract; C; A; C; C	The function of the respiratory tract###Types of ecosystems###Preventive measures for infectious diseases###Nonspecific immunity and specific immunity of the human body###Safe medication use	"Answer:
(1) The respiratory tract is the passageway for breathing, capable of processing inhaled air to make it warm, moist, and clean. However, this ability is limited. Therefore, keeping the environment's air fresh and unpolluted is very important.
(2) Vaccines are made from pathogens, but after treatment, their toxicity is reduced or their activity is lost, yet they remain pathogens. Once inside the human body, they do not cause illness but stimulate immune cells to produce corresponding antibodies, making the vaccine equivalent to an antigen. The antibodies produced are only effective against the hepatitis B virus and not other pathogens, indicating that this immune response is acquired, specific, and targeted, thus it is specific immunity.
(3) General measures to prevent infectious diseases include: controlling the source of infection, cutting off transmission routes, and protecting susceptible individuals. Hence, isolating H7N9 avian flu patients for treatment falls under controlling the source of infection.
(4) The South"	others	middle	hard
973	"On February 5, 2022, in the short track speed skating mixed team relay final, the Chinese team crossed the finish line first to win the championship! This is the first gold medal won by the Chinese sports delegation at the Beijing Winter Olympics! Please answer:

(1) The sensory cells sensitive to the starting gun sound in athletes are located within ( ).  
(2) During the competition, when athletes see teammates approaching from a distance, they need to constantly adjust the curvature of the ( ) in the eyeball, so that light falls on the ( ) to form an image.  
(3) The back of the helmets worn by athletes has a ""protruding"" design to enhance the protection of the ( ) because this structure contains neural centers that regulate basic life activities such as breathing and heartbeat.  
(4) Athletes can maintain body balance and coordinate movements mainly due to the function of ( ).  
(5) After crossing the finish line, athletes' bodies produce ( ) to help recover and adapt."	fill_in_the_blank	(1) Cochlea; (2) Lens; Retina; (3) Brainstem; (4) Cerebellum; (5) Hormones	The composition of the nervous system and the functions of its parts.###The structure and function of the eyeball###The formation of vision###Structure and Function of the Ear###Formation of Hearing###The relationship between hormonal regulation and neural regulation	"Answer:

(1) The cochlea contains sensory cells sensitive to sound, which can generate nerve impulses when stimulated by vibrations. 
Thus, answer: cochlea.

(2) The ciliary body can adjust the curvature of the lens through contraction and relaxation, allowing light reflected from objects at different distances to fall on the retina and form an image, enabling one to see objects clearly at varying distances.
Thus, answer: lens; retina.

(3) The brainstem is the nerve center that regulates basic life activities such as breathing and heartbeat. Damage to it can cause immediate cessation of breathing and heartbeat. The protrusion on the back of helmets worn by athletes enhances the protection of the brainstem, preventing injury during sports.
Thus, answer: brainstem.

(4) The cerebellum maintains body balance and coordinates movement.
Thus, answer: cerebellum.

(5) After crossing the finish line, the athletes' brains become highly excited, stimulating the adrenal glands to secrete adrenaline more"	2023	middle	hard
1873	A flower that has both ( ) and ( ) is called a bisexual flower, such as peach blossoms and rose flowers. A flower that has only ( ) or ( ) is called a unisexual flower, such as cucumber and corn flowers. A flower that has neither ( ) nor ( ) is called a sterile flower, such as the ray flowers on the edge of a sunflower head.	fill_in_the_blank	stamens; pistils; stamens; pistils; stamens; pistils	The structure of a flower###Types of flowers	"If a flower has both stamens and pistils, it is called a bisexual flower, such as peach blossoms, tulips, and roses. If a flower has only stamens or pistils, it is called a unisexual flower, such as the male and female flowers of cucumbers and corn. If a flower has neither stamens nor pistils, it is called a neutral flower, such as the ligulate flowers on the edge of a sunflower head. 

Therefore, the answer is: stamens; pistils; stamens; pistils; stamens; pistils. 

Based on different flower parts, flowers are categorized into bisexual flowers, unisexual flowers, and neutral flowers."	others	middle	easy
6053	"At the end of March 2013, cases of human infection with H7N9 avian influenza were discovered consecutively in Shanghai and Anhui. H7N9 is a newly identified subtype of influenza virus found globally for the first time. Healthy individuals in close contact with birds carrying the H7N9 virus may potentially become infected. Patients infected with the virus usually exhibit symptoms such as fever, cough, and difficulty breathing.  
(1) According to the transmission route of infectious diseases, H7N9 avian influenza is classified as a ( ) infectious disease.  
(2) Please list one specific measure to prevent H7N9 avian influenza: ( )."	fill_in_the_blank	Respiratory tract; Minimize unnecessary contact with poultry	Common Infectious Diseases and Their Prevention###Classification of Infectious Diseases	"Answer: 

(1) Infectious diseases are a category of diseases caused by various pathogens that can be transmitted between humans, between animals, or between humans and animals. H7N9 bird flu is a new type of bird flu, and human infection with H7N9 bird flu is an acute respiratory infectious disease caused by the H7N9 bird flu virus. It is transmitted through the respiratory tract and can also be contracted by close contact with secretions or excretions from infected birds, and direct contact with the virus can also lead to infection. It belongs to respiratory infectious diseases.

(2) The entire process where pathogens are discharged from an already infected individual, transmitted through certain pathways, and introduced into a susceptible person to form new infections. For an infectious disease to occur and spread within a population, three basic components must be present: the source of infection, the transmission pathway, and the susceptible population. Therefore, preventing H7N9 bird flu should start by interrupting the"	2013	middle	hard
7669	The reason for the wilting of the plant when too much fertilizer is applied at once in the flowerpot is ( ), and the reason for the wilting of plants in summer floods is ( ).	fill_in_the_blank	The concentration of the soil solution is greater than that of the root hair cells, causing the plant to lose water and wilt; flooding submerged the soil, and the lack of oxygen in the soil particles affects the respiration of the plant roots.	The role of water in plants.###The principle of cell water absorption and dehydration	"Excessive fertilization can lead to a higher concentration outside the cell than inside, causing plant cells to lose water. Excessive water can lead to oxygen deficiency in plant cells, affecting the aerobic respiration of the roots. Therefore, when the concentration of soil solution is greater than that of the root hair cell liquid, plants lose water and wilt. Flooding submerges the soil, leading to a lack of oxygen in soil particles, affecting root respiration in plants.

Water absorption and loss can be simply determined by the saying ""water flows to higher concentrations,"" meaning water flows to areas with higher concentrations."	2022	middle	hard
6038	"Recently, ""human infection of H7N9 avian influenza"" outbreaks have appeared in some provinces and cities within our country. Experts believe that consuming raw meat, eggs, and dishes made with blood as raw material are high-risk behaviors; maintaining environmental and personal hygiene is necessary. It is important to frequently open windows for ventilation, wash hands often, and maintain hand hygiene as effective measures to prevent infection.

Based on relevant knowledge, please answer the following:
(1) For the disease to spread, there must be three basic elements: the source of infection, the transmission route, and ( ).
(2) The preventive measures mentioned in the material fall under ( ) in infectious disease prevention.
(3) Currently, researchers are intensively developing the H7N9 avian influenza vaccine. The anticipated ""H7N9 avian influenza"" vaccine belongs to ( ) in immunology (select ""antigen"" or ""antibody"")."	fill_in_the_blank	Susceptible population; cut off transmission routes; antigen	The basic links in the transmission of infectious diseases###Preventive measures for infectious diseases###Nonspecific immunity and specific immunity of the human body###Safe medication use	"Answer: Solution: (1) H7N9 avian influenza is an infectious disease, and its spread requires three key elements: a source of infection, a mode of transmission, and susceptible individuals. (2) Preventive measures for infectious diseases include controlling the source of infection, cutting off transmission routes, and protecting susceptible individuals. Measures such as regular ventilation, frequent handwashing, and maintaining hand hygiene are part of cutting off transmission routes. (3) An antigen refers to a substance that, upon entering the body, stimulates lymphocytes to produce antibodies, which are special proteins that combat the antigen. A vaccine for this virus is being actively developed. From an immunological perspective, the vaccine is an antigen. (4) Banlangen is a traditional Chinese medicine with heat-clearing and detoxifying properties. According to its instructions, it is ineffective against H7N9 avian influenza; thus, its use does not comply with medication safety.

Therefore, the answers are: (1) susceptible"	2013	middle	hard
5015	Traditional drugs include ______, ______, and so on.	fill_in_the_blank	Cannabis; Heroin	The Harm of Drugs and Rejecting Drugs	[Analysis] Traditional drugs include marijuana and heroin.	others	middle	medium
6117	The main types of vegetation in our country include grassland, desert, tropical rainforest, ____, ____, ____.	fill_in_the_blank	Evergreen broadleaf forest; deciduous broadleaf forest; coniferous forest	The main vegetation types in our country	"In a region, all the plants growing are called the vegetation of that area. The main types of vegetation in our country include:

(1) Tropical Rainforest: Tropical rainforests are found in areas with year-round high temperatures and heavy rainfall. They have a particularly rich variety of plant species and remain evergreen throughout the year, with most plants being very tall.

(2) Evergreen Broadleaf Forest: Evergreen broadleaf forests are located in relatively warm and humid climates, predominantly featuring evergreen broadleaf trees.

(3) Deciduous Broadleaf Forest: Deciduous broadleaf forests are found in areas with distinct seasons, hot and rainy summers, and cold winters. The main plants here are broadleaf trees that completely shed their leaves in winter.

(4) Coniferous Forest: Coniferous forests are situated in regions with cool summers and harsh winters, dominated by coniferous trees such as pines and firs.

(5) Grassland: The plants that make up grasslands"	2024	middle	medium
159	Methods for the harmless treatment of human feces and urine include: \ul{ }, \ul{ }, and \ul{ }. An important method for producing farmyard manure is \ul{ }.	fill_in_the_blank	Build biogas digesters; high-temperature composting; build ecological toilets; high-temperature composting.	Human waste management	"The principle of a biogas digester is to utilize microorganisms such as bacteria and fungi to decompose organic matter in human excrement, releasing energy and generating high temperatures. These high temperatures can kill various pathogens and parasite eggs in human waste, thereby achieving the purpose of on-site harmless treatment of human excrement. An important method of producing farmyard manure is high-temperature composting, which involves piling human and animal waste with straw to allow bacteria and fungi to proliferate. These microorganisms decompose the organic matter and release energy, generating high temperatures. The answer is: building biogas digesters, high-temperature composting; building ecological toilets; high-temperature composting. 

The main methods for harmless treatment include building biogas digesters, high-temperature composting, and building ecological toilets."	others	middle	medium
1177	Without the fusion of gametes, a new individual is directly produced through ( ), this mode of reproduction is known as asexual reproduction, and its offspring only possess the ( ) characteristics of the mother.	fill_in_the_blank	asexual reproduction; genetic	Reproduction of other organisms###Asexual reproduction of plants	"[Asexual reproduction] refers to a mode of reproduction where offspring are produced directly by the parent without the fusion of gametes. The advantages are rapid reproduction and preservation of parental traits, while the disadvantage is reduced variability as the genetic characteristics of the offspring and the parent do not change, leading to decreased adaptability to environmental changes. In production practice, methods like cutting, grafting, division, and tissue culture are commonly used for asexual reproduction of plants, mainly to preserve the superior traits of the parent generation.

Answer: Parent; Genetic

[Analysis] Asexual reproduction refers to the process where new individuals are produced directly from the parent without the fusion of gametes. The method where plants reproduce using roots, stems, leaves, etc., is called vegetative propagation, which is the most common form of asexual reproduction. Common methods of asexual reproduction include cutting, grafting, and layering. On the other hand, sexual reproduction involves the fusion of male and female gametes, sperm, and egg"	2017	middle	easy
2286	For land-dwelling animals, sufficient \_\_\_\_ , \_\_\_\_ , and \_\_\_\_ are basic environmental conditions.	fill_in_the_blank	Food; water; shelter	The basic conditions for the survival of organisms	"For animals living on land, nutrients like food are essential; without food, there is no energy, and life activities cannot occur. Nutrients must dissolve in water to be transported, and water is a primary component of cells. Therefore, water is also essential for terrestrial animals. Additionally, terrestrial animals require a certain level of shelter to survive, and protecting habitats is a fundamental measure for protecting organisms. Thus, the answer is: food; water; shelter. 

Analysis: Biological survival requires certain conditions, namely nutrients, sunlight, air, and water, along with suitable temperatures and adequate living space. Analyze and answer accordingly."	others	middle	medium
4107	Based on different characteristics such as skin color and nose shape, modern humans are divided into four races: \ul{　 　}, \ul{　 　}; \ul{　 　}, \ul{　 　}.	fill_in_the_blank	Mongoloid; Caucasoid; Negroid; Australoid	Race	The formation of races is the result of long-term natural and historical conditions. Based on different characteristics such as skin color and nose shape, modern humans are divided into four races: Mongoloid, Negroid, Caucasoid, and Australoid. Therefore, the answer is: Mongoloid; Negroid; Caucasoid; Australoid. The formation of races is the result of long-term natural and historical conditions. Based on different characteristics such as skin color and nose shape, modern humans are divided into four races: Mongoloid, Negroid, Caucasoid, and Australoid. The external differences in races do not influence human intelligence. Their brain capacity and skeletal structure are basically the same, so there is no distinction of superior or inferior races.	2017	middle	medium
4321	( ), ( ), and ( ) are the three major public nuisances in today's society.	fill_in_the_blank	Smoking; Drinking excessively; Drug use	The harm of smoking to the human body###The harm of excessive drinking to the human body###The Harm of Drugs and Rejecting Drugs	[Answer] Explanation: Smoking, excessive drinking, and drug abuse pose significant harms to society and families. People particularly lack awareness of the dangers of smoking and excessive drinking, leading to an increase in the number of smokers and drinkers each year, with a decreasing age trend. Smoking in public spaces harms bystanders more than the smoker themselves. Drug use causes significant damage to social productivity: it first leads to physical illness, affecting productivity, followed by enormous social wealth loss and waste. Additionally, drug activities cause environmental degradation, reducing human living space. Drug activities disrupt public security: they intensify various illegal criminal activities, disturb social order, and pose a significant threat to social stability. Therefore, the answer is: smoking; excessive drinking; drug abuse. [Analysis] This question examines the three major public hazards in today's society. When answering, one can approach it from the perspective of these three major public hazards.	others	middle	medium
6225	The number of times the heart beats per minute is called \ul{    }, and the amount of blood the heart pumps into the arteries with each contraction is called \ul{    }.	fill_in_the_blank	Heart rate; stroke volume	Heart rate, cardiac output	nan	2024	middle	easy
6702	Many biologists agree that life on Earth can be divided into five major groups: Prokaryotes, \ul{　 　}, Plantae, Animalia, and Fungi. Bacteria and actinomycetes belong to the \ul{　 　} realm.	fill_in_the_blank	Protista; Prokaryotae	Protists###The concept of prokaryotes	"[Answer] Biologists classify organisms into various categories based on their similarities and differences, such as morphological characteristics, nutritional modes, etc. These categories include the five kingdoms: Prokaryotes, Protists, Plantae, Fungi, and Animalia. Eukaryotic genetic material is enclosed within a nuclear membrane, while prokaryotic genetic material is not. Since bacteria and actinomycetes lack a nuclear membrane, they belong to the Prokaryotes.   
Therefore, the answer is: Protists; Prokaryotes.  
[Analysis] In 1969, Whittaker proposed the five-kingdom system. He first divided organisms into prokaryotes and eukaryotes based on the presence or absence of a nuclear membrane, with prokaryotes forming one kingdom. Eukaryotes are further divided based on the number of cells; certain unicellular or multicellular organisms are classified into the Protists, while the remaining multicellular euk"	2020	middle	medium
