index	question	category	answer	knowledge	analysis	year	grade_level	difficulty_level
6870	"The plant known as the ""living fossil"" is (      )
A. Metasequoia B. Ginkgo C. Woodwardia D. Platycladus"	multiple_answer_choice	A, B	Rare plants of our country	"Silver fir is a plant that has survived since the Quaternary glaciation three million years ago. It is a world-rare species unique to China and, along with dawn redwood and ginkgo, is revered as a ""national treasure"" in the plant world, classified as a national first-class protected plant. Silver fir is an evergreen tree belonging to the pine family, with a tall, straight main trunk, and dense, graceful foliage. Because of this, ginkgo, silver fir, and dawn redwood are referred to as ""living fossils"" among plants. Therefore, the choice is: AB. Analysis: Silver fir, dawn redwood, and ginkgo are collectively esteemed as ""national treasures"" in the plant world, classified as national first-class protected plants."	2017	middle	medium
8458	"Xiao Zhang really likes to drink yogurt, and he noticed various types of bacteria on the ingredients list of the yogurt packaging, such as Streptococcus thermophilus, Lactobacillus bulgaricus, and Bifidobacterium. The following statement is incorrect:
A. These bacteria can also be used to make wine.
B. Yogurt swelling is caused by lactic acid bacteria performing anaerobic respiration to produce gas.
C. These bacteria can resist adverse environments in the form of spores.
D. These bacteria have different shapes and are all single-celled."	multiple_answer_choice	A, B, C	Bacterial reproduction###The relationship between bacteria and humans###Morphology and structure of bacteria	[Solution] A. Brewing requires yeast, which ferments and breaks down glucose to produce alcohol under anaerobic conditions. Statement A is incorrect. B. Yogurt contains microorganisms such as lactic acid bacteria and yeast. Even if the yogurt package is well-sealed, under anaerobic conditions, yeast can ferment and break down glucose to produce alcohol and carbon dioxide, causing the package to expand. Statement B is incorrect. C. Bacteria can produce spores to resist adverse environments. Statement C is incorrect. D. Thermophilic streptococci, Lactobacillus bulgaricus, and bifidobacteria are all bacteria and are unicellular organisms. Statement D is correct. Therefore, the answer is: ABC. [Analysis] This question examines bacterial morphology, structure, and its relationship with humans. It is a fundamental question of moderate difficulty. Remember: (1) Bacteria are all unicellular organisms. A single bacterium is one cell with spherical, rod, and spiral shapes	2024	middle	medium
1949	"Scientific inquiry is an important method for studying and learning biology. Regarding the analysis of the experiment ""Exploring the Effect of Tobacco Extract on Increasing Goldfish Breathing Rate,"" the correct statements are:

A. The variable in the experimental exploration is the concentration of tobacco extract.
B. The experiment can be conducted once; there is no need to repeat it.
C. The control in the experiment is the group with a beaker containing clean water.
D. The experimental conclusion is that the tobacco extract can increase the breathing frequency of goldfish."	multiple_answer_choice	A,C	The harm of smoking to the human body	"**Answer**: A. A controlled experiment refers to an experiment conducted to study the effect of a particular condition on the research object, where all conditions except for this one are the same. The condition that varies is the experimental variable. The design principle of a controlled experiment is that there can only be one variable in a group of controlled experiments, and it must be the condition being studied, with other conditions being identical. In the investigation of the effect of tobacco extract on the breathing rate of goldfish, the experimental variable is the concentration of the tobacco extract. Therefore, apart from the concentration of the tobacco extract, other conditions in the experimental and control groups should be the same and appropriate.

B. In experiments, to eliminate errors caused by random factors, it is often necessary to set up duplicate groups and calculate their average.

C. A controlled experiment refers to an experiment conducted to study the effect of a particular condition on the research object, where all conditions except for this one are the same. This"	others	middle	medium
