index	question	category	answer	knowledge	analysis	year	grade_level	difficulty_level
7633	The human nervous tissue has the functions of receiving stimuli, generating excitement, and conducting excitement.	true_false	True	The composition of the nervous system and the functions of its parts.	nan	2024	middle	hard
50	The human body has eight major systems, which work independently and are unrelated to each other.	true_false	False	The system of an animal body	nan	2024	middle	medium
7630	Amoebas, influenza viruses, and kelp are all composed of cells.	true_false	False	Characteristics of living things	nan	2024	middle	hard
5896	When drawing a schematic diagram of cell structure with a pen, bold lines should always be used to indicate darker areas.	true_false	False	Drawing methods and requirements	"[Answer] The methods and precautions for drawing biological diagrams are as follows:  
(1) The size of the diagram should be appropriate, generally slightly towards the upper left corner, to leave room for annotations and the diagram's name on the right and below.  
(2) Generally use a sharpened 3H pencil.  
(3) Dark areas in the diagram are represented by fine dots with a pencil. Shading should not be used to represent dark areas.  
(4) Try to place annotations on the right side, use a ruler to draw horizontal guide lines, then annotate.  
(5) Write the name of the diagram below it.  
Thus, the statement in the question is incorrect.  

[Analysis] The methods and precautions for drawing biological diagrams:  
1. The layout should be reasonable. First arrange the position of the diagram, leave space for the title and annotations, get a macro view of the content arrangement on the entire paper, striving for balance, stability"	2020	middle	medium
7643	Tendons are a type of connective tissue with the functions of contraction and relaxation.	true_false	False	Basic tissues of animals	nan	2024	middle	hard
2520	A small amount of urea and inorganic salts are excreted from the body through the sweat glands in the skin.	true_false	True	Excretion and its pathways###Structure and Function of the Skin	"[Answer] There are primarily three pathways for excretion: gases exhaled through the respiratory system, urine discharged through the urinary system, and sweat released through the skin. The gases exhaled by the respiratory system mainly expel carbon dioxide and a small amount of water; the skin releases sweat containing some water, inorganic salts, and urea; most of the water, inorganic salts, and urea are expelled from the body in the form of urine through the urinary system, which is the main excretion pathway, making the statement correct.
Therefore, the answer is: Correct
[Analysis] The process of the human body expelling metabolic end-products, such as carbon dioxide, urea, and excess water and inorganic salts, is called excretion. The main pathways for excretion are threefold: gases exhaled by the respiratory system, urine discharged by the urinary system, and sweat released through the skin. The gases exhaled through the lungs in the respiratory system primarily exp"	2021	middle	medium
7645	"Please make a judgment:  
(1) The science that studies the phenomena and activities of animal and plant life is called biology. (True or False)  
(2) Biological research can solve issues like cancer and AIDS, but it cannot solve the energy crisis. (True or False)  
(3) Yuan Longping believes that it is impossible to cultivate high-yield rice through artificial hybridization techniques. (True or False)  
(4) Except for viruses, all living organisms are made up of cells. (True or False)  
(5) The magnification of a microscope is the sum of the magnifications of the eyepiece and the objective lens. (True or False)  
(6) All organisms can adapt to various environments and can influence the environment. (True or False)  
(7) In scientific inquiry, the proposed hypotheses are always consistent with the experimental results. (True or False)  
(8) Ecological factors refer to the various factors in"	true_false	True	Structure and Use of a Microscope###Biologists and Their Contributions###Overview of Biology###The main stages of scientific inquiry	"Answer:
(1) Biology: It is the science that studies life phenomena and the laws of life activities, i.e., the science of studying the morphology, structure, physiology, classification, genetics, variation, evolution, and ecology of organisms. Based on characteristics of morphology and structure, organisms are classified into plants, animals, bacteria, fungi, and viruses. Therefore, stating biology as the science of studying life phenomena and laws of life activities is incorrect.

(2) Biology is the foundation for agriculture, forestry, animal husbandry, by-products, fishery, medicine and health, environmental protection, and other related disciplines, exerting increasing influence on society, economy, and human life. Research in biology can resolve human issues like cancer and AIDS and address energy crises humans face, such as bioenergy. Therefore, this statement is incorrect.

(3) Through practice, Yuan Longping proved that it is possible to cultivate high-yield rice using artificial hybridization technology and developed high-yield hybrid rice"	2018	middle	hard
8042	The protection of animal resources depends on humans.	true_false	True	Current Status and Protection of Natural Resources	"Answer: Animals are friends of humans, and the protection of animal resources depends on humans. Protecting wild animals is equivalent to protecting humans themselves. Specific protective measures include in-situ conservation, ex-situ conservation, legal education, and management, among others. 
Therefore, the answer is: √
Analysis: Protecting wild animals is equivalent to protecting humans themselves, and the fate of wild animals depends on human awareness and actions."	others	middle	medium
2627	When steaming buns, add some lactic acid bacteria to the dough; this will make the steamed buns soft and porous.	true_false	False	Making steamed buns	"[Answer] When making steamed buns or bread, yeast is often used instead of lactic acid bacteria. This is because yeast can break down the glucose in flour, producing carbon dioxide. Carbon dioxide is a gas, and it expands when heated, creating small holes that make the steamed buns or bread soft and airy. Therefore, the statement in the question is incorrect.

[Analysis] Microbial fermentation refers to the process of using microorganisms, under suitable conditions, to transform raw materials into products needed by humans through specific metabolic pathways. Lactic acid bacteria are used in making yogurt and pickles. In anaerobic conditions, lactic acid bacteria ferment to produce lactic acid, giving the vegetables or milk a unique flavor."	2024	middle	medium
7650	The causative gene for hemophilia is located on the sex chromosome, so the occurrence of the disease in the offspring of hemophilia patients is related to their sex. (True or False)	true_false	True	Human eugenics and procreation	In the reproductive process, males produce two types of sperm: those carrying the X chromosome and those carrying the Y chromosome. Females produce only one type of egg cell, which contains the X chromosome. If an egg carrying an X chromosome fuses with a sperm carrying an X chromosome, the resulting zygote will have XX sex chromosomes, and the child developed from it will be a girl. If an egg carrying an X chromosome fuses with a sperm carrying a Y chromosome, the resulting zygote will have XY sex chromosomes, and the child developed from it will be a boy. Since genes on the Y chromosome can only be passed to males and not females, the inheritance of non-homologous genes on sex chromosomes is related to sex, such as color blindness and excessive hair in the ear canal. The inheritance of homologous genes on sex chromosomes is also related to sex. For example, in a cross between XaXa and XaYA individuals, all female offspring exhibit recessive traits,	2017	middle	hard
2698	The instructions should be carefully read before using either prescription or over-the-counter medication.	true_false	True	Names and Functions of Common Medications###Safe medication use	"【Answer】 The ""Pharmaceutical Administration Law of the People's Republic of China"" stipulates that drug labels should include the generic name of the drug, indications or main therapeutic effects, specifications, usage and dosage, production date, product batch number, expiration date, and manufacturing enterprise. The drug instruction manual provides information on drug indications, usage and dosage, and expiration status, which are basic requirements for safe medication. Whether it's prescription or over-the-counter drugs, one should read the instructions before use. Therefore, the statement in the question is correct.

Thus, the answer is: Correct

【Analysis】 This question examines safe medication usage and is a basic-level question with moderate difficulty. It requires remembering: drugs are divided into prescription and over-the-counter drugs; prescription drugs must be purchased with a physician's prescription, while over-the-counter drugs can be purchased independently without a prescription. As the saying goes, ""Medicine is three parts poison,"" whether it is a prescription or over-the-counter drug, one should"	2024	middle	easy
5148	Ecological agriculture is considered the best way to achieve ecological protection, environmental improvement, and sustainable development.	true_false	True	Eco-agriculture	"[Answer] Ecological agriculture is guided by ecological theory and uses systems engineering methods. It is a newly organized artificial ecosystem established based on the rational use of natural resources and protection of a good ecological environment. In the ecological agriculture system, the structure is coordinated, farming and breeding are reasonable, with a good food chain and food web, and its internal positive cycle allows energy to flow continuously and efficiently to parts most beneficial to humans, making it an effective way to achieve sustainable agricultural development. Therefore, ecological agriculture promotes the development of ecosystems, maintains ecological balance, and is the best way to achieve ecological protection, environmental improvement, and sustainable development. Thus, this statement is correct.

[Analysis] Ecological agriculture requires the protection and improvement of the agricultural ecological environment, minimizing farmland pollution."	2020	middle	medium
7952	The larger the cell, the relatively larger its surface area, and the larger the area for exchanging substances with the external environment. (True or False)	true_false	False	The reason why cells cannot grow indefinitely.	"Answer: For the same volume, the smaller the cell, the greater the total area of the cell membrane, allowing more material exchange in a given time and thus faster metabolism. Therefore, the answer is: Incorrect.

Analysis: The ratio of the cell's surface area to its volume is known as the cell's relative surface area. The smaller the cell's volume, the larger its relative surface area, leading to higher efficiency in material transport and more vigorous metabolism. The cell's relative surface area is one of the factors constraining the size of the cell's volume."	2017	middle	medium
3247	A person's blood pressure is considered hypertension when it exceeds 18.7/12 kPa.	true_false	True	Cardiovascular disease	"[Answer] When the heart contracts, arterial blood pressure is at its highest, known as systolic pressure; when the heart relaxes, arterial blood pressure is at its lowest, known as diastolic pressure. In healthy adults, arterial blood pressure generally maintains at a systolic pressure of 12–18.7 kPa and diastolic pressure of 8–12 kPa. If blood pressure frequently exceeds 18.7/12 kPa, it is referred to as hypertension; if it is frequently below 12/8 kPa, it is referred to as hypotension. Both excessively high and low blood pressure are not beneficial to health; therefore, this statement is correct.

[Analysis] Blood pressure is the lateral pressure exerted by flowing blood on the vessel walls. Blood pressure is mainly produced by the heart's pumping action. Usually, the term ""blood pressure"" refers to the arterial blood pressure of systemic circulation, which can be measured at the brachial artery of"	2019	middle	medium
3387	Sweating is one of the body's mechanisms of excretion, but urea is not expelled through sweating.	true_false	False	The formation and excretion of sweat	[Answer] There are three main pathways for excretion: exhalation through the respiratory system, urine discharge through the urinary system, and sweat release through the skin. Carbon dioxide is expelled from the body by the respiratory system, while waste products like urea are primarily formed into urine by the urinary system and expelled from the body. A portion of the urea is also expelled through the sweat glands in the skin. Therefore, this statement is incorrect. [Analysis] The process of the human body expelling carbon dioxide, urea, excess water, and inorganic salts is called excretion.	2020	middle	medium
3474	People who smoke for a long time have a higher risk of developing lung cancer than those who do not smoke. (True or False)	true_false	True	The impact of air quality on human health	"[Answer] Solution: Smoking produces smoke containing over 40 carcinogens and more than a dozen substances that promote cancer development. Among these, nicotine, carbon monoxide, and various other metal compounds pose the greatest harm to the human body. These toxic substances primarily damage the respiratory system, increasing the risk of lung cancer. Therefore, individuals who smoke long-term have a higher likelihood of developing lung cancer compared to non-smokers. Thus, the answer is: Correct.

[Analysis] Smoking primarily harms the human respiratory system, and long-term smoking easily leads to lung cancer."	2011	middle	medium
5585	According to international common standards, our country is already considered a low-fertility country. (True or False)	true_false	True	China's fertility policy	[Answer] Explanation: Family planning has been listed as a fundamental national policy of our country. The specific requirements for family planning in China are late marriage, late childbirth, fewer births, and quality births. Adhering to late marriage and late childbirth is beneficial for the country as it helps control the rapid population growth; for individuals, it promotes the health, work, and study of young people. Having fewer children is key to controlling rapid population growth, while quality births help improve the population quality of our country. The fewer the number of births, that is, the fewer the births, the fewer the descendants after 100 years; the later the childbirth, that is, the later the birth, the fewer the descendants after 100 years, which allows us to personally understand that late childbirth and fewer births are important measures for controlling population growth. After the 1990 population census, all population surveys indicated that the total fertility rate sharply dropped below the replacement level. The three surveys mentioned above and the	2017	middle	medium
7380	Plants lose 99% of the absorbed water through transpiration, which is a form of waste.	true_false	False	Structure and Development of Buds###Types of Inorganic Salts and Their Effects on Plants###Stomata###Transpiration and its significance###Soilless cultivation	Answer: Explanation: Of the water absorbed by plants through their roots from the soil, only about 1% is used by the plant, with more than 99% being released into the atmosphere as water vapor through transpiration. This is not a waste of water; transpiration has its important significance. Thus, this statement is incorrect.	2019	middle	medium
7648	Our country's forest resources have a rich variety of plant species, but it is a country with few forests, with a small per capita forest area. After fertilization is complete, the ovary in the pistil develops into fruit. A large amount of water absorbed by plants is lost through transpiration, which is a waste for plants. The organic matter produced by green plants nurtures other organisms in the biosphere.	true_false	True	The Formation of Fruits and Seeds###The significance of photosynthesis###Transpiration and its significance###Characteristics of Biodiversity in Our Country	"Answer: 

(1) In China's vegetation, forests are the main component. Although China's forest resources are rich in plant species, the country is still a nation with scarce forests. The primary reason is the low per capita forest coverage rate in China, which is significantly below the global average. The per capita forest area is only 0.128 hectares, just 1/5 of the world average. Additionally, the long-term irrational use of forest resources has led to a decline in the forest ecosystem, with practices like overcutting healthy trees and leaving behind inferior ones contributing to its degradation. Therefore, this statement is correct.

(2) After a flower completes pollination and fertilization, the ovary develops into fruit while the ovule develops into seeds. The statement is correct.

(3) Of the water absorbed by plants through roots from the soil, only about 1% is used by the plant body, while over 99% is released into the atmosphere as water vapor through transp"	2018	middle	hard
7724	The buds that will develop into branches and leaves are called flower buds. (True or False)	true_false	False	Types of buds	"Answer: Buds are classified into three types based on what they will develop into: leaf buds, flower buds, and mixed buds. A bud that will develop into a branch and leaves is called a leaf bud (or branch bud); a bud that will develop into a flower is called a flower bud; and a bud that can develop into both leaves and a flower is called a mixed bud. The structure and development of a leaf bud (or branch bud) are as follows: the growth point develops into the new bud structure, the leaf primordium develops into young leaves; the young leaves develop into mature leaves; the bud primordium develops into a lateral bud; and the bud axis develops into the stem. Thus, a bud is an unfolded branch or flower. Therefore, the answer is: Incorrect. 

Analysis: Buds are classified into three types based on what they will develop into: leaf buds, flower buds, and mixed buds. A bud that will develop into a branch and"	2016	middle	easy
