index	question	category	A	B	C	D	answer	knowledge	analysis	year	grade_level	difficulty_level
2695	The correct experimental scheme is as follows:	single_answer_choice	Test for carbonate: Take a sample, add dilute hydrochloric acid, and observe whether bubbles are produced.	Identify fertilizers KCl and (NH\textsubscript{4})\textsubscript{2}SO\textsubscript{4}: Prepare solutions from samples and add Ba(NO\textsubscript{3})\textsubscript{2} separately; the one that produces a white precipitate is (NH\textsubscript{4})\textsubscript{2}SO\textsubscript{4}.	Prepare Fe(OH)\textsubscript{3}: Mix Fe\textsubscript{2}(SO\textsubscript{4})\textsubscript{3} solution with an appropriate amount of Ba(OH)\textsubscript{2} solution, then filter, wash, and dry.	Remove HCl gas and water vapor from CO\textsubscript{2}:	B	Chemical properties of salt	nan	2022	middle	hard
4704	Among the following methods for removing impurities, the incorrect one is (   ):	single_answer_choice	NaCl (KNO\textsubscript{3}): Add water to dissolve, cool to crystallize, filter.	NaOH solution (Na\textsubscript{2}CO\textsubscript{3}): Add an appropriate amount of Ca(OH)₂ solution, filter.	CO (CO\textsubscript{2}): Pass through an adequate amount of NaOH solution, dry with concentrated sulfuric acid.	FeSO\textsubscript{4} solution (H\textsubscript{2}SO\textsubscript{4}): Add a sufficient amount of iron powder, filter.	A	The chemical properties of acids###Chemical properties of alkalis###Chemical properties of salt###Investigation of Material Impurity Removal or Purification###The chemical properties of carbon dioxide###Chemical properties of carbon monoxide	"Answer: A. The solubility of sodium chloride is not significantly affected by temperature changes, so evaporation crystallization should be used to purify sodium chloride. Answer A is incorrect.  
B. Sodium carbonate reacts with calcium hydroxide to produce calcium carbonate precipitate and sodium hydroxide, and filtering removes the calcium carbonate precipitate. Answer B is correct.  
C. Carbon dioxide reacts with sodium hydroxide to produce sodium carbonate and water, and pure carbon monoxide is obtained by drying with concentrated sulfuric acid. Answer C is correct.  
D. Sulfuric acid reacts with iron to produce ferrous sulfate and hydrogen gas, and filtering yields a ferrous sulfate solution. Answer D is correct.  
Thus, the answer is: A.  
Analysis:  
A. Analysis based on the little change in solubility of sodium chloride with temperature.  
B. Analysis based on the chemical properties of sodium carbonate.  
C. Analysis based on the chemical properties of carbon dioxide.  
D"	2023	middle	hard
18	Among the following statements, the correct one is (   ):	single_answer_choice	Combustible gases or dust encountering an open flame in the air pose an explosion risk.	The low-carbon concept aims to reduce the emission of the toxic air pollutant carbon dioxide.	Placing a kettle of water on a coal stove can prevent carbon monoxide poisoning.	The Earth's water resources are abundant, and water pollution will not affect human water use.	A	The impact of carbon dioxide on the environment###Chemical properties of carbon monoxide###Combustion and Explosion Experiments	"[Answer] A. Flammable gases or dust can explode when exposed to an open flame in the air, thus A is correct.

B. Carbon dioxide is a greenhouse gas but not an air pollutant, so reducing carbon dioxide emissions only reduces greenhouse gases, and B is incorrect.

C. Carbon monoxide is not soluble in water, so placing a kettle of water on a coal stove cannot prevent carbon monoxide poisoning, thus C is incorrect.

D. Freshwater resources on Earth are limited, and water pollution can severely affect human water use, so D is incorrect.

Therefore, the answer is A.

[Analysis] Low-carbon refers to lower (or reduced) emissions of greenhouse gases, mainly carbon dioxide. A low-carbon lifestyle can be understood as one that reduces carbon dioxide emissions with low energy, consumption, and expenses. Carbon monoxide is not soluble in water, thus a kettle of water on a coal stove cannot prevent carbon monoxide poisoning. Approximately 71% of the Earth's surface is covered by water."	2023	middle	hard
390	Among the following groups of substances, which can coexist in large quantities to form a colorless solution is:  	single_answer_choice	Ferrous sulfate, potassium chloride, sodium sulfate  	Silver nitrate, potassium nitrate, sodium chloride  	Sulfuric acid, sodium chloride, barium nitrate  	Magnesium chloride, sodium nitrate, potassium sulfate	D	Coexistence issues of ions or substances	"[Answer] A: There is no reaction between the three, but ferrous sulfate solution appears light green and cannot become a colorless solution, so A does not meet the requirements.

B: Silver nitrate and sodium chloride exchange components in the solution to form white silver chloride precipitate and sodium nitrate, thus cannot coexist in large amounts. B does not meet the requirements.

C: Sulfuric acid and barium nitrate exchange components in the solution to form barium sulfate precipitate, thus cannot coexist in large amounts. C does not meet the requirements.

D: There is no reaction between the three, they can coexist in large amounts, and there are no colored ions present. D meets the requirements.

Therefore, the answer is: D.

[Analysis] First, exclude colored ions, such as iron ions, ferrous ions, and copper ions, and then analyze if the substances do not form precipitates, water, or gas when combined in pairs."	2023	middle	hard
5707	The following experimental schemes designed by a student using the substances in parentheses are considered feasible:	single_answer_choice	Remove carbon dioxide from carbon monoxide (sodium hydroxide	Verify the activity sequence of metals iron, copper, and silver (copper wire, silver wire, ferrous nitrate solution)	Identify solids; sodium hydroxide, sodium chloride, ammonium nitrate (water)	Remove carbon dioxide from carbon monoxide (sodium hydroxide)	B	Endothermic or exothermic phenomena during dissolution###The chemical properties of carbon dioxide###Exploration of Metal Reactivity###Properties and Uses of Quicklime###Impurity removal and purification of substances.	"[Answer]
A: Inserting silver and copper wires into ferrous sulfate solution will not result in a displacement reaction; it only proves that iron has the highest reactivity. It cannot demonstrate the reactivity order between copper and silver. The experimental plan is incorrect and does not meet the question's requirements.
B: Sodium hydroxide dissolves in water, releasing heat and raising the temperature; sodium chloride dissolves in water with almost no temperature change, and ammonium nitrate dissolves in water, absorbing heat and lowering the solution's temperature. This experimental plan is correct and meets the question's requirements.
C: Carbon dioxide can react with sodium hydroxide solution to form sodium carbonate and water, but it cannot react with solid sodium hydroxide. This method cannot remove impurities, making the plan incorrect and not meeting the question's requirements.
D: Calcium oxide can react with water to form calcium hydroxide, so calcium carbonate mixed with calcium oxide cannot be separated by adding water. High-temperature heating should be used"	2023	middle	hard
1156	The experimental plan that can achieve the purpose is (     )	single_answer_choice	Identification: Use colorless phenolphthalein solution to distinguish between sodium hydroxide and sodium carbonate	Preparation: Mix NaCl and \(CaCO_{3}\) to produce soda ash	Purification: Use concentrated sulfuric acid to remove small amounts of water vapor mixed in CO\textsubscript{2}	Examination: Ignite in air, examine the products, and check whether alcohol contains oxygen elements	C	Applications of Acids, Bases, and Salts###Identification of Acids, Bases, and Salts###Law of Conservation of Mass and its Applications	"[Answer] A. Both sodium hydroxide and sodium carbonate are alkaline and can turn phenolphthalein red, so phenolphthalein cannot be used to distinguish them. Calcium hydroxide should be used instead, thus A is incorrect and does not meet the question's intent.\  
B. NaCl does not react with \(CaCO_{3}\). In the production of sodium carbonate, calcium hydroxide reacts with carbon dioxide to produce sodium carbonate and water, so B is incorrect and does not meet the question's intent.\  
C. It is correct to use concentrated sulfuric acid to remove small amounts of water vapor mixed with CO\textsubscript{2}, meeting the question's intent.\  
D. To test if alcohol contains oxygen, the procedure is to cover a lit alcohol lamp with a dry and cold beaker above its flame and observe if water droplets form on the beaker's surface. Therefore, operation D is incorrect and does not meet the question's intent.\"	2023	middle	hard
82	The correct statements about oxygen, carbon dioxide, and carbon monoxide are (    )	single_answer_choice	Properties: Carbon monoxide and carbon dioxide are both toxic	Composition: The different chemical properties of carbon dioxide and carbon monoxide are due to the different atoms that constitute them	Conversion: Under certain conditions, carbon monoxide and carbon dioxide can be converted into each other	Usage: Oxygen can be used as a fuel, and carbon dioxide can be used as a gaseous fertilizer	C	Uses of Oxygen###The chemical properties of carbon dioxide###Uses of Carbon Dioxide###The toxicity of carbon monoxide	Answer: A, carbon monoxide is toxic, but carbon dioxide is not, so A does not meet the criteria; B, the chemical properties of carbon dioxide and carbon monoxide differ due to their molecular structures, so B does not meet the criteria; C, under certain conditions, carbon monoxide and carbon dioxide can transform into each other, such as when carbon monoxide burns to produce carbon dioxide, or when carbon dioxide reacts with carbon at high temperatures to produce carbon monoxide, so C meets the criteria; D, oxygen is not flammable and cannot be used as fuel, so D does not meet the criteria. Therefore, the answer is: C. Analysis: A, analyzing based on the toxic nature of carbon monoxide and the non-toxic nature of carbon dioxide; B, analyzing based on differences in structure leading to differences in properties; C, analyzing based on the interconversion of carbon monoxide and carbon dioxide; D, analyzing based on the properties and uses of substances.	2021	middle	hard
3552	Logical reasoning is an important method of chemical thinking. The correct reasoning is (      )	single_answer_choice	All chemical reactions between substances and oxygen are oxidation reactions, so oxidation reactions must involve oxygen.	Ions are charged particles, so charged particles must be ions.	Compounds are pure substances composed of different elements, so a substance containing only one element is definitely not a compound.	The total mass of substances remains unchanged before and after a chemical change, so changes with unchanged total mass must be chemical changes.	C	Mutual transformation of atoms and ions###Oxidation Reactions and Their Applications###Law of Conservation of Mass and its Applications###Elements and compounds	"Answer: A, A reaction in which a substance reacts with oxygen is an oxidation reaction. The reaction between a substance and oxygen falls under oxidation reactions, but an oxidation reaction does not necessarily involve oxygen. Answer A is incorrect;  
B, Ions are charged particles, but not all charged particles are ions, such as protons and electrons which carry charges. Answer B is incorrect;  
C, A compound is a pure substance composed of different elements, so a material containing only one element is definitely not a compound. Answer C is correct;  
D, The total mass of substances before and after a chemical change does not change, but changes where the total mass of substances remains unchanged are not necessarily chemical changes. Answer D is incorrect;  
Therefore, the answer is: C.  
Analysis:  
A, Analyze based on the definition of oxidation reactions;  
B, Analyze based on charged particles;  
C, Analyze based on the definition of compounds;  
D, Analyze based on the fact"	2023	middle	hard
3112	In a sealed container, substances A, B, C, and D undergo a thorough reaction under certain conditions. The masses of each substance before and after the reaction are measured as shown in the table. The following statement is incorrect:	single_answer_choice	The reaction is a combination reactio	a = 13.6  	A and C are reactants  	The reaction is a combination reaction  	C	Combination Reactions and Their Applications###Law of Conservation of Mass and its Applications###Based on the calculations of the chemical equation	"Answer: C. After the reaction, the masses of substances A and C decrease, indicating that A and C are reactants. The masses of substances B and D increase, indicating they are products. This reaction is not a synthesis reaction, which matches the problem's requirements.  
Analysis: According to the law of conservation of mass, the total mass within a closed container remains unchanged before and after the reaction. Based on this, determine the mass to be measured, and then identify reactants and products through changes in the mass of each substance before and after the reaction. An increase in mass indicates the formation of products, and the increase reflects the amount produced. A decrease in mass indicates the reactants, and the decrease reflects the amount consumed. Substances with unchanged mass after the reaction may be catalysts."	2024	middle	hard
1165	Logical reasoning is an important method of chemical thinking. The following reasoning is unreasonable (      )	single_answer_choice	A displacement reaction produces a simple substance, so a reaction producing a simple substance must be a displacement reaction	Flammable gas mixed with air may explode when ignited, so it is necessary to test the purity before igniting the flammable gas.  	Substances containing carbon elements will produce CO\textsubscript{2} when fully burned, so substances that can generate CO\textsubscript{2} when burned must contain carbon elements.  	A displacement reaction produces a simple substance, so a reaction producing a simple substance must be a displacement reaction.  	C	Law of Conservation of Mass and its Applications###Purity testing of combustible gases such as hydrogen, carbon monoxide, and methane.###Displacement reaction and its applications###Elements and compounds	"【Answer】  
A. Combustible gases mixed with air may explode upon ignition. The purity must be tested before igniting combustible gases to prevent explosions; therefore, the reasoning in the option is correct.  
B. The types of elements do not change before and after a chemical reaction. Substances containing carbon elements that burn completely produce CO2, and substances that can produce CO2 upon combustion must contain carbon elements; thus, the reasoning in the option is correct.  
C. Displacement reactions produce an element, but reactions that produce an element are not necessarily displacement reactions, such as the reaction of carbon monoxide with iron oxide at high temperature, producing iron and carbon dioxide, which is not a displacement reaction. Therefore, the reasoning in the option is incorrect.  
D. A compound is a pure substance composed of different types of elements. A substance composed of the same type of elements is definitely not a compound, so the reasoning in the option is correct.  
Therefore, the answer is"	2024	middle	hard
181	In the laboratory, the correct methods to distinguish between the following groups of substances are:	single_answer_choice	Iron pieces and aluminum pieces - Method 1: Use a magnet; Method 2: Observe colo	Iron pieces and aluminum pieces - Method 1: Use a magnet; Method 2: Observe color  	Sucrose and table salt - Method 1: Taste; Method 2: Add water to see if it dissolves  	Alcohol and water - Method 1: Ignite; Method 2: Observe color  	D	Properties and Applications of Water###The properties and applications of common metals###Methods for Identifying Starch and Glucose, and the Properties of Proteins###Comparison between inhaled air and exhaled gases###Design and Evaluation of Chemical Experiment Plans	"[Answer] A. Both iron and aluminum plates are white metals; iron can be attracted by a magnet. Therefore, they can be distinguished by using a magnet, but not by observing their color, so this is incorrect and does not fit the question's intent.  
B. The taste of sucrose and salt is different; both dissolve easily in water without a temperature change. Thus, they can be distinguished by taste but not by solubility in water, making this incorrect and not fitting the question's intent.  
C. Alcohol and water are both colorless liquids; alcohol has an odor and is flammable. Therefore, they can be distinguished by igniting it, but not by observing color, so this statement is incorrect and does not fit the question's intent.  
D. The carbon dioxide content in air and exhaled gas is different, with less carbon dioxide in the air than in exhaled gas. Therefore, a burning stick will extinguish in exhaled gas"	2023	middle	hard
2700	The following experimental scheme or measure is reasonable (　　)	single_answer_choice	To remove CaCO\textsubscript{3} mixed in CaO, add a sufficient amount of water first, then filter	To remove KCl mixed in MnO\textsubscript{2} powder, first add plenty of water to dissolve, then filter, wash, and dry	Use colorless phenolphthalein reagent to test if sodium hydroxide has deteriorated	Use potassium iodide to detect the presence of starch in food	B	Chemical properties of alkalis###Chemical properties of salt###Methods for Identifying Starch and Glucose, and the Properties of Proteins###Design and Evaluation of Chemical Experiment Plans	"[Answer] A. Calcium oxide can react with water to form calcium hydroxide, and calcium carbonate is insoluble in water, which would remove the original substance and does not conform to impurity removal principles, thus A does not meet the requirements.

B. KCl is easily soluble in water, while MnO₂ powder is insoluble in water, so the method of adding water to dissolve, filtering, washing, and drying can be used to separate and remove impurities, making B the correct choice.

C. Both sodium carbonate and sodium hydroxide are alkaline and can turn phenolphthalein solution red, so a colorless phenolphthalein test solution cannot be used to determine if sodium hydroxide has degraded, which means C does not meet the requirements.

D. Iodine turns blue in the presence of starch, and potassium iodide cannot be used to detect starch in food, thus D does not meet the requirements.

Therefore, the correct choice is B.

[Analysis]"	2017	middle	hard
5216	"The following are statements made by a chemistry study group during an investigation on ""the differences between inhaled air and exhaled gases."" The incorrect statement is (   )"	single_answer_choice	Evidence that exhaled gas contains more carbon dioxide: Exhaled gas can turn clear limewater cloudy.	Basis for determining that exhaled gas contains nitrogen: Air contains nitrogen, and nitrogen is not absorbed by the human body.	Evidence that exhaled gas contains more water vapor: Exhaled gas forms water droplets on a glass slide.	Evidence that exhaled gas contains oxygen: Exhaled gas can make a wooden splint burn more vigorously.	D	Comparison between inhaled air and exhaled gases	"[Analysis] When a person breathes, they convert oxygen in the air into carbon dioxide and release water vapor from the body. The exhaled air has different amounts of oxygen, carbon dioxide, and water vapor compared to the air we breathe in. The nitrogen content remains basically unchanged because the body does not absorb nitrogen. Compared to inhaled air, exhaled air is characterized by ""two more and one less,"" meaning it has increased carbon dioxide and water vapor content and decreased oxygen content. Analyze and judge based on this understanding.

[Solution] A. Carbon dioxide can make clear limewater become cloudy. The exhaled air causes limewater to become cloudy, proving that the exhaled air has a higher carbon dioxide content than the air, so this statement is correct.

B. The basis for determining that exhaled air contains nitrogen is that air contains nitrogen, and nitrogen is not absorbed by the body, so this statement is correct.

C. Exhaled air contains a"	2024	middle	hard
2118	Inductive reasoning is an important learning method that can structure and systematize scattered knowledge. The following group contains incorrect knowledge summary (    ).	single_answer_choice		Chemistry and Safety & B. Chemistry and Energy  	 	 	B	Common Methods for Handling Accidents###Common Types and Functions of Fertilizers###Differences and Connections Between Molecules and Atoms###The Use and Conservation of Fossil Fuels	nan	2023	middle	hard
4341	Student Xiaoming summarized some of the chemistry knowledge learned as follows, the completely correct group is (     )  	single_answer_choice	Chemistry and Health	Iron, zinc, etc., are essential trace elements for the human body.	Both iodine deficiency and iodine excess can lead to goiter.	Proteins, carbohydrates, and fats provide energy to the human body.	A	Protect water resources###Conditions for Metal Corrosion and Its Prevention###Balanced Nutrition and Health###The chemical properties of carbon dioxide###Uses of Carbon Dioxide	"Answer: 
A, Iron, zinc, and others are essential trace elements for the human body; both iodine deficiency and excess can lead to thyroid enlargement; proteins, carbohydrates, and fats provide energy to the body; thus, statement A is completely correct.
B, Ethanol does not contain elements like sulfur or nitrogen and does not produce sulfur dioxide or nitrogen oxides upon burning, making it a relatively clean energy source; burning waste plastic in situ causes environmental pollution; using phosphate-free detergents can reduce pollution to water bodies; thus, statement B is not completely correct.
C, Carbon dioxide is a necessary material for photosynthesis, and applying CO\textsubscript{2} to greenhouse vegetables can enhance photosynthesis; caustic soda is a strong base with strong corrosiveness, and the practice of using caustic soda to neutralize acidic soil is incorrect; painting ships can isolate air and water to prevent rust; thus, statement C is not completely correct.
D, In the case of"	others	middle	hard
5208	Classification and induction are common methods in the study of chemistry. The following classifications are correct:	single_answer_choice	Alloy: brass, rus	Alkali: soda ash, ammonia monohydrate  	Composite materials: reinforced concrete, fiberglass  	Alloy: brass, rust  	B	Composition and Characteristics of the Solution###Alloys and Their Properties###The Use of Synthetic Materials and Their Impact on Humans and the Environment###The concepts of acids, bases, and salts	nan	2024	middle	hard
3961	The following order is incorrect (　　)  	single_answer_choice	Valence of sulfur elements: \(\overset{Na_{2}S、Na_{2}SO_{3}、Na_{2}SO_{4}}{\underset{from low to high}{\rightarrow}}\)  	Element content in the earth's crust: \(\overset{O、Al、Fe}{\underset{from more to less}{\rightarrow}}\)  	Mass fraction of carbon element: \(\overset{CH_{4}O、CH_{2}O、C_{2}H_{6}O}{\underset{from small to large}{\rightarrow}}\)  	Relative molecular mass: \(\overset{O_{2}、CO_{2}、H_{2}}{\underset{from large to small}{\rightarrow}}\)	D	Common Elements and Radicals Valency###Relative atomic mass and relative molecular mass###Summary of Basic Knowledge Points###The distribution and content of elements in the Earth's crust###Related calculations of chemical formulas	"[Answer] A. The algebraic sum of the valence of elements in a compound is zero. In \({Na}_{2}\)\(S\), the valence of sodium is +1. Assuming the valence of sulfur is X, then (+1)x2 + X = 0, solving this gives X = -2. Similarly, in \({Na}_{2}\)\({SO}_{3}\) and \({Na}_{2}\)\({SO}_{4}\), the valence of sulfur is +4 and +6, respectively. Therefore, the order of sulfur valence from low to high is \({Na}_{2}\)\(S\), \({Na}_{2}\)\({SO}_{3}\), \({Na}_{2}\)\({SO}_{4}\), thus A is correct;  
B. The order of element abundance in the Earth's crust from most to least is oxygen, silicon, aluminum, and iron, thus B is correct;"	2023	middle	hard
4288	The following analysis or handling of issues encountered in chemical experiments is incorrect (    ):	single_answer_choice	Not stirring with a glass rod while evaporating salt water can lead to high local temperatures causing liquid droplets to splatter.	When carbon dioxide produced in the lab is passed through clear limewater and no turbidity is observed, it might be due to the presence of hydrogen chloride gas mixed with the carbon dioxide.	If an alcohol lamp tips over and alcohol burns on the lab table, immediately cover it with a wet cloth to extinguish the fire.	In laboratory preparation of carbon dioxide, dilute sulfuric acid can be used as a substitute for dilute hydrochloric acid.	D	Evaporation and Distillation Operations###Common Methods for Handling Accidents###Laboratory preparation of carbon dioxide	Answer: A, not stirring the saltwater solution with a glass rod during evaporation can cause local overheating and droplet splashing, which is not consistent with the question's intent; B, when carbon dioxide is bubbled into clear lime water and no turbidity is observed, it may be because the carbon dioxide contains hydrogen chloride gas, which first reacts with calcium hydroxide to produce calcium chloride and water, with calcium chloride dissolving in water, which does not conform to the question's intent; C, if an alcohol lamp tips over and the alcohol burns on the lab bench, it should immediately be covered with a damp cloth to extinguish the fire, as this isolates the alcohol from oxygen and also helps to cool down, which does not match the question's intent; D, in the laboratory preparation of carbon dioxide, dilute sulfuric acid cannot be used as a substitute for dilute hydrochloric acid because the reaction between sulfuric acid and calcium carbonate produces slightly soluble calcium sulfate, which covers the surface of	2021	middle	hard
1106	The incorrect statement below is:	single_answer_choice	Potassium permanganate is easily soluble in gasoline	Recycling scrap metal can reduce environmental pollution	Zhang Qingshan contributed to the determination of relative atomic mass	Marble can be used as a building material	A	Factors affecting the rate of dissolution###Rational use of metal resources###Uses of Common Salt###Figures and Contributions in Chemistry	nan	2024	middle	medium
3119	The main reaction principle of the ammonia-soda process for producing soda ash is as follows: \(NaCl + {NH}_{3} + {CO}_{2} + H_{2}O = {NaHCO}_{3} + {NH}_{4}Cl\); 2NaHCO\textsubscript{3}\(\begin{array}{r}	single_answer_choice	"Among the following statements about the ""Hou's process,"" the incorrect one is (　　"	"Among the following statements about the ""Hou's process,"" the incorrect one is (　　)"	Stability upon heating: Sodium carbonate \(>\) Sodium bicarbonate	Producing soda ash from table salt requires substances containing carbon and oxygen elements	C	Production of Soda Ash	"Answer: C.  
Explanation:  
A. From the reactions \({NaCl + NH}_{3}{+ CO}_{2}{+ H}_{2}{O = NaHCO}_{3}{+ NH}_{4}Cl\) and \(2NaHCO\textsubscript{3}\begin{array}{r}
 \underset{\_}{\underset{\_}{heating}} \\
\end{array}Na\textsubscript{2}CO\textsubscript{3}+CO\textsubscript{2}↑+H\textsubscript{2}O\), it is known that the stability upon heating: sodium carbonate \(>\) sodium bicarbonate, which does not fit the question's intent;  
B. According to the law of conservation of mass, the types of elements before and after the reaction remain unchanged. Soda ash contains carbon and oxygen elements, so substances containing carbon and oxygen are needed to produce soda ash from salt,"	2020	middle	hard
5203	The following statement about resources and energy is incorrect (    ):  	single_answer_choice	About 71% of the Earth's surface is covered by water, most of which is ocean water.  	Coal can produce coal tar, gas, kerosene, etc., by being heated in the absence of air.  	Air is an important natural resource, and the volume fraction of rare gases is about 0.94%.  	Metal mineral reserves are limited, so metal resources must be conserved.	B	The Use and Conservation of Fossil Fuels###Resources in the ocean###Comprehensive Resource Utilization and New Energy Development###Types of Common Energy, Classification of Energy	"[Answer] A, about 71% of the Earth's surface is covered by water, the vast majority of which is ocean water, with very few freshwater resources, which does not meet the question's intent; B, coal can produce coal tar, gas, coke, etc., when heated in the absence of air. Kerosene is obtained through petroleum distillation, which meets the question's intent; C, air is an important natural resource, with the volumetric fraction of rare gases being about 0.94%; this statement meets the question's intent, does not meet the question's intent; D, metal mineral reserves are finite and non-renewable, so metal resources should be conserved, which does not meet the question's intent. Therefore, the answer is: B.

[Analysis] A, judged based on the Earth's water resources situation; B, judged based on the comprehensive utilization of fossil fuels; C, judged based on the composition of air; D, judged based on the"	2021	middle	hard
2957	The following identification methods for each group of substances are incorrect (       ):	single_answer_choice	Oxygen and nitrogen ------ burning wood splints	Phosphorus pentoxide and magnesium oxide ------ observing color	Manganese dioxide and carbon powder ------ fully burning in air	Hydrogen peroxide and water ------ manganese dioxide	B	Chemical properties of oxygen###Laboratory preparation of oxygen###Uses of Nitrogen and Rare Gases###Identification and inference of substances	"Answer:  
A. When a burning wooden stick is inserted into two bottles of gas, the one where the stick burns more vigorously contains oxygen, and the one where the stick extinguishes contains nitrogen. Answer A is correct.  
B. Both phosphorus pentoxide and magnesium oxide are white solids, so they cannot be distinguished by color. Answer B is incorrect.  
C. Carbon powder is flammable, while manganese dioxide is not. By fully burning in air, manganese dioxide and carbon powder can be distinguished. Answer C is correct.  
D. Hydrogen peroxide produces oxygen under the catalytic effect of manganese dioxide, with no significant change to water and manganese dioxide. Adding manganese dioxide can distinguish hydrogen peroxide from water. Answer D is correct.  
Therefore, the answer is B.

Analysis:  
A. Based on oxygen supporting combustion, and nitrogen not supporting combustion.  
B. Based on both phosphorus pentoxide and magnesium oxide being white solids.  
C. Based on carbon powder's flammability,"	2023	middle	hard
834	The experimental scheme that cannot achieve the objective is (   )	single_answer_choice	Using Na\textsubscript{2}SO\textsubscript{4} to remove BaCl\textsubscript{2} from NaCl	Using ignition to distinguish between polyester and woolen fabric	Using ignition to remove CO from CO\textsubscript{2}	Using water to distinguish NH\textsubscript{4}NO\textsubscript{3} and NaOH solids	C	Inspection of Common Gases###Chemical properties of salt###Identification of Acids, Bases, and Salts###Identification of cotton fibers, wool fibers, and synthetic fibers###Design and Evaluation of Chemical Experiment Plans	"Solution:

A. Na₂SO₄ can react with BaCl₂ to produce barium sulfate precipitate and sodium chloride, effectively removing impurities without introducing new ones, thus meeting the impurity removal principle. Therefore, this experimental plan achieves its purpose.

B. The main component of wool is protein, which emits a burnt feather smell when burning. Polyester emits a distinct smell when burned, allowing us to differentiate between polyester and wool through combustion. Therefore, this experimental plan achieves its purpose.

C. It is not feasible to remove carbon monoxide from carbon dioxide by ignition. This is because when a large amount of carbon dioxide (which cannot burn or support combustion) is present, a small amount of carbon monoxide will not burn. Therefore, this experimental plan does not achieve its purpose.

D. Ammonium nitrate absorbs heat when dissolved in water, while sodium hydroxide releases heat upon dissolution. Water can be used to distinguish between NH₄NO₃ and NaOH. Therefore, this experimental plan"	others	middle	hard
5069	The experimental operations below that are not likely to achieve the experimental purpose are:	single_answer_choice	To remove CO from CO\textsubscript{2} by passing a sufficient amount of oxygen and igniting it	To remove HCl from CaCl\textsubscript{2} solution by adding enough calcium carbonate and filtering	To distinguish between NaNO\textsubscript{3} and NH\textsubscript{4}NO\textsubscript{3} by adding quicklime, grinding, and smelling the odor	To differentiate between polyethylene and Bakelite by heating and observing if it melts	A	Classification and Identification of Organic Polymer Materials###Impurity removal and purification of substances.	[Answer] A. Carbon dioxide does not burn or support combustion, so carbon monoxide in carbon dioxide cannot be removed by igniting it; this statement is incorrect and meets the question's intention. B. Hydrochloric acid in calcium chloride reacts with calcium carbonate to produce calcium chloride and carbon dioxide, filtering out the remaining calcium carbonate to obtain a calcium chloride solution completes the impurity removal; this statement is correct and does not meet the question's intention. C. Ammonium nitrate reacts with calcium hydroxide to produce ammonia with a pungent smell, while sodium nitrate does not react with calcium hydroxide. By grinding with lime and smelling the odor, the production of a pungent gas indicates ammonium nitrate, while no noticeable change indicates sodium nitrate; this statement is correct and does not meet the question's intention. D. Polyethylene is a thermoplastic and will melt when heated, whereas bakelite is a thermosetting plastic and will not melt when heated, so heating to see if it	2023	middle	hard
736	A certain white powder may consist of one or more of sodium carbonate, sodium chloride, sodium hydroxide, and barium chloride. To determine its composition, a student conducted the following experiment: Experiment 1: An appropriate amount of the solid was added to water to obtain a turbid liquid, which was then filtered; Experiment 2: A small amount of the filtrate obtained from Experiment 1 was placed in a test tube, an excess of barium chloride solution was added, then shaken, allowed to stand, and phenolphthalein solution was added, turning the solution red. Which of the following judgments is correct? 	single_answer_choice	The white powder does not contain barium chloride	The white powder contains sodium hydroxide	The white powder certainly does not contain sodium chloride	Replacing barium chloride with barium hydroxide in Experiment 2 has no effect on the experiment	B	Experimental investigation of the composition and content of substances.	"[Answer] A. Take an appropriate amount of the solid and add it to water to obtain a turbid liquid, indicating that the solution contains sodium carbonate and barium chloride, so A does not fit the description;  
B. Take a small amount of the filtrate obtained from Experiment 1 in a test tube, add an excess of barium chloride solution, shake, let it stand, then add phenolphthalein solution, and the solution turns red, indicating that the solution is alkaline and the white powder contains sodium hydroxide, so B fits the description;  
C. The white powder may not contain sodium chloride, so C does not fit the description;  
D. In Experiment 2, if barium chloride is replaced with barium hydroxide, which is alkaline, adding phenolphthalein solution would also turn the solution red, affecting the experiment, so D does not fit the description.  
Thus, the answer is: B.  
[Analysis]"	2019	middle	hard
2686	The following statement is incorrect (     ):	single_answer_choice	Glucose slowly oxidizes in the human body to release heat.	Oils and fats are insoluble in water but soluble in gasoline and other organic solvents.	Proteins lose their original physiological activity when heated.	All vitamins can be synthesized in the human body.	D	Phenomenon of Dissolution and Principles of Dissolution###Life Activities and the Six Major Nutrients###Minerals and trace elements###Methods for Identifying Starch and Glucose, and the Properties of Proteins	"Answer:
A. Glucose undergoes slow oxidation in the human body, which is an exothermic reaction, so A is correct.
B. Fats are difficult to dissolve in water, but gasoline can dissolve fats, so B is correct.
C. Proteins coagulate when heated or exposed to acids, bases, or heavy metal salts, along with changes in properties and functionality, so C is correct.
D. Most vitamins cannot be synthesized and stored in the human body, so D is incorrect.
Therefore, the answer is: D

Analysis:
A. Oxidation reactions are exothermic reactions, including slow oxidation and combustion.
B. Fats are difficult to dissolve in water, requiring an emulsifier to form an emulsion; gasoline can dissolve grease."	2023	middle	hard
3134	The following options for removing impurities using specific drugs or methods are incorrect ( ):	single_answer_choice	CaCl₂ solution; Impurity: Hydrochloric acid; Removal method: Excess calcium carbonate, filtration	CaO; Impurity: CaCO₃; Removal method: Appropriate amount of dilute hydrochloric acid	N₂; Impurity: O₂; Removal method: Hot steel mesh	CO; Impurity: CO₂; Removal method: Sufficient sodium hydroxide solution, concentrated sulfuric acid	B	Inspection of Common Gases###The chemical properties of acids###Chemical properties of salt###Investigation of Material Impurity Removal or Purification	"[Answer] Solution: A. Hydrochloric acid can react with excess calcium carbonate to produce calcium chloride, water, and carbon dioxide. After filtration, impurities can be removed without introducing new impurities, complying with the impurity removal principle. Thus, the method in the option is correct.

B. Both CaO and CaCO\textsubscript{3} can react with dilute hydrochloric acid. This not only removes impurities but also removes the original substance, which does not comply with the impurity removal principle. Thus, the method in the option is incorrect.

C. Oxygen can react with copper when passing through hot copper mesh to produce copper oxide, whereas nitrogen does not react with copper. This method removes impurities without introducing new impurities, complying with the impurity removal principle. Thus, the method in the option is correct.

D. CO\textsubscript{2} can react with sodium hydroxide solution to produce sodium carbonate and water. CO does not react with sodium hydroxide solution"	others	middle	hard
2268	The incorrect practice among the following is (   ):	single_answer_choice	Using a carbon dioxide fire extinguisher to extinguish fires in libraries and archives.	When sodium hydroxide solution gets on the skin, first rinse with plenty of water, then apply boric acid solution.	Using a glowing splint to test the gas exhaled by a human.	Using shampoo first followed by conditioner to prevent hair damage when washing hair.	C	Common Methods for Handling Accidents###Neutralization Reaction and Its Applications###Comparison between inhaled air and exhaled gases###Several Common Types of Fire Extinguishers	Answer: A. The vaporization of carbon dioxide absorbs a large amount of heat, so carbon dioxide fire extinguishers can be used to extinguish fires involving books, archives, valuable equipment, and precision instruments, preventing corrosion of books; this option does not meet the question's intent. B. If sodium hydroxide solution gets on the skin, immediately rinse with plenty of water to greatly reduce the solution's concentration on the skin, weakening sodium hydroxide's corrosiveness. Any small amount of solution remaining on the skin can be neutralized with a weakly acidic boric acid; this option does not meet the question's intent. C. The gas exhaled by the human body contains low oxygen content, which cannot reignite glowing wood splints. Burning wood splints should be used to test the gas exhaled by humans; this option meets the question's intent. D. Using shampoo first and then conditioner when washing hair can prevent hair damage; this option does not meet the question	2021	middle	hard
5510	The correct order is:	single_answer_choice	The oxidation states of Mn elements: \( \overset{K_{2}MnO_{4}, KMnO_{4}, MnO_{2}}{\underset{from low to high}{\rightarrow}} \)	The solubility of substances: \( \overset{KNO_{3}, Ca(OH)_{2}, CaCO_{3}}{\underset{from strong to weak}{\rightarrow}} \)	The pH of solutions: \( \overset{NaOH, NaCl, H_{2}SO_{4}}{\underset{from high to low}{\rightarrow}} \)	The abundance of elements in the Earth's crust: \( \overset{O, Si, Al}{\underset{from high to low}{\rightarrow}} \)	B	Factors affecting the rate of dissolution###The relationship between the acidity/alkalinity of a solution and its pH value.###Common Elements and Radicals Valency###The distribution and content of elements in the Earth's crust	nan	2024	middle	hard
1197	The unreasonable methods of storing and using medicines below are (      )	single_answer_choice	Storing table salt in a wide-mouth bottle	Storing hydrochloric acid in a narrow-mouth bottle	Using a dropper to take a small amount of potassium nitrate solution	Using tweezers to take sodium carbonate powder	D	Storage of medicine	"Answer: A. Salt is a solid pharmaceutical, stored in a wide-mouth bottle, thus reasonable and not applicable to the context;
B. Hydrochloric acid is a liquid pharmaceutical, stored in a narrow-mouth bottle, thus reasonable and not applicable to the context;
C. Adding a small amount of liquid with a dropper is reasonable and not applicable to the context;
D. Sodium carbonate powder should be taken with a spatula, thus unreasonable and applicable to the context;
Therefore, the answer is: D.
Analysis: Based on the methods of pharmaceutical storage and operational considerations."	2022	middle	medium
1335	Submarines require the installation of oxygen regeneration devices to ensure extended underwater operations. The following reactions can all produce oxygen, among which the most suitable reaction for supplying oxygen in a submarine is:	single_answer_choice	Potassium permanganate \(\underset{\rightarrow}{heat}\) potassium manganate + manganese dioxide + oxygen	Water \(\underset{\rightarrow}{electrolysis}\) hydrogen + oxygen	Sodium peroxide + carbon dioxide \(\rightarrow\) sodium carbonate + oxygen	Hydrogen peroxide \(\underset{\rightarrow}{manganese dioxide}\) water + oxygen	C	Laboratory preparation of oxygen###Investigation of the Reaction Principles for Producing Gases	"Answer:  
A. This reaction requires heating, which consumes energy, making it unsuitable for supplying oxygen in a submarine, thus it does not meet the requirements.  
B. This reaction requires electricity, which consumes energy, making it unsuitable for supplying oxygen in a submarine, thus it does not meet the requirements.  
C. This reaction neither consumes energy nor does it utilize carbon dioxide produced by the staff's breathing in the submarine, thus it meets the requirements.  
D. Although it does not consume energy, it cannot utilize carbon dioxide, making it unsuitable for supplying oxygen in a submarine, thus it does not meet the requirements.  
Hence, the answer is: C.  
Analysis: Evaluate from the principles of being scientific, rigorous, and reasonable, and whether the apparatus and operation are safe, simple, and produce obvious phenomena, along with whether the chemicals are easy to obtain, economical, environmentally friendly, and energy-saving, then analyze according to the question."	2023	middle	medium
1449	The table lists several substances containing small amounts of impurities and the methods to remove these impurities, with one incorrect option. 	single_answer_choice	Oxygen - Impurity: Water - Method: Pass the mixed gas through a wash bottle with sufficient concentrated sulfuric acid.  	Calcium oxide - Impurity: Calcium carbonate - Method: Add water to dissolve, then filter.  	Copper - Impurity: Copper oxide - Method: Add excess dilute hydrochloric acid, then filter, wash, and dry.  	Ferrous chloride solution - Impurity: Copper chloride - Method: Add excess iron powder, then filter.  	B	Gas purification (removal of impurities, dehydration)###Chemical properties of salt###Investigation of Material Impurity Removal or Purification	"[Answer] A. Concentrated sulfuric acid is hygroscopic, does not react with oxygen, can remove impurities without introducing new ones, and follows the principle of impurity removal, so the method used in this option is correct; 
B. CaO can react with water to form calcium hydroxide, and calcium carbonate is poorly soluble in water, which would remove the original substance. This does not follow the principle of impurity removal, so the method used in this option is incorrect; 
C. Copper oxide can react with an excess of dilute hydrochloric acid to form copper chloride and water. Copper does not react with dilute hydrochloric acid. After filtration, washing, and drying, impurities can be removed without introducing new ones, which follows the principle of impurity removal, so the method used in this option is correct; 
D. Excess iron powder can react with copper chloride solution to form iron chloride solution and copper, which can be filtered out. This removes impurities without introducing new ones"	others	middle	hard
1772	To investigate the composition of gas X, an interest group conducted the following experiment: 2.40 g of copper oxide was weighed and, under heating conditions, reacted with an excess of gas X to produce copper, water, and nitrogen gas. Measurements show that the products contain 0.54 g water and 0.28 g nitrogen gas. The incorrect conclusion is:	single_answer_choice	The mass of X involved in the reaction is 0.82 	X must contain nitrogen and hydrogen elements	The mass of X involved in the reaction is 0.82 g	X certainly does not contain oxygen and copper elements	B	Common Mass Relationships in Chemical Reactions###Law of Conservation of Mass and its Applications	[Answer] The mass of oxygen element in 2.4g of copper oxide is 2.4g × 16/64 × 100% = 0.6g. The mass of copper element is 2.4g - 0.6g = 1.8g. According to the law of conservation of mass, the mass of elements does not change before and after the chemical reaction, so the mass of copper produced is 1.8g. Thus, the mass of the reacting gas X is 1.8g + 0.54g + 0.28g - 2.4g = 0.22g. The mass of oxygen in 0.54g of water is 0.54g × 16/18 × 100% = 0.48g. The total mass of hydrogen and oxygen elements in the products is 0.54g + 0.28g = 0.	2018	middle	hard
2277	The following statements about metals and metal materials are incorrect ( ):	single_answer_choice	Stainless steel is an iron alloy that never rusts	Iron rusts easily in humid air	The main component of hematite is Fe\textsubscript{2}O\textsubscript{3}	Recycling scrap metal is beneficial for conserving metal resources	A	The existence of metallic elements and common metallic minerals###Pig iron and steel###Conditions for Metal Corrosion and Its Prevention###Rational use of metal resources	"Answer: A. Stainless steel can rust if conditions allow it, incorrect; B. Iron easily rusts in moist air with water and oxygen coexisting, correct; C. The main component of hematite is Fe\textsubscript{2}O\textsubscript{3}, correct; D. Recycling scrap metal helps conserve metal resources, correct; therefore, choose A.

Analysis: A. Answer based on the properties of stainless steel; B. Answer based on the cause of iron rusting; C. Answer based on the composition of iron ore; D. Answer based on the significance of recycling scrap metal."	others	middle	hard
5691	To separate a solid mixture of CaCl\textsubscript{2} and KCl, a suitable set of reagents is (     )	single_answer_choice	Water, silver nitrate, hydrochloric acid	Water, sodium carbonate, hydrochloric acid	Water, potassium carbonate, sulfuric acid	Water, potassium carbonate, hydrochloric acid	D	Investigation of Material Impurity Removal or Purification###Mutual transformation and preparation of substances	"Solution:

A. Silver chloride is insoluble in water, while potassium chloride, calcium nitrate, and hydrochloric acid are easily soluble. By adding water, dissolving, and then filtering, silver chloride can be separated. However, potassium chloride, calcium nitrate, and hydrochloric acid all dissolve in water, so they cannot be separated from each other, introducing new impurities, which doesn't meet the requirements.

B. Sodium carbonate reacts with dilute hydrochloric acid to produce sodium chloride and water, introducing new impurities, which doesn't meet the requirements.

C. Potassium carbonate reacts with sulfuric acid to produce potassium sulfate, water, and carbon dioxide, introducing a new impurity, potassium sulfate, which doesn't meet the requirements.

D. Calcium chloride reacts with potassium carbonate to produce calcium carbonate as a white precipitate and potassium chloride. Calcium carbonate is insoluble in water, while potassium chloride is soluble. By adding water, dissolving, and filtering, calcium carbonate is separated. Calcium carbonate can then react with hydrochlor"	2018	middle	hard
3096	A student uses a graduated cylinder to measure the volume of a liquid, placing the cylinder stably and facing the scale. First, he reads the measurement at the bottom of the meniscus at eye level as 19mL. After pouring out some liquid, he reads the measurement while looking down as 10mL. The actual volume of liquid poured out is:  	single_answer_choice	Greater than 9mL  	Equal to 9mL  	Less than 9mL  	Cannot be determined	A	Exploration of Experimental Data Processing or Error Analysis	"[Answer] A student used a graduated cylinder to measure the volume of a liquid. The cylinder was placed steadily, and the student faced the scale. He first read the lowest point of the concave meniscus at eye level, which was 19 mL. This reading aligns with the question. After pouring out some liquid, he then read the scale from above, which was 10 mL. This reading overestimates, indicating the actual liquid inside the cylinder is less than 10 mL, so the actual volume of liquid poured out was more than 9 mL. Therefore, the answer is: A. [Analysis] When using a graduated cylinder improperly, the ""looking down results in overestimation and looking up results in underestimation"" phenomenon occurs. That is, looking from above results in a reading greater than the actual volume, and vice versa."	2020	middle	hard
3122	The incorrect reagent or method used for the purification, removal of impurities, and identification of substances is:	single_answer_choice	Removing a small amount of HCl from CO\textsubscript{2} - Passing the mixed gas through a saturated sodium bicarbonate solution, then into concentrated sulfuric aci	Removing CaCO\textsubscript{3} from CaO - High-temperature calcination until the solid mass no longer changes	Purifying sodium nitrate from sodium sulfate - Dissolution, adding an appropriate amount of barium chloride solution, filtering, and evaporating	Removing a small amount of HCl from CO\textsubscript{2} - Passing the mixed gas through a saturated sodium bicarbonate solution, then into concentrated sulfuric acid	B	Endothermic or exothermic phenomena during dissolution###Identification of Acids, Bases, and Salts###Investigation of Material Impurity Removal or Purification###Transformation between calcium carbonate, quicklime, and hydrated lime.	"Answer: 

A. The high-temperature calcination of CaCO\textsubscript{3} produces calcium oxide and carbon dioxide gas, transforming impurities into substances to be retained, so this option does not meet the requirement.

B. Barium chloride can react with sodium sulfate to produce barium sulfate precipitate and sodium chloride, consuming the substances to be retained and introducing a new impurity, sodium chloride, making this option appropriate.

C. To remove traces of HCl from CO\textsubscript{2}, the mixed gas is passed through a saturated sodium bicarbonate solution, where HCl reacts with sodium bicarbonate to produce sodium chloride, water, and carbon dioxide. The impurity HCl is converted into carbon dioxide, and then concentrated sulfuric acid is used for drying to obtain pure carbon dioxide. This option does not meet the requirement.

D. Dissolving solid ammonium nitrate in water absorbs heat and lowers the solution temperature, while sodium hydroxide releases heat and increases the solution"	2019	middle	hard
