index	question	category	answer	knowledge	analysis	year	grade_level	difficulty_level
1517	"Acids, bases, salts, and oxides are important types of compounds that are closely related to daily life and industrial and agricultural production.

(1) Among the following substances, the one that cannot be used to treat excess stomach acid is: ( )  
A. Magnesium hydroxide  
B. Sodium hydroxide  
C. Aluminum hydroxide  
D. Sodium bicarbonate  

(2) Ammonium nitrogen fertilizers cannot be mixed with alkaline substances because they all contain the same ion. Write the symbol for that ion: ( ).  

(3) The chemical properties of SiO\textsubscript{2} are similar to CO\textsubscript{2} and can react with NaOH solution to produce salt and water, with no change in the oxidation state of silicon before and after the reaction. Write the chemical formula of that salt: ( ).  

(4) Passing hard water through a cation exchange column, as shown in the figure, take a small amount of water passing through the cation exchange column into a test tube, add an appropriate amount of soap solution, and shake. If less foam and more scum are observed, it indicates that the ion exchange column has failed: ( ).

(5) The ratio of the concentrations and the sequence of basicity are ( ) and ( ).  
Current answer: (1) B, (2) \({NH}_{4}^{+}\), (3) \({Na}_{2}{SiO}_{3}\), (4) Failure, (5) 1:6; B > A > C"	fill_in_the_blank	B; \({NH}_{4}^{+}\); \({Na}_{2}{SiO}_{3}\); failure; 1:6; B > A > C	Hard water and soft water###Mass fraction of solute and related calculations###Writing and Meaning of Chemical Formulas	nan	2023	middle	hard
5086	"Achieving ""carbon peak"" by 2030 and ""carbon neutrality"" by 2060 demonstrates China's firm determination to address climate change and highlights the responsibilities and commitments of a major country.

(1) Draw the structural diagram of a carbon atom: ( ), the number of electrons outside the nucleus: ( ). 

(2) To achieve ""carbon neutrality,"" it is necessary to reduce the use of ( ), oil, and natural gas, among other fossil fuels.

(3) The synthesis of urea [CO(NH\textsubscript{2})\textsubscript{2}] from CO\textsubscript{2} and substance X is a successful example of fixing and utilizing CO\textsubscript{2}. The chemical equation for this reaction is \(CO_{2} + 2X\rightarrow CO(NH_2)_2\).

(4) Reasonable options such as ( ) or low-carbon travel are acceptable."	fill_in_the_blank	(1) <image>; 6  (2) Coal  (3) NH\textsubscript{3}  (4) Afforestation	Diagram of atomic structure and diagram of ionic structure###Law of Conservation of Mass and its Applications###The impact of carbon dioxide on the environment###The Use and Conservation of Fossil Fuels	"Answer: (1) The atomic nucleus of carbon contains 6 protons. The first electron shell outside the nucleus has 2 electrons, and the second shell has 4 electrons, so the structural diagram of the carbon atom is <image>, and there are 6 electrons outside the nucleus.  
(2) To achieve ""carbon neutrality,"" it is necessary to reduce the use of fossil fuels such as coal, oil, and natural gas.  
(3) Synthesizing urea [CO(NH\textsubscript{2})\textsubscript{2}] from CO\textsubscript{2} and substance X is a successful example of CO\textsubscript{2} fixation and utilization. The chemical equation for this reaction is \({CO}_{2} + 2X\overset{certain conditions}{=}CO({NH}_{2})_{2} + H_{2}O\). The products contain C, 2O, 6H,"	2023	middle	hard
738	Natural gas is a clean energy source. Write the chemical equation for the complete combustion of its main component: ( ); in a case where natural gas leakage leads to a fire in a residential area, firefighters use high-pressure water hoses to extinguish the fire. The principle is ( ). When 5.2g of C\textsubscript{2}H\textsubscript{2} is ignited, it reacts with 14.4g of O\textsubscript{2} to produce 13.2g of CO\textsubscript{2}, m g of CO, and n g of H\textsubscript{2}O. Then, n is ( ) g, and m is ( ) g.	fill_in_the_blank	CH\textsubscript{4} + 2O\textsubscript{2} \(\rightarrow\) CO\textsubscript{2} + 2H\textsubscript{2}O; reduce the temperature of the combustible material below the ignition point; 2.8; 3.6	Law of Conservation of Mass and its Applications###Principles and Methods of Fire Extinguishing###Properties and uses of common organic compounds such as methane and ethanol.	nan	2023	middle	hard
2043	There are Na\textsubscript{2}CO\textsubscript{3}, BaCl\textsubscript{2}, and HCl three colorless solutions that can be identified at once with the use of indicator ( ). The acid that can be chosen is ( ). When taking samples and mixing them pairwise, the phenomenon for identifying the sodium carbonate solution is ( ).	fill_in_the_blank	Purple litmus solution; dilute sulfuric acid; produces bubbles when mixed with one solution and a white precipitate when mixed with another solution.	Properties and Applications of Acid-Base Indicators###Identification of Acids, Bases, and Salts	Answer: (1) Since hydrochloric acid is acidic, Na\textsubscript{2}CO\textsubscript{3} solution is basic, and BaCl\textsubscript{2} solution is neutral, when hydrochloric acid, BaCl\textsubscript{2} solution, and Na\textsubscript{2}CO\textsubscript{3} solution are mixed with purple litmus solution, the color changes sequentially to red, purple, and blue. When these three solutions are mixed with dilute sulfuric acid, BaCl\textsubscript{2} forms a white barium sulfate precipitate, Na\textsubscript{2}CO\textsubscript{3} releases carbon dioxide gas, and hydrochloric acid does not react, showing no obvious phenomenon. Therefore, the observed phenomena are no obvious change, formation of white precipitate, and gas release respectively. (2) When the three solutions (hydrochloric acid,	2018	middle	hard
4312	"General Secretary Xi Jinping emphasized that ""Chinese people should hold their rice bowls firmly in their own hands, and these bowls should be filled with their own grains."" Please use the chemical knowledge you have learned to answer the following questions.

(1) Grains are essential for a good diet, and a reasonable dietary structure is needed to provide the body with balanced nutrition. Among the six major nutrients, eating rice and steamed buns primarily supplements ( ), while consuming eggs and milk mainly supplements ( ). A deficiency in vitamin ( ) can cause night blindness; a deficiency in vitamin ( ) can lead to scurvy.

(2) The reasonable use of food additives promotes health. Potassium iodate (KIO\textsubscript{3}) is added to iodized salt, and the mass ratio of the three elements in potassium iodate is ( ), where the valence of I is ( )."	fill_in_the_blank	Carbohydrates; Protein; A; C; 39:127:48; +5	Common Types and Functions of Fertilizers###The composition of elements in the human body and the important role of elements in human health###Related calculations of chemical formulas	nan	2022	middle	hard
5414	Aluminum is a metal with relatively active chemical properties. It can react with both acids and bases. When a certain quantity of polished aluminum sheets is placed into 80g of a sodium hydroxide solution of a certain concentration, it fully reacts to yield a sodium aluminate (NaAlO\textsubscript{2}) solution and the gas with the lowest density. The chemical equation for this reaction is \ul{　 　}; the experimentally measured ratio of the mass fraction of sodium in the solution before and after the reaction is 53:50. Therefore, the mass of aluminum sheets added before the experiment is \ul{　 　}g.	fill_in_the_blank	2Al + 2H\textsubscript{2}O + 2NaOH = 2NaAlO\textsubscript{2} + 3H\textsubscript{2}↑; 5.4	Writing and balancing chemical equations###Law of Conservation of Mass and its Applications###Based on the calculations of the chemical equation	nan	2024	middle	hard
5618	"With the continuous improvement of people's living standards, cars have entered thousands of households. Manufacturing cars requires various metal materials containing elements such as copper, iron, and aluminum.  

(1) In automotive circuits, copper is often used as wiring, which utilizes the ( ) property of copper.  
(2) The car body is mostly made of steel, and its surface is painted not only for aesthetics but also to effectively prevent rust by avoiding contact with ( ) and ( ).  
(3) The chemical equation in the industrial reduction of hematite using CO to smelt metallic iron is Fe2O3 + 3CO → 2Fe + 3CO2, which represents the reduction of ( ) by ( ).  
(4) In a laboratory exploration of the metallic activity sequence of aluminum and copper, besides aluminum and copper, the reagent needed is a ( )."	fill_in_the_blank	Conductive; oxygen; water; Fe2O3; CO; dilute acid	The properties and applications of common metals###Metal activity series and its applications###Carbon monoxide reduces iron oxide.###Conditions for Metal Corrosion and Its Prevention	"Answer:

(1) Copper is used as a conductor because it has good electrical conductivity;

(2) Iron rusts when simultaneously exposed to oxygen and water vapor. Painting the car body can prevent iron from contacting oxygen and water vapor, thus preventing rust;

(3) Carbon monoxide reacts with iron oxide to produce iron and carbon dioxide. The chemical equation for the reaction is 3CO + Fe\textsubscript{2}O\textsubscript{3} → 2Fe + 3CO\textsubscript{2};

(4) To compare the reactivity order of aluminum and copper, you can use the reaction of active metals with dilute acids. Since metals listed earlier in the activity series (except K, Ca, Na) can displace metals listed later from their salt solutions, reagents such as dilute sulfuric acid, dilute hydrochloric acid, or copper sulfate solution can be selected.

Therefore, the answers are:

(1) Conductivity; (2) Oxygen"	others	middle	hard
5620	"The solubility curves of substances A and B (both without crystal water) are shown in the figure. Please answer the following questions:  
(1) At t₁℃, after adding 30g of substance B to 50g of water and fully dissolving, the mass of the resulting solution is ( )g.  
(2) At t₂℃, the mass fractions of solute in solutions of substances A and B are equal, both being a%. The range of a is ( ).  
(3) Cooling equal masses of saturated solutions of A and B from t₂℃ to t₁℃, the correct statement is ( ) (fill in the letter):  
A. Solute mass at t₁℃: A = B   
B. Solute mass at t₁℃: A > B  
C. Solute mass at t₁℃: A < B  
D. No crystallization occurs."	fill_in_the_blank	70; 0 < a% ≤ 37.5%; C	Principle, Methods, and Applications of Crystallization###Saturated solution and unsaturated solution###Solubility Curve of Solids and Its Function###Mass fraction of solute and related calculations	nan	2023	middle	hard
2039	When preparing carbon dioxide in the laboratory, if a burning stick placed at the bottle's mouth extinguishes, it indicates that the bottle is filled with carbon dioxide. Adding purple litmus solution to this gas collection bottle and shaking it results in the solution turning red; the chemical equation for the reaction is ( ). When the generated carbon dioxide gas is passed into clear limewater, the observable phenomenon is ( ). The chemical equation is ( ).	fill_in_the_blank	CO\textsubscript{2} + H\textsubscript{2}O═H\textsubscript{2}CO\textsubscript{3}; Clear limewater turns cloudy; Ca(OH)\textsubscript{2} + CO\textsubscript{2}═CaCO\textsubscript{3}↓ + H\textsubscript{2}O	Text expression###The chemical properties of carbon dioxide###Inspection and Completion of Carbon Dioxide	[Answer] Solution: Place the burning splint at the mouth of the gas jar. If the burning splint extinguishes, it indicates that the jar is full. When carbon dioxide mixes with litmus solution, it reacts with water to form carbonic acid, which is acidic and can turn the litmus solution red. The chemical equation for the reaction is: CO₂ + H₂O → H₂CO₃. Therefore, the answer is: The burning splint extinguishes; CO₂ + H₂O → H₂CO₃. Carbon dioxide can turn clear limewater cloudy because it reacts with calcium hydroxide in limewater to form calcium carbonate precipitate and water. The chemical equation for the reaction is: Ca(OH)₂ + CO₂ → CaCO₃↓ + H₂O. Therefore, the answer is: Clear limewater becomes cloudy, Ca(OH)₂ + CO₂ → CaCO₃↓ + H₂O. [Analysis]	others	middle	hard
2294	"Please choose the appropriate element symbols from H, C, O, Na, Cl and fill in the blanks using chemical terminology.  
(1) Three hydrogen ions ( )  
(2) Sodium hydroxide ( )  
(3) Solute in hydrochloric acid ( )  
(4) Salt composed of three elements ( ) (write one)  
(5) Gas that can combine with human hemoglobin to cause poisoning ( )."	fill_in_the_blank	3H⁺; NaOH; HCl; Na₂CO₃; CO	The meaning of chemical symbols and their surrounding numbers.	"【Answer】 (1) Add a number before the ion symbol to indicate the number of ions. Three hydrogen ions are represented as 3H\textsuperscript{+}; therefore, the answer is: 3H\textsuperscript{+};\
(2) In sodium hydroxide, the sodium element shows a +1 valence, and the hydroxide ion group shows a -1 valence. The chemical formula is NaOH, so the answer is: NaOH;\
(3) Hydrochloric acid is an aqueous solution of hydrogen chloride, with the solute being hydrogen chloride, so the answer is: HCl;\
(4) Many salts are composed of three elements, such as sodium carbonate, so the answer is: Na\textsubscript{2}CO\textsubscript{3};\
(5) The toxic gas that can combine with human hemoglobin is carbon monoxide, so the answer is: CO.\
【Analysis】 Recognize"	2023	middle	hard
2719	Coal, \_\_\_\_ and natural gas combustion as fossil fuels will produce carbon dioxide; the sulfur dioxide and other pollutants emitted from coal combustion can lead to \_\_\_\_ formation; when 69g of ethanol is ignited and fully reacted to produce CO\textsubscript{2}, CO, and \(H_{2}O\), and then cooled to room temperature, the mass fraction of oxygen element in the resulting gas is determined to be 64%. The mass of oxygen consumed during the combustion is \_\_\_\_g.	fill_in_the_blank	Oil; Acid rain; 112	Law of Conservation of Mass and its Applications###The Use and Conservation of Fossil Fuels###The use of common fuels and their impact on the environment	nan	2023	middle	hard
3578	"A reasonable classification of chemicals is a common method to study substances and their changes.  
(1) The classification of the following substances which does not help in predicting their chemical properties is ( ) (fill in the letter).  
A. Sulfur dioxide as a non-metal oxide  
B. Zinc as a ""pre-hydrogen metal""  
C. Manganese hydroxide as a white solid  
D. Ferrous sulfate as a sulfate  

(2) Lithium carbonate (Li₂CO₃) is widely used in ceramics and pharmaceuticals and is a white solid slightly soluble in water. Based on learned knowledge, predict that Li₂CO₃ can react with ( ) (fill in type of substance). Experimental operations and expected phenomena to verify the prediction are: take Li₂CO₃ ( )."	fill_in_the_blank	C; acid; add an adequate amount of dilute hydrochloric acid, the solid gradually disappears, producing bubbles	Chemical properties of salt###Differences and Applications of Chemical Properties and Physical Properties	"Answer: (1) A. Non-metal oxides can react with alkali solutions to produce salts and water. Sulfur dioxide is a non-metal oxide; classifying substances helps predict their chemical properties, incorrect. B. ""Metals before hydrogen"" can displace hydrogen in acids. Zinc is such a metal; classifying substances helps predict their chemical properties, incorrect. C. Being a white solid is a physical property. Manganese hydroxide is a white solid; classifying substances does not help predict its chemical properties, correct. D. Soluble sulfates can undergo double displacement reactions with salts containing barium ions. Ferrous sulfate is a sulfate; classifying substances helps predict their chemical properties, incorrect. Thus, the answer is C.

(2) Carbonates can react with acid solutions to produce carbon dioxide. Lithium carbonate (Li₂CO₃) contains carbonate ions and can react with acid solutions. The experiment to verify this involves placing solid Li₂CO₃ in"	2020	middle	hard
3738	"The theme of ""World Water Day"" 2022 is ""Valuing Groundwater, Treasuring the Hidden Resource.""  
(1) In the purification process at water plants, activated carbon is added to purify water using its ( ) properties.  
(2) In daily life, ( ) can be used to test whether domestic water is hard or soft.  
(3) Among the following practices, which can protect water resources? ( ) (fill in the letter).  
A. Using rice-washing water to water plants B. Banning the use of fertilizers and pesticides  
C. Replacing drip irrigation with flood irrigation in agriculture D. Discharging industrial wastewater after it meets standards  
(4) The main component of the heating pack inside a self-heating pot is quicklime. Adding a certain amount of water to the heating pack generates heat to warm the meal. Write the chemical equation for this process: ( ).  
(5) The amount of water required to make the heating process most effective is ( ) g."	fill_in_the_blank	Adsorption; Soapy water; A, D; CaO + H₂O = Ca(OH)₂; 2	Hard water and soft water###Chemical properties of metals###Writing and balancing chemical equations###Properties and Uses of Carbon Allotropes	nan	2023	middle	hard
4726	"Metal materials are widely used in daily life and production.

(1) Pig iron and steel are the most used metal materials, and the reason for the difference in their properties is ( ); industrial smelting of iron involves carbon monoxide reducing iron oxide, with the chemical equation for the reaction being ( ).

(2) A certain zinc powder contains an impurity of either copper or magnesium. If a 13g sample of this zinc powder reacts fully with an excess of dilute hydrochloric acid, producing 0.42g of hydrogen gas, the impurity in the zinc powder is ( ). Another measurable quantity of this sample is added to a copper sulfate solution, fully reacted, and filtered to obtain residue and filtrate. The residue is washed, and dilute sulfuric acid is added, producing bubbles. The solute that must be present in the filtrate is ( ) (fill in with chemical formula)."	fill_in_the_blank	Different carbon content; \(Fe_{2}O_{3} + 3CO\underset{high\ temperature}{\longrightarrow}2Fe + 3CO_{2}\);Mg; MgSO\textsubscript{4}	Alloys and Their Properties###Chemical properties of metals###Carbon monoxide reduces iron oxide.	"Answer: (1) Both pig iron and steel are iron alloys, and their different properties are due to varying carbon content. Carbon monoxide and iron oxide react at high temperatures to produce iron and carbon dioxide. The chemical equation for the reaction is \(Fe_{2}O_{3} + 3CO\begin{array}{r}
\underset{\_}{\underset{\_}{\,\,\, high\,temp.\,\,\,}} \\
\end{array}2Fe + 3CO_{2}\);\\
(2) Solution: Assume the mass of hydrogen produced from the reaction of 13g of zinc is x\\
\(\begin{matrix}
Zn + & 2HCl = & {ZnCl}_{2} + & H2 \uparrow \\
65 & & & 2 \\
13g & & & x
\end{matrix}\)\\
\(\frac{65}{2} = \frac{13"	2024	middle	hard
405	The chemical equation for the complete combustion of methane in air is ( ); 8.8g of propane (C\textsubscript{3}H\textsubscript{8}) is burned in a certain amount of oxygen, producing 17.6g of CO\textsubscript{2}, 14.4g of H\textsubscript{2}O, and a certain amount of CO, then the ratio of the number of molecules of propane to oxygen involved in the reaction is ( ) (fill in the simplest ratio).	fill_in_the_blank	CH\textsubscript{4} + 2O\textsubscript{2} \rightarrow CO\textsubscript{2} + 2H\textsubscript{2}O; 2:9	Related calculations of chemical formulas###Law of Conservation of Mass and its Applications###Properties and uses of common organic compounds such as methane and ethanol.	nan	2024	middle	hard
407	"Combustible ice looks like ice and primarily contains methane hydrate (composed of methane and water molecules), along with small amounts of carbon dioxide and other substances.

(1) Combustible ice belongs to ( ) (fill in ""pure substance"" or ""mixture"").

(2) Methane (\(CH_{4}\)) can be used as fuel, and its complete combustion chemical equation is ( ).

(3) At normal temperature and pressure, in a mixture composed of methane and another gas, the mass fraction of carbon is 80%. The possible other two gases are ( ).  
A．\(H_{2}\) and \(CO\)  
B．\(C_{2}H_{2}\) and \(H_{2}\)  
C．\(C_{2}H_{2}\) and \(C_{2}H_{4}\)  
D．\(CO\) and \(C_{2}H_{ \)"	fill_in_the_blank	mixture; \(CH_{4} + 2O_{2} \overset{\text{ignition}}{\longrightarrow} CO_{2} + 2H_{2}O\); B, C, D	Writing and balancing chemical equations###Related calculations of chemical formulas###Pure substances and mixtures	"Solution:

(1) Combustible ice is methane hydrate, which is a mixture.

(2) Methane burns in air to produce water and carbon dioxide. The chemical equation for the reaction is \(CH_{4} + 2O_{2}\xrightarrow{\text{ignite}} CO_{2} + 2H_{2}O\);

(3) The mass fraction of carbon in methane is \(\frac{12}{16} \times 100\% = 75\%\). Therefore, the mass fraction of carbon in the added gas mixture must be greater than 80% to obtain a mixed gas with a carbon mass fraction of 80%. The carbon mass fraction in \(C_{2}H_{2}\) is \(\frac{24}{26} \times 100\% = 92\%\), in \(C_{2}H_{4}\) it is \(\frac{24}{28} \times 100\%"	2023	middle	hard
3024	"If the mass of one \( A \) atom is \( a \, \text{kg} \), and the mass of one carbon-12 atom (containing 6 protons) is \( b \, \text{kg} \), please calculate:
(1) The number of extranuclear electrons in one carbon-12 atom is \ul{　 　}.
(2) The number of neutrons in one carbon-12 atom is \ul{　 　}.
(3) The relative atomic mass of atom \( A \) is \ul{　 　}."	fill_in_the_blank	"(1) 6  
(2) 6  
(3) \(\frac{12a}{b}\)"	Definition and Composition of an Atom###Calculation of relevant quantities of atoms	"Answer:
(1) The number of protons in an atom equals the number of extranuclear electrons. One carbon-12 atom contains 6 protons, so the number of extranuclear electrons is also 6.
Therefore, the answer is: 6.
(2) The number of neutrons equals the relative atomic mass minus the number of protons. The number 12 in the upper right corner of a carbon-12 atom is the relative atomic mass of the atom, with the number of protons being 6, so the number of neutrons equals 12 - 6 = 6.
Therefore, the answer is: 6.
(3) The relative atomic mass of atom A = \(\frac{\text{actual mass of one A atom}}{\text{mass of one carbon-12 atom} \times \frac{1}{12}} = \frac{a \text{ kg}}{b \text{ kg} \times \frac{1}{"	2023	middle	hard
1750	When investigating the properties of bases, potassium hydroxide was used. As Xiao Ming was tidying up the lab bench, he noticed that the reagent bottle containing solid potassium hydroxide was not capped. He believed that some of the potassium hydroxide in the bottle had deteriorated. The basis for his reasoning is (expressed using a chemical equation) ( ). To prove that the potassium hydroxide has partially deteriorated, please describe the experimental steps, possible observations, and related reasoning ( ).	fill_in_the_blank	\(2KOH + CO_{2} = K_{2}CO_{3} + H_{2}O\); Dissolve potassium hydroxide solid in water. When excess calcium chloride solution is added to the resulting solution, a white precipitate forms, indicating the presence of potassium carbonate. After allowing it to stand, take the clear supernatant liquid and add colorless phenolphthalein solution. If the solution turns red, it indicates the presence of potassium hydroxide, suggesting that part of the potassium hydroxide solid has degraded.	Investigation into Whether the Drug Has Deteriorated	[Solution] Potassium hydroxide can react with carbon dioxide in the air to form potassium carbonate and water. The chemical equation for the reaction is: 2KOH + CO\textsubscript{2} = K\textsubscript{2}CO\textsubscript{3} + H\textsubscript{2}O. To prove that potassium hydroxide has partially decomposed, one needs to demonstrate the simultaneous presence of potassium carbonate and potassium hydroxide. The approach is to first test for and remove potassium carbonate, then test for potassium hydroxide. The steps are: dissolve potassium hydroxide solid into a solution, add an excess of calcium chloride solution, and observe the formation of a white precipitate, indicating the presence of potassium carbonate. After settling, take the supernatant liquid and add colorless phenolphthalein indicator solution. If the solution turns red, it proves the presence of potassium hydroxide, indicating partial decomposition of the potassium hydroxide solid.	2022	middle	hard
3016	"Use numbers and symbols to represent:
(1) n carbonate ions ( ); 
(2) The most abundant metal element in the human body is ( ); 
(3) 3 ammonia molecules ( ); 
(4) The valence of iron in ferrous sulfate ( ); 
(5) The particle that maintains the chemical properties of nitrogen ( )."	fill_in_the_blank	\[ \text{nCO}_3^{2-} \]; Ca; \[ \text{3NH}_3 \]; \[+2\]; \[ \text{N}_2 \]	Symbols of Elements and Their Meanings###Writing and Meaning of Chemical Formulas	nan	2023	middle	hard
2038	"Carbon neutrality mainly involves offsetting, reducing carbon dioxide emissions, and absorbing carbon dioxide.

(1) In nature, carbon dioxide can be absorbed through photosynthesis. Photosynthesis is the process where carbon dioxide and water produce oxygen and glucose (\(C_{6}H_{12}O_{6}\)). Photosynthesis is ( ) (choose ""chemical change"" or ""physical change""). \(O_{2}\) belongs to ( ) (fill in the category of substance); in glucose, the element with the highest mass fraction is ( ); for every 1 mol of glucose generated, ( ) mol of \(CO_{2}\) can be absorbed. 

(2) Reducing reliance on fossil fuels and improving fuel combustion efficiency can reduce carbon dioxide emissions. To ensure efficient burning of coal, one measure that can be taken is ( ) (write one measure).

(3) \(CO_{2} + Ca{(OH)}_{2} = CaCO_{3} \downarrow + H_{2}O\); the product can be of greater value (absorbs faster, can be recycled, etc., any reasonable justification is acceptable)."	fill_in_the_blank	Chemical change; element; oxygen; 6; Pulverize coal	Air Pollution and Prevention###Related calculations of chemical formulas###Amount of substance and related calculations###The chemical properties of carbon dioxide###Complete combustion and incomplete combustion	"Answer: (1) Photosynthesis in plants is the process where carbon dioxide and water form oxygen and glucose (\(C_{6}H_{12}O_{6}\)) under light, which is a chemical change. Oxygen, composed of a single element, is a pure substance; in glucose, the mass of carbon, hydrogen, and oxygen are \(12 \times 6 = 72\), 12, and \(16 \times 6 = 96\) respectively, so oxygen has the highest mass fraction. According to the equation \(6CO_{2} + 6H_{2}O \overset{\text{light}}{=} C_{6}H_{12}O_{6} + 6O_{2}\), the stoichiometric coefficients align with the amount of substances, meaning 6 mol of \(CO_{2}\) is absorbed for every 1 mol of glucose produced.  
(2) Combustion phenomena are related to"	2024	middle	hard
1196	"Nickel (Ni) and its compounds are widely used in various military manufacturing industries such as aircraft and radar, as well as in civil mechanical manufacturing and electroplating industries.

Known: Nickel commonly exhibits a +2 oxidation state in its compounds, and metallic nickel is positioned between iron and tin in the activity series of metals.

(1) The chemical formula of nickel hydroxide is ( ).  
(2) Nickel hydroxide is a light green solid that is insoluble in water. The information above that can be used to infer the chemical properties of nickel hydroxide is ( ) (fill in the letter)  
A. ""Nickel hydroxide"" B. ""Insoluble in water"" C. ""Light green solid""  
(3) Take a small amount of nickel hydroxide solid in a test tube, add colorless solution X, and shake thoroughly until the solid completely dissolves. Solution X could be ( ).  
(4) Ni + 2HCl = NiCl\_2 + H\_2↑, 2NaOH + NiCl\_2 = Ni(OH)\_2↓ + 2NaCl; Ni + 2HCl = NiCl\_2 + H\_2↑, Ca(OH)\_2 + NiCl\_2 = Ni(OH)\_2↓ + CaCl\_2; Ni + H\_2SO\_4 = NiSO\_4."	fill_in_the_blank	Ni(OH)\_2; A; HCl or H\_2SO\_4	Common characteristics and uses of alkalis###Chemical properties of alkalis###Chemical properties of salt	nan	2023	middle	hard
4308	"Please write the chemical equations for the following reactions:  
(1) The reason normal rainwater, with a pH of approximately 5.6, exhibits weak acidity (expressed with a chemical equation) is ( ).  
(2) In agriculture, slaked lime can be used to improve acidic soil (containing sulfuric acid), and the reaction equation is ( )."	fill_in_the_blank	CO₂ + H₂O → H₂CO₃; H₂SO₄ + Ca(OH)₂ → CaSO₄ ↓ + 2H₂O	Neutralization Reaction and Its Applications###The impact of acidity and alkalinity on life activities and crop growth	nan	2023	middle	hard
31	"Chemistry is in life, life is in chemistry, and chemistry makes our lives more wonderful. Fresh air, clean water, and balanced nutrition are all closely related to human health.

(1) Which of the following is not an air pollutant? (Fill in the letter)
A. Ozone B. Carbon monoxide C. PM\textsubscript{2.5} D. Carbon dioxide

(2) In daily life, \_\_\_\_ can be used to reduce water hardness. In the process of tap water production, alum is added to \_\_\_\_.

(3) Xiaoming's family lunch menu includes: steamed buns, roasted ham, crucian carp soup, and spiced dried tofu. From a nutritional perspective, what else needs to be added? (Fill in the letter)
A. Scrambled eggs B. Egg fried rice C. Cucumber salad D. Braised ribs

(4) Over time, the interior of a household kettle develops scale"	fill_in_the_blank	"(1) D  
(2) Boil; accelerate precipitation  
(3) C  
(4) Vinegar"	Air Pollution and Prevention###Purification of water###Hard water and soft water###Life Activities and the Six Major Nutrients	【Answer】 (1) Ozone, carbon monoxide, PM\textsubscript{2.5}, etc., are air pollutants and will pollute the air, but carbon dioxide is not an air pollutant; Therefore, the answer is: D; (2) Hard water contains high concentrations of calcium and magnesium ions, which can turn into precipitates upon heating and boiling, thus reducing water hardness; Alum is a coagulant that can adsorb suspended materials in water and accelerate sedimentation; (3) Mantou is rich in carbohydrates, while grilled ham, crucian carp soup, and five-spice dried tofu are rich in proteins; from a nutritional perspective, vitamins need to be supplemented; Stir-fried eggs and braised pork ribs are rich in protein, egg fried rice is rich in proteins and carbohydrates, and cucumber salad is rich in vitamins; Therefore, the answer is: C; (4) The main components of limescale are calcium carbonate and magnesium hydroxide,	2023	middle	hard
5415	"When Xiaoqing saw her father using plant ash as fertilizer in flower pots, she researched and found out that the main component of plant ash is a potassium-containing compound. She then took some plant ash and conducted the following experiments. Please help her complete the experiment report below:

Experiment Number | Experiment Objective | Experiment Plan | Experimental Phenomenon | Conclusion
--- | --- | --- | --- | ---
Experiment 1 | ( ) | ( ) | ①( ) ②( ) | The main component of plant ash is potassium carbonate
Experiment 2 | To investigate the properties of potassium carbonate | Add clear lime water to the potassium carbonate solution | White precipitate forms | The chemical equation is ( )
Experiment 3 | To investigate the components of the solute in the clear liquid after the reaction in Experiment 2 | ( ) | ( ) | The clear liquid contains two solutes ( ) and ( )

[Reflection] Waste liquid generated during the ( )"	fill_in_the_blank	Exploring the composition of plant ash; bubbles are produced; limewater becomes cloudy; K₂CO₃ + Ca(OH)₂ = CaCO₃↓ + 2KOH; take a small amount of the upper clear liquid and add dropwise: ① an excess of dilute hydrochloric acid ② clear limewater ③ barium chloride solution; ① bubbles are produced ② a precipitate forms ③ a precipitate forms; KOH; K₂CO₃; treat with acid to neutral then discharge.	Basic Methods and Significance of Scientific Inquiry###The chemical properties of carbon dioxide###Design and Evaluation of Chemical Experiment Plans	"Solution:
Experiment 1: Based on the experiment plan and conclusion, it can be inferred that the purpose of the experiment is to investigate that the main component of plant ash is potassium carbonate. Potassium carbonate can react with dilute hydrochloric acid to release carbon dioxide, which can turn clear limewater cloudy.
Experiment 2: According to the experiment plan and phenomena, it is known that potassium carbonate undergoes a double decomposition reaction with clear limewater to form calcium carbonate precipitate and potassium hydroxide.
Experiment Extension: Solutions of potassium carbonate, calcium hydroxide, and potassium hydroxide are all alkaline, turning phenolphthalein solution red. Therefore, when it is not determined that the reaction has gone to completion, the red coloration of phenolphthalein cannot conclude that the solution is potassium hydroxide.
Thus, the answer is: Investigate the components of plant ash; bubbles are produced; limewater turns cloudy; \( K_2CO_3 + Ca(OH)_2 ="	others	middle	hard
2891	"According to the latest reports, Shanghai will launch a batch of new buses powered by dimethyl ether (chemical formula C\textsubscript{2}H\textsubscript{6}O), which will help reduce harmful gas emissions from vehicles.  
(1) The molar mass of dimethyl ether is \ul{　 　}; the mass of 2 moles of dimethyl ether is \ul{　 　} grams.  
(2) 0.5 mole of dimethyl ether contains \ul{　 　} dimethyl ether molecules and contains \ul{　 　} moles of hydrogen atoms.  
(3) Dimethyl ether combusts completely in air to form carbon dioxide and water, write the relevant reaction formula: \ul{　 　}."	fill_in_the_blank	"(1) 46g/mol; 92  
(2) 3.01×10\textsuperscript{23}; 3  
(3) C\textsubscript{2}H\textsubscript{6}O + O\textsubscript{2} \(\overset{ignition}{\rightarrow}\) CO\textsubscript{2} + H\textsubscript{2}O"	Amount of substance and related calculations	"Solution:

1. The relative molecular mass of dimethyl ether (chemical formula: C₂H₆O) is calculated as 12×2 + 1×6 + 16 = 46. The molar mass of dimethyl ether is 46 g/mol. The mass of 2 mol of dimethyl ether is 2×46 g/mol = 92 g.

2. Each mole of any substance contains Avogadro's constant (approximately 6.02×10²³) particles. In 0.5 mol of dimethyl ether, there are 3.01×10²³ dimethyl ether molecules. Each dimethyl ether molecule contains 6 hydrogen atoms, resulting in 3 mol of hydrogen atoms in 0.5 mol of dimethyl ether.

3. When dimethyl ether is completely combusted in air, it produces carbon dioxide and water. The chemical equation for this reaction is: C₂H₆O + O₂ \(\x"	2018	middle	hard
1095	"Calcium hydroxide, commonly known as slaked lime, has a wide range of applications in production and daily life.  
(1) Slaked lime can be prepared by dissolving quicklime in water, and the chemical equation for the reaction is: ( ). When measuring the pH of its solution, you can ( ) and then compare the color shown on the test paper with a standard color chart to read the pH of the solution.  
(2) When lime paste is used to paint walls, the wall surface hardens after drying. The chemical equation for the reaction is: ( ).  
(3) Slaked lime can be used to improve acidic soil, with the chemical equation being: ( ) (taking sulfuric acid in soil as an example).  
(4) Mixing slaked lime powder with plant ash (mainly composed of K\textsubscript{2}CO\textsubscript{3}) results in: ( )."	fill_in_the_blank	CaO + H\textsubscript{2}O═Ca(OH)\textsubscript{2}; Use a glass rod to take a small amount of the solution to be tested and drop it onto dry pH paper; CO\textsubscript{2} + Ca(OH)\textsubscript{2}═CaCO\textsubscript{3}↓ + H\textsubscript{2}O; Ca(OH)\textsubscript{2} + H\textsubscript{2}SO\textsubscript{4}═CaSO\textsubscript{4} + 2H\textsubscript{2}O; Ca(OH)\textsubscript{2} + K\textsubscript{2}CO\textsubscript{3}=CaCO\textsubscript{3}↓ + 2KOH	Chemical properties of alkalis###Common Types and Functions of Fertilizers###Determination of the pH of a solution###Text expression	"【Answer】 
(1) Quicklime reacts with water to produce calcium hydroxide, with the chemical equation: CaO + H₂O → Ca(OH)₂. When measuring the pH of an unknown solution with pH paper, the correct method is to use a glass rod to take a small amount of the test solution and drop it on dry pH paper, then compare it with a standard color chart to determine the pH. 
(2) The main component of lime paste is calcium hydroxide, which can react with carbon dioxide in the air to produce calcium carbonate and water. Calcium carbonate is a water-insoluble, white, hard substance that makes walls white and hard after drying. The chemical equation for this reaction is: CO₂ + Ca(OH)₂ → CaCO₃ ↓ + H₂O. 
(3) Calcium hydroxide reacts with sulfuric acid to produce calcium sulfate and water, with the chemical equation: Ca(OH)₂"	others	middle	hard
1516	"Correct experimental procedures and maintaining the integrity of the experimental apparatus ensure the smooth progress of the experiment. Please complete the following tasks as required:
(1) When heating substances with an alcohol lamp, use the \_\_\_ part of the alcohol lamp flame; the method for extinguishing the alcohol lamp is \_\_\_;
(2) When measuring liquid using a graduated cylinder, the cylinder must be placed steadily, and the line of sight should be level with the \_\_\_ of the liquid inside the cylinder before reading the volume. If a student pours out some water from a graduated cylinder containing 50mL of water and reads the remaining volume as 22mL while looking up at the level, the real volume of water poured out is \_\_\_;
(3) To check the airtightness of the apparatus, \_\_\_ one end of the tube, hold the test tube in your hand, and if there is \_\_\_ at the tube opening, it indicates the"	fill_in_the_blank	"(1) Outer flame; extinguished by covering with a lamp cap  
(2) Lowest point of the concave liquid surface; less than 28mL  
(3) Submerged in water; bubbles emerge"	Common Laboratory Instruments and Their Uses###The dispensing of medication###Check the airtightness of the device.	"Solution: (1) The outer flame of an alcohol lamp has the highest temperature. When heating substances with an alcohol lamp, use the outer part of the flame. To extinguish the alcohol lamp, cover it with the lamp cap and do not blow it out.  
(2) When measuring liquid with a graduated cylinder, it must be placed stably, and the line of sight should be level with the lowest point of the liquid's concave meniscus before reading the volume. A student poured out some water from a cylinder containing 50mL of water and then read the remaining volume while looking up at it, recording it as 22mL, which is an underestimate. The actual remaining liquid is more than 22mL, so the actual volume of water poured out is less than 28mL.  
(3) To check the airtightness of a device, immerse one end of the conduit into water and hold the test tube with your hand. If bubbles emerge from"	2018	middle	hard
214	"Energy and materials are the foundation for human survival and development.

(1) In China, hydrogen vehicles adopt the fourth-generation hydrogen fuel cell technology. Hydrogen has broad prospects as an ideal energy source. The chemical equation for hydrogen combustion is ( ), and an advantage of hydrogen energy is ( ) (provide any one advantage).

(2) The outermost layer of the space suits used in the Chinese space station incorporates fiberglass and a synthetic fiber called ""Teflon,"" which is sufficient to withstand impacts from micrometeoroids akin to bullets. Its characteristic is ( ) (reasonable answer).

(3) In an experiment investigating the reaction of metals with salt solutions, a student added a certain mass of mixed solutions of Mg(NO\textsubscript{3})\textsubscript{2} and AgNO\textsubscript{3} to a mixture of aluminum powder and zinc powder. After thorough reaction and filtration, both residue and filtrate were obtained. The filtrate contains ( ) and ( )."	fill_in_the_blank	(1) \(2H_{2} + O_{2}\begin{array}{r} \underline{\underline{Ignition}} \\ \end{array}2H_{2}O\); high combustion calorific value, non-polluting products, or wide availability of raw materials  (2) High strength or impact resistance  (3) Mg(NO\textsubscript{3})\textsubscript{2}, Al(NO\textsubscript{3})\textsubscript{3}	Chemical properties of metals###Metal activity series and its applications###Properties and Uses of Carbon Allotropes###Uses of Hydrogen and the Advantages and Disadvantages of Hydrogen Energy	"**Answer**:  
(1) Hydrogen burns in oxygen to produce water, with the chemical equation: \(2H_{2} + O_{2}\xrightarrow{\text{ignite}} 2H_{2}O\). Advantages of hydrogen energy include: ① High combustion heat value; ② Non-polluting byproducts; ③ Widely available raw materials.  

(2) Since the material can withstand collisions with micrometeoroids as strong as bullets, it must possess characteristics like high strength or impact resistance (reasonable assumptions are accepted).  

(3) Based on the reactivity series of metals: Magnesium > Aluminum > Zinc > Silver, when zinc powder and aluminum powder are added to a mixed solution of Mg(NO\textsubscript{3})\textsubscript{2} and AgNO\textsubscript{3}, aluminum and zinc cannot displace magnesium from the solution. Aluminum first displaces silver from the solution, forming aluminum nitrate. Once"	2023	middle	hard
4216	"Chemistry is all around us, please use your chemistry knowledge to answer or explain the following everyday questions.  
(1) The main mineral components and content (g/100mL) indicated on a particular mineral water bottle label are as follows: Calcium ≥ 400, Potassium ≥ 3... Here, calcium and potassium refer to ( ) (fill in ""element"", ""molecule"", or ""atom"").  
(2) Environmental protection activated carbon packs can remove harmful gases produced by home decoration, the reason is ( ).  
(3) When writing archival documents of preservation value, regulations state that carbon ink should be used, the reason is ( ).  
(4) We often use dishwashing liquid to clean grease from tableware because dishwashing liquid has ( ).  
(5) Placing a pot of water over a coal stove cannot prevent CO poisoning, the reason is ( ).  
(6) The reason that aluminum pots have better corrosion resistance is because ( ).  
(7) The reaction Fe + CuSO₄ = Cu + FeSO₄ is a ( ) reaction.  
(8) Choose the characteristic of activated carbon packs that makes them effective: ① Neutralization ② Adsorption ③ Oxidation. Your answer: ( )."	fill_in_the_blank	Element; Activated carbon has adsorptive properties; Carbon's chemical properties are stable at room temperature; Emulsification; CO is insoluble in water; Aluminum forms a dense protective film on its surface in air; Displacement; ②	Emulsification Phenomenon and Emulsification Action###Chemical properties of metals###Metal activity series and its applications###The physical properties of carbon monoxide	"Answer:

(1) Matter is composed of elements; here calcium and potassium refer to elements.
Therefore, the answer is: elements.

(2) Activated carbon is porous and has adsorption properties, thus it can adsorb harmful gases.
Therefore, the answer is: activated carbon has adsorption properties.

(3) Carbon is chemically stable at room temperature and does not easily react with other substances, allowing it to be preserved for a long time. Therefore, carbon ink is recommended for writing valuable archival documents.
Therefore, the answer is: chemically stable at room temperature.

(4) Dishwashing liquid has emulsifying properties, dispersing oil stains into small droplets to form emulsions that can be washed away.
Therefore, the answer is: emulsifying properties.

(5) CO is difficult to dissolve in water, so water cannot absorb the produced CO.
Therefore, the answer is: CO is difficult to dissolve in water.

(6) Aluminum is chemically more active. When reacting with oxygen in the air,"	2022	middle	medium
5748	"Metal materials are widely used in production and life.

(1) The bronze artwork ""Galloping Horse Treading on a Flying Swallow"" is a treasure of ancient Chinese art. Bronze belongs to ( ) (fill in ""pure metal"" or ""alloy"").

(2) The content of the element aluminum ranks ( ) (fill in the number) among all metal elements in the Earth's crust. Aluminum reacts with oxygen in the air to form a dense aluminum oxide film on the surface, and the chemical equation for this reaction is ( ).

(3) To verify the reactivity order of aluminum, iron, and copper, the following three schemes were designed. The feasible one is ( ) (fill in the letter).

A. Dip aluminum and copper separately into a ferrous sulfate solution.
B. Dip copper separately into aluminum sulfate and ferrous sulfate solutions.
C. Dip aluminum separately into ferrous sulfate and copper sulfate solutions."	fill_in_the_blank	alloy; one; \(4Al + 3O_{2} = 2Al_{2}O_{3}\); A	The most in chemistry###Alloys and Their Properties###Calculations related to chemical reactions of impure substances###Exploration of Metal Reactivity	nan	2024	middle	hard
411	Among potassium hydroxide, carbon dioxide, hydrogen, and mercury, the substance composed directly of atoms is ( ), the substance composed directly of ions is ( ), and the substance that can produce ions only after a chemical reaction with water is ( ).	fill_in_the_blank	Hydrogen; Potassium hydroxide; Carbon dioxide	Composition and content analysis of substances	"[Answer] Mercury is a metallic element, composed directly of mercury atoms; potassium hydroxide is a compound containing both metallic and non-metallic elements, made up of potassium ions and hydroxide ions; carbon dioxide can react with water to form carbonic acid, which can dissociate into hydrogen ions and carbonate ions. Therefore, the answers are: mercury; potassium hydroxide; carbon dioxide.

[Analysis] Generally, metallic elements, solid non-metallic elements, and rare gas elements are composed of atoms. Compounds formed from non-metallic elements are made up of molecules, while those composed of metallic and non-metallic elements and containing ammonium ions are made up of ions. Based on this analysis."	2019	middle	hard
2884	"Under the catalytic action of manganese dioxide, hydrogen peroxide rapidly decomposes to generate oxygen and water. What other factors affect the rate of hydrogen peroxide decomposition? The extracurricular activity group conducted further investigations:

Investigation Experiment 1: The influence of concentration on the rate of chemical reactions

Experimental Procedure:
- Take a test tube and add 3-5 mL of 5% hydrogen peroxide solution, then add a small amount of manganese dioxide.
- Phenomenon: A small amount of bubbles slowly emerge.

- Take another test tube and add 3-5 mL of 15% hydrogen peroxide solution, then add a small amount of manganese dioxide.
- Phenomenon: A large amount of bubbles emerge rapidly.

Please design:
Experimental supplies: Test tube, beaker, hot water, cold water, 5% hydrogen peroxide solution, 15% hydrogen peroxide solution.

Investigation Experiment 2: The influence of temperature on the rate of chemical reactions

Conclusion: The higher the temperature, ( )."	fill_in_the_blank	The faster the decomposition rate of hydrogen peroxide.	Characteristics of Catalysts and Catalytic Action###Exploration of Factors Affecting the Rate of Chemical Reactions	"[Answer] Solution: Investigation Experiment One shows that the higher the concentration of hydrogen peroxide solution, the faster the reaction occurs upon adding manganese dioxide, indicating that the higher the concentration, the faster the decomposition rate of hydrogen peroxide. Investigation Experiment Two is designed to explore the influence of temperature on the rate of chemical reaction. According to the constant variable method, the experiment involves using a test tube to take a fixed volume and concentration of hydrogen peroxide solution, which is then placed in beakers of cold water and hot water, respectively, to observe the phenomena. The reaction in cold water is not vigorous, while in hot water, the reaction is vigorous with a lot of bubbles appearing. Therefore, the experiment is as follows:

| Steps                  | Phenomena                    | Conclusion                       |
|------------------------|------------------------------|----------------------------------|
| Add 3-5 ml of 5% hydrogen peroxide solution to a test tube, then add a small amount of manganese dioxide, and place it in a beaker with"	2015	middle	hard
1510	Metal titanium and its alloys are considered important metal materials of the 21st century. The main titanium ore in the Earth's crust is rutile (TiO₂), where the valence state of titanium in TiO₂ is ( ). The current industrial method for producing titanium involves: in the first step, at high temperatures, mixing rutile and carbon powder and passing in chlorine gas (Cl₂) to obtain TiCl₄ and a flammable gas, with the chemical equation for this reaction being ( ); in the second step, in an argon atmosphere, reacting TiCl₄ with an excess of metallic magnesium under heating conditions to obtain metallic titanium (argon does not participate in the reaction), with the chemical equation for this reaction being ( ). Engineering technicians often use the reaction of aluminum and iron oxide at high temperatures to produce aluminum oxide and iron, filling the gaps between railway tracks, with the chemical equation being ( ).	fill_in_the_blank	+4; TiO₂ + 2C + 2Cl₂ ➔ TiCl₄ + 2CO; 2Mg + TiCl₄ → 2MgCl₂ + Ti; 2Al + Fe₂O₃ ➔ 2Fe + Al₂O₃	Common Methods of Smelting Metals###Calculation of element valence###Text expression	"[Answer] Assume the valence of titanium in TiO\textsubscript{2} is x. Then x + (-2)×2 = 0, solving gives x = +4;
From ""at high temperature, mixing rutile and carbon powder while introducing chlorine gas (Cl\textsubscript{2}) to produce TiCl\textsubscript{4} and a flammable gas,"" we know: the reactants are rutile, carbon powder, and chlorine gas; the products are titanium tetrachloride and carbon monoxide; the condition is high temperature. Therefore, the chemical equation for the first step is: TiO\textsubscript{2}+2C+2Cl\textsubscript{2}→TiCl\textsubscript{4}+2CO. From ""in an environment with argon as a protective gas (argon does not participate in the reaction), using excess magnesium metal and heating conditions to react with TiCl\textsubscript"	others	middle	hard
1714	"A student designed an experiment to explore the activity sequence of three metals: iron, copper, and silver. He designed four experimental plans with the following selected reagents: ① copper, silver, ferrous sulfate solution; ② iron, silver, copper sulfate solution; ③ silver, ferrous sulfate solution, copper sulfate solution; ④ copper, ferrous sulfate solution, silver nitrate solution. The two groups with correct choices of reagents are \ul{　 　}; please use one set of reagents to complete the experiment and fill in the table as follows:

\begin{longtable}[]{@{}
  >{\raggedright\arraybackslash}p{(\linewidth - 4\tabcolsep) * \real{0.2493}}
  >{\raggedright\arraybackslash}p{(\linewidth - 4\tabcolsep) * \real{0.4469}}
  >{\raggedright\arraybackslash}p"	fill_in_the_blank	②④; Place the Ag sheet in CuSO\textsubscript{4} solution; Place the Fe sheet in CuSO\textsubscript{4} solution; No obvious phenomenon; Red solid adheres to the surface of the iron, and the solution turns from blue to light green; Iron > Copper > Silver; Fe + CuSO\textsubscript{4} = FeSO\textsubscript{4} + Cu	Text expression###Exploration of Metal Reactivity	"[Answer] Solution: ① Neither copper nor silver can react with ferrous sulfate solution, so their activity cannot be determined; ② Iron can react with copper sulfate solution, while silver cannot, so the activity order of the three metals can be determined; ③ Silver cannot react with either ferrous sulfate or copper sulfate solutions, which indicates silver is the least active, but the activity of iron and copper cannot be compared; ④ Copper can react with silver nitrate solution but not with ferrous sulfate solution, so the activity order of the three metals can be determined. Based on the above analysis, the activity order of the metals iron, copper, and silver can be determined by ②④, so the answer is to choose option ②.

Experiment Steps | Phenomena | Conclusion and Chemical Equation 
--- | --- | ---
① Place a silver piece in CuSO₄ solution ② Place an iron piece in CuSO₄ solution | ① No obvious phenomenon ② A red"	2016	middle	hard
170	"Fill in as required:
(1) 4 silver ions are represented as ( ); The meaning of 2K is ( ); NH\textsubscript{3} macroscopically represents ( ); NH\textsubscript{3} is composed of ( ).
(2) Write the name of the chemical formula and indicate the oxidation state of the highlighted element in the compound: FeSO\textsubscript{4}: Name ( ), Oxidation state of Fe ( ); NaNO\textsubscript{3}: Name ( ), Oxidation state of N ( ).
(3) The chemical formula of a compound composed of the most abundant element and the most abundant metal element in the Earth's crust ( );
(4) Write the chemical equation for heating copper in oxygen ( ), the basic reaction type is ( ); Reaction phenomenon is ( )."	fill_in_the_blank	Ag\textsuperscript{+}; 2 potassium atoms; ammonia; nitrogen and hydrogen elements; Ferrous sulfate; +2; sodium nitrate; +5; Al\textsubscript{2}O\textsubscript{3}; 2Cu + O\textsubscript{2} \(\rightarrow\) 2CuO; combination reaction; red solid gradually turns black	Calculation of element valence###The meaning of chemical symbols and their surrounding numbers.###Names and Common Names of Substances###The distribution and content of elements in the Earth's crust###Writing and balancing chemical equations	"Solution:
(1) Four silver ions are represented as 4Ag⁺; 2K means two potassium atoms; NH₃ macroscopically represents ammonia, which is composed of nitrogen and hydrogen elements.
(2) FeSO₄: The name is ferrous sulfate, where the iron element has a +2 valence, the oxygen element has a -2 valence, and the sulfur element's valence is +6, represented as \(Fe\overset{+6}{S}O_{4}\);
NaNO₃: The name is sodium nitrate, where sodium has a +1 valence, oxygen a -2 valence, and nitrogen's valence is +5, represented as \(Na\overset{+5}{N}O_{3}\).
(3) A compound composed of the most abundant element in the Earth's crust (oxygen O) and the most abundant metal element (aluminum Al) is aluminum oxide. In aluminum oxide,"	2024	middle	medium
2540	"During the Dragon Boat Festival, the aroma of zong leaves fills the air. Nuannuan's family goes on an outing to the countryside. Please use your chemistry knowledge to help Nuannuan explain some of the issues she encounters.

(1) Among the tableware prepared by mom, the one made of metal is ( ). A. Bamboo chopsticks B. Stainless steel dinner knife C. Glass water cup D. Paper plate

(2) Nuannuan noticed that her mom used cloth bags instead of plastic bags when carrying items. This practice helps alleviate the environmental problem of ( ), and the harm caused by this environmental issue is ( ).

(3) The family tasted zongzi together. The main ingredient of zongzi, glutinous rice, is rich in the nutrient ( ).

(4) The label on Nuannuan's sun hat says ""Fabric: Pure Cotton."" Pure cotton is a natural fiber. Compared to synthetic fibers, pure cotton has ( ) and ( ) properties."	fill_in_the_blank	B; white pollution; damages soil; carbohydrates; good water absorption; good breathability	Synthetic fibers and their applications###White Pollution and Its Prevention and Control###Life Activities and the Six Major Nutrients	"Answer: 

(1) Bamboo chopsticks and paper plates are made from natural materials, so A and D are incorrect. Stainless steel knives are made of metal materials, so B is correct. Glass cups are made of inorganic non-metallic materials, so C is incorrect.

(2) Using cloth bags instead of plastic bags can alleviate the white pollution caused by plastic waste, which harms the soil, pollutes groundwater, threatens marine life, and burning chlorine-containing plastics can produce irritating hydrogen chloride gas, thus polluting the air.

(3) Glutinous rice is rich in carbohydrates.

(4) Pure cotton has better water absorption and breathability than synthetic fibers.

(5) Recycling metal products like iron cans and aluminum beverage cans can save resources, reduce production costs, and minimize pollution.

Analysis: 
(1) Based on the analysis of metals including pure metals and alloys;
(2) Based on the analysis of the white pollution and its hazards caused by plastic waste;
(3) Based"	2024	middle	medium
4728	"Metals have wide applications in production and life.

(1) An iron pot is used for cooking, primarily utilizing the ( ) (fill in ""thermal conductivity"" or ""electrical conductivity"") of iron.

(2) Liberation Bridge is one of Tianjin's landmark buildings, a fully steel-structured, openable bridge.

   ① Maintenance of the Liberation Bridge requires rust removal. Write the chemical equation for removing rust (main component is \(Fe_{2}O_{3}\)) with dilute hydrochloric acid: ( ).

   ② Iron reacts with ( ) and ( ) in the air to form rust. To prevent rusting of steel structures, protective layers are often applied on the surface.

(3) In industry, the principle of iron smelting is the reaction between carbon monoxide and iron oxide at high temperatures. The chemical equation for this reaction is ( ).

(4) When 6g of iron powder is placed into ( ), it produces ( )."	fill_in_the_blank	thermal conductivity; \(Fe_{2}O_{3} + 6HCl = 2FeCl_{3} + 3H_{2}O\); oxygen; water; \(Fe_{2}O_{3} + 3CO \xrightarrow{\text{high temperature}} 2Fe + 3CO_{2}\); \(FeSO_{4}, ZnSO_{4}\); 8	Conditions for Metal Corrosion and Its Prevention###The chemical properties of acids###Based on the calculations of the chemical equation###Physical properties of metals###Iron smelting	"Solution:
(1) Cooking with an iron pan takes advantage of iron's thermal conductivity.
(2) 
① Iron oxide reacts with hydrochloric acid to form ferric chloride and water. The chemical equation for the reaction is \(Fe_{2}O_{3} + 6HCl = 2FeCl_{3} + 3H_{2}O\).
② Iron rusts when it reacts with oxygen and water in the air.
(3) Carbon monoxide and iron oxide at high temperatures produce iron and carbon dioxide. The chemical equation for the reaction is \(Fe_{2}O_{3} + 3CO\begin{array}{r}
\underset{\_}{\underset{\_}{\text{high temperature}}} \\
\end{array}2Fe + 3CO_{2}\).
(4) 6g of iron powder is added to a mixed solution of copper sulfate and zinc sulfate. After complete reaction and filtration,"	2024	middle	hard
