index	question	category	answer	knowledge	analysis	year	grade_level	difficulty_level
2031	"There is a solid mixture of calcium oxide and calcium hydroxide weighing 18.6g, where the mass ratio of calcium to hydrogen elements is 60:1. This 18.6g solid mixture is added to dilute hydrochloric acid with a solute mass fraction of 7.3%, and reacts completely. Then, 14.4g of water is added to the resulting solution. The correct analysis among the following is:
A. The total mass of gas produced during the entire reaction is 4.4g.
B. The mass of calcium in the 18.6g solid mixture is 8g.
C. After adding 14.4g of water to the resulting solution, the solute mass fraction of the solution is 10%.
D. The mass of the added dilute hydrochloric acid with a solute mass fraction of 7.3% is 300g."	multiple_answer_choice	C, D	The chemical properties of acids###Law of Conservation of Mass and its Applications	nan	2024	middle	hard
1180	"To verify the activity series of the three metals zinc, iron, and copper, which of the following sets of reagents can be used?

A. Cu, FeCl\textsubscript{2} solution, ZnCl\textsubscript{2} solution  
B. Fe, CuSO\textsubscript{4} solution, ZnSO\textsubscript{4} solution  
C. Fe, Cu, ZnCl\textsubscript{2} solution  
D. Zn, Cu, FeSO\textsubscript{4} solution"	multiple_answer_choice	B,D	Exploration of Metal Reactivity	[Answer] Solution: A. Cu does not react with FeCl\textsubscript{2} solution or ZnCl\textsubscript{2} solution, so this set of reagents cannot verify the activity of the three metals; B. Fe reacts with CuSO\textsubscript{4} solution to displace Cu, proving Fe is more active than Cu; Fe does not react with ZnSO\textsubscript{4} solution, proving Fe is less active than Zn. This set of reagents can verify the activity order of the three metals; C. Fe and Cu do not react with ZnCl\textsubscript{2} solution, so this set of reagents cannot verify the activity of the three metals; D. Zn can react with FeSO\textsubscript{4} solution to displace Fe, proving Zn is more active than Fe, while Cu does not react with FeSO\textsubscript{4} solution, indicating Cu is	others	middle	hard
201	"Logical reasoning is a commonly used method of thinking in the study of chemistry. The following reasoning is correct:

A. An alkaline solution can turn phenolphthalein solution red, so a solution that turns red after adding phenolphthalein must be alkaline.
B. A compound is a pure substance composed of different elements, so a pure substance composed of different elements must be a compound.
C. A neutralization reaction produces salt and water, so a reaction that produces salt and water must be a neutralization reaction.
D. An active metal can react with dilute sulfuric acid to release gas, so a substance that can react with dilute sulfuric acid to release gas must be an active metal."	multiple_answer_choice	A, B	Properties and Applications of Acid-Base Indicators###The chemical properties of acids###Neutralization Reaction and Its Applications###Elements and compounds	"Answer: A. An alkaline solution can turn phenolphthalein solution red. A solution that turns red after adding phenolphthalein is definitely alkaline. Correct; 
B. A pure substance composed of different elements is definitely a compound. Correct; 
C. A reaction that produces salt and water is not necessarily a neutralization reaction. For example, carbon dioxide can react with sodium hydroxide to produce salt and water, which is not a neutralization reaction. Incorrect; 
D. A substance that can react with dilute sulfuric acid to release gas is not necessarily an active metal. Sodium carbonate can also react with sulfuric acid to produce gas. Incorrect; 
Therefore, options A and B are correct.
Analysis: 
A. Analyze based on the change in color of acid-base indicators according to the acidity and alkalinity of the solution; 
B. Analyze according to the definition of a compound; 
C. Answer based on the concept of a neutralization reaction; 
D"	others	middle	hard
2980	"Inference is a common method of thinking in chemistry learning. Which of the following inferences is incorrect? (　　)
A. A simple substance contains only one element, so a substance containing multiple elements cannot be a simple substance.
B. A neutralization reaction produces salt and water, so a reaction that produces salt and water must be a neutralization reaction.
C. An alkaline solution can turn colorless phenolphthalein solution red, so a solution that can turn colorless phenolphthalein solution red must be an alkaline solution.
D. Ions are charged atoms or atomic groups, so charged particles must be ions."	multiple_answer_choice	B, D	Properties and Applications of Acid-Base Indicators###Neutralization Reaction and Its Applications###Mutual transformation of atoms and ions###Elements and compounds	"[Answer] A. An element consists of only one kind of atom, so a substance containing multiple elements is definitely not a single element, which is correct but does not meet the question's intent. \\
B. The reaction of an acid and a base producing salt and water is a neutralization reaction, but reactions producing salt and water are not always neutralization reactions, for example, the reaction of metal oxides with acids producing salt and water is not a neutralization reaction, so this reasoning is incorrect, and it meets the question's intent. \\
C. A basic substance can turn phenolphthalein red, and a solution that turns phenolphthalein red must be basic, which is correct but does not meet the question's intent. \\
D. Charged particles include protons, electrons, atomic nuclei, and ions, so ions must be charged, but charged particles are not necessarily ions, so this reasoning is incorrect and meets the question's intent. \"	2024	middle	hard
2180	"Chemistry is closely related to various aspects of social development. The correct statement among the following is:  
A. Chemistry and Life: Identifying brass and gold by burning them in the air.  
B. Chemistry and Agriculture: Mixing slaked lime with ammonium chloride fertilizer to enhance its effectiveness.  
C. Chemistry and Environment: Sorting and disposing of waste by putting aluminum cans into a recyclable waste bin.  
D. Chemistry and Health: Excessive use of food additives can harm human health, and their use in food should be prohibited."	multiple_answer_choice	A, C	Chemical properties of metals###Rational use of fertilizers and pesticides###The properties of harmful chemicals and human health	nan	2024	middle	medium
3965	"The correct statement is (     )
A. After cooling a saturated solution and crystallizing, the mass fraction of the solute must decrease.
B. After adding a small amount of quicklime to a saturated calcium hydroxide solution at \emph{t}℃ and fully reacting, the mass of the solution remains unchanged when returned to \emph{t}℃.
C. When diluting concentrated sulfuric acid with a density of 1.84g/cm\textsuperscript{3} and a solute mass fraction of 98\% to 49\% sulfuric acid, the volume of added water and the taken volume of concentrated sulfuric acid must be equal.
D. The oxygen element mass in the original mixture of MgO and CuO is 1.6g when it fully reacts with 98g of 10\% diluted sulfuric acid."	multiple_answer_choice	A, D	The concept and phenomena of crystals and crystallization###Law of Conservation of Mass and its Applications###Dilute concentrated sulfuric acid	"Answer: 

A. After the saturated solution is cooled and crystals precipitate, the mass of the solute decreases while the mass of the solvent remains unchanged, so the mass fraction of the solute must decrease. A is consistent with the intent.

B. Calcium oxide reacts with water to form calcium hydroxide. Therefore, if a small amount of quicklime is added to a saturated calcium hydroxide solution at temperature t℃ and reacted fully, when restored to t℃, the mass of the solvent decreases and the mass of the solution decreases, B is not consistent with the intent.

C. The density of water is 1g/cm³, which is less than the density of concentrated sulfuric acid. Therefore, diluting 98% concentrated sulfuric acid to 49% sulfuric acid requires the volume of water added to be larger than the volume of concentrated sulfuric acid; they cannot be equal. C is not consistent with the intent.

D. Both magnesium oxide and copper oxide react"	2018	middle	hard
2977	"Under light conditions, \({AgNO}_{3}\) can decompose into \(Ag\), \(O_{2}\), and a nitrogen oxide \(X\). A certain mass of \({AgNO}_{3}\) solid is fully exposed to light, and the masses of the generated \(Ag\), \(O_{2}\), and \(X\) are \(21.6g\), \(mg\), and \(9.2g\) respectively. The following statement is incorrect:
A. The chemical formula for \(X\) is \(NO\)
B. \({AgNO}_{3}\) solids should be sealed and stored in a brown narrow-neck bottle
C. \(m = 3.2\)
D. In this reaction equation, the mole ratio of \(Ag\) to \(O_{2}\) is \(2:1\)"	multiple_answer_choice	A, B	Molar Mass and Related Calculations###Law of Conservation of Mass and its Applications	nan	2024	middle	hard
2863	"The separation, purification, impurity removal, and identification of substances are important methods in chemical experiments. The following experiment designs can achieve the experimental purposes:

Options | Experimental Purpose | Experimental Design
---|---|---
A | Separation of a mixed solution of potassium chloride and barium chloride | Add excess potassium carbonate solution, filter, wash, then add a suitable amount of dilute hydrochloric acid to the residue
B | Identification of fertilizers ammonium chloride and potassium nitrate | Take a small amount of fertilizer and grind it with quicklime, then smell
C | Remove a small amount of magnesium sulfate from a magnesium chloride solution | Add a suitable amount of barium nitrate solution, then filter
D | Test if a sodium carbonate solution contains sodium chloride | Add excess dilute hydrochloric acid, then add silver nitrate solution

A. A B. B C. C D. D"	multiple_answer_choice	A, B	Chemical properties of salt###Simple Identification of Fertilizers	nan	2024	middle	hard
1081	"Regarding the correct statements about crystallization and crystals:

A. Crystals refer to compounds containing water of crystallization.
B. Cooling crystallization is suitable for purifying substances whose solubility decreases significantly with temperature.
C. During the process of purifying crude salt, when evaporating the solution to crystallize, the solution becomes unsaturated.
D. Regardless of the crystallization method used, the solution must reach a saturated state before crystallization can occur."	multiple_answer_choice	B,D	Methods of Separating Mixtures###Principle, Methods, and Applications of Filtration###Principle, Methods, and Applications of Crystallization###Evaporation and Distillation Operations###The concept and phenomena of crystals and crystallization	"Answer: A, a crystal refers to a solid with a regular geometric shape and fixed melting and boiling points. Crystals do not necessarily contain crystallization water, A is incorrect;  
B, cooling crystallization is suitable for purifying substances whose solubility significantly decreases with decreasing temperature, B is correct;  
C, during the purification process of crude salt, when evaporating the filtrate to precipitate crystals, the filtrate is a saturated solution, C is incorrect;  
D, only when a solution reaches saturation can crystals precipitate, so no matter which crystallization method is used, the solution must be saturated before crystallization can occur, D is correct;  
Thus the answer is: BD.  
Analysis: Analyze based on the concept and properties of crystals;  
B, analyze according to the principle and applicable materials for purification by crystallization;  
C, analyze based on the principles and operations for purifying crude salt;  
D, analyze according to the conditions for substance crystall"	2023	middle	hard
439	"According to practical experience, the following statement is incorrect (　　)
A. Use a cold plate to collect soot above the candle flame
B. Use alum to remove odors from water
C. Use white vinegar to remove scale from the interior of a thermos
D. Use iron powder as a food desiccant"	multiple_answer_choice	B,D	Fields and Applications of Chemistry Research	"Answer:

A. Using a cold plate placed above a candle flame to produce carbon black, because the candle's incomplete combustion generates carbon black, achieves the goal. However, A does not meet the question's intent.

B. Alum can be used as a water purifier to remove suspended particles but does not remove odors from water. Activated carbon can be used to remove odors from water. B meets the question's intent.

C. Acetic acid can dissolve calcium carbonate, so white vinegar can be used to remove scale inside a thermos. C does not meet the question's intent.

D. Iron powder has strong reducing properties and can prevent food oxidation and spoilage, but it is not a desiccant. Quicklime can be used as a desiccant. D meets the question's intent.

Therefore, the answer is: BD. 

Analysis: This question mainly examines the roles of chemistry. The incomplete combustion that produces carbon, alum's adsorption of tiny particles, and the main component of scale"	2017	middle	medium
2026	"The following statement is incorrect:
A. A 48.0g iron piece is put into a certain mass of copper chloride solution. After reacting for some time, 50.0g of solid is obtained, and the mass percentage of iron in the resulting solid is 68%.
B. The oxygen element mass in sulfur dioxide and sulfur trioxide is similar, so the mass ratio of sulfur in the two substances is 3:2.
C. With equal masses of methane and carbon monoxide fully burned, the oxygen consumed by carbon monoxide is greater.
D. Adding 100g of hydrochloric acid solution with a mass percentage of 7.3% to a certain amount of mixed iron oxide and copper oxide results in a complete reaction, and the mass of oxygen element in the original mixture is 3.2g."	multiple_answer_choice	C, D	The chemical properties of acids###Related calculations of chemical formulas###Comprehensive calculation of material composition###Based on the calculations of the chemical equation	nan	2023	middle	hard
301	"On January 27, 2012, cadmium levels in the Longjiang River in Guangxi exceeded safety standards, severely threatening the drinking water safety of downstream residents. To address the cadmium pollution, the local government organized personnel to release a large amount of caustic soda or slaked lime, as well as aluminum chloride, into the waters where cadmium exceeded standards, using coagulation to settle cadmium ions to avoid human absorption. The following statement is incorrect:

A. This incident did not cause environmental pollution
B. Cadmium is an essential trace element for the human body
C. Cadmium hydroxide is insoluble in water
D. Caustic soda and slaked lime are both bases"	multiple_answer_choice	A, B	Solubility of acids, bases, and salts###The composition of elements in the human body and the important role of elements in human health###Treatment of acidic and alkaline wastewater###Simple Classification of Matter	"【Solution】 A. According to the problem statement, the excess cadmium in the Longjiang River, Guangxi, seriously threatens the drinking water safety of downstream residents. This incident causes environmental pollution, so the claim in the option is incorrect.  
B. Cadmium is a harmful metal element to the human body, so the claim in the option is incorrect.  
C. A large amount of caustic soda (sodium hydroxide) or slaked lime (calcium hydroxide) was added to the waters exceeding cadmium standards to flocculate and precipitate cadmium ions. The resulting cadmium hydroxide is insoluble in water, so the claim in the option is correct.  
D. Both caustic soda (sodium hydroxide) and slaked lime (calcium hydroxide) are composed of metal ions and hydroxide ions, so the claim in the option is correct.  
Therefore, choose AB.

【Analysis】 A. According to the problem statement"	others	middle	medium
204	"The following statements about solutions (with solids as solutes and water as the solvent) are incorrect (　　):
A. At the same temperature, the mass fraction of solute in a saturated solution of the same solute is always greater than in its unsaturated solution.
B. After crystals precipitate from a saturated solution, the mass fraction of the solute may remain unchanged.
C. For any substance’s saturated solution, when the temperature decreases, solute will always precipitate.
D. When a saturated solution converts to an unsaturated solution, the solute mass fraction always decreases."	multiple_answer_choice	C, D	Principle, Methods, and Applications of Crystallization###Methods for the conversion between saturated and unsaturated solutions###The relationship between concentrated solutions, dilute solutions, saturated solutions, and unsaturated solutions.###Mass fraction of solute and related calculations	"Answer:

A. At the same temperature, a saturated solution of the same solute cannot dissolve more of the solute. A saturated solution always has a higher concentration than an unsaturated solution. This statement is correct.

B. Whether the mass fraction of solute changes after crystals precipitate from a saturated solution depends on the crystallization measures. When some solvent evaporates from a saturated solution at a constant temperature without changing the temperature, crystals may form, maintaining solubility. Therefore, the remaining solution is still saturated, and the solute mass fraction remains unchanged. This statement is correct.

C. The solubility of Ca(OH)₂ decreases with an increase in temperature. Lowering the temperature increases solubility rather than precipitating solute from the saturated solution. This statement is incorrect.

D. Methods to convert a saturated solution into an unsaturated solution include heating or adding solvent like water. Using heat to achieve this transformation does not precipitate solute, leaving solute and"	others	middle	hard
1225	"The correct statements are as follows (    )
A. Recycling lead, mercury, etc., from used batteries can reduce environmental pollution.
B. If a gas leak is detected at night, turn on the light to find the leak point.
C. If the gas stove flame appears yellow and the bottom of the pot turns black, the stove's air inlet should be increased.
D. If the oil pan catches fire while cooking, it can be extinguished with a lid; the fire extinguishing principle is lowering the oil's ignition point."	multiple_answer_choice	A,C	Green chemistry###Complete combustion and incomplete combustion###Principles and Methods of Fire Extinguishing###Safety knowledge of flammable and explosive materials	"【Answer】 A, Recycling used batteries to recover lead, mercury, etc., can reduce heavy metal pollution to the environment, which meets the question's intent; B, Discovering a gas leak at night, one should not turn on the light to check for leaks to prevent an explosion from open flames, which does not meet the question's intent; C, When a gas stove flame appears yellow and the bottom of the pot turns black, it indicates insufficient oxygen, so the air inlet of the stove should be adjusted, which meets the question's intent; D, If a fire breaks out in the oil pan while cooking, it can be extinguished with a pot lid, as the principle of fire extinguishing is to isolate the combustible material from oxygen, which does not meet the question's intent; Therefore, choose AC.

【Analysis】 A, based on the analysis of pollution from used batteries; B, based on the analysis of not exposing a gas leak to open flames; C, based on"	2024	middle	medium
3926	"Xiaomi's automotive venture has attracted widespread attention from all sectors of society. Car manufacturing requires various materials. Among the following equipment, synthetic material is used in:

A. Aluminum alloy car frame  
B. Plastic handrail  
C. Glass car window  
D. Nylon fiber seat covers"	multiple_answer_choice	B, D	Classification and Identification of Organic Polymer Materials###Inorganic Non-metallic Materials and Their Applications	nan	2024	middle	medium
62	"The correct statement is (   )
A. The food desiccant made from quicklime can be consumed
B. Directly tasting laboratory chemicals
C. In case of accidental ingestion of heavy metal salts, milk or egg whites can be taken for detoxification
D. If liquefied gas catches fire, quickly shut off the valve"	multiple_answer_choice	C, D	Common Poisoning Routes and Prevention Methods###Principles and Methods of Fire Extinguishing	"【Solution】 

A. Calcium oxide reacts with water to form calcium hydroxide, which is corrosive, so food desiccants made from quicklime are not edible, thus A is incorrect.

B. Laboratory chemicals must not be tasted, thus B is incorrect.

C. Heavy metal salts can make proteins lose their physiological activity, leading to poisoning. Therefore, if heavy metal salts are ingested, milk or egg whites can be consumed as an antidote, thus C is correct.

D. In case of liquefied gas catching fire, quickly close the valve to cut off the source of combustible materials, thus D is correct.

Therefore, the answer is: CD. 

[Analysis] 
A. Answer based on the reaction of calcium oxide with water forming corrosive calcium hydroxide.
B. Answer based on the rule that laboratory chemicals must not be tasted.
C. Answer based on heavy metal salts causing proteins to lose physiological activity and lead to poisoning.
D. Answer based on the"	others	middle	medium
2932	"Reducing the oxygen content in the food storage environment can extend the shelf life of food. Among the following methods, which uses this principle? (fill in the number).
A. Curing with salt B. Vacuum packing
C. Refrigeration or freezing D. Using oxygen absorbers"	multiple_answer_choice	B, D	Exploration of the Components of Food Desiccants, Preservatives, and Vacuum Packaging	"Answer: According to the problem, reducing the oxygen content in the food storage environment can extend the shelf life of food. 

A. Adding salt for curing cannot reduce the oxygen content in the food storage environment.  
B. Vacuuming can reduce the oxygen content in the food storage environment.  
C. Refrigeration or freezing cannot reduce the oxygen content in the food storage environment.  
D. Using oxygen absorbers can remove oxygen, thus reducing the oxygen content in the food storage environment.  

Analysis: Reducing the oxygen content in the food storage environment can extend the shelf life of food, and this is analyzed and answered."	2018	middle	medium
