index	question	category	answer	knowledge	analysis	year	grade_level	difficulty_level
2315	"The topography of Xinjiang is distributed as ""three mountains enclosing two basins."" Which are the two basins?

A. Qaidam Basin B. Tarim Basin C. Junggar Basin D. Sichuan Basin"	multiple_answer_choice	B, C	Xinjiang	"Explanation: The topographical feature of Xinjiang is characterized by three mountain ranges flanking two basins. The three mountains refer to the Altai Mountains, Tianshan Mountains, and Kunlun Mountains, while the two basins are the Junggar Basin and the Tarim Basin. Therefore, the terrain within Xinjiang is alternating between mountains and basins. 

Thus, the correct options are: BC.

Commentary: Xinjiang's topographical features include three mountain ranges flanking two basins."	others	middle	medium
2735	"The opening ceremony of the 10th National Traditional Games of Ethnic Minorities of China was held at 16:30 on August 9, 2015, at the Sports Center Stadium in Ordos City, Inner Mongolia Autonomous Region. The following ethnic minorities are correctly paired with their traditional sports:

A. Manchu - Pearl Ball  
B. Tibetan - Plank Shoe Racing  
C. Zhuang - Tug of War (Push and Pull)  
D. Yi - Torch Festival"	multiple_answer_choice	A, B, C, D	The ethnic composition and ethnic customs of our country.###Geography and Local Customs	"[Analysis] Our country is home to many ethnic groups with diverse customs and traditions. Each ethnic group lives in harmony, creating and preserving its own unique culture. Pearl ball is a traditional sport of the Manchu people; wooden board racing is a traditional sport favored by the Tibetan people; ""Yajia"" is a traditional sport loved by the Zhuang people; and the Torch Festival is a traditional festival of the Yi people.

Thus, the correct choices are: ABCD

[Comment] Our country has many ethnic groups, each with its own customs and habits. These unique ethnic characteristics provide a sense of beauty. We must respect the customs and habits of all ethnic groups, and work to consolidate and promote national unity. This question tests knowledge of our country's unique ethnic customs, which should be memorized."	others	middle	medium
