index	question	category	A	B	C	D	answer	knowledge	analysis	year	grade_level	difficulty_level
868	The following statements about the climate of our country are incorrect (    )	single_answer_choice	The temperature distribution in our country is characterized by greater north-south temperature differences in winter and generally high temperatures in summer	The temperature distribution in our country is characterized by greater north-south temperature differences in winter and generally high temperatures in summer.	The temperature distribution in our country is characterized by greater north-south temperature differences in winter and generally high temperatures in summer	The main factors affecting our climate are latitude position, continental and maritime position, and topography.	D	The main characteristics of our country's climate and the distribution of climate types.###The distribution characteristics of temperature and the division of temperature zones in our country###The characteristics of precipitation in our country and the division of arid and humid regions###The main factors affecting the climate of our country	"[Analysis] The characteristics of temperature distribution in China are large temperature differences between the north and south in winter and generally high temperatures in summer. The general trend of annual precipitation distribution decreases from the southeast coast to the northwest inland. The climate characteristics of China are complex and diverse, with a notable monsoon climate. The main factors influencing China's climate include latitude, maritime and continental positions, and topography. Option D is correct, while options A, B, and C are incorrect.

Thus, the answer is: D.

[Commentary] This question assesses the characteristics of China's climate. To solve this question, you need to grasp key points such as the temperature distribution characteristics in China, the spatial distribution characteristics of precipitation, and the main features of China's climate. Accumulating knowledge during regular studies and memorizing key points in textbooks is essential."	others	middle	hard
4107	Today (June 20th), we are taking the geography entrance exam. Which of the following statements is incorrect about this day?	single_answer_choice	In Suizhou, the day is longer than the night	In Suizhou, the day is longer than the night.  	It is currently summer in Suizhou.  	Harbin sees the sunrise earlier than Suizhou.  	D	Phenomena caused by the Earth's rotation###The variation in the length of day and night.###The movement of the solar zenith point and the noon solar altitude.	"(Analysis) Today (June 20), we took the geography exam. On this day, the subsolar point is near the Tropic of Cancer; \\
In Suizhou City in the Northern Hemisphere, the days are long and nights are short, A is correct; \\
At this time, it is summer in Suizhou City, B is correct; \\
Harbin, located to the east, sees the sunrise earlier than Suizhou, C is correct; \\
Currently, the daylight duration in Guangzhou is shorter than in Suizhou, D is incorrect. \\
Therefore, the answer is: D. \\
(Commentary) This question examines the phenomena caused by the Earth's revolution and rotation, and falls under the category of conceptual understanding and memory. It has a certain level of difficulty. The key to answering this question is to understand the four special positions on the Earth's orbital diagram, identify which special latitude each position's subsolar point is on, and then"	others	middle	hard
4786	The following statements about Sub-Saharan Africa are correct (     ):	single_answer_choice	The terrain is high in the northwest and low in the southeast	The terrain is high in the northwest and low in the southeast.	The terrain is high in the northwest and low in the southeas	It has the world's largest tropical rainforest area.	D	The terrain and climate of Sub-Saharan Africa###Economic development in Sub-Saharan Africa###Sub-Saharan Africa: Population, Food, and Environment	"[Analysis] A. The terrain of Africa is high in the southeast and low in the northwest. From north to south in the southeast, there are the Ethiopian Plateau, East African Plateau, and South African Plateau. The Ethiopian Plateau is over 2,500 meters above sea level and is known as the ""Roof of Africa."" Therefore, A is incorrect.

B. The largest tropical rainforest area in the world is the Amazon Basin in South America. Therefore, B is incorrect.

C. Africa has a wide variety of mineral resources with large reserves. Reserves and production of diamonds, gold, chromite, phosphates, and others are among the highest in the world. Africa’s flora and fauna resources are also extremely rich, with valuable tree species like mahogany, sandalwood, and rosewood originating in tropical rainforest regions. Africa is also the original home of crops such as coffee, date palms, and oil palms. The diversity and number of large wild animals in Africa are the highest among all"	others	middle	hard
558	Regarding the climate of our country, the following statement is incorrect (    )	single_answer_choice	Tropical fruits include Hami melon, durian, and pineapple	There is a large temperature difference between the north and south in winter, and high temperatures are common in summer, except in the Qinghai-Tibet Plateau.	Tropical fruits include Hami melon, durian, and pineapple	Tropical fruits include Hami melon, durian, and pineapple.	B	The geographical significance of the Qinling-Huaihe line###The distribution characteristics of temperature and the division of temperature zones in our country###The characteristics of precipitation in our country and the division of arid and humid regions	(Analysis) The temperature difference between north and south in China's winter is large, while in summer the temperatures are generally high throughout the country, except for regions like the Qinghai-Tibet Plateau and the Tianshan Mountains, making A correct. The main production areas of Hami melons are located in the northwest inland regions and are not considered tropical fruits, making B incorrect. China's precipitation pattern is characterized by more rain in the east than in the west, and more in the south than in the north, making C correct. The Qinling Mountains-Huai River line serves as the dividing line between the subtropical and warm temperate zones, making D correct. Therefore, the answer is B. (Commentary) This question tests the basic characteristics of China's climate. To answer, one needs to understand the distribution patterns of temperature and precipitation, as well as the geographical significance of the Qinling Mountains-Huai River line. It is comprehensive and requires a thorough remembrance of key textbook concepts,	others	middle	hard
325	The Grand Canal carries the long history and civilization of the Chinese nation. The following lines of poetry describe the Grand Canal (　　)	single_answer_choice	"""The waterways tie Jiangnan and the northern country, since the Sui dynasty water flows through millennia."	"""The solitary smoke in the vast desert rises straight, the sunset over the long river is round."""	"""The waterways tie Jiangnan and the northern country, since the Sui dynasty water flows through millennia."	"""The waterways tie Jiangnan and the northern country, since the Sui dynasty water flows through millennia."""	B	Overview, Development, and Management of the Yangtze River###Overview, Development, and Management of the Yellow River###The main rivers and lakes of our country.	"[Analysis] Based on the knowledge, it's understood that: A. ""A lone smoke straight up in the vast desert, the setting sun round over the long river,"" where the ""long river"" refers to the Yellow River, hence A does not fit the context; B. ""The pulse of Jiangnan and the north are linked, the Grand Canal flows for a thousand years since the Sui Dynasty,"" describing the Beijing-Hangzhou Grand Canal, fits the context; C. ""Leaving Baidi in colorful clouds at dawn, returning to Jiangling after a thousand miles in a day,"" describes the upper reaches of the Yangtze River, hence C does not fit the context; D. ""The waters of the Yellow River come from heaven, rushing to the sea never to return,"" describes the Yellow River, hence D does not fit the context; Therefore, the answer is: B. [Comment] The Beijing-Hangzhou Grand Canal was first constructed during the Spring and Autumn period,"	others	middle	hard
983	Regarding the natural geography of India, which of the following statements is correct?	single_answer_choice	The Indus Plain is an important plain within the country, with developed irrigation agriculture	The Indus Plain is an important plain within the country, with developed irrigation agriculture.	The Indus Plain is an important plain within the country, with developed irrigation agricultur	The vast majority of the region belongs to the tropical monsoon climate, with the southeast wind bringing substantial precipitation.	D	Overview of India###Indian tropical monsoon climate and grain production###The location and countries of South Asia	"[Analysis] The Indus Plain is located in Pakistan, not India, which makes A incorrect; Most of India's regions have a tropical monsoon climate, with the southwest winds bringing a lot of rainfall, making B incorrect; The Ganges River is the largest river in India, making C incorrect; The terrain of India from north to south is the Himalayas ------ Ganges Plain ------ Deccan Plateau, making D correct. Therefore, the answer is: D. [Comment] This question examines the natural geographic characteristics of India. To answer such questions, we must rely on our usual learning and accumulation, and must remember the relevant geographic features of India as mentioned in textbooks.

159."	others	middle	hard
305	The incorrect statement about the provinces and regions of China is (      )	single_answer_choice	The terrain of Beijing is high in the northwest and low in the southeast. It is the largest railway transportation hub in the country	The terrain of Beijing is high in the northwest and low in the southeast. It is the largest railway transportation hub in the country.	The terrain of Beijing is high in the northwest and low in the southeast. It is the largest railway transportation hub in the country	Taiwan's economy is mainly export-oriented, with a focus on developing high-tech industries.	D	The Natural Geography Overview of the Three Northeastern Provinces###Overview of Beijing and Its Urban Functions###Overview of the Yangtze River Delta Region###Taiwan's export-oriented economy	nan	others	middle	hard
2727	In the summer of 2017, Xiao Ming's cousin in New York, USA (Eastern Time Zone), was returning to Beijing to visit family. He boarded the plane at 10 AM local time on July 22nd, and the flight to Beijing is approximately 10 hours. When should Xiao Ming go to pick him up?	single_answer_choice	9 AM on the 21s	9 AM on the 21st	9 AM on the 22nd	11 PM on the 22nd	D	Time difference	"The Earth's rotation creates time differences, with the local time of adjacent time zones differing by one hour. Moving east across a time zone adds one hour, while moving west subtracts one hour. Beijing Time is the local time of the East 8th time zone, while New York, USA is in the West 5th time zone, which is 13 hours behind Beijing. Therefore, when a plane departs at 10:00 AM local time in New York on July 22, it is 11:00 PM Beijing Time on July 22. The flight takes approximately 10 hours to reach Beijing, making it 9:00 AM on July 23 Beijing Time upon arrival, so Xiaoming should meet the plane at 9:00 AM on the 23rd. Therefore, D is correct.

The answer is: D.

This problem involves calculating time differences, which is relatively challenging and requires understanding to solve."	others	middle	hard
86	Regarding the description of rivers in our country, which of the following is correct?	single_answer_choice	Rivers in the exorheic (external drainage) regions are greatly influenced by the summer monsoon	All rivers in the northwest are endorheic (internal drainage).	Rivers in the exorheic (external drainage) regions are greatly influenced by the summer monsoo	Rivers in the exorheic (external drainage) regions are greatly influenced by the summer monsoon.	B	The boundary between internal and external rivers in our country.###The hydrological characteristics of rivers in our country	"[Analysis] We refer to rivers ultimately flowing into the ocean as exorheic rivers, and those that do not reach the ocean as endorheic rivers. The water in exorheic rivers mainly comes from natural precipitation, with monsoons being the primary influence on their water volume. In contrast, the water in endorheic rivers mainly comes from mountain ice melt and mountain precipitation, with temperature being the primary factor affecting their water volume.

A. Most rivers in the northwest region are endorheic; however, the Irtysh River is an exorheic river, so statement A is incorrect.

B. The flow of endorheic rivers is affected by high summer temperatures, while that of exorheic rivers is influenced by high summer precipitation. Thus, statement B is correct.

C. Southern rivers have long flood periods and low sediment levels, so statement C is incorrect.

D. The Heilongjiang River is north of the Yellow River,"	others	middle	hard
82	The following statement about Japan is incorrect (     )	single_answer_choice	Japan is a country with many volcanoes and earthquakes	Japan is a country with many volcanoes and earthquakes.	Japan is a country with many volcanoes and earthquake	Japan's largest island is Honshu.	D	Overview of Japan###Japan's industry###Japan—A Culture Harmonizing East and West	"[Analysis] Japan is located on the Pacific Ring of Fire and is a country with many volcanoes and earthquakes; this is correct.

Japan's largest island is Honshu; this is correct.

Japan's ethnic composition is homogeneous, primarily consisting of the Yamato people; this is correct.

The most prominent feature of Japan's industrial distribution is its coastal location, due to the country's resource scarcity, relying mainly on imports, and being influenced by resource factors; thus, most industries are located along the coastline. This statement is incorrect.

Therefore, the answer is: D.

[Commentary] This question examines the natural geographic features, ethnic composition, and industrial distribution of Japan. It is relatively comprehensive, and answering such questions mainly relies on the accumulation of knowledge during regular study, particularly memorizing important points from textbooks."	others	middle	hard
5021	The correct statements about agriculture in our country are as follows (　　):	single_answer_choice	The northwestern region belongs to valley agriculture	The northwestern region belongs to valley agriculture.  	The Qinghai-Tibet region belongs to irrigation agriculture.  	The northern region has two harvests a year.  	D	Highland pastoral areas and river valley agriculture###The main crops and agricultural products of the northern region###Conditions for the development of rice fields in the southern region, main crops, and agricultural products.###Pastoral areas and irrigated agricultural areas in the northwest region.	"(Analysis) The Northwest region, being deep inland and far from the sea, experiences low rainfall and a dry climate, typifying oasis agriculture, which does not fit the question; \\
The main natural characteristic of the Qinghai-Tibet region is high cold, with agricultural areas primarily distributed along both sides of lower-altitude river valleys, typifying valley agriculture, which does not fit the question; \\
The Northern region primarily belongs to the middle temperate, warm temperate, and cold temperate zones. Cold and middle temperate zones have a cropping system of one harvest per year, while the warm temperate zone has either three harvests over two years or two harvests per year, thus the Northern region's cropping system is two harvests per year or three every two years, which does not fit the question; \\
The Southern region, with abundant rainfall, is China's main paddy agriculture area, with rice as the main food crop, fitting the question. \\
Therefore,"	others	middle	hard
3691	The main reason for the rugged surface in Guizhou Province is (    )	single_answer_choice	The surface is covered with loess, leading to severe soil erosio	The surface is covered with loess, leading to severe soil erosion	The surface is covered with loess, leading to severe soil erosi	Basins and hills are widely distributed	D	Guizhou	nan	others	middle	hard
563	The incorrect statement about contour lines is (　　)	single_answer_choice	Contour lines are lines on a map that connect points of the same elevation	Contour lines are lines on a map that connect points of the same elevation.	Contour lines are lines on a map that connect points of the same elevatio	Coloring between contour lines is called hypsometric tinting.	D	Interpretation of contour maps###Layer-tinted topographic map###Contour Lines and Their Interpretation	"(Analysis) Contour lines on a map connect points of the same elevation, so A is correct.

Coloring between contour lines is known as hypsometric tinting, so B is correct.

The principle of isobaths is the same as contour lines; connecting points of the same depth makes an isobath, so C is correct.

Sparse contour lines indicate a gentler slope, so D is incorrect.

Therefore, the answer is: D.
(Commentary) This question mainly tests the characteristics of contour lines. It falls under the category of understanding and memorizing knowledge points. Mastering the corresponding contour map knowledge is key to answering the question and has a certain level of difficulty."	others	middle	hard
2098	"""World Heritage"" was established to protect the world's cultural and natural heritage. Yunnan already has the Three Parallel Rivers, the Old Town of Lijiang, the Stone Forest, the Hani Terraces, and the Chengjiang Fossil Site listed as World Heritage Sites. Which of the following descriptions of cultural heritage is incorrect? (　　)"	single_answer_choice	Cultural heritage has historical research value	Cultural heritage has historical research value.	Cultural heritage has historical research valu	The relationship between development and protection of ancient cities should be properly handled.	D	World cultural heritage and its protection	"[Analysis] A. World heritage is divided into world cultural heritage, world natural heritage, and world mixed heritage. Cultural heritage has historical, artistic and scientific value, thus it has historical research value, which does not align with the question; 

B. Combining protection with innovation, preserving historical traditional styles while integrating modern cultural development features in historical cultural cities, and handling the relationship between development and protection of ancient cities appropriately, which does not align with the question; 

C. Cultural heritage has cultural aesthetic value. Every nation's cultural heritage contains original cultural elements such as traditional culture, living conditions, ways of thinking, and aesthetic methods, recording a faithful track of the nation's unique historical and cultural development and showing distinct cultural value, which does not align with the question; 

D. That cultural heritage has historical research value, correctly handling the relationship between development and protection of ancient cities, and having cultural aesthetic value are all correct. However, saying that ancient city type heritage has no practical value and should be replaced"	others	middle	hard
4109	In July 2024, the 33rd Summer Olympics will be held in Paris, France. Read the following diagram and complete the question below.	single_answer_choice	Koinobori flags waving on the street	Paris is a world-renowned capital of culture and art. What are you most likely to see in Paris?	Koinobori flags waving on the street	Koinobori flags waving on the streets	B	France	nan	others	middle	hard
2725	Regarding the formation of the Earth's internal layers, the incorrect statement is (    )	single_answer_choice	Meteorite impacts caused the Earth's surface to be in a molten state, promoting the differentiation of the Earth's layers	Meteorite impacts caused the Earth's surface to be in a molten state, promoting the differentiation of the Earth's layers.	Meteorite impacts caused the Earth's surface to be in a molten state, promoting the differentiation of the Earth's layer	The large mass of the Earth, along with its associated gravity, allows gravitational differentiation to occur effectively.	D	The Earth's Layered Structure	"[Analysis] Combining the knowledge learned, we can conclude:

A. Meteorite impact events not only brought a large amount of material and energy to Earth but also caused Earth's temperature to rise sharply, leading to a molten state on the Earth's surface and promoting the differentiation of Earth's layers. A is correct;

B. Earth's large mass and the related substantial gravity enable effective gravitational differentiation. B is correct;

C. Due to Earth's large mass, it also has a high content of radioactive materials, which can release energy over a long period, facilitating the long-term internal layer differentiation. C is correct;

D. It is generally believed that the primordial Earth differentiated from the solar nebula was homogeneous. Later, due to the decay of radioactive elements, planetary collisions, and compression of Earth's own materials, Earth accumulated significant thermal energy, leading to localized and continuous melting of the original homogeneous materials, thereby causing vertical differentiation and adjustment of the physical and chemical properties of Earth's substances, unrelated to the gravitational pull from the Sun."	others	middle	hard
