index	question	category	answer	knowledge	analysis	year	grade_level	difficulty_level
1742	The extensive use of natural gas will cause significant pollution to the environment in the eastern region. (   ) (True or false)	true_false	False	Development of Oil and Gas Resources in the Tarim Basin (West-East Gas Pipeline Project)	"(Narration) (Analysis) Natural gas is a clean energy source. Its extensive use can effectively alleviate environmental pollution problems in the eastern region.

Therefore, the answer is: Incorrect.
(Commentary) Energy is an important material foundation for China's modernization and people's livelihood. China is both a major energy resource nation and a major energy producer in the world. Accelerating the development of the energy industry is a strategic focus of China's economic construction. Currently, the coexistence of insufficient energy supply and waste necessitates the implementation of a policy of simultaneous development and conservation."	others	middle	hard
2681	South Asia is not only one of the cradles of ancient world civilizations but also the birthplace of religions such as Buddhism and Islam.	true_false	False	Ethnicities, Religions, and Customs of South Asia	"(Explanation) (Analysis) South Asia is not only one of the world-renowned cradles of civilization but also the birthplace of religions such as Buddhism and Hinduism. 

(Commentary) This question mainly tests the distribution of world religions, and it is a basic question, easy to understand."	others	middle	medium
1730	Human life cannot be entirely as one wishes; it is influenced and constrained by the geographical environment.	true_false	True	Geography and Daily Life###Geography and Production Development	"(Hint) (Analysis) Human life cannot be entirely at one's own will; it is influenced and constrained by the geographical environment. For instance, agricultural production must be adapted to local conditions; establishing industrial enterprises requires consideration of raw materials, energy, water sources, markets, and transportation conditions; determining construction projects, choosing transport routes, developing commercial networks, and formulating regional development plans all rely on geographical principles and techniques. Therefore, the statement in the question stem is correct. 

Thus, the answer is: A.

(Comment) This question examines the relationship between human life and the geographical environment, and understanding it allows for the solution."	others	middle	hard
2686	Shanghai is located in the middle and lower Yangtze River plain. (True or False)	true_false	True	Shanghai	"Shanghai is located at the mouth of the Yangtze River, in the middle and lower Yangtze plain, and is the core city of the ""Yangtze River Delta Urban Agglomeration.""

Therefore, the answer is: Correct.

Shanghai is abbreviated as ""Hu"" or ""Shen,"" situated at the mouth of the Yangtze River, facing Kyushu Island of Japan across the East China Sea, bordered by Hangzhou Bay to the south, and adjacent to Jiangsu and Zhejiang provinces to the west, with Anhui nearby. Together, they form the ""Yangtze River Delta Urban Agglomeration"" with Shanghai at its forefront, and it is home to China's first pilot free trade zone, the ""China (Shanghai) Pilot Free Trade Zone."""	others	middle	medium
3313	The boundary between the Northern and Southern Hemispheres is the equator. ( )	true_false	True	Special latitude line###The division of the Northern and Southern Hemispheres	nan	others	middle	easy
1617	When making a globe, the Earth's axis should maintain an angle of approximately 66.5 degrees with the horizontal plane.	true_false	True	Globe###Making a Simple Globe	"(Analysis) When placing a globe on a table, the angle between its axis and the table surface is about 66.5°. The table surface represents the Earth's orbital plane, which has an angle of approximately 23.5° with the equatorial plane, and the equator is perpendicular to the Earth's axis. Therefore, when making a globe, the Earth's axis should be tilted at an angle of about 66.5° with the horizontal surface. 

Thus, the answer is: Correct.

(Comment) As the Earth revolves around the Sun, the axis forms a fixed angle of 66.5° with the plane of the orbital path, causing the Sun's direct rays to systematically move between the Tropics of Cancer and Capricorn throughout the year."	others	middle	easy
2597	"Suzhou is a famous ""land of fish and rice,"" with its crops being harvested twice a year."	true_false	True	Overview of the Yangtze River Middle and Lower Reaches Plain	"[Analysis] Suzhou is located in the middle and lower reaches of the Yangtze River Plain, distributed in a belt along the middle and lower reaches of the Yangtze River. It is formed by the alluvial deposits of the Yangtze River and its tributaries, mostly at an altitude below 50 meters. The plain is characterized by low terrain, numerous lakes, dense river networks, and expansive paddy fields. It is known as China's ""land of fish and rice""; 

Therefore, the answer is: Correct. 

[Commentary] The middle and lower reaches of the Yangtze River have low terrain, a humid climate, fertile soil, an extensive river network, favorable farming conditions, a long agricultural history, a dense population and urban areas, developed industry and commerce, and a strong economic foundation. Rivers provide irrigation water for the Yangtze River Delta region, convenient water and land transport, and household water supply, but during the flood season, they can cause"	others	middle	medium
3790	People in Shandong have a preference for sour flavors and are known for their ability to consume vinegar.	true_false	False	Shanxi	"[Analysis] The water and soil in Shanxi Province are relatively hard, and vinegar can soften them; moreover, people in Shanxi enjoy eating various kinds of noodles, especially mixed grain noodles, and vinegar aids digestion. Therefore, Shanxi people have a preference for sour flavors and are famously known for consuming vinegar. Thus, the answer is: False.

[Comment] This question is answered based on the influence of climate on human life."	others	middle	medium
