index	question	category	answer	knowledge	analysis	year	grade_level	difficulty_level
1388	"Choose the correct option to fill in the corresponding position ( ).

A. Which tectonic plate is Australia located on? ( )

B. A plate mainly composed of oceans ( )

C. A continent entirely in the Southern Hemisphere ( )

D. Japan is situated between the Pacific Plate and which other plate? ( )

E. A continent north of the Indian Ocean ( )"	fill_in_the_blank	Indo-Australian Plate; Pacific Plate; Australia; Eurasian Plate; Asia	Seven continents###The Four Oceans###Plate tectonics theory	"Based on the position and contour map of the seven continents and six tectonic plates, the following conclusions can be drawn: Australia is located on the Indo-Australian Plate; the Pacific Plate is mainly oceanic; Antarctica is the continent entirely in the Southern Hemisphere; Japan is located between the Pacific Plate and the Eurasian Plate; north of the Indian Ocean is Asia.

Therefore, the answers are: (1) E; (2) A; (3) B; (4) D; (5) C.

[Comment] This tests the seven continents and six tectonic plates. Students need to be very familiar with the world map and the world tectonic plate diagram, especially as the interactions between plates are a challenging point.

14."	others	middle	hard
1754	Most of the oil produced in the Middle East is transported by sea to Western Europe, North America, and \_\_\_.	fill_in_the_blank	East Asia	The world status of Middle Eastern oil	"The Middle East is the world's richest region in terms of oil reserves, and the one with the highest oil production and export volume. Its oil production typically accounts for one-fourth of the world's total. Saudi Arabia, Iran, Kuwait, and Iraq are significant oil-producing countries. Ninety percent of the oil extracted in the Middle East is exported, comprising approximately three-fifths of the world's total oil exports, primarily to Western Europe, East Asia, and North America.

Thus, the answer is: East Asia.

Comment: Ethnic conflicts, religious disputes, territorial conflicts, and the struggle over oil and water resources are major factors causing wars and conflicts in the Middle East. The primary reason is the struggle over oil resources. It can be said that wars in the Middle East are fought over beliefs, water, oil, and land.

In the United States and Canada, the \ul{    } language is widely used. \ul{    } is the dividing line between North America and South America"	others	middle	hard
1751	Rural and urban areas are collectively referred to as ( ).	fill_in_the_blank	Settlement	Comparison of settlements	"[Analysis] Rural and urban areas are collectively referred to as settlements. Rural areas can be further divided into villages and towns based on their size. Therefore, the answer is: settlement.

[Comment] The formation of settlements is greatly influenced by natural environment and socio-economic factors. Settlements are mostly distributed along mountains and rivers, as well as along roads and highways. They are often formed in areas with flat terrain, fertile soil, abundant resources, suitable climate, convenient transportation, and developed economy. Rugged terrain and inconvenient transportation are not conducive to the formation and development of settlements.

107. The world's densely populated areas are mainly distributed in Asia's _____, Europe, and Eastern North America."	others	middle	hard
1755	The rapid socio-economic development has brought enormous wealth to humanity on one hand, and increasingly serious environmental and \_\_\_ problems on the other hand. In order for people to live well on Earth for generations, it is necessary to establish a new way of living and production, create harmonious \_\_\_ relationships, and follow the path of \_\_\_ development.	fill_in_the_blank	Resources; Human-Land; Sustainable	Geography and Daily Life	"[Analysis] The rapid development of the socio-economy, on one hand, has brought great benefits to humanity, but on the other hand, it has also led to increasingly severe environmental and resource issues. To ensure that future generations can live well on Earth, it is necessary to establish a new way of living and production, create a harmonious relationship between people and the land, and pursue sustainable development.

Therefore, the answer is: resources; people-land; sustainability.

[Comment] The environment and resources are the guarantees for human survival on Earth. They constrain human activities, and human factors also influence and alter the natural environment. Due to the poor environmental awareness of people, environmental problems are now urgent."	others	middle	hard
302	The world's longest mountain range is ( ).	fill_in_the_blank	Andes Mountains	Interpretation of topographic maps	The world's longest mountain range is the Andes Mountains, located in the western part of South America, with a total length of over 9,000 kilometers. Together with the Rocky Mountains in North America, they form the Cordillera mountain system. Therefore, the answer is: Andes Mountains. The Andes Mountains span seven countries and are about 9,000 kilometers long, almost three and a half times the length of the Himalayas. They boast magnificent and diverse landscapes, making them one of the most spectacular natural attractions in the world. The Andes are part of the Cordillera mountain system, which stretches from North America to South America, with a total length of 18,000 kilometers, making it the longest mountain system in the world.	others	middle	easy
1767	The characteristic tourist area in the southwestern frontier is ( ), which is also a place where ethnic minorities live. ( ) is the happiest day for the Dai people.	fill_in_the_blank	Xishuangbanna; Water Splashing Festival	Yunnan	"The distinctive tourist area on the southwestern border is Xishuangbanna, which is also a place inhabited by ethnic minorities. The Water Splashing Festival is the happiest day for the Dai people.

Therefore, the answers are: Xishuangbanna; Water Splashing Festival.

Review: Xishuangbanna is located at the southern end of Yunnan Province and is an autonomous prefecture under its jurisdiction. Known for its magical tropical rainforest landscapes and ethnic minority customs, it is one of China's major tourist hotspots. The annual Water Splashing Festival takes place in mid-April, attracting numerous domestic and international tourists."	others	middle	hard
4568	The highest mountain in the world is \_\_\_\_\_\_, and the longest mountain range is \_\_\_\_\_\_.	fill_in_the_blank	Mount Everest; Andes Mountains	World-famous mountain ranges	"The world's highest peak is Mount Everest, known as the ""top of the Earth,"" with an elevation of 8,844.43 meters. The world's longest mountain range is the Andes, located in South America, running near the Pacific Ocean, starting from Trinidad Island in the Caribbean Sea in the north to Tierra del Fuego at the southern tip of South America, with a length of nearly 9,000 kilometers.

Therefore, the answers are: Mount Everest; Andes Mountain Range.

The review: Mount Everest in Asia is the world's tallest peak; the longest mountain range in the world is the Andes, located in South America."	others	middle	medium
1036	The contradictions and problems in our country's development are also very prominent, facing numerous challenges such as the relationship between people and land, which is ( ), and regional development, which is ( ).	fill_in_the_blank	Not harmonious; unbalanced	China in the world	"Analysis: The contradictions and problems in our country's development are also very prominent, facing many challenges such as disharmony between people and land, and unbalanced regional development. Our country has a large population but limited land, and the eastern region is more economically developed than the western region.

Therefore, the answers are: disharmony; imbalance.

Comment: The large population, high population base, uneven population distribution, and low quality of the population severely restrict our country's comprehensive coordinated sustainable development."	others	middle	medium
1761	Farmers living on the ( ) always keep a basket as a staple tool, because the terrain there is rugged and the mountain paths are narrow and dangerous, making carrying loads on poles very inconvenient.	fill_in_the_blank	Yunnan and Guizhou Plateau	Environmental Protection and Resource Utilization in Guizhou Province	"(Explanation) (Analysis) Farmers living in the Yunnan-Guizhou Plateau commonly use back baskets because the terrain there is rugged, with narrow and dangerous mountain paths, making carrying loads on shoulders inconvenient. (Commentary) The Yunnan-Guizhou Plateau's terrain is rugged and widely covered with limestone, leading to the saying ""Never three days of clear skies, and never three miles of flat land."" 132. The length of China's land border is \ul{　 　}, and there are a total of \ul{　 　} neighboring countries."	others	middle	hard
1814	In Xinjiang, there is an ancient underground water diversion project that can naturally irrigate oasis agriculture. This project is known as ( ).	fill_in_the_blank	Karez Well	The relationship between karez wells and the natural environment	"(Karez is an ancient water diversion project in Xinjiang, suitable for oasis irrigation agriculture.)  
Therefore, the answer is: Karez  
(Commentary: Developing agriculture according to local conditions is an important idea throughout geographic studies.)"	others	middle	easy
2257	"Match the following tourist attractions to their corresponding provincial-level regions.

A. Humble Administrator's Garden is in ( )  
B. West Lake is in ( )  
C. Summer Palace is in ( )  
D. Sun Moon Lake is in ( )  
E. Potala Palace is in ( )"	fill_in_the_blank	A. Jiangsu; B. Zhejiang; C. Beijing; D. Taiwan; E. Tibet	Beijing's Urban Development (Beijing Tourism, Key Functional Areas, Transportation Network)###The cultural characteristics and tourism of the water towns	[Analysis] China is rich in tourism resources. The Humble Administrator's Garden is located in Suzhou Garden in Jiangsu, West Lake is in Hangzhou, the Summer Palace is in Beijing, Sun Moon Lake is on Taiwan Island, and the Potala Palace is in Lhasa, Tibet. [Commentary] Beijing is an ancient city with a long history. Its extended historical period and rich cultural accumulation have forged a unique historical and cultural tradition, preserving numerous ancient buildings, gardens, and characteristic districts.	others	middle	easy
3328	The direction indicated by the meridian is \ul{　 　}.	fill_in_the_blank	North and south	Using the graticule for orientation	nan	others	middle	easy
4943	At present, China has a comprehensive range of industries, a strong foundation, and large scale, making it a major manufacturing country in the world. \_\_\_, \_\_\_ fertilizers, \_\_\_ and coal production rank first in the world.	fill_in_the_blank	Steel; Home Appliances; Cement	Industry and Its Importance	[Analysis] [Discussion] China's industrialization started late but developed rapidly, currently holding a leading position globally in many fields, making it a major manufacturing country. It leads the world in the production of steel, home appliances, fertilizers, coal, cement, and other products. [Comment] Industrial development in China saw rapid growth after the founding of the People's Republic of China, with comprehensive categories, a solid foundation, and a large scale. The production volumes of steel, automobiles, fertilizers, cement, and coal are the highest in the world. Meanwhile, China is also the largest goods exporter globally.	others	middle	medium
4260	In the summer and autumn seasons, the meteorological disaster that frequently occurs along the southeastern coast of China is \ul{　 　}.	fill_in_the_blank	Typhoon	Causes and Distribution of Major Meteorological Disasters in China###The special weather in our country	"According to the knowledge acquired, we know that China's special weather events mainly include cold waves, plum rains, typhoons, sandstorms, etc. In the summer and autumn seasons, China's southeastern coastal areas frequently suffer from typhoons. Typhoons originate from tropical oceanic vortices, and when they pass through, they usually bring strong winds and heavy rain, causing damage to people's property. Therefore, the answer is typhoon.

The answer is: typhoon.

[Comment] This examines the impact of meteorological disasters, specifically typhoons, on China, and requires understanding and memorization."	others	middle	easy
