index	question	category	A	B	C	D	answer	knowledge	analysis	year	grade_level	difficulty_level
5980	Regarding operations on shared folders, the following statement is incorrect (   ).	single_answer_choice	"In the File Explorer, right-click a folder and use the ""Sharing and Security"" command in the shortcut menu to set sharing for the folder"	"In the File Explorer, right-click a folder and use the ""Sharing and Security"" command in the shortcut menu to set sharing for the folder."	"In the File Explorer, right-click a folder and use the ""Sharing and Security"" command in the shortcut menu to set sharing for the folder"	The permissions for a shared folder can be set to either read-only or change.	D	File Explorer and Files, Folders	"[Answer] When setting up a shared folder, you can use the system's default share name, or you can change the share name. Therefore, the answer is D.
[Analysis] This question tests the operation of shared folders. A shared folder refers to a folder that one computer uses to share with other computers. Sharing means to share."	others	middle	medium
1962	The difference between windows and dialog boxes in Windows XP is ( )	single_answer_choice	Windows have title bars while dialog boxes do not. 	Windows have tab bars while dialog boxes do not. 	Windows have command buttons while dialog boxes do not. 	Windows have menu bars while dialog boxes do not.	D	System software, application software, and features	"Differences between windows and dialog boxes:  
(1) Windows have a menu bar, dialog boxes do not.  
(2) Windows can be resized, dialog boxes cannot.  
(3) Dialog boxes usually have command buttons like ""OK"" and ""Cancel,"" while windows do not. This is the fundamental difference between the two.  

Similarities between windows and dialog boxes:  
(1) Both have a title bar.  
(2) Both can be moved.  
(3) Both have a close button.  

Therefore, the answer is: D.

Analysis: This question examines the differences between windows and dialog boxes. From the perspective of operating system implementation, a dialog box is a special window. The uniqueness does not lie in the inclusion of certain controls (such as buttons, edit boxes, drop-down lists) since ordinary windows can also contain these controls. The uniqueness is that these controls in a dialog box are used for user interaction and thus have certain agreed-upon usage rules"	others	middle	hard
9677	The correct statements about table processing in Word are (     ).	single_answer_choice	The row height and column width of the table can be adjusted using the ruler	A cell in the table cannot be split into several cells	Word provides the function to draw a diagonal table header	The row height and column width of the table cannot be adjusted with the mouse	C	Application of forms	"【Answer】 The ruler can adjust the margins in Word; cells in a table can be split; the row height and column width of a table can be adjusted with the mouse. Therefore, the answer is C. \\
【Analysis】 This question examines the use of tables in Word documents."	others	middle	medium
9562	Which of the following is considered a good internet habit? ( )	single_answer_choice	Downloading unknown software	Visiting websites provided by others that are unclear	Opening email attachments from strangers	Regularly checking for operating system vulnerabilities and updating patches	D	Common Cybersecurity Issues###Network Security Protection Methods and Common Tools	"【Answer】 Downloading unknown software, browsing unknown websites, and opening email attachments from strangers all pose certain security risks and are considered bad internet habits. On the other hand, regularly checking for operating system vulnerabilities and updating patches are considered good internet habits. Therefore, the correct answer is: D.

【Analysis】 This question examines computer security. The most important aspect of computer security is the safety of stored data, which faces primary threats such as computer viruses, unauthorized access, electromagnetic radiation from computers, and hardware damage. Common protection strategies include: (1) installing antivirus software, (2) installing personal firewalls, (3) setting and categorizing passwords to be as complex as possible, (4) not downloading unknown software and programs, (5) guarding against rogue software, (6) sharing only when necessary, (7) backing up regularly."	2022	middle	medium
1959	In Excel, which of the following statements is correct?  	single_answer_choice	To modify the data in a chart, the chart must be recreated  	The data in a chart can be modified  	The data in a chart cannot be modified  	Modifying the data in a chart is conditional	B	Basic Chart Visualization	"[Answer] In Excel, charts change as the data in the cells change. The data in the chart can be modified. Therefore, the answer is B.
[Analysis] This question examines the relationship between charts and data in Excel. Charts can change data and the chart style can also be modified."	2018	middle	hard
1954	In Excel, when continuously selecting cells from column A to E, which of the following operations is incorrect (　　)?	single_answer_choice	Click on column A with the left mouse button, then drag the mouse to column E and release the left mouse button	Click on column A with the left mouse button, then hold down the Shift key and click on column E with the left mouse button, and finally release the Shift key	First hold down the Ctrl key, then click on columns A, B, C, D, and E with the left mouse button	Click on column A with the left mouse button, then hold down the Ctrl key and click on the EE column with the left mouse button, and finally release the Ctrl key	D	Basic Operations of Spreadsheets	"[Answer] Options A, B, and C all allow selection of cells from columns A to E. The operation in option D only selects cells in column E in the end. Therefore, the answer is D.  
[Analysis] This question examines the selection of column cells in Excel. To select multiple column cells in Excel: Method 1 - Drag with the mouse from the first column to the last column you want to select; Method 2 - Hold down the Ctrl key and click from the first column to the last column in sequence; Method 3 - Hold down the Shift key, click the first column, and then click the last column."	2018	middle	hard
7960	Xiaoming's computer contains the following four files. Which of these is an executable file? (　　)  	single_answer_choice	DesignPlan.com  	Class.txt  	FirstLesson.mp3  	Autumn.jpg	A	File type and format	"【Answer】 A: .com is the extension for executable files;  
B: .txt is the extension for plain text documents;  
C: .mp3 is the extension for audio files;  
D: .jpg is the extension for image files.  
Therefore, the answer is A.  
【Analysis】 This question tests common file types. Common file types:  
<image>"	2018	middle	medium
3170	The following statements about information security are correct.	single_answer_choice	Improve one's own information literacy to reduce human error.	When unable to distinguish the authenticity of information, proactively verify with relevant departments and institutions.	Install firewalls and promptly install patch programs.	All of the above are correct.	D	Information screening and evaluation###Security protection of information systems	[Answer] Improve personal information literacy to reduce human negligence; when unable to verify the authenticity of information, actively seek confirmation from relevant departments and institutions; installing firewalls and timely patch updates are all aspects of information security. Hence, the answer is D. [Analysis] This question examines information security. According to ISO (International Organization for Standardization), information security is defined as the establishment and adoption of technical and managerial safeguards for data processing systems, aiming to protect computer hardware, software, and data from accidental and malicious damage, modification, and disclosure.	others	middle	medium
6668	"In PowerPoint 2013, if you want to set animation effects for a ""picture"" object in the slide, after selecting the ""picture"" object, you should choose ( ).  "	single_answer_choice	"""Add Animation"" button under the ""Animations"" tab  "	"""Slide Show"" tab  "	"""Effects"" button under the ""Design"" tab  "	"""Transition"" under the ""Transitions"" tab"	A	Insertion and Setting of Animation	"Answer: Option A: You can go to Animations---Add Animation to design animation for the image; Option B: The Slide Show tab is mainly for presenting slides; Option C: Design---Effects, to design the effects of this slide; Option D: Transitions---Transition to This Slide, mainly for transitions between slides. Therefore, the answer is A.
Analysis: This question tests how to design animation for the inserted image in PowerPoint. After selecting the image, go to Animations---Add Animation to set various animation effects for the image."	others	middle	medium
9384	The incorrect statement among the following options is (   ):	single_answer_choice	"The recognition result of ""Yunmai OCR Text Recognition"" software can be saved as a TXT format file."	"""WeChat"" provides the function of converting voice to text."	The clarity of the image does not affect text recognition.	"The ""Scan"" feature in Mobile QQ also has text recognition functionality."	C	Image recognition	"[Answer] Blurry images can affect text recognition, such as mistaking ""一"" for ""-----"". Therefore, the answer is C. [Analysis] This question mainly examines text recognition. Operations like noise reduction and skew correction can preprocess images to improve recognition accuracy."	2021	middle	medium
2372	The following is not a type of multimedia file (    ).  	single_answer_choice	Text file  	Graphic file  	Animation file  	Paper file	D	Multimedia materials	"[Answer] Text files, graphic files, and animation files are all types of multimedia files, whereas paper documents are physical objects and not a type of multimedia file. Therefore, the answer is D. 

[Analysis] This question examines multimedia files. Multimedia files represent various encoded data of media stored in a computer in the form of files."	2022	middle	medium
6497	"In the DOS command window, enter ""ping www.baidu.com"". If data transmission is successful, it indicates that (     )."	single_answer_choice	The local network card and its network protocol are functioning properly.  	The router is functioning properly.   	Other hosts in the network are connected properly.   	The local machine can access the internet.	C	IP address and domain name	[Answer] The ping command is used to verify the connection to a remote computer. Pinging www.baidu.com indicates that if data transmission is successful, other hosts within the network are connected properly. Therefore, answer C is correct. [Analysis] This question tests network commands. Ping is used to determine whether the local host can successfully exchange (send and receive) data packets with another host. Based on the returned information, one can deduce whether the TCP/IP parameters are set correctly, the operation is normal, and the network is smooth, etc.	2020	middle	medium
6062	The incorrect statement about Python syntax is (     ).  	single_answer_choice	In if and while statements, the statements at the same level must have the same number of indentation spaces per line  	"In a while statement, there generally needs to be a statement within the loop body to change the condition for judgment; otherwise, an ""infinite loop"" may occur  "	A conditional expression can follow else  	Python uses different indentation to express logical hierarchy	C	Branching structure statements and format###Loop structure statements and formats###Comments and Indentation	"[Answer] In Python, there is no conditional expression following else. Thus, the answer is C.
[Analysis] This question tests Python syntax. Conditional control statements are used to decide which code block to execute based on the result (True or False) of one or more statements. The general format of an if statement is:

if <condition>:  
<block 1>  
[else:  
<block 2>]  

In nested if statements, you can place an if...elif...else structure within another if...elif...else structure.

The general format of a while loop in Python is as follows:

while <condition>:  
<loop body>  
[else:  
block]  

Using else with a while loop: If the condition following while is false, then the else block is executed. The syntax format is:

while <condition>:  
<loop body>  
[else:  
block]  

A for loop constructs a loop by iterating over a sequence object, and"	2022	middle	medium
3184	Concerning false information on the internet:  	single_answer_choice	Truth and lies coexist on the internet.  	On the internet, what you see may not be true; having a picture doesn't necessarily mean it's the truth.  	We should self-regulate and not create or spread lies online.  	For content of interest, there is no need to verify; you can directly browse or download.	D	Information and its characteristics###Internet Ethics and Norms	[Answer] The internet is a virtual world with much false information. We need to learn to discern and abide by online ethics. Therefore, the answer is: D. [Analysis] This question examines internet information. We must learn to distinguish between true and false information and protect our privacy. When online, respect others' intellectual property, enhance self-discipline, consciously follow internet rules and etiquette, protect your work, be wary of information pollution, and try to only visit legitimate organization websites, steering clear of sites with unhealthy content.	2022	middle	medium
5651	The incorrect statement about the Internet is (    )	single_answer_choice	The Internet is the largest interconnected computer network in the world.	The Internet is the most widely covered interconnected computer network in the world.	The Internet is a local area network.	The Internet is a wide area network.	C	Concepts and Characteristics of Computer Networks###Classification of Networks	"Explanation: The Internet is the world's most extensive computer interconnection network. Based on coverage, computer networks can be divided into local area networks (LAN), metropolitan area networks (MAN), and wide area networks (WAN). WANs have the largest scope, typically ranging from tens to thousands of kilometers. Networks established within a country or internationally are all WANs. Therefore, the Internet is a WAN, so option C is correct.

Analysis: This question tests knowledge of computer networks and their classification. Based on coverage, computer networks can be divided into LAN, MAN, and WAN. A LAN is a computer communication network that connects various computers, external devices, and databases within a local geographical area (such as within a school, factory, or government agency). An MAN is a computer communication network established within a city. A WAN has the largest range, typically from tens of kilometers to thousands of kilometers. Networks established within a country or internationally are all WANs."	others	middle	medium
2622	To quickly input information into a computer using a keyboard, learning touch typing is essential. The two keys used for positioning during touch typing are the (   ) keys.  	single_answer_choice	S and L  	G and H  	D and K  	F and J	D	Keyboard keys	"[Answer] Place the index fingers of the left and right hands on the F and J keys, respectively. The F and J keys are used as reference points for touch typing. Therefore, the answer is: D. 

[Analysis] This question tests basic computer knowledge. The correct keyboard fingering is as shown in the diagram:"	others	middle	medium
2862	Regarding bullet points and numbering, the correct statement is (    ).	single_answer_choice	"They can be set by selecting the ""Format"" menu's ""Bullets and Numbering"" command or by clicking the ""Bullets and Numbering"" button on the ""Format"" toolbar"	Numbering can only start from 1	Bullets cannot be converted to numbers, nor can numbers be converted to bullets	None of the above statements are correct	A	Basic Text Editing	"[Answer] Option A: You can set it through the ""Bullets and Numbering"" command in the Format menu, or by clicking the ""Bullets and Numbering"" button on the Format toolbar; Option B: Numbering can start from any number; Option C: Bullets and numbering can be converted into each other. Thus, the answer is option A. [Analysis] This question examines bullets and numbering. Bullets and numbering are found under the Format menu."	others	middle	medium
7165	The description of algorithms can be done using natural language. Which of the following statements is incorrect?	single_answer_choice	Describing an algorithm with natural language means using human language along with mathematical symbols to describe the algorithm.	"Sometimes there is ""ambiguity"" when using natural language to describe algorithms."	Natural language is not very convenient for describing branches and loops.	All of the above statements are incorrect.	D	Computer Language and Its Development History	"[Answer] Natural language description of algorithms involves using human language along with mathematical symbols, making option A correct; ""ambiguity"" refers to something having two or more meanings (including two) in a given context, and natural language description of algorithms can sometimes be ambiguous, making option B correct; the hierarchical structure of natural language expressions is not clear enough, making it not very convenient for describing branches and loops, making option C correct. Therefore, the answer is option D.

[Analysis] This question examines natural language. Natural language refers to vernacular language, which is the primary tool for human communication and thought."	2018	middle	medium
7202	Information technology is widely used in various aspects of social life, and the following statement is incorrect (    ):	single_answer_choice	Information technology is developing towards networking, intelligence, and virtualization.	Information technology has led to an information overload, so we should try to use information less.	"Information technology has turned the world into a ""global village."""	Information technology is abbreviated as IT.	B	The development and application of information technology	"Solution: The development direction of information technology (IT) is indeed moving towards networking, intelligence, and virtualization, and information technology has turned the world into a ""global village,"" all of which are facts. Therefore, the answer is: B.

Analysis: This question examines information technology. Information technology holds a crucial position in our daily lives, and we should fully utilize information to serve our everyday needs. At the same time, information technology also brings some issues, such as information overload and information security, which we need to be aware of and manage."	2021	middle	medium
8	Refer to Table 1-1.2 on page 8 of the textbook, which shows the correspondence between hexadecimal, decimal, and binary numbers. The hexadecimal number C corresponds to binary and decimal numbers as follows:  	single_answer_choice	1100, 12  	0100, 12  	12, 1100  	1100, 4	A	Number systems and their conversion	"[Answer] The binary number corresponding to the hexadecimal number C is: 1100, and the corresponding decimal number is: 12. Therefore, the answer is A.  
[Analysis] This question tests on base conversion. The simple mnemonic rules for base conversion are:  
(1) Hexadecimal → Binary: 1 digit becomes 4 bits;  
(2) Octal → Binary: 1 digit becomes 3 bits;  
(3) Binary → Hexadecimal: Group every four bits from the left, add 0s in front if the group is incomplete;  
(4) Binary → Octal: Group every three bits from the left, add 0s in front if the group is incomplete;  
(5) Decimal → Binary/Hexadecimal: Divide the number by two/sixteen and take the remainder, count from bottom to top."	2023	middle	medium
417	The following is not considered an application of multimedia technology ( ):	single_answer_choice	Drawing on paper with a pen	Using PhotoShop software to edit images	Creating animations with FLASH software	Creating presentations with PowerPoint software	A	The concept and features of multimedia and multimedia technology	"[Answer] Multimedia technology refers to the comprehensive processing and management of various media information such as text, data, graphics, images, animation, and sound through a computer, enabling users to interact with the computer in real-time via multiple senses. It is also known as computer multimedia technology. Drawing on paper with a pen does not belong to multimedia technology. Therefore, the answer is A.

[Analysis] This question examines the application of multimedia technology. The applications of multimedia technology include:

(1) Multimedia in daily life: MP3 music, film and animation, digital television, multimedia navigators, etc.

(2) Current status of multimedia technology: audio technology, video technology, data compression technology, network transmission technology.

(3) Future prospects of multimedia technology: virtual reality, multimedia databases and content-based retrieval, multimedia communication technology."	others	middle	medium
1617	Data in computers includes (　　).  	single_answer_choice	Numbers, text, and images  	Numbers, text, and processors  	Documents, programs, and USB drives  	Videos, images, and multimedia devices	A	Forms of data representation	【Answer】Numbers represent numerical information, text represents characters and strings, and images include graphics and pictures. These three types of data are widely used in computers for storing, processing, and transmitting information. Therefore, the answer is: A. 【Analysis】This question examines computer data. In computer science, data is typically classified into two categories: structured data and unstructured data. Structured data is organized in forms such as tables and databases, like numbers and text, whereas unstructured data includes irregular forms like images, audio, and video. Understanding data structure and type helps in effective data management and analysis.	2023	middle	easy
5597	The following statement about computers is incorrect (     ).	single_answer_choice	Keyboard and mouse are input devices, monitor and printer are output devices	The world's first electronic computer was created in 1946 and named ENIAC	Computer technology is an important foundation of information technology	Windows system is application software	D	The concept and fundamental technology of information technology###The development of computers###Computer hardware and functions###System software, application software, and features	"【Answer】 Options A, B, C: Correct; Option D: Windows is a system software. Thus, the answer is: D.  
【Analysis】 This question tests computer knowledge. Output devices are the terminal devices of a computer hardware system, used to receive computer data for output display, printing, sound, and to control the operation of peripheral devices. Input devices are equipment to input data and information into the computer, acting as a communication bridge between the computer and users or other devices.  
Information technology mainly includes computer technology, computer network technology, as well as related communication technologies like telephony.  
Tool software and specialized software are both categories of application software."	2023	middle	medium
6535	The following operation cannot be achieved (     ):	single_answer_choice	Recording a video of classmates in a high jump competition using a mobile phone	Transferring the recorded video from the mobile phone to a computer	"Editing the video file using ""Format Factory"""	"Playing the edited video file using the system's built-in ""Voice Recorder"" program"	D	Acquisition of video material###Processing of video files	"[Solution] Mobile phones can record videos, and the recorded videos can be stored on a computer. Format Factory is a format conversion tool for audio, video, images, and documents. The system's built-in recorder cannot play videos. Therefore, the answer is D.

[Analysis] This question examines video acquisition devices and processing software. Video playback software includes Windows Media Player, Tencent Video, Xunlei Kankan, and others. Videos can be obtained by downloading from the internet, from recordings, VCDs, or DVDs, by recording the video screen, or by directly using tools to create them."	others	middle	medium
8225	Below are the correct statements about Excel's functions (   ):	single_answer_choice	As long as the fill feature is used, all the needed data can be filled automatically.	Data categories are all the same.	Functions can automatically calculate the results of data statistics.	It can create beautiful presentations.	C	Purpose and Tools of Data Organization	"Answer A: Using the fill function requires setting the fill options, such as fill data only, fill format, etc., incorrect;  
B: Data categories are different, including text format, numerical, percentage, date, etc., incorrect;  
D: Excel is spreadsheet processing software and cannot create presentations, incorrect.  
Therefore, the answer is C.  
Analysis: This question tests the Excel software. Excel is a spreadsheet software that uses new charts and graphs to visualize data in an engaging way. It also uses formatting, sparklines, and tables to predict trends, making it easier to understand."	2022	middle	medium
6697	The incorrect statement about memory is (　　).	single_answer_choice	Memory is divided into ROM and RAM.	Memory is used to store the programs and data currently needed by a computer.	What we commonly refer to as memory sticks refers to RAM.	Memory is used to store data that needs to be preserved long-term.	D	Computers and Their Components	"[Answer] Internal memory is divided into ROM and RAM. Read-Only Memory (ROM) operates in a non-destructive readout manner, meaning it can only be read and not written to. Once information is written to it, it becomes fixed, and even if the power is cut off, the information won't be lost, which is why it's also called fixed memory. Random Access Memory (RAM), also known as main memory, is internal memory that directly exchanges data with the CPU. It can be read and written at any time (except during refresh), and it operates very quickly, usually serving as a temporary data storage medium for operating systems or other running programs. Therefore, the answer is D.  

[Analysis] This question examines internal memory, generally referring to memory. Memory is one of the important components of a computer. It acts as a bridge for communication between external storage and the CPU, and all programs in a computer run within memory."	2019	middle	medium
9381	Which of the following statements about information is correct? (      )	single_answer_choice	Information on the internet can be accessed without any restrictions	Teenagers should refuse to browse information on the internet to protect their physical and mental health	Once information is obtained, its value will always exist	The carriers of information can be text, images, sound, etc.	D	Information and its characteristics###Acquisition of information	[Answer] Option A is incorrect; you must obtain permission from the copyright owner to use someone else's online resources before you can copy copyrighted works. Option B: The internet has both advantages and disadvantages for teenagers; reasonable use is key, and browsing should not be rejected. Option C is incorrect because the value of information can change with time and circumstances. Only option D is correct; information carriers can be text, images, sound, etc. Therefore, the answer is D. [Analysis] This question examines the characteristics of information, how to obtain information, and its reasonable use. Information refers to facts or data that convey useful knowledge, concepts, or ideas, and has various characteristics, including transferability, processability, storability, and interactivity. Regarding information, we must learn to discern its authenticity and value and use it reasonably.	2022	middle	medium
4266	Which of the following behaviors is incorrect when using the internet?	single_answer_choice	Not disclosing your personal information online	Believing all information on the internet is true	Abiding by the National Youth Cyber Civilization Convention	Not being addicted to online games	B	Online Code of Conduct	"[Answer] Information sources on the internet are complex, making it difficult to determine the authenticity of information. It requires verification and comparison from multiple sources to assess the truthfulness of the information. Therefore, the answer is: B. \\
[Analysis] This question tests network security and digital literacy. When using the internet, it is important to consciously follow internet etiquette, moral guidelines, and national laws and regulations, ensure the authenticity of content, refrain from arbitrarily posting and forwarding false information, and resolutely avoid spreading rumors, contributing to creating a positive online environment."	2022	middle	medium
1953	"Which of the following logical expressions accurately represents the condition ""year is a leap year""?  "	single_answer_choice	year mod 4=0  	year mod 400=0  	(year mod 400=0) or (year mod 4=0) and (year mod 100≠0)  	(year mod 400=0) and (year mod 4=0) or (year mod 100≠0)	C	Operators and Expressions	"[Answer] A leap year must satisfy two conditions: it can be evenly divided by 4 but not by 100, or it can be evenly divided by 400. ""mod"" is an arithmetic operator in VB representing divisibility, meaning the remainder is 0 when divided by a certain number. ""and"" is a logical operator in VB representing both conditions must be met simultaneously, while ""or"" is a logical operator meaning either condition can be met. Based on leap year conditions and considering the precedence of operators in VB, the final expression is \hl{(year mod 400=0) or (year mod 4=0) and (year mod 100<>0)}. Thus, the answer is option C.

[Analysis] This question tests expression operations. Arithmetic operators > relational operators > logical operators, and calculations within parentheses are performed first."	others	middle	hard
9706	When designing templates in WPS Presentation, the following description is incorrect: (   ).	single_answer_choice	You can choose your own images to fill the template background.	Multiple templates can coexist in a single presentation.	The background effects of the template can be modified.	A presentation can only have one template.	D	Page design	"Answer: D: Presentations can exist with multiple templates, incorrect. So the answer is D.
Analysis: This question examines presentation templates. Design templates: files containing the styles of presentations, including bullet points and font types and sizes, placeholder sizes and positions, background design and fill, color schemes, as well as slide master and optional title master."	2023	middle	medium
1523	"The following statement about ""Columns"" in the ""Page Layout"" of WPS is incorrect (     )."	single_answer_choice	A paragraph of text can be divided into three columns.	"You can adjust the ""width"" and ""spacing"" of each column according to actual needs."	"It can be achieved through the ""Columns"" command in the ""Page Layout"" tab under the ""Page Setup"" group."	"The ""Columns"" effect can only be applied to the entire document and cannot be applied to individual paragraphs."	D	Layout design	"【Answer】The ""Column"" feature in WPS Writer can be applied to the entire document or just to selected paragraphs. When applying it to selected paragraphs, you need to first select those paragraphs, then choose the ""Column"" command in the ""Page Layout"" tab under the ""Column"" group, and set the appropriate parameters such as ""number of columns,"" ""column width,"" and ""column spacing."" Therefore, the answer is: D.
【Analysis】This question tests the column function. The ""Page Layout"" feature in WPS Writer allows for the page layout of the document, where the ""Column"" function can divide the page into multiple columns, suitable for newspaper and magazine layouts. When setting ""Columns,"" you can adjust each column's ""width"" and ""spacing"" according to actual needs and also choose different ""separator styles"" and ""separator colors"" to achieve different layout effects."	2023	middle	medium
9683	"After entering Word and opening an existing document w1.doc, a ""New"" operation is performed. The correct statement is (    )"	single_answer_choice	"The ""New"" operation failed, and the w1.doc document remains open."	"The ""New"" operation failed, and the w1.doc document is also closed."	Both the w1.doc and the new document are open.	The new document is opened, but w1.doc is closed.	C	Opening and Saving Files	"【Solution】 After entering Word and opening an existing document w1.doc, performing the ""New"" operation will keep both the document w1.doc and the newly created document in the open state. Hence, the answer is C.\\
【Analysis】 This question tests the creation of a new Word document. Once a Word document has been opened, no matter how many new ones are created, they will all remain open."	others	middle	medium
2637	"The ""Audio-Visual Online"" section on the CCTV website offers video on demand for many significant historical events. What technology is used (     )."	single_answer_choice	Streaming media technology	Hypermedia technology	Virtual reality technology	Peer-to-peer technology	A	The application of multimedia technology	"[Answer] The ""Audio-Visual Online"" section of the CCTV website offers video on demand for significant historical events, utilizing streaming media technology. Therefore, the answer is: A.

[Analysis] This question examines the application of multimedia technology. Streaming media refers to media formats that are continuously and in real-time played over the internet using streaming transmission technology, such as audio and video files. Initially, these media are captured on camera, then encoded to reorganize the data structure, reducing data redundancy, dividing the files into compressed packages to form a data stream, and finally converting them to streaming media format."	others	middle	medium
4790	The current webpage contains the information you need; to quickly and accurately find it, the appropriate action is:  	single_answer_choice	Use the website's internal search  	Use the Baidu search engine  	"Use the browser's ""Find"" command  "	Enter keywords in the browser's address bar for search	C	Browser###Retrieval of online resources	"[Solution] To find the needed information on a web page, you can use the browser's ""Find"" command. Options A, B, and D involve searching for information in online resources and cannot obtain the required information from the current web page. Therefore, the answer is C.  
[Analysis] This question tests how to find information on a web page. The related content found using the ""Find"" command on the page will be highlighted."	2023	middle	medium
2395	When creating a presentation, the clever use of color needs to follow certain principles. The option unrelated to color matching is: (     )	single_answer_choice	Choose the main color based on content	Use auxiliary colors that are the same or adjacent to the main color	Use the complementary color of the background for text	Use the golden ratio to make the layout more harmonious	D	Use of slides	"【Answer】 The golden ratio is a commonly used technique for proportions and layout. It can optimize the structure of a layout, making the content more balanced and eye-catching. While this helps enhance the visual effect of the presentation, it does not directly involve color matching. Therefore, the answer is: D.  
【Analysis】 This question tests the color matching of slides. The primary color tone forms the basis of the overall color style of the presentation, which should align with the theme or content to create the appropriate atmosphere or emotion; supporting colors are used to complement and strengthen the primary color tone. Choosing analogous or adjacent colors to the primary hue can enhance overall harmony and visual effect; the pairing of text color with background color is crucial for readability and visual impact. Using complementary colors can ensure that text is clearly visible on the background, improving the audience's reading experience."	2024	middle	medium
9810	The correct statements about Windows windows and dialog boxes are ( ).	single_answer_choice	Windows windows can be moved and resized;	Windows windows can be moved, but not resized;	Windows dialog boxes can be moved and resized;	Windows dialog boxes cannot be moved or resized.	A	Computer Desktop and Resource Icons	"【Answer】 Windows windows and dialog boxes can be moved, and their size can also be changed. Therefore, the answer is A.  
【Analysis】 This question examines Windows windows and dialog boxes. Dialog boxes inherit from windows. Dialog boxes encapsulate windows better. Windows have a menu bar, while dialog boxes do not. Dialog boxes generally have command buttons like ""OK"" and ""Cancel."" Both windows and dialog boxes have a title bar, can be moved, have a close button, and can be resized."	2022	middle	medium
6644	"Xiaoming used the ""Video Production"" tool to edit a film by adding three video clips together. He wants to set some transition effects between the videos. He should:"	single_answer_choice	"Click the ""Animations"" tab and select the appropriate effect in the ""Pan and Zoom"" group."	"Click the ""Visual Effects"" tab and select the appropriate effect in the ""Effects"" group."	"Click the ""Home"" tab and select the appropriate effect in the ""Add"" group."	"Click the ""Animations"" tab and select the appropriate effect in the ""Transition Effects"" group."	D	Processing of video files###Video playback and processing software	"[Answer] In video production software, click on the Animation tab and set the transition effect in the Transition Effects group. Therefore, the answer is D.

[Analysis] This question tests setting transition effects in video production. Video transition effects can be added either at the end of a video or in the middle. If added at the end, you simply place the effect at the end. First, determine where to add the video transition effect, then use the cutting tool on the toolbar to cut. For easier subsequent operations, use the move tool to drag the cut rear section back a little after cutting."	others	middle	medium
7781	In Flash8, to create a motion tween for a drawn shape, the graphic must be ( ).  	single_answer_choice	Converted to a bitmap  	Grouped  	Transformed  	Separated	B	Tween animation and its production	"【Answer】 If you want to create a motion tween for a drawn shape object, you need to group the object first, as shape graphics are in a dispersed state and cannot be used for motion tweening. Therefore, the answer is B.

【Analysis】 This question tests motion tweening. Motion tween animation in Flash involves placing an element on a keyframe on the timeline panel, and then changing properties like size, color, position, or transparency on another keyframe. Flash automatically creates the animation based on the values between these frames. Once a motion tween is created, the background color of the timeline panel turns light purple, with a long arrow between the start and end frames. Elements that make up a motion tween animation are symbols, including movie clips, graphic symbols, buttons, text, bitmaps, groups, etc., but not shapes. To create a motion tween with a shape, it must be grouped (Ctrl+G) or converted into a symbol first."	others	middle	medium
5661	In PowerPoint 2013, the correct description regarding inserting sound is (　　)	single_answer_choice	The sound inserted in the slide can only be played once	The sound icon cannot be hidden during a slide show	The sound inserted in the slide can be played in a loop	Only MP3 format audio files can be inserted	C	Insertion and Setup of Audio	"[Answer] The sound inserted in the slideshow can loop, the icon can be hidden, and the format can be avi, wav, mid, mp3, etc. Therefore, the answer is C. 
[Analysis] This question examines the insertion of sound files in PPT. Common audio file formats include: WMV, MID, MP3, WAV, RM."	2020	middle	medium
886	When creating animations, we often use symbols. The following statement about symbols in Flash is incorrect:     	single_answer_choice	When a symbol is modified, all instances applied to the stage update synchronously.     	Symbols are saved in the library and can be reused in animations.     	Using symbols is convenient, but reusing the same symbol increases the file size.     	Graphic symbols in symbols are suitable for the repeated use of static images.	C	The concept and classification of components###Editing and Application of Components	"[Answer] Option A: A component can produce many instances. When the component is modified, the instances it generates will change accordingly; Options B, C: Components can be reused, and reusing them does not increase the file size. Option D: A graphic component is a static image that can be reused or a repeatable animation connected to the main film timeline. Therefore, the answer is option C.

[Analysis] This question examines components. Components are graphics, buttons, animations, and sounds stored in Flash's library that can be reused. Dragging a component from the library onto the stage creates a component instance."	2021	middle	medium
5588	The incorrect statement about Visual Basic is (     )	single_answer_choice	Visual Basic is an event-driven visual programming tool.	Visual Basic applications do not have obvious start and end statements.	All controls in the Visual Basic toolbox have Width and Height properties.	Some properties of controls in Visual Basic can only be set at runtime.	C	Programming tools	"【Answer】 The Line control in the Visual Basic toolbox does not have width (Width) or height (Height) properties. Therefore, the answer is C. 

【Analysis】 This question tests the programming tool Visual Basic. Visual Basic (VB) is a general-purpose object-based programming language developed by Microsoft. It is a structured, modular, and object-oriented visual programming language with event-driven mechanisms and a supportive development environment. In Visual Basic, the characteristics of an object can be defined and measured through properties, methods, and events."	others	middle	medium
6660	The value of S in the following expressions that cannot be solved using an algorithm is (   )	single_answer_choice	S=1+2+3+4	S=12+22+32+\ldots+1002	S= \(\frac{1}{2*2 - 1} + \frac{1}{2*3 - 1} + \ldots + \frac{1}{2*50 - 1}\)	S=1+2+3+\ldots	D	Concept and Representation of Algorithms	"【Answer】 An algorithm must have five properties: finiteness, definiteness, input items, output items, and feasibility. Option D has an infinite number of terms being added. Therefore, the answer is: D.  
【Analysis】 This question examines problem-solving with algorithms. An algorithm should have the following five important characteristics:  
Finiteness; the finiteness of an algorithm means it must terminate after executing a finite number of steps;  
Definiteness; every step of the algorithm must have a precise definition;  
Input items; an algorithm has zero or more inputs to describe the initial state of the computation objects, with zero input meaning the initial conditions are set by the algorithm itself;  
Output items; an algorithm has one or more outputs to reflect the results after processing the input data. An algorithm without any output is meaningless;  
Feasibility; any computational step executed in the algorithm can be broken down into fundamental executable operations, meaning each step can be completed in finite"	others	middle	medium
24	The correct statement about algorithms is (C):	single_answer_choice	The execution efficiency of an algorithm is not related to the data storage structure.	The space complexity of an algorithm refers to the number of instructions (or statements) in the algorithm program.	The finiteness of an algorithm means that the algorithm must terminate after executing a finite number of steps.	The time efficiency of an algorithm refers to the time required to execute the algorithm; the shorter the time, the lower the efficiency.	C	Concept and Representation of Algorithms###Efficiency and complexity of algorithms	[Answer] A: The execution efficiency of an algorithm is related to the data storage structure. A linked storage structure is advantageous for inserting and deleting data, incorrect; B: The space complexity of an algorithm refers to the memory space it requires, incorrect; D: In an algorithm's time efficiency, the shorter the time, the higher the efficiency, incorrect. Therefore, the answer is C. [Analysis] This question examines the concept of algorithms. Algorithms have five important characteristics: (1) Finiteness: The finiteness of an algorithm means that it must terminate after executing a finite number of steps; (2) Definiteness: Each step of an algorithm must be clearly defined; (3) Input: An algorithm has 0 or more inputs to characterize the initial state of computational objects. Zero input means that the algorithm itself sets the initial conditions; (4) Output: An algorithm has one or more outputs to reflect the results of processing the input data. Algorithms without output are meaningless	others	middle	medium
9379	Regarding functions in Python, the following description is incorrect (   ).	single_answer_choice	Functions can perform specific functions; usage of a function does not require understanding its internal implementation, only the input and output method.	The main purpose of using functions is to reduce programming complexity and enable code reuse.	Python uses the 'del' keyword to define a function.	A function is a group of statements with specific functionality.	C	Common Basic Functions###Customized Statements and Functions	"【Answer】 Python uses the keyword `def` to define a function, not `del`. Therefore, the correct answer is C.  
【Analysis】 This question examines functions in Python. Functions can enhance the modularity of applications and the reusability of code."	others	middle	medium
2383	With the change in people's consumption habits, online shopping has become a popular way of consumption. Which of the following statements is correct?	single_answer_choice	We can directly open and purchase from shopping links sent by WeChat friends	We can directly open and purchase from shopping links sent by WeChat friends.	Using public Wi-Fi for online payment saves data and is safe.	Shopping websites that automatically pop up while browsing are all secure.	D	Information system security risk	"[Answer] A: Be cautious of shopping links sent by WeChat friends, as they may be phishing sites attempting to steal personal information; Option A is incorrect.  
B: Using public Wi-Fi for online payments may result in personal information being stolen by criminals; Option B is incorrect.  
C: Shopping websites that automatically pop up while browsing may contain trojans and other risk factors affecting computer security; Option C is incorrect.  
Therefore, the answer is D.  
[Analysis] This question examines online shopping. Do not open unfamiliar links sent through chat tools, do not open unfamiliar emails or attachments, and update antivirus software promptly. If you need to enter an account and password, make sure to verify the website's accuracy before proceeding with the transaction."	2023	middle	medium
9212	In Photoshop, regarding the feathering of images, the following statement is incorrect (    ).	single_answer_choice	A feather radius must be set and the selection area to be feathered must be chosen before feathering	The purpose of feathering is to make the edges of the selected object transition naturally with the background	"To see the effect of feathering, you must perform ""crop"" or ""copy/paste"" operations on the selection"	Feathering means making the entire image blurry	D	Metamorphosis	"[Answer] Feathering blurs the boundaries inside and outside of a selection, creating a gradient effect to achieve a natural transition. To see the effects of feathering, you must perform a ""cut"" or ""copy/paste"" operation on the selection. Therefore, the answer is D.

[Analysis] This question examines feathering in Photoshop."	others	middle	medium
4324	The incorrect description about algorithms is ( ).	single_answer_choice	The same problem can have different algorithms.	To solve a problem using a computer, you first need to design an algorithm.	An algorithm is a method and procedure for solving a problem.	A flowchart is one of the most common ways to represent an algorithm.	B	Concept and Representation of Algorithms###The process of computer problem-solving	[Answer] The basic process of solving problems using computer programs consists of five steps: analyzing the problem, designing the algorithm, writing the program, debugging and running, and verifying results. Therefore, the answer is B. [Analysis] This question tests algorithms. An algorithm is the precise and complete description of a problem-solving scheme; it is a series of clear instructions to solve a problem, representing a systematic method to describe strategies and mechanisms for problem-solving. The same problem can have many different algorithms.	2022	middle	medium
3587	Which type of information is suitable for posting in the community WeChat group? ( )	single_answer_choice	Video of a middle school student in the community scratching someone else's car	High temperature warning information broadcast by CCTV on the day	Incident of water pollution heard on a bus	Phone numbers of classmates' parents collected in the class group	B	Information screening and evaluation	"Option A involves issues of invading others' privacy and property safety, and is not suitable for posting in a WeChat group. Option B is a practically meaningful weather warning with a certain level of practicality and social benefit, making it suitable for posting in a WeChat group. Option C is unverified information that may contain misleading and false information, and is not suitable for posting in a WeChat group. Option D involves personal privacy and does not comply with the posting rules of WeChat groups. Therefore, the answer is: B.

Analysis: This question examines the discernment of information. When posting information, attention should be paid to the authenticity, objectivity, and legality of information on social media to avoid spreading misleading and false information."	2022	middle	medium
7939	A complete computer system consists of what components? ( )	single_answer_choice	Hardware system and software system	Software system and programs	Input and output devices	Host and external devices	A	Composition of Computer Systems	"【Answer】 A computer system consists of hardware and software systems. Therefore, the answer is A.  
【Analysis】 This question examines the computer system."	2020	middle	medium
1496	Which of the following statements does not describe a feature of Flash animation (　　)?	single_answer_choice	Flash can create exquisite 3D animations	Flash creates scalable vector animations	Flash animation files are relatively small in size	Flash-generated animations are particularly suitable for online playback	A	The concept of animation and the development of animation technology	"[Answer] Option A: Flash is a two-dimensional animation creation software; Option B: Flash graphics and animations are vector-based; Option C: Flash graphics and animations are vector-based and much smaller in size than bitmaps. The sound is based on MP3 compression, which is also highly compressed, resulting in relatively small animation file sizes; Option D: Flash animation playback supports streaming technology, allowing real-time transmission and feedback over the internet. Therefore, the answer is A.

[Analysis] This question mainly examines some features of Flash software. Flash is an excellent vector animation software, with relatively small animation file sizes. It is a two-dimensional animation creation software and a useful tool for multimedia creation, especially for web courseware involving animations."	others	middle	medium
3735	With the development of artificial intelligence, both the naturalness and quality of synthetic speech have significantly improved, and speech synthesis technology has been widely used in daily life. Among the voice content in the following life scenarios, the one that does not belong to speech synthesis technology is (     ):	single_answer_choice	"""We will further report on the subsequent situation. The recent outbreaks across regions indicate that there is a risk of external imports, and internal prevention measures must always be maintained..."" (News release"	"""Number 10B5, please proceed to counter 5 for service..."" (Bank queue system)"	"""We will further report on the subsequent situation. The recent outbreaks across regions indicate that there is a risk of external imports, and internal prevention measures must always be maintained..."" (News release)"	"""Prepare to depart, the total distance is 11 kilometers, approximately 20 minutes, turn right ahead..."" (In-car navigation)"	B	Speech synthesis	"Option ACD: Belong to speech synthesis technology; Option B: News release is broadcasted by the host or reporter. Therefore, the answer is: B.
Analysis: This question tests speech synthesis. Speech synthesis is a technology that generates artificial speech through mechanical and electronic methods.
(2023 Chun'an Simulation) The image shows a table created by student Xiao Wang after studying data analysis, using online data in Excel to count the number of visitors from the top 10 provinces to the Qiandao Lake scenic area. Please answer the question according to the image:
<image>"	2021	middle	medium
397	The following description about iterators is incorrect (  ):	single_answer_choice	Iterators can remember the position of access	Iterator objects start accessing from the first element of the collection	Iterators can access elements both forwards and backwards	The next() function can be used to access the next data	C	Recursive Algorithms and Their Programming Design	"[Answer] An iterator is an object that remembers the traversal position, iterating from the first element to the last. An iterator can only move forward, not backward. Therefore, the answer is: C. 

[Analysis] This question mainly examines the structural design of algorithms. An iterator, sometimes called a cursor, is a software design pattern in programming providing an interface to traverse container objects (like lists or arrays) without worrying about the implementation details of memory allocation for the container. When we use the next() function on an iterator, it returns the data from the position it remembers to the next position. In fact, when using the next( ) function, it calls the \_\_next\_\_ method of the iterator object, allowing us to access data using the next( ) function."	others	middle	medium
6043	The correct statement is (    ).	single_answer_choice	Information on the internet is all safe and reliable, no need for verification	Computer network technology is a double-edged sword, with no risks	In computer networks, we can freely download, forward, and use information	We should enhance our awareness of prevention when using computer networks to avoid unnecessary losses	D	Impact of Information Technology###Network Security Protection Methods and Common Tools###Internet Ethics and Norms	"Answer: Option A: Not all online information is safe and reliable, it needs to be discerned; Option B: Computer network technology also poses risks; Option C: Information cannot be freely forwarded in computer networks, especially false information. Therefore, the answer is: D.  
Analysis: This question tests network security. Online information can be true or false. Even if multiple websites provide the same information, it may still be false."	2023	middle	medium
434	The following statement about frame-by-frame animation is incorrect (   ):	single_answer_choice	Frame-by-frame animation is created by placing a series of graphics or text in a series of keyframes.	The production of frame-by-frame animation is relatively simple and time-saving.	The biggest feature of frame-by-frame animation is that every frame is a keyframe.	Frame-by-frame animation provides the most powerful and effective control over graphic objects in the animation.	B	Frame-by-frame animation and its production	"[Answer] Frame-by-frame animation defines each frame as a keyframe, creating different images for each frame. This allows for more detailed control over graphic objects, making frame-by-frame animation more complex to produce. Therefore, the answer is B.

[Analysis] This question examines the concept and characteristics of frame-by-frame animation. Animation formed by drawing or editing different states of the same object (or different objects) in continuous keyframes is called frame-by-frame animation. When creating frame-by-frame animation, each frame in the animation needs to be defined as a keyframe, and different images are created for each frame."	others	middle	medium
490	"In Word, if you enter ""2-5, 10, 12"" in the print page range dialog box, it will print: (　　)  "	single_answer_choice	Page 2, Page 5, Page 10, Page 12  	Pages 2 to 5, Pages 10 to 12  	Pages 2 to 12  	Pages 2 to 5, Page 10, Page 12	D	Others	"[Answer] ""2-5"" indicates from page 2 to page 5, ""10"" represents page 10, and ""12"" represents page 12. Therefore, ""2-5, 10, 12"" means printing content from page 2 to page 5, page 10, and page 12. Hence, the answer is D. [Analysis] This question tests file printing settings. In printing settings, "","" indicates a single page; for example, entering ""page 2, page 5"" means printing page 2 and page 5. ""-"" indicates a range; for example, entering ""page 2-5"" means printing from page 2 to page 5."	2022	middle	medium
7992	The question best suited for solving with a computer program is (   ).	single_answer_choice	Making a student grade report 	Making a microfilm 	Finding all prime numbers within 1000 	Calculating the area of a circle with a known radius	C	Program and instruction	"Answer: Creating a student grade report can be done using Excel; making a microfilm can use video editing software like Corel VideoStudio; finding all prime numbers within 1000 is best solved with a computer program; calculating the area of a circle with a known radius can be directly solved using a mathematical formula. Thus, the answer is C. 

Analysis: This question tests the application of programming to solve problems. Solving problems with a computer entails letting the computer execute instructions according to a program."	2018	middle	medium
907	The incorrect statement is: ( )	single_answer_choice	A series of commands that control the operation of a computer is called a computer program.	All information entering the computer must be converted into binary code.	The reason computers use binary numbers is because binary numbers are easy to represent and have simple operational rules.	Computers can directly recognize programs written in high-level languages.	D	Computer Language and Its Development History###Program and instruction###Information storage in computers	"【Answer】 Machine language is a programming language or instruction code that machines can directly recognize without translation. Each operation code has a corresponding circuit inside the computer to execute it, or it refers to a programming language or instruction code that the machine can directly understand and accept without translation. Therefore, the answer is option D.

【Analysis】 This question examines the concept of programs, the storage of information in computers, and computer languages. Assembly language is any low-level language used for electronic computers, microprocessors, microcontrollers, or other programmable devices and is also known as symbolic language. High-level language is a language independent of machines, oriented towards procedures or objects."	2020	middle	medium
1563	Regarding the Internet of Things, the following description is incorrect (     ).	single_answer_choice	IoT is the abbreviation for the Internet of Things.	The Internet of Things generally consists of a perception layer, network layer, platform layer, and application layer.	The Internet of Things is characterized by comprehensive perception, reliable transmission, and intelligent processing.	In the Internet of Things, temperature sensors correspond to human tactile organs.	D	Concept and Characteristics of the Internet of Things###Architecture of the Internet of Things	"[Answer] Option A: ""Internet of Things"" is abbreviated as IoT, correct; Option B: The Internet of Things consists of the perception layer, network layer, platform layer, and application layer, correct; Option C: The Internet of Things is characterized by comprehensive perception, reliable transmission, and intelligent processing, correct; Option D: Temperature-sensitive sensors correspond to human tactile organs, incorrect. Therefore, the answer is option D.  
[Analysis] This question examines the characteristics and architecture of the Internet of Things. The Internet of Things, as an integration of communication, information, sensing, and automation technologies, features comprehensive perception, reliable transmission, and intelligent processing."	2023	middle	medium
8977	A student encountered an issue of being unable to connect to the shared printer on the local network while using a computer to print teacher handouts. After careful examination, it was found that the computer controlling the shared printer had been used by someone, and the operation records are as follows. Which operation is most likely to have caused the issue? (      )	single_answer_choice	12:00 PM, Word was launched and a document was modifie	9:00 AM, computer started, desktop background pattern modified	10:00 AM, to enhance computer security performance, the computer's sharing settings were canceled	12:00 PM, Word was launched and a document was modified	B	Network resource sharing	"[Answer] A, C, and D do not involve local area network operations, while computer sharing in B will share files within the local area network. Therefore, the answer is B.  
[Analysis] This question tests the sharing of network resources in a local area network (LAN). In LAN sharing, all files within the LAN can be shared and transferred mutually. Moreover, the transfer speed is above 1MB/s."	others	middle	medium
1505	After Xiaozhi completed learning Word, PowerPoint, and Excel, he made the following summary. The incorrect statement is (     ).	single_answer_choice	Word is the most suitable for processing data among the three software.	Some functions are similar, such as font embellishments.	All belong to the Office family.	Charts generated in a spreadsheet can be used in Word and PowerPoint.	A	Presentation software###System software, application software, and features	"【Answer】 Word is a word processing software, not suitable for handling data; the software for handling data is Excel. Word, PowerPoint, and Excel all belong to the Office family. Thus, the answer is A. \\
【Analysis】 This question tests Office software."	others	middle	medium
4204	In Flash, to create a mask layer, the correct operations are:  	single_answer_choice	"Click the ""New Masked Layer"" button on the timeline panel  "	Drag the layer you wish to mask under the mask layer and associate them  	"Right-click on the name of the desired ""mask layer"" and select ""Mask"" from the shortcut menu that pops up  "	Drag the layer you wish to mask directly over the mask layer, then double-click the layer in the timeline panel	C	Mask Animation and Its Creation	"To create a mask layer, right-click on the name of the desired ""mask layer"" and select ""mask layer"" from the shortcut menu that pops up. Therefore, the answer is: C.

Analysis: This question examines mask layers. A mask layer can cover the images in the graphics linked to it. Users can combine multiple layers under one mask layer to create various effects."	2023	middle	medium
1955	Given a stack with an entry order of elements A, B, C, D, E, which of the following is an impossible exit sequence?	single_answer_choice	A, B, C, D, 	A, B, C, D, E  	B, C, D, E, A  	E, A, B, C, D  	C	Common Data Structures	"[Answer] Based on the ""last-in-first-out"" characteristic of the stack, we can analyze:  
Option A: The stack order is A in A out, B in B out, C in C out, D in D out, E in E out, so it is ABCDE, possible;  
Option B: The stack order is ABC, out BC, D in D out, E in E out, A in A out, so it is BCDEA, possible;  
Option D: The stack order is ABCDE, stack sequence out is EDCBA, possible.  
Therefore, the answer is: C.  

[Analysis] This question examines the application of the stack. A stack is a linear storage structure that can only access data from one end and adheres to the ""last-in-first-out"" principle."	2021	middle	hard
7842	Among the following common electronic modules, which one is not an output module?  	single_answer_choice	Touchscreen  	Servo  	Buzzer  	LED light	A	Open source hardware	"[Answer] Option A: Although a touchscreen can detect touch input, it does not produce output signals itself, so it does not belong to the output module; Option B: A servo can control the position and angle of a mechanical device; Option C: A buzzer can produce sound; Option D: An LED light can emit light. Therefore, the answer is: A. 

[Analysis] This question examines open-source hardware. An output module refers to an electronic module that can send signals to or produce output in the external environment. 

On October 16, 2021, Beijing Time, the Long March-2F Yao-13 rocket successfully launched the Shenzhou-13 manned spacecraft from the Jiuquan Satellite Launch Center, sending 3 astronauts into space. The school’s “Aerospace” club created a “China Dream, Space Dream” poster for recruitment promotion.

Based on the above content, complete the following questions."	2023	middle	medium
1887	Email has brought a convenient and fast method of communication to humans, but with it comes the issue of spam. When preventing spam, the approach that should not be taken is (       ).	single_answer_choice	Develop the habit of checking emails online at a set time every day under permissive conditions and deleting spam	Delete spam and report it to the email service provider	Register many email accounts and not worry about spam	Set up spam filtering and auto-blocking features for the email account	C	Big Data Security Issues###Methods and Principles of Information Exchange	"[Answer] C: Spam emails are the result of illegal information distributors using multiple devices to send large volumes of emails simultaneously to attack mail servers. Registering multiple email accounts does not actually affect the sending of spam and instead leads to a waste of network resources. Therefore, the answer is C.
[Analysis] This question tests methods of handling spam emails."	others	middle	medium
3196	The array a consists of 6 elements: 49, 45, 61, 46, 58, 57. If the selection sort algorithm is used to sort from largest to smallest, how many comparisons of the elements are needed, and how many passes are required to complete the sorting?  	single_answer_choice	15 comparisons, 4 passes  	15 comparisons, 5 passes  	30 comparisons, 4 passes  	30 comparisons, 5 passes	B	Sorting Algorithms and Their Program Design	"[Solution] The formula for the number of comparisons in selection sort is (n(n-1))/2 = 15 times. Based on the problem, to sort from largest to smallest, each time the largest in the sequence is placed on the left. The formula for the number of comparisons in selection sort is n(n-1)/2 = 6*5/2 = 15 times.

First sorting result: 61, 45, 49, 46, 58, 57;  
Second sorting result: 61, 58, 49, 46, 45, 57;  
Third sorting result: 61, 58, 57, 46, 45, 49;  
Fourth sorting result: 61, 58, 57, 49, 45, 46;  
Fifth sorting result: 61, 58, 57, 49, 46, 45.  
And so on,"	others	middle	medium
1947	Control forms can be divided into automatic control and manual control. The following is not an application of automatic control (     ).	single_answer_choice	Voice-activated light	Voice-activated lights  	Infrared sensor doors  	Scanning QR codes  	C	Application of Control	"Answer: A: Voice-controlled lights are an automatic control application that controls the switch of lights by recognizing voice commands.  
B: Infrared sensor doors use infrared sensors to detect body heat radiation at the doorway, achieving automatic door opening and closing, which is an automatic control application.  
C: Scanning a QR code is a manual operation, requiring the user to scan the QR code with a scanning device to obtain related information. It is not automatic control.  
D: Train station face recognition turnstiles use face recognition technology to authenticate the identity of boarding passengers, which is an automatic control application.  
Therefore, the answer is: C.  
Analysis: This question examines the application of automatic control. Automatic control refers to the control of systems or devices automatically through set rules, programs, or sensors, while manual control requires human intervention. Automatic control is widely used in modern society across various fields, including home automation, industrial production, traffic management, etc. Expanded knowledge can involve the principles of"	2021	middle	medium
5999	Regarding the MQTT protocol, the incorrect statement is:	single_answer_choice	An MQTT system consists of a server and clients.	"The server is usually called a ""Broker."""	The control end and the controlled end communicate directly.	Clients can publish or subscribe to information.	C	Network Protocol	"[Answer] Options A, B, D: Correct; Option C: Communication between the controller and the controlled side in MQTT requires a server for forwarding and processing, and there is no direct connection. Therefore, the answer is: C.  
[Analysis] This question examines network protocols. MQTT is a lightweight, flexible, open, and easy-to-implement message subscription/publishing protocol suitable for communication and large data transfer between IoT devices. An MQTT system comprises a server and clients, with the server often called a ""broker."" Clients can publish or subscribe to information, but there is no direct connection between the controller and the controlled side; their communication must pass through the server for forwarding and processing."	2023	middle	medium
7215	The incorrect statement regarding image processing is (    )	single_answer_choice	The processed image can be stored in JPEG format.	The cropping function can be used to remove excess parts of the image.	The rotation function can be used to correct tilted images.	The contrast enhancement function can be used to increase image brightness.	D	Basic Processing of Image Materials###Image Processing Concepts and Image Attributes	"[Answer] Option A: After image processing, an image can be stored in various formats like JPEG, PNG, BMP, etc., so option A does not match the question. Option B: The cropping function can be used in image processing to remove unnecessary parts of an image, so option B does not match the question. Option C: The rotation function can be used in image processing to correct tilted images, so option C does not match the question. Option D: The function that increases brightness enhances image brightness, not contrast; contrast and brightness are two different concepts, so option D matches the question. Therefore, the answer is option D.

[Analysis] This question tests the basic operations of image processing. Contrast refers to the ratio between black and white in an image, essentially the gradient from black to white. The larger the ratio, the more gradient levels from black to white, thus enhancing color richness. Brightness refers to the level of lightness in the image."	others	middle	medium
2345	PPT is an effective tool for expressing our ideas. To make PPTs more persuasive, which of the following methods is inappropriate?	single_answer_choice	Choose an appropriate and distinct template	Use large blocks of text as much as possible to help the audience understand and remember	Choose suitable and clear images	Ensure the layout of text, images, and other elements on the page is novel	B	Production of Multimedia Works###Evaluation of multimedia works	"[Answer] PPT is an effective tool for expressing our views. To make a PPT more persuasive, choose an appropriate and striking template, use suitable and clear images, and ensure a novel layout of text and images on the page. Option B: Using large blocks of text on the page may affect the audience's viewing experience, and the page doesn't need to contain too much content. Therefore, the answer is option B.

[Analysis] This question tests the considerations for creating a PPT presentation."	others	middle	medium
7896	Regarding the Internet, the incorrect statement is (     ).	single_answer_choice	The Internet is a global network	Internet users come from the same country	The Internet allows for resource sharing	There are network security issues with the Internet	B	The history of the Internet's development	"[Answer] Internet users can come from different countries. Therefore, the answer is B. 

[Analysis] This question examines the Internet. The Internet is a collection of global information resources. There is a rough saying that the INTERNET is a logical network formed by interconnecting many small networks (subnets), with several computers (hosts) connected in each subnet. The Internet is intended for exchanging information resources, based on some common protocols and formed through many routers and the public internet. It is a collection of information resources and resource sharing."	others	middle	medium
2645	"Regarding the incorrect statement about ""robots"" is (    )"	single_answer_choice	A robot (Robot) is an intelligent machine capable of working semi-autonomously or fully autonomously.	"The word ""robot"" means ""forced labor,"" originating from the Czech word ""robota."""	Robots have basic characteristics such as perception, decision-making, and execution, and can assist or even replace humans in completing dangerous, heavy, and complex tasks.	Current robots already possess human intelligence and emotions, and their appearance can be made exactly like real humans.	D	The Origin and Development of Robots	"[Answer] Current robot technology has not yet achieved full artificial intelligence and emotional simulation, nor has it produced robots identical in appearance to humans. Therefore, the answer is: D.  
[Analysis] This question examines the basic concepts and related knowledge of robots. A robot refers to an intelligent machine capable of working semi-autonomously or fully autonomously. The term ""robot"" originates from the Czech word ""robota,"" meaning ""forced labor."" Robots can have basic features such as perception, decision-making, and execution, assisting or even replacing humans in performing dangerous, heavy, and complex tasks."	2021	middle	medium
2968	Artificial intelligence is a strategic technology leading the future, profoundly changing the way humans produce and live. The following statement about artificial intelligence is incorrect (    ).  	single_answer_choice	Although the development of artificial intelligence technology will cause some people to lose their jobs, it will also create new employment opportunities.  	Artificial intelligence makes our lives more intelligent and convenient.  	The development and application of artificial intelligence must comply with laws and regulations to prevent the risk of it getting out of control.  	Once a technological breakthrough is achieved, artificial intelligence will fully replace human activities.	D	Definition of Human Intelligence and Artificial Intelligence	"Answer: Even with technological advancements, artificial intelligence will not completely replace human activities. Therefore, the answer is D.  
Analysis: This question examines artificial intelligence. Artificial Intelligence (AI) refers to human intelligence realized through machines. It is an interdisciplinary field involving computer science, mathematics, philosophy, brain and neuroscience, linguistics, logic, economics, psychology, and many other disciplines. The goal of artificial intelligence is to enable machines to perceive, think, and learn like humans, that is, to simulate human intelligence using computers."	2023	middle	medium
2989	FrontPage website development tool cannot accomplish (      )	single_answer_choice	Insert tables into the webpage to divide it	Insert images into the webpage	Insert videos into the webpage	Edit videos on the webpage	D	Create web pages with multimedia content###Form	Answer: The FrontPage website development tool can insert video material but cannot edit videos. Thus, the answer is D. Analysis: This question examines website development tools. FrontPage software, produced by Microsoft, is an entry-level web design software that combines design, code, and preview modes. It operates on a WYSIWYG (What You See Is What You Get) basis, making it easy and simple to use. If you can use Word, you can create web pages, making it relatively easier to pick up compared to software like Dreamweaver.	2022	middle	medium
3179	Xiao Ming wants to send a 32MB video to his teacher via email. The upload speed for the email attachment is 512KB/s. How long will it take to completely upload the video and send the email?  	single_answer_choice	16 seconds  	32 seconds  	60 seconds  	64 seconds	D	Bandwidth and network transmission rate###Methods and Principles of Information Exchange	"Answer: 1MB = 1024KB, 32 * 1024 = 32768KB. 32768 / 512 = 64 seconds. Therefore, the answer is: D.
Analysis: This question examines the conversion of computer storage units and transmission rates. The unit conversions for storage capacity are: 1TB = 1024GB, 1GB = 1024MB, 1MB = 1024KB, 1KB = 1024B."	others	middle	medium
3275	To make the robot car turn left, which instruction should be used? (     )	single_answer_choice	Left wheel forward, right wheel forward 	Left wheel stop, right wheel stop 	Left wheel stop, right wheel forward 	Left wheel forward, right wheel stop	C	Robot programming	"【Answer】 To make the robot car turn left, the left wheel needs to move backward while the right wheel moves forward, or the left wheel stops and the right wheel moves forward. Therefore, the answer is C. \\
【Analysis】 This question tests machine instructions."	others	middle	easy
6013	The correct description of digital technology is ( ).	single_answer_choice	Information can only be preserved long-term in paper media form	Digital signals are more susceptible to interference and distortion than analog signals	Computers process various information in a digitalized manner	Digital technology has completely replaced analog technology	C	Information Digitization	"【Answer】 A: Digital technology can store information electronically for a long time, not necessarily needing paper media. Thus, option A is incorrect; B: Compared to analog signals, digital signals can use techniques such as error-correcting codes to ensure data transmission accuracy and reduce distortion. Thus, option B is incorrect; C: As a typical application of digital technology, computers process various types of information in a digital manner. Thus, option C is correct; D: Although digital technology is widely used in many fields, it cannot completely replace analog technology. For example, in music and film industries, analog technology still has its applications. Thus, option D is incorrect. Therefore, the answer is: C.

【Analysis】 This question examines digital technology. Digital technology refers to the technology of converting various signals into digital signals for processing. Digital signals are easier to process, transmit, and store than analog signals, and they are less affected by noise and interference during processing. Therefore, digital technology is widely"	2022	middle	medium
5618	When creating image works with Photoshop, to make the main image stand out, the background image can be made semi-transparent by adjusting the ( ) of the background layer.  	single_answer_choice	Brightness  	Saturation  	Hue  	Opacity	D	Layers and Layers Palette###Layer style settings	"【Answer】 To make the background image semi-transparent, you can adjust the 'opacity' of the layer. Therefore, the answer is D.  
【Analysis】 This question examines layer style settings. The overall opacity of a layer determines the extent to which it obscures or reveals layers beneath it. A layer with 1% opacity appears almost transparent, whereas a layer with 100% opacity appears fully opaque. In addition to setting the overall opacity—which affects any layer styles and blending modes applied to the layer—you can also specify the fill opacity. Fill opacity only affects the opacity of pixels, shapes, or text within the layer, not the opacity of layer effects like drop shadows."	others	middle	medium
3585	Use Flash software to create an animation of clouds moving from top to bottom. Which statement about this animation is incorrect?	single_answer_choice	Tween animation can be used	Clouds must be a symbol	Clouds can be a bitmap	The size and transparency of the clouds can also be animated	C	Types and Creation of Animation	"To achieve the animation of clouds moving from top to bottom, you can use tween animation, and the object must be a ""symbol"" or ""group object."" The effects of animation include changes in object position, color, shape, size, transparency, etc. Therefore, the answer is C.

Analysis: This question examines the implementation of Flash animation. Tween animation is essentially a gradient animation between two keyframes. You need to construct the animation content of the start frame and the end frame, and the Flash software will automatically establish the animation content between the two keyframes."	2024	middle	medium
5593	Which of the following belongs to RFID applications (     ).	single_answer_choice	Mobile phone QR code payment	ATM automatic deposit/withdrawal machine	ETC non-stop toll collection system	Mobile app remote control of TV	C	Radio Frequency Identification	"Answer: The ETC non-stop toll collection system belongs to RFID application. Therefore, the answer is C.

Analysis: This question examines RFID application. RFID (active, passive) Radio Frequency Identification is a communication technology also known as electronic tagging or wireless radio frequency identification. It is an automatic identification technology that can identify specific targets and read/write relevant data through radio signals. Common technologies include low frequency, high frequency, ultra-high frequency, and passive. RFID technology has a wide range of applications, such as in libraries, access control systems, and food safety traceability."	2022	middle	medium
7205	The following statement about big data is incorrect (     )	single_answer_choice	"The ""4V"" characteristics of big data refer to large volume, high velocity, variety, and low value density"	Batch processing, stream computing, and graph computing are common types of big data processing	Through the analysis of big data technology, deeper content and information within the data can be mined and extracted	The era of big data requires us to enable all permissions when using software	D	The Concept and Characteristics of Big Data###Application of Big Data###Big Data Security Prevention	"[Answer] In the era of big data, when using software, it is important to discern the permissions involved to prevent the leakage of personal privacy. Therefore, the answer is option D. 

[Analysis] This question examines the concept of big data. ""Big data"" requires new processing models to enhance decision-making, insight, discovery capabilities, and process optimization in order to manage large-scale, high-growth, and diverse information assets. Data that aligns with the concept of big data typically exhibits four characteristics: large data volume, fast processing speed, diverse data types, and low-value density."	2022	middle	medium
9057	Which of the following is incorrect about interactive programming environments? (　　)  	single_answer_choice	Fast execution  	Code writing and execution in the same window  	Cannot save programs  	Can execute multiple commands	D	Programming environment	"Answer: Interactive programming involves interaction between the programmer and the system. During this process, the system cannot execute multiple instructions simultaneously; the processing follows a sequential structure. Therefore, the answer is D.

Analysis: This question examines the programming environment. Interactive processing refers to an information processing method involving interaction between the operator and the system. The operator inputs information and operation commands via terminal equipment (see input/output system), which the system immediately processes and displays the results through the terminal equipment. Based on the results, the operator can further input information and operation commands."	others	middle	medium
5501	Which of the following options involves information dissemination?  	single_answer_choice	Receiving emails  	Taking photos  	Posting a poster  	Entering text	C	Information release	"[Answer] Options A and B are for receiving and obtaining information. Option D involves text processing. Option C is for conveying information to the outside world. Therefore, the answer is C. 

[Analysis] This question tests the release of information. Information can be released through various methods and channels, including the internet, audio, video, oral communication, and text."	others	middle	medium
5574	The incorrect statement about information systems is (   ):	single_answer_choice	The main functions of an information system include input, storage, processing, control, and output.	Online ordering systems, electronic maps, camera devices, and chat software are all independent and complete information systems.	An information system is a human-computer interaction system composed of hardware, software, communication networks, data resources, and users.	There are many types of information systems with rich functions, and solving some problems may require multiple information systems to work together.	B	Concept of Systems and Information Systems###Types and Applications of Information Systems	"Answer: The basic functions of an information system are input, storage, processing, output, and control. Online ordering systems, electronic maps, camera equipment, and chat software require multiple information systems working together rather than functioning as independent, complete information systems. An information system consists of five key elements: hardware, software, data, communication networks, and users. Therefore, the correct answer is B.

Analysis: This question examines information systems. To achieve comprehensive management, rational allocation, and effective utilization of information resources, these elements of the information system combine to perform activities such as input, processing, output, and storage of information."	others	middle	medium
5628	The following statement about the advantages of information systems is incorrect ( ):	single_answer_choice	Information systems can provide a scientific basis for management and decision-making.	Information systems are based on the Internet and offer convenient and fast services anytime, anywhere, through the Internet of Things and mobile networks.	They can embed optimal workflows into the system to improve work efficiency.	With the development and application of artificial intelligence and big data, information systems will not have security risks.	D	Advantages and Limitations of Information Systems	"[Answer] Security risks in information systems exist in: people, networks, software and hardware, data. With the development and application of artificial intelligence and big data, security risks in information systems will not disappear. Therefore, the answer is D. 

[Analysis] This question examines the advantages of information systems. Advantages of information systems: standardizing work processes, improving work efficiency; overcoming time and space limitations, providing services anytime and anywhere; supporting scientific decision-making through data analysis; convenient data storage, facilitating sharing and tracking."	others	middle	medium
6016	The following statement about CSS is incorrect (      ).	single_answer_choice	CSS in Chinese means Cascading Style Sheets	The purpose of CSS is to precisely define the style of each element on a page as well as the overall page style	CSS can not only control most traditional text format attributes but can also define some special HTML attributes	CSS styles can only be visually created, and cannot be edited in source code form	D	CSS stylesheet	"【Answer】 CSS styles can be designed using programming software in web design. Therefore, the answer is D.  
【Analysis】 This question examines CSS stylesheets. Cascading Style Sheets (CSS) is a computer language used to style HTML (an application of Standard Generalized Markup Language) or XML (a subset of Standard Generalized Markup Language) documents. CSS can not only statically style web pages but can also dynamically format various web elements in conjunction with different scripting languages."	others	middle	medium
7856	When planning the directory structure of a website, attention should be given to the following issues: 	single_answer_choice	Try to use Chinese names to name directories 	Only one images directory is needed for the entire website 	Do not make the directory hierarchy too deep 	Use long names to name directories	C	Creation and Design of Homepages and Subpages	[Answer] For small websites, all pages exist in a flat structure under the website's root directory. This single directory flat structure is ideal for search engines because it can be traversed in just one visit. Therefore, the answer is C. [Analysis] This question tests the setting of directory hierarchy.	others	middle	medium
8426	Which of the following is not a characteristic of future intelligent robot development?  	single_answer_choice	Integration  	Virtualization  	Miniaturization  	Modularization	A	Types and Applications of Robots	"[Answer] The characteristics of future intelligent robot development include intelligence, virtualization, miniaturization, and modularization. Therefore, the answer is A.  
[Analysis] This question examines the characteristics of future robot development."	others	middle	easy
