index	question	category	answer	knowledge	analysis	year	grade_level	difficulty_level
4380	In web development, edited templates cannot be updated to affect documents created with those templates.	true_false	False	Web page layout design	"Answer: In web development, if a template is modified, files created using that template will not change accordingly. Therefore, the answer is: False.  
Analysis: This question examines web templates. A web template is a pre-made web framework where one can input required content using web editing software and then publish it to their own website. It determines the basic document structure and settings, including character, paragraph, and page formats, as well as other styles."	others	middle	medium
2887	The main function of a firewall is to detect and remove computer viruses.	true_false	False	Network Security Protection Methods and Common Tools	[Answer] The main function of a firewall is to protect computers and networks from unauthorized access and attacks, including but not limited to computer viruses. Therefore, the primary role of a firewall is to prevent network attacks and intrusions, rather than to detect and eliminate computer viruses. Hence, the answer is: False. [Analysis] This question examines the function of firewalls. Firewalls can filter network packets, allowing or blocking specific network communications based on predefined security rules.	2021	middle	medium
8621	"A static webpage can be written in HTML language and can run directly in a browser. Its file extensions are "".html"" and "".htm""."	true_false	True	Web page, website, URL	"[Answer] A static web page is a standard HTML file with file extensions .htm or .html. Therefore, the answer is: Correct.
[Analysis] This question examines static web pages. Static web pages are the foundation of website construction; early websites were generally made from static web pages."	2019	middle	medium
8910	A search engine can be categorized into category search engines and full-text search engines based on their working methods.	true_false	True	Retrieval of online resources	"Answer: Search engines are software tools that facilitate users in searching for information. Based on working methods, search engines can be categorized into directory search engines and full-text search engines. Therefore, the answer is correct. 

Analysis: This question examines search engines. A search engine retrieves specific information from the internet and provides it to users based on their needs and certain algorithms, using specific strategies. Functionally and theoretically, search engines can be broadly divided into four categories: full-text search engines, meta search engines, vertical search engines, and directory search engines."	2023	middle	medium
9260	In a cloud computing environment, users can access computing resources on the network anytime and anywhere through devices such as tablets, laptops, and smartphones.	true_false	True	New Internet Technology	"[Answer] One of the characteristics of cloud computing is ubiquitous access, allowing users to access cloud computing services anytime and anywhere through various terminal devices (such as PCs, laptops, smartphones, etc.) via the internet. Therefore, the answer is: correct. \\
[Analysis] This question tests cloud computing. The five main characteristics of cloud computing are: elastic service, resource pooling, on-demand service, and measurable service."	2023	middle	medium
996	Obtaining weather temperature information through means such as television, telephone, and the internet is considered an indirect method of acquiring information.	true_false	True	Acquisition of information	"Answer: Information not obtained personally is called indirect information. Obtaining weather temperature information usually relies on some means, which is classified as indirect acquisition. Therefore, the answer is: correct.

Analysis: This question examines information acquisition. In human social activities and interactions with nature, information is often categorized into direct information and indirect information. Direct information directly connects with the source's state and does not require interpretation. Indirect information has a connection with the source's state, but the relationship is more complex, and interpreting it requires interpretation."	2020	middle	medium
4222	The question types designed in the main part of the questionnaire can only be multiple choice questions.	true_false	False	Data collection	[Answer] Generally speaking, there are three types of questions in a questionnaire: open-ended questions, single-choice questions, and multiple-choice questions, meaning questions are not limited to just choice questions. Therefore, the answer is: False. [Analysis] This question examines questionnaire design. The main components of questionnaire design are questions and answers. Questions can not only be choice-type but also fill-in-the-blank and other types.	others	middle	medium
8623	In circle(90,80), the 80 represents the arc length.	true_false	False	The concept and reference of modules	"【Answer】 In the circle(radius, extent) function, the parameter 'radius' takes a pixel value, and 'extent' takes an integer value representing the angle. The value 80 refers to the angle. Therefore, the answer is: incorrect.  
【Analysis】 This question tests common functions of the turtle module. In the turtle library, the circle() function is used to draw an arc. In the circle(radius, extent) function, the parameter 'radius' takes a pixel value, and 'extent' takes an integer value representing the angle. Both parameters can have positive or negative values."	others	middle	medium
7256	Network data transmission uses encryption technology, ensuring important data will not be leaked or tampered with.	true_false	False	Data communication	"【Answer】 Encryption technology does not guarantee that all important data will not be leaked or tampered with. Therefore, the answer is: False. \\
【Analysis】 This question examines data security. During data transmission, there is a risk of being hacked or having information stolen. Even if the data is not attacked during transmission, there are internal threats, such as employees leaking data or accidental operations during the transmission process."	2022	middle	medium
6102	Laptops usually come with a built-in card reader, allowing you to insert a compatible memory card directly and import photos to the computer.	true_false	True	Viewing, browsing, and obtaining image materials	[Answer] By using the built-in card reader of the laptop, you can directly read the contents of the memory card and import them into the computer for operation. Therefore, the answer is: Correct. [Analysis] This question tests the acquisition of image materials. A card reader is an interface device used to read and write multimedia cards as mobile storage devices on a computer.	others	middle	medium
2911	Multimedia presentations created with WPS can be shared via WeChat.	true_false	True	Preservation, Sharing, and Sending of Multimedia Works	"[Answer] Multimedia works created with WPS Presentation are usually presentations that can be shared with others via WeChat. Therefore, the answer is: True.  
[Analysis] This question examines the sharing of multimedia works. In different situations, you can also use other commands in the ""Save and Send"" dialog box to share works, such as ""Create PDF/XPS Document,"" ""Package Presentation for CD,"" etc."	2023	middle	medium
5666	Coding refers to using combinations of numbers and letters according to certain rules to represent various sets of data, making them processable and analyzable by computers.	true_false	True	Character encoding	"[Answer] Encoding, that is, using a combination of numbers and letters according to certain rules to represent data, facilitates computer analysis and processing. Therefore, the answer is: Correct.  
[Analysis] This question examines the concept of encoding. Encoding is the process of converting information from one form or format to another, also known as code in computer programming languages. It involves using predetermined methods to convert text, numbers, or other objects into digital form, or converting information and data into specified electronic pulse signals. Encoding is widely used in electronic computers, television, remote control, and communication. Encoding is the process of converting information from one form or format to another. Decoding is the reverse process of encoding."	2023	middle	medium
1573	"After inserting a text box in WPS Writer, Xiao Hei found that the text box covered the content behind it. At this point, he can set the text wrapping option of the text box to ""In Front of Text"" to solve this problem."	true_false	False	Application of text boxes	"Answer: The text box covers the content behind it, so the text wrapping style of the text box should be set to ""Square"" or ""In line with text,"" rather than ""In front of text."" This is because ""In front of text"" causes the text box to overlay the text, preventing it from displaying correctly. Therefore, the answer is: incorrect.

Analysis: This question examines the application of text boxes. In WPS Writer, text boxes can be used to create independent text frames that can be freely moved and resized. The content within a text box can include text, images, and other elements, and can be formatted. After inserting a text box, the ""text wrapping style"" can be used to control the relationship between the text box and the surrounding text, facilitating layout and editing."	2023	middle	medium
3645	When browsing webpages, the various types of information can only be saved to the local hard drive in webpage format (.htm).	true_false	False	Browsing, downloading, and saving online information	"[Answer] When browsing web pages, various types of information (images, videos, audio, etc.) can be stored on the local disk of the computer through download or save as options. Therefore, the answer is: Incorrect.  
[Analysis] This question examines the preservation of internet information. The methods of downloading online resources basically include HTTP(FTP) download and BT download:  
(1) HTTP(FTP) download: Downloading from an HTTP server or FTP server, where the more people downloading at the same time, the slower the download speed.  
(2) BT download: A file download method based on the P2P transfer protocol, where the more people downloading the same BT resource at the same time, the faster the download speed."	2020	middle	medium
8620	In PowerPoint 2013, you can set the slideshow to start playing from the current slide.	true_false	True	Creating and Playing a Presentation	[Answer] When setting up a slideshow, you can start the presentation from the current slide or from the beginning. Therefore, the answer is: correct. [Analysis] This question examines slideshow playback. A presentation can be played from the beginning by pressing F5 or started from the current slide.	2021	middle	medium
8934	"To enter serial numbers ""001, 002, 003..."" in Excel cells, you can first set the cell format to text to prevent the ""0"" from being lost."	true_false	True	Cell data format	"【Answer】 Setting a cell to text format means that the numerical values in the Excel cell are displayed purely as text and are not involved in numerical calculations. Therefore, the answer is: correct. \\
【Analysis】 This question examines cell data formats. Cell data formats include: general format, numerical format, currency and accounting formats, date format, time format, percentage format, fraction format, scientific notation format, text format, special format."	2022	middle	medium
7255	"A webpage is a plain text file containing HTML tags, which can be created using ""Notepad"" in Windows. Its file extension is generally .txt."	true_false	False	Web page, website, URL###Webpage files and formats	"【Answer】 A webpage is a text file containing HTML tags, typically with the extension .html or .htm. Therefore, the answer is: incorrect.  
【Analysis】 This question examines webpages. Although it's possible to write webpage files using ""Notepad"" in Windows, it is generally recommended to use specialized web editors or Integrated Development Environments (IDEs) for editing webpages. These tools offer more comprehensive and convenient features, significantly enhancing the efficiency and quality of webpage creation."	2023	middle	medium
2049	In a WPS presentation, the object linked by a hyperlink cannot be an image in a slide.	true_false	False	Insertion and Setting of Links	"[Answer] The object linked by a hyperlink can be a specific slide within the presentation, a new presentation, an email, etc., but an image cannot be the object of a hyperlink link, so the statement in the question is incorrect. Therefore, the answer is: incorrect.

[Analysis] This question examines hyperlinks. By default, PowerPoint presentations are ""sequential,"" but we can add hyperlinks to enable arbitrary jumps between slides, giving the presentation a ""tree"" or ""hypermedia"" structure. Links between slides are determined according to needs, setting the order of slide display, action jumps, etc. You can establish some action buttons, such as ""Previous,"" ""Next,"" ""Help,"" ""Play Sound,"" and ""Play Movie"" text buttons or graphic buttons. When clicked during the presentation, these buttons can jump to other slides, activate another program, play sounds, play movies, provide feedback for multiple-choice questions, open web resources, etc., to achieve interactive functionality."	2024	middle	medium
4221	"In PowerPoint 2013, new slides can be inserted in ""Normal"", ""Outline"", and ""Slide Sorter"" views. (　　)"	true_false	True	View mode	"[Answer] New slides cannot be created in reading view, but new slides can be inserted in other views. Therefore, the answer is: Correct.  
[Analysis] This question examines the slide view modes. The main types of views in PowerPoint are: Slide View, Outline View, Slide Sorter View, Normal View, and Slide Show View."	2023	middle	medium
2894	"In a VB event object, the function of KeyUp is ""to respond to the event when a keyboard key is released."""	true_false	True	Event and its handling process	"【Answer】 The function of KeyUp is ""to respond to the event when a keyboard key is released."" Therefore, the answer is: Correct.  
【Analysis】 This question examines VB events. Keydown (pressed), keyup (released)."	others	middle	medium
6600	Before creating video projects, we can store images, sounds, videos, and other materials in separate folders to facilitate material management.	true_false	True	Concept, Purpose, and Methods of Information Resource Management	"[Answer] When creating video works, it's common to use various materials such as images, audio, and video. To facilitate management, these can be stored in separate folders for easy access during the production process. Therefore, the answer is: Correct.

[Analysis] This question examines file management. In addition to storing materials in separate folders, you can also use media management software to manage the material library. Media management software helps users quickly organize, retrieve, and import materials, enhancing the efficiency and convenience of material management."	2022	middle	medium
4820	Xiao Jun created an electronic photo album, with part of the code being: on(release) {preFrame()};. The meaning of preFrame is the next frame.	true_false	False	The functionality and use of Flash scripts	"【Answer】 preFrame(　　) means the previous frame, nextFrame(　　) means the next frame. Therefore, the answer is: incorrect.  
【Analysis】 This question tests Flash code."	others	middle	medium
6598	On the China Railway Customer Service Center website, you can purchase tickets without registering a personal account.	true_false	False	The application of computer networks	"Answer: To purchase tickets on the China Railway Customer Service Center website, you must first register a personal account and then fill in passenger information before you can buy tickets. Therefore, the answer is: False.
Analysis: This question tests the application of online resources."	2020	middle	medium
8635	Flash can export animations as exe program files, allowing them to be played without a player.	true_false	True	Preservation and Release of Animated Works	"The answer is: An exe is an executable file that can be loaded into memory and executed by the operating system loader, and it is an executable program that can be positionally independent in the operating system's storage space. Flash can output animations as exe program files, allowing them to play animations directly. Thus, the answer is: Correct.

Analysis: This question examines the output format of Flash files. .fla is the source file of Flash, .exe is an executable file, and .swt is a template file."	others	middle	medium
5688	With the development of AI and advancements like facial recognition and smart butlers in hotels, human intelligence will eventually be entirely replaced by artificial intelligence.	true_false	False	Ethics and Challenges of Artificial Intelligence	"Answer: Although the application of AI technology in the hotel industry and other fields is increasing, it does not mean that human intelligence will be completely replaced by artificial intelligence. The development of AI technology aims to improve efficiency, provide better services, and handle some repetitive, tedious, or dangerous tasks, but it does not possess human wisdom and emotions. In the hotel industry, technologies like smart butlers and facial recognition can offer more convenient services, but human staff are still needed to handle special situations, provide personalized services, and interact with guests. Therefore, the answer is: False.
Analysis: This question examines the challenges of artificial intelligence. Although AI can perform well in certain fields, in many cases, humans and artificial intelligence complement each other rather than replace each other. The development of AI will continue to change our way of life and work, but human intelligence and creativity remain indispensable in many areas."	2022	middle	medium
8931	When setting the merge field format, you should select it together with the ``《 》'' symbols.	true_false	True	Review, merging, and cataloging of documents	"【Answer】 The <> displays the data domain name, and when setting the merge domain name, the <> should also be selected. This answer is correct.\
【Analysis】 This question tests the use of merged fields in Word mail. In Word, you can insert merge fields to reference the data source in the main document."	2019	middle	medium
6597	Uploading photos in a QQ album takes advantage of internet cloud storage features.	true_false	True	Internet services	"[Answer] QQ album uploads photos using the cloud storage function of the internet, storing images in the cloud as data streams. Therefore, the answer is: True.

[Analysis] This question examines cloud storage. Cloud storage is a model of online storage where data is stored on multiple virtual servers usually hosted by third parties, rather than on dedicated servers."	2022	middle	medium
7253	"In the ""My Computer"" window, to select multiple non-consecutive files, you need to hold down the Shift key while clicking the mouse. ( )"	true_false	False	Information processing methods	"[Answer] In the ""My Computer"" window, to select multiple non-contiguous files, you should actually hold down the ""Ctrl"" key while clicking the mouse. Therefore, the answer is: incorrect.  
[Analysis] This question examines the method of information processing. The Shift key is usually used to select contiguous files, meaning you click on the first file, then hold down the Shift key and click on the last file to select all files in between."	2024	middle	medium
8862	Hackers are individuals who exclusively gain unauthorized access to computer systems.	true_false	False	Computer viruses and malware###Hackers and Their Attack Methods	"[Answer] A computer virus is a set of computer instructions or program codes inserted by the creator into a computer program to damage computer functions or data, affecting computer usage and capable of self-replication. A hacker generally refers to a computer expert proficient in IT technology. Therefore, this statement is incorrect.  
[Analysis] This question examines the difference between computer viruses and hackers."	others	middle	easy
2905	In 3Done, clicking on the Case Repository allows you to view case libraries from local disks, community selections, and network cloud drives.	true_false	True	3D modeling software and interface	"[Answer] In the 3D One software, clicking on the case resource library allows users to view case libraries from the local disk, community selections, and network cloud storage, enabling direct access to various ready-made resources and models. This feature helps users quickly find the necessary materials and models for their projects, improving work efficiency. Therefore, the answer is: correct.

[Analysis] This question examines 3D modeling software. 3D One is a three-dimensional modeling and rendering software used for creating virtual 3D models, scenes, and effects. The case resource library is one of its important features, providing users with a convenient way to access and use various resources, including models, textures, and materials. By directly utilizing available resources, users can save time and quickly achieve the desired effects."	2023	middle	medium
3623	Providing your home address or phone number to strangers online is not advisable.	true_false	True	Personal information security	"[Answer] When chatting with strangers online, it's important to be cautious since you cannot ascertain the other party's true identity and intentions. Providing information such as your home address and telephone number easily may lead to personal privacy breaches, harassment, and other issues. Therefore, the answer is: Correct.

[Analysis] This question examines information security. When chatting with strangers online, besides not providing personal information, you should also pay attention to the following points:

1. Ensure the security of your accounts and passwords, and do not easily share them with others;
2. Avoid clicking on links from strangers or downloading files from unknown sources to prevent attacks from viruses or malicious software;
3. If the other party's words or actions are inappropriate, exit the chat promptly and report to the relevant authorities or organizations."	2022	middle	medium
4816	"The file size of a true color image with a resolution of 640×480 saved in the "".bmp"" format matches the size calculated using the formula."	true_false	False	Audio, image, video encoding	"[Answer] Using a formula to calculate the data size of an image can only give an approximate amount, not an exact result. Therefore, the answer is: Incorrect.  
[Analysis] This question tests the calculation of image data size. Image file storage size = horizontal pixels × vertical pixels × bits per pixel / 8 (bytes)."	others	middle	medium
3628	"When using information downloaded from the internet, we should comply with the ""Regulations on the Protection of Computer Software"" and the ""Copyright Law of the People's Republic of China."""	true_false	True	Intellectual Property and Legal Regulations###Browsing, downloading, and saving online information	"【Answer】 When using online resources, it is important to comply with relevant laws and regulations, enhance copyright awareness, and protect the legal rights of software or resource developers. Therefore, the answer is: Correct.
【Analysis】 This question examines software copyright. Only with the permission of the copyright holder can you copy a copyrighted work. It is illegal to independently copy a copyrighted work and sell it, give it to others, or post it publicly on your own website."	2020	middle	medium
7792	The Internet of Things refers to a network where objects are interconnected and managed through computers or mobile devices using embedded technologies like RFID, sensors, or GPS.	true_false	True	Concept and Characteristics of the Internet of Things	"[Answer] The description in the question is the definition of the ""Internet of Things."" Therefore, the answer is: Correct. [Analysis] This question tests the concept of the Internet of Things. The Internet of Things refers to the use of various information sensors, radio frequency identification technology, global positioning systems, infrared sensors, laser scanners, and other devices and technologies to collect in real-time any information needed to monitor, connect, or interact with objects or processes. It gathers various necessary information such as sound, light, heat, electricity, mechanics, chemistry, biology, and location and accesses them through possible networks, achieving ubiquitous connections between objects and between objects and people, enabling intelligent perception, identification, and management of items and processes. It can be said that the Internet of Things connects ""everything"" to each other."	2021	middle	medium
5667	In Flash MX, vector graphics can be infinitely enlarged without distortion, whereas bitmap images cannot.	true_false	True	Bitmap and vector graphics	"[Answer] Vector graphics describe images through positions, while bitmap images describe images through pixels. Vector graphics do not distort when enlarged, whereas bitmap images will distort. Therefore, the answer is: correct.

[Analysis] This question examines the differences between bitmap images and vector graphics. 

\[
\begin{array}{l c c}
& \text{Bitmap} & \text{Vector Graphics} \\
\hline
\text{Features} & \text{Better color and detail representation} & \text{Lines and text} \\
\text{Scaling Result} & \text{Easily distorts when enlarged} & \text{Does not distort when enlarged} \\
\text{File Size} & \text{Large} & \text{Small} \\
\text{Software} & \text{Photoshop, Paint} & \text{Flash} \\
\text{Common Formats} & \text{bmp, gif, jpeg} & \"	2021	middle	medium
7260	Security monitoring, smart homes, intelligent transportation, and smart logistics are all applications of the Internet of Things.	true_false	True	Applications of the Internet of Things	"[Answer] Security monitoring, smart home, smart transportation, and smart logistics are all applications of the Internet of Things. Therefore, the answer is: correct.  
[Analysis] This question examines the applications of the Internet of Things. The Internet of Things has a wide range of uses, covering various aspects of life, such as smart transportation, environmental protection, public safety, smart home, industrial monitoring, agricultural production, and food traceability."	2023	middle	medium
3652	Only large websites need to indicate copyright information; emphasizing copyright on personal websites is unnecessary.	true_false	False	The basic process of website development	[Answer] Large websites need to indicate copyright information, and personal websites also need to indicate copyright information. Therefore, the answer is: False. [Analysis] This question examines the indication of copyright information.	2020	middle	medium
3655	"When managing website files, image files can only be stored in a folder named ""images""."	true_false	False	Site folder	"[Answer] When creating a website, materials need to be collected and organized. Image files are typically stored in the website's images folder, but this is not the only option. Therefore, the answer is: False.

[Analysis] This question examines website file management. The site folder is a content folder for the website, storing necessary files such as image files, CSS files, JS files, text content files, Flash files, music files, video files, etc."	others	middle	medium
5538	By collecting pronunciation samples from thousands of individuals, extracting the phonetic features of each word's phonemes, an acoustic model is formed.	true_false	True	Speech recognition	[Answer] By collecting thousands of individual pronunciation samples, extracting the phonetic characteristics of phonemes contained in each word to form an acoustic model. Thus, the answer is: Correct. [Analysis] This question examines speech recognition. Due to the differences in pronunciation characteristics between Mandarin and regional dialects, different acoustic models can be formed based on the language of the samples, and the recognition effect of the same pronunciation may differ across different models.	others	middle	medium
3653	MIDI is the international standard for audio compression, with high quality and large file size.	true_false	False	File type and format###Multimedia Data Compression	"[Answer] MP3 is an international standard for audio compression. Hence, the answer is: false.
[Analysis] This question examines audio compression standards. Digital music files stored using the MP3 encoding format are lossy compression."	2021	middle	medium
5673	When Xiaoqiang's computer crashed to a blue screen during the information technology class, his first action was to turn off the computer and then restart it.	true_false	False	Information processing tool	"Answer: Turning off the monitor only turns off the screen, not the power. The correct operation should be to choose the restart command from the start menu to reboot the computer. Thus, the answer is: incorrect.

Analysis: This question tests the handling of computer malfunctions. Common procedures for dealing with a computer freeze include:  
(1) Warm boot: This refers to rebooting the operating system using the keyboard while the computer remains powered, typically used during a freeze;  
(2) Cold boot: This involves cutting off the computer's power and restarting it."	2020	middle	medium
5678	To create an animation in Flash, at least two keyframes are needed.	true_false	True	Animation production and playback software	"Answer: In Flash, an animation has at least one starting keyframe and one ending keyframe. Therefore, the answer is: Correct. Analysis: This question examines the creation of Flash animations. Essentially, Flash animation is a combination of ""masking + tweening animation + frame-by-frame animation + guided layer animation"" with components. By varying these elements, a wide range of effects can be created."	others	middle	medium
1591	"In VB, if the program is saved in the ""My Programs"" folder on the D drive, then the code App.Path returns the path ""D:\My Programs""."	true_false	True	Saving the program and file extension	"【Answer】 The program is located in the ""My Programs"" folder on the D drive. Therefore, the path returned by the App.Path code is ""D:\My Programs."" Thus, the answer is: Correct.  
【Analysis】 This question tests the storage path of a VB file. The App.path code means to return the current path."	others	middle	medium
2010	In Flash MX, when creating shape tween animations, imported images must be separated first.	true_false	True	Shape Tween Animation and Its Creation	"Answer: The image is a bitmap, and when creating a shape gradient animation, vector graphics need to be modified. Therefore, when creating a shape gradient animation with images, they must first be separated. Thus, the answer is: Correct.

Analysis: This question examines shape tween animation and its creation. The process of creating shape tween animation involves drawing a shape in the initial keyframe, then changing the shape's properties or drawing another shape in the final keyframe. The frames in between automatically complete the change process of the intermediate shapes."	2021	middle	medium
3639	In an Access database, to perform a cross query between two tables, you must first establish a relationship between them.	true_false	True	Data analysis tool	"To perform a cross-query between two tables, a relationship must be established between the tables. Using a crosstab query to compute and restructure data can simplify data analysis. Therefore, the answer is: Correct.

Analysis: This question pertains to table queries. A crosstab query involves grouping fields from a table, with one set of columns on the left of the crosstab and another on the top, displaying various calculated values of a field from the table at the intersection of the crosstab rows and columns."	others	middle	medium
130	"The general process of analyzing big data is ""collecting data --- training data to generate a model --- using the model to evaluate new data""."	true_false	False	The concept and process of data analysis	"[Answer] The general process of big data analysis usually includes the following steps: collecting data, training data to generate a model, and using the model to evaluate new data. Data needs to be collected first, followed by using it to generate a model. Therefore, the answer is: incorrect.

[Analysis] This question examines the process of big data analysis. Big data analysis refers to the process of processing and analyzing large-scale data sets to discover useful information, patterns, and insights."	2022	middle	easy
235	When using Xara3D for logo animation production, you can also add animation effects to the text.	true_false	True	Create logo animation	"[Solution] Users can create unique logos with Xara3D by adding animation effects to make text move, blink, rotate, etc., making the logo more vivid and attention-grabbing. Therefore, the answer is: Correct. 

[Analysis] This question examines animation production using Xara3D. Xara3D is a professional 3D text and graphics creation software developed by Xara Group Limited. It features a user-friendly interface and powerful text effect functions, allowing for the creation of unique 3D text and logo designs."	2023	middle	medium
9529	Visualizing data tables allows for a more intuitive view of relationships or trends between data, enhancing their imagery and vividness.	true_false	False	Definition and Role of Data Visualization	"Answer: Visualizing data allows for an intuitive and clear representation of changes and developments, enhancing the image and vividness of the data. Therefore, the answer is: False.

Analysis: This question tests data visualization. Chart visualization refers to the diverse chart display methods provided by Guanyuan Data. Chart card creation utilizes drag-and-drop operations and supports various chart types, such as tables, metric cards, gauge charts, line charts, and clustered column charts, among others."	others	middle	easy
8192	"For external images and audio materials, Flash uses a ""import first, call later"" approach, where the materials are first imported to the stage and then called upon when needed."	true_false	False	The application of image materials	"【Solution】 ""Import to library"" means bringing the material into the flash file but not yet using it on the stage. ""Import to stage"" means importing the material into the flash file and it has already been used on the stage. Therefore, the answer is: incorrect.  
【Analysis】 This question examines the application of materials. Importing to the stage is equivalent to importing to the library and then dragging it from the library onto the stage.  
**Section 2: Fill-in-the-blank Questions**"	2020	middle	medium
9743	In Flash, the sound file formats that can be imported are wav, aiff, and mp3. Among them, wav format sound data is compressed and is the best choice for web transmission.	true_false	False	Application of Audio Materials	"[Answer] WAV is one of the most common audio file formats. It can record various mono or stereo sound information and ensures sound quality without distortion. However, WAV files have a critical disadvantage: they take up too much disk space. Therefore, the answer is: incorrect.

[Analysis] This question examines the use of audio files in Flash. The sound formats supported by Flash include:

WAV format: WAV format has the best sound quality and is commonly used to store music and sound effect materials.

MP3 format: MP3 format has a good compression ratio, suitable for direct use in Flash.

If QuickTime 4 or a higher version is installed in the system, you can import sound files in formats such as AIFF, Sound DesignerⅡ, sound-only QuickTime movies, Sun AU, and System 7 Sounds."	2020	middle	medium
2043	Multimedia digitization is the process of converting digital signal multimedia information into analog signals.	true_false	False	The concept and process of multimedia digitization	"【Answer】 Multimedia digitization is converting analog signals into digital signals. Therefore, the answer is: False.  
【Analysis】 This question examines multimedia digitization. Digitization refers to converting any continuously varying input, such as the lines of a drawing, into a series of discrete units, represented by 0s and 1s in a computer. This conversion is usually performed by an analog-to-digital converter."	others	middle	medium
8646	When editing a webpage with Dreamweaver, selecting the inserted scrolling marquee will display 8 control points around it. Adjusting these control points can change the appearance of the marquee.	true_false	False	Adding special effects and editing code	[Answer] When using Dreamweaver, adjusting the control points can change the scrolling range of the subtitles. Therefore the answer is: False. [Analysis] This question tests the setting of scrolling subtitles.	others	middle	medium
2322	The z1 format is a type of file used for three-dimensional models.	true_false	True	Model preservation	"【Answer】 z1 is one of the formats for 3D model files. However, z1 is not a common or widely used 3D model file format. Therefore, the answer is: Correct.

【Analysis】 This question examines the format of 3D model files. Common 3D model file formats include, but are not limited to, OBJ, STL, FBX, 3DS, DAE, etc. These formats are used to store, transmit, and exchange data information of 3D models."	2023	middle	easy
2570	By default, when creating a pivot table, it is created in a new worksheet.	true_false	False	Pivot Table	"Answer: When creating a pivot table, it prompts you to choose between a new worksheet or an existing worksheet, with the default being the existing worksheet. Therefore, the answer is: False.

Analysis: This question tests the creation of a pivot table. When creating a pivot table, you can make the following choices: <image>."	others	middle	easy
6106	"The default saved VSP file of ""Corel VideoStudio"" can be played with Storm Player."	true_false	False	File type and format###Output of video files	Answer: Storm Player is a media playback software, and VSP files are project files that cannot be opened with Storm Player. Therefore, the answer is: incorrect. Analysis: This question examines video playback software. The VSP format is not a typical video format; it is the file save format for editing projects in Corel VideoStudio.	others	middle	medium
3294	The choice of website colors is an expression of theme and personality, and different color combinations can convey different impressions.	true_false	True	Website color scheme	"[Answer] When creating a website, you first need to consider the content of the website, then decide on which tone to use, and select a reasonable color scheme. Therefore, the answer is correct.

[Analysis] This question examines the main theme of a website. When creating a website, color coordination is very important, as each website often has its own characteristics."	2020	middle	easy
4381	To create a physical model using 3D printing technology, one must first build a three-dimensional model through software.	true_false	True	3D Printing Technology and Basic Process	"Answer: To create a physical model using 3D printing technology, you must first construct a three-dimensional model with software. Therefore, the answer is: Correct. 

Analysis: This question examines 3D technology. 3D printing generally involves three steps: obtaining a 3D model, exporting and slicing the model, and printing the finished product."	2023	middle	medium
3888	The extension for an Excel file is ``.doc''.	true_false	False	Software extension	[Answer] The file extension for Excel is `.xlsx`, while `.doc` is the file extension for Word documents. Therefore, the statement is incorrect. [Analysis] This question examines file extensions. `.xls` is the file format generated by Excel 2003 and earlier versions, while `.xlsx` is for Excel 2007 and later versions.	2018	middle	easy
7799	When creating web pages, using Cascading Style Sheets (CSS) can easily achieve consistent and coordinated styling of text and tables across the entire website.	true_false	True	Creation and Design of Subpages	"[Answer] When creating webpages, to ensure text and table styles are consistent across the site, we can use Cascading Style Sheets. Therefore, the answer is: correct.\
[Analysis] This question primarily examines the application of Cascading Style Sheets. Cascading Style Sheets (CSS) is a computer language used to style HTML (an application of Standard Generalized Markup Language) or XML (a subset of Standard Generalized Markup Language) files. CSS can not only statically style webpages but also dynamically format various elements in conjunction with scripting languages. CSS allows for pixel-level precise control of element layout on webpages, supports almost all font sizes and styles, and has the capability to edit webpage object and model styles."	2020	middle	medium
4382	The AI document editing assistant can automatically generate creative poems and couplets based on the information we provide, which represents literary creativity in artificial intelligence.	true_false	True	Intelligent creativity	"Answer: The AI document editing assistant can generate creative literary works such as poems and couplets based on the information provided, which falls under the category of literary creativity within artificial intelligence creativity. Through natural language processing and generative models, AI can understand the semantics and structure of language, thereby generating literary works that comply with language norms and creative demands. Therefore, the answer is: Correct.

Analysis: This question examines AI creation. Although AI can generate literary works, it still has certain limitations in terms of creativity and emotional expression, and cannot fully replace the creativity and emotional expression capabilities of human creators."	2024	middle	medium
4387	Hadoop is a free open-source program that enables data processing on computer nodes, handling increasing amounts of data by continuously adding nodes.	true_false	False	Types of Big Data Processing	"[Answer] Hadoop is an open-source free program, whereas the question refers to a paid program. Therefore, the answer is: incorrect.

[Analysis] This question examines the distributed processing framework or platform corresponding to a type of big data processing. Hadoop can achieve data parallel processing across computer nodes, maintaining efficient and stable processing levels and obtaining timely and accurate results by continuously adding nodes to handle increasing data."	others	middle	medium
4494	Scanning a QR code with a mobile phone is part of the information encoding process.	true_false	False	Barcode and QR code	"[Answer] Using a smartphone to scan a QR code is a decoding process. Therefore, the answer is: Incorrect.

[Analysis] This question examines QR codes. A QR code itself is already encoded information. When a QR code is generated, a specific encoding method is used to convert information into a set of black and white patterns. Through scanning and decoding, this set of patterns can be converted back to the original information."	2022	middle	easy
6604	In a 3D simulation virtual robot smart school bus, if the turning angle is -90 degrees, it indicates a left turn. (　　)	true_false	False	Robot simulation system	"Answer: If the turning angle is -90 degrees, it indicates a right turn. Therefore, the answer is: False.
Analysis: This question examines the robot simulation system. In the coordinate axis, a positive angle indicates a counterclockwise rotation, while a negative angle indicates a clockwise rotation."	2022	middle	medium
5965	Any image format includes layer information.	true_false	False	Image file format	"【Answer】 PSD format stores layer information, not all image formats have layers. Therefore, the answer is: False.  
【Analysis】 This question examines image formats. Common image formats include JPG, BMP, GIF, PSD, etc."	others	middle	easy
8759	Tuniu Travel Network allows booking hotels and purchasing flight tickets, and is an e-commerce website.	true_false	True	Featured website	"【Answer】 Tuniu is a trading platform where commercial transactions can be conducted, and it belongs to an e-commerce website. Therefore, the answer is: correct. 

【Analysis】 This question examines specialty websites. An e-commerce platform is a site that provides a platform for online transactions and negotiations for businesses or individuals."	2021	middle	easy
8276	Different development purposes have different requirements for the design of works.	true_false	True	The basic process of creating animated works	"[Answer] Different development purposes lead to different requirements for design works. Therefore, the answer is: Correct.  
[Analysis] This question examines animation design. Flash works can take various forms based on their development purposes, such as presentations, teaching materials, product demonstrations, slideshows, or even games."	others	middle	easy
