index	question	category	answer	knowledge	analysis	year	grade_level	difficulty_level
982	"In FrontPage 2003, the ""Cell Properties"" dialog box allows you to set the following ( )
A. Text alignment B. Use an image as background
C. Cell background color D. Cell border color"	multiple_answer_choice	A, B, C, D	Use tables for page layout.	"[Solution] In FrontPage 2003, you can set text alignment, use images as backgrounds, set cell background colors, and cell border colors through the ""Cell Properties"" dialog box. Setting text alignment makes the content within the table more neat and aesthetically pleasing, thereby increasing the webpage's readability. Additionally, by inserting background images or setting background color in cells, you can enhance the table's visual appeal and attractiveness. Furthermore, setting the cell border color can make the table more prominent and clear on the webpage, improving the border's visibility. Therefore, the answers are: A, B, C, D.

[Analysis] This question examines the ""Cell Properties"" in FrontPage 2003. FrontPage 2003 is a web page editing software used for creating and managing websites. In web design, tables are commonly used elements for organizing and displaying data. Through the ""Cell Properties"" dialog box, users can further customize the styles of cells within a table."	2022	middle	medium
6072	"The options that reflect the status and role of computers in information technology are:
A. Computers make information acquisition more convenient
B. Computers make information storage more convenient
C. Computers make information processing more efficient and faster
D. Computers make information expression more diverse and colorful"	multiple_answer_choice	A,B,C,D	Functions and Features of a Computer	"【Answer】 The computer is an essential tool in information technology. Through the synergy of software and hardware, it facilitates more convenient information retrieval, storage, efficient and rapid processing, and richer expression. Therefore, options A, B, C, and D all reflect the computer's status and role in information technology. Hence, the answer is: A B C D.  
【Analysis】 This question examines the status and role of computers in information technology. Computers play a crucial role in this field; they handle information in various forms such as text, images, and sound, and manage different aspects like information transmission, storage, and security. As information technology continues to develop, the role of computers in information processing becomes increasingly prominent. For example, computers play a vital role in areas such as big data processing, artificial intelligence, and cloud computing."	2023	middle	medium
6808	"Common material collection tools include (    ).  
A. Digital camera  
B. Digital camcorder  
C. Scanner  
D. Recording equipment"	multiple_answer_choice	A, B, C, D	Viewing, browsing, and obtaining image materials###Acquisition of video material###Acquiring animation assets###Acquisition of audio materials	"[Answer] Digital cameras and digital camcorders are used for capturing static images and dynamic video footage, scanners are used for digitizing paper materials, and recording devices are used for collecting audio materials. These tools can meet the requirements for collecting various types of materials. Therefore, the answer is: ABCD.

[Analysis] This question examines material collection tools. In addition to the aforementioned tools, there are other types of material collection tools, such as audio interfaces and special effects equipment, which can be chosen based on specific needs. In the digital age, mobile devices such as smartphones and tablets can also be used for material collection due to their portability and high-quality shooting capabilities, and they are widely used."	others	middle	easy
9230	"Among the following options, the production requirements for video digital stories include:
A. Stories stem from life and have a clear theme.
B. Videos are short with concise language.
C. The plot should not be overly intricate or complex.
D. They should be easy to share, publish, and exchange."	multiple_answer_choice	A, B, C, D	Production of Multimedia Works	"Answer: A: The story originates from life, with a clear theme. This is one of the key elements in creating an attractive video story. When a story is based on real life, it better resonates with the audience, captures their interest, and helps them better understand and experience the plot.

B: The video is short with concise language. In the digital age, audiences often have short attention spans, so videos need to be straightforward, quickly engaging the audience and conveying the message effectively.

C: The plot should not be too convoluted or complex. A simple and clear plot is easier for the audience to understand and accept. An overly complicated plot might confuse the audience or lose their interest.

D: Easy to share, publish, and communicate. Video digital stories are typically created for sharing and interaction with the audience. Therefore, they need features that facilitate easy sharing, publishing, and interaction, such as sharing and spreading through various social media platforms.

Options A, B, C, and D all"	others	middle	medium
9232	"The following involve artificial intelligence technology:  
A. Automatic license plate recognition and charging in underground parking lots  
B. Facial recognition and real-name authentication function of smartphone apps  
C. Campus broadcast automatically starts at 6:30 AM to remind students to wake up  
D. Corridor lights in school buildings automatically turn on when detecting someone approaching"	multiple_answer_choice	A, B	The Origin and Development of Artificial Intelligence	"Answer: A: Automatic license plate recognition uses image recognition technology; B: Facial authentication uses facial recognition technology; C: The automatic activation of a broadcast without human interaction is not considered artificial intelligence; D: Corridor lights turning on when a person approaches is a response by sound sensors, not artificial intelligence. Therefore, the correct answers are A and B.

Analysis: This question examines applications of artificial intelligence. Research in the field of artificial intelligence includes robotics, speech recognition, image recognition, natural language processing, expert systems, and more."	2020	middle	medium
9242	"The following devices can connect to the internet via Wi-Fi (　　).
A. Smartphone B. Hard Drive
C. Laptop D. CPU (Central Processing Unit)"	multiple_answer_choice	A,C	Wireless communication technology	"[Answer] Wi-Fi is a wireless local area network technology that enables wireless communication between devices. Devices can connect to the internet via Wi-Fi without the need for traditional wired network connections. Therefore, the correct options for this question are smartphones and laptops; Option B's hard drive and Option D's CPU cannot connect to the internet via Wi-Fi. Thus, the answer is: A C.

[Analysis] This question examines the Wi-Fi wireless network connection. Wi-Fi technology can be applied to various electronic devices, such as smartphones, laptops, tablets, wireless routers, etc. Wi-Fi wireless networks are convenient to use, highly flexible, and highly mobile, thus, they are widely used."	2023	middle	medium
9393	"The correct statements about layers are (    )
A. Layers can be used to achieve mixed layout of text and images on a webpage.
B. The position of layers can be moved freely.
C. Both text and images can be inserted into layers.
D. Once the position of a layer is determined, it cannot be changed."	multiple_answer_choice	A, B, C	Create web pages with multimedia content	[Answer] In web design, layers can be used to insert text and images, perform text editing, and dragging can change the position of the layer. Therefore, the answer is: ABC. [Analysis] This question mainly examines the function of layers in web design.	others	middle	medium
