index	question	category	answer	knowledge	analysis	year	grade_level	difficulty_level
7303	The following applications reflect artificial intelligence: ( ) Voice-controlled light ( ) License plate recognition ( ) Autonomous driving ( ) NetEase Cloud Music's song recognition based on melody.	fill_in_the_blank	1; 2; 3; 4	Field of Artificial Intelligence	"Answer: Sound-controlled lights are sensitive sound-controlled electronic lighting devices; the find and replace function in WORD software is a word text operation; QR code ordering is part of an ordering system; only license plate recognition, autonomous driving, and NetEase Cloud Music identifying songs by melody belong to artificial intelligence. Thus, the answer is: ②⑤⑥.

Analysis: This question examines the application of artificial intelligence. The main applications of artificial intelligence include pattern recognition, machine translation, and other applications. Pattern recognition includes fingerprint recognition, voice recognition, optical character recognition, handwriting recognition, etc."	2022	middle	medium
9438	"Read the following material and fill in the blanks.

Xiaoming wants to hold a ""Huadu Lake"" photography exhibition. He uses a digital camera to take pictures at Huadu Lake, then stores the photos from the digital camera on a computer. The digital camera is considered a/an \ul{　 　} (A. input device; B. output device). Upon checking, each photo is about 2M in size. Xiaoming has a 4G USB drive, and his USB drive can store approximately \ul{　 　} (A. 4*1024; B. 2*1024) photos. Xiaoming uses a printer to print the photos, and the printer is considered a/an \ul{　 　} (A. input device; B. output device)."	fill_in_the_blank	A; B; B	Computer hardware and functions###Data storage units and calculation	"Answer: A digital camera is considered an input device. 4G = 4 * 1024MB, so it can store 2 * 1024 photos of 2M each. A printer is considered an output device. Therefore, the answer is: A, B, B.

Analysis: This question tests common input and output devices, as well as data storage unit conversion. 1G = 1024MB, 1MB = 1024KB, 1KB = 1024B. Input devices are used to input data and information into the computer, acting as a bridge for communication between the computer and the user or other devices. Examples of input devices include: keyboard, mouse, camera, scanner, and voice input device."	2020	middle	medium
7295	"Network Setup

(1) The simplest way to connect two computers is by using ( ) to connect the ( ) of both computers.

(2) For a local area network connecting two computers, after hardware connection, you need to enable ( ) and set ( ).

(3) A local area network with multiple computers requires using ( ) to connect to a ( ) for setup.

(4) A local area network set up with a wireless router is to establish ( ).

Current answer: (1) Twisted pair cable; Network card (2) Guest account; IP address (3) Twisted pair cable; Switch (4) Wi-Fi"	fill_in_the_blank	Twisted pair cable; Network card; Guest account; IP address; Twisted pair cable; Switch; Wi-Fi	Methods of network connection###Transmission media and network devices###Setup of a Local Area Network	"Answer:

(1) The simplest way to connect two computers is to use a twisted pair cable to link the network cards of the two computers. Therefore, the answers are: A, B.

(2) When using a single network cable to connect two computers to create a local area network, you need to enable the guest account and set the IP address to connect successfully. Therefore, the answers are: A, A.

(3) A switch and several standard network cables (twisted pair) can form a small local area network. Therefore, the answers are: B, B.

(4) A local area network set up with a wireless router is also known as Wi-Fi. Connect one end of the router to any LAN interface port and the other end to the computer's network cable interface. Therefore, the answers are: A, B.

(5) The Internet is the world's largest international internet. Wireless internet access refers to a way of connecting to the internet using electromagnetic signals as a"	2019	middle	medium
5711	"In Photoshop, if the ""Layers"" panel is missing, you can find it in the \ul{   } menu."	fill_in_the_blank	Window	Image processing software	"[Answer] If the ""Layers"" panel disappears, you can find it back in the ""Window"" menu. Therefore, the answer is: Window.  
[Analysis] This question tests the Photoshop menu bar. The menu bar of Photoshop software is as shown in the image."	others	middle	medium
1013	Photoshop can store processed images in formats such as \ul{    }, GIF, PSD, PCX, PCI, PNG, etc.	fill_in_the_blank	JPG	File type and format###Opening and Saving Photoshop Files	"[Answer] Photoshop can save processed images in various formats, including but not limited to JPG, GIF, PSD, PCX, PCI, PNG, etc. Therefore, the answer is: JPG. \\
[Analysis] This question examines the storage formats of Photoshop images. Different formats are suitable for different scenarios and needs, for example, JPG is suitable for compressing image files, while PNG is suitable for retaining image transparency information."	2023	middle	medium
8200	"Below is the code to get the ambient temperature:

from microbit import *
while True:
    print(temperature())
    sleep(2500)

The data for the temperature() function comes from \ul{　 　}; the time interval for getting the temperature is \ul{　 　}."	fill_in_the_blank	Temperature sensor; 2.5 seconds	Types and Applications of Sensors	"[Answer] To obtain temperature data, a temperature sensor is needed. From the question, the sleep time is 2500 milliseconds, which is 2.5 seconds. Therefore, the answer is: temperature sensor, 2.5 seconds.

[Analysis] This question examines the acquisition of sensor information. A sensor is a device or apparatus that can sense the measured quantity and convert it into a usable output signal according to a certain rule, usually composed of sensing and conversion elements. In research, production, and daily life, sensors are commonly used to sense and measure physical, chemical, and biological quantities in the environment, converting them into electrical signals, which are then appropriately processed to form data."	2021	middle	medium
6762	In Flash, there are ( ) types of components.	fill_in_the_blank	3	Using Common Tools in Flash	"[Answer] In Flash, there are 3 types of symbols. Therefore, the answer is: 3.  
[Analysis] This question examines the types of symbols. The symbols include: graphic symbol, button symbol, and movie clip symbol."	2024	middle	medium
9274	"Setting of Hyperlinks

A hyperlink refers to the connection relationship from one web page pointing to a target. Only when various web pages are linked together can a website truly be formed. In terms of the link target, common types of hyperlinks on websites (web pages) include:

① External site link ② Internal page link ③ E-mail hyperlink ④ File download ⑤ In-page bookmark hyperlink

This is how the wonderful world of the internet we see comes to be. Now, please choose the corresponding hyperlink type based on the implementation actions in the table below, and fill the number sequence in the ""Link Type"" column.

Link Type | Hyperlink Implementation Action

(1) ( ) | Launch the email management software in the system and automatically fill in the preset email address in the ""Recipient"";

(2) ( ) | Jump to a specific location within the same web page;

(3) ( ) | Jump from one web page to another within the same website;

(4) ( ) | Jump to the download interface for a file to be retrieved."	fill_in_the_blank	3; 5; 2; 4	Web hyperlink	"Answer:

(1) Based on the context, it can be inferred that opening email management software refers to an E-mail hyperlink. Therefore, the answer is ③.

(2) Based on the context, jumping to different positions on the same webpage suggests setting bookmarks on the webpage. Therefore, the answer is ⑤.

(3) Based on the context, jumping between different pages within the same website indicates inter-page hyperlinks. Therefore, the answer is ②.

(4) Based on the context, linking to another website indicates an external website link. Therefore, the answer is ①.

(5) Based on the context, achieving data download is simply file download. Therefore, the answer is ④.

Analysis: This question examines types of hyperlinks. Hyperlink is the short form of hypertext link. Depending on the usage, links in a webpage can be categorized into: text hyperlinks, image hyperlinks, E-mail links, anchor links, multimedia file links, empty links, etc."	2020	middle	medium
1967	"According to the requirements, write the corresponding code or results.  
(1) >>> s.lower() returns ( )  
(2) >>> s.capitalize() returns ( )  
(3) >>> s.startswith('What') returns ( )  
(4) >>> s.find('a') returns ( )"	fill_in_the_blank	'what is your name?'; 'What is your name?'; True; 2	Common Basic Functions###Data type	"[Answer] (1) The `lower()` method converts all uppercase characters in a string to lowercase; (2) The `capitalize()` function changes the first character of a string to uppercase and the rest to lowercase; (3) The string 'What is Your Name?' starts with the specified substring (What); the index starts from 0, a is the second element. Thus, the answers are: 'what is your name?'; 'What is your name?'; True; 2.  
[Analysis] This question mainly tests string manipulation and function application. The index of a string starts from 0, where 0 represents the first element; you can also count from the back, with -1 representing the last element. In Python, the `lower()` method converts all uppercase characters in a string to lowercase. The `capitalize()` function changes the first character of a string to uppercase and the rest to lowercase. The `startswith()` method checks whether a string starts with the specified"	2021	middle	hard
1966	"Simulate a number guessing game with Python:  

1) The system randomly generates a number between 1 and 100;  
2) The user has a total of 5 chances to guess the number;  
3) If the user's guessed number is greater than the system-generated number, print ""too big"";  
4) If the user's guessed number is less than the system-generated number, print ""too small"";  
5) If the user's guessed number equals the system-generated number, print ""Congratulations"" and exit the loop;  

Below is the program code, please complete it:

```python
import random  # Import the random module
game = random.randint(1, 100)  # Randomly generate an integer between 1 and 100 and assign it to variable game
time = 5
while time > 0:
    guess = int(input(""Please enter your guess: ""))
    if guess > game:
        print(""too big"")
    elif guess < ( ):
        print(""too small"")
    else:
        print(""Congratulations"")
        break
    time -= 1
```"	fill_in_the_blank	game	Branch Structure Program Design and Analysis###Program Design and Analysis of Loop Structures	"Answer: 

First blank: In Python, modules can be imported using import. 

Second blank: Since game is a variable, it should be on the left side of the equals sign; to generate a random number between 1 to 100, use random.randint(a, b), where parameter 'a' is the lower limit and parameter 'b' is the upper limit. The generated random number n will satisfy: a <= n <= b.

Third blank: According to the problem statement, if(guess > game), output ""too big"", otherwise output ""too small"". Therefore, the answer is: import random; game=random.randint(1, 100); guess < game.

Analysis: This question mainly examines the analysis of the program. In Python, module import statements typically use import.../import...as.../from...import.../from...import...as. In some special scenarios, the import built-in function importlib module can be used for dynamic imports. The random()"	others	middle	hard
4860	"The school's programming club is preparing to design and develop a student career planning assessment system. The design steps are as follows:

A. Research to determine the student assessment needs for this system  
B. Design the database structure and create database tables using Access  
C. Use HTML and Javascript to write the front-end webpage for user request submissions  
D. Use Asp.NET to write back-end programs to respond to requests and process data  
E. Debug and modify the program, ensuring compatibility with front-end browsers  
F. Deploy the application on the W server for operation  

① Among the above steps, ( ) prepares for the ""storage"" function of the information system after its release and operation (fill in the letter number)  
② After being checked by the instructor, it was found that a design step ""plan the functional modules (subsystems) included in the system"" was omitted. This step should be placed between which two steps above (fill in the letter numbers) ( )"	fill_in_the_blank	B; AB	Concept of Systems and Information Systems	"Answer: ① The purpose of designing a database structure and creating database tables using Access is to achieve the ""storage"" function. ② The design of an information system involves requirement analysis first, followed by planning and design, and finally the implementation stage. Therefore, the answer is: B, AB. Analysis: This question examines the design of information systems."	others	middle	medium
7830	"Choose the appropriate software to achieve the following functions (fill in the numbers). 
① DingTalk ② Amap ③ Douyin ④ Meitu Xiuxiu ⑤ 360 Security Guard 
Security scanning: ( ); Smart mobile office: ( ); Image processing: ( ); Travel navigation: ( ); Short video sharing: ( )."	fill_in_the_blank	⑤ 360 Security Guard; ① DingTalk; ④ Meitu Xiuxiu; ② Amap; ③ Douyin	Mobile terminals and their software	"【Answer】 DingTalk is a mobile office software developed by Alibaba; Amap is a navigation software; Douyin is a short video entertainment software; Meitu Xiuxiu is a photo and image processing software; 360 Security Guard is computer security protection software. Therefore, the answer is: 360 Security Guard ② DingTalk, Meitu Xiuxiu, Amap, Douyin.

【Analysis】 This question examines the applications of mobile terminal software. Software is the interface between the user and the hardware."	others	middle	medium
6116	In a computer, the component used to cache and store information is \_\_\_\_\_, its most basic unit of capacity is \_\_\_\_\_, which contains \_\_\_\_\_ bits (BIT) of \_\_\_\_\_ binary digit, i.e., \_\_\_\_\_ combinations of data.	fill_in_the_blank	Memory stick RAM; 1 byte or 1B; eight; two; eight 0s and 1s	Computer hardware and functions###Data storage units and calculation	"[Answer] Random Access Memory (RAM), also known as main memory, is an internal memory that directly exchanges data with the CPU. Inside a computer, information is stored, computed, processed, and transmitted in binary form. The basic storage unit is a byte, the fundamental unit of data in a computer, consisting of 8 bits — a combination of eight 0s or 1s. Therefore, the answer is: RAM; 1 byte or 1B; eight; two; eight 0s and 1s. 

[Analysis] This question examines computer memory and storage capacity units. There are many types of internal memory. Random Access Memory (RAM) is used as a high-speed temporary storage area during computation. Data can be stored in, read from, and replaced with new data in RAM. RAM is available when the computer is running. It contains information regarding the problem the computer is currently processing. Most RAM is ""volatile,"" meaning the information is lost when the"	others	middle	medium
4254	"There is a list s={[}7, 'hello', ""huawei""{]}, then s{[}0{]}=\ul{ 7 }，s{[}-1{]}= \ul{ ""huawei"" }."	fill_in_the_blank	"7; ""huawei"""	Linear List and Its Operations	"[Answer] List elements can be accessed through indices, with indices starting from 0 going from left to right, and from -1 going from right to left. Thus, the answer is: 7; ""huawei"". [Analysis] This question examines list access. List access methods include indexing and slicing. Indexing: forward index starts from 0 increasing, reverse index starts from -1 decreasing. Slicing: format: [start: end: step]. Function: returns a subsequence from the start index to the end index with a step size, excluding the element at the end index."	others	middle	medium
8655	"The process of control and feedback:  
( ) transmits the perceived information to ( ), ( ) acts on ( ), and ( ) feeds the output signal back to the sensor."	fill_in_the_blank	Sensor; Actuator; Actuator; Controlled Object; Controlled Object	Means and methods of control	"[Answer] The workflow of control and feedback: Information is perceived through sensors, which then transmit the information to the actuators. The actuators act on the controlled object, and after the controlled object outputs signals, the signal values are simultaneously fed back to the sensors, playing a restrictive role. Therefore, the answer is: sensor, actuator, actuator, controlled object.

[Analysis] This question examines the workflow of control and feedback. The workflow of control and feedback is as shown:"	others	middle	medium
9761	The principle of animation and video is based on the characteristics of the human eye called ( ).	fill_in_the_blank	Persistence of vision	The Basics of Animation Principles	"【Answer】 The principle of animation and video is based on the phenomenon of visual persistence in human eyes. Therefore, the answer is: visual persistence.

【Analysis】 This question examines the principle of animation. The phenomenon of visual persistence, also known as the ""afterimage effect,"" occurs because when the human eye observes an object, the light signal is transmitted to the brain's nerves and requires a short period of processing time. After the light effect ends, the visual image does not immediately disappear. This residual vision is known as ""afterimage,"" and this visual phenomenon is referred to as ""visual persistence."""	2022	middle	medium
8209	A robot is a device that performs tasks automatically. It can accept instructions from humans, run pre-programmed procedures, and operate based on principles and guidelines established through artificial intelligence technology. Robots generally consist of actuators, ( ), and controllers.	fill_in_the_blank	sensors	Composition of a robot	"[Answer] Robots are generally composed of actuators, sensors, and controllers. Therefore, the answer is: sensors.

[Analysis] This question examines the components of a robot. (1) The actuators include manipulators and mobility mechanisms. The manipulator is equivalent to a human hand and can perform various tasks; the mobility mechanism is like human feet, enabling the robot to ""walk."" (2) Sensors are the sensory organs through which a robot acquires information about itself or changes in the external environment, akin to human eyes, ears, and skin. (3) The controller is the robot's command center, similar to the human brain or central nervous system, capable of controlling and coordinating various parts of the robot. These execution, perception, and brain organs are just the shell of the robot; they must be combined with software-driven capabilities to allow the robot to operate independently and complete tasks."	2022	middle	medium
8653	"Enter a three-digit natural number, then output the digits of the number in sequence, separated by commas. Fill in the blank of the following program:

x = int(input('Enter a three-digit natural number: '))
a = x // 100 # Hundreds digit
b = ( ) # Tens digit
c = x % 10 # Units digit
print(a, b, c, sep=',')"	fill_in_the_blank	(x // 10) % 10	Sequential Structure Program Design and Analysis###Operators and Expressions###Constants, Variables, and Assignment Statements	"[Answer] The goal of this program is to split a three-digit natural number input by the user into the hundreds, tens, and units digits and output them in a comma-separated format. The variable x is used to receive the integer input by the user. Through mathematical operations, the digits in the hundreds, tens, and units positions can be obtained: a = x // 100: uses integer division to get the hundreds digit, as the result automatically rounds down. b = x % 100 // 10: uses the modulus operation to get the two-digit number composed of the hundreds and tens digits, then divides by 10 to obtain the tens digit. c = x % 10: uses the modulus operation to get the units digit. Finally, use the print function to output these three digits in a comma-separated format. Therefore, the answer is: b=x%100//10.  
[Analysis] This question examines mathematical operations and variable manipulation. In Python, the integer division operator"	others	middle	medium
1603	"Students plan to use an electronic bulletin format to report on the excursion activity. In preparing this electronic bulletin,  
⑴ Taking photos of the activity. This is ( );  
⑵ Saving all photos on a USB drive. This is ( );  
⑶ Organizing photos and categorizing them for storage. This is ( );  
⑷ Editing the photos to create an electronic bulletin. This is ( );  
⑸ Presenting the report at the class meeting. This is ( )."	fill_in_the_blank	B; E; D; C; A	Concept and Process of Information Processing	"【Answer】 Taking photos involves information acquisition; saving on a USB drive is information storage; organizing and categorizing is information management; photo processing and producing electronic publications is information processing; displaying in the class is information expression and communication. Therefore, the answer is: B, E, D, C, A.

【Analysis】 This question tests information processing and handling. Information acquisition involves the collection and processing of information; information management refers to the management of information resources and activities; information processing refers to a series of processes such as distinguishing, filtering, classifying, sorting, analyzing, and researching to make the collected information fulfill our needs."	2021	middle	medium
8204	When creating a graphical interface using tkinter, first use the statement \ul{　 　} to import the tkinter module, and then use \ul{　 　} to generate a main window object.	fill_in_the_blank	import; tkinter.Tk()	The concept and reference of modules###Graphical User Interface and Design	"[Answer] When using tkinter to create a graphical interface, you first need to import the tkinter module to create a Tkinter desktop application. Then, use the Tk class to create the main window and call the mainloop method to keep the window displayed. In Tkinter, you can also add other components, such as Label, Button, etc. Therefore, the answer is: import, tkinter.Tk(). 

[Analysis] This question tests the creation of graphical interfaces using tkinter. When creating a graphical interface, you first need to import the module, and then you can use the classes within that module to generate the main window or other objects."	others	middle	medium
4846	"The ""( )"" established by the school using big data technology can instantly record and analyze students' moral behavior and learning activities, thereby improving educational management work."	fill_in_the_blank	School Brain	Application of Big Data	"[Answer] The ""School Brain"" built by the school using big data creates a new teaching scenario, allowing students' learning behaviors to be accumulated as data resources. It utilizes data as a new production factor to reconstruct the relationship between teaching and learning, achieving personalized education. It can instantly record and analyze students' moral behavior and learning activities, thereby improving education and teaching management. Therefore, the answer is: School Brain.

[Analysis] This question examines the application of big data technology in the field of education. The development of big data technology provides new models for education and teaching. Various information devices are integrated into the classroom, enabling every word and action of teachers and students to be converted into data, with activities like attending classes, taking notes, doing assignments, and discussing issues becoming sources of educational big data."	others	middle	medium
2915	Robots are an integration of modern technology, combining advanced techniques from ( ) and ( ), as well as sensor applications and various other fields.	fill_in_the_blank	Computer technology; artificial intelligence	The Basic Concepts of Robots	"【Answer】 A robot is a complex system integrating knowledge from multiple disciplines. It requires the combination of mechanical engineering, electronic engineering, sensor applications, computer technology, and artificial intelligence to complete various tasks. Therefore, the answer is: computer technology, artificial intelligence.\\
【Analysis】 This question examines robotic technology. Robotic technology is one of the fastest-growing fields in the world today, with a wide range of applications in industries such as manufacturing, healthcare, education, and entertainment."	2021	middle	medium
8201	In an information society, the development of society regards \_\_\_ and \_\_\_ as important resources.	fill_in_the_blank	Information; knowledge	Definition and Development of the Information Society	"[Answer] An information society refers to a new form of social organization and developmental stage that is based on information activities. In an information society, the development of society relies on information and knowledge as essential resources, focuses on people, and is grounded in sustainable development. Therefore, the answer is: information, knowledge.

[Analysis] This question examines the concept of the information society. The economy of an information society is primarily driven by the information economy and knowledge economy, differing from the agricultural society, which is dominated by the agricultural economy, and the industrial society, which is dominated by the industrial economy."	others	middle	medium
1607	"Select ""Author Zhu Ziqing"" → click on the ""Insert"" tab → ""Links"" group → Hyperlink → ( ) → click on ""Author Bio"" under bookmark → OK."	fill_in_the_blank	B. Place in This Document	Text hyperlink	"[Answer] Because the content of the hyperlink is a bookmark, it proves that the link is within the document, so you should choose ""Place in This Document."" Therefore, the answer is: B.  
[Analysis] This question tests text hyperlinks. Hyperlinks in Word assist with quickly jumping to a specified location when reading."	others	middle	medium
168	In the structure of a data analysis report, the main body primarily includes the specific analysis process and ( ).	fill_in_the_blank	Result	Data Analysis Report and Production	"Answer: In the structure of a data analysis report, the main body primarily includes the specific analysis process and results. Therefore, the answer is: results.

Analysis: This question examines a data analysis report. A data analysis report consists of three main parts: introduction, main body, and conclusion."	others	middle	easy
9439	Data are representations of ( ) things. Data alone have no ( ) and must undergo ( ) and ( ). The meaning derived from interpreting data is ( ).	fill_in_the_blank	objective; meaning; analysis; processing; information	Concepts and Types of Data	"[Answer] Data is the symbolic representation of objective things. Data alone is meaningless; it must be interpreted and understood to convey information. Therefore, the answer is: symbolic representation, interpretation, understanding, information.
[Analysis] This question examines the concept of data. Data is the physical symbol or the combination of these physical symbols that record the properties, states, and interrelationships of objective things. It is an identifiable, abstract symbol."	others	middle	medium
8193	Common types of Flash animations include frame-by-frame animation, ( ) animation, guided animation, and mask animation.	fill_in_the_blank	Tween	Flash document properties settings	"[Answer] Common types of Flash animations include frame-by-frame animation, tween animation, guided animation, and mask animation. Thus, the answer is: tween.

[Analysis] This question examines types of Flash animations. Tween animation includes two types: motion tween animation and shape tween animation. Motion tween animation can process properties such as the component's position, size, rotation, and transparency, while shape tween animation can transform shapes."	2024	middle	medium
4952	```` is a basic concept in big data processing.	fill_in_the_blank	Divide and Conquer (Divide and Conquer Strategy)	The basic concept of big data processing	"Answer: The divide-and-conquer method is a fundamental approach for big data processing. Therefore, the answer is: divide-and-conquer method (divide-and-conquer strategy). 

Analysis: This question examines the approach to big data processing. The essence of the divide-and-conquer method: 
(1) Divide - break the problem down into smaller subproblems; 
(2) Conquer - solve these smaller subproblems one by one; 
(3) Combine - merge the solved subproblems to finally arrive at the solution to the ""parent"" problem."	2020	middle	easy
2760	For an information system to successfully achieve the sending, receiving, converting, and transmitting of information, it must have ( ) as a guarantee.	fill_in_the_blank	Communication network	Components of an Information System	[Answer] For an information system to effectively accomplish the sending, receiving, conversion, and transmission of information, a communication network is essential. Therefore, the answer is: communication network. [Analysis] This question examines the elements of an information system. An information system comprises five basic elements: hardware, software, data, communication network, and users. Hardware is the tangible equipment that people can see and touch; software is the foundation for the normal operation of an information system; data is a crucial resource within the system. Users are a significant component of an information system, as it exists to facilitate people's lives and work.	others	middle	easy
5698	The main functions of a multimedia system are to collect, \_\_\_, \_\_\_, \_\_\_, and \_\_\_ various types of media.	fill_in_the_blank	Encoding; Storage; Transmission; Processing	Components of a Multimedia Computer System	"Answer: The main functions of a multimedia system are to collect, encode, store, transmit, process, and reproduce various media. Therefore, the answer is: encode, store, transmit, process.

Analysis: This question examines the functions of multimedia systems. A multimedia computer system refers to a complete computer system that integrates audio and visual interactive controls, and performs digitized acquisition, generation, storage, processing, retrieval, and transmission of audio and video signals."	others	middle	medium
752	The 3D printing forming process includes: ( ), ( ), and ( ).	fill_in_the_blank	Pre-processing; Forming and processing; Post-processing	The basic process of 3D printing	"Answer: The 3D printing process includes three main stages: preprocessing, fabrication, and post-processing. It does not include high-speed jet processing. Therefore, the answer is: ①②③.

Analysis: This question examines the basic process of 3D printing. Preprocessing involves creating a 3D model using computer design software, then slicing the model to convert it into 2D layers. Fabrication is the core process of 3D printing, where the 3D printer builds the 3D object layer by layer based on the parameters and sliced model data set in the preprocessing stage. The goal of post-processing is to refine the final 3D printed product and perform necessary surface treatment and structural adjustments."	others	middle	easy
1368	Compared to Word documents, the biggest feature of Excel is ( ).	fill_in_the_blank	Strong data processing capabilities.	Data processing software	"Excel is a data processing software, Word is a word processing software. Therefore, the answer is: strong data processing capabilities. 

Analysis: This examines the features of office software. Excel: primarily for the processing and handling of spreadsheet information."	others	middle	easy
2748	A sensor is generally composed of a sensing element, a \_\_\_\_, and a signal conditioning and conversion circuit.	fill_in_the_blank	Conversion component	Composition of the sensor	[Answer] A sensor generally consists of a sensitive element, a conversion element, and a signal conditioning and conversion circuit. Therefore, the answer is: conversion element. [Analysis] This question examines sensors. The conversion element can transform the physical quantities (like temperature, humidity, brightness, etc.) or chemical quantities (such as pH, concentration, etc.) detected by the sensitive element into electrical signals.	2023	middle	easy
3468	In the long course of human development, people have sought knowledge through _______, _______, and from _______, continuously accumulating knowledge, forming the valuable wealth of human society.	fill_in_the_blank	Process data; analyze data; patterns	The Development History of Data Analysis	"[Answer] People process data, analyze data, and find patterns, thereby forming a wealth of knowledge. Hence, the answer is: process data, analyze data, patterns.

[Analysis] This question examines the development of data analysis. Data analysis involves using appropriate statistical methods to analyze collected data, summarizing, understanding, and digesting it to maximize the function and utility of the data. Data analysis is the process of extracting useful information and forming conclusions through detailed study and summary of the data."	others	middle	easy
8311	In data analysis, there are many methods, with some of the more common ones being average analysis, ( ), and grouped analysis.	fill_in_the_blank	Comparative analysis	Common Data Analysis Methods	"Answer: Common data analysis methods include average analysis, comparative analysis, and grouped analysis. Therefore, the answer is: comparative analysis.

Analysis: This question examines data analysis methods. Average analysis uses average metrics to reflect the overall general level. Comparative analysis is based on a unified standard, comparing two or more related metric data to study the scale, level, speed, etc., of the research object quantitatively. Grouped analysis involves dividing overall data into several groups based on a certain criterion for analysis. It helps observe the intrinsic relationships within data, especially the impact of certain factors on results. Appropriate data analysis methods can help people quickly extract value from data."	2022	middle	easy
