index	question	category	answer	knowledge	analysis	year	grade_level	difficulty_level
268	Given \(a\) as any rational number, the minimum value of \(|a + 3| + 3|a + 5| + 2|a - 7|\) is \ul{　 　}.	fill_in_the_blank	(26)	The non-negativity of absolute value###The concept and significance of absolute value###Simplify rational numbers containing absolute values.	nan	2022	middle	hard
28	"Given the system of equations \(\left\{ \begin{array}{r} x + y = 1 - a^{2} \\ x - y = 3a^{2} + 5 \end{array} \right.\ \), the following statements are correct ( ):  
A. Regardless of the value of real number \(a\), \(x\) cannot be equal to \(y\).  
B. When \(a = 1\), the solution of the system is also a solution of the equation \(2x + y = 4a^{2}\).  
C. There exists a value of \(a\) such that \(x = 2\), \(y = -1\).  
D. The minimum value of the expression \(x - 2y\) is 7."	fill_in_the_blank	A, B, D	True Proposition and False Proposition###Elimination method to solve a system of linear equations in two variables	"Solution: Given the system of equations \(\left\{ \begin{array}{r} x + y = 1 - a^{2} \\ x - y = 3a^{2} + 5 \end{array} \right.\ \),

Solving it yields: \(\left\{ \begin{array}{r} x = a^{2} + 3 \\ y = -2 - 2a^{2} \end{array} \right.\ \),

A. When \(x = y\), i.e., \(a^{2} + 3 = -2 - 2a^{2}\), it transforms into: \(3a^{2} = -5\) which has no meaning, ∴\(x\) cannot equal \(y\), A is applicable;

B. When \(a = 1\), the solution to the system is: \(\left\{ \begin{array}{r} x ="	2022	middle	hard
378	In circle \(\odot O\), the diameter \(AB = 4\), \(C\) is a point on the circle other than \(A\) and \(B\), \(D\) and \(E\) are the midpoints of arcs \(\overset{\frown}{AC}\) and \(\overset{\frown}{BC}\) respectively, and \(M\) is the midpoint of chord \(DE\). Then the range of values of \(CM\) is \ul{　 　}.	fill_in_the_blank	\(2 - \sqrt{2} \leq CM \leq 2 + \sqrt{2}\)	The relationship of the three sides of a triangle###Pythagorean theorem###Inscribed Angle Theorem###The median to the hypotenuse of a right triangle	nan	2024	middle	hard
1527	In a certain exam, the passing score is 70. The class's overall average score is 76, the average score of all passing students is 81, and the average score of all failing students is 66. To reduce the number of failing students, the teacher adds 5 points to each student's score. After the adjustment, the average score of all passing students becomes 85, and the average score of all failing students becomes 69. Knowing that the number of students in the class is between 30 and 40, the class has \underline{   } students.	fill_in_the_blank	36	Other Applications of Systems of Linear Equations in Two Variables###Mean and its calculation	[Answer] Solution: Let the number of students who passed be x, and those who failed be y. After adding 5 points to the failing students, n students pass. According to the problem, we get: 81x + 66y = 76(x + y). Solving this, we find: x = 2y. With the added points, we get: (76 + 5)(x + y) = 85(x + n) + 69(y - n). Rearranging gives: x + 4n - 3y = 0. Substituting x = 2y, we get: y = 4n. The total number of students is: x + y = 3y = 12n. Since the total number of students is between 30 and 40, 30 ≤ 12n ≤ 40. Solving this gives: 2.5 ≤ n ≤ 10/3. Since	2024	middle	hard
356	Define a new operation: \(\lbrack a,b,c\rbrack = a(c < a < b)\), where the value of \(\lbrack a,b,c\rbrack\) is the median of \(a\), \(b\), and \(c\). For example, \(\lbrack 1,2,3\rbrack = 2\), \(\lbrack 3,4,8\rbrack = 4\). Given that the function \(y = \left\lbrack x + 2,\frac{3}{x},2x \right\rbrack(x \neq 0)\) has 3 intersection points with the line \(y = b\), determine the range of values that \(b\) can take, which is ( ).	fill_in_the_blank	\(- \sqrt{6} < b < - 1\) or \(\sqrt{6} < b < 3\)	The intersection problem of inverse proportional functions and linear functions###Obtaining information through function graphs###Median	nan	2024	middle	hard
30	"Given a fraction: \(\frac{a^{2}}{a}\) (\(a\) is a positive integer), the denominator and numerator of this fraction are each reduced by 1 in an operation, and so on. After several operations, a sequence of numbers can be obtained: \(\frac{a^{2} - 1}{a - 1}\), \(\frac{a^{2} - 2}{a - 2}\), \(\frac{a^{2} - 3}{a - 3}\), etc. Through actual operation, a student obtained the following four conclusions. The correct ones are ( ).  
A. The fraction obtained after the 8th operation is \(\frac{a^{2} - 8}{a - 8}\)  
B. The fraction after the 8th operation can be simplified to \(a + 8 + \frac{56}{a - 8}\)  
C. It is known  
D. (Answer not provided in the initial question.)"	fill_in_the_blank	A, B	The basic properties of fractions###Exploring the Patterns of Numbers and Expressions	"[Solution] Answer: A. A fraction: \(\frac{a^{2}}{a}\) (where \(a\) is a positive integer), reducing both the numerator and the denominator by 1 represents one operation, resulting in the fraction \(\frac{a^{2} - 8}{a - 8}\) after the 8th operation. Hence, A is correct.

B. After the 8th operation, the fraction \(\frac{a^{2} - 8}{a - 8} = \frac{(a + 8)(a - 8) + 56}{a - 8} = a + 8 + \frac{56}{a - 8}\), so B is correct.

C. After the 3rd operation, the fraction is \(\frac{a^{2} - 3}{a - 3} = \frac{(a + 3)(a - 3)"	2023	middle	hard
3646	"Calculate:  
(1) \(58{^\circ}38^{'}27'' + 47{^\circ}42^{'}40'' = ( ) \)  
(2) \(131{^\circ}28^{'} - 51{^\circ}32^{'}15'' = ( ) \)."	fill_in_the_blank	"106°21'7""; 79°55'45"""	Common Angle Measurement Units and Conversion	"[Analysis]
(1) Solve this problem using angle conversion.
(2) Solve this problem using angle conversion."	others	middle	medium
3224	Using a plane to cut a prism can result in at most an octagon. The prism has \ul{    } vertices and \ul{    } edges.	fill_in_the_blank	12; 18	Cut a geometric solid###Characteristics of the vertices, edges, and faces of a rectangular prism	nan	2024	middle	medium
1391	The solution to the equation \(\frac{1}{9}\{\frac{1}{7}\left[ \frac{1}{5}\left( \frac{x + 2}{3} + 4 \right) + 6 \right]\} = 1\) is \ul{ }.	fill_in_the_blank	x=1	Solve the linear equation with parentheses.###Solving a linear equation with fractional coefficients	"Solution:
Remove the parentheses, obtaining \(\frac{1}{9}\{\frac{1}{7}\left[\frac{x + 2}{15} + \frac{4}{5} + 6 + 8 \right]\} = 1.\)

Remove the brackets, obtaining \(\frac{1}{9}\left( \frac{x + 2}{105} + \frac{4}{35} + \frac{6}{7} + 8 \right) = 1.\)

Then remove the braces, simplifying to \(\frac{x + 2}{3} = 1.\)

Clearing the denominator gives x + 2 = 3.

Rearranging gives x = 1.

Therefore, the answer is: x = 1.

Analysis:
Utilize the method and steps for solving a linear equation in one variable (first remove the parentheses, then move terms and combine like terms, finally making the coefficient ""1"") to analyze"	others	middle	hard
1833	"At 4:27 AM Beijing Time on October 30, 2024, the Long March 2F Yao-19 carrier rocket carrying the Shenzhou-19 manned spacecraft was launched from the Jiuquan Satellite Launch Center. Prior to the launch, scientists conducted inspections on the spacecraft. The most suitable inspection method is \_\_ (fill in ""census"" or ""sample survey"")."	fill_in_the_blank	Census	Comprehensive survey and sampling survey	nan	2024	middle	medium
447	\(13^{7} - 7 \times 13^{6} + 21 \times 13^{5} - 35 \times 13^{4} + 35 \times 13^{3} - 21 \times 13^{2} + 7 \times 13 = ( ) \).	fill_in_the_blank	\(12^{7} + 1\)	Perfect Square Formula and Applications###Exploring the Patterns of Numbers and Expressions	"Solution: From the perfect square formula, we know:
\({(a - b)}^{2}{= a}^{2} - 2ab + b^{2}\),
\({(a - b)}^{3} = a^{3} - 3a^{2}b + 3ab^{2} - b^{3}\),
\({(a - b)}^{4} = a^{4} - 4a^{3}b + 6a^{2}b^{2} - 4ab^{3} + b^{4}\),
\({(a - b)}^{5} = a^{5} - 5a^{4}b + 10a^{3}b^{2} - 10a^{2}b^{3} + 5ab^{4} - b^{5}\),
\({(a - b)}^{6} = a^{6} - 6a^{5}b"	2020	middle	hard
1357	"Reading material: After the rule that calculators cannot be used in junior high exams, Xiaoming solved the problem as follows: Given \( a=\frac{1}{2 + \sqrt{3}} \), find the value of \( 2a^{2} - 8a + 1 \).

He analyzed and solved it like this: 
Since \( a=\frac{1}{2 + \sqrt{3}}=\frac{2 - \sqrt{3}}{(2 + \sqrt{3})(2 - \sqrt{3})} = 2 - \sqrt{3} \),
thus \( a - 2 = - \sqrt{3} \), so \((a - 2)^{2} = 3 \), giving \( a^{2} - 4a + 4 = 3 \),
thus \( a^{2} - 4a = - 1 \), resulting in \( 2a^{2} - 8a + 1 = ( ) \)."	fill_in_the_blank	5	Denominator rationalization###Application of quadratic radicals	nan	2024	middle	hard
298	"Definition: Given that \(x_{1}, x_{2}\) are the two real roots of the quadratic equation \(ax^{2} + bx + c = 0 (a \neq 0)\), if \(x_{1} < x_{2} < 0\) and \(3 < \frac{x_{1}}{x_{2}} < 4\), then this equation is called a ""restricted root equation."" For example, the quadratic equation \(x^{2} + 13x + 30 = 0\) has roots \(x_{1} = -10, x_{2} = -3\), and \(3 < \frac{-10}{-3} < 4\), so the quadratic equation \(x^{2} + 13x + 30 = 0\) is a ""restricted root equation.""

For the quadratic equation \(x^{2} + (1 - m)x - m = 0\)"	fill_in_the_blank	C	Factoring Method for Solving Quadratic Equations###Discriminant of a Quadratic Equation and Its Applications###Competition Questions	nan	2024	middle	hard
1388	If \(\frac{1}{a} - |a| = 1\), then the value of \(\frac{1}{a} + |a|\) is ( ).	fill_in_the_blank	\(\sqrt{5}\)	Arithmetic square root###Perfect Square Formula and Applications###The non-negativity of absolute value	"Solution: Given: \(\frac{1}{a} - |a| = 1\),

Therefore, \(\frac{1}{a} > |a| > 0\),

Thus, \(a > 0\),

Therefore, \({(\frac{1}{a} - a)}^{2} = \frac{1}{a^{2}} - 2 + a^{2} = 1\),

Thus, \(\frac{1}{a^{2}} + a^{2} = 3\),

Therefore, \({(\frac{1}{a} + a)}^{2} = \frac{1}{a^{2}} + 2 + a^{2} = 5\),

Therefore, \(\frac{1}{a} + |a| = \sqrt{5}\),

Thus, the answer is: \(\sqrt{5}\).

Analysis: Based on the given equation and the non-negativity of absolute value"	2024	middle	hard
8	If rational numbers \(a\), \(b\), \(c\) satisfy \(a + b + c = 0\) and \(abc > 0\), then \(\frac{b + c}{|a|} + \frac{a + c}{|b|} + \frac{a + b}{|c|}\) = ( ).	fill_in_the_blank	1	Addition of rational numbers###The rules of multiplication of rational numbers###Simplify rational numbers containing absolute values.	"[Solution] Explanation: Because \( a \), \( b \), and \( c \) are rational numbers, \( a + b + c = 0 \), \( abc > 0 \). Therefore, among \( a \), \( b \), \( c \), there must be one positive and two negative numbers. Since \( a + b + c = 0 \),

Therefore,

\( b + c = - a \),

\( a + c = - b \),

\( a + b = - c \),

Thus,

\(\frac{b + c}{|a|} + \frac{a + c}{|b|} + \frac{a + b}{|c|}\)

\(= \frac{- a}{|a|} + \frac{- b}{|b|} + \frac{- c}{|c|}\)

\(= - 1 + 1 + 1\)

\(= 1\).

So the answer"	2023	middle	hard
1361	First simplify \((x - \frac{2x - 1}{x}) \div \frac{x^{2} - x}{x^{2}}\), then choose an integer from those whose absolute value is not greater than 2 and substitute it in to evaluate. The simplified expression is ( ) and the evaluated result when x = 2 is ( ).	fill_in_the_blank	x - 1; 1	The conditions under which a fraction is meaningless.###Simplification and evaluation of rational expressions	[Analysis] Directly apply the common denominator operation within the parentheses to simplify it, then substitute the known data to find the answer.	2019	middle	hard
1496	If regardless of the value of \emph{k}, the graph of the linear function \emph{y}= \(\frac{2k - 1}{k + 3}x - \frac{k - 11}{k + 3}\) always passes through a certain point, then the coordinates of that fixed point are \ul{　 　} .	fill_in_the_blank	(2, 3)	Graph of a linear function	"Solution: Transform the linear function \( y = \frac{2k - 1}{k + 3}x - \frac{k - 11}{k + 3} \) into the form \((2k-1)x - (k+3)y - (k-11) = 0\).

From \((2k-1)x - (k+3)y - (k-11) = 0\), we obtain: \((2x-y)k - (x+3y) = k-11\).

This equation holds for any value of \( k \).

Therefore, \( 2x-y=1 \) and \( x+3y=11 \).

Solving these, we find: \( x=2 \), \( y=3 \).

Thus, regardless of the value of \( k \), the graph of the linear function \((2k-1)x - (k+3)y - (k-11"	2021	middle	hard
385	"The party has four programs, A, B, C, and D, that need rehearsals. Once all the performers are present, the rehearsal begins. Each program's rehearsal starts immediately after the previous one finishes. The number of performers and rehearsal duration (in minutes) for each program are as follows:

- Program A: 10 performers, 30 minutes 
- Program B: 2 performers, 10 minutes 
- Program C: 10 performers, 20 minutes 
- Program D: 1 performer, 10 minutes 

Each performer participates in only one program. The waiting time for a performer is defined as the time interval from the start of the first program's rehearsal to the start of the program in which the performer participates (excluding changeover time and other factors).

If programs are rehearsed in the order of ""A - B - C - D,"" the waiting time for the performers of Program D is ( ) minutes. To minimize the total waiting time for all 23 performers, the optimal order is ( )."	fill_in_the_blank	60; C - A - B - D	The practical application of rational number addition.###Practical Applications of Rational Number Multiplication	nan	others	middle	hard
542	"Definition: The value of the unknown that makes both the equation(s) and inequality(s) true is called the ""dream solution"" of the equation(s) and inequality(s).

Example: Given the equation \(2x - 3 = 1\) and the inequality \(x + 3 > 0\), the solution of the equation is \(x = 2\), which also satisfies the inequality, thus \(x = 2\) is called the ""dream solution"" for the equation \(2x - 3 = 1\) and the inequality \(x + 3 > 0\).

(1) \(x = -1\) is the ""dream solution"" for the equation \(2x + 3 = 1\) and the following inequality: \(x - \frac{1}{2} > ( ) \)"	fill_in_the_blank	1	Solve a system of linear inequalities in one variable.###Special solutions of a system of linear inequalities###Elimination method to solve a system of linear equations in two variables	nan	2024	middle	hard
1337	Given that \(A(x_{1}, y_{1})\) and \(B(x_{2}, y_{2})\) are two distinct points on the graph of the linear function \(y = 2x - kx + 1\), and \(m = (x_{1} - x_{2})(y_{1} - y_{2})\), then when \(m < 0\), the range of values for \(k\) is ( ).	fill_in_the_blank	\(k > 2\)	Solve a linear inequality in one variable.###Properties of a Linear Function	nan	2023	middle	hard
3228	At the beginning of last year, Xiaolong deposited his New Year money into the bank as a one-year fixed deposit, and at maturity, the total principal and interest amounted to 2,150 yuan. Given that the annual interest rate of this type of savings is 3.50%, let the amount of New Year money Xiaolong deposited be x yuan. According to the problem, the equation can be set up as ( ) (excluding interest tax).	fill_in_the_blank	x + 0.035x = 2150	Form a linear equation in one variable.###Practical Applications of Linear Equations - Interest Problems	Solution: According to the problem, Xiaolong deposited x yuan of gift money with an annual interest rate of 3.50% for 1 year. The total principal and interest at maturity is 2150 yuan. The equation can be set up as: x + 3.50%x × 1 = 2150, i.e., x + 3.50%x = 2150. Therefore, the answer is: x + 3.50%x = 2150. Analysis: The formula for interest and total principal and interest is: interest = principal × annual interest rate × time, total principal and interest = principal + interest. Based on the known annual interest rate and time, and the total principal and interest at maturity, let the principal be x and use the formula to set up the equation.	others	middle	medium
355	If the result of simplifying \(|1 - x| - \sqrt{x^{2} - 8x + 16}\) is \(2x - 5\), then the range of values for \(x\) is ( ).	fill_in_the_blank	1 ≤ x ≤ 4	Complete square form###Method for finding the absolute value of a rational number###Square root (finding the square root)	"Solution:

The original expression is \(|1 - x| - \sqrt{(x - 4)^{2}}\) = \(|1 - x| - |x - 4|\).

When 1-x≥0 and x-4≥0, there is no solution for x. This does not satisfy the problem.

When 1-x≥0 and x-4≤0, we get x≤1, and the original expression equals 1-x-4+x=-3.

When 1-x≤0 and x-4≥0, we get x≥4, and the original expression equals x-1-x+4=3.

When 1-x≤0 and x-4≤0, we get 1≤x≤4, and the original expression equals x-1-4+x = 2x-5.

In summary analysis, when 1≤x≤4, \(|1 - x| - \sqrt{x^{2} -"	2024	middle	hard
580	Calculate: \(\sqrt[4]{(-4)^{2}} - \sqrt[3]{3^{3}} - 2^{0} + \left(\frac{1}{2}\right)^{-3}\) = ( )	fill_in_the_blank	6	Zero exponentiation###Negative integer exponentiation###Definition of the Square Root	[Analysis] By calculating using the properties of square roots, zero exponent, and negative integer exponents, the answer can be obtained.	2019	middle	hard
545	"Given that functions \(y = x^{2} + mx + n\) and:  
(1) The related function \(h = y - g = ( )\).  
(2) The inequality \(t\) is ( ).  
(3) The condition for \(\left| x_{1} - x_{2} \right|\) is ( ) and \(\left| x_{1} - x_{2} \right|\) is not equal to ( )."	fill_in_the_blank	\(x^{2} - 2x - 3\); \(t \geq -4\); \(0 < \left| x_{1} - x_{2} \right| < 2\); 1	The relationship between linear functions and inequalities (systems).###Comprehensive Application of Quadratic Functions and Quadratic Equations in One Variable	nan	2024	middle	hard
546	Given the numbers \( a \), \( b \), \( x \), and \( y \) satisfy \( a + b = x + y = 2 \) and \( ax + by = 5 \), find the value of \(\left( a^{2} - b^{2} \right)\left( x^{2} - y^{2} \right) = ( ) \).	fill_in_the_blank	24	Polynomial multiplied by polynomial###Factorization - Formula Method###Find the value of the algebraic expression - direct substitution method.	nan	2024	middle	hard
2810	Xiaohong read a book. On the first day, she read \(\frac{1}{3}\) of the book. On the second day, she read 10 pages more than the first day. The remaining 30 pages were finished on the third day. The book has a total of ( ) pages.	fill_in_the_blank	120	Fraction Division Word Problems	nan	2024	middle	medium
1404	Given that \(x_1, x_2, x_3, \ldots, x_{18}\) are non-zero rational numbers, if \(y_1 = \frac{|x_1|}{x_1}\), then \(y_1\) equals 1 or -1; if \(y_2 = \frac{|x_1|}{x_1} + \frac{|x_2|}{x_2}\), then \(y_2\) equals 2, -2, or 0; for \(y_{18} = \frac{|x_1|}{x_1} + \frac{|x_2|}{x_2} + \frac{|x_3|}{x_3} + \cdots + \frac{|x_{18}|}{x_{18}}\), the sum of the absolute values of all possible values that \(y_{18}\) can equal is ( ).	fill_in_the_blank	18	Exploring the Patterns of Numbers and Expressions###Method for finding the absolute value of a rational number	Solution: Given that if \(y_1 = \frac{|x_1|}{x_1}\), then \(y_1 = 1\) or \(-1\); \(y_2 = \frac{|x_1|}{x_1} + \frac{|x_2|}{x_2}\), \(y_2 = 2\), \(-2\), or \(0\); Therefore, \(y_{18} = \frac{|x_1|}{x_1} + \frac{|x_2|}{x_2} + \frac{|x_3|}{x_3} + \ldots + \frac{|x_{18}|}{x_{18}}\), thus \(y_{18} = -18, -16, -14, -12, -10, -8, -6, -4, -2, 0, 2, 4, 6,	2023	middle	hard
1187	Given \(\frac{|a|}{a} + \frac{|b|}{b} + \frac{|c|}{c} = -1\), find the value of \(\frac{ab}{|ab|} + \frac{bc}{|bc|} + \frac{ca}{|ca|} + \frac{abc}{|abc|} = ( )\).	fill_in_the_blank	0	Absolute value and the absolute value of rational numbers.###The rules of multiplication of rational numbers###The division rule for rational numbers	[Analysis] Since the absolute value of a positive number is itself, the absolute value of a negative number is its opposite. The quotient of two non-zero numbers that are opposites is -1, and the quotient of two identical non-zero numbers is 1. Thus, based on the given conditions, it can be concluded that out of a, b, and c, there must be two negative numbers. Therefore, there are three cases: ① If \emph{a}\textless0, \emph{b}\textless0, \emph{c}\textgreater0, then \emph{ab}\textgreater0, \emph{bc}\textless0, \emph{ca}\textless0, \emph{abc}\textgreater0. ② If \emph{a}\textless0, \emph{b}\textgreater0, \emph{c}\textless0, then \emph	others	middle	hard
3685	A water well has a water surface 3 meters below the well opening. A snail climbs up along the well wall from the water surface. The first time it climbs 0.5 meters up and slides down 0.1 meters; the second time it climbs 0.42 meters and slides down 0.15 meters; the third time it climbs 0.8 meters and slides down 0.2 meters; the fourth time it climbs 0.8 meters without sliding down. On the fifth time, it needs to climb at least \ul{    } meters to reach the well opening.	fill_in_the_blank	0.93	The practical application of addition and subtraction mixed operations of rational numbers.	"Solution: From the problem statement, the distance climbed the first time is 0.5 - 0.1 = 0.4 meters. The distance climbed the second time is 0.4 + 0.42 - 0.15 = 0.67 meters. The distance climbed the third time is 0.67 + 0.8 - 0.2 = 1.27 meters. The distance climbed the fourth time is 1.27 + 0.8 = 2.07 meters. Therefore, 3 - 2.07 = 0.93 meters, meaning at least 0.93 meters must be climbed the fifth time to reach the top of the well.

Thus, the answer is: 0.93

Analysis: Calculate the distance climbed each time according to the problem statement before finding the solution."	others	middle	medium
1507	If the two sides of \(\angle 1\) are respectively parallel to the two sides of \(\angle 2\), and \(\angle 1\) is \(30^\circ\) less than twice \(\angle 2\), then \(\angle 1 =\) ( ).	fill_in_the_blank	110{^\circ}	Complementary angles, supplementary angles, and their properties###The concept of alternate interior angles###The concept of consecutive interior angles	nan	2023	middle	hard
1213	Real numbers \(x\), \(y\), \(z\) satisfy the condition \(\sqrt{x} + \sqrt{y - 1} + \sqrt{z - 2} = \frac{1}{4}(x + y + z + 9)\). The value of \(xy - z\) is \(\underline{\quad}\).	fill_in_the_blank	14	Factorization - Formula Method###The condition for a quadratic radical to be meaningful###Properties and Simplification of Quadratic Radicals	nan	2024	middle	hard
1616	"Fill in the corresponding blanks with the following numbers:
8, \(\frac{3}{4}\), 0.275, 0, -\(\frac{1}{3}\), -6, -0.25, \(|-2|\).

Positive integers: \_\_\_\_ ;
Integers: \_\_\_\_ ;
Negative numbers: \_\_\_\_ ;
Negative fractions: \_\_\_\_ ;
Negative rational numbers: \_\_\_\_ ."	fill_in_the_blank	8, | -2 |; 8, 0, | -2 |, -6; -1/3, -6, -0.25; -1/3; -1/3, -6, -0.25	Classification of Rational Numbers###Method for finding the absolute value of a rational number	"[Answer] Solution: From the problem statement, we find \(|-2| = 2\). 

Therefore, the positive integers are 8, \(|-2|\); 

The integers are 8, 0, \(|-2|, -6\); 

The negative numbers are \(-\frac{1}{3}\), -6, -0.25; 

The negative fractions are \(-\frac{1}{3}\); 

The negative rational numbers are \(-\frac{1}{3}\), -6, -0.25. 

Thus, the answer is: 8, \(|-2|; 8, 0, |−2|, -6; −\frac{1}{3}\), -6, -0.25; −\(\frac{1}{3}\); \(-\frac{1}{3}\), -6, -0.25. 

[Analysis] By"	others	middle	medium
126	"We know multiplication has the distributive law, which can be easily applied to solve more complex mixed operations.

(1) Calculate: \(\left( \frac{1}{3} - \frac{1}{6} + \frac{1}{4} \right) \times 12 = ( )\).

(2) Since division does not have the distributive law, it becomes challenging when faced with similar mixed operations involving division. After learning about reciprocals, Xiao Ming came up with an idea for such mixed operations in division: first, calculate the reciprocal of the expression, then use the meaning of the reciprocal to derive the original result. Here is Xiao Ming's calculation process:

\(\frac{1}{20} \div \left( \frac{1}{4} - \frac{1}{5} + \frac{1}{2} \right) = ( )\).

Solution: The reciprocal of the original expression is:

\(\left( \frac{1}{4} -\)..."	fill_in_the_blank	5; -5	The reciprocal of a rational number###The multiplication rule of rational numbers	nan	2024	middle	hard
1214	"A four-digit number \(A = M \times N\), where \(M\) and \(N\) are both two-digit numbers with the same tens digit and \(|M - N| = 2\), finds its minimum value of \(A\); placing \(M\) to the left of \(N\) forms a new four-digit number \(B\), which we call the ""composite number"" of \(A\). If the product of the hundreds digit and the units digit of \(B\) is divisible by the sum of its hundreds digit plus 4, and \(A\) is divisible by 17, then the minimum value of \(B\) that satisfies the conditions is ( )."	fill_in_the_blank	3436	Applications of Factoring	nan	2024	middle	hard
1672	The main trunk of a certain plant grows a number of branches, each branch grows the same number of small branches, and the total number of the main trunk, branches, and small branches is 43. Then each branch grows ( ) small branches.	fill_in_the_blank	6	The Practical Application of Quadratic Equations - Transmission Issue	nan	2024	middle	medium
118	Calculate: \( \sqrt{4} + \sqrt[3]{-64} - \sqrt{(-3)^{2}} + |\sqrt{3} - 1| = ( ) \).	fill_in_the_blank	1	The simplest quadratic surd###Addition and Subtraction of Quadratic Radicals	[Analysis] The essence of radical calculations is the simplification and combination of radicals.	2023	middle	hard
5141	If the simplest quadratic surd \(\sqrt{2a + 1}\) and \(\sqrt{7}\) are similar quadratic surds, then \(a =\) ( ).	fill_in_the_blank	3	The simplest quadratic surd###Similar quadratic surds	nan	2023	middle	easy
1561	"Exploration and Research:

(1) Compare the following expressions (using ""<"", "">"", ""="" to connect)
① \(|2| + |3|\) ( ) \(|2 + 3|\);
② \(| - 2| + | - 3|\) ( ) \(| - 2 - 3|\);
③ \(|2| + | - 3|\) ( ) \(|2 - 3|\);
④ \(|2| + |0|\) ( ) \(|2 + 0|\).

(2) a and b are rational numbers. By comparing and analyzing, summarize the relationship between the sizes of \(|a| + |b|\) and \(|a + b|\) (using ""<"", "">"", ""="", ""≥"", ""≤"" to connect).
When a and b have the same sign, \(|a| + |b|\) ( ) \(|a + b|\);
When a and b have opposite signs, \(|a| + |b|\) ( ) \(|a + b|\).

(3) When \(x \leq 0\), the relationship is \(|a + b| ( ) 0\)."	fill_in_the_blank	=, =, >, =; =, >; ≤	Comparison of Rational Numbers###Exploring the Patterns of Numbers and Expressions	"Solution:

(1)
① Since \(|2| + |3| = 5\) and \(|2 + 3| = 5\),
therefore \(|2| + |3| = |2 + 3|\);
② Since \(|-2| + |-3| = 5\) and \(|-2 - 3| = 5\),
therefore \(|-2| + |-3| = |-2 - 3|\);
③ Since \(|2| + |-3| = 5\) and \(|2 - 3| = 1\),
therefore \(|2| + |-3| > |2 - 3|\);
④ Since \(|2| + |0| = 2\) and \(|2 + 0| = 2\),
therefore \(|2| + |0| = |2 + 0|\).

Thus, the answers are: ①"	2022	middle	hard
34	"In a plane Cartesian coordinate system, \(O\) is the origin. The portion of the function \(y = 2x + b\) (\(b\) is a constant) that lies below the \(x\)-axis is reflected over the \(x\)-axis to its above. The resulting graph is that of the function \(y = |2x + b|\) (\(b\) is a constant). If the function \(y = |2x + b|\) (\(b\) is a constant) has intersection points A and B with the line \(y = 2\), the correct conclusion among the following is numbered \ul{　 　}.

① The area of \(\bigtriangleup AOB\) is always \(2\);
② If the x-coordinates of the points on the graph of \(y = |2x + b|\) (\(b\) is a constant) that lie below the line \(y ="	fill_in_the_blank	(1)(2)(3)	Graph of a Linear Function and Geometric Transformations###The relationship between linear functions and linear equations in one variable	"[Answer] Solution: ① Let \(y = 2\), then \(x_1 = \frac{a - b}{2}, x_2 = \frac{-a - b}{2}\),  
∴\(A\left( \frac{a - b}{2}, 2 \right), B\left( \frac{- a - b}{2}, 2 \right)\),  
∴\(AB = 2\),  
∴\(S_{\bigtriangleup AOB} = \frac{1}{2}AB \times 2 = 2\), so ① is correct;  
② When \(x = 3\), \(6 + b \geq 2, b \geq -4\),  
When \(x = 0\), \(b \leq 2\),  
∴the range of b: \(-4 \leq b \leq 2\), so"	2024	middle	hard
153	If \(m\) and \(n\) are two unequal real numbers, \(m^{2} - m = 3\), \(n^{2} - n = 3\), then the algebraic expression \(2n^{2} - mn + 2m + 2021\) equals ( ).	fill_in_the_blank	2032	The roots of a quadratic equation.###The relationship between the roots and coefficients of a quadratic equation (Vieta's formulas)###Finding the value of an algebraic expression - holistic substitution method for finding values.	nan	2024	middle	hard
1269	"Read the following material to solve the subsequent problems:

Material:
① We have learned the perfect square formula: \((a \pm b)^{2} = a^{2} \pm 2ab + b^{2}\), where expressions in the form of \(a^{2} \pm 2ab + b^{2}\) are called perfect square forms. Sometimes, we can transform an expression into a perfect square form through decomposition, such as: \(\sqrt{8 + 2\sqrt{7}} = \sqrt{7 + 2\sqrt{7} + 1} = \sqrt{\left( \sqrt{7} \right)^{2} + 2\sqrt{7} + 1^{2}}\)\(= \sqrt{\left( \sqrt{7} + 1 \right)^{2}} = \sqrt{7} + 1\), \(\sqrt{4 - 2\sqrt{3}}\).

(1) Transform \(\sqrt{5 + 2\sqrt{4}}\) and \(\sqrt{4 - 2\sqrt{3}}\) to perfect square forms: ( ) ; ( ) 

(2) If \(m + n = 4\), then calculate the possible values of \(m^2 + n^2\): ( ) , ( ) , ( ) , ( ) , ( )."	fill_in_the_blank	(1) \(\sqrt{5} + 1\) ; \(2 - \sqrt{3}\) ; (2) 9, 16, 23, 30, 37.	Application of the Completing the Square Method###Observation and Experimentation	nan	2023	middle	hard
1532	"\(\left\{ \begin{array}{r} x + 2y + 3z = 15 \\ \frac{x + 4z}{3} = \frac{y - 3z}{4} = 3 \end{array} \right. \) 

The transformed system of equations is:  
\(\left\{ \begin{array}{r}  
x + 4z = ( ) \\  
y - 3z = ( ) \\  
x + 2y + 3z = 15 
\end{array} \right.\ \)"	fill_in_the_blank	9; 12	Solution and Application of a System of Three Variables Linear Equations	[Analysis] By rearranging (2), we get: x = 9 - 4z (4), and by rearranging (3), we get: y = 12 + 3z (5). Substituting (4) and (5) into (1) allows us to solve for the value of z. Then, substituting the value of z into (4) and (5) respectively, we can find the values of x and y, thereby deriving the solution to the original system of equations.	others	middle	hard
4437	"The packaging of a bag of candy is marked with ""total mass (500±5)g"". Xiao Ming weighed it and found the mass to be 497g. Therefore, the mass of this bag of candy is ( )."	fill_in_the_blank	Qualified	Use positive and negative numbers to represent quantities with opposite meanings.	Solution: Since 497 = 500 - 3, therefore, the weight of this bag of candies is qualified. Thus, the answer is: Qualified. Analysis: The problem can be solved by using positive and negative numbers to represent opposite values combined with the meaning of the question.	others	middle	easy
2003	Spring is a peak season for infectious diseases, so the community leader decided to organize all residents to get influenza vaccinations at two sites, A and B. It is known that the time required for site A from preparation to vaccinating a consecutive number of a people is \((\frac{1}{2}a + 30)\) minutes; and for site B from preparation to vaccinating b people is \((\frac{1}{3}b + 50)\) minutes. Initially, the community leader attempted to distribute 90 residents to sites A and B in a certain ratio for vaccination, resulting in both sites completing the task at the same time. The ratio of the number of people allocated to site A compared to site B is ( ):( ). To ensure the vaccination process is continuous, as the initial 90 residents were nearing completion, the community leader assigned m more unvaccinated residents to site A and n to site B. To ensure both sites complete the vaccination tasks at the same time, the required value of \(\frac{m}{n}\) is ( ).	fill_in_the_blank	2; 1; \(\frac{2}{3}\)	The Practical Application of Linear Equations - Mixture Problems	"[Solution] Let the number of people assigned to site A be x, then the number of people assigned to site B would be (90-x). According to the problem, we have: 

\(\frac{1}{2}x + 30 = \frac{1}{3}(90 - x) + 50\),

Solving this gives: x=60,

Thus, the number of people assigned to site B is 90-x=90-60=30,

So the ratio of the number of people assigned to site A to site B is 60:30=2:1;

Considering the vaccination tasks are completed at both sites in the same amount of time, we have: 

\(\frac{1}{2}(60 + m) + 30 = \frac{1}{3}(30 + n) + 50\)

Solving this gives: 3m=2n

That is, \(\frac{n}{m} = \"	others	middle	medium
560	"The ancient saying goes: ""Spring sleep does not notice dawn."" Every early spring, many people tend to become lethargic and feel unrefreshed after waking up. We can prevent and treat this through diet; for instance, the following foods can prevent spring fatigue: Chinese toon, garlic, chives, yam, and oatmeal. As spring approaches, a certain businessman seized the opportunity and stocked up on three types of oatmeal, known as A, B, and C. It is known that the profit margin for each bag of type A oatmeal is 10%, for type B is 20%, and for type C is 30%. When the sales ratio of these three types of oatmeal bags is 1:3:1, the total profit margin obtained by the businessman is 22%; and when the sales ratio is 3:2:1, the total profit margin is 20%. So, when the sales ratio of these three types of oatmeal bags is 2:3:"	fill_in_the_blank	25\%	The Practical Application of Percentages	[Answer] Solution: Let the cost prices of the three types of cereal be a, b, and c, then the profits are: 10%a, 20%b, 30%c respectively. Sales volume is calculated based on portions: According to the problem \(\left\{ \begin{array}{r} \frac{10\% a \times 1 + 20\% b \times 3 + 30\% c \times 1}{1a + 3b + 1c} = 22\% \\ \frac{10\% a \times 3 + 20\% b \times 2 + 30\% c \times 1}{3a + 2b + 1c} = 20\% \end{array} \right.\) Solving gives \(\left\{ \begin{array}{r} c = 3a \\ b = 2a \end	2023	middle	hard
1389	If the positive integer \(A = 7 \times 7 \times 19 \times B\) (where \(B\) is a prime number), then \(A\) has a total of ( ) factors.	fill_in_the_blank	12	Prime numbers and composite numbers	"Solution: The factors of A are 1, 7, 19, B, 7×7, 7×19, 7B, 19B, 7×7×19, 7×7B, 7×19B, 7×7×19B, totaling 12 factors. Therefore, the answer is 12.

Analysis: If B is neither 7 nor 19, then each of these prime numbers is a factor of A, as well as the product of any two numbers, any three numbers, or the product of all four numbers."	2019	middle	hard
3263	"Compare the sizes (fill in with "">"" or ""<""):

(1) -(-2) ( ) 3

(2) -| -3.5 | ( ) 0

(3) \(-\frac{3}{4}\) ( ) \(-\frac{4}{5}\)"	fill_in_the_blank	<; <; >	Comparison of Rational Numbers - Direct Comparison Method###Comparison of Rational Numbers - Absolute Value Comparison Method	"Solution: 

(1) \(- ( - 2) = 2\), and \(2 < 3\), so the answer is: <;

(2) \(- | - 3.5| = - 3.5\), and \(-3.5 < 0\), so the answer is: <;

(3) Since \(| - \frac{3}{4}| = \frac{3}{4}\), \(| - \frac{4}{5}| = \frac{4}{5}\), and \(\frac{3}{4} < \frac{4}{5}\), therefore \(- \frac{3}{4} > - \frac{4}{5}\), so the answer is: >.

Analysis: 
(1) First simplify, then compare the sizes;
(2) First simplify, then compare the sizes;
(3) Compare the sizes using the method for comparing two negative numbers."	others	middle	medium
120	Simplify first, then evaluate: \((\frac{3x + 4}{x^{2} - 1} - \frac{2}{x - 1}) \div \frac{x + 2}{x^{2} - 2x + 1}\), where \(x = 3\). The simplified expression at \(x = 3\) is ( ).	fill_in_the_blank	\(\frac{1}{2}\)	Mixed operations of fractions###Simplification and evaluation of rational expressions	[Analysis] Factorize the numerators and denominators in the expression that can be factored, then convert division into multiplication, simplify to the simplest form, substitute the value of the unknowns, and find the result.	2024	middle	hard
98	"Arrange the set of numbers \(\sqrt{3}\), \(\sqrt{6}\), \(3\), \(2\sqrt{3}\), \(\ldots\), \(3\sqrt{7}\) in the following order:  
\(\sqrt{3}\), \(\sqrt{6}\), \(3\), \(2\sqrt{3}\);  
\(\sqrt{15}\), \(3\sqrt{2}\), \(\sqrt{21}\), \(2\sqrt{6}\);  
\(\ldots\)  
If the position of \(3\) is noted as \((1,3)\), the position of \(\sqrt{15}\) as \((2,1)\), and the position of \(2\sqrt{6}\) as \((2,4)\), then the position of \(3\sqrt{7}\) is noted as ( )."	fill_in_the_blank	(6, 1)	Properties and Simplification of Quadratic Radicals###Exploring Patterns - Number Array Patterns###Exploring Patterns - The Regularity of Coordinates of Points	"Answer: Solution: According to the problem, this set of data can be written as: \(\sqrt{3}\), \(\sqrt{3 \times 2}\), \(\sqrt{3 \times 3}\), \(\sqrt{3 \times 4}\);  
\(\sqrt{3 \times 5}\), \(\sqrt{3 \times 6}\), \(\sqrt{3 \times 7}\), \(\sqrt{3 \times 8}\);  
...  
Therefore, starting from \(\sqrt{3}\), each row contains four numbers.  
Since \(3\sqrt{7}=\sqrt{63}=\sqrt{3 \times 21}\),  
\(3\sqrt{7}\) is the 21st number in this data series.  
As \(21\div4=5...1\),  
\(3\sqrt{7}\) is the 1st number in the 6th"	2023	middle	hard
1782	There are two black bags \(A\) and \(B\). Bag \(A\) contains four identical balls except for their numbers, marked with the numbers \(0\), \(1\), \(2\), and \(3\). Bag \(B\) contains three identical balls except for their numbers, marked with the numbers \(0\), \(1\), and \(2\). Xiaoming first randomly draws a ball from bag \(A\) and lets \(m\) represent the number on the drawn ball, then randomly draws a ball from bag \(B\) and lets \(n\) represent the number on the drawn ball. If \((m, n)\) represents the corresponding values of \(m\) and \(n\) when Xiaoming draws the balls, the probability that the quadratic equation \(x^{2} - mx + \frac{1}{2} - n = 0\) has real roots is \ul{　 　}.	fill_in_the_blank	\( \frac{5}{6} \)	Calculate probability using the listing method or tree diagram method.	nan	2023	middle	medium
1260	"Observe the following equations: \(\frac{1}{1 \times 2} = 1 - \frac{1}{2}, \frac{1}{2 \times 3} = \frac{1}{2} - \frac{1}{3}, \frac{1}{3 \times 4} = \frac{1}{3} - \frac{1}{4}\).

Therefore, \(\frac{1}{1 \times 2} + \frac{1}{2 \times 3} + \frac{1}{3 \times 4} = 1 - \frac{1}{2} + \frac{1}{2} - \frac{1}{3} + \frac{1}{3} - \frac{1}{4} = 1 - \frac{1}{4} = \frac{3}{4}\).

(1) Conjecture and write: \(\frac{( )}{99}\), \(\frac{1}{( )}\)  
(2) Solution: \(\frac{1}{1 \times 2} + \frac{1}{2 \times 3} + \frac{1}{3 \times 4} + \ldots + \frac{1}{99 \times 100}\)  
\(= 1 - \frac{1}{2} + \frac{1}{2} - \frac{1}{3} + \frac{1}{3} - \frac{1}{4} + \ldots + \frac{1}{99} - \frac{1}{( )}\)  
\(= 1 - \frac{1}{100}\)  
\(= \frac{99}{100}\);  
(3) \(\frac{1}{2 \times 4} + \frac{1}{4 \times 6} +... \)"	fill_in_the_blank	1; 100	Addition and subtraction of rational numbers###Exploring Patterns - Equations-type Patterns	"Solution:  
Solution: (1) \(\frac{1}{99 \times 100} = \frac{1}{99} - \frac{1}{100}\)  
Therefore, the answer is: \(\frac{1}{99}\), \(\frac{1}{100}\);  

Analysis:  
(1) Based on the given equation, we find the pattern, resulting in \(\frac{1}{99 \times 100} = \frac{1}{99} - \frac{1}{100}\);  
(2) The original formula is transformed into \(1 - \frac{1}{2} + \frac{1}{2} - \frac{1}{3} + \frac{1}{3} - \frac{1}{4} + \ldots + \frac{1}{99} - \frac{1}{100}\). By calculating the mixed operations of rational numbers, we can find the solution;"	2023	middle	hard
1676	Compare the sizes: 46.25° ( ) 46°25' (use '>', '<', or '=' to connect).	fill_in_the_blank	=	Comparison of angle size	"[Answer] Solution: \(46.25{^\circ} = 46{^\circ} + 0.25 \times 60' = 46{^\circ}15',\)\\ 
∴\(46.25{^\circ} < 46{^\circ}25',\)\\ 
Therefore, the answer is: <.\\ 
[Analysis] Based on the conversion between angles: \(46.25{^\circ} = 46{^\circ} + 0.25 \times 60' = 46{^\circ}15',\) and thus can be solved."	others	middle	medium
1837	"If a function graph contains at least two distinct points that are symmetric with respect to the origin, we call the function a ""beautiful function,"" and the symmetric points on the graph are called a pair of ""beautiful points."" If the points \(A(2,m)\) and \(B(n,-5)\) are a pair of ""beautiful points"" on the ""beautiful function"" \(y=ax^{2}+bx+c\ (a\neq 0)\), which is symmetric with respect to \(x\), and the axis of symmetry of the function is always located to the right of the line \(x=4\), then the following conclusions are given: ①\(4a+c=0\); ②\(b=\frac{5}{2}\); ③\(-\frac{5}{16}<a<0\); ④\(\frac{55}{16}>a+b+c>3\). The correct conclusions are ( ), ( ), and ( )."	fill_in_the_blank	①; ②; ③	Method of undetermined coefficients to find the quadratic function expression.###The coordinate characteristics of points with respect to origin symmetry	nan	2024	middle	medium
29	"Given the system of equations \(\left\{ \begin{array}{r}
x + 3y = 4 - a \\
x - 5y = 3a
\end{array} \right.\ \), identify which of the following statements are correct:  
A. \(\left\{ \begin{array}{r}
x = 5, \\
y = -1
\end{array} \right.\ \) is a solution to the system of equations ( )  
B. There are \(4\) solutions in which \(x\) and \(y\) are both non-negative integers ( )  
C. The values of \(x\) and \(y\) might be opposite numbers ( )  
D. When \(a = 1\), the solution to the system is also a solution to the equation \(x + y = 4 - a\) ( )."	fill_in_the_blank	False; True; False; True	The solution of a system of linear equations in two variables###Elimination method to solve a system of linear equations in two variables	"Solution: A. Substitute x=5, y=-1 into the system of equations:

\(\left\{ \begin{array}{r}
5 - 3 = 4 - a① \\
5 + 5 = 3a②
\end{array} \right.\ \),

From ①, a=2; from ②, a=\(\frac{10}{3}\), so A does not meet the requirements.

B. Solve the system of equations:

\(\left\{ \begin{array}{r}
x + 3y = 4 - a① \\
x - 5y = 3a②
\end{array} \right.\ \)

Subtract ① from ②: 8y = 4 - 4a

Solve to get: y = \(\frac{1 - a}{2}\),

Substitute the value of y into ① to get: x = \(\frac{a"	2021	middle	hard
1405	"If \(a + b + c = 0\), and \(a > b > c\), the following conclusions: ① \(a > 0\); ② the solution of the equation \(ax + b + c = 0\) with respect to x is \(x = 1\); ③ \(a^{2} = (b + c)^{2}\); ④ the possible values of \(\frac{a}{|a|} + \frac{b}{|b|} + \frac{c}{|c|} + \frac{abc}{|abc|}\) are 0 and 2; the correct conclusion is (     )
A. ① B. ①② C. ①②③ D. ①②③④"	fill_in_the_blank	C	The solution of the estimated equation###The concept and significance of absolute value###Simplify rational numbers containing absolute values.	Solution: Given that \(a+b+c = 0\) and \(a > b > c\), it follows that \(a > 0\) and \(c < 0\), thus statement ① is correct. Substituting \(x = 1\) into the equation \(ax + b + c = 0\), we get \(a + b + c = 0\), hence \(x = 1\) is a solution of the equation \(ax + b + c = 0\), making statement ② correct. Since \(a + b + c = 0\), it follows that \(a = - (b + c)\) and therefore \(a^{2} = (b + c)^{2}\), making statement ③ correct. Given \(a > 0\) and \(c < 0\), it follows that \(\frac{a}{|a|} = 1\) and \(\	2023	middle	hard
3613	In an opaque bag, there are 4 red balls and several yellow balls, all identical except for their color. The probability of randomly drawing a red ball from this bag is \(\frac{2}{5}\). Therefore, there are \_\_\_ yellow balls in the bag.	fill_in_the_blank	6	Solve rational equations###Calculation of Simple Event Probability	nan	2024	middle	medium
219	The Pythagorean theorem \(a^{2} + b^{2} = c^{2}\) itself is an equation concerning a, b, and c. The positive integer solutions \((a, b, c)\) that satisfy this equation are often called Pythagorean triples. The Pythagorean school proposed a formula for constructing Pythagorean triples, which can produce the following Pythagorean triples: \((3, 4, 5)\), \((5, 12, 13)\), \((7, 24, 25)\), \ldots. Upon analyzing the above Pythagorean triples, it can be observed that \(4 = 1 \times (3 + 1)\), \(12 = 2 \times (5 + 1)\), \(24 = 3 \times (7 + 1)\), \ldots. By analyzing this pattern, the 6th Pythagorean triple is ( ).	fill_in_the_blank	(13, 84, 85)	Pythagorean triple###Exploring the Patterns of Numbers and Expressions	"Solution: Based on the pattern observed,

1st Group: \(3=2\times1+1\), \(4=1\times(3+1)\), \(5=4+1\).
2nd Group: \(5=2\times2+1\), \(12=2\times(5+1)\), \(13=12+1\).
3rd Group: \(7=2\times3+1\), \(24=3\times(7+1)\), \(25=24+1\).

Thus, for the nth group: \(2n+1\), \(n(2n+1+1)\), \(n(2n+1+1)+1\).

Therefore, the 6th group: \(2\times6+1=13\), \(6\times(13+1)=84\), \(84+1=85\).

The answer is: 13, 84,"	2024	middle	hard
1183	"Innovation Problem: Analogous to the concept of similar terms, we define that for two polynomials A and B, if they contain the same variables, have the same number of terms, and for each term in A, there is a corresponding term in B that is a similar term, we call these two polynomials “similar polynomials.”

For example, \(4a^{2} + 2ab - 4b\) and \(a^{2} - 3ab + 2b\) are “similar polynomials,” while \(4a^{2} + 2a - 4\) and \(a^{2} - 3a + b\) are not “similar polynomials.”

(1) Given the following three polynomials, the pairs of similar polynomials are ( ).  
① \(4a^{2} + ab - 8\), ② \(7a^{2} + 4b - 1\), ③ \(ab + a^{2} - 1\)  
(2) If \(m\) and \(n\) are values such that \(p(x) = mx^2 + nx + 5\) and \(q(x) = nx^2 + mx - 5\) are similar polynomials, \(m = ( )\), \(n = ( )\).  
(3) If \(k\) and \(a\) are values such that \(r(x) = kx^3 + ax + 7\) and \(s(x) = ax^3 + kx - 7\) are similar polynomials, \(k = ( )\), \(a = ( )\)."	fill_in_the_blank	①③; (1, 6); (3, 3)	Addition and subtraction of polynomials###The concept of a linear equation in one variable	nan	2023	middle	hard
1595	Let \( f(x) = |x+1| + |x| - |x-2| \), then the sum of all solutions of the equation \( f(f(x)) + 1 = 0 \) is ( ).	fill_in_the_blank	\(-\frac{11}{3}\)	Solve a linear equation###Solve linear equations with absolute value signs.	"Solution:  
Given \( f(x) = |x + 1| + |x| - |x - 2| = \left\{ \begin{array}{r}
 -x - 3 \quad (x \leqslant -1) \\
x - 1 \quad (-1 < x \leqslant 0) \\
3x - 1 \quad (0 < x \leqslant 2) \\
x + 3 \quad (x > 2)
\end{array} \right. \)

Let \( t = f(x) \), the equation \( f(f(x)) + 1 = 0 \) can be transformed to \( f(t) = -1 \). Thus, 

\( f(t) = \left\{ \begin{array}{r}
-t - 3 = -1 \quad (t \leqslant -1) \\
t -"	others	middle	hard
1614	Given that the sum of the interior angles of a polygon is \(900{^\circ}\), the polygon has ( ) diagonals.	fill_in_the_blank	14	Diagonals of a polygon###Interior and exterior angles of a polygon	nan	2024	middle	medium
324	There are two non-zero algebraic terms arranged sequentially: \(a_{1} = x + 1\), \(a_{2} = x^{2} - 1\), and \(a_{3} = \frac{a_{2}}{a_{1}}\), \(a_{4} = \frac{a_{3}}{a_{2}}\), \(a_{5} = \frac{a_{4}}{a_{3}}\), and so on. If \(a_{n} = \frac{1}{x - 1}\), express \(n\) in terms of \(k\) (where \(k\) is a positive integer), then \(n =\) ( )	fill_in_the_blank	6k	Multiplication and Division of Fractions	nan	2024	middle	hard
1592	"We define: If the solution to the linear equation in one variable \(ax = b\) concerning \emph{x} is \(b + a\), such an equation is called a ""sum solution equation."" For example, the solution to the equation \(2x = -4\) is \(x = -2\), and \(-2 = -4 + 2\), so the equation \(2x = -4\) is a ""sum solution equation"". Based on the above definition, answer the following question: If the linear equation in one variable \(-3x = mn + n\) concerning \emph{x} is a ""sum solution equation,"" and its solution is \(x = n (n \neq 0)\), then \(m + n =\) ( )."	fill_in_the_blank	\( -\frac{19}{4} \)	The solution of a linear equation in one variable	"Solution: From the problem statement, we know n = mn + n - 3, therefore mn = 3. At the same time, -3n = mn + n gives m = -4. Substituting into the previous equation gives -4n = -3, resulting in n = -\(\frac{3}{4}\). Therefore, m + n = -4 - \(\frac{3}{4}\) = \(-\frac{19}{4}\). Thus, the answer is: \(-\frac{19}{4}\).

Analysis: According to the problem statement, n = mn + n - 3, simultaneously substituting x = n into the equation results in -3n = mn + n, which allows us to find the values of m and n, and consequently determine the value of m + n."	2023	middle	hard
1409	If \(\lbrack x\rbrack\) represents the integer part of any real number, for example: \(\lbrack 3.5\rbrack = 3\), \(\left\lbrack \sqrt{5} \right\rbrack = 2\), etc., then the value of \(\left\lbrack \sqrt{1} \right\rbrack - \left\lbrack \sqrt{2} \right\rbrack + \left\lbrack \sqrt{3} \right\rbrack - \left\lbrack \sqrt{4} \right\rbrack + \cdot \cdot \cdot + \left\lbrack \sqrt{2021} \right\rbrack - \left\lbrack \sqrt{2022} \right\rbrack\) (where “+” and “-” alternate) is \_\_.	fill_in_the_blank	-22	Valuation of irrational numbers###Mixed operations of irrational numbers	"Solution: 

Given that \(1 \leq \sqrt{n}＜2\), i.e., \(\sqrt{1} \leq \sqrt{n}＜\sqrt{4}\), then \(\left\lbrack \sqrt{n} \right\rbrack = 1\) when n = 1, 2, 3. 

Thus, \(\left\lbrack \sqrt{1} \right\rbrack - \left\lbrack \sqrt{2} \right\rbrack + \left\lbrack \sqrt{3} \right\rbrack = 1 - 1 + 1 = 1\).

Given that \(2 \leq \sqrt{n}＜3\), i.e., \(\sqrt{4} \leq \sqrt{n}＜\sqrt{9}\), then \(\left\lbrack \sqrt{n} \"	2024	middle	hard
6056	Given that line segment \( c \) is the geometric mean of line segments \( a \) and \( b \), with \( a = 4 \) cm and \( c = 6 \) cm, then line segment \( b = \) ( ) cm.	fill_in_the_blank	9	Proportional segment	nan	2024	middle	easy
581	"Observe the following equations: (1) -a + b = -(a - b); (2) 2 - 3x = -(3x - 2); (3) 5x + 30 = 5(x + 6); (4) -x - 6 = -(x + 6). Explore the changes in the parentheses in the above four equations and consider how they differ from the rule of removing parentheses. Use the pattern you discovered to solve the following problem:

Given that a\textsuperscript{2} - b\textsuperscript{2} = 5 and 1 - b = -2, find the value of 1 + a\textsuperscript{2} + b - b\textsuperscript{2}. The value of 1 + a\textsuperscript{2} + b - b\textsuperscript{2} is ( )."	fill_in_the_blank	9	The Rule of Adding Parentheses and Its Application	[Analysis] Observing the patterns derived from different forms: When adding parentheses, if there is a positive sign in front, all the terms inside the parentheses remain unchanged; if there is a negative sign in front, all the terms inside the parentheses change signs. From 1 - b = -2, we find b = 3. Then add parentheses to the original expression and substitute the values for calculation.	others	middle	hard
468	We can use the symbol f(a) to represent an algebraic expression. When a is a positive integer, we define if a is even, f(a) = 0.5a; if a is odd, f(a) = 5a + 1. For example: f(20) = 10, f(5) = 26. Let a₁ = 6, a₂ = f(a₁), a₃ = f(a₂), and so on; continue this pattern to form a series of numbers: a₁, a₂, a₃, a₄, etc. (where n is a positive integer), then 2a₁ - a₂ + a₃ - a₄ + a₅ - a₆ + ... + a₍₂₀₁₃₎ - a₍₂₀₁₄₎ + a₍₂₀₁	fill_in_the_blank	7	Exploring the Patterns of Numbers and Expressions###Observation and Experimentation###Induction and Analogy	nan	2022	middle	hard
4706	Label three small balls with the chemical element symbols \(C\), \(O\), and \(H\) respectively (other than the labeling, they are all the same), and put them into an opaque bag. After mixing, randomly draw \(2\) balls. The probability of forming \(CO\) (carbon monoxide) is ( ).	fill_in_the_blank	\(\frac{1}{3}\)	Use the listing method to find the probability.	nan	2024	middle	easy
1531	In rectangle ABCD, AB=9, AD=12, point E is on side CD, and CE=4. Point P is a moving point on line BC. If △APE is a right triangle, then the length of BP is \ul{　 　}.	fill_in_the_blank	6 or \(\frac{31}{3}\) or \(\frac{15}{4}\)	Properties of a Rectangle###Determination and Properties of Similar Triangles###Mathematical thinking	"Solution: If △APE is a right triangle, there are three possible cases:

1. As shown in Figure 1, ∠AEP = 90°,

Therefore, ∠AED + ∠CEP = 90°,
Since quadrilateral ABCD is a rectangle,
∠C = ∠D = 90°,
∠CEP + ∠CPE = 90°,
∠AED = ∠CPE,
△ADE ∽ △ECP,
\(\frac{AD}{CE} = \frac{DE}{CP}\),
i.e., \(\frac{12}{4} = \frac{9 - 4}{CP}\),
Thus, \(CP = \frac{5}{3}\),
Since BC = AD = 12,
\(BP = 12 - \frac{5}{3} = \frac{31}{3}\);

2. As shown in Figure 2, ∠PAE = 90°,"	others	middle	hard
3746	On the clock face, from 3 o'clock to 4 o'clock, when the angle between the hour hand and the minute hand is 60°, it is ( ) minutes past 3 o'clock.	fill_in_the_blank	\(\frac{300}{11}\)	The Practical Application of Linear Equations in One Variable - Geometric Problems###Clock face angle	"Solution: From the problem, the hour hand completes one full circle in 12 hours, moving 30 degrees per hour and 0.5 degrees per minute. The minute hand completes one full circle every hour, moving 6 degrees per minute, with two occurrences. 

First occurrence, let it be 3 hours and x minutes, then 0.5x + 90 - 6x = 60,
solving gives \(x = \frac{60}{11}\) minutes;

Second occurrence, let it be 3 hours and y minutes, then 6y - 90 - 0.5y = 60,
solving gives \(y = \frac{300}{11}\) minutes.

Thus the answer is: \(\frac{60}{11}, \frac{300}{11}\).

Analysis: Based on the clock face angles, the hour hand completes one full circle in 12 hours, moving 30 degrees per hour and 0.5"	others	middle	medium
1238	"In the plane of equilateral triangle ABC, there is a point P such that ∠PAB, ∠PBC, and ∠PAC are all isosceles triangles. Please indicate the number of such points P. ( )  
A. 1 B. 7 C. 10 D. 15"	fill_in_the_blank	10	Properties of an equilateral triangle###The concept of an isosceles triangle###Compass and Straightedge Construction - Isosceles (Equilateral) Triangle	nan	2023	middle	hard
3266	"The operation on point P on a number line is as follows: move point P horizontally along the number line at a speed of m units per second to the right for n seconds to obtain point \(P'\). This operation is called the ""m-speed shift"" of point P, and point \(P'\) is called the ""m-speed shift"" point of point P. It is known that point M on the number line represents the number 1, and the ""2-speed shift"" point of point C when moved to the right for 3 seconds is point \(C'\). If one of the points C, M, and \(C'\) is the midpoint of the line segment connecting the other two points, then the number represented by point C is ( )."	fill_in_the_blank	-11 or -2 or 7	The distance between two points on a number line###Conventional motion model of points on a number line###Midpoint formula in a coordinate system	"Solution:
Let the number represented by point C be t, then the number represented by point C' is t+6.
Since point M represents the number 1, and among the points C, M, and C', one point is the midpoint of the line segment connecting the other two points,
When C is the midpoint of line segment MC', 2t=1+t+6, solving gives: t=7.
When M is the midpoint of line segment CC', 2=t+t+6, solving gives: t=-2.
When C' is the midpoint of line segment CM, 3(t+6)=t+1, solving gives: t=-11.
In summary, the number represented by point C is -11, -2, or 7.
Therefore, the answer is: -11, -2, or 7.

Analysis:
Let the number represented by point C be t, then the number represented by point C' is t+6. According"	others	middle	medium
418	"Solution I is composed of lemon juice, oil, and vinegar in a ratio of 1:2:3; Solution II is made from the same three liquids in a ratio of 3:4:5. After combining the two solutions, the new mixture's ratio cannot be (   ). 
A. 2:5:8   B. 4:5:6   C. 3:5:7   D. 5:6:7
E. 7:9:11"	fill_in_the_blank	A, B, D, E	Application of Proportions	"Solution:

1:2:3 = 3:6:9,  
(3+3):(6+4):(9+5) = 6:10:14 = 3:5:7.  

Therefore, the new mixture ratio could be 3:5:7.  
Hence, the answer is: ABDE.

Analysis:

This question tests the judgment of proportions after mixing. We need to appropriately adjust the proportions of mixtures I and II to find the total proportion after mixing and compare with the options to identify the impossible proportion."	2023	middle	hard
1356	"Use multiplication formulas to calculate the values of the following expressions:
(1) \(2000^{2} - 1999 \times 2001\) = ( )
(2) \((2+1)(2^2+1)(2^4+1) \cdots (2^{2n}+1)\) = ( )"	fill_in_the_blank	1; \(2^{4n+2} - 1\)	The multiplication rule of rational numbers###Difference of squares formula and its applications.	【Analysis】 (1) First, decompose 2001 into 2000+1, then use the distributive property of multiplication to calculate. (2) Multiply both the numerator and the denominator by 2-1, and use the difference of squares formula to simplify and calculate.	others	middle	hard
985	The real number \(0.00000052\) can be expressed in scientific notation as \ul{　 　}.	fill_in_the_blank	\(5.2 \times 10^{- 7}\)	Scientific notation representing numbers greater than 0 and less than 1.	nan	2023	middle	easy
97	If (\emph{a}-5)\textsuperscript{2}+|\emph{b}\textsuperscript{3}-27|=0, then the value of \emph{a}-\emph{b} is ( ).	fill_in_the_blank	2	Cube root and cube extraction###Non-negativity of even powers###The non-negativity of absolute value	"Solution: Since \((a-5)^2 + |b^3-27| = 0\), \((a-5)^2 \geq 0\), and \(|b^3-27| \geq 0\), therefore both \(a-5 = 0\) and \(b^3-27 = 0\). Hence, \(a = 5\) and \(b = 3\). Thus, \(a-b = 2\). Therefore, the answer is: A.

Analysis: Based on the non-negativity of even powers and absolute values, when the sum of two non-negative numbers is zero, each must be zero. Find \(a\) and \(b\), then substitute into the algebraic expression for calculation."	2023	middle	hard
329	"Solve the equation 2x - 3y = 8. The solution can be expressed as:   
\[
\begin{cases} 
x = ( ) + \frac{3}{2}( ) \\
y = ( ) 
\end{cases}
\]
where ( ) is any number."	fill_in_the_blank	4; k; k	Solve the system of linear equations	[Analysis] Due to the arbitrariness in the value of y, it is known that the above indeterminate equation has infinitely many solutions. Generally, linear Diophantine equations in two variables always have infinitely many solutions. By considering one of the unknowns as a constant, another unknown can be solved: the unknown taken as a constant is chosen arbitrarily. For linear Diophantine equations in two variables, we usually study their integer solutions. If k is taken as an even number, then x and y are both integers.	others	middle	hard
3470	"Calculate:  

(1) \(\left( \frac{1}{3} \right)^{-2} + (\pi - 3)^{0} + | - 2024| - \sqrt{9}\) = ( )  

(2) \((2x - 1)^{2} = 25\); \(x = ( )\) or \(x = ( )\)  

(3) \(2021^{2} - 2022 \times 2020\) = ( )  

(4) \(20\frac{2}{3} \times 19\frac{1}{3}\) = ( )."	fill_in_the_blank	2031; 3; -2; 1; 399\(\frac{5}{9}\)	Difference of squares formula and its applications.###Zero exponentiation###Negative integer exponentiation###Using square roots to solve for the unknown	nan	2024	middle	medium
220	If the solution set of the system of linear inequalities in \emph{x} \(\left\{ \begin{array}{r} 4x - 1 > 3(x + 2) \\ a - 2x \leq 5 \end{array} \right.\ \) is \emph{x} > 7, and the solution of the rational equation in \emph{y} \(\frac{y + 2a}{y - 1} + \frac{3y - 8}{1 - y} = 2\) is a non-negative integer, then the sum of all integer values of \emph{a} that satisfy these conditions is ( ).	fill_in_the_blank	94	Solve rational equations###Parameter-related problems in systems of linear inequalities	"[Solution] Solve the inequality system to get \(\left\{ \begin{array}{r} x > 7 \\ x \geqq \frac{a - 5}{2} \end{array} \right.\ \), and the solution set is \(x > 7\), thus \(\frac{a - 5}{2} \leqq 7\), meaning \(a \leq 19\).

Solve the fractional equation to get \(y = \frac{a + 5}{2}\). The equation has a solution, so \(\frac{a + 5}{2} \neq 1\), which means \(a \neq -3\). The solution is an integer, i.e., \(\frac{a + 5}{2}\) is an integer, and \(a\) is odd.

Thus, the integers \(a\) that satisfy the conditions are 19, 17, 15,"	2024	middle	hard
2016	"Solve the system of inequalities: 

\[
\left\{ 
\begin{array}{r}
\frac{5x - 1}{2} + 2 > \frac{x + 5}{4} \\
2x + 5 \leq 3(5 - x)
\end{array} 
\right.
\]

and find the product of its integer solutions.

(2) Solve the rational equation:

\[
\frac{2x}{x + 3} = 3 - \frac{11}{9 - x^{2}}
\]"	fill_in_the_blank	"(1) Solution:
\[
\begin{cases}
\frac{5x - 1}{6} + 2 > \frac{x + 5}{4} & (1) \\
2x + 5 \leq 3(5 - x) & (2)
\end{cases}
\]

Solving inequality (1) gives: \(x > -1\)

Solving inequality (2) gives: \(x \leq 2\)

Therefore, the solution set for the original inequality is: \(-1 < x \leq 2\)

The integer solutions for \(x\) are: 0, 1, 2,

So, the product of the integer solutions is: \(0 \cdot 1 \cdot 2 = 0\)

(2) Solution:
\[
\frac{2x}{x + 3} = 3 - \frac{11}{9 - x^{"	Solve a system of linear inequalities in one variable.###Special solutions of a system of linear inequalities###Method of Clearing Fractions to Solve Fractional Equations	"[Analysis] (1) Solve inequalities ① and ② according to the given conditions, then obtain the solution set of the inequality system, and write out its integer solutions, multiply them together to find the solution;  
(2) First, eliminate the denominators according to the given conditions, then remove parentheses, rearrange terms and combine like terms, and then solve the equation using the direct squaring method, finally verify to find the solution."	others	middle	medium
389	A robot starts from the origin on a number line and moves in the positive direction. It moves in a pattern of advancing 3 steps and then retreating 2 steps. Assume the robot advances or retreats 1 step per second, and each step is 1 unit in length. Let \( x_n \) represent the number corresponding to the robot's position on the number line at the nth second. Consider the following conclusions: ① \( x_3=3 \); ② \( x_5=1 \); ③ \( x_{108} > x_{104} \); ④ \( x_{2019} > x_{2000} \). The numbers of the correct conclusions are ( ).	fill_in_the_blank	①②④	Number line jump model (dynamic pattern model)	Solution: Based on the problem statement, we know: x₁=1, x₂=2, x₃=3, x₄=2, x₅=1, x₆=2, x₇=3, x₈=4, x₉=3, x₁₀=2, x₁₁=3, x₁₂=4, x₁₃=5, x₁₄=4, x₁₅=3, ... From the enumeration above, statements ① and ② are correct and align with the problem description. From the above, it's observed that the end of the first cycle is x₅=1, the end of the second cycle is x₁₀=2, the end of the third cycle is x₁₅=3, ..., which implies that the end of the m-th cycle is x₅m=m.	others	middle	hard
2708	First simplify, then evaluate: \(\frac{a^{2} + 8a + 16}{a^{2} + 3a} \div (1 + \frac{1}{a + 3})\). Please choose an appropriate value from \(-4, -3, 0, 1\) to substitute into \(a\) for evaluation.	fill_in_the_blank	"Solution: \(\frac{a^{2} + 8a + 16}{a^{2} + 3a} \div (1 + \frac{1}{a + 3})\)
\(= \frac{(a + 4)^{2}}{a(a + 3)} \div \frac{a + 3 + 1}{a + 3}\)
\(= \frac{(a + 4)^{2}}{a(a + 3)} \cdot \frac{a + 4}{a + 4}\)
\(= \frac{a + 4}{a}\)
Since \(a(a + 3) \neq 0\), \(a + 4 \neq 0\),
∴ \(a \neq -4, -3, 0\),
∴ \(a = 1\),
When \(a = 1\), the original expression \(= \frac"	The conditions under which a fraction is meaningless.###Simplification and Evaluation of Rational Expressions - Substitution Method	[Analysis] First, simplify using the mixed operations of rational expressions, and then substitute values based on the conditions for which the expressions are valid to solve the problem.	others	middle	medium
1385	There is a calculator with a special function that can only perform the operation of finding the difference between any two integers and then taking the absolute value. The operation process is as follows: input the first integer \(x_{1}\), which is displayed without performing any operation, and then the next integer \(x_{2}\) is input, displaying the result of \(|x_{1} - x_{2}|\). For example, if 1 and 2 are input sequentially, the output result is \(|1 - 2| = 1\); thereafter, each input integer is operated on by finding the difference with the previously displayed result and then taking the absolute value. The following conclusions are drawn: ① Inputting 1, 2, 3, and 4 sequentially results in a final output of ( ); ② If the integers 1, 2, 3, and 4 are input in any order, the maximum result displayed after all operations is ( ).	fill_in_the_blank	2; 2	Absolute value and the absolute value of rational numbers.###Calculator - Mixed Operations of Rational Numbers	"Solution: 
① According to the problem statement, we can deduce:
\(|1 - 2| = | - 1| = 1\),
\(|1 - 3| = | - 2| = 2\),
\(|2 - 4| = | - 2| = 2\),
therefore, ① meets the conditions.
② For numbers 1, 2, 3, 4, input them in the following order: 1, 3, 4, 2, resulting in:
\(|||1 - 3| - 2| - 4| = 4\),
the maximum value displayed after all inputs is 4,
therefore, ② meets the conditions.
③ For numbers 1, 2, 3, 4, input them in the following order: 1, 3, 4, 2, resulting in:
\(|||1 - 3| -"	2022	middle	hard
4520	Compare the sizes: \(- \frac{3}{4}\)\ul{　 　}\(- ( - 0.25)\)	fill_in_the_blank	<	Simplify multiple sign rational numbers.	nan	2024	middle	easy
27	"A cube with an edge length of 6 is cut into several smaller cubes with integer edge lengths. If the total surface area of these smaller cubes is \(\frac{10}{3}\) times the surface area of the original larger cube before cutting, then the number of smaller cubes with an edge length of 1 could be (   ).
A. 15 B. 24 C. 42 D. 56 E. 60"	fill_in_the_blank	B	Area and isometric transformation	"[Solution] Explanation: The volume of the large cube is \( V_{\text{large}} = 6^3 = 216 \).  
The surface area of the large cube is \( S_{\text{large}} = 6 \times 6^2 = 216 \).  
Since the total surface area of the small cubes after cutting is \(\frac{10}{3}\) times the surface area of the large cube before cutting,  
the total surface area of the small cubes is \( S_{\text{small}} = 216 \times \frac{10}{3} = 720 \).  
Let there be \( x \) small cubes with edge length 1, and \( y \) small cubes with edge length 2.  
According to the volume equation: \( x + 2^3y = 216 \), and the surface area equation: \( 6x + 6 \times 2 \times 2y = 720"	2023	middle	hard
218	"Each of students A and B has a number of extracurricular books. A says to B: ""If you give me 2 books, I will have n times as many books as you."" B says to A: ""If you give me n books, I will have 2 times as many books as you."" Here, n is a positive integer. The number of possible values for n is ( ).  
A. 2 B. 4 C. 5 D. 6"	fill_in_the_blank	B	Application of Systems of Linear Equations: Sum, Difference, Multiples, and Division Problems	nan	2024	middle	hard
387	In the rectangular coordinate system \(xOy\), given \(A(8, a)\), \(B(3, b)\), and using the line segment \(AB\) as the diagonal to form square \(AOBC\), the coordinates of point \(C\) are ( ) or ( ).	fill_in_the_blank	(-11, 5) or (11, -5)	Coordinates and Properties of Figures###Properties of a Square###The solution of a system of quadratic equations in two variables	"Solution: Given that quadrilateral AOBC is a square, we have diagonals AB = OC and sides AO = OB = BC = CA.

Let A(8, a), B(3, b).

Thus, \(AO = \sqrt{8^{2} + a^{2}} = \sqrt{a^{2} + 64}\),

\(OB = \sqrt{3^{2} + b^{2}} = \sqrt{b^{2} + 9}\),

\(AB = \sqrt{(3 - 8)^{2} + (b - a)^{2}} = \sqrt{(b - a)^{2} + 25}\).

Since quadrilateral AOBC is a square, ∠AOB = 90°,

\(AB^{2} = AO^{2} + OB^{2} \Rightarrow (b - a)^{2} + 25 = a^{2} + b^{2} +"	2023	middle	hard
420	"If a four-digit natural number has its tens digit as the difference between twice the thousands digit and the hundreds digit, and its units digit as the sum of twice the thousands digit and the hundreds digit, then we call this four-digit number a ""dependent number."" For example, the natural number 2135, where \(3 = 2 \times 2 - 1, 5 = 2 \times 2 + 1\), makes 2135 a ""dependent number."" The smallest four-digit dependent number is \_\_\_\_; if the number represented by the last three digits of a four-digit ""dependent number"" minus three times the hundreds digit of this number yields a result that leaves a remainder of 3 when divided by 7, such a number is called a ""special number."" Given a positive integer \(m\) greater than 1 that can be factored into the form \(m = pq + n^{4}\) (\(p \leq q"	fill_in_the_blank	1022; \(\frac{63}{52}\)	Application of Factorization - Comparing Sizes	"Solution: 

1. Since there is the smallest four-digit dependency number, 
   the smallest digit in the thousands place of this dependency number is 1, and in the hundreds place is 0. 
   The digit in the tens place is twice the digit in the thousands place minus the digit in the hundreds place, and the digit in the units place is twice the digit in the thousands place plus the digit in the hundreds place,
   Therefore, the digit in the tens place is: 1×2-0=2, and in the units place is: 1×2+0=2,
   Therefore, the smallest four-digit dependency number is 1022.

2. Let the digit in the thousands place be \(x\), and in the hundreds place be \(y\), where \(x \neq 0\) and \(2x > y\).
   Therefore, the digit in the tens place is \((2x - y)\), and in the"	2024	middle	hard
547	"Decompose the following expressions into factors using the method of adding or subtracting terms:  
(1) \(x^4 + 4y^4\) = ( )  
(2) \(x^2 - 2ax - b^2 - 2ab\) = ( )."	fill_in_the_blank	\((x^2 + 2y^2 + 2xy)(x^2 + 2y^2 - 2xy)\); \((x + b)(x - 2a - b)\)	Factorization - Term Addition (or Decomposition) Method	"[Analysis] (1) Use the method of completing the square by adding \( 4x^2y^2 \) to the original expression to form a perfect square trinomial with two terms in the original expression, then use the perfect square formula for factorization. To keep the value of the original expression unchanged, subtract \( 4x^2y^2 \) from the original expression, and then use the difference of squares formula to continue factorization;\\
(2) Use the method of completing the square by adding \( a^2 \) to the original expression to form a perfect square trinomial with the first two terms, then use the perfect square formula for factorization. To keep the value of the original expression unchanged, subtract \( a^2 \) and form a perfect square trinomial with the last two terms in the original expression, then use the perfect square formula for factorization. Finally, use the difference of squares formula to continue factorization."	others	middle	hard
714	\(a\), \(b\) are two different prime numbers, \(\frac{b}{a}\) must be a simplified fraction. The value of this expression is ( ).	fill_in_the_blank	\(\frac{b}{a}\)	Simplest fraction	nan	2023	middle	easy
2950	"Represent using an algebraic expression:
(1) The quotient of the difference between x and 2 divided by y: ( )
(2) Three times the sum of the squares of numbers x and y: ( )."	fill_in_the_blank	\(\frac{x - 2}{y}\); \(3\left( x^{2} + y^{2} \right)\)	Express the quantitative relationships of sum, difference, multiple, and division using algebraic expressions.	"Solution: 

(1) The quotient of the difference between x and 2 divided by y is: \(\frac{y}{x - 2}\); 
Therefore, the answer is: \(\frac{y}{x - 2}\).

(2) Three times the sum of the squares of x and y is: \(3(x^{2} + y^{2})\); 
Therefore, the answer is: \(3(x^{2} + y^{2})\).

Analysis:

(1) Formulate the algebraic expression based on the problem statement.

(2) Formulate the algebraic expression based on the problem statement."	others	middle	medium
915	"Given the graph of the function \(y = kx\) passes through the points \(A(2, -4)\), \(B\left(x_{1}, y_{1}\right)\), \(C\left(x_{2}, y_{2}\right)\), if \(x_{1} > x_{2}\), then \(y_{1}\) ( ) \(y_{2}\) (fill in "">"", ""="" or ""<"")."	fill_in_the_blank	<	Method of Undetermined Coefficients to Find the Equation of a Linear Function###Properties of Direct Proportional Functions	nan	2024	middle	easy
1209	If the graph of the linear function \(y = (a + 1)x + (a - 6)\) concerning \(x\) does not pass through the second quadrant and the fractional equation concerning \(x\), \(\frac{3 - ax}{x - 3} + 3 = \frac{x}{3 - x}\), has an integer solution, then the sum of all integer values of \(a\) that satisfy the condition is ( ).	fill_in_the_blank	15	The relationship between the graph, properties, and coefficients of a linear function###Finding parameters from the known solution of rational equations.	"Solution: Since the graph does not pass through the second quadrant,  
thus \(a+1>0\), and \(a-6\leq0\).  
Solving gives \(-1<a\leq6\).  

For the equation \(\frac{3 - ax}{x - 3} + 3 = \frac{x}{3 - x}\),  
we simplify to \(3 - ax + 3(x - 3) = -x\).  
This results in \((4-a)x=6\).  
Thus, \(x=\frac{6}{4-a}\).  
When both \(x\) and \(a\) are integers, the values of \(a\) are 1, 2, 3, 5, 6.  
However, when \(a=2\), \(x=3\) makes the original equation undefined due to a zero denominator.  
Hence, the valid \(a\)"	2024	middle	hard
1295	Given that point \(P\) is the midpoint of line segment \(MN\), point \(E\) is a point on line \(MN\), and \(ME:EN = 2:5\), point \(F\) is the midpoint of \(EN\), if \(EP = 6\, cm\), then the length of line segment \(MF\) is ( ) cm.	fill_in_the_blank	18 cm	Midpoint of a line segment###The Practical Application of Linear Equations in One Variable - Geometric Problems###Simple calculations of the sum, difference, multiplication, and division of line segments.###Segment n-division point model	nan	2024	middle	hard
1387	The company plans to use up to 5 million yuan to purchase equipment A and B, priced at 600,000 yuan and 700,000 yuan respectively. Based on requirements, at least 3 sets of equipment A and at least 2 sets of equipment B must be purchased. There are ( ) different purchasing methods. A. 5 B. 6 C. 7 D. 8	fill_in_the_blank	C	The application of a linear inequality system	"Solution: Let y represent the number of type B equipment purchased. According to the problem:

\[
\left\{ \begin{array}{r}
500 - 70y \geq 180 \\
y \geq 2
\end{array} \right.
\]

2 ≤ y ≤ 32/7
Since y is an integer,

y = 2, 3, 4

When y = 2, type A equipment to purchase: 3, 4, 5, 6
When y = 3, type A equipment to purchase: 3, 4
When y = 4, type A equipment to purchase: 3

Therefore, there are 7 different purchasing methods.

Select: C.

Analysis: Let y be the number of type B equipment purchased. Given that the funds for purchasing both types of equipment are not more than 5 million yuan and at least 2 units of type B equipment must be"	others	middle	hard
1463	If \(\frac{2}{7} < \frac{1}{( )} < \frac{3}{4}\), the integers that can be filled in the parentheses are \ul{ 3, 4, 5, 6 }.	fill_in_the_blank	4; 5; 6	Comparison of fractions with different denominators	"Solution: Fractions greater than \(\frac{2}{7}\) with a numerator of 1 and a denominator that is an integer are \(\frac{1}{3}\) and \(\frac{1}{2}\), and both \(\frac{1}{3}\) and \(\frac{1}{2}\) are less than \(\frac{3}{4}\). Therefore, the integers that can fill the brackets are 2 and 3. 

Thus, the answer is: 2 and 3.

Analysis: First, find the fractions greater than \(\frac{2}{7}\) with a numerator of 1 and a denominator that is an integer, and then compare them with \(\frac{3}{4}\)."	2019	middle	hard
1464	"Reading material: Given \(\frac{x}{x^{2} + 1} = \frac{1}{3}\), find the value of \(\frac{x^{2}}{x^{4} + 1}\).

( )"	fill_in_the_blank	\(\frac{1}{7}\)	The substitution method for solving rational equations###Define a new operation	[Analysis] Based on the material, it can be determined that \(\frac{120}{x} - 60 = \frac{120}{\frac{1}{3}} = 300\). Then find the reciprocal of \(\frac{x^{2}}{x^{4} + x^{2} + 1}\) and express it with a formula containing \(a\).	2019	middle	hard
1725	The cost price of a piece of clothing is a, and if a 20% increase based on the cost price is applied, the marked price is represented as \ul{　 　}.	fill_in_the_blank	1.2a	Use letters to represent numbers.###Express the quantitative relationships in real-world problems using algebraic expressions.	"Answer: Given that the cost price of a piece of clothing is a, and it is marked up by 20% on the cost price, the marked price can be expressed as: (1 + 20%)a = 1.2a. Therefore, the answer is: 1.2a. 

Analysis: This problem examines the concept and representation of an algebraic expression. ① The multiplication sign in an algebraic expression is usually abbreviated as ""."" or omitted; ② When multiplying numbers and letters, the number should be written in front of the letter, and a number of 1 is usually omitted; ③ Division in an algebraic expression is generally written as a fraction, and mixed numbers should be converted to improper fractions. Based on the equation marked price = cost price + 20% of cost price, the algebraic expression is set up and the answer is obtained."	2024	middle	medium
1906	Congcong and Mingming went shopping at the supermarket, where a raffle event is taking place. For every 100 yuan spent in a single transaction, a raffle ticket is given. It is known that Congcong bought 5 boxes of cookies and received 3 raffle tickets; Mingming bought 5 boxes of cookies and 1 cake and received 4 raffle tickets. If the price of each box of cookies is x yuan and each cake costs 150 yuan, then the range of x is ( ).	fill_in_the_blank	60≤x<70	Practical Application of a System of Linear Inequalities: Sales Problem	"Solution: From the problem statement, we have the system of inequalities:

\(\left\{ \begin{array}{r}
5x \geq 3 \times 100 \\
5x + 150 < 5 \times 100
\end{array} \right.\ \).

Solving this, we find \(60 \leq x < 70\).

Therefore, the answer is: \(60 \leq x < 70\).

Analysis: According to the problem statement, establish the system of inequalities:

\(\left\{ \begin{array}{r}
5x \geq 3 \times 100 \\
5x + 150 < 5 \times 100
\end{array} \right.\ \),

and then solve it."	2024	middle	medium
2222	In a woodworking factory's workshop, there are 14 workers making tables. Each worker can process 10 tabletops or 30 table legs per hour. One tabletop requires 4 table legs. To ensure that the number of tabletops and table legs processed per hour matches perfectly, the workshop should assign ( ) workers to process table legs.	fill_in_the_blank	8	The Practical Application of Linear Equations - Allocation Problems	"【Answer】 Let the workshop assign m workers to process table legs, then assign (14-m) workers to process tabletops. According to the problem statement: \(30m = 4 \times 10(14 - m)\). Solving this, we get: m=8. Therefore, the workshop should assign 8 workers to process table legs. Thus, the answer is: 8.

【Analysis】 Let the workshop assign m workers to process table legs, then assign (14-m) workers to process tabletops. Given that one tabletop requires 4 table legs, set up the equation \(30m = 4 \times 10(14 - m)\) to solve for the number of workers processing table legs."	others	middle	medium
2225	"A mathematics interest group observed the equation \(ax^{3} + bx^{2} + cx + d = (x - 2)^{3}\) and found: when \(x=1\), \(a+b+c+d=(1-2)^{3}=-1\). Please carefully observe this equation and try to calculate the value of the following polynomials:
(1) \(-a+b-c+d=\ul{\quad}\).
(2) \(8a+4b+2c=\ul{\quad}\)."	fill_in_the_blank	"(1) -27  
(2) 8"	Evaluate under polynomial conditions	"Solution: (1) When x = -1, -a + b - c + d = (-3)^3 = -27;  
Thus, the answer is: -27.  
(2) When x = 0, d = (-2)^3 = -8,  
When x = 2, 8a + 4b + 2c + d = 0,  
Therefore, 8a + 4b + 2c = -d = 8.  
Thus, the answer is: 8.  
Analysis: (1) Substitute x = -1 to find the answer;  
(2) First, substitute x = 0 to find the value of d, then substitute x = 2 to find the answer."	others	middle	medium
2860	If the opposite of a negative integer is less than 2, then this negative integer is \underline{　　}.	fill_in_the_blank	-1	Method for finding the opposite of a rational number.	Solution: Since the opposite of a negative integer is less than 2, therefore, this negative integer is -1. Thus, the answer is: -1. Analysis: Solve based on the definition of opposite numbers.	others	middle	medium
3262	"According to the problem, set up the equations:  
(1) There are 12 chickens and rabbits in the yard, with a total of 34 legs. How many chickens and rabbits are there? Let the number of rabbits be x. The equation is ( ).  
(2) A company's credit score this month is 96 points, an increase of 20% from last month. Let the company's credit score last month be x. The equation is ( )."	fill_in_the_blank	4x + 2(12 - x) = 34; (1 + 0.20)x = 96	Other Applications of Linear Equations###Real-world Application of Linear Equations: The Chicken and Rabbit Cage Problem###Form a linear equation in one variable.	"Solution: (1) Let x be the number of rabbits, then there are (12-x) chickens. Based on the problem, we have: 4x + 2(12-x) = 34. (2) Let x be the company's credit score last month. Based on the problem, we have: (1+20%)x = 96. Thus, the solutions are: 4x + 2(12-x) = 34; (1+20%)x = 96.

Analysis: (1) Let x be the number of rabbits, then there are (12-x) chickens. Create an equation based on the total number of rabbit legs plus the total number of chicken legs equals 34. (2) Let x be the company's credit score last month, then this month's credit score is (1+20%)x. Create an equation based on this month's credit score being 96."	others	middle	medium
3267	"Given \(\frac{a}{2} = \frac{b}{3}\), the value of the algebraic expression \(\frac{a + b}{b}\) is \ul{    };

(2) Given line segments \(a = 8cm\), \(b = 2cm\), the geometric mean of segments \(a\) and \(b\) is \ul{    }."	fill_in_the_blank	\(\frac{5}{3}\); \(4cm\)	Simplification and evaluation of rational expressions###Properties of Proportions###The ratio of line segments	nan	2024	middle	medium
3269	Given that \(\bigtriangleup = ○ + ○ + ○\) and \(\bigtriangleup - ○ = 22\), then \(○ = ( )\), \(\bigtriangleup = ( )\).	fill_in_the_blank	11; 33	The meaning and reading/writing of fractions	nan	2024	middle	medium
3344	If the inequality \( 5x - 2m < 3x \) in terms of \( x \) has only 3 positive integer solutions, then the range of values for \( m \) is ( ).	fill_in_the_blank	3 < m ≤ 4	Parametric problems in linear inequalities	"Solution: Move terms to obtain: \(5x - 3x < 2m,\) Combine like terms to get: \(2x < 2m,\) Normalize the coefficient to 1: \(x < m,\) Since the inequality has only 3 positive integer solutions, \(\therefore 3 < m \leq 4,\) Therefore, the answer is: \(3 < m \leq 4.\)

Analysis: First solve the inequality, then based on the inequality having only 3 positive integer solutions, derive an inequality about m to find the range of m."	2024	middle	medium
3383	"The correct statements are ( ).  
A. The data 0.80 is precise to the hundredths place.  
B. 14185, represented in scientific notation (precise to the hundreds place), is \(1.42 \times 10^{4}\).  
C. The data \(2.002 \times 10^{11}\) can be represented as 200.2 billion.  
D. 668,000 represented in scientific notation is \(6.68 \times 10^{5}\)."	fill_in_the_blank	A, B, D	Approximate Numbers and Significant Figures###Scientific notation represents numbers greater than 10.	[Answer] A: The data 0.80 is accurate to the percent digit, which is consistent with the statement; B: 14185 is expressed in scientific notation (accurate to the hundreds digit) as \(1.42 \times 10^{4}\), which is consistent with the statement; C: The data \(2.002 \times 10^{11}\) can be expressed as 200.2 billion, which does not match the statement; D: 668,000 is expressed in scientific notation as \(6.68 \times 10^{5}\), which is consistent with the statement; Therefore, the answer is: ABD. [Analysis] Use the definition of approximate numbers, the method of rounding, and the definition and writing requirements of scientific notation to judge each case. **Three, True or False**	2021	middle	medium
3570	"Determine whether the following statements are correct.
(1) The square root of 16 is 4. (　　)
(2) -4 is a square root of 16. (　　)
(3) The arithmetic square root of (-4)\(^2\) is -4. (　　)
(4) Since \(\sqrt{16}\)=4, ∴ the square root of \(\sqrt{16}\) is ±2. (　　)"	fill_in_the_blank	"(1) Incorrect  
(2) Correct  
(3) Incorrect  
(4) Correct"	Square root###Arithmetic square root	Answer: Solution: (1) ∵ (±4)\textsuperscript{2}=16, ∴ the square root of 16 is ±4, ∴ this statement is incorrect, hence the answer is: incorrect; (2) ∵ (-4)\textsuperscript{2}=16, ∴ -4 is a square root of 16, ∴ this statement is correct, hence the answer is: correct; (3) ∵ (-4)\textsuperscript{2}=16, ∵ 4\textsuperscript{2}=16, ∴ the square roots of 16 are ±4, i.e., the arithmetic square root of (-4)\textsuperscript{2} is 4, ∴ this statement is incorrect, hence the answer is: incorrect; (4) ∵ \(\sqrt{16}\) = 4, ∵ (±2)\textsuperscript{2} =	others	middle	medium
3647	Xiaoming wants to know the size of the classroom, so he measured it by pacing and found the classroom's length to be 12 steps and its width to be 9 steps. Given that each step is approximately 0.8 meters, the area of the classroom is approximately (to the nearest 0.1 m\(^2\)): ( ) m\(^2\).	fill_in_the_blank	69.1 m\(^2\)	Accuracy and Significant Figures###The area of a polygon###Combination of numbers and shapes	nan	others	middle	medium
3848	"Under normal circumstances, \(\frac{m}{2} - \frac{n}{3} = \frac{m - n}{2 - 3}\) does not hold, but there are some numbers that make it true, for example: \(m = n = 0\). We call a pair of numbers \emph{m} and \emph{n} that make \(\frac{m}{2} - \frac{n}{3} = \frac{m - n}{2 - 3}\) true a ""magical pair,"" denoted as \((m,n)\).  
(1) If \((8,n)\) is a ""magical pair,"" then the value of \emph{n} is ( );  
(2) If at this time the solution to the equations \(3x - 6 = n\) and \(2x - 1 = 3k\) are equal, then the value of \emph{k} is ( )."	fill_in_the_blank	9; 3	Solve the linear equation with parentheses.###Linear Equation - Equivalent Problems	nan	others	middle	medium
4070	If the function \(y = (m + 2)x^{3 - m^{2}}\) is an inverse proportional function, then the value of \(m\) is \ul{　 　}.	fill_in_the_blank	2	The concept of inverse proportional function	nan	2024	middle	easy
4132	Given that one root of the quadratic equation \(x^{2} - 5x + a = 0\) is 3, then \(a =\)\ul{　 　}	fill_in_the_blank	6	Given the roots of a quadratic equation, find the parameters.	nan	2024	middle	easy
4518	From \(2x + y = 1\), the expression for \(y\) in terms of \(x\) is \(y = ( ) - ( )x\).	fill_in_the_blank	1; 2	The concept of a system of linear equations in two variables	nan	2024	middle	easy
5495	Translate the parabola \(y = x^{2}\) 3 units to the right and then 2 units upward. The resulting parabola's expression is \underline{    }.	fill_in_the_blank	\(y = (x - 3)^{2} + 2\)	Translation of the graph of a quadratic function	nan	2024	middle	easy
5543	"Determine which of the following statements are propositions and which are not (fill in ""Correct"" or ""Incorrect"").
(1) The solution of the equation 2x - 4 = 0 is x = 2. (　　)
(2) This small flower is red. (　　)
(3) In △ABC, if AB\textgreater AC, is ∠C\textgreater∠B? (　　)
(4) If ab\textgreater0, then a\textgreater0. (　　)
(5) The angle bisectors of two equal corresponding angles are parallel. (　　)
(6) The sum of two irrational numbers must be an irrational number. (　　)
(7) Please draw a pair of vertical angles. (　　)
(8) \(\sqrt{a^{2}} = a\) (a is a real number). (　　)"	fill_in_the_blank	"(1) Correct  
(2) Correct  
(3) Incorrect  
(4) Correct  
(5) Correct  
(6) Correct  
(7) Incorrect  
(8) Correct"	Definitions, propositions, theorems, and corollaries.	"Solution: 

(1) The solution to the equation 2x - 4 = 0 is x = 2, which can be judged as true or false, so (1) is a proposition.

(2) This little flower is red, which can be judged as true or false, so it is a proposition.

(3) In △ABC, if AB > AC, is ∠C > ∠B? This is a question and cannot be judged as true or false, so it is not a proposition.

(4) If ab > 0, then a > 0, which can be judged as true or false, so it is a proposition.

(5) The bisectors of two equal corresponding angles are parallel, which can be judged as true or false, so it is a proposition.

(6) The sum of two irrational numbers must be irrational, which can be judged as true or false, so it is a proposition.

(7) Please draw"	others	middle	easy
5678	"Read poetry, form an equation: ""The great river flows east, washing away all heroes of millennia"" refers to Zhou Yu, an eminent figure who died young. His age at death was two digits, with the tens digit 3 less than the units digit, and the square of the units digit equaled his age. Let the units digit of Zhou Yu's age at death be \( x \), then the equation is \(\underline{x^2 = 10(x - 3) + x}\)."	fill_in_the_blank	\(10(x - 3) + x = x^{2}\)	Application of Quadratic Equations: Number Problems	nan	2024	middle	easy
5753	Equations are ( ), but ( ) are not necessarily ( ).	fill_in_the_blank	equalities; equalities; equations	Definition and Classification of Equations	nan	2023	middle	easy
5975	In the equation 2x + ▲ = 3x, the ▲ is a constant covered with ink. Given that the solution to the equation is x = 2, the constant at ▲ is \ul{　 　}.	fill_in_the_blank	2	Linear equations - error recovery problem	"Solution:
Let the constant at the ▲ position be y,
therefore, 2x + y = 3x,
since x = 2,
hence 4 + y = 6,
thus y = 2.
So the constant at the ▲ position is 2.
Therefore, the answer is: 2.

Analysis:
Set a parameter, substitute the value of x into the equation, convert it into a linear equation in terms of y, and solve for the answer."	others	middle	easy
