index	question	category	A	B	C	D	answer	knowledge	analysis	year	grade_level	difficulty_level
264	"For any two points \(P\left( x_{1}, y_{1} \right)\) and \(Q\left( x_{2}, y_{2} \right)\) in a Cartesian coordinate plane, a type of ""distance"" between them is defined as \(d_{PQ} = \left| x_{2} - x_{1} \right| + \left| y_{2} - y_{1} \right|\). Given that three different points A, B, and C satisfy \(d_{AC} = d_{AB} - d_{BC}\), among the following four conclusions, the incorrect one is ( )"	single_answer_choice	Points A, B, C may form an acute triangle	Points A, B, C may form a right triangle	Points A, B, C may form an obtuse triangle	Points A, B, C may form an isosceles triangle	A	Coordinates and Properties of Figures###Determination and Properties of Isosceles Triangles###Triangle-related concepts###The concept and significance of absolute value	nan	2024	middle	hard
556	Among the following propositions, the converse that holds true is (      )  	single_answer_choice	A quadrilateral whose diagonals bisect each other is a parallelogram  	The diagonals of a square are equal  	Vertical angles are equal  	If \(a = b\), then \(\sqrt{a^{2}} = \sqrt{b^{2}}\)	A	Properties and Simplification of Quadratic Radicals###True Proposition and False Proposition###Contrapositive	nan	2024	middle	hard
609	The correct statement is (      )  	single_answer_choice	\(ab\) has no coefficient  	\(\frac{x + 1}{3}\) is a monomial  	\(-xy^{2}\) is a monomial  	\(\frac{1}{3}\) is not a monomial	C	The concept of a monomial###The concept of polynomial###The degree and coefficient of a monomial.	nan	2024	middle	easy
2677	As shown in the picture, this is the homework completed by student Qiqi. Her test score is (    )	single_answer_choice	"Determine right or wrong (correct: ""√"", wrong: ""×"") (5 points each)"	(×)	(√)	(×)	C	Rules of Removing Brackets and Their Application###The degree and coefficient of a monomial.###The concept of like terms	nan	2024	middle	medium
684	The numerator of a fraction is increased to 3 times its original value, and the denominator is reduced to \(\frac{1}{3}\) of its original value. Then the value of the fraction (     )	single_answer_choice	Increases to 9 times the original	Increases to 6 times the original	Decreases to \(\frac{1}{6}\) of the original	Remains unchanged	A	The Fundamental Properties of Fractions	nan	2024	middle	easy
2318	The event among the following options that is a certain event is:  	single_answer_choice	If \(a\) is a real number, then \(|a - 2| \geq 0\)  	Tossing a coin, heads up  	The sum of two numbers is positive  	Drawing a black ball from a bag containing only white balls	A	Classification of Events	nan	2024	middle	medium
1378	On the clock face from 3 o'clock to 4 o'clock, the times when the hour and minute hands form a \(60{^\circ}\) angle are:  	single_answer_choice	3:30 and 3\(\frac{80}{11}\)  	3\(\frac{60}{11}\) and 3\(\frac{280}{11}\)  	3\(\frac{80}{11}\) and 3\(\frac{240}{11}\)  	3\(\frac{60}{11}\) and 3\(\frac{300}{11}\)	D	Clock angle, azimuth angle	"[Answer] Solution: The clock face is divided into 12 large intervals, so each large interval is 30°. Each large interval is divided into 5 smaller intervals. Therefore, the hour hand moves one large interval per hour, which is 60°, and 0.5° per minute. The minute hand completes one full rotation per hour and moves one small interval per minute, which is 6°. There are two situations for the hour and minute hands to form an angle:

① Before the minute hand overlaps with the hour hand: Assume it is 3:x o'clock, and the angle between the hour and minute hands is 60°. According to the problem, 90 + 0.5x - 6x = 60°, solving gives: x = \(\frac{60}{11}\);

② After the minute hand overlaps with the hour hand: Assume it is 3:y o'clock, and the angle between the hour and minute hands is 60°. According"	2023	middle	hard
1422	Given points A (2, 0), B (-\(\frac{1}{2}\), 0), and C (0, 1), if a parallelogram is formed with A, B, and C as vertices, the fourth vertex cannot be located in:	single_answer_choice	the first quadran	the first quadrant 	the second quadrant 	the third quadrant 	C	Properties of a Parallelogram###The relationship between the coordinates of a point and quadrants	"[Solution] Solution: When using AB as one side, CD's length equals AB = 2 - (- \(\frac{1}{2}\) ) = 2 \(\frac{1}{2}\), the coordinates of point D can be (2 \(\frac{1}{2}\), 1) or (-2, 1);\\
When using BC as the diagonal, the point is in the fourth quadrant with coordinates (1 \(\frac{1}{2}\), -1).
∴ It is not in the third quadrant. Therefore, the answer is: C.
[Analysis] Take AB, BC, and AC respectively as diagonals. Using the properties of a parallelogram, determine the coordinates of point D, and then identify the quadrant for each case to arrive at the answer.
\textbf{II. Fill in the blanks}"	2024	middle	hard
1663	"To illustrate that the proposition ""If a < b, then a² < b²"" is a false statement, a suitable counterexample is:"	single_answer_choice	a = -2, b = -	a = -1, b = 2  	a = -1, b = -2  	a = -2, b = -1  	C	Provide a counterexample to determine the truth of a proposition.	Solution: If \(a < b\), then the value of option B does not match. For options A and D, both have \(a^2 < b^2\), which cannot indicate a false proposition. Option C has \(a^2 > b^2\), which can indicate a false proposition. Therefore, the answer is: C. Analysis: The counterexample for proving a false proposition satisfies the condition but does not match the conclusion.	2024	middle	medium
1761	The correct conclusion from the following is (　　)	single_answer_choice	The coefficient of the monomial \(\frac{5}{2}\pi x^{2}\) is \(\frac{5}{2}\).	The expression \(a^{2} + b^{2}\) represents the square of the sum of \(a\) and \(b\).	It is appropriate to use a census method for security checks on high-speed rail passengers.	"The mathematical reasoning for shortening the route by straightening a curved road is ""there is exactly one straight line passing through two points."""	C	The shortest distance between two points is a line segment.###Comprehensive survey and sampling survey###The degree and coefficient of a monomial.###The practical significance of algebraic expressions	nan	2024	middle	medium
1770	In △ABC with the following conditions, which one is not a right triangle?	single_answer_choice	∠A + ∠B = ∠C	∠A - ∠B = ∠C	∠A : ∠B : ∠C = 1 : 2 : 3	∠A = ∠B = 3∠C	D	The properties of a right triangle###Determination of Right Triangles	"Solution: A. If ∠A + ∠B = ∠C, then 2∠C = 180°, so ∠C = 90°, forming a right triangle;  
B. If ∠A - ∠B = ∠C, then 2∠A = 180°, so ∠A = 90°, forming a right triangle;  
C. If ∠A:∠B:∠C = 1:2:3, then ∠A = 180° ÷ 6 = 30°, ∠B = 30° × 2 = 60°, ∠C = 90°, forming a right triangle;  
D. If ∠A = ∠B = 3∠C, then 7∠C = 180°, so ∠C = \(\left( \frac{180}{7} \right)^{\circ}\), ∠A ="	2024	middle	medium
1826	Given \( m = n \), which of the following equations does not hold true?	single_answer_choice	\( m - 2x = n - 2x \	\( m + n = 2m \)  	\( m - n = 0 \)  	\( m - 2x = n - 2x \)  	C	The basic properties of equations###Use the properties of equations to transform the equation.	nan	others	middle	medium
1877	Extend line segment AB to point C, which of the following statements is correct?  	single_answer_choice	Point C is on line segment AB  	Point C is on line AB  	Point C is not on line AB  	Point C is on the extension of line segment BA	B	The positional relationship between points and lines	"[Answer] Solution: ∵ Extend line segment AB to point C,\\
∴ Point C is on the extension of line segment AB, point C is on line AB,\\
∴ Options A, C, and D are incorrect, option B is correct.\\
Therefore, the answer is: B.\\
[Analysis] Extending line segment AB to point C, point C is on the extension of line segment AB, i.e., point C is on line AB but not on line segment AB, nor on the extension of line segment BA, because the extension of line segment BA is essentially the reverse extension of segment 4B. Hence, extending line segment AB to point C, point C is on the extension of line segment AB but not on the extension of segment BA."	others	middle	medium
1996	The correct statement is (   )	single_answer_choice	The smallest positive integer is 0.	\(-a\) is a negative number.	Two numbers with different signs are opposites.	The opposite of \(-a\) is \(a\).	D	The concept of rational numbers###The meaning and properties of opposites###Determine whether two numbers are opposites.	nan	2024	middle	medium
1999	Given that f(1)=2 (taken from the last digit of the result of 1×2), f(2)=6 (taken from the last digit of the result of 2×3), f(3)=2 (taken from the last digit of the result of 3×4), ..., the value of \(f(1) + f(2) + f(3) + \cdots + f(2020)\) is:	single_answer_choice	404	2020 	4040 	4042 	B	Exploring Patterns - Pattern of Terminal Digits	"Solution: According to the problem statement, we have:
f(1) = 2 (take the last digit of the result of 1×2),
f(2) = 6 (take the last digit of the result of 2×3),
f(3) = 2 (take the last digit of the result of 3×4),
f(4) = 0 (take the last digit of the result of 4×5),
f(5) = 0 (take the last digit of the result of 5×6),
f(6) = 2 (take the last digit of the result of 6×7),
f(7) = 6 (take the last digit of the result of 7×8),
...

Pattern found: 2, 6, 2, 0, 0 (a cycle of five numbers),
Therefore, 2020 ÷ 5 = 404,
Thus, 404"	others	middle	medium
3191	The correct statements are (　　)	single_answer_choice	Two triangles are congruent if two sides and the included angle are equal.	If the value of the fraction \(\frac{3 - |a|}{6 + 2a}\) is zero, then \(a = \pm 3\).	In triangle \(\bigtriangleup ABC\) with sides a, b, and c, if \(a^{2} - b^{2} = c^{2}\), then \(\bigtriangleup ABC\) is not a right triangle.	Estimate that the value of \(3\sqrt{11} - 6\) is between the integers 3 and 4.	D	Valuation of irrational numbers###The condition for the value of a rational expression to be zero.###The converse of the Pythagorean theorem###Triangle congruence criterion - SAS	nan	2023	middle	medium
2159	Using a rope to form a sector with a circumference of 10 meters, let the radius of the sector be \(x\) meters, the arc length be \(y\) meters, and the area be \(S\) square meters. As \(x\) changes within a certain range, both \(y\) and \(S\) change accordingly with \(x\). The functional relationships that \(y\) and \(S\) satisfy with \(x\) are respectively:	single_answer_choice	Inverse proportion relationship, linear function relationshi	Inverse proportion relationship, linear function relationship  	Linear function relationship, inverse proportion relationship  	Inverse proportion relationship, quadratic function relationship  	D	The definition of a quadratic function###Calculation of sector area	nan	2023	middle	medium
2164	For real numbers a and b, the following judgments are given:  	single_answer_choice	 	 	 	 	B	Concept and Representation of Arithmetic Square Root###Properties of the Cube Root	"Answer Explanation:
① If \(|a| = |b|,\) then \(a = \pm b.\) When \(a\) and \(b\) have opposite signs, \(\sqrt{a}, \sqrt{b}\) may not be meaningful, so ① is incorrect.
② If \(|a| < |b|,\) when \(a\) and \(b\) are both negative numbers, \(a > b,\) so ② is incorrect.
③ If \(a = -b,\) then \(a\) and \(b\) are opposites, so \(a^2 = b^2,\) thus ③ is correct.
④ If \(a = -b,\) then \(a\) and \(b\) are opposites, so \(\sqrt[3]{a} + \sqrt[3]{b} = 0,\) thus ④ is correct.
In conclusion, the correct judgments are ③"	others	middle	medium
2165	In a class of 30 students, the statistics of the number of extracurricular books read are shown in the table, with two data points obscured. Which of the following statistics regarding the reading of extracurricular books is unrelated to the obscured data?  	single_answer_choice	Mean, Variance  	Median, Variance  	Mean, Mode  	Median, Mode	D	Weighted Average and Its Calculation###Median###Variance###Mode	nan	2024	middle	medium
2217	A ship travels 90 kilometers downstream and 60 kilometers upstream in equal time. If the speed of the current is 2 km/h, find the speed of the ship in still water. Let the speed of the ship in still water be \(x\) km/h. Then the equation that can be established is (   )	single_answer_choice	\(\frac{90}{x + 2} = \frac{60}{x - 2}\) 	\(\frac{90}{x - 2} = \frac{60}{x + 2}\)	\(\frac{90}{x} + 2 = \frac{60}{x}\) 	\(\frac{60}{x} + 2 = \frac{90}{x}\)	A	Rational equation###The Practical Application of Rational Equations - Distance Problems	"[Answer] Explanation: Let the speed of the boat in still water be \(x\) km/h. According to the problem, we have:

\(\frac{90}{x + 2} = \frac{60}{x - 2}\)

Thus, option A is correct.

[Analysis] First, clarify that the speed downstream equals the speed in still water plus the current speed, and the speed upstream equals the speed in still water minus the current speed. Based on the problem, the downstream speed is \((x + 2)\) km/h, and the upstream speed is \((x - 2)\) km/h. Since the time taken for traveling 90 km downstream is equal to the time taken for covering 60 km upstream, we can set up the equation based on time = distance ÷ speed: \(\frac{90}{x + 2} = \frac{60}{x - 2}\)."	2024	middle	medium
2372	The following statement is incorrect (     ):	single_answer_choice	An angle is an axisymmetric figure, and the line of its angle bisector is its axis of symmetry.	The median on one side of a right triangle coincides with the altitude on that side.	The intersection point of the perpendicular bisectors on the three sides of a triangle is equidistant from the three vertices of the angles.	A triangle with two angles of \(60{^\circ}\) is an equilateral triangle.	B	The properties of a perpendicular bisector of a line segment###Criteria for Equilateral Triangle###Axially symmetric figure###The property of an isosceles triangle - three lines coincide	nan	2023	middle	medium
2856	When solving the equation \(- \frac{2}{3}x = \frac{3}{2}\), both sides should be (   )	single_answer_choice	Multiplied by \(- \frac{2}{3}\)	Divided by \(- \frac{3}{2}\)	Multiplied by \(- \frac{3}{2}\)	Subtracted by \(- \frac{2}{3}\)	C	Solve a linear equation using the properties of equality.	"Solution: Since \(- \frac{2}{3}x = \frac{3}{2}\), 
thus \(- \frac{2}{3}x \times (- \frac{3}{2}) = \frac{3}{2} \times (- \frac{3}{2})\).
Then, \(x = - \frac{9}{4}\).
Therefore, the answer is: C.

[Analysis] Utilize property 2 of equations: multiply both sides of the equation by the reciprocal of the coefficient of the unknown to make the coefficient 1, thereby finding the solution to the equation."	others	middle	medium
2985	The false proposition among the following is (     ):	single_answer_choice	Two points determine a straight line.	The heights on the corresponding sides of congruent triangles are equal.	The areas of congruent triangles are equal.	Two triangles are congruent if two of their sides are equal and angles opposite one pair of equal sides are equal.	D	Two points determine a straight line.###Congruence of Triangles and Their Properties###Criteria for Triangle Congruence###True Proposition and False Proposition	nan	2024	middle	medium
3307	The quadratic equations among the following are (     )	single_answer_choice	\(3x - 2 = 0\) 	\(x^{2} + x + 1 = 0\) 	\(x^{2} + \frac{2}{x} + 1 = 0\) 	\(4xy = 0\)	B	The definition of a quadratic equation and related quantities.	"Answer: A, the highest degree is 1, so it is not a quadratic equation in one variable and does not meet the requirements;
B, is a quadratic equation in one variable and meets the requirements;
C, contains a fractional term, so it is not a quadratic equation in one variable and does not meet the requirements;
D, contains two unknowns, so it is not a quadratic equation in one variable and does not meet the requirements;
Therefore, the answer is: B.  
Analysis: Determine each item based on ""an equation in one variable where the highest degree of the unknown is 2 is a quadratic equation in one variable."""	2024	middle	medium
3372	Among the following statements, the correct one is (    )	single_answer_choice	The arithmetic square root of (-3)\textsuperscript{2} is -3	Negative numbers also have square roots	Since the square of a is a\textsuperscript{2}, the square root of a\textsuperscript{2} is a	\(\sqrt{2}\) is the arithmetic square root of 2	C	The concept and representation of square roots###Concept and Representation of Arithmetic Square Root	"Solution: A: The arithmetic square root of (-3)\textsuperscript{2} is 3, the original statement is incorrect;  
B: Negative numbers do not have square roots, the original statement is incorrect;  
C: Since the square of a is a\textsuperscript{2}, the square root of a\textsuperscript{2} is ±a, the original statement is incorrect;  
D: \(\sqrt{2}\) is the arithmetic square root of 2, the statement is correct;  
Thus, the answer is: D.  
Analysis: Solve the problem based on the definitions of square roots and arithmetic square roots."	others	middle	medium
3650	A factory produced 50,000 units of products in January 2024. If the average monthly growth rate is \(x\), and the total output for the first quarter is 200,000 units, which of the following equations is correct?	single_answer_choice	\(5(1 + x\%)^{2} = 20\	\(5(1 + x\%)^{2} = 20\)  	\(5(1 + x)^{2} = 20\)  	\(5 + 5(1 + x\%) + 5(1 + x\%)^{2} = 20\)  	D	The Practical Application of Quadratic Equations - Percentage Problems	nan	2024	middle	medium
3829	The correct statement is (   )  	single_answer_choice	After a number is increased by \(\frac{1}{3}\) and then decreased by \(\frac{1}{3}\), the value of the number remains unchanged.  	Dividing a number by a proper fraction will result in a quotient larger than the number.  	The directions of South 38° East and East 52° South are the same.  	If there are \(\frac{1}{4}\) more boys than girls, then there are \(\frac{1}{4}\) fewer girls than boys.	C	"Recognition and Identification of the Unit ""1""###Fraction Division Word Problems###Azimuth angle"	nan	2024	middle	medium
4274	Among the following shapes, which one is both centrally symmetric and axially symmetric?  	single_answer_choice	Equilateral triangle  	Trapezoid  	Regular pentagon  	Regular hexagon	D	Axially symmetric figure###Central symmetry and centrally symmetric figures	"Solution: 

A. It is an axisymmetric figure, not a point symmetric figure, so this option does not meet the requirements.

B. It is neither an axisymmetric nor a point symmetric figure, so this option does not meet the requirements.

C. It is an axisymmetric figure, not a point symmetric figure, so this option does not meet the requirements.

D. It is both an axisymmetric and a point symmetric figure, so this option meets the requirements.

Therefore, the answer is: D.

Analysis: Based on the definition of a point symmetric figure (a figure that can be overlapped with its original shape after a 180° rotation around a point) and the definition of an axisymmetric figure (a figure that can be folded along a line with both sides overlapping), options are analyzed one by one to solve it."	2023	middle	easy
5868	Estimate a circle with a diameter of 60 centimeters, in daily life it might be the surface of (    )  	single_answer_choice	A one-yuan coin  	A manhole cover  	A cup lid  	The area of a yurt	B	Mathematical knowledge	nan	2023	middle	easy
5882	Standard weight is an indicator used to measure physical health. The relationship between the standard weight \(m(\, kg)\) for males and height \(h(\, cm)\) is expressed as: \(m = (h - 80) \cdot 70\%\). The correct statement about \(m\) and \(h\) is (    ):	single_answer_choice	\(m\) is a constant, \(h\) is a variable	Both \(m\) and \(h\) are constants	\(m\) is a variable, \(h\) is a constant	Both \(m\) and \(h\) are variables	D	The concept of a function	nan	2023	middle	easy
