index	question	category	answer	knowledge	analysis	year	grade_level	difficulty_level
1177	"Definition: For the quadratic function \( y = ax^2 + (b+1)x + b - 2 \) (\( a \neq 0 \)), if there exists a variable \( x_0 \) such that the function value equals \( x_0 \), then \( x_0 \) is called a fixed point of this function. For any real number \( b \), the function always has two distinct fixed points. The range of values for the real number \( a \) is (    )

A. \( 0 < a < 2 \) B. \( 0 < a \leq 2 \) C. \( -2 < a < 0 \) D. \( -2 \leq a < 0 \)"	multiple_answer_choice	A	Others	"Solution: From the problem statement, we know the equation x = ax² + (b+1)x + b - 2 (a≠0) always has two distinct real roots. Thus, △ = b² - 4a(b - 2) = b² - 4ab + 8a > 0, true for any real number b. Viewing b² - 4ab + 8a as a quadratic function in terms of b, we have △₁ = (4a)² - 4×8a = 16a² - 32a = 16a(a - 2) < 0. Setting 16a(a - 2) = 0, we solve to find a = 0 or a = 2.

1. When a ≥ 2, 16a > 0 and a - 2 ≥ 0, hence 16a(a - 2) ≥ 0.
2."	2022	middle	hard
2435	"The number of correct statements among the following is (    )
\(①\)\(\frac{x + y}{3}\) is a monomial; \(②\)\(2xy + (x - 1)\) is a quadratic binomial; \(③\) the largest negative integer is \(-1\); \(④\) numbers whose absolute value equals themselves are \(1\) and \(0\); \(⑤\) if \(\frac{a}{b} = -1\), then \(a\) and \(b\) are opposites.
A. \(1\) B. \(2\) C. \(3\) D. \(4\)"	multiple_answer_choice	B	The concept of a monomial###Terms, coefficients, and degree of a polynomial###The meaning and properties of opposites###The concept and significance of absolute value	"Solution:

① In statement (1), \(\frac{x + y}{3}\) is a polynomial, so statement (1) is incorrect.

② In statement (2), \(2xy + (x - 1)\) is a quadratic trinomial, so statement (2) is incorrect.

③ In statement (3), the largest negative integer is \(-1\), so statement (3) is correct.

④ In statement (4), numbers whose absolute value equals themselves are positive numbers and \(0\), so statement (4) is incorrect.

⑤ In statement (5), if \(\frac{a}{b} = -1\), then \(a\) and \(b\) are opposites, so statement (5) is correct.

In summary, statements (3) and (5) are correct, totaling 2 correct statements.

Thus, the correct choice is: B.

Analysis: This question examines the concepts of monomials and polynomials, as"	2024	middle	medium
111	"Given that point C is on the line AB, AC = a, BC = b, and a ≠ b, with point M as the midpoint of segment AB, the length of segment MC is (      )
A. \(\frac{a + b}{2}\) B. \(\frac{a - b}{2}\)
C. \(\frac{a + b}{2}\) or \(\frac{a - b}{2}\) D. \(\frac{a + b}{2}\) or \(\frac{|a - b|}{2}\)"	multiple_answer_choice	D	Midpoint of a line segment###Simple calculations of the sum, difference, multiplication, and division of line segments.	"Solution: Since the position of point B is not determined, we should discuss four scenarios:

① When a > b and point C is on segment AB, as shown in Figure 1.
Since AC = a and BC = b, AB = AC + BC = a + b.
Since point M is the midpoint of AB, AM = (1/2)AB = (1/2)(a + b), 
MC = AC - AM = a - (1/2)(a + b) = (a - b)/2.

② When a > b and point C is on the extension of segment AB, as shown in Figure 2.
Since AC = a and BC = b, AB = AC - BC = a - b.
Since point M is the midpoint of AB, AM = (1/2)AB = (1/2)(a - b), 
MC = AC - AM = a - (1/2)(a - b) = (a"	2022	middle	hard
318	"Let \( p_1, p_2, p_3, p_4 \) be non-zero rational numbers, and \( q_1, q_2, q_3, q_4 \) be irrational numbers. Consider the following four numbers: ① \( p_1^2 + q_1^2 \); ② \( (p_2 + q_2)^2 \); ③ \( (p_3 + q_3)q_3 \); ④ \( p_4(p_4 + q_4) \). How many of these numbers must be irrational?

A. 0 B. 1 C. 2 D. 3"	multiple_answer_choice	B	The concept of irrational numbers###The concept of rational numbers	"Answer: 
① When \(p_{1} = 1, q_{1} = \sqrt{2},\) then \(p_{1}^{2} + q_{1}^{2} = 3,\) which is a rational number;
② When \(p_{2} = 1, q_{2} = \sqrt{2} - 1,\) then \(\left(p_{2} + q_{2}\right)^{2} = 2,\) which is a rational number;
③ When \(p_{3} = 2, q_{3} = \sqrt{2} - 1,\) then \(\left(p_{3} + q_{3}\right)q_{3} = 1,\) which is a rational number;
④ Regardless of the values chosen, the original expression is always an irrational number.
Therefore, the answer is: B
Analysis: According to the definition of irrational numbers and rational numbers combined"	others	middle	hard
441	"Given the parabola \(y=\frac{1}{2}(x-m)^2\), when \(2 < x \leq n\), the inequality \(y \leq x\) always holds. What is the maximum value of \(n\)?

A. 6  B. 8  C. 10  D. 12"	multiple_answer_choice	B	Comprehensive Application of Quadratic and Linear Functions	"[Solution] Answer: As shown in the figure, draw the parabola \(y = 12x - m^2\) and the linear function \(y = x\).  
<image>  
If \(y \leq x\) always holds, then within the range of \(2 < x \leq n\), the corresponding segment on the graph of the linear function \(y = x\) falls between points A and B.  
That means \(x_A \leq 2 < n \leq x_B\). Obviously, when the parabola moves to the right due to changes in the value of \(m\), the segment AB becomes longer, increasing the value of \(n\).  
Since \(y \leq x\) always holds and \(x_A = 2\) when the segment AB is longest, \(n\) is maximized when it equals \(x_B\).  
When \(x_A = 2\),"	2022	middle	hard
1329	"\textsuperscript{2014}+(-8)\textsuperscript{2013} can be divisible by which of the following integers (　　)  
A. 3 B. 5 C. 7 D. 9"	multiple_answer_choice	C	Law of Combining Like Terms and Its Applications	"Solution: Since the original expression \({( - 8)}^{2013} \times ( - 8 + 1) = {( - 8)}^{2013} \times ( - 7)\), 
therefore \(( - 8)^{2014} + ( - 8)^{2013}\) is divisible by 7.
Thus, the answer is: C.
Analysis: This question tests the operation of powers and combining like terms. By identifying \((-8)^{2013}\) as a like term, we combine them to solve the problem."	2017	middle	hard
2376	"If points \(A\left( 2,y_{1} \right)\), \(B\left( -1,y_{2} \right)\), and \(C(3,1)\) all lie on the graph of the linear function \(y = kx + 10\), then the relationship between \(y_{1}\) and \(y_{2}\) is:  
A. \(y_{1} > y_{2}\)  
B. \(y_{1} = y_{2}\)  
C. \(y_{1} < y_{2}\)  
D. Cannot be determined"	multiple_answer_choice	C	Compare the values of linear functions.	nan	2023	middle	medium
316	"Let \(x + y + z = 2020\) and \(\frac{x}{2019} = \frac{y}{2020} = \frac{z}{2021}\). Then \(x^{3} + y^{3} + z^{3} - 3xyz =\) 

A．673 B．\(\frac{2020}{3}\) C．\(\frac{2021}{3}\) D．674"	multiple_answer_choice	B	Algebraic expression evaluation###Properties of Proportions	"Solution: Let \(\frac{x}{2019} = \frac{y}{2020} = \frac{z}{2021} = a\). Then, we have:

\[
\left\{
\begin{array}{r}
x = 2019a, \\
y = 2020a, \\
z = 2021a, \\
x = y - a, \\
z = y + a
\end{array}
\right.
\]

Substituting the values of \(x\), \(y\), and \(z\) into \(x + y + z = 2020\) leads to:

\[
2019a + 2020a + 2021a = 2020
\]

Solving this, we find \(a = \frac{1}{3}\).

\[
\because x^{3} = {(y - a)}^{3} = (y - a)(y"	2020	middle	hard
319	"Four people, A, B, C, and D, each write a letter to one of the other three, with the ways of choosing recipients being equally likely. What is the probability that there exist two people who receive each other's letters? 

A. \(\frac{2}{3}\) B. \(\frac{5}{9}\) C. \(\frac{17}{27}\) D. \(\frac{55}{81}\)"	multiple_answer_choice	C	Calculation of the probability of compound events	"Answer: Solution: Consider two situations, \
① When only two people receive each other's letters, there are 6 cases: A-B, A-C, A-D, B-C, B-D, C-D. \
For example, for A-B, the probability that A writes to B is \( \frac{1}{3} \), and B writes to A is \( \frac{1}{3} \). \
In this scenario, there are two subcases: one where C writes to D, which has a probability of \( \frac{1}{3} \), and D not writing to C has a probability of \( \frac{2}{3} \); \
Another subcase is where C does not write to D, which has a probability of \( \frac{2}{3} \). \
Thus, the probability for A-B is \( \frac{1}{3} \times \frac{1}{3} \times \left( \frac{"	2023	middle	hard
764	"Which of the following statements is correct?

A. If a and b are opposites, then \(\frac{b}{a} = -1\);
B. Up to 45 intersection points can be formed when 10 lines intersect in pairs;
C. If \(\frac{a}{c} = \frac{c}{b}\), then \(ab = c^{2}\);
D. Regardless of the value of x, if \(ax - bx + b = 5\) always holds, then \(ab = 25\)."	multiple_answer_choice	B, C, D	Addition and subtraction of polynomials###The basic properties of equations###The meaning and properties of opposites###The problem of counting line segments	nan	2023	middle	easy
2433	"The equation among the following where the solution is x=2 is (   )
A. x - 1 = 3 B. 2x = 1 C. 3x - 1 = 2x + 1 D. 2(x - 4) = 1"	multiple_answer_choice	C	Determine whether it is a solution of a linear equation in one variable.	nan	others	middle	medium
2497	"Which of the following statements are correct: 
A. A number that is not positive must be negative.
B. \(\frac{22}{7}\) is both a rational number and a fraction.
C. All rational and irrational numbers can be represented as points on a number line.
D. The cube root of \(\sqrt{( - 27)^{2}}\) is 3."	multiple_answer_choice	B, C, D	The concept and classification of real numbers###Irrational numbers represented on the number line###Classification of Rational Numbers###Representation of rational numbers on the number line###Cube root (finding the cube root)	Answer: A. Numbers that are not positive may be zero or negative, so option A is incorrect; B. Integers and fractions are collectively referred to as rational numbers, and \(\frac{22}{7}\) is not only a rational number but also a fraction, so option B is correct; C. All rational and irrational numbers can be represented by points on the number line, so option C is correct; D. \(\sqrt{( - 27)^{2}} = \sqrt{27^{2}} = 27\), the cube root of 27 is 3, so option D is correct; Thus, the answer is: BCD Analysis: Determine option A based on the classification of real numbers; determine B based on the definition of rational numbers; determine C based on the correspondence between real numbers and the number line; determine D based on the properties of arithmetic square roots and cube roots.	2024	middle	medium
2681	"Rotate a regular n-sided polygon by 90° or 120°, and it can coincide with itself, then n can be (    )
A. 90 B. 120 C. 2022 D. 2023"	multiple_answer_choice	B	The nature of rotation###Rotationally symmetric figure	nan	2023	middle	medium
3438	"If \( a \) and \( b \) are rational numbers, \( a < 0 \), \( b > 0 \), and \( |a| > |b| \), then the order of \( a \), \( b \), \(-a\), and \(-b\) is (　　)
A. \(-b < a < b < -a\) B. \(-b < b < a < -a\) C. \(a < -a < -b < b\) D. \(a < -b < b < -a\)"	multiple_answer_choice	D	Comparison of Rational Numbers - Direct Comparison Method###Comparison of Rational Numbers - Absolute Value Comparison Method	"Answer: Given that a<0 and b>0, therefore -a>0 and -b<0. Additionally, since |a|>|b|, it follows that -a>b>-b>a. Thus, the answer is: D. 

Analysis: First determine the signs of a, b, -a, and -b. Based on the fact that positive numbers are greater than 0 and negative numbers are less than 0, you can compare the magnitude relationships of a, b, -a, and -b."	others	middle	medium
