index	question	category	answer	knowledge	analysis	year	grade_level	difficulty_level
1254	The minimum value of \(|x - 1| + |x - 2|\) is 0.	true_false	False	The distance between two points on a number line###The maximum value of the sum of two absolute values	Solution: (1) Since the distance between the points representing x and 1 on the number line is \(|x - 1|\), \(|x - 1|\) + \(|x - 2|\) represents the distance of x from 1 and 2. The minimum value of \(|x - 1|\) + \(|x - 2|\) is 1. (2) From the given information: When n is odd, the minimum value of \(|x - 1|\) + \(|x - 2|\) + \(|x - 3|\) + ... + \(|x - n|\) is achieved when \(x=\frac{n - 1}{2}\) and equals \(\frac{n - 1}{2}\times \frac{n}{2}=\frac{n^{2} - 1}{4}\). When n is even, the minimum value is achieved when \(x	2023	middle	hard
2449	A company had a profit of 1 million yuan in 2022 and 1.69 million yuan in 2024. If the annual average growth rate is x, the equation (1 + x)^2 = 1.69 is correct.	true_false	False	Write a quadratic equation in one variable.	"Solution: Based on the problem statement, the profit after two consecutive years of growth is \(100(1+x)^2\), and this profit is given as 169. Therefore, \(100(1+x)^2=169\). Thus, the answer is: \(100(1+x)^2=169\).

Analysis: According to the problem statement, determining the profit after two consecutive years of growth allows us to set up the equation."	2024	middle	medium
3454	The quadratic trinomial \(x^{2} - 12x + k\) can be factored into two linear factors within the range of integers for multiple values of k.	true_false	False	The concept of factorization	nan	2024	middle	medium
3211	If 8A=9B, then A and B are inversely proportional.	true_false	False	Quantities in inverse proportion and their significance.	[Answer] Solution: From the problem, we have \(\frac{A}{B}\) = \(\frac{9}{8}\), so A and B are in direct proportion. The original statement is incorrect. Therefore, the answer is: Incorrect. [Analysis] After transforming the equation, determine whether the product or the quotient of A and B is constant. If the product is constant, they are in inverse proportion; if the quotient is constant, they are in direct proportion. Otherwise, they are not proportional.	others	middle	medium
114	In \(\triangle ABC\), \(AD\perp BC\) at \(D\), \(BD = 4\), \(CD = 2\), \(\angle BAC = 45{^\circ}\), the area \(S_{\triangle ABC} = 6\)	true_false	False	Method for Solving Quadratic Equations with a Formula###Pythagorean theorem###Determination and Properties of a Square###Triangle congruence criterion - SAS	nan	2024	middle	hard
443	The bookstore is holding a book purchase discount event. Xiao Li spent a total of 229.4 yuan in two book purchases during this event, with the original price of the second purchase being three times the original price of the first purchase. The total original price of Xiao Li's two purchases is 250 yuan.	true_false	False	The Practical Application of Linear Equations: Sales Problems###The Practical Application of Linear Equations: Scheme Selection Problem	"[Solution] Let the original price of Xiaoli's first book purchase be x yuan, then the original price of the second purchase is 3x yuan.

According to the problem, when 3x ≤ 100, i.e., x ≤ \(\frac{100}{3}\), x + 3x = 229.4,

Solving gives: x = 57.35 (discarded);

When 100 < 3x ≤ 200, i.e., \(\frac{100}{3}\) < x ≤ \(\frac{200}{3}\), x + 0.9 × 3x = 229.4,

Solving gives: x = 62,

Therefore, x + 3x = 248;

When 3x > 200 and x ≤ 100, i.e., \(\frac{200}{3}\) < x ≤ 100, x + 0.7 × 3x = 229."	others	middle	hard
444	Given \(a^{2} - 4a + 1 = 0\), then the value of \(4a^{2} - 12a - 2 + \frac{16}{1 + a^{2}}\) is 2.	true_false	False	Finding the value of an algebraic expression - holistic substitution method for finding values.###Find the value of the algebraic expression - Simplify and substitute to find the value.	"Solution: Given that \( a^{2} - 4a + 1 = 0 \),

Thus \( 1 + a^{2} = 4a \), \( a^{2} = 4a - 1 \)

Therefore \( 4a^{2} - 12a - 2 + \frac{16}{1 + a^{2}} \)

= \( 4a^{2} - 12a - 2 + \frac{16}{4a} \)

= \( 4(4a - 1) - 12a - 2 + \frac{4}{a} \)

= \( 4a - 6 + \frac{4}{a} \)

= \( \frac{4a^{2} - 6a + 4}{a} \)

= \( \frac{4(4a - 1) - 6a + 4}{a} \)

= \("	2024	middle	hard
487	The fractional equation \(\frac{1}{x - 2} + 1 = \frac{a - x}{x - 2}\) has an extraneous solution if and only if the value of \(a\) cannot be determined. ( )	true_false	False	Extraneous roots of a fractional equation	"Solution: For the fractional equation \( \frac{1}{x-2} + 1 = \frac{a-x}{x-2} \), clearing the denominators gives:

1 + x - 2 = a - x,

thus, a = 2x - 1.

Since the fractional equation \( \frac{1}{x-2} + 1 = \frac{a-x}{x-2} \) has an extraneous root of 2, x = 2 yields:

\( a = 2 \times 2 - 1 = 3. \)

Therefore, the answer is: 3.

Analysis: An extraneous root in a fractional equation means that after converting it to a polynomial equation, there exists a solution that exactly makes the simplest common denominator zero. Converting to a polynomial equation yields the solution x = 2, then substituting back to find the value of a."	2023	middle	hard
770	The product \(24 \times 35 \times a\) is definitely a multiple of \(2\), \(3\), and \(5\) (\(a\) is a natural number greater than zero\)). (Determine true or false.)	true_false	True	Characteristics of numbers divisible by 2###Characteristics of numbers divisible by 5	Solution: Since 24×35=840, and 840=2×3×5×28, therefore, 840 must be a multiple of 2, 3, and 5. Therefore, the product of 24×35×a must also be a multiple of 2, 3, and 5 (where a is a natural number greater than zero). Hence, the answer is: correct. Analysis: First, calculate the product of 24 and 35, which is 840. Then decompose 840 into 2×3×5×2×2×7, confirming it is a multiple of 2, 3, and 5, thus leading to the conclusion.	2023	middle	easy
2747	\(a \div b = 4\), \(a\) can be evenly divided by \(b\).	true_false	False	The Meaning of Divisibility	"Answer: Given \(a \div b = 4\), if both a and b are integers, it can be said that a is divisible by b. If either a or b, or both, are not integers, it cannot be said that a is divisible by b. Therefore, the statement in the original question is incorrect. Thus, the answer is: Incorrect.

Analysis: The concept of divisibility is as follows: if an integer ""a"" is divided by a positive integer ""b"" and the quotient is an integer, with a remainder of zero, then we say a is divisible by b. Divisibility applies only to integers, and the judgment can be made based on the concept of integers."	2024	middle	medium
779	"The number of subscriptions to ""Young Students' Friend"" and the total amount of money are directly proportional. _______"	true_false	True	The concept of direct proportionality function	nan	2023	middle	easy
1129	Xiaofang should use a bar graph to analyze the changes in her math scores over the past six years.	true_false	False	Selection of statistical charts	nan	2023	middle	easy
1118	Given that A ÷ B = 1.5, then the simplest integer ratio of A to B is 3:2.	true_false	False	The application of ratios###Simplify the ratio	nan	2023	middle	easy
1121	\(- a\) is a negative number (　　)	true_false	False	The concept of algebraic expressions	"[Solution] When \(a \leq 0\), \(-a\) is a non-negative number. When \(a > 0\), \(-a\) is a negative number. Therefore, saying \(-a\) is always a negative number is incorrect. Thus, the answer is: incorrect.
[Analysis] Solve based on the definition of the algebraic expression."	2022	middle	easy
1335	The minimum value of \(x^{2} + y^{2} + z^{2}\) for integers \(x\), \(y\), \(z\) that satisfy \(xy + yz + zx = 118\) is 35.	true_false	False	Symmetric form and cyclic symmetric form	"Solution: Because \((a - b)^{2} = a^{2} + b^{2} - 2ab \geq 0\), 

therefore \(a^{2} + b^{2} \geq 2ab\),

therefore \(x^{2} + y^{2} \geq 2xy, x^{2} + z^{2} \geq 2xz, y^{2} + z^{2} \geq 2yz\),

therefore \(2x^{2} + 2y^{2} + 2z^{2} \geq 2xy + 2xz + 2yz\),

which means \(x^{2} + y^{2} + z^{2} \geq xy + xz + yz = 118\),

thus the answer is: 118.

Analysis: Using the perfect square formula \((a - b)^{2} ="	2024	middle	hard
1352	If the equation \(mx^{2m - 1} + (m - 1)x - 2 = 0\) in terms of \(x\) is a linear equation, then its solution is \ul{　 　}.	true_false	False	Solve a linear equation with a parameter coefficient###Classification discussion	"Solution: According to the problem, 2m-1=1 or 2m-1=0 or m=0. \\
When 2m-1=1, i.e., m=1, the original equation becomes x-2=0, x=2; \\
When 2m-1=0, i.e., m=0.5, the original equation becomes 0.5-0.5x-2=0, x=-3; \\
When m=0, the original equation becomes -x-2=0, x=-2. \\
In summary, the solutions are x=2, x=-3, or x=-2. \\
Therefore, the answer is: x=2, x=-3, or x=-2. \\
Analysis: Based on the characteristics of a linear equation with one variable, we can conclude there are three cases: 2m-1=1, 2m"	others	middle	hard
2068	Given that \(x = 2\) is a solution to the linear equation \(4 - ax = x\), the value of \(a\) is 1.	true_false	False	Given the solution of a linear equation, find the parameter.	"Solution: Since \(x = 2\) is the solution to the linear equation \(4 - ax = x\), we have \(4 - 2a = 2\). Solving this gives \(a = 1\). Therefore, the answer is \(1\).

Analysis: According to the definition of the solution of an equation, ""the solution is the value of the unknown that makes both sides of the equation equal,"" substituting \(x = 2\) into the equation \(4 - ax = x\) results in a linear equation in terms of \(a\), which can be solved to find the solution."	2024	middle	medium
2505	When both the antecedent and consequent of a ratio are multiplied by the same number, the ratio remains unchanged.	true_false	False	The properties of ratios	[Answer] Solution: Multiplying both the antecedent and consequent of a ratio by a non-zero number does not change the ratio, thus the statement in the original question is incorrect. Therefore, the answer is: Incorrect. [Analysis] Property of ratios: If both the antecedent and consequent of a ratio are multiplied or divided by a non-zero number, the ratio remains unchanged. This is the basis for the judgment.	others	middle	medium
3206	Isosceles trapezoids and right trapezoids are special trapezoids. (True or False)	true_false	True	Trapezoid	"Solution: 

Isosceles trapezoid: A trapezoid with two equal legs is called an isosceles trapezoid; thus, it can be concluded that an isosceles trapezoid is a special type of trapezoid.

Right trapezoid: A trapezoid with one right angle is called a right trapezoid.

From this, we can see that isosceles trapezoids and right trapezoids are special trapezoids, so the original statement is correct. 

Therefore, the answer is: Correct.

Analysis: This can be determined based on the definitions of isosceles trapezoids and right trapezoids."	others	middle	medium
3221	159,497,000,000 rounded to the ten million position is 1.59497 × 10¹¹, rounded to the hundred million position is 1.595 × 10¹¹, and rounded to the ten billion position is 1.6 × 10¹¹.	true_false	False	Scientific notation represents numbers greater than 10.###Accuracy and Significant Figures	"Solution: (1) The ten-millionth place of 159497000000 is the digit 9 in the second position from the left. The digit following it is 7, which is greater than 5, so we round up, resulting in 1.5950×10¹¹;  
(2) The billionth place of 159497000000 is the digit 4. The digit following it is 9, which is greater than 5, so we round up, resulting in 1.595×10¹¹;  
(3) The ten-billionth place of 159497000000 is the digit 5. The digit following it is 9, which is greater than 5, so we round up, resulting in   
Thus, the answer is: 1.5950×10¹¹; 1.595×10¹¹; 1.6×10¹¹.  
Analysis: First, determine the precise place value"	others	middle	medium
3561	The base area of a cylinder is 12.56 square centimeters, and its height is 12.56 centimeters. The lateral surface of this cylinder unfolds into a square.	fill_in_the_blank	True	Area of a circle###The unfolded view of a cylinder###Practical Applications of Arithmetic Square Roots	nan	2022	middle	medium
2628	"Discounts on products are based on the original product price as the unit ""1,"" that is, the standard amount."	fill_in_the_blank	True	"Recognition and Identification of the Unit ""1"""	"[Answer] Solution: Based on the meaning of discount, discounted prices are calculated using the original price as the unit ""1,"" which is the standard quantity. The statement in the original question is correct.
Therefore, the answer is: Correct.
[Analysis] Selling at a discount means the current price is a certain percentage of the original price, using the original price as the unit ""1."""	others	middle	medium
3738	A number that is divisible by 3 and 5 is necessarily divisible by 15. (　　)	fill_in_the_blank	True	Characteristics of numbers divisible by 5###The meaning of common multiples and least common multiple	"Solution: A number divisible by both 3 and 5 is also divisible by 15. Therefore, the original statement is correct.  
The answer is: Correct.  
Analysis: A number that is divisible by both 3 and 5 is a common multiple of 3 and 5, with 15 being the least common multiple, so it must be divisible by 15."	2021	middle	medium
3662	If two cylinders have equal volumes, then their lateral surface areas are also equal.	fill_in_the_blank	False	Volume of a cylinder	"Answer: For example, a cylinder with a radius of 1 cm and height of 20 cm has the same volume as a cylinder with a radius of 2 cm and height of 5 cm. Their lateral surface areas are: 3.14×1×2×20=125.6 (square centimeters), 3.14×2×2×5=62.8 (square centimeters); 125.6≠62.8, so their lateral surface areas are not equal, making the original statement incorrect. Therefore, the answer is: Incorrect.

Analysis: According to the formula for the lateral surface area of a cylinder = base circumference × height, if two cylinders have equal volumes but different base radii, then their base circumferences and heights will not be equal, and the product of the base circumference and height will not necessarily be equal. This can be used to determine the correctness."	others	middle	medium
6047	The smallest natural number is 0, and the largest natural number is 999,999,999.	fill_in_the_blank	False	The concepts of natural numbers and integers	"[Answer] Solution: There is no largest natural number, the statement of the original question is incorrect. Therefore, the answer is: Incorrect.

[Analysis] Numbers used to represent the quantity of objects are called natural numbers. The smallest natural number is 0, and the number of natural numbers is infinite; there is no largest natural number."	others	middle	easy
5754	In natural numbers, the sum of the smallest odd number, the smallest even number, the smallest natural number, the smallest composite number, and the smallest prime number is 7.	fill_in_the_blank	True	Understanding Odd and Even Numbers###Prime numbers and composite numbers	nan	2024	middle	easy
1897	"Xiao Liang said, ""During the summer vacation, I participated in many sports exercises and my weight decreased by 10% kilograms."""	fill_in_the_blank	False	The meaning and reading/writing of percentages	[Answer] Solution: Percentages cannot have units, so the original statement is incorrect. Therefore, the answer is: Incorrect. [Analysis] A percentage indicates what percentage one number is of another. It only represents the relationship between two quantities, not a specific amount, meaning a percentage with a unit is meaningless.	others	middle	medium
1887	Two lines in the same plane that do not intersect are called parallel lines.	fill_in_the_blank	True	The positional relationships of lines in a plane	[Answer] Solution: By the definition of parallel lines: Two lines in the same plane that do not intersect are called parallel lines, thus correct. Therefore, the answer is: correct. [Analysis] According to the definition of parallel lines: Two lines in the same plane that do not intersect are called parallel lines, which can be determined.	others	middle	medium
3041	The ratio of the number of heads between big cows and calves is \(2:3\), so the number of heads of calves is \(\frac{1}{2}\) more than that of big cows.	fill_in_the_blank	True	The application of ratios	nan	2024	middle	medium
3040	\( \frac{5}{7} \) of A is equal to \( \frac{4}{3} \) of B, then A < B. (    )	fill_in_the_blank	False	Find the ratio.	"Answer explanation: \(\frac{5}{7}\) A = \(\frac{4}{3}\) B, so 15 A = 28 B, thus A : B = 28 : 15, indicating A is greater than B, i.e., A \textgreater B. Therefore, the answer is: Incorrect.

Analysis: Find the ratio of A and B, then make a judgment."	2024	middle	medium
2633	Determine true or false: 5 is a factor, 20 is a multiple.	fill_in_the_blank	False	The meaning of factors and multiples	Solution: 5 is a factor of 20, and 20 is a multiple of 5, so the answer is: incorrect. Analysis: Factors and multiples are interdependent; you cannot independently state which is a multiple or a factor.	others	middle	medium
2626	25 has 5 factors.	fill_in_the_blank	False	A method to find the factors of a number	"[Answer] The factors of 25 are: 1, 5, 25, with a total of 3 factors. The statement in this question is incorrect. Therefore, the answer is: incorrect.  
[Analysis] To find the factors of a number: Use multiplication equations, finding them group by group in ascending order. In this process, both multipliers are factors of the product."	others	middle	medium
3559	Among the natural numbers from 1 to 30, there are 17 numbers that are multiples of 3 or 4.	fill_in_the_blank	True	Method for finding the multiple of a number	"[Answer] Solution: The multiples of 3 are 3, 6, 9, 12, 15, 18, 21, 24, 27, 30; the multiples of 4 are 4, 8, 12, 16, 20, 24, 28; a total of 17. The original statement is correct. Hence, the answer is: Correct.

[Analysis] The smallest multiple of 3 is 3, and the smallest multiple of 4 is 4. By finding all multiples of 3 and 4 from 1 to 30 in this manner, we can make a judgment."	others	middle	medium
3050	Any two ratios can form a proportion.	fill_in_the_blank	False	The meaning and basic properties of proportion	[Answer] Solution: Only two ratios with equal values can form a proportion; the original statement is incorrect. Thus, the answer is: Incorrect. [Analysis] An expression indicating two equal ratios is called a proportion; therefore, only two ratios with equal values can form a proportion.	others	middle	medium
3732	All the circles have equal radii.	fill_in_the_blank	False	Understanding Circles and Pi	[Answer] Within the same circle, all radii are equal, so the statement in the original question is incorrect. Therefore, the answer is: Incorrect. [Analysis] Within the same circle, all radii are equal, and all diameters are equal. This is the basis for the answer.	others	middle	medium
3556	Carving a cylinder into the largest possible cone, the volume ratio of the cone to the carved-away part is 1:3. (   )	fill_in_the_blank	False	Volume of a cylinder###Volume of a cone	[Answer] Solution: Since V_cylinder = 3V_cone, therefore V_cone : (V_cylinder - V_cone), = V_cone : 2V_cone, = 1:2, thus the ratio of the volume of the cone to the cut-off part is 1:2. Therefore, the answer is: Incorrect. [Analysis] According to the volume formulas for cylinders and cones, V_cylinder = 3V_cone, deriving V_cone : (V_cylinder - V_cone) = V_cone : 2V_cone = 1:2, leads to the answer.	2020	middle	medium
3558	Determine true or false. When drawing diagrams, different scales result in different sizes of the diagram.	fill_in_the_blank	True	Scale	[Answer] Different scales indicate that the relationship between actual distance and map distance differs, which means the size of the drawn map also differs. Therefore, the original statement is correct. Hence, the answer is: Correct. [Analysis] The scale is the ratio of map distance to actual distance. If the scale differs, it means the relationship between actual distance and map distance is different, which can be judged accordingly.	others	middle	medium
3340	A piece of clothing at a 30% discount means the current price is 70% of the original price.	fill_in_the_blank	False	Discount issue	[Answer] Solution: A piece of clothing being 30% off means the current price is 30% of the original price. The statement in the original question is incorrect. Therefore, the answer is: Incorrect. [Analysis] Offering a discount means the current price is a certain percentage of the original price, which can be determined from this. **IV. Fill-in-the-blank questions**	others	middle	medium
2268	\(\frac{4}{9}\) of 45 kg is 20 kg.	fill_in_the_blank	True	Multiplying Fractions by Integers	"【Answer】To find \(\frac{4}{9}\) of 45 in kilograms, calculate using multiplication. The equation is 45 × \(\frac{4}{9}\) = 20 kilograms. Therefore, the answer is: correct.

【Analysis】To find a fraction of a number, use multiplication; 45 \(\times \frac{4}{9}\) can also be understood as dividing 45, considered as unit ""1"", into 9 equal parts and representing how much 4 parts are."	others	middle	medium
3678	The ratio of number A to number B is 3:5, then number A is \(\frac{6}{7}\) of number B.	fill_in_the_blank	False	The meaning of ratios	[Solution] Explanation: Number A is to number B as 3 ÷ 5 = \(\frac{3}{5}\), so the original statement is incorrect. Therefore, the answer is: Incorrect. [Analysis] Based on the ratio of numbers A and B, we can determine what fraction A is of B, and make the judgment accordingly.	others	middle	medium
3056	Rational numbers can be divided into two categories: positive rational numbers and negative rational numbers. (True or False)	fill_in_the_blank	False	Rational Numbers and Their Classification	[Solution] Explanation: Rational numbers can be divided into positive rational numbers, negative rational numbers, and 0. Therefore, this conclusion is incorrect. Hence, the answer is: Incorrect. [Analysis] The conclusion can be drawn based on the definition of rational numbers.	others	middle	medium
2576	The surface area of a cylinder equals the circumference of the base multiplied by the height.	fill_in_the_blank	False	Lateral surface area and total surface area of a cylinder.	[Answer] Solution: The circumference of the cylinder's base multiplied by the height gives the lateral surface area of the cylinder. The original statement is incorrect. Thus, the answer is: Incorrect. [Analysis] The surface area of a cylinder = base area × 2 + lateral surface area, and the lateral surface area of a cylinder = base circumference × height. This is how it is determined.	others	middle	medium
2128	"Determine true or false.
Observe a cylindrical wooden block; its side could be a square."	fill_in_the_blank	True	Features of a Cylinder###The unfolded view of a cylinder	[Answer] Observing a cylindrical wooden block, its side may be a square or a rectangle. The original statement is correct. Therefore, the answer is: Correct. [Analysis] By observing a cylindrical wooden block, its side may be a square or a rectangle, thus providing the answer.	others	middle	medium
2111	In the same plane, the positions represented by the pair \((3, 4)\) and the pair \((4, 3)\) are the same.	fill_in_the_blank	False	Using coordinates to indicate geographical location###Ordered pair	Answer: The statement that the ordered pairs (3, 4) and (4, 3) represent the same position is incorrect, because the column and row numbers for these two positions are different. Therefore, the answer is: False. Analysis: The statement that the ordered pairs (3, 4) and (4, 3) represent the same position is incorrect, because the column and row numbers for these two positions are different.	2021	middle	medium
5464	The number A is \(\frac{1}{5}\) more than the number B, then the number B is \(\frac{1}{5}\) less than the number A. (      )	fill_in_the_blank	False	To find what fraction one number is of another.	"Answer: Solution: Since \(\frac{1}{5} \div (1 + \frac{1}{5}) = \frac{1}{5} \div \frac{6}{5} = \frac{1}{6},\)

Therefore, B is \(\frac{1}{6}\) less than A.

So A is \(\frac{1}{6}\) more than B, while B is \(\frac{1}{6}\) less than A.

Therefore, the answer is: incorrect.

Analysis: Consider B as 1, then A is 1+\(\frac{1}{5}\)=\(\frac{6}{5}\). Using the difference between the two numbers, \(\frac{1}{5}\), divided by A, we can determine how much less B is compared to A."	2023	middle	easy
2567	"Determine True or False:  
\(\frac{8}{35} \div 5 = \frac{8}{35} \times \frac{5}{1} = 1\frac{1}{7}\)"	fill_in_the_blank	False	Division of a fraction by an integer	"Answer: \(\frac{8}{35} \div 5 = \frac{8}{35} \times \frac{1}{5} = \frac{8}{175}\), the original calculation is incorrect.  
Therefore, the answer is: Incorrect.  
Analysis: Dividing number A by number B (excluding 0) is equivalent to multiplying number A by the reciprocal of number B. Converting division to multiplication in this way allows for easy calculation; note that the reciprocal of 5 is \(\frac{1}{5}\)."	others	middle	medium
3391	Rotating a side of a triangle around an axis for one full turn will definitely form a cone.	fill_in_the_blank	False	Characteristics of a Cone	"Solution: Rotating a right triangle about one of its legs will always form a cone. The original statement is incorrect. Therefore, the answer is: Incorrect. 

Analysis: If you rotate any triangle around one of its sides, you will get two cones with equal base areas, which leads to this conclusion."	others	middle	medium
3332	"4:5 is read as ""4 to 5"" and can also be written as \(\frac{4}{5}\)."	fill_in_the_blank	True	Reading, writing, and the names of the parts of ratios.	"Answer: The ratio 4:5 is read as ""4 to 5"" and can also be written as \(\frac{4}{5}\). Therefore, the answer is: Correct.  
Analysis: According to the way ratios are written, a ratio can be expressed in the form of a fraction, where the first term of the ratio is the numerator and the second term is the denominator."	others	middle	medium
3395	Male employees are 25% more than female employees, which means female employees are \(\frac{1}{5}\) fewer than male employees.	fill_in_the_blank	True	Conversion between percentages and fractions	"Solution: \(25\% \div (1 + 25\%) = 25\% \div 125\% = \frac{1}{5}\); there are \(\frac{1}{5}\) fewer female employees compared to male employees. Therefore, the answer is: correct.

Analysis: First, consider the number of female employees as unit ""1"". The number of male employees is (1 + 25%) of the number of female employees. Dividing 25% by the number of male employees gives the percentage by which female employees are fewer compared to male employees. This problem first establishes unit ""1"", represents the number of male and female employees in terms of unit ""1"", and uses the method of finding what percentage one number is of another to solve."	others	middle	medium
3563	When a figure is enlarged by a certain ratio, this ratio is greater than 1. When a figure is reduced by a certain ratio, this ratio is less than 1.	fill_in_the_blank	True	Enlargement and Reduction of Images	"Answer: Enlarging a figure means increasing the original distance, with the ratio of the enlarged distance to the original distance being greater than 1. Reducing a figure means decreasing the original figure, with the ratio of the reduced figure's distance to the original figure's distance being less than 1. The statement in the original problem is correct. Therefore, the answer is: Correct.

Analysis: When enlarging or reducing by a certain ratio, note that the antecedent of the ratio represents the length after enlarging or reducing the figure, and the consequent represents the length of the original figure."	others	middle	medium
3052	The greatest common divisor of two numbers is always less than or equal to these two numbers. (     )	fill_in_the_blank	False	Methods to find the greatest common divisor of several numbers	"Answer: Solution: For example, the greatest common divisor of 4 and 8 is 4, which equals one of the numbers.  
Therefore, the answer is: False.  
Analysis: When two numbers have a multiple relationship, the greatest common divisor of the two numbers equals the smaller one."	2021	middle	medium
3057	Dividing \(\frac{2}{5}\) by a proper fraction results in a quotient greater than \(\frac{2}{5}\). (     )	fill_in_the_blank	True	Comparison of fractions with the same denominator or numerator.	"Solution: For example, \(\frac{1}{2}\) is a proper fraction. \(\frac{2}{5} \div \frac{1}{2} = \frac{2}{5} \times 2 = \frac{4}{5} > \frac{2}{5}\). Thus, the answer is correct.

Analysis: A proper fraction is one where the numerator is smaller than the denominator. Write a proper fraction and perform the calculation to reach a conclusion."	2024	middle	medium
3398	Determine True or False. A bag of rice weighs 7 kilograms. After eating \(\frac{1}{7}\), \(\frac{6}{7}\) kilograms remain.	fill_in_the_blank	False	Fraction multiplication word problems	"Solution: Remaining: \(7 - 7 \times \frac{1}{7} = 7 - 1 = 6\) (kilograms), the original problem contains a calculation error. Therefore, the answer is: incorrect.

Analysis: Taking the weight of this bag of rice as the unit ""1"", the weight consumed can be determined by multiplying the total weight by the fraction consumed, and then subtracting the consumed weight from the total weight to find the remaining weight."	others	middle	medium
5466	True or false: Among \(\frac{2}{3}\), \(0.67\), and \(66.7\%\), the largest is \(66.7\%\).	fill_in_the_blank	False	Conversion between fractions and decimals###Comparison of Rational Numbers - Direct Comparison Method	"Solution: \(\frac{2}{3} = 0.\overline{6}\); \(66.7\% = 0.667\); therefore, \(0.67 > 0.667 > 0.\overline{6}\), meaning the largest is \(0.67\), so the answer is: incorrect. 

Analysis: First convert the fraction and percentage into decimals: \(\frac{2}{3} = 0.\overline{6}\); \(66.7\% = 0.667\). Then, by comparing the decimals, determine the order of the three numbers, identify the largest number, and make a judgment."	2024	middle	easy
5756	The antecedent of a ratio is equal to the consequent divided by the ratio.	fill_in_the_blank	False	The relationship between ratios and fractions, division	nan	2024	middle	easy
1963	The base diameter and height of a cylinder are equal. When the lateral surface is unfolded along the height, the resulting shape is a square.	calculation	False	The unfolded view of a cylinder	Solution: Since the lateral surface development of a cylinder is a square, it can be concluded that the circumference of the cylinder's base equals its height, i.e., πd = h. Therefore, the base diameter is not equal to the height of the cylinder. Thus, the statement that a cylinder with equal base diameter and height has a square lateral surface development is incorrect. Hence, the answer is: False. Analysis: The lateral surface development of a cylinder is a square, indicating that the circumference of the base equals the height. This forms the basis of the solution. This question mainly tests the understanding that if the lateral surface development of a cylinder is a square, then the circumference of the base equals the height.	others	middle	medium
1965	The height of a cylinder is reduced by half, the radius of the base is doubled, and the surface area remains unchanged.	calculation	False	Calculation of a cylinder	Solution: Let the original height of the cylinder be \( h \), and the base radius be \( r \). The current height of the cylinder is \( \frac{1}{2}h \), and the base radius is \( 2r \). Therefore, the original surface area is \( 2\pi r^2 h \), and the current surface area is \( 2\pi(2r)^2(\frac{1}{2}h) = 4\pi r^2 h \). Thus, the surface area has changed, so the answer is: False. Analysis: The conclusion can be drawn based on the lateral surface area of the cylinder. **Fifth, Calculation Problems**	others	middle	medium
