index	question	category	answer	knowledge	analysis	year	grade_level	difficulty_level
1375	"A new generation fighter jet independently developed by our country possesses excellent capabilities such as supersonic cruising, electromagnetic stealth, super maneuverability, and beyond-visual-range attack. The aircraft has a maximum takeoff weight of 37 tons, a maximum flight altitude of \(2 \times 10^{4}\) meters, a maximum speed of 2.5 times the speed of sound (equivalent to 3060 km/h), and a maximum fuel capacity of 10 tons. The relationship between the aircraft's drag force and speed during flight is shown in the following table:

\[
\begin{tabular}{cccccc}
\toprule
\text{Speed \(v/m \cdot s^{-1}\)} & 100 & 200 & 300 & 400 & 600 \\
\midrule
\text{Drag \(f/N\)} & \(0.2 \times 10^{4}\) & \(0.8 \times 10^{4"	calculation	(1) \(5 \times 10^{11} J\); (2) \(1.28 \times 10^{7} W\); (3) \(4.5 \times 10^{3} km\)	Application of Power Calculation Formulas###The calorific value of the fuel###Efficiency of heat engines###Calculation and Application of Work	nan	2023	middle	hard
1381	"A car's engine has a power of 40 kW and a thermal efficiency of 20%. It carries 16 kg of gasoline. If the car's speed is 72 km/h, calculate: (The calorific value of gasoline is 4.6×10\textsuperscript{7} J/kg)  
(1) What is the total energy released by the complete combustion of gasoline?  
(2) How much work does the engine do on the car?  
(3) How far can the car travel?"	calculation	"(1) The heat released by gasoline combustion is \(Q_{released} = mq = 16kg \times 4.6 \times 10^{7}J/kg = 7.36 \times 10^{8}J\);

(2) The useful work calculated based on the engine's heat and thermal efficiency is \(W = Q_{released}\eta = 7.36 \times 10^{8}J \times 20\% = 1.472 \times 10^{8}J\);

(3) The driving time of the car calculated based on useful work and power is \(t = \frac{W}{P} = \frac{1.472 \times 10^{8}J}{40 \times 10^{3}W} = 3.68 \times 10^{3}s\),

72 km/h = 20 m/s,

Using speed and time to calculate the distance is \(s = vt ="	The calorific value of the fuel###Efficiency of heat engines###Calculation and Application of Work	[Analysis] (1) Calculate the heat released from combustion based on the product of the fuel's mass and calorific value; (2) Use the heat released from combustion and thermal efficiency to calculate the useful work; (3) Calculate the operating time using the ratio of useful work to power, and calculate the distance using the product of speed and time.	2019	middle	hard
2977	"Xiao Hu is riding a motorboat traveling at a constant speed of 10 m/s toward a cliff. He shouts towards the cliff and hears the echo after 5 seconds. It is known that the speed of sound in the air is 340 m/s. Find:

(1) The distance the sound travels in the air in 5 seconds;
(2) The time it takes for the motorboat to travel 0.4 km at a constant speed;
(3) The distance he is from the cliff when he hears the echo."	calculation	"Solution: 

(1) From \(v = \frac{s}{t}\), the distance sound travels in the air in 5 seconds is:
\[ \text{Distance of sound} = v_{\text{sound}} \cdot t = 340 \, \text{m/s} \times 5 \, \text{s} = 1700 \, \text{m} \]

(2) The speed of the motorboat is:
\[ v_{\text{motorboat}} = 10 \, \text{m/s} \]

The distance the motorboat travels is:
\[ s_{1} = 0.4 \, \text{km} = 400 \, \text{m} \]

From \(v = \frac{s}{t}\), the time taken by the motorboat to travel 0.4 km at a constant speed is:
\[ t_{1} = \frac{s_{1}}{v_{\text{"	Speed formula and its application###Speed of sound	Analysis: (1) Use \(s = vt\) to calculate the distance sound travels in 5 seconds; (2) Use \(t = \frac{s}{v}\) to calculate the time the motorboat takes to travel 0.4 km at a constant speed; (3) Use \(s_{\text{motorboat}} = v_{\text{motorboat}}t\) to determine the distance the motorboat travels, and then use \(s = \frac{s_{\text{motorboat}} + s_{\text{sound}}}{2}\) to calculate the distance from the cliff at the time of the call, and use \(s_{0} = s - s_{\text{motorboat}}\) to find the distance from the cliff when he hears the echo.	2024	middle	hard
1977	"A certain empty bottle has a mass of 120g. When filled with water, the total mass of the bottle and the water is 620g. An 89g solid ball is placed into this filled bottle, and after the ball is fully submerged and sinks to the bottom, the total mass of the bottle is measured to be 699g after water overflows. Calculate:
(1) The volume of the bottle;
(2) The mass of the water that overflowed from the bottle;
(3) The density of the solid ball."	calculation	(1) 500 cm\textsuperscript{3}; (2) 10 g; (3) 8.9 g/cm\textsuperscript{3}	Density formula and its applications###Use of the Graduated Cylinder	nan	2022	middle	hard
472	"The ""Kunlong"" AG600 developed by China is currently the world's largest amphibious aircraft, which can be used for tasks such as forest firefighting and water rescue. Its relevant parameters are shown in the table. During a test, the aircraft travels on water at a constant speed of 12 m/s in a straight line, with the power of horizontal propulsion at 2.4×10\textsuperscript{6}W. The water density ρ\textsubscript{water} is 1.0×10\textsuperscript{3} kg/m\textsuperscript{3}, and g is taken as 10 N/kg. Find:

\begin{longtable}[]{@{}l l@{}}
\toprule
Parameters of ""Kunlong"" AG600 &  \\
\midrule
Maximum takeoff weight & 53.5t \\
Maximum cruising speed & 500 km/h \\
Maximum flight duration & 12"	calculation	"(1) Solution: From \( v = \) <image>, we can determine the time used as:
\( t = \frac{s}{v} = \frac{4000 \text{ km}}{500 \text{ km/h}} = 8 \text{ h} \);

(2) Solution: From \( P = \) <image> = <image> = \( Fv \), the horizontal force is:
\( F = \frac{P}{v} = \frac{2.4 \times 10^{6} \text{ W}}{1.2 \text{ m/s}} = 2 \times 10^{5} \text{ N} \);

(3) Solution: The maximum takeoff mass \( m = 53.5 \text{ t} = 5.35 \times 10^4 \text{ kg} \),
Since the airplane is floating,
The buoyant force acting on the airplane is"	Calculation of Power###Speed formula and its application###Archimedes' principle###Conditions of an Object's Buoyancy and Its Applications	"Analysis: (1) From \( v = \frac{s}{t} \), we can derive the time used.  
(2) From \( P = \frac{W}{t} = \frac{Fs}{t} = Fv \), we get the horizontal power.  
(3) Use \( G = mg \) to find its weight; when the plane is floating, \( F_{\text{buoyancy}} = G = mg \). Then, using Archimedes' principle, \( F_{\text{buoyancy}} = \rho_{\text{water}} V_{\text{displaced}} g \) to determine the displaced water volume."	2019	middle	hard
1159	A thermometer with even graduations but inaccurate readings shows 95°C in boiling water and 5°C in an ice-water mixture at standard atmospheric pressure. Now, when the thermometer is hung on the classroom wall, it shows 32°C. What is the actual temperature in the classroom?	calculation	30°C	Temperature and the Use and Reading of Thermometers	"[Answer] The actual temperature represented by each division of this thermometer is: <image>;
The number of divisions for room temperature is (32-5) divisions = 27 divisions,
Room temperature is <image>.

[Analysis] First calculate the temperature value represented by the liquid column rising per centimeter or per division, then calculate the length or number of divisions the liquid column rises during actual measurement to determine the actual measured temperature."	others	middle	hard
2766	If the amount of charge passing through the cross-section of a certain conductor is 90 coulombs in 60 seconds, find the current I through the conductor.	calculation	Solution: The current through the conductor: I = \(\frac{Q}{t}\) = \(\frac{90C}{60s}\) = 1.5A. Answer: The current through the conductor is 1.5A.	Electric Charge and Its Calculation	[Analysis] Calculate the magnitude of the current by using the ratio of charge and time.	2023	middle	easy
2186	"Xiao Ming wants to use items such as an electronic scale and a water cup at home to measure the density of his mother's bracelet. He first measured the bracelet's mass as \(38.6g\). Then he found a plastic cup and converted it into an overflow cup, placing it on the electronic scale and measuring its mass as \(22g\). He added water to the overflow cup until it overflowed, waited for a moment, and when the water stopped overflowing the scale showed \(122g\). Xiao Ming then slowly placed the bracelet into the overflow cup, and after the water stopped overflowing, the scale showed \(150.6g\). Calculate the following:

(1) The gravitational force on Xiao Ming's mother's bracelet \((g = 10N/kg)\).
(2) The volume capacity of the overflow cup. \((\)The density of water is \(1g/cm^{3})\).
(3) The density of the bracelet."	calculation	"(1) Solution: The weight of Xiaoming's mom's bracelet \(G_{bracelet} = m_{bracelet}g = 38.6g \times 10N/kg = 38.6 \times 10^{-3}kg \times 10N/kg = 0.386N\);

(2) Solution: After the overflow cup is filled with water, the mass of the water in the overflow cup \(m_{water} = m_{total} - m_{cup} = 122g - 22g = 100g\);
The volume of the overflow cup \(V_{cup} = V_{water} = \frac{m_{water}}{\rho_{water}} = \frac{100g}{1g/cm^{3}} = 100cm^{3}\);

(3) Solution: After placing the bracelet in, the mass of the water in the overflow cup \(m_{water}^{'} = m_{total}^{'}"	Density formula and its applications###Measurement of solid density###Design an experiment to measure density.	"[Analysis] **Measuring the bracelet's mass:** Use an electronic scale to directly measure the bracelet's mass.  
**Measuring the overflow cup's volume:** Place the overflow cup on the electronic scale to measure its mass. Then fill the overflow cup with water until it overflows, and measure the scale reading once the overflow stops. The mass of the water in the overflow cup is used, and according to the density formula (where is density, is mass, is volume), the volume of the overflow cup can be determined.  
**Measuring the bracelet's density:** Place the bracelet in the overflow cup, measure the scale reading once the overflow stops. After the bracelet is placed, the mass of water in the overflow cup is noted, and its volume is recorded. The volume of the bracelet is equal to the volume of the overflowed water. Finally, the bracelet's density can be calculated using the density formula."	2023	middle	hard
2679	"Classmate Xiaoliang shouted from a small boat towards a tall mountain opposite, and heard the echo 5 seconds later. Given that the speed of sound in air is 340 m/s:  
(1) If the boat is stationary on the water, how far is it from the mountain?  
(2) If the boat is moving towards the mountain at a speed of 10 m/s, how far is the student from the mountain when shouting?"	calculation	"(1) Since the time it takes for sound to reach the mountain is half the time of hearing the echo, then  
\(t = \frac{1}{2} \times 5s = 2.5s\)  
The distance from the boat to the mountain is  
\(s=vt=340m/s \times 2.5s=850m\)  

(2) The distance sound travels is  
\(s_{1}=v_{\text{sound}}t_{1}=340m/s \times 5s=1700m\)  
The distance the boat travels is  
\(s_{2}=v_{\text{boat}}t_{2}=10m/s \times 5s=50m\)  
The distance from the student shouting to the mountain is  
\(s_{3} = \frac{1}{2} \times (s_{1} + s_{2}) = \frac{1}{2} \"	Speed formula and its application###Echo and Its Generation	"[Analysis] Calculate the object's speed using the motion speed formula.
1) The echo's travel time is half of the total time, so the time for sound to reach the mountain is t = 0.5s. With the speed of sound V_sound, calculate the distance from the boat to the mountain using the formula s = V_sound * t.
2) According to the speed formula, the distance of sound travel s_1 = v_sound * t_1, and the boat's travel distance s_2 = v_boat * t_2. The echo travel distance is twice the distance at which the student shouted away from the mountain, thus the distance at the time of shout is s_3 = (1/2) * (s_1 + s_2)."	2023	middle	easy
3279	"The process of work done by an object is essentially a process of energy transformation. For example, when ignoring air resistance, the amount of work done by gravity as an object freely falls is equal to the increase in the object's kinetic energy. The formula for the kinetic energy E\textsubscript{K} of an object is E\textsubscript{K} = \(\frac{1}{2}\) mv\textsuperscript{2}, where m represents the mass of the object and v represents the velocity of the object.
(1) When an object begins to freely fall from rest, what is its velocity after falling 5 meters?
(2) As an object freely falls, the velocities at two different positions are measured as v\textsubscript{1} and v\textsubscript{2}. Determine the distance h between these two positions."	calculation	"(1) Solution: \(E_K = \frac{mv^2}{2}\), \(E_P = mgh\), according to the law of conservation of mechanical energy: \(\frac{mv^2}{2} = mgh\), so \(\frac{v^2}{2} = gh\), which means \(v = \sqrt{2gh}\). Therefore, the speed when falling 5m is 10m/s.

(2) Solution: From \(v = \sqrt{2gh}\), we know \(v^2 = 2gh\), thus \(v_2^2 - v_1^2 = 2g(h_2 - h_1)\), so \(h_2 - h_1 = \frac{v_2^2 - v_1^2}{2g}\)."	Application of Kinetic and Potential Energy	"[Analysis] (1) An equation can be derived from the principle that work done by gravity equals the change in kinetic energy of the object, allowing the expression for the distance the object falls to be determined; use the expression to find the object's speed after falling 5 meters.\\
(2) Determine the distance between the two positions based on the change in energy."	others	middle	hard
