index	question	category	answer	knowledge	analysis	year	grade_level	difficulty_level
2784	The distance from Earth to the Moon is approximately 3×10^8 meters. The lunar probe launched by humans can move on the Moon under the control of an automatic navigation system, sending signals to Earth every 5 seconds. At a certain moment, data from the ground control center shows that there is an obstacle located 32 meters ahead of the probe. After 5 seconds, the control center data shows that the probe is 22 meters from the obstacle, indicating the probe's moving speed is ( ) m/s. After another 5 seconds, the control center receives information that the probe's braking system has malfunctioned. To prevent the probe from colliding with the obstacle, scientists decide to conduct a remote manual braking operation, and it takes 3 seconds to input the command. Given that the speed of electromagnetic waves is 3×10^8 meters per second, when the probe receives the ground braking command, the probe is ( ) meters away from the obstacle.	fill_in_the_blank	2; 2	The speed of light and light-year###Speed formula and its application	nan	2024	middle	hard
559	During the Dragon Boat Festival, Zheng Neng went hiking in the mountains with his parents. He shouted toward the distant cliff and heard the echo about 1.6 seconds later. They were approximately \ul{　 　} m away from the cliff, calculating the speed of sound as 340 m/s. Sound propagates in the \ul{　 　} form in the air.	fill_in_the_blank	272; Acoustic Wave	Conditions for the propagation of sound###Application of Echo Distance Measurement	"Solution: 

(1) The time it takes for the sound to travel from the person to the cliff:  
t = \(\frac{1}{2}\) × 1.6s = 0.8s,  
v = \(\frac{s}{t}\),  
Therefore, the distance between the person and the cliff:  
s = vt = 340m/s × 0.8s = 272m;  

(2) Sound propagates through the air in the form of sound waves.  

Thus, the answer is: 272; sound wave.  

Analysis: Echo ranging: s = \(\frac{1}{2}\)vt.  
Sound propagation: Sound travels through a medium in the form of sound waves."	2018	middle	hard
1359	A and B are two balls with equal mass; one is hollow and the other is solid. In appearance, both have a volume of V\textsubscript{0}, and the density of ball B is two-thirds that of ball A. Then, (i) the volume ratio of the solid parts of the two balls V\textsubscript{A}: V\textsubscript{B} = \_\_\_. (ii) The volume of the hollow part of the hollow ball is \_\_\_.	fill_in_the_blank	2:3; \(\frac{1}{3}V_{0}^{}\)	Density and its characteristics###Density formula and its applications###Application of Density and Identification of Substances	"[Answer] Given: \(V_{A} = V_{B} = V_{0}, \rho_{B} = \frac{2}{3}\rho_{A}, m_{A} = m_{B}\).

According to the density formula \(\rho = \frac{m}{v}\), the variation formula \(\rho = \frac{m}{v}\) indicates that with constant mass, volume and density are inversely proportional, with \(\rho_{A} : \rho_{B} = 3 : 2\), hence \(V_{A} : V_{B} = 2 : 3\), implying \(V_{A} = \frac{2}{3}V_{B}\). It can be determined that object A is hollow and object B is solid, \(V_{A} = \frac{2}{3}V_{B} = \frac{2}{3}V_{0}\). The volume of"	2024	middle	hard
3274	"When an object moves in a fluid, it experiences resistance called fluid resistance. The amount of fluid resistance is related to the speed of relative motion - the greater the speed, the greater the resistance; it is also related to the cross-sectional area of the object - the larger the area, the greater the resistance; and it is related to the shape of the object - objects with a rounded front and tapered end (usually called streamlined shapes) have less resistance. When an object falls from a high altitude from rest, its speed increases, and the resistance it experiences also increases. After falling a certain distance, when the resistance equals the gravitational force, the object will move at a constant speed, which is usually called the terminal speed. A research group conducted an experiment on the ""relationship between air resistance on a spherical object and the object's radius and speed,"" with measurement data as follows (take g as 10N/kg).

Complete the questions below:

(1) In order to increase the fluid resistance on an object, a ( ) with a ( ) cross-sectional area would be most effective.
(2) If the radius of the object is ( ) meters, then its terminal speed would be ( ) the speed of larger radius objects."	fill_in_the_blank	parachute; large; 0.02; less than	Calculation of gravity and its magnitude###Distinguishing Balance Ability###The relationship between force and motion	"Answer: (1) The C919 aircraft and nuclear submarines are streamlined to reduce resistance while traveling, whereas a parachute has a larger cross-sectional area to increase fluid resistance. Based on the analysis of data in Tables 1 and 2, for balls with the same radius, the larger the mass, the greater the terminal velocity.  
(2) The maximum air resistance on Ball 1 corresponds to its terminal velocity, which is v = 16 m/s. At this point, Ball 1 is in a state of force equilibrium, where the air resistance equals the gravitational force:  
\( F_{resistance} = G = mg = 0.002 \, \text{kg} \times 10 \, \text{N/kg} = 0.02 \, \text{N} \). For Ball 3, when the air resistance equals gravity, the velocity is the terminal velocity of 40 m/s. At a speed of 25 m/s"	2022	middle	hard
1154	"A certain model of phone not only features a 4000mA•h large-capacity battery but also uses ""super fast charging"" technology, greatly facilitating user convenience. The parameters for the battery and charger are as shown in the table below:

Battery location: ( )  
Charger power (W): ( )  
Battery capacity in joules (J) assuming the potential difference remains constant: ( )  
Charging time assuming ideal conditions (minutes): ( )"	fill_in_the_blank	Inside; 66; 5.76×10\textsuperscript{4}; 48	Power supply and its energy conversion###Calculation of Electric Work###Calculation of Electric Power	nan	2023	middle	hard
342	A wooden crate weighing 100 N is placed on a horizontal floor with the same roughness, pushed by a horizontal force F. When F = 15 N, it doesn't move, and the frictional force on the crate is ( ) N. When F = 30 N, the crate moves at a constant speed in a straight line. When F = 50 N, the crate undergoes ( ) motion. When F is removed, the crate decelerates, and at this time the frictional force on it is ( ) N.	fill_in_the_blank	15; accelerate; 30	Conditions and Applications of Two-Force Equilibrium###The magnitude of friction###An experiment exploring the factors affecting the magnitude of friction.	nan	2024	middle	hard
1709	"The combined action of the lens and cornea at the front of the human eye is equivalent to a \ul{     }. When a person shifts from looking at distant objects to near objects, the object distance \ul{     } (choose from ""increases"", ""decreases"", or ""remains unchanged""). Through \ul{     } (choose from ""ciliary muscle"", ""cornea"", or ""eye axis"") adjusting the curvature of the lens, the focal length \ul{     } (choose from ""increases"", ""decreases"", or ""remains unchanged""), thus allowing light to reconverge on the retina for a clear image."	fill_in_the_blank	Convex lens; decrease; ciliary muscle; decrease	The Eyes and Their Visual Principles	The lens and cornea of the eye are comparable to a convex lens, and the retina is comparable to a screen, so an external object forms an inverted, reduced real image on the retina. When shifting focus from distant to nearby objects, the ciliary muscle adjusts the curvature of the lens, enhancing its converging ability. This reduces the focal length of the lens, allowing light to reconverge on the retina for a clear image. Analysis is based on the structure and imaging principles of the human eye, and on methods for adjusting focus in the eye.	2024	middle	medium
162	"A cocktail is a mixed drink consisting of two or more types of alcohol, possessing certain nutritional and aesthetic values. The different colors of the various types of alcohol create distinct layers, with the density of the top layer being \_\_\_ (choose from ""greater than"", ""less than"", or ""equal to"") the density of the bottom layer. The bottom layer of the drink is transparent red, and when white light shines through, only \_\_\_ light can pass through. If the bottom-most layer is consumed with a straw, the overall density of the cocktail will \_\_\_ (fill in ""increase"", ""decrease"", or ""remain unchanged"")."	fill_in_the_blank	Less than; Red; Decrease	Application of Density and Identification of Substances###The color of the object	nan	2024	middle	hard
151	"There is a type of popular online food on the market called ""stir-fried yogurt."" Liquid nitrogen at \(-196℃\) and yogurt are poured into a container. The liquid nitrogen quickly ______ and ______ (choose ""absorbs"" or ""releases"") a large amount of heat, causing the yogurt to instantly ______ into pieces. (For the first and third blanks, fill in the names of changes in states of matter)"	fill_in_the_blank	Vaporization; Absorption; Solidification	Solidification and characteristics of exothermic reaction during solidification.###Characteristics of Vaporization and Endothermic Vaporization	nan	2024	middle	medium
2412	"Solar energy is clean and non-polluting, and it is a treasure trove of energy for humanity. Solar energy is a ""( )"" (fill in ""primary"" or ""secondary"") energy source. Solar energy is released through ""( )"" (fill in ""fission"" or ""fusion"") occurring within the hydrogen nuclei inside the sun. The nuclear fuel used in nuclear power plants is ""( )"" (fill in ""renewable"" or ""non-renewable"") energy, and in reactors, nuclear fuel undergoes ""( )"" (fill in ""fission"" or ""fusion"") to release a large amount of nuclear energy. If the annual total electricity generation of four units at a certain nuclear power plant is about \(3 \times 10^{10} \text{kW} \cdot \text{h}\), this electricity is equivalent to the heat released by completely burning ( ) kg of bituminous coal."	fill_in_the_blank	primary; fusion; non-renewable; fission; 3.6×10^9	The calorific value of the fuel###Energy and its classification###Nuclear fusion###Nuclear fission	nan	2022	middle	medium
2975	Entering summer, the Provincial Development and Reform Commission slightly adjusted gasoline prices in Jiangsu Province. Like most substances, gasoline expands when heated and contracts when cooled, so its density ( ) with rising temperatures. Due to this factor, with the price per ton of gasoline unchanged, if the density of gasoline in winter is 0.74g/cm\textsuperscript{3} and the price is 7.03 yuan/liter, and the density in summer is 0.7g/cm\textsuperscript{3}, the summer gasoline price should be adjusted to ( ) yuan/liter.	fill_in_the_blank	decreases; 6.64	Density and its characteristics###The relationship between density and temperature	nan	2024	middle	hard
3116	In summer, an open glass is placed on the left pan of a balance with an ice cube in it, while weights of fixed mass are placed on the right pan, and the balance is even. After a few minutes, the balance loses equilibrium, and the pointer of the balance tilts towards \_\_\_. The reason is \_\_\_.	fill_in_the_blank	Left; the mass in the left dish increases due to water vapor in the air condensing upon encountering ice.	Measurement of Quality and Use of Balances	[Answer] When ice is placed in an open glass on the left pan of the balance scale, the low temperature of the ice causes water vapor in the air to condense into small droplets, increasing the mass of the object on the left pan. This causes the pointer to deflect to the left, and the balance loses its equilibrium. [Analysis] The low temperature of the ice causes water vapor in the air to condense into small droplets, increasing the mass of the object in the left pan, thus causing the balance to lose equilibrium.	others	middle	hard
1348	"Tea is one of the world's three major beverages, originating in China and popular worldwide.

(1) When boiling water, an electric kettle with a rated power of 880W operates normally for 5 minutes, and can heat a kettle of water to 95°C. The electric energy consumed in this process is ( ) J;

(2) When using hot water to brew tea leaves, the temperature of the tea leaves rises, and the internal energy ( ) ( ), which changes the internal energy of the tea leaves through the method of ( );

(3) This kettle operates using the ( ) effect of electric current. The voltage of household circuits in Japan is 110V. If this electric kettle is taken to Japan for use, the actual power will be ( ) W."	fill_in_the_blank	264000; increases; heat transfer; heating; 220	The concept of internal energy###Heat transfer changes the internal energy of an object.###Application of the Electric Power Calculation Formula###Calculation of Electric Power	"Solution:
(1) The electrical energy consumed in the process: \(Q=W=Pt=880W×300s=2.64×10^{5}J\);

(2) When brewing tea with hot water, the temperature of the tea leaves increases, and internal energy rises. This change in internal energy is due to heat transfer;

(3) 
① The kettle operates using the thermal effect of electric current;
② The resistance of the electric kettle is \(R = \frac{U^{2}}{P} = \frac{(220V)^{2}}{880W} = 55\Omega\);
When the voltage is 110V, the actual power of the electric kettle is: \(P' = \frac{U'^{2}}{R} = \frac{(110V)^{2}}{55\Omega} = 220W\).

Analysis:
(1) Calculate the consumed electrical energy using \(Q=W=Pt\"	2024	middle	hard
1140	The tidal phenomenon is caused by the gravitational interactions among the moon, sun, and earth. The daily rise and fall of tides contain immense energy, which can be used for power generation. During the process of tidal power generation, the energy transformation involves converting the ( ) energy of seawater into electric energy. Compared to thermal power generation, the advantage of tidal power generation is ( ).	fill_in_the_blank	mechanical; non-polluting	Energy and its classification###Energy and Sustainable Development###Energy and its different forms of existence	nan	2024	middle	medium
1369	"The most famous experiment proving that liquids and gases perform erratic motion is the discovery of Brownian motion by British botanist Robert Brown. In 1827, Brown placed pollen in water, then took a drop of this suspension to observe under a microscope. He discovered that the tiny pollen particles moved in the water as if they were enchanted; each particle's direction and speed changed quickly and did not stop. These tiny particles are actually molecular clusters composed of tens of thousands of molecules, which exhibit irregular motion due to the unbalanced collisions from liquid molecules.

(1) The subject of Brownian motion is ( ) (choose ""molecule,"" ""atom,"" or ""small particles"").
(2) Brownian motion essentially reflects the movement of ( ) molecules (choose: ""liquid"" or ""solid"").
(3) How to speed up Brownian motion: provide at least two suggestions.\\
( )"	fill_in_the_blank	small particles; liquid; increase the water temperature; make the pollen a little smaller	Composition of matter###Molecular thermal motion	"Answer: (1) According to the text, the particles undergoing Brownian motion are small particles. (2) These small particles exhibit random motion due to the unbalanced impact of liquid molecules, thus Brownian motion essentially reflects the movement of liquid molecules. (3) The higher the temperature, the more vigorous the molecular movement. Therefore, to accelerate Brownian motion, you can (i) increase the temperature of the water, and (ii) make the pollen smaller. 

Therefore, the answers are: (1) small particles; (2) liquid; (3) increase the water temperature; make the pollen slightly smaller.

Analysis: This question examines molecular thermal motion. The phenomenon of diffusion indicates that molecules are continuously engaged in random motion, and the higher the temperature, the more intense the molecular thermal motion."	2017	middle	hard
2949	Typically, the eyepiece and objective lens used in astronomical telescopes are ( ) lenses, with the objective lens having a larger focal length. When the ( ) observed is beyond twice the focal length of the objective lens, the object forms a ( ) real image, which is then ( ) by the eyepiece, allowing the observer to clearly see distant objects.	fill_in_the_blank	Convex; object; reduced; magnified	Imaging Rules of Convex Lenses and Their Experimental Investigation###Telescope	"【Answer】 This type of telescope consists of two sets of convex lenses: the objective lens and the eyepiece. The objective lens functions similarly to a camera, forming an inverted, reduced real image of a distant object near the focal point. The eyepiece acts like a magnifying glass, producing an upright, enlarged virtual image when the first image is within the eyepiece’s focal point. Therefore, the answer is: convex, objective, reduced, real, enlarged.

【Analysis】 Understand the objective and eyepiece of the telescope. The objective lens is the lens facing the object, while the eyepiece is the lens facing the eye. The imaging principle of the objective lens is similar to a camera, and the eyepiece's imaging principle is that of a magnifying glass."	others	middle	hard
2335	"In the experiment ""Exploring the relationship between the mass and volume of substances,"" it is necessary to select ( ) substances for multiple experiments; the principle of the experiment ""measuring the density of substances"" is ( ), and multiple experiments are conducted with the purpose of ( )."	fill_in_the_blank	Various types; \(\rho = \frac{m}{V}\); increasing accuracy and reliability of results.	Experiment on Exploring the Properties of Density	"[Answer] In the ""exploring the relationship between the mass and volume of substances"" experiment, it is necessary to control that the type of substance is the same for investigation. At the same time, to explore the general regularity, multiple experiments should be conducted, so various substances should be selected for multiple experiments. The principle of the ""measuring the density of substances"" experiment is \(\rho = \frac{m}{V}\). Therefore, the answer is: multiple kinds; \(\rho = \frac{m}{V}\); seeking general regularity. [Analysis] In the ""exploring the relationship between the mass and volume of substances"" experiment, the goal is to find the general relationship between the mass and volume of substances. To achieve this, multiple substances must be selected for multiple experiments to observe the change in mass as volume changes for different substances and thus derive a more general and accurate conclusion. If only one substance is selected for the experiment, the conclusion may only"	2025	middle	medium
