index	question	category	answer	knowledge	analysis	year	grade_level	difficulty_level
2772	"When the voltage across a fixed resistor R increases from U\textsubscript{1} (U\textsubscript{1}≠0) to U\textsubscript{2}, the current through it increases from I\textsubscript{1} to I\textsubscript{2}. The voltage increase is ΔU = U\textsubscript{2} - U\textsubscript{1}, the current increase is ΔI = I\textsubscript{2} - I\textsubscript{1}, and the power increase is ΔP. Then:

A. \(R = \frac{\Delta U}{\Delta I}\) 
B. \(R = \frac{\Delta U}{I_{1} + I_{2}}\)
C. ΔP = ΔUΔI 
D. ΔP = ΔU(I\textsubscript{2} + I\textsubscript{1})"	multiple_answer_choice	A, D	Ohm's Law and Its Applications###Calculation of Electric Power	"Solution: Since the resistance of the fixed resistor remains unchanged, according to \(I = \frac{U}{R}\), the voltages before and after can be expressed as: \(U_1 = I_1 R\), \(U_2 = I_2 R\). Therefore, the increase in voltage \(\Delta U = U_2 - U_1 = I_2 R - I_1 R = (I_2 - I_1)R = \Delta I R\). Rearranging gives \(R = \frac{\Delta U}{\Delta I}\), hence A is correct and B is incorrect.

From \(P = UI\), the power consumed by the resistor before and after is: 
\(P_1 = U_1 I_1\), \(P_2 = U_2 I_2\). So, the increase in power \(\Delta P = P_2 - P_1 = U_2 I_"	others	middle	hard
2582	"China has several thousand years of tea culture, and tasting tea involves a lot of physical knowledge. Which of the following statements is correct?
A. The fragrance of tea spreading is a diffusion phenomenon.
B. Hot tea water contains more heat.
C. A teapot utilizes the principle of communicating vessels.
D. The internal energy of tea leaves changes through the process of doing work."	multiple_answer_choice	A, C	The concept of heat###Heat transfer changes the internal energy of an object.###Principle of Communicating Vessels and Its Applications###Molecular thermal motion	"Answer:  
A. Smelling the fragrance of tea is a diffusion phenomenon, indicating that molecules are in irregular thermal motion, so A is correct.  
B. Heat refers to the amount of energy transferred during the heat transfer process; it is a process quantity, and it cannot be said that an object contains heat, so B is incorrect.  
C. The body and the bottom of the spout of the pot are connected, forming a communicating vessel, so C is correct.  
D. When brewing tea, heat transfers from the water to the tea leaves, and internal energy is changed through heat transfer, so D is incorrect.  
Therefore, the correct choices are: AC.

Analysis:  
A. Molecules that make up substances are constantly in irregular motion, leading to diffusion phenomena.  
B. During the heat transfer process, the amount of energy transferred is called heat, and it cannot be said that an object contains heat.  
C. A container with connected openings at the top"	2024	middle	medium
2129	"The possible motion of A, B, and C as observed from the ground could be:

A. A and B are descending at a constant speed, with V\textsubscript{B} > V\textsubscript{A}, and C is stationary in the air.
B. A and B are descending at a constant speed, with V\textsubscript{B} > V\textsubscript{A}, and C is descending at a constant speed.
C. A and B are descending at a constant speed, with V\textsubscript{B} > V\textsubscript{A}, and C is descending at a constant speed, with V\textsubscript{C} > V\textsubscript{A}.
D. All of the above statements are incorrect."	multiple_answer_choice	A, B	Mechanical motion###The relativity of motion and rest	"[Answer] A sees the building rising uniformly, indicating A is descending uniformly. B sees A ascending uniformly, indicating B is also descending uniformly, and \(v_{\text{B}} > v_{\text{A}}\); A sees C ascending uniformly, indicating C may be ascending uniformly, stationary in the air, or descending uniformly, and \(v_{\text{C}} < v_{\text{A}}\). C sees B descending uniformly, indicating C may be ascending uniformly, stationary in the air, or descending uniformly, and \(v_{\text{C}} < v_{\text{B}}\). Thus, options A and B are correct, C and D are incorrect. Therefore, choose AB.

[Analysis] First, based on A seeing the building rising uniformly, it can be determined that A is descending uniformly relative to the ground. B sees A ascending uniformly, indicating B is descending uniformly, and \(v_{\text{B}} > v_{\text{A}}\). Then, based"	2018	middle	hard
2442	"The correct statements about evaporation are:  
A. Evaporation is a slow liquefaction phenomenon.  
B. Sweeping water on the ground around with a broom can accelerate evaporation.  
C. Evaporation can occur at any temperature.  
D. People sweating profusely in hot weather is a physiological self-protection mechanism by which the body uses evaporation to absorb heat."	multiple_answer_choice	B, C, D	Evaporation and its phenomena###Factors affecting the rate of evaporation	nan	2024	middle	medium
160	"Student Xiao Han participated in a physical fitness test. Which of the following statements is correct?
A. When testing the shot put, the shot put remains in a state of equilibrium during its flight.
B. When measuring weight, the pressure Xiao Han exerts on the scale and the support force of the scale on Xiao Han are a pair of interaction forces.
C. Xiao Han cannot stop immediately after sprinting past the finish line in the 50m dash due to the effect of inertia.
D. When Xiao Han is doing a pull-up and holding the bar stationary, the gravitational force he experiences and the pull from the bar are a pair of balanced forces."	multiple_answer_choice	B, D	The reciprocity of forces###Distinguishing Balance Ability	"[Answer] A. The vernier was pushed forward by Xiao Han, changing its state of motion, therefore it is not in equilibrium, so A is incorrect; B. Xiao Han's pressure on the scale and the scale’s support force on Xiao Han are equal in magnitude, opposite in direction, act on the same straight line, and act on the same object, forming a pair of interacting forces, so B is correct; C. Xiao Han cannot stop immediately after sprinting past the finish line due to inertia, so C is incorrect; D. When doing a pull-up and holding the bar static, the gravitational force on the person and the pull of the bar are equal in magnitude, opposite in direction, act on the same straight line, and act on two objects, forming a pair of balanced forces, so D is correct. Therefore, the answer is BD.

[Analysis] (1) Equilibrium state refers to a state of rest or uniform linear motion; (2) The conditions"	2024	middle	hard
931	"In the experiment ""Exploring the Relationship between Kinetic Energy and Mass,"" the recorded data is shown in the table. The correct statements are:

A. In the experiment, the ball was allowed to freely roll down from the same height on the slope.
B. The size of the ball's kinetic energy is determined by the distance the block moves.
C. The greater the object's mass, the greater its kinetic energy must be.
D. The experiment used the controlled variable method and the conversion method."	multiple_answer_choice	A, B, D	Investigating the factors affecting the magnitude of an object's kinetic energy.###Methods of Physics	nan	2024	middle	medium
555	"Shared electric bicycles bring convenience to people's travel, utilizing many physical principles. Which of the following is correct? (    )
A. During riding, to make it lighter, the battery converts electrical energy into the vehicle's mechanical energy.
B. To reduce speed, squeezing the brake lever is necessary, at which point kinetic energy is converted into gravitational potential energy.
C. To control disorderly parking, the location information of the vehicle can be determined by electromagnetic waves when returning the bike.
D. Pedaling the bike can generate electricity, the physical principle is electromagnetic induction."	multiple_answer_choice	A, C, D	Energy conversion or transfer###Conditions for Generating Induced Current###Applications of Electromagnetic Waves in Daily Life	nan	2024	middle	hard
930	"The correct statement about errors is (      )
A. Errors can be avoided as long as measurements are taken carefully.
B. Errors are mistakes that occur during measurement.
C. Taking the average value of multiple measurements can reduce errors.
D. Choosing precise measuring instruments can reduce errors."	multiple_answer_choice	C, D	Error and its reduction methods	"[Answer] Error is the difference between the measured value and the true value. It is unavoidable, but it can be reduced by averaging multiple measurements, using precise instruments, and improving measurement methods. Error is not a mistake; mistakes can be avoided. Therefore, AB is incorrect, and CD is correct. So, choose CD.

[Analysis] Error is inevitably present, but it can be reduced by averaging multiple measurements, using precise instruments, and improving experimental methods."	2024	middle	medium
1355	"Which of the following questions relates to an investigable scientific problem?  
A. What factors are related to the magnitude of frictional force?  
B. Is the effect of pressure related to the magnitude of the pressure?  
C. What are the advantages of installing a fixed pulley at the top of a flagpole?  
D. Is the strength of an electromagnet's magnetism related to the magnitude of the current?"	multiple_answer_choice	B, D	Factors Affecting the Strength of Electromagnetism and Their Investigation###Method of Controlling Variables and Inquiry-Based Experimental Design	[Solution] A. Friction is divided into sliding friction, static friction, and rolling friction. Since the specific type of friction is not indicated, this issue is difficult to explore. A does not meet the question's intent; B. The effect of pressure is related to the magnitude of the pressure and the roughness of the contact surface. By controlling the roughness, one can study its relationship with pressure magnitude. B meets the question's intent; C. A fixed pulley can change the direction of force, but the conclusion is definite, and the research question is not clearly stated. C does not meet the question's intent; D. The magnetism of an electromagnet is related to the current size, the number of turns, and whether there is an iron core. The magnetism can be reflected by the number of needles attracted. By keeping the other two factors constant, the relationship between magnetism strength of an electromagnet and the current size can be studied. D meets the question's	2018	middle	hard
398	"In today's society, sports have become a way of life. In the following everyday sports scenarios, the correct statements are:

A. When kicking a soccer ball hard, the foot also feels pain, indicating that the action of force is mutual.

B. After a basketball leaves the hand, it can continue to move forward due to the basketball's inertia.

C. The force exerted by a person on the water while swimming and the force exerted by the water on the person are a pair of balanced forces.

D. When a rising volleyball reaches its highest point, if all external forces disappear, it will certainly move in uniform linear motion."	multiple_answer_choice	A, B	The reciprocity of forces###Newton's First Law###Inertia and its phenomena###Conditions and Applications of Two-Force Equilibrium	"[Answer] A. When you kick a soccer ball hard, the foot exerts force on the ball and also feels pain, as the foot is also exerted upon by the ball, indicating that force is mutual; thus A is correct.  
B. A basketball continues to move forward after leaving the hand due to its inertia, which strives to maintain its original state of motion; thus B is correct.  
C. When swimming, the force exerted by the person on the water and the force exerted by the water on the person act on two different objects and are a pair of interacting forces; thus C is incorrect.  
D. When a volleyball ascending vertically reaches the highest point, its speed is 0, and all external forces disappear. According to Newton's first law, it should maintain its original static state, meaning it must be stationary; thus D is incorrect.  
Therefore, the answer is AB.  
[Analysis] A. The interaction of forces between objects is mutual"	2024	middle	medium
2364	"The correct statements about household circuits in our country are as follows:
A. The two incoming wires are the live wire and the neutral wire, and the voltage between them is 36V.
B. When the main circuit current is too large, the leakage protector will automatically cut off the circuit.
C. When using a test pen to check the circuit, do not touch the metal tip with your fingers to avoid electric shock.
D. A blown fuse may be due to a short circuit or excessive total power in the circuit."	multiple_answer_choice	C, D	Composition of a Household Circuit###Identification of household circuit working voltage, neutral line, and live line###The use of a test pencil###Fault Analysis of Household Circuits	nan	2023	middle	easy
467	"Regarding pressure, the following statements are correct (    )
A. In gases and liquids, the greater the flow rate, the smaller the pressure.
B. The first scientist to prove the existence of atmospheric pressure was Torricelli.
C. A kitchen knife is sharpened to increase pressure.
D. A river dam is built narrow at the top and wide at the bottom because, when the density is constant, the liquid pressure increases with depth."	multiple_answer_choice	A, C, D	Methods to Increase Pressure and Their Applications###Characteristics of liquid pressure###The relationship between fluid pressure and flow velocity	"Answer:

A. According to the relationship between fluid pressure and flow rate, in both gases and liquids, the position with greater flow rate has lower pressure; therefore, A is correct.

B. The existence of atmospheric pressure was first proven by the Magdeburg hemispheres experiment, not Torricelli's experiment; therefore, B is incorrect.

C. A kitchen knife is sharpened to increase pressure by decreasing the area under force when pressure is constant; therefore, C is correct.

D. For the same liquid, pressure increases with greater depth as the density remains unchanged; therefore, D is correct.

Analysis:

1. Gases and liquids are collectively called fluids. For fluids, areas with higher flow rates have lower pressure, while areas with lower flow rates have higher pressure.

2. The existence of atmospheric pressure was first demonstrated by the Magdeburg hemispheres experiment.

3. Methods to increase pressure: when pressure is constant, reduce the area under force; when the area is constant, increase"	2023	middle	hard
142	"Regarding temperature, heat, and internal energy, the following statements are incorrect (   ):
A. Objects with higher temperature must have greater internal energy; objects with lower temperature must have less internal energy.
B. An object's internal energy is related to its temperature; as long as the temperature remains unchanged, the internal energy will also remain unchanged.
C. An object with lower internal energy can still transfer heat to an object with higher internal energy.
D. The higher the temperature of an object, the more heat it contains."	multiple_answer_choice	A, B, D	The concept of heat###The relationship between temperature, heat, and internal energy###The concept and methods of heat transfer	nan	2023	middle	medium
2321	"The statement with data that matches the actual facts is (      )
A. The normal human body temperature is approximately 37°C
B. The ambient temperature where people feel comfortable is approximately 25°C
C. The operating current of household refrigerators in China is approximately 10A
D. The household electricity voltage in China is 220V"	multiple_answer_choice	A, B, D	Temperature and the Use and Reading of Thermometers###The magnitude of the current###Voltage and voltage unit conversion	"Solution:  
A. The normal body temperature of humans is between 36 to 37°C, A meets the requirement;  
B. The normal body temperature of humans is between 36 to 37°C, and the comfortable ambient temperature for humans is approximately 25°C, B meets the requirement;  
C. The power of household refrigerators in China is around 220W, based on P=UI, the operating current is approximately \(I = \frac{P}{U} = \frac{220W}{220V} = 1A\).  
C does not meet the requirement;  
D. Household voltages can vary worldwide, and the household voltage in China is 220V, D meets the requirement.  
Therefore, the answer is: ABD.  
Analysis: Solve using the familiar temperatures, voltages, and currents of common substances and the given data."	2022	middle	medium
1773	"Regarding the statements about safe electricity use, which one is incorrect?  
A. When a circuit or electrical device experiences a short circuit or severe overload, the air breaker will automatically disconnect.   
B. When someone receives an electric shock, rescue the person before disconnecting the power.  
C. Only high-power electrical appliances need to use three-pin sockets.   
D. Appliances with a three-pin plug can be used in two-pin sockets."	multiple_answer_choice	B, C, D	The structure and functioning of sockets###Principles of Safe Electricity Use	Answer: A. When a circuit or electrical equipment experiences a short circuit or severe overload, the current in the circuit becomes too large, and the air circuit breaker will automatically trip. A is correct, but does not fit the question. B. Upon discovering someone has been electrocuted, you should first cut off the power supply before taking other rescue measures. B is incorrect, fitting the question. C. Household appliances with metal casings must be grounded to prevent electric shock accidents if the metal casing leaks electricity, so a three-prong outlet should be used. C is incorrect, fitting the question. D. Appliances with a three-prong plug should not be used with a two-prong outlet to prevent the appliance casing from becoming energized, which can endanger personal safety. D is incorrect, fitting the question. Thus, the answer is: BCD. Analysis: When someone gets electrocuted, first cut off the power supply; for appliances with metal casings, use a three-pr	2022	middle	easy
1001	"Which of the following situations cannot be explained by the ""relationship between fluid pressure and flow velocity""?  
A. A table tennis player can make a spin that causes the ball to rapidly rotate and dive.  
B. When releasing a hydrogen balloon, it will float into the air.  
C. A helicopter can hover at a certain height in the air.  
D. Ships navigating should avoid two nearby vessels traveling side by side."	multiple_answer_choice	B, C	Investigation Experiment on the Relationship Between Fluid Pressure and Flow Velocity	"[Solution] Explanation:
A. The rapid spin of a ping-pong ball causes the air to spin as well. Above the ball, the air spins in the opposite direction to its movement relative to the ball, canceling out and slowing the airflow. Below the ball, the air spins in the same direction, accelerating the airflow. Thus, a slower airflow and higher pressure occur above, while a faster airflow and lower pressure occur below, causing the ball to sink. Therefore, A is correct but does not meet the question's requirement.
B. The ascent of a hydrogen balloon is due to buoyancy and is unrelated to fluid pressure, making B incorrect and meeting the question's requirement.
C. The rotor blades of a helicopter are inclined. As they spin rapidly, the lower surface exerts a downward force on the air. Due to the mutual nature of forces, the air likewise exerts an upward force on the rotors, allowing the helicopter to hover. Thus, C is incorrect and meets"	others	middle	hard
1022	"The correct statements are:
A. The Sun is located at the center of the Milky Way.
B. Atoms are composed of atomic nuclei and electrons.
C. Nuclear power plants generate electricity through nuclear fission utilizing nuclear energy.
D. The phenomenon of diffusion indicates there is a repulsive force between molecules."	multiple_answer_choice	B, C	Nuclear fission###Molecular thermal motion###Atomic structure###Universe	"Solution: 

A. The solar system moves in uniform circular motion around the center of the Milky Way galaxy, which is a spiral galaxy. The sun is not the center of the Milky Way, so A is incorrect.

B. Atoms are composed of a nucleus and extranuclear electrons, so B is correct.

C. Nuclear power plants use nuclear fission to generate electricity through nuclear energy, so C is correct.

D. Diffusion indicates that molecules are in constant irregular motion and there are gaps between molecules, so D is incorrect.

Therefore, choose B and C.

Analysis: 

A. The sun is not the center of the Milky Way.

B. Atoms are composed of a nucleus and extranuclear electrons.

C. Nuclear power plants generate electricity using nuclear fission.

D. Diffusion: When molecules of different substances come into contact, they enter each other’s space, indicating that molecules are in constant irregular motion and there are gaps between them."	2024	middle	medium
3251	"The table below shows the melting points of various substances. Based on the data in this table, which of the following statements is incorrect?

A. Iron dropped into molten gold will definitely not melt.
B. At -255℃, hydrogen is in a solid state.
C. If water in an aluminum pot boils dry, continuing to heat can damage the pot.
D. An aluminum pot can be used to melt iron to obtain molten iron."	multiple_answer_choice	A, B, D	Solidification and characteristics of exothermic reaction during solidification.###Melting point and freezing point	"[Answer] A. When iron is placed in molten gold, the melting point of gold is 1064°C, and iron's melting point is 1535°C. If the gold's temperature exceeds 1535°C, iron will melt, so A is incorrectly consistent with the question; B. Hydrogen's melting point is -259°C, so -255°C is above hydrogen's melting point, making hydrogen liquid, hence B is incorrectly consistent with the question; C. The flame temperature is around 800°C, higher than the melting point of aluminum at 660°C. If the water in the aluminum pot boils dry, continued heating can damage the pot, thus C is correctly inconsistent with the question; D. Iron's melting point is 1535°C, higher than aluminum's 660°C, so an aluminum pot cannot be used to melt iron, making D incorrectly consistent with the question. Therefore, choose ABD.

[Analysis] A. Analyze based on the melting points of iron"	2023	middle	medium
2032	"In physics experiments, multiple measurements of physical quantities are conducted sometimes to reduce errors and sometimes to identify patterns through repeated measurements. In the following four experiments, the one that involves finding patterns through repeated measurements is (   ):
A. When exploring the law of reflection of light, repeatedly change the angle of incidence to measure the angle of reflection.
B. When measuring the density of saline water, measure multiple sets of corresponding mass and volume of saltwater.
C. When exploring the imaging characteristics of a convex lens, repeatedly change the object distance to record the imaging characteristics.
D. When exploring the relationship between weight and mass, measure multiple sets of objects' gravity and mass."	multiple_answer_choice	A, C, D	Measurement of liquid density###Law of reflection of light###Imaging Rules of Convex Lenses and Their Experimental Investigation###Experiment on Factors Affecting the Magnitude of Gravity	nan	2023	middle	medium
2157	"Using a student balance to measure the mass of a grain of rice, the following method cannot be completed is (       )
A. First measure the mass \(m\) of \(100\) grains of rice, then calculate by \(\frac{m}{100}\)
B. Place a grain of rice in a cup, measure the total mass, then subtract the mass of the cup
C. Place a grain of rice on the balance pan, carefully measure using the rider
D. Place a grain of rice on the balance pan, measure repeatedly, then calculate the average"	multiple_answer_choice	B, C, D	Cumulative method for measuring small mass	"Answer:

A. First measure the mass \(m\) of \(100\) grains of rice, then calculate \(\frac{m}{100}\) to obtain the mass of a single grain. This is correct.

B. Place a grain of rice in a cup, measure the total mass, and subtract the mass of the cup. The mass of a single grain is extremely small, so the total mass and the mass of the cup are almost the same. This is incorrect.

C. Place a grain of rice on a balance and use a rider to measure carefully. The mass of a single grain is too negligible for the balance to measure. This is incorrect.

D. Place a grain of rice on a balance, measure repeatedly, and calculate the average. The mass of the rice cannot be measured. This is incorrect.

Summary: Select BCD

Analysis: Fill in based on physics methods.

Superposition Method (Accumulation Method): When measuring the mass of an object that is too"	2024	middle	easy
2323	"Regarding energy and the environment, the following statements are incorrect (   ):
A. The use of light does not cause environmental pollution, and urban buildings can freely use glass curtain walls.
B. Household appliances such as color TVs, air conditioners, and mobile phones will not have any adverse effects on people's environment during use.
C. The extraction and use of oil, coal, and natural gas will not cause environmental pollution and ecological damage.
D. Solar energy is a new energy source that is both non-polluting and inexhaustible."	multiple_answer_choice	A, B, C	The impact of the energy crisis and energy consumption on the environment.###Energy and Sustainable Development	"Answer: A. The mirror reflection of light can cause light pollution; therefore, glass curtain walls cannot be used indiscriminately in urban buildings. Incorrect, A does not meet the intent;  
B. Home appliances like color TVs, air conditioners, and mobile phones produce radiation during use, affecting the environment. Incorrect, B does not meet the intent;  
C. The extraction and use of oil, coal, and natural gas generate pollutants, leading to environmental pollution and ecological damage. Incorrect, C does not meet the intent;  
D. Solar energy is a renewable energy source that is both pollution-free and inexhaustible. Correct, D does not meet the intent.  
Therefore, the answer is: ABC.  
Analysis: Mirror reflection can cause light pollution; the use of appliances can produce radiation, affecting people; the use of fossil fuels can pollute the environment; solar energy is a clean energy source."	others	middle	medium
2541	"The correct statements about sound are as follows:  
A. Sound waves rely on a medium to propagate and do not propagate in a vacuum.  
B. The frequency range of sounds producible by a normal person is approximately 20 Hz to 20,000 Hz.  
C. The propagation speed of sound waves in air at 15℃ is about 340 meters per second.  
D. The speed of sound waves varies in different media."	multiple_answer_choice	A, C, D	Conditions for the propagation of sound###Speed of sound###How do humans hear sound?	Answer: A. Sound waves rely on a medium to propagate; all solids, liquids, and gases can serve as mediums for sound transmission, but vacuum cannot transmit sound, which makes option A correct. B. The frequency range audible to the normal human ear is approximately from 20 Hz to 20,000 Hz. The range of frequencies humans can perceive is different from the range they can produce, making option B incorrect. C. The speed of sound at 15°C is approximately 340 meters per second, making option C correct. D. The speed of sound varies in different media, generally fastest in solids, slower in liquids, and slowest in gases, making option D correct. Therefore, the answer is: ACD. Analysis: Sound propagation requires a medium, vacuum cannot transmit sound; the hearing range of the human ear is 20Hz-20,000Hz; the speed of sound in air at 15°C is 340 m/s; and the speed of sound differs	2022	middle	easy
2544	"Regarding energy, information, and materials, the following statements are correct (   ):
A. Wind energy, water energy, and solar energy are all renewable energies.
B. The law of conservation of energy indicates that usable energy in nature will not decrease.
C. The core component of LED lights, the light-emitting diode, is made of superconducting materials.
D. Spacecraft materials are made of low-density, high-strength alloy materials."	multiple_answer_choice	A, D	Energy conversion or transfer###Scientific exploration###Characteristics and Functions of Semiconductors###Wind energy and water energy	nan	2024	middle	easy
2663	"The following reasons can cause excessive current in a household circuit: 
A. The total power of household appliances is too high. 
B. The two wires in a two-pin socket touch each other. 
C. The two wires in the switch controlling the lighting touch each other. 
D. The two wires in the lamp holder of the lighting touch each other."	multiple_answer_choice	A, B, D	Causes of excessive current in household circuits	"Answer: A. The total power of household appliances is too large. Because the household circuit voltage is constant, according to P=UI, it can cause the household circuit current to be too large, A fits the idea;
B. The two wires in a two-prong socket touch, which can cause a short circuit and result in excessive current in the household circuit, B fits the idea;
C. If the two wires in a switch touch, the switch loses control and becomes equivalent to being in the closed state, but it will not cause a short circuit or excessive power issues leading to excessive current in the household circuit, C does not fit the idea;
D. If the two wire leads in a lighting lamp holder touch, it can cause a short circuit and result in excessive current in the household circuit, D fits the idea;
Therefore, the answer is: ABD.
Analysis: In household circuits, the reasons for excessive current are: excessive total electrical power, short circuit occurrence."	2023	middle	easy
3158	"The nation's significant tools ""can reach the moon in nine days and catch a turtle in five oceans,"" the following related statements are correct: 

A. When the C919 domestic large aircraft flies, the airflow speed above the wing is high and the pressure is low. 
B. When the Long March 3B carrier rocket is launched into space, mechanical energy is converted to chemical energy. 
C. As the ""Fendouzhe"" submersible dives, the pressure it withstands increases with depth. 
D. The ""Shandong"" aircraft carrier and Beidou satellites use electromagnetic waves to transmit information."	multiple_answer_choice	A, C, D	The magnitude of pressure and its calculation###Investigation Experiment on the Relationship Between Fluid Pressure and Flow Velocity###Propagation of electromagnetic waves	"[Answer] A. For the C919 domestic aircraft, when flying, the airspeed above the wings is high and the pressure is low, A is correct.  
B. When the Long March 3B carrier rocket is launched, it converts chemical energy into mechanical energy, B is incorrect.  
C. According to P=ρgh, when the ""Fendouzhe"" submersible dives, the pressure it withstands increases with depth, C is correct.  
D. Information is transmitted between the ""Shandong"" ship and the Beidou satellite using electromagnetic waves, D is correct.  
In summary, choose ACD.

[Analysis] Based on the relationship between pressure and flow rate,  
The relationship between pressure and flow rate: the greater the pressure, the lower the flow rate. This is applied as the aircraft wing is convex, causing fast airflow and resulting in lower pressure, creating an upward lift.  
Pressure calculation: the formula is P=ρgh,"	2024	middle	easy
