index	question	category	A	B	C	D	answer	knowledge	analysis	year	grade_level	difficulty_level
689	An object is subjected to two forces on the same straight line, F\textsubscript{1}=40N and F\textsubscript{2}=40N; the incorrect statement is (   )	single_answer_choice	The resultant force could be 80N	The resultant force could be 0N	F\textsubscript{1} and F\textsubscript{2} could be a pair of balanced forces	F\textsubscript{1} and F\textsubscript{2} could be a pair of interaction forces	D	Synthesis and Application of Forces	"Solution:  
A. If F₁ and F₂ have the same direction, the resultant force F = F₁ + F₂ = 40N + 40N = 80N, so A is correct.  
B. If F₁ and F₂ have opposite directions, the resultant force F = F₁ - F₂ = 40N - 40N = 0N, so B is correct.  
C. The condition for two forces to be balanced is: they act on the same object, have equal magnitude, opposite directions, and lie on the same straight line, so C is correct.  
D. Interaction forces are forces that two objects exert on each other, so D is incorrect.  
Choose the incorrect option for this question.  
Therefore, the answer is: D.  

Analysis:  
(1) For two forces on the same straight line, if they are in the same direction, the magnitude of the resultant force equals the sum"	others	middle	hard
1149	When Xiaoming measured the length of an object using a ruler with scale markings, he obtained the following five data points: 5.51cm, 5.50cm, 5.51cm, 5.49cm, 5.35cm. The incorrect statement is (　　)	single_answer_choice	The division value of the ruler used by Xiaoming is 1mm. 	The fifth data point is incorrect. 	The result of this measurement is 5.50cm. 	The result of this measurement is 5.5025cm.	D	The Use of a Ruler	nan	2024	middle	hard
1429	Sound is closely related to our lives. The correct statement about sound is (     )	single_answer_choice	People can use acoustic instruments to receive ultrasound waves to determine the location and intensity of an earthquake.	When people speak softly, the pitch of the sound is definitely low.	Installing a muffler on a motorcycle is to block the propagation of noise.	Reversing radar uses echolocation to detect obstacles behind the vehicle.	D	Ultrasonic and infrasonic waves###Distinction between pitch, loudness, and timbre.###Ways to control noise	nan	2023	middle	medium
2862	For the estimation of some physical quantities in life, the following is reasonable (   ):	single_answer_choice	The mass of a commonly used medical mask is 30g	The atmospheric pressure on the front of a commonly used medical mask is 1800N	The current when a household refrigerator is working is 3A	The height of Mount Everest is 8848.86km above sea level	B	Quality and its characteristics###Estimation of length###The difference between pressure and gravity.###Current and current unit conversion	nan	2023	middle	hard
2979	The following table shows the melting points and boiling points of several substances at standard atmospheric pressure. The correct statement is:	single_answer_choice	If nitrogen and oxygen are placed in an environment of -200°C for a period and then the temperature is gradually increased, nitrogen gas will separate out faster than oxygen gas	Nitrogen is in a liquid state at -190°C.	If nitrogen and oxygen are placed in an environment of -200°C for a period and then the temperature is gradually increased, nitrogen gas will separate out faster than oxygen gas.	An alcohol thermometer can be used to measure the temperature of boiling water at standard atmospheric pressure.	B	Boiling and boiling conditions	nan	2024	middle	hard
3109	A used and non-reset thermometer reads 37°C. When measuring the body temperatures of two patients, whose temperatures are 36°C and 38°C respectively, the thermometer readings will be:  	single_answer_choice	37°C, 38°C  	36°C, 37°C  	37°C, 37°C  	38°C, 37°C	A	The use and reading of a thermometer	"[Answer] According to the characteristics of the thermometer, before using it, shake the glass bulb forcefully to return the mercury to the bulb; 

If the thermometer is not shaken, it shows a reading of 37°C. If directly used to measure a patient's body temperature, and the temperature is higher than 37°C, the mercury in the thermometer will rise, and the measurement will be quite accurate. If the patient's temperature is not higher than 37°C, the mercury will not fall and will continue to show 37°C. Thus, a person with a body temperature of 36°C will have a measurement result of 37°C, and a person with a body temperature of 38°C will have a measurement result of 38°C. A is consistent with the question's intention.

Therefore, the answer is: A

[Analysis] Before using a thermometer, it should be shaken a few times to return the mercury column to the bulb. If not shaken before use, the measurement"	2020	middle	hard
1368	Regarding the internal energy of an object, the following statement is correct (    )	single_answer_choice	The iceberg in Antarctica does not have internal energy due to its low temperature.	A pencil can only be heated through the method of heating.	The internal energy increases when an iron block melts into molten iron.	An increase in internal energy is necessarily caused by the thermal motion of molecules.	C	The concept of internal energy###Doing work changes the internal energy of an object.###Heat transfer changes the internal energy of an object.###Molecular thermal motion	"Answer: A. All objects have internal energy, A does not fit the question; B. Doing work (friction) on a pencil can also increase its temperature, B does not fit the question; C. Absorbing heat during melting increases internal energy, C fits the question; D. Two ways to change internal energy: doing work and heat transfer, D does not fit the question. Therefore, the answer is: C.

Analysis: All objects have internal energy, and when an object absorbs heat, its internal energy increases. The methods to change an object's internal energy include heat transfer and doing work. The higher the temperature of an object, the more intense the molecular motion."	2018	middle	hard
1114	The correct statement about lenses is (     )	single_answer_choice	Light passing through a convex lens is necessarily convergent.	Any light refracted by a convex lens can converge at one point.	Light passing through a convex lens may be divergent.	Light passing through a concave lens is definitely divergent.	C	Lenses and Their Characteristics and Classification	"【Answer】Solution: 
A. A convex lens converges light, bringing it closer to the principal axis relative to its original propagation direction, but the final trend might still be divergent. A does not meet the requirement.
B. Light refracted through a convex lens may not necessarily converge at a point. For instance, light passing through the focal point will be parallel to the principal axis after refraction. B does not meet the requirement.
C. As explained in option A, light through a convex lens can be converging or diverging. C meets the requirement.
D. A concave lens diverges light; light through a concave lens can be divergent, parallel, or even converging. D does not meet the requirement.
Thus, the answer is: C.

【Analysis】A convex lens has a converging effect on light, bringing light closer to the principal axis based on its original direction, but the final propagation trend might still be divergent. 
A concave lens has"	2017	middle	hard
2023	The following statements about voltage, current, and electricity are correct (     ):	single_answer_choice	Conductors easily conduct electricity, indicating that conductors have no obstructive effect on current.	Only the directional movement of positive charges can form current.	When connecting series and parallel circuits, we must start from the positive terminal of the power supply, and the switch must be open.	To generate current in a section of a circuit, there must be voltage across its two ends.	D	The formation of electric current###Identification of Series and Parallel Circuits###Voltage and voltage unit conversion###Resistance	nan	2022	middle	medium
1559	"Percussion instruments have a long history and come in many varieties. The ""drum"" is one of the most representative percussion instruments, originating from China. Which of the following statements about drums is correct?"	single_answer_choice	As long as the drumhead vibrates, it can produce a sound audible to the human ear.	Hitting the drum harder increases the pitch of the drum sound.	The faster the drumhead vibrates, the louder the sound produced.	The tone quality of the drum sound is the same when struck lightly or heavily.	D	Pitch and the Relationship Between Pitch and Frequency###Ultrasonic and infrasonic waves###Loudness and the relationship between loudness and amplitude###Timbre	nan	2023	middle	medium
2570	Concerning the relationship among heat, temperature, and internal energy, which of the following statements is incorrect?	single_answer_choice	When an object absorbs heat, its internal energy increases, but its temperature does not necessarily rise	When an object absorbs heat, its internal energy increases, but its temperature does not necessarily rise.	Placing an ice block at \(-10℃\) in a 0℃ refrigerator compartment will increase the ice block's internal energy after some time.	We hesitate to drink hot steaming soup quickly because the soup contains a large amount of heat.	C	The relationship between temperature, heat, and internal energy###Efficiency of heat engines	nan	2024	middle	medium
801	The correct statement is (　　)	single_answer_choice	During use, an electric fan mainly converts electrical energy into internal energy.	During the power stroke of an internal combustion engine, mechanical energy is converted into internal energy.	Utilizing superconducting materials for long-distance power transmission results in no loss of electrical energy.	"The ""Earth Hour"" campaign advocates turning off lights for one hour to increase the consumption of electrical energy."	C	Heat engine###Energy conversion or transfer###Energy and Sustainable Development###Characteristics and Functions of Superconductors	nan	2024	middle	medium
3271	A certain interest group used a nickel-chromium alloy resistance wire with a resistance of R to make an electric oven. The following statements are correct:	single_answer_choice	From the formula \(R = \frac{U}{I}\), it is known that R is directly proportional to U and inversely proportional to I	From the formula \(R = \frac{U}{I}\), it is known that R is directly proportional to U and inversely proportional to I.	From the formula \(R = \frac{U}{I}\), it is known that R is directly proportional to U and inversely proportional to I	The current in the resistance wire is formed by the directional movement of positive charges.	D	Direction of current###Ohm's Law and Its Applications###Electrical Work and the Essence of Electrical Work###The relationship between electric power, voltage, and current.	"Answer: A. Resistance is a property of the conductor itself and is only related to the material, length, cross-sectional area, and temperature of the conductor. The formula \(R\) is just a way to calculate resistance, but resistance is unrelated to voltage and current, so A is incorrect.  
B. The current in the resistance wire is formed by the directional movement of electrons, so B is incorrect.  
C. Reducing the length of the resistance wire in the circuit decreases the resistance of the wire, as per the formula \(P = \frac{U^{2}}{R}\), with constant voltage and reduced resistance, the power increases, so C is incorrect.  
D. When an electric oven works, it consumes electrical energy and generates internal energy. Therefore, it is a process of converting electrical energy into internal energy, so D is correct.  
Analysis: A. The resistance of a conductor can be determined by the ratio of the voltage across its ends to the current"	2023	middle	hard
2959	The following estimates of physical quantities are consistent with actual situations ( ):	single_answer_choice	The work done by Xiao Ming in picking up the physics book dropped on the floor and placing it back on the table is about 0.2J.	A middle school student doing work to overcome gravity while walking from the first floor to the third floor is about 300J.	The power of a middle school student riding a bicycle is about 70W.	The efficiency after mechanical improvement can reach \(100\%\).	C	Calculation of Power###Mechanical efficiency###Calculation and Application of Work	nan	2024	middle	hard
905	Foamed concrete is a new type of building material with advantages such as being lightweight, porous, insulated, thermal insulating, soundproof, and shock-absorbing. Students are curious about its properties, particularly its thermal insulation performance, and have raised the following questions. Which one do you think is most valuable and worthy of exploration? ( )	single_answer_choice	"""What impact does the change in thickness have on thermal insulation performance?"""	"""How does its lightweight characteristic affect shock absorption?"""	"""Why is it fireproof and insulating?"""	"""What impact does the porous structure have on soundproofing performance?"""	A	Scientific exploration	nan	2022	middle	hard
2700	The following estimate is most realistic (    )	single_answer_choice	The normal walking speed of a person is about 10 km/h	The height of a middle school student is about 160 cm	The time for a normal heartbeat is about 1 min	The 100-meter sprint performance of a middle school student is about 8 s	B	Estimation of time###Estimation of length###Speed and Object Motion	nan	2024	middle	medium
1649	Regarding power sources and current, which of the following statements is correct? ( )	single_answer_choice	Current is formed by the random movement of a large number of charges.	As long as there is a power source in the circuit, there will definitely be current.	Outside the power source, current flows from the positive terminal through the electrical appliance to the negative terminal.	The direction of current is the same as the direction of free electron movement.	C	The formation of electric current###Direction of current###Conditions for continuous current	nan	2024	middle	medium
1959	The following statements about work, power, and mechanical efficiency are correct (    ):	single_answer_choice	The greater the power of a machine, the higher its mechanical efficiency.	The more work a machine does, the higher its power must be.	A machine with greater power must do more work.	The greater the power of a machine doing work, the faster it performs work.	D	The concept of power###Mechanical efficiency	nan	2024	middle	hard
738	Energy, information, and materials are the three main pillars of modern society. The correct statements among the following are:	single_answer_choice	The strength and hardness of objects made from nanomaterials will be greatly improved.	Satellite communications and the internet both rely on electromagnetic waves to transmit signals.	Under normal circumstances, copper, pencil lead, and pure water are all conductors.	The energy stored in coal, oil, dry cells, and food is chemical energy.	A	Energy and its classification###Network communication###Fiber optic communication###Satellite relay communication	"[Answer] A. Because nanomaterials made using nanotechnology are very small, the strength and hardness of objects made from these materials are greatly enhanced, which is consistent with the question; \\
B. Satellite communication uses microwaves to transmit information, and the internet can also use fiber optic communication, which does not use electromagnetic waves for information transmission. Thus, B does not meet the question's requirements; \\
C. Pure water is an insulator under normal circumstances, so C does not meet the question's requirements; \\
D. The energy stored in coal, oil, and dry batteries is chemical energy, whereas the energy stored in food is biological energy, so D does not meet the question's requirements. \\
Therefore, the answer is A. \\
[Analysis] Nanotechnology refers to the science and technology in the nanoscale range (0.1nm–100nm), focusing on small clusters of molecules or individual atoms and molecules; microwave communication, satellite communication, fiber"	2023	middle	hard
10	Below is a portion of study notes organized by student Xiao Liu. Which of the following statements is correct?  	single_answer_choice	Breaking coal into pieces for sufficient combustion can increase the calorific value of coal.  	The reason why 5G technology on mobile phones can transmit more information than 4G technology is that 5G signals propagate faster.  	The interaction between magnets occurs through magnetic fields.  	An object's temperature always rises when it absorbs heat and always falls when it releases heat.	C	The relationship between temperature, heat, and internal energy###The calorific value of the fuel###Magnetic field###The relationship between wave speed, wavelength, and frequency	nan	2023	middle	medium
921	"In scientific research, methods like ""control variable method,"" ""equivalent substitution method,"" ""model method,"" and ""transformation method"" are often used. Among the following experiments, the one that utilizes the ""equivalent substitution method"" is (      )"	single_answer_choice	Investigating that sound transmission requires a medium and sound cannot travel through a vacuum	Using light rays in physics to represent the path and direction of light	Investigating the size relationship between the image and object in the characteristics of plane mirror imaging	Investigating the relationship between the magnitude of sliding friction and the pressure magnitude	C	The rectilinear propagation of light and its applications###An experiment exploring the factors affecting the magnitude of friction.###Conditions for the propagation of sound###Exploring the Characteristics of Plane Mirror Imaging	nan	2022	middle	medium
