index	question	category	answer	knowledge	analysis	year	grade_level	difficulty_level
4119	The 6 in the units place of 6586 represents a value smaller than the 6 in the thousands place. (    )	true_false	True	Reading, writing, and composing numbers within 10,000.	"[Answer] The 6 in the unit's place of 6586 represents a smaller number than the 6 in the thousand's place. The original statement is correct. 
Therefore, the answer is: correct. 
[Analysis] The 6 in the unit's place represents 6 ones, and the 6 in the thousand's place represents 6 thousands. 6 thousands are larger than 6 ones."	2022	primary	easy
473	In a sixth grade class, where there are a total of 50 students, \(\frac{3}{5}\) of the students participated in the art club, \(\frac{7}{10}\) participated in the calligraphy club, and every student participated in at least one of the clubs, the number of students who participated in both clubs is 20.	true_false	False	Principle of Inclusion-Exclusion###Mixed operations of fraction multiplication and fraction addition and subtraction###Two-set inclusion-exclusion (overlap) problem	"Answer: 

50 × \(\frac{3}{5}\) = 30 (people)

50 × \(\frac{7}{10}\) = 35 (people)

30 + 35 - 50

= 65 - 50

= 15 (people)

There are 15 people who participate in both clubs.

Hence, the answer is: B

Analysis: According to the problem, multiply the total number of sixth-grade students by the fraction of students participating in the painting club and calligraphy club to find the number of students in each club. Then, subtract the total number of sixth-grade students from the sum of the numbers of students in each club to find the number of students participating in both clubs."	others	primary	medium
4715	A quadrilateral with four right angles is always a square. (　　)	true_false	False	Characteristics and Properties of a Rectangle###Characteristics and Properties of a Square	"Solution: A quadrilateral with four right angles could be a rectangle or a square. The original statement is incorrect.  
Thus, the answer is: Incorrect.  
Analysis: Both rectangles and squares have four right angles."	2023	primary	easy
1342	A square formed with an 8 cm long wire has a larger area than any rectangle formed with the same wire.	true_false	True	Perimeter of a rectangle###The area of a square	"Solution: Use an 8 cm long wire to form a square and a rectangle. This shows that the perimeters of the two shapes are equal, and therefore, the area of the square is greater than that of the rectangle. The statement in the original question is correct.  
Thus, the answer is: Correct.  
Analysis: For a rectangle and a square with equal perimeters, the square's area is larger."	others	primary	easy
7151	The largest circle that can be cut from a rectangular iron plate measuring 10 decimeters by 8 decimeters has an area of 64π square decimeters.	true_false	False	Area of a circle	"Solution: The diameter of the largest circle is 8 decimeters, so the radius is 4 decimeters.  
The area of the circle: 3.14 × 4 × 4 = 50.24 square decimeters.  
Thus, the answer is: 50.24.  
Analysis: The area of a circle = π × the square of the radius."	2024	primary	easy
5089	All months with odd numbers are long months, and all months with even numbers are short months.	true_false	False	Understanding and Calculating Year, Month, Day	"[Answer] Explanation: Odd months are not necessarily long months, and even months are not necessarily short months. \\
Therefore, the answer is: Incorrect. \\
[Analysis] September and November are odd months, but they are not long months; August and October are even months, but they are not short months."	others	primary	easy
3624	The unit price of a notebook can be calculated if the total cost for buying 4 notebooks is known. (     )	true_false	True	The relationship and application of unit price, quantity, and total price	"The total cost of buying four notebooks is known, allowing us to find the unit price of a notebook. The statement in the original question is correct.  
Therefore, the answer is: Correct.  
Analysis: Total cost ÷ Quantity = Unit price, according to this calculation."	2023	primary	easy
1477	The sum of 6 added three times is equal to the equation 6 + 6 + 6.	true_false	False	The multiplication table of 3 and its applications	nan	others	primary	easy
4649	Dividing each share equally is called average distribution.	true_false	True	Integer Averaging and Its Applications	"[Answer] Solution: Each part gets the same amount, which is called averaging, and the original statement is correct. \\
Therefore, the answer is: Correct. \\
[Analysis] Division means dividing a number into several equal parts to find out how much each part is, that is, each part gets the same amount."	2024	primary	easy
4346	Counting by tens, the first number after 50 is 60.	true_false	False	Sorting numbers within 100	"[Answer] Solution: Counting by tens, the first number after 50 is 60. The original statement is incorrect.\\
Therefore, the answer is: Incorrect.\\
[Analysis] Counting by tens, the sequence after 50 is 60, 70, 80... The first number after 50 is 60."	2024	primary	easy
4282	Generally, when representing positive and negative numbers on a number line, the numbers to the right of 0 are always greater than those to the left of 0. ( )	true_false	True	Representing positive and negative numbers on a number line	Answer: Generally, when representing positive and negative numbers on a straight line, the numbers to the right of 0 are always greater than those to the left. This statement is correct. Therefore, the answer is: correct. Analysis: On the number line, with 0 as the dividing point, negative numbers are to the left of 0, and positive numbers are to the right of 0. All positive numbers are greater than negative numbers, so the numbers to the right of 0 are always greater than those to the left.	2024	primary	easy
2059	Xiao Jun can take out exactly 3 yuan using any combination of ten 1-jiao coins, four 5-jiao coins, and two 1-yuan coins.	true_false	False	Enumeration method	"Solution:  
① Take ten 10-cent coins and two 1-yuan coins,  
② Take two 1-yuan coins and two 50-cent coins,  
③ Take one 1-yuan coin and four 50-cent coins,  
④ Take four 50-cent coins and ten 10-cent coins,  
⑤ Take ten 10-cent coins, two 50-cent coins, and one 1-yuan coin,  
So there are 5 different combinations.  
Answer: There are 5 different combinations.  
Therefore, the answer is: 5."	2021	primary	medium
1758	When creating a statistical table, include the name of the table and the date of creation above the table.	true_false	False	Single form statistical table	Solution: When creating a statistical table, the name of the table and the creation date should be written at the top. Therefore, the answer is: wrong. Analysis: Answer according to the characteristics of the statistical table.	others	primary	easy
3909	The creation of statistical tables and graphs is based on the collection and organization of data. ( )	true_false	True	Data collection and organization	Answer: The creation of statistical tables and charts is based on data collection and organization, thus the original statement is correct. Therefore, the answer is: Correct. Analysis: First collect and organize data, then create statistical tables and charts.	2023	primary	easy
4134	"In 50005, the value represented by the two digits ""5"" differs by 49995. (　　)"	true_false	True	Digits and units of integers	"Answer: The 5 on the left is in the ten-thousands place, representing 50000;  
The 5 on the right is in the units place, representing 5;  
50000 - 5 = 49995.  
Therefore, the answer is: correct.  
Analysis: A number in a particular place value represents how many of that place value there are.  
Four, Fill in the blanks."	2022	primary	easy
4775	If the ratio of A to B is 4:5, then B is 25% more than A.	true_false	True	The application of ratios	"Answer: Solution: (5-4) ÷ 4  
= 1 ÷ 4  
= 25%.  
Therefore, the answer is: Correct.  
Analysis: The percentage by which number B is greater than number A = (B - A) ÷ A."	2024	primary	easy
1558	The sum of the minuend, subtrahend, and difference is equal to the minuend multiplied by 2.	true_false	True	The meaning of addition and subtraction and the relationship between them.	Answer: Example: 3 - 2 = 1, the sum of the three numbers is 6, which is 2 times 3, thus the original statement is correct. Therefore, the answer is: Correct. Analysis: Minuend = Subtrahend + Difference; the sum of these three numbers (minuend, subtrahend, and difference) is 2 times the minuend and also 2 times the sum of the subtrahend and the difference.	2024	primary	easy
3923	Using a magnifying glass with 5x magnification to view a 20° angle shows an angle of 20°. ( )	true_false	True	Preliminary Understanding of Angles	Solution: Using a magnifying glass with 5x magnification to view a 20° angle, the size remains unchanged. Therefore, the answer is: correct. Analysis: Regardless of the magnification of the magnifying glass, the angle measurement does not change.	2024	primary	easy
1672	"In the following equations, which equation has the divisor as 6? (    )
A. 6-3=2 B. 12÷6=2 C. 2×3=6"	true_false	False	Use the multiplication table of 2 to 6 to find the quotient.	"Solution: A: The subtrahend is 3;\\
B: The divisor is 6;\\
C: The product is 6.\\
Therefore, the answer is: B.\\
Analysis: In a division operation, the number before the division sign is the dividend, the number after the division sign is the divisor, and the number after the equals sign is the quotient."	others	primary	easy
7596	The average of numbers A and B is \(x\), C is \(x + 4.5\), so the average of these three numbers is \(x + 1.5\).	true_false	False	Preliminary Understanding and Calculation of the Mean###Use letters to represent numbers.	"Solution: \((x \times 2 + x + 4.5) \div 3\)
\[ = (3x + 4.5) \div 3 \]
\[ = x + 1.5. \]
Thus, the answer is: \(x + 1.5\).

Analysis: The average of these three numbers = \((\text{the average of A and B} \times 2 + C) \div 3\)."	2023	primary	easy
7305	The second hand moved from 7 to 10 in 15 seconds, and the hour hand moved from 11 to 4 in 5 hours.	true_false	False	General time and the direction of clock hands.###Understanding Seconds	Solution: (10-7)×5 = 3×5 = 15 (seconds) 11-4 = 7 (hours). Therefore, the answer is: 15; 7. Analysis: The number of seconds the second hand moves = 5 seconds × number of large divisions the second hand moves; the hour hand moves 1 large division per hour, from 11 to 4, it moves 7 large divisions, which is 7 hours.	2024	primary	easy
3713	Approaching a streetlamp from a distance, one's shadow grows longer.	true_false	False	Scope of Observation (Field of View and Blind Spot)	"[Answer] Solution: As a person walks towards a streetlight from a distance, the closer they get to the light source, the shorter their shadow becomes. Therefore, this statement is incorrect. \\
Thus, the answer is: Incorrect. \\
[Analysis] The judgment is based on the principle that the closer an object is to a light source, the shorter its shadow becomes."	2023	primary	easy
7452	The area of a shape is the number of unit areas it contains.	true_false	True	Comparison of the area sizes of simple objects.	"Solution: The area of a shape is determined by the number of unit areas it contains. The original statement is correct. \\
Therefore, the answer is: Correct. \\
Analysis: The size of the plane occupied by an object is its area, and the number of unit areas it contains determines its area. 
\textbf{III. Fill-in-the-blank Questions}"	2024	primary	easy
4432	The volumes of a cuboid and a cylinder with equal base area and equal height are necessarily equal.	true_false	True	The volume of a rectangular prism###The volume (capacity) of a cylinder	"Solution: The volume of both the rectangular prism and the cylinder is equal to the base area multiplied by the height. Therefore, the volumes of the rectangular prism and the cylinder with the same base and height are certainly equal; the statement in the original question is correct.
Thus, the answer is: Correct.
Analysis: Volume of the rectangular prism = base area × height, volume of the cylinder = base area × height; judgment is based on this."	2023	primary	easy
4881	Cutting a rectangular wooden block with dimensions of 8cm in length, 5cm in width, and 3cm in height into the largest possible cube results in a cube with a volume of 27 cubic centimeters.	true_false	True	The volume of a cube	"Solution: The volume of the largest cube is determined by the shortest side of the rectangular prism.  
Volume of the cube: 3×3×3=27 (cubic centimeters)  
Therefore, the answer is: Correct.  
Analysis: Cube volume = edge length × edge length × edge length."	2022	primary	easy
3913	Combining two small cubes with a side length of 3 dm into a rectangular prism reduces the surface area by 18 dm\textsuperscript{2}.	true_false	True	The surface area of a cube	"【Answer】Solution: 3×3×2  
= 9×2  
= 18 (square decimeters).  
Thus, the answer is: Correct.  
【Analysis】Decreased surface area = edge length of the small cube × edge length × number of reduced faces."	2023	primary	easy
4647	Xiaoming's house is located 35° northeast of Xiaoqiang's house, so Xiaoqiang's house is 215° from northeast relative to Xiaoming's house.	true_false	False	Determine the position of an object based on direction and distance.	[Answer] Solution: Xiaoming's house is located 35° north of due east from Xiaoqiang's house, so Xiaoqiang's house is 35° south of due west from Xiaoming's house. Therefore, the answer is: Incorrect. [Analysis] The two locations are relative; when each is used as the observation center, the direction observed towards the other is opposite, with the angle and distance being equal.	2023	primary	easy
4506	Lele's home is located in the direction 30° west of south from the school, so the school is in the direction 30° east of north from Lele's home. ( )	true_false	False	Determine the position based on the east, west, south, and north directions.	[Answer] Solution: Lele's home is southwest 30° from the school, so the school is northeast 30° from Lele's home. The original statement is incorrect. Therefore, the answer is: incorrect. [Analysis] If A is in a certain direction from B, then B is in the opposite direction from A, with equal angles and distances.	2023	primary	easy
7376	A triangle with angles in the ratio of 2:3:5 must be a right triangle.	true_false	True	The sum of the interior angles of a triangle###The application of ratios	"[Answer] Solution:
\(180 \times \frac{5}{2 + 3 + 5}\)  
\(= 180 \times \frac{1}{2}\)  
\(= 90\) (degrees)  
This triangle must be a right triangle.  
Therefore, the answer is: Correct.  

[Analysis] The sum of the interior angles of the triangle is divided into 10 equal parts. The largest angle accounts for 5 parts, which is half of the sum of the interior angles of the triangle. Half of 180 degrees is 90 degrees."	others	primary	easy
3914	In a triangle and a trapezoid, there can be at most one right angle.	true_false	False	The characteristics of a triangle###Characteristics and Classification of Trapezoids	"[Answer] Solution: A triangle can have at most one right angle, while a right trapezoid has two right angles. The statement in the original question is incorrect.\\
Therefore, the answer is: incorrect.\\
[Analysis] A trapezoid with one right angle is a right trapezoid. A right trapezoid contains two right angles."	2024	primary	easy
3638	A figure composed of 8 square decimeter squares (without overlap) has a total area of 8 square decimeters. (      )	true_false	True	Cutting and Reassembling of Plane Figures	"Answer: Explanation: A shape composed of 8 square decimeters without overlap has an area of 8 square decimeters. This statement is correct.\\
Therefore, the answer is: Correct.\\
Analysis: Since there is no overlap, the size of the 8 squares remains unchanged. Therefore, the area of the shape formed is the sum of the areas of the 8 squares, which is 8 square decimeters."	2024	primary	easy
3855	In the proportion, if the product of the two extremes is the smallest composite number and one mean is \(\frac{2}{9}\), then the other mean is \(\frac{9}{2}\).	true_false	False	The basic properties of proportion	Solution: The smallest composite number is 4, 4 ÷ (2/9) = 4 × (9/2) = 18, the other term is 18, hence the original question is incorrect. Therefore, the answer is: incorrect. Analysis: The product of the two extremes of a proportion ÷ one of the middle terms = the other middle term.	2023	primary	easy
5023	The size of the surface of an object or a plane figure is its area. (   )	true_false	True	Understanding and Comparing Areas	"Answer: The size of the surface of an object or a plane figure is its area. The original statement is correct.  
Therefore, the answer is: Correct.  
Analysis: The size of a plane figure is its area, and the size of an object's surface is the object's surface area."	others	primary	easy
4865	A rope that is 1 meter long is the same length as a ribbon that is 100 centimeters long. ( )	true_false	True	Conversion and comparison between meters and centimeters	Answer: 1 meter = 100 centimeters, so a 1-meter long rope is as long as a 100-centimeter long ribbon. Therefore, the answer is: Correct. Analysis: With the unit conversion 1 meter = 100 centimeters, a 1-meter long rope is as long as a 100-centimeter long ribbon.	2023	primary	easy
1341	The current time on the clock face is 1:05. In 55 minutes, it will be 2:00.	true_false	True	24-hour time calculation	"[Answer] Solution: 1:05 + 55 minutes = 2:00, so the original statement is correct. \\
Thus the answer is: correct.
[Analysis] Solve based on start time + elapsed time = end time."	2023	primary	easy
7606	3.5 times 6 is 21, \(\frac{2}{7}\) of 6 is approximately 1.71, \(\frac{3}{5}\) of \(\frac{10}{27}\) is \(\frac{6}{27}\).	true_false	False	Addition and subtraction of decimals###Decimal multiplication of a decimal by an integer###Multiplying Fractions by Integers###Multiplying Fractions by Fractions###Multiplying fractions and decimals	"Solution: (1) 3.5 + 3.5 + 3.5 = 3.5 × 3 represents the sum of three 3.5s; \(\frac{3}{8}\) × 4 represents the sum of four \(\frac{3}{8}\); 9.3 × \(\frac{1}{3}\) represents a third of 9.3; \\
(2) 6 × 3.5 = 21; 6 × \(\frac{2}{7}\) = \(\frac{12}{7}\); \(\frac{10}{27}\) × \(\frac{3}{5}\) = \(\frac{2}{9}\); \\
(3) 2.5 + 5 = 7.5; \\
\(\frac{2}{3}\) × \(\frac{1}{2}\) + 0.2 \\"	others	primary	easy
4426	The volumes of two cones are equal, which means they must have the same base and height. (     )	true_false	False	The volume of a cone	Solution: The volumes of the two cones are equal, but they do not necessarily have equal bases and heights. The original statement is incorrect. Thus, the answer is: incorrect. Analysis: Assume cone ① has a base area of 3 and a height of 10, then the volume is: \(3 \times 10 \times \frac{1}{3} = 10\); assume cone ② has a base area of 10 and a height of 3, then the volume is: \(10 \times 3 \times \frac{1}{3} = 10\); from the above calculations, it is clear that the volumes of the cones are equal, but the base areas and heights are not necessarily equal, so the original statement is incorrect.	2024	primary	easy
1179	The probability of the pointer stopping on an odd number on a dial divided into 6 equal parts numbered 1 to 6 is \(\frac{1}{3}\).	true_false	False	Determining the Probability of a Simple Event	"Solution: The probability of the pointer stopping on an odd number is \(\frac{3}{6}\)=\(\frac{1}{2}\).\\
Therefore, the answer is: AB.\\
Analysis: Among these 6 numbers, there are 3 odd numbers and 3 even numbers, so the probability of the pointer stopping on an odd number is \(\frac{\text{number of odd numbers}}{6}\). Since half of these numbers are odd, the probability of the pointer stopping on an odd number is \(\frac{1}{2}\)."	others	primary	medium
3976	The highest place value of the quotient in both 84÷4 and 400÷8 is in the tens place. ( )	true_false	True	Multiplication and division of whole tens, hundreds, and thousands with single-digit numbers.###Division of a two-digit number by a one-digit number	"Answer: 84 ÷ 4 = 21, 400 ÷ 8 = 50, so the highest place of their quotient is in the tens place.  
Therefore, the answer is: Correct.  
Analysis: First calculate the quotient of 84 ÷ 4 and 400 ÷ 8, then observe the highest place of the quotient."	2023	primary	easy
7144	The reciprocal of a proper fraction is always greater than the fraction itself, and the reciprocal of an improper fraction is always less than the fraction itself. (     )	true_false	False	Understanding Countdown	"[Answer] Solution: The reciprocal of a proper fraction is always greater than the fraction itself, but the reciprocal of an improper fraction is not necessarily less than the fraction itself. \\
Therefore, the answer is: Incorrect. \\
[Analysis] Two numbers whose product is 1 are reciprocals of each other. To find the reciprocal of a fraction, simply swap the positions of the numerator and the denominator. A fraction with a numerator smaller than the denominator is a proper fraction; after swapping, the numerator will definitely be larger than the denominator, so the reciprocal of a proper fraction is always greater than the fraction itself. A fraction with a numerator equal to or greater than the denominator is an improper fraction; after swapping, the numerator may be smaller than or equal to the denominator, so the reciprocal of an improper fraction is not necessarily less than the fraction itself."	2024	primary	easy
4206	In Bazhong, it is guaranteed to be sunny 60 hours after a rainy midday.	true_false	False	Certainty and Uncertainty of Events	"[Answer] Solution: In 60 hours, it may or may not be sunny in Bazhong, as it cannot be determined. The original statement is incorrect. \\
Therefore, the answer is: Incorrect. \\
[Analysis] Under certain conditions, the outcomes of some events cannot be predicted and are uncertain. Uncertain events are described as possible. \\
**III. Fill-in-the-blank questions**"	2023	primary	easy
1340	A and B separately complete the same task; B needs 1/5 hours, and A needs 1/6 hours. The efficiency ratio of A to B is 5:6.	true_false	True	Simplification and Evaluation of Ratios###The relationship and application of work efficiency, time, and total workload.	[Solution] Solution: \(\frac{1}{5}\) : \(\frac{1}{6}\) = 6 : 5, so the efficiency ratio of A to B is 6 : 5. Therefore, the answer is: Correct. [Analysis] With a fixed total amount of work, work efficiency and work time are inversely proportional. Answer accordingly.	2023	primary	easy
3702	The circumferences of two circles are equal, so their radii are also equal. (    )	true_false	True	Circumference of a circle	Solution: For circles with equal circumference, their radii are equal. Therefore, the answer is: correct. Analysis: The circumference of a circle equals the radius times 2 times Ï, so when the circumferences of circles are equal, their radii are also equal.	2023	primary	easy
4571	The radix between each adjacent pair of digits is 10. ( )	true_false	False	Decimal counting system	"[Answer] Solution: The conversion rate between every two adjacent counting units is 10. The original statement is incorrect. \\
Thus, the answer is: Incorrect.

[Analysis] The conversion rate is 10 between every two adjacent counting units, not between adjacent digits."	2022	primary	easy
5335	The perimeter of a square is always four times its side length. ( )	true_false	True	The perimeter of a square.###Double application	"Solution: The side length of a square = Perimeter ÷ 4. The perimeter of a square is always four times its side length, so the statement in the original question is correct.\\
Therefore, the answer is: Correct.\\
Analysis: The perimeter of a square = Side length × 4. The perimeter of a square is always four times its side length."	2024	primary	easy
4043	There is only one simplest fraction greater than \(\frac{1}{5}\) and less than \(\frac{3}{5}\).	true_false	False	Comparison of the size of fractions with different numerators and denominators.	"[Solution] Explanation: \( \frac{1}{5} = \frac{4}{20} \), \( \frac{3}{5} = \frac{12}{20} \), \( \frac{4}{20} < \frac{7}{20} < \frac{9}{20} < \frac{11}{20} < \frac{12}{20} \), therefore, the statement is incorrect.\\
Thus, the answer is: incorrect.\\
[Analysis] A counterexample can be used for judgment."	2023	primary	easy
4496	The sum of the percentages of each section in a pie chart is 100%. ( )	true_false	True	Characteristics and Drawing of Pie Charts	[Answer] Solution: In a pie chart, the sum of the percentages of all sections is 100%. Therefore, the answer is: correct. [Analysis] A pie chart represents the total number by the entire circle and uses the size of the sectors to indicate the percentage of each part compared to the total.	2024	primary	easy
3703	The numerator of an improper fraction is always greater than the denominator. (     )	true_false	False	The meaning and characteristics of proper fractions and improper fractions.	[Solution] Explanation: The numerator of an improper fraction is greater than or equal to the denominator, thus the original statement is incorrect. Therefore, the answer is: Incorrect. [Analysis] A fraction where the numerator is greater than or equal to the denominator is called an improper fraction. An improper fraction is greater than or equal to 1.	2022	primary	easy
7152	At 9:00, the smallest angle formed by the hour and minute hands on the clock is 90 degrees, and at 18:00, the angle formed by the hour and minute hands on the clock is 180 degrees.	true_false	False	The alignment of the clock hands with the exact hour.###Characteristics of a straight angle and a full angle###Characteristics of a Right Angle	Solution: At 9 o'clock, the hour hand points to 9 and the minute hand points to 12, forming a right angle. At 18 o'clock, which is 6 PM, the hour hand points to 6 and the minute hand points to 12, forming a straight angle. Therefore, the answer is: right; straight. Analysis: An angle equal to 90° is a right angle; when the two sides of an angle lie on a straight line, the angle is a straight angle; 1 straight angle = 180°.	2024	primary	easy
4039	A rectangle has four axes of symmetry. (    )	true_false	False	The number and position of the axes of symmetry in an axisymmetric figure.	"[Solution] Explanation: A rectangle has 2 axes of symmetry. The original statement is incorrect. \\
Therefore, the answer is: Incorrect. \\
[Analysis] The lines through the midpoints of each pair of opposite sides of a rectangle are the axes of symmetry, totaling 2."	others	primary	easy
4651	\(\frac{3}{4}\) meters can be written as 75% meters. (     )	true_false	False	The meaning and reading/writing of percentages	"Solution: \(\frac{3}{4}\) meters can be written as 0.75 meters. The original statement is incorrect.
So the answer is: incorrect.
Analysis: A percentage cannot be followed by a unit."	others	primary	easy
4951	The volume and capacity of an object are always equal. ( )	true_false	False	The relationship between volume and capacity	[Answer] Solution: Based on the meaning of volume and capacity, the capacity of a container is generally slightly larger than its volume. Therefore, the statement that the capacity and volume of an object are necessarily equal is incorrect. Hence, the answer is: Incorrect. [Analysis] The size of the space occupied by an object is called its volume; the volume that a container can hold from other objects is called its capacity; the walls of containers have a certain thickness.	2023	primary	easy
4338	Teacher Wang is 56 years old this year. Fifty-six is written as 506. (   )	true_false	False	Understanding and Reading/Writing Numbers 41-100	"Answer: Solution: Fifty-six is written as: 56.\\
Therefore, the answer is: Incorrect.\\
Analysis: Numbers within 100 are read (written) starting from the highest place value; first read (write) the tens place, then the ones place."	2024	primary	easy
4419	5 + 5 + 5 - 2 rewritten as a multiplication equation is 5 × 3. (   )	true_false	False	Multiplication-addition, multiplication-subtraction operations	"[Answer] Solution: 5+5+5-2=13\\
5×3=15\\
5+5+5-2<5×3.\\
Therefore, the answer is: Incorrect.\\
[Analysis] 5+5+5-2 means the sum of three 5s minus 2, 5+5+5-2=3×5-2=13."	2023	primary	easy
3626	"The term ""decimal"" was first proposed and used in China. As early as the 3rd century AD, Liu Hui proposed the name ""decimal."""	true_false	False	Preliminary Understanding of Decimals	"The term ""decimal"" was first proposed and used in China. As early as the 3rd century AD, Zhu Shijie proposed the name ""decimal."" Therefore, the answer is: incorrect.

Analysis: The concept of ""decimal"" was first proposed and used in China. In the 3rd century AD, Chinese mathematician Liu Hui proposed calling the part below the unit place of integers that couldn't be named as ""Hui numbers""; the name ""decimal"" was proposed by Zhu Shijie."	2023	primary	easy
3777	A circle has countless lines of symmetry, while an annulus has only one line of symmetry. (   )	true_false	False	Axially symmetric figures related to circles	"[Answer] Explanation: A circle has infinite lines of symmetry, and an annulus (ring) also has infinite lines of symmetry, so the statement in the original question is incorrect.  
Therefore, the answer is: Incorrect.  
[Analysis] If a shape can be folded along a certain line and the two sides of the shape completely coincide, we say the shape is an axisymmetric shape, and this line is called the axis of symmetry.  
If you fold a circle along the line of its diameter, the two sides can completely coincide, so the line of the diameter is an axis of symmetry for the circle. Since a circle has infinite diameters, it also has infinite axes of symmetry.  
Annulus (ring): A plane shape composed of two concentric circles; because they share the same center, an annulus also has infinite lines of symmetry."	2024	primary	easy
4508	During the movement of the car, only translational motion occurs. (　　)	true_false	False	Translation and Translational Phenomenon###Rotation and Rotational Phenomenon	"Answer: During the movement of a car, the body's movement is a translation, while the movement of the wheels is rotation. \\ 
Therefore, the answer is: Incorrect. \\ 
Analysis: Translation refers to moving all points of a figure in the same direction and by the same distance within the same plane. This type of figure movement is called translational motion or simply translation. When an object or figure moves around a fixed point in a certain direction, it is called rotation."	2022	primary	easy
3781	The calculation methods for volume and capacity are the same, and they also represent the same meaning. (    )	true_false	False	The volume of a rectangular prism###The volume of a cube###The volume of a rectangular prism and a cube.	Solution: Volume is the space a container can hold, while volume (of an object) is the amount of space an object occupies. Though the calculation methods are the same, they represent different meanings. The original statement is incorrect. Therefore, the answer is: incorrect. Analysis: The calculation methods for both volume and capacity are length * width * height, but when measuring capacity, the dimensions are measured from the inside.	2024	primary	easy
2739	The unit price of milk candies is \(\frac{5}{4}\) of the unit price of fruit candies. If Tiantian bought 2 kg of fruit candies and 1 kg of milk candies for a total of 91 yuan, then the price of fruit candies is 28 yuan/kg, and the price of milk candies is 35 yuan/kg.	true_false	False	"Application of Fraction Multiplication###Recognition and Identification of the Unit ""1""###Application of Fraction Division - Quantity and Rate Correspondence"	"Solution: Consider the unit price of fruit candy as ""1"". Fruit candy unit price: 91 ÷ (1 + 1 + \(\frac{5}{4}\)) = 28 (yuan/kg); Milk candy unit price: 28 × \(\frac{5}{4}\) = 35 (yuan/kg). Thus, the answers are: 28; 35. Analysis: By considering the unit price of fruit candy as ""1"", the rate corresponding to 91 yuan is 1 + 1 + \(\frac{5}{4}\) = \(\frac{13}{4}\). Hence, the unit price of fruit candy is 91 ÷ \(\frac{13}{4}\) = 28 (yuan/kg), and subsequently, the unit price of milk candy is 28 × \(\frac{5}{4}\) = 35 (yuan/kg)."	others	primary	medium
4348	According to Miaoxiang's exchange rate of 10 toy cars for 4 dolls, Xiaoxiao should give Naughty 15 toy cars for 6 dolls.	true_false	False	Equivalent substitution geometry problem	"[Explanation] Solution: 10 ÷ 4 = 2.5 (toys); 6 × 2.5 = 15 (toys).

Miaoxiang traded 10 toy cars with Taoxi for 4 dolls. Taoxi has many dolls, and Xiaoxiao also wants 6 of them. According to Miaoxiang's exchange rate, Xiaoxiao should give Taoxi 15 toy cars. The original statement is incorrect.

Therefore, the answer is: incorrect.

[Analysis] First, determine how many toy cars Miaoxiang needs to trade for one doll with Taoxi, then multiply by 6 to find out how many toy cars Xiaoxiao needs to give Taoxi to trade for 6 dolls."	2024	primary	easy
3182	To welcome the New Year, the school lined one side of the path between the office building and the teaching building with flags, placing one flag every 4m, including at both ends, for a total of 16 flags. The total length of this path is 60m.	true_false	False	Linear tree planting problem	"Solution: (16-1)×4 = 15×4 = 60 (meters). Therefore, the answer is: 60.

Analysis: The total length of the path = (number of flags - 1) × spacing."	others	primary	medium
4041	In the same plane, two lines that never intersect are called parallel lines. (   )	true_false	True	Characteristics and Properties of Parallelism	"Solution: In the same plane, two lines that never intersect are called parallel lines. The statement in the original question is correct. \\
Therefore, the answer is: Correct. \\
Analysis: In the same plane, parallel lines are two lines that never intersect."	2023	primary	easy
3775	A cylindrical piece of wood is carved into the largest possible cone, and the removed portion is 18 dm³. Therefore, the volume of the cylindrical wood is 27 dm³.	true_false	True	The relationship between the volumes of a cylinder and a cone	"Answer: 

Solution: 
18 ÷ 2 × 3 
= 9 × 3 
= 27 (cubic decimeters).

Therefore, the answer is: correct.

Analysis: 
The volume of a cylinder with the same base and height is three times that of a cone. If a cylindrical piece of wood is carved into the largest possible cone, the volume of the shaved-off part is twice that of the cone. Thus, the volume of the cylinder = cone volume × 3."	2023	primary	easy
6179	The side length of the largest square that can be folded from a rectangular piece of paper measuring 12 cm by 9 cm is 9 cm.	true_false	False	Decomposition and Assembly of Figures (Cutting and Assembling)	Solution: Using a rectangular paper with a length of 12 cm and a width of 9 cm to fold a square, the largest square side is 9 cm. Therefore, the answer is: B. Analysis: Using a rectangular paper with a length of 12 cm and a width of 9 cm to fold a square, the largest square side is the width of the rectangle.	2020	primary	hard
7650	In expression C, 40 + m = 36 + n, m is less than n.	true_false	False	Use the properties of equality to solve equations.###Apply the properties of equality to solve equations.	"Solution:

Option A: m + 13 = n - 4  
Solution:  
m + 13 + 4 = n - 4 + 4  
m + 17 = n  
Therefore, m < n;

Option B: m + 20 = n + 32  
Solution:  
m + 20 - 20 = n + 32 - 20  
m = n + 12  
Therefore, m > n;

Option C: 40 + m = 36 + n  
Solution:  
40 + m - 36 = 36 + n - 36  
4 + m = n  
Therefore, m < n;

Option D: 6m = 14n  
Solution:  
6m ÷ 6 = 14n ÷ 6  
m = \(\frac{7}{3}\)n  
m > n.  

Therefore, the answers are: A and C.  

Analysis: 
The relationship between m"	2020	primary	easy
5031	The associative property of multiplication is expressed as: (a×b)×c = a×(b+c). (　　)	true_false	False	Associative law of integer multiplication	"Solution: The associative law of multiplication is expressed as: (a×b)×c = a×(b×c).  
Therefore, the answer is: Incorrect.  
Analysis: Answer based on the associative law of multiplication."	2023	primary	easy
4645	The school canteen received 168 kilograms of rice, which was used up in 4 days. On average, about forty-two kilograms of rice was used each day. (    )	true_false	True	Estimation with a one-digit divisor	"[Answer] Solution: 168 ÷ 4 ≈ 160 ÷ 4 = 40 (kg), the original statement is correct. \\
Thus, the answer is: Correct. \\
[Analysis] When estimating a three-digit number divided by a single-digit number, keep the divisor unchanged and consider the dividend as a rounded hundred or a multiple of the divisor."	2024	primary	easy
1411	\(\frac{10}{9} - \frac{5}{6} + \frac{1}{6} = \frac{1}{9}\). (      )	true_false	False	Mixed Operations of Fraction Addition and Subtraction and Applications	"Solution: \(\frac{10}{9}\)-\(\frac{5}{6}\)+\(\frac{1}{6}\)\\
=\(\frac{10}{9}\)-(\(\frac{5}{6}\)-\(\frac{1}{6}\))\\
=\(\frac{10}{9}\)-\(\frac{2}{3}\)\\
=\(\frac{10}{9}\)-\(\frac{6}{9}\)\\
=\(\frac{4}{9}\)\\
Therefore, the answer is: Incorrect.\\
Analysis: A number minus another number plus another number is equal to the first number minus the difference of the latter two numbers, expressed as a-b+c=a-(b-c)."	2023	primary	easy
2141	0.62 km² is equal to 6,200 m², 25 minutes is equal to \(\frac{5}{12}\) hours, 6 hectares are equal to 60,000 square meters, and 3.06 tons is equal to 3 tons 60 kilograms.	true_false	False	Characteristics of Simplest Fractions###Understanding and Conversion of Hours and Minutes###Conversion and Comparison between Tons and Kilograms###Conversion of area units	nan	2023	primary	medium
5093	"True or False questions:

(1) The difference between two numbers is 1.5. If the minuend is increased by 1.5 while the subtrahend remains the same, the difference increases by 3. (　　)

(2) When entering 0.0350 on a calculator, both zeros can be omitted. (　　)

(3) Adding a two-decimal place number to a three-decimal place number results in a five-decimal place sum. (　　)

(4) When calculating 1.76 minus a number with a calculator, mistakenly pressing 1.16 can be corrected by subtracting 0.6 from the difference. (　　)"	true_false	True	Decimal Place Value and Units of Measure###Decimal addition and subtraction mixed operations###Understanding and Using Calculators	"Answer: Solution:

(1) Let the minuend be a and the subtrahend be b. a - b = 1.5, the new difference is (a + 1.5) - b = a - b + 1.5 = 1.5 + 1.5 = 3, the difference increased by 3 - 1.5 = 1.5, not 3. Therefore, incorrect.

(2) When entering decimals on a calculator, if there are multiple zeros at the end of the decimal, they can be omitted because they do not affect the value. Therefore, when entering \(0.0350\), the two trailing zeros can indeed be omitted, and entering \(0.035\) does not change the actual value. Therefore, correct.

(3) When adding decimals, the result's decimal places are at most equal to the number with the most decimal places among the numbers added. Thus, a two-dec"	others	primary	easy
7600	The school is making student cards for 198 first-grade students, each costing 4 yuan, and the total cost is approximately 792 yuan.	true_false	False	Estimation of Multiplying a Multi-digit Number by a One-digit Number	"Answer: 198×4≈200×4=800 (yuan)\\
Therefore, the answer is: 800.\\
Analysis: The amount of money for one student card × the number of cards made = the total amount of money needed. When estimating, usually keep the single digit the same and regard the three-digit number as the nearest hundred for calculation."	2024	primary	easy
1744	Sunshine Community has 2 residential buildings, each with 4 units, and each unit has 16 households. The correct formula to calculate the total number of households in one building is 16×4, not 16×(2×4).	true_false	False	Solve real-world problems using multiplication.	Answer: Solution: Option A: 2×4 represents the number of sections in 2 residential buildings; Option B: 4×2 represents the number of sections in 2 residential buildings; Option C: 16×4 represents how many households are in one building. Therefore, the answer is: C. Analysis: The total number of households in the community = the number of sections in 2 residential buildings × the average number of households per section.	2024	primary	easy
5102	Southeast is opposite to northwest, and southwest is opposite to northeast. (    )	true_false	True	East, West, South, North directions and their corresponding relationships.	[Solution] Explanation: Southeast is opposite to northwest, southwest is opposite to northeast, so the original statement is correct. Therefore, the answer is: Correct. [Analysis] On a map, the orientation is north at the top, south at the bottom, west on the left, and east on the right; east and west are opposite, south and north are opposite; southwest and northeast are opposite, northwest and southeast are opposite. **Section Three: Fill in the Blanks**	2023	primary	easy
4125	The sum of 200 fours is the same as four times 200. (     )	true_false	True	Multiplication and division of whole tens, hundreds, and thousands with single-digit numbers.	"[Answer] Solution: The sum of two hundred 4s is 200×4=800, and four times 200 is 200×4=800, which are the same result.\\
Therefore, the answer is: Correct.  
[Analysis] To find the sum of several identical addends, use multiplication; to determine how many times a number is, use multiplication."	2021	primary	easy
7228	The average distance from Uranus to the Sun is 2,870,990,000 kilometers. Rewriting this distance in billions results in 2.871 billion kilometers.	true_false	False	The movement of the decimal point to the left causes a change in the value of the decimal.###Approximate value of a decimal number	"Solution: 2,870,990,000 = 28.7099 billion  
28.7099 ≈ 28.710.  
Therefore, the answer is: 28.7099; 28.710.  

Analysis: To convert a number into units of billions, move the decimal point eight places to the left and add ""billion"" at the end. If there is a zero at the end of the decimal, remove it.  
To find the approximation of a decimal, first determine to which place the number should be retained, then look one place further, and round off the extra digit accordingly."	2024	primary	easy
3986	5.049 rounded to one decimal place is 5.0. ( )	true_false	True	Understanding and Application of Simplification	"[Answer] Solution: Because 5.049 ≈ 5.0\\
Rounding 5.049 to one decimal place results in approximately 5.0, which is correct.\\
Therefore, the answer is: Correct\\
[Analysis] When rounding a decimal to one decimal place, it is precise to the tenths place. Check if the hundredths digit is 5 or more, then apply the ""rounding"" method to find the approximate value according to this explanation."	2020	primary	easy
4495	Adding parentheses to an equation always changes the result.	true_false	False	Order of operations with parentheses###Order of operations without parentheses	"Solution: For example, 5 + 8 + 2 = 13 + 2 = 15. After adding parentheses, it's 5 + (8 + 2) = 5 + 10 = 15. Since 15 = 15, the result did not change, thus the original statement is incorrect. Therefore, the answer is: Incorrect. 

Analysis: The order of operations for mixed arithmetic is: perform multiplication and division first, then addition and subtraction, with expressions in parentheses taking priority. This can be determined by example."	2024	primary	easy
3922	If moving the decimal point of number A two places to the right equals number B, then number B is 100 times number A.	true_false	False	The movement of the decimal point to the left causes a change in the value of the decimal.###Moving the decimal point to the right causes a change in the size of the decimal.	"Answer: By moving the decimal point of number A two places to the right, it becomes equal to number B, indicating that number B is 100 times larger than number A. Hence, the original statement is incorrect.
Therefore, the answer is: Incorrect.

Analysis: When a non-zero number is multiplied (or divided) by 10, the decimal point moves one place to the right (or left); when a non-zero number is multiplied (or divided) by 100, the decimal point moves two places to the right (or left); when a non-zero number is multiplied (or divided) by 1000, the decimal point moves three places to the right (or left). Since moving the decimal point of number A two places to the right makes it equal to number B, it indicates that number B is 100 times larger than number A."	2024	primary	easy
4203	Xiao Wei's weight is 25 kilograms, and 40 times this weight is 1 ton.	true_false	True	Conversion and Comparison between Tons and Kilograms	"Solution: 25 × 40 = 1000 (kilograms) \\
1000 kilograms = 1 ton. \\
Therefore, the answer is: Correct. \\
Analysis: 40 times this body weight = average weight per person × number of people, then unit conversion."	2023	primary	easy
4117	If walking 50 meters north is recorded as +50 meters, then walking 30 meters south should be recorded as -30 meters. (　　)	true_false	True	Understanding and Reading/Writing Positive and Negative Numbers	"Solution: If walking 50 meters north is denoted as +50 meters, then walking 30 meters south should be denoted as -30 meters. The original statement is correct. Therefore, the answer is: correct.

Analysis: Positive and negative numbers represent quantities with opposite meanings. Walking north is denoted as a positive number, so walking south is denoted as a negative number."	2022	primary	easy
5254	9.600 and 9.60 are not equal in size with the same unit of measure.	true_false	False	Decimal Place Value and Units of Measure	Solution: 9.600 equals 9.60. The digit 9.600 is in the thousandths place, while 9.60 is in the hundredths place. The original statement is incorrect. Therefore, the answer is: incorrect. Analysis: Basic property of decimals: Adding or removing a zero at the end of a decimal does not change its value. The whole number part is to the left of the decimal point, representing units, the first place to the right is the tenths place (representing 0.1), the second is the hundredths place (representing 0.01), and the third is the thousandths place (representing 0.001) and so on.	2024	primary	easy
7598	5 ÷ 8 = \(\frac{5}{16}\) = 0.625 = 62.5%	true_false	False	Conversion between percentages and decimals###Conversion between percentages and fractions###The meaning of multiplication and division and their relationship	"Solution: \(5 \div 0.625 = 8\)  
\(16 \times 0.625 = 10\)  
\(0.625 = 62.5\%\)  
Therefore, \(5 \div 8 = \frac{10}{16} = 0.625 = 62.5\%\).  
So the answer is: 8; 10; 62.5.  

Analysis: Divisor = Dividend ÷ Quotient, Numerator = Denominator × Fractional Value; To convert a decimal to a percentage, move the decimal point two places to the right and add a percent sign."	2024	primary	easy
1402	The unfolded view obtained by cutting the cylinder's lateral surface along its height cannot be a trapezoid. ( )	true_false	True	The unfolded view of a cylinder	[Answer] Solution: The lateral surface of a cylinder, when unfolded along its height, forms a rectangle. The length of the rectangle corresponds to the circumference of the cylinder's base, and the width corresponds to the height of the cylinder. When the base circumference and height are equal, a square is formed, with each side of the square equal to the base circumference and height of the cylinder. Cutting it diagonally results in a parallelogram, where the base is equivalent to the cylinder's base circumference, and the height is equivalent to the cylinder's height. The original statement is correct. Therefore, the answer is: correct. [Analysis] Unfolding the lateral surface of a cylinder along its height results in a rectangle (or a square), but it cannot form a trapezoid.	2024	primary	easy
7227	The greatest common divisor of two composite numbers is 1, which means they are coprime.	true_false	False	Characteristics of Composite Numbers and Prime Numbers###Characteristics of Coprime Numbers	"Solution: The greatest common divisor of two composite numbers is 1, indicating that these two composite numbers are coprime and consecutive natural numbers, namely 8 and 9.  
Therefore, the answer is: 8; 9.  
Analysis: Two numbers with only 1 as their common divisor are coprime. Based on the prime numbers under 100, these numbers are 8 and 9."	2024	primary	easy
4632	The pass rate of products from Workshop A is higher than that of Workshop B, so the number of products produced by Workshop A must be more than Workshop B. (      )	true_false	False	Percentage and its application	"[Answer] Solution: Pass rate = Number of qualified products ÷ Total number of products produced × 100%. The pass rate of products in workshop A is higher than in workshop B, but it's not possible to determine the quantities produced by workshops A and B. The original statement is incorrect. \\
Therefore, the answer is: incorrect.
[Analysis] This question mainly tests the knowledge of percentage. Percentage represents the proportion of a part to the total quantity, and it's not possible to compare the total quantities."	2024	primary	easy
1634	A product discounted by 25% is equivalent to paying 75% of the original price.	true_false	True	Application of Percentages -- Discount	"Solution: A 25% discount means a 75% of the original price. The original statement is correct. Therefore, the answer is: Correct. Analysis: A 25% discount on an item means treating the original price as ""1"", and the current price is 75% of the original, which indicates 75% of the original price."	2024	primary	easy
3780	The sum of two fives added together is equal to the product of 5×2. ( )	true_false	True	Addition and subtraction within 10###Multiplication Table of 5 and Its Applications	"[Answer] Solution: 5 + 5 = 10, 5 × 2 = 10, so 5 + 5 = 5 × 2. \\ Therefore, the answer is: correct. \\ [Analysis] The simplified calculation of the sum of several identical addends is called multiplication, and it is calculated based on the multiplication table ""two times five is ten."""	2023	primary	easy
5100	Dividing a watermelon among 3 students so that each student receives \(\frac{1}{3}\) of the watermelon leaves no remainder.	true_false	False	Average Score and Application	"[Answer] Solution: Because this watermelon is not evenly divided, it cannot be expressed as a fraction. \\
Therefore, the answer is: Incorrect.  
[Analysis] Dividing the unit ""1"" evenly into several parts, a number representing one or several of these parts is called a fraction."	2020	primary	easy
5181	The solution to the equation 9x - 3x = 4.2 is x = 0.7.	true_false	True	Apply the properties of equality to solve equations.	"Solution:  
9x - 3x = 4.2  
6x = 4.2  
x = 4.2 ÷ 6  
x = 0.7  
Therefore, the answer is: correct.  

Analysis: Property 2 of equations: Multiplying or dividing both sides of an equation by the same non-zero number will keep both sides equal."	2023	primary	easy
4435	330 is a multiple of 2, 3, and 5. ( )	true_false	True	Characteristics of multiples of 2 and 5###Characteristics of multiples of 3	[Answer] Solution: 330 / 2 = 165, 330 / 3 = 110, 330 / 5 = 66, so 330 is a multiple of 2, 3, and 5. Therefore, the answer is: Correct. [Analysis] Features of multiples of 2, 3, 5: the number ends in 0, and the sum of its digits is a multiple of 3.	2024	primary	easy
3842	2 multiplied by 5 equals 12. ( )	true_false	False	Preliminary Understanding of Multiplication	Solution: The multiplication of two 5s can be written as: 5*5=25, the original statement is incorrect. Therefore, the answer is: incorrect. Analysis: Multiplying two 5s is 5*5=25; 2*5 is multiplying 2 and 5.	2024	primary	easy
3924	On a map with a scale of 1:50000, 2 centimeters represent 10 kilometers.	true_false	False	Use the scale to determine the map distance or actual distance.	Solution: \(2 \div \frac{1}{50000} \div 100000 = 100000 \div 100000 = 1\) (kilometer). Therefore, the answer is: incorrect. Analysis: Actual distance = Map distance ÷ Scale, then unit conversion.	others	primary	easy
4631	In triangle ABC, if ∠A - ∠C = ∠B, then the triangle ABC is a right triangle.	true_false	True	Classification of Triangles###The sum of the interior angles of a triangle	"Solution: From ∠A - ∠C = ∠B, we get ∠A = ∠C + ∠B,  
which means ∠A = 90 degrees, ∠C + ∠B = 90 degrees.  
This triangle must be a right triangle. The original statement is correct.  
Therefore, the answer is: Correct.  
Analysis: A triangle with one right angle is a right triangle."	2024	primary	easy
4427	All positive numbers are greater than negative numbers, and all negative numbers are less than 0.	true_false	True	Comparison of the size of positive and negative numbers	"[Answer] Solution: All positive numbers are greater than negative numbers, and all negative numbers are less than 0. The original statement is correct.\\
Therefore, the answer is: Correct.\\
[Analysis] Positive number > 0 > Negative number, when comparing two negative numbers, the smaller the number after the negative sign, the larger the negative number actually is."	2024	primary	easy
1673	"There are exactly 2 fair methods for determining ""who goes first"" from the given options."	true_false	False	The fairness of game rules	Answer: Explanation: ① A coin has heads and tails, tossing a coin is fair; ② When rolling a die, the numbers less than 3 are 1 and 2, totaling 2 numbers, while the numbers greater than 3 are 4, 5, and 6, totaling 3 numbers, making the game unfair; ③ Rock-paper-scissors is fair; ④ Among the numbers 1 to 9, there are 4 prime numbers (2, 3, 5, 7) and 4 composite numbers (4, 6, 8, 9), making the game fair. Therefore, the answer is: C. Analysis: Regardless of the game rules, as long as the chances are equal for both sides, the game rules are fair.	2024	primary	easy
7383	You can add one more number to 9, 3.6, and 18 to form a proportion with these four numbers. It is possible to do so.	true_false	False	Understanding of Ratios and Judgment of Composing Ratios	"Solution: \(9 \times 3.6 \div 18\)  
\(= 32.4 \div 18\)  
\(= 1.8\), so the proportion can be formed as \(9 : 1.8 = 18 : 3.6\).  
Thus, the answer is: \(9 : 1.8 = 18 : 3.6\).  

Analysis: The added number \(= 9 \times 3.6 \div 18 = 1.8\). The fundamental property of proportions states that in a proportion, the product of the means equals the product of the extremes, based on which the proportion is written."	2024	primary	easy
4497	Integers include positive integers, zero, and negative integers. (   )	true_false	True	Understanding Natural Numbers	"Solution: Integers include positive integers, zero, and negative integers. This statement is correct.
Therefore, the answer is: correct.
Analysis: Fractions include positive fractions and negative fractions; integers and fractions are collectively known as rational numbers."	2021	primary	easy
7231	2000 meters = 2 kilometers, 8 decimeters = 80 millimeters, 3 tons 20 kilograms = 3020 kilograms, and 1 ton - 900 kilograms = 100 kilograms.	true_false	False	Conversion and Comparison between Tons and Kilograms###Conversion and comparison between meters, decimeters, centimeters, and millimeters.###Conversion and Comparison Between Kilometers and Meters	Solution: 2000 meters = 2 kilometers 8 decimeters = 800 millimeters 3 tons 20 kilograms = 3020 kilograms 1 ton - 900 kilograms = 1000 kilograms - 900 kilograms = 100 kilograms 70 decimeters - 2 meters = 7 meters - 2 meters = 5 meters. Therefore, the answers are: 2; 800; 3020; 100; 5. Analysis: 1 kilometer = 1000 meters, 1 decimeter = 10 centimeters = 100 millimeters, 1 ton = 1000 kilograms, 1 meter = 10 decimeters, calculate after unit conversion accordingly.	others	primary	easy
7605	If y = 5x, then x and y are in a direct proportion. If \(\frac{4}{x} = \frac{y}{20}\), then x and y are in an inverse proportion.	true_false	False	Quantities in direct proportion and their significance###Quantities in inverse proportion and their significance.	"Solution: Given \( y = 5x \), \(\frac{x}{y} = \frac{1}{5}\) (constant), x and y are in direct proportion.  
If \(\frac{4}{x} = \frac{y}{20}\), then \( xy = 4 \times 20 = 80\) (constant), x and y are in inverse proportion.  
Therefore, the answer is: direct; inverse.  

Analysis: To determine what kind of proportion exists between two related quantities, check if the corresponding ratio is constant or if the corresponding product is constant. If the ratio is constant, it is direct proportion; if the product is constant, it is inverse proportion."	2023	primary	easy
7440	When observing an object, at most two faces of the object can be seen.	true_false	False	Observing the geometric body from different directions.	"[Answer] Solution: When observing an object, you can see at most 3 faces of the object. The original statement is incorrect.
Therefore, the answer is: Incorrect.
[Analysis] For example, when observing a cube from a slanted angle towards a vertex, you can see 3 faces; when observing the cube from the front, back, sides, or top, you can only see 1 face."	others	primary	easy
7299	To verify whether 367-126=241 is correct, you can use 367-241=126 to check, or use 241+126=367 to verify.	true_false	True	Addition of numbers within ten thousand without carrying###Subtraction without borrowing within ten thousand	"Solution: You can verify whether 367-126=241 is correct by using 367-241=126 or 241+126=367. The statement in the original question is correct. 

Thus, the answer is: correct.

Analysis: When checking subtraction, you can use difference + subtrahend = minuend or minuend - difference = subtrahend."	2024	primary	easy
4727	A decimal multiplied by an improper fraction will definitely result in a product greater than the decimal. (  )	true_false	False	Multiplying fractions and decimals###The rule of change in the product	[Solution] Explanation: When an improper fraction equals 1, multiplying a decimal by the improper fraction results in a product equal to the decimal, making the original statement false. Therefore, the answer is: False. [Analysis] An improper fraction is greater than or equal to 1. When it equals 1, multiplying a decimal by the improper fraction results in a product equal to the decimal; when the improper fraction is greater than 1, the product is greater than the decimal.	2023	primary	easy
2281	A solution of 500 grams of 70% alcohol is mixed with a solution of 300 grams of 50% alcohol, resulting in a solution with 62% alcohol concentration.	true_false	False	Concentration fundamental issue	"Solution: (500×70% + 300×50%) ÷ (500 + 300) × 100% = (350 + 150) ÷ 800 × 100% = 500 ÷ 800 × 100% = 0.625 × 100% = 62.5%. Therefore, the answer is 62.5%.

Analysis: The concentration of an alcohol solution is calculated as the weight of pure alcohol divided by the weight of the solution, multiplied by 100%. In the alcohol solution with a concentration of 70%, there are 350 grams of pure alcohol in 500 grams. In the solution with a concentration of 50%, there are 150 grams of pure alcohol in 300 grams. The total weight of the mixed solution is 800 grams, and the weight of pure alcohol is 500 grams. Using the formula for alcohol solution concentration, you can find the concentration of the mixed solution."	2024	primary	medium
1752	Four identical small cubes can form a larger cube. (　　)	true_false	False	Characteristics of a Cube	"[Solution] Answer: At least 8 identical small cubes can form a larger cube. The original statement is incorrect.\
Thus the answer is: Incorrect.\
[Analysis] To form a large cube using small cubes, at least 2 layers are needed, with 2 in one row and 2 in each column, totaling 8 cubes."	2024	primary	easy
3912	All factors of an integer b (b > 1) are less than b.	true_false	False	Characteristics and Methods of Finding Factors	"Answer: The factors of an integer b (b > 1), apart from b itself, are all less than b. The original statement is incorrect.
Therefore, the answer is: Incorrect.
Analysis: The largest factor of a number is the number itself, and the smallest factor is 1."	2023	primary	easy
4722	The 5th number before 10 is 15. ( )	true_false	False	Ordering of numbers within 10	"Solution: The 5th number before 10 is 5. \\
Therefore, the answer is: Incorrect. \\
Analysis: Based on counting the order of numbers within 20."	2024	primary	easy
4641	If the dividend is less than the divisor, the quotient is 0.	true_false	True	Three-digit number divided by a single-digit number, resulting in a quotient that contains 0.	[Answer] Explanation: In division calculations, if the result is less than 1, the quotient is 0. The original statement is correct. Therefore, the answer is: Correct. [Analysis] When calculating division and obtaining the highest digit of the quotient, if at any position the division is less than 1, the quotient is 0.	2023	primary	easy
7288	"It is appropriate to use ""km"" as the unit to measure the distance from Tengzhou to Shanghai (      )."	true_false	True	Understanding and Using Kilometers	"Answer: It is more appropriate to use ""km"" as the unit to measure the distance from Tengzhou to Shanghai. Thus, the statement is correct. Therefore, the answer is: Correct. Analysis: Common length units include kilometers, meters, decimeters, centimeters, and millimeters. For measuring the distance between two places, ""km"" is a more suitable unit. This judgment is based on that."	2022	primary	easy
7451	A cuboid has 8 vertices, 12 edges, and 6 faces, all of which are rectangles. (    )	true_false	False	Characteristics of a Rectangular Prism	"Solution: A rectangular prism has 8 vertices, 12 edges, and 6 faces. Its 6 faces are not necessarily all rectangles. The original statement is incorrect. Therefore, the answer is: incorrect.

Analysis: There is a special type of rectangular prism that has two square faces, with the other four being identical rectangles."	2023	primary	easy
1480	Xiao Xing's performance improved each time in the 50-meter breaststroke trials.	true_false	False	Compound table	"Answer: 
Option A: In the first and second attempts, Xiaobing performed better, while in the third attempt, Xiaoxing performed better, making the original statement incorrect.

Option B: 125 > 122 > 119, the time is getting shorter, Xiaoxing is performing better, making the original statement correct.

Option C: 116 < 117, 120 > 116, Xiaobing improved in the second attempt but regressed in the third, making the original statement incorrect.

Option D: 132 > 130, Xiaodong's performance in the second attempt regressed, making the original statement correct.

Thus, the answers are: B; D.

Analysis: The lengths of the freestyle practice are equal, and the shorter the time taken, the better the performance, based on which the comparisons are made."	others	primary	easy
4555	0 divided by any natural number is still 0. (      )	true_false	False	Division by zero###0 cannot be used as a divisor.	"Answer: 0 divided by any number not equal to 0 equals 0. The original statement is incorrect.  
Therefore, the answer is: Incorrect.  
Analysis: 0 cannot be a divisor."	2022	primary	easy
3709	Divide 8 chocolates into 4 parts, each part must be 2 chocolates. (    )	true_false	False	Preliminary Understanding of Division	"Solution: Divide 8 chocolates equally into 4 portions, each portion must be 2 chocolates. If not divided equally, the number in each portion is uncertain. Therefore, the answer is: Incorrect.

Analysis: Division means dividing a number equally into several parts to find out how much is in each part."	2023	primary	easy
3853	88.88 is read as eighty-eight point eight eight. (      )	true_false	True	Reading and writing decimals	"Answer: 88.88, read as: eighty-eight point eight eight, the original statement is correct; therefore, the answer is: correct. Analysis: Reading decimals: Start from the highest digit; if the integer part is ""0,"" read it as ""zero""; if not, follow the integer reading rules. The decimal point is read as ""point""; read the decimal part digits in sequence."	others	primary	easy
4035	The scale of a map is 1:1600000, meaning 1 cm on the map represents an actual distance of 160 km.	true_false	False	Understanding the Scale	"[Answer] Solution: The scale of a map is 1:1600000, where 1cm on the map represents an actual distance of 16km. The original statement is incorrect. \\
Therefore, the answer is: Incorrect.
[Analysis] 1,600,000 centimeters equals 16 kilometers, so this scale indicates that 1cm corresponds to an actual distance of 16 kilometers."	2023	primary	easy
1412	A multiline graph is the most appropriate tool for Hope Primary School to compare the number of boys and girls wearing glasses in each grade.	true_false	False	The characteristics and plotting of a multiple line chart###Selection of statistical charts	[Answer] The Hope Primary School needs to count the number of boys and girls wearing glasses in each grade, and creating a composite bar chart is more appropriate. The original statement is incorrect. Thus, the answer is: Incorrect. [Analysis] Characteristics of a bar chart: it clearly displays the quantity. Characteristics of a line chart: it not only shows the quantity but also clearly indicates changes in quantity. Based on this, choose the appropriate chart according to the context of the question.	2022	primary	easy
4337	Cutting a cone along its height results in a cross-section that is an isosceles triangle. (     )	true_false	True	Characteristics of a Cone	"[Answer] Solution: Cutting the cone along its height yields a cross-section that is an isosceles triangle, validating the original statement.  
The answer is: Correct.  
[Analysis] Cutting the cone along its height yields a cross-section that is an isosceles triangle, with the base equal to the diameter of the base of the cone and height equal to the cone's height."	2022	primary	easy
4054	Generally, when planting trees along an open route, the number of trees is equal to the total distance divided by the interval length.	true_false	False	Tree planting issue	"[Solution] Explanation: Generally, when planting trees on an open route, the number of trees = total distance ÷ interval length + 1, or the number of trees = total distance ÷ interval length - 1. \\
Therefore, the answer is: Incorrect. \\
[Analysis] For the tree planting problem where trees are planted at both ends, the number of trees = total length ÷ interval + 1; for the problem where no trees are planted at either end, the number of trees = total length ÷ interval - 1."	others	primary	easy
4191	In one day and night, the hour hand completes 2 full rotations. ( )	true_false	True	An Introduction to Clocks and Clock Faces	"[Answer] Solution: In one day and night, the hour hand goes around twice. The original statement is correct.  
Therefore, the answer is: Correct.  
[Analysis] One day and night is 24 hours, the hour hand goes around once in 12 hours, and twice in 24 hours, according to this."	others	primary	easy
4430	A obtuse triangle and a right triangle both have 3 altitudes. (　　　)	true_false	True	The characteristics and drawing method of the height of a triangle	"[Answer] Explanation: An obtuse triangle and a right triangle both have 3 altitudes. This statement is correct. \\
Therefore, the answer is: correct. \\
[Analysis] As long as it is a triangle, it has three altitudes."	others	primary	easy
1399	If b×5=a and a and b are non-zero natural numbers, then a is a factor of b	true_false	False	The relationship between factors and multiples	The solution: b×5=a, which means a÷b=5, so a is a multiple of b. Therefore, the answer is: D. Analysis: In division equations of integers (excluding zero), the dividend is a multiple of the divisor and quotient; the divisor and quotient are factors of the dividend.	2024	primary	easy
5346	A rectangular prism (excluding cubes) can have at most two faces that are squares. (    )	true_false	True	The unfolded diagram of a cuboid.	[Answer] Solution: Among the six faces of a rectangular prism (excluding a cube), at most two faces can be squares. The statement in the original question is correct. Therefore, the answer is: correct. [Analysis] Characteristics of a rectangular prism: it has 6 faces; each face is a rectangle, and in special cases, two opposite faces can be squares, while the remaining four faces are identical rectangles.	2023	primary	easy
550	A parallelogram inherently maintains its shape under forces without additional support.	true_false	False	Characteristics and Properties of a Square###Features and Properties of a Parallelogram###Characteristics and Drawing of Trapezoid Height	"[Answer] Explanation: The parallelogram has variability, so option A is incorrect. \\
Therefore, the answer is: A. \\
[Analysis] The parallelogram has variability, while the triangle has stability. \\
\textbf{II. Multiple-Choice Questions}"	2024	primary	medium
1397	Xiao Qiang can use his three 10-yuan banknotes and three 20-yuan banknotes to pay exactly 50 yuan in 3 different ways.	true_false	False	Simple currency calculation###Combination	nan	2025	primary	easy
715	Class 3(1) has 8 students who are exemplary in three areas, which is half the number of such students in Class 3(2). Class 3(2) has 16 students who are exemplary in three areas. (     )	true_false	False	Understanding numbers within 20	[Answer] Solution: Class 3(1) has 8 model students, twice the number of model students in Class 3(2). Class 3(2) has 4 model students, so the original statement is incorrect. \ Therefore, the answer is: Incorrect. \ [Analysis] The number of model students in Class 3(2) = Number of model students in Class 3(1) / The multiple of model students in Class 3(1) relative to Class 3(2). Substitute the values to calculate.	2022	primary	medium
1109	Connecting each pair of 6 points on a circle forms chords within the circle, and these chords can have 15 intersection points.	true_false	False	Plot points and connect lines based on the table data.	"Solution:

As shown in Figure 1: Connecting every two points results in 12 intersection points within the circle.

As shown in Figure 2: Connecting every two points results in 15 intersection points within the circle. For every 4 points on the circumference, there can be one intersection point inside, so when these intersection points do not overlap, the most possible is as shown in Figure 2 with a total of 15.

Therefore, the answer is: BD

Analysis: On a circle, selecting any 6 points, the segments connecting them intersect inside the circle at certain points. By analyzing the properties of the segments and how they form intersection points, and using knowledge from combinatorial mathematics, the solution can be derived."	2020	primary	medium
1395	In a residential building, there are 30 households subscribing to both newspapers B and C.	true_false	False	Three-set inclusion-exclusion (overlapping) problem	Solution: (30 + 34 + 40) ÷ 2 = 104 ÷ 2 = 52 (households); 52 - 30 = 22 (households); therefore, the answer is: B. Analysis: According to the problem's meaning, adding the number of copies for the three types of newspapers gives the total number of newspapers subscribed by all households. Since each household subscribes to 2 newspapers, dividing by 2 gives the number of households in the building. Using the principle of inclusion-exclusion, subtracting the number of copies of newspaper A from the total number of households gives the number of households that subscribe to both newspapers B and C.	others	primary	easy
1566	From one vertex of a parallelogram, an infinite number of altitudes can be drawn to the opposite side. ( )	true_false	False	Characteristics and Drawing Method of the Height of a Parallelogram	"Solution: As shown in the image, two heights can be drawn, therefore the original statement is incorrect. \\
Thus, the answer is: Incorrect. \\
Analysis: The definition of the height of a parallelogram: A perpendicular line is drawn from a point on one side of the parallelogram to its opposite side, and the distance between this point and the foot of the perpendicular is the height of the parallelogram. Since a vertex of the parallelogram has two opposite sides, two heights can be drawn from one vertex to the opposite sides."	2024	primary	easy
1680	A rope is folded into 3 equal parts, then into 2 equal folds, and then cut from the middle, resulting in 12 segments.	true_false	False	The problem of sawing wood into sections	【Answer】Solution: 3×2+1=7 (sections); \\ Thus, the answer is: C. \\ 【Analysis】If the rope is folded into 3 sections and then folded again, it is equivalent to being folded into 6 sections. The knife intersects with these 6 sections at 6 points. Note that these 6 intersection points are equivalent to making 6 cuts. According to the formula sections = cuts + 1, we calculate the answer.	2023	primary	easy
2143	Kilometers are more appropriate for measuring the distance from Guangzhou to Zhongshan.	true_false	False	Selection of units of measurement for quality###Choice of Length Units	nan	2023	primary	medium
2145	The smallest value of n such that \(\frac{1}{2} + \frac{1}{4} + \cdot \cdot \cdot + \frac{1}{2^n} > \frac{315}{412}\) is 2.	true_false	False	General term induction	"Solution: \(\frac{1}{2} + \frac{1}{4} + \cdot \cdot \cdot + \frac{1}{2^{n}} = 1 - \frac{1}{2^{n}}\), \(\frac{315}{412} = 1 - \frac{97}{412}\), \(\frac{1}{2^{n}}\) is minimized as \(\frac{1}{8} = \frac{512}{412}\), \(\frac{512}{412} > \frac{97}{412}\), \(n \geq 3\), so the smallest value of \(n\) that satisfies the condition is 3. Therefore, the answer is 3.

Analysis: Using term induction, we derive \(\frac{1}{2} + \frac{1}{4} + \cdot \cdot \cdot + \frac{1}{2^{n}} ="	2024	primary	medium
4127	The weight of ten adults is approximately 1 ton.	true_false	False	Understanding of tons	"Answer: The weight of ten adults is approximately less than 1 ton. The original statement is incorrect. \\
So the answer is: Incorrect. \\
Analysis: An adult weighs about 80 kilograms, ten adults weigh about 800 kilograms, which is less than 1 ton. 1 ton = 1000 kilograms."	2024	primary	easy
5268	Xiaoming's height is exactly 1.4 meters.	true_false	True	Understanding and Use of Decimeters	"Solution: Xiao Ming is 14 decimeters tall. The original statement is correct.  
Therefore, the answer is: Correct.  
Analysis: 1 meter = 10 decimeters, 14 decimeters is 1 meter and 4 decimeters, which is an appropriate height."	2023	primary	easy
2513	The probability of the sum of points from rolling three dice being less than 16 is 1.	true_false	False	Understanding Probability	"Solution: The total possible outcomes are \(6 \times 6 \times 6 = 216\). The outcomes where the sum is less than 16 are:

\[36 \times 3 + 35 + 33 + 30 = 108 + 68 + 30 = 176 + 30 = 206\]

\[206 \div 216 = \frac{103}{108}\]

Therefore, the answer is \(\frac{103}{108}\).

Analysis: Based on the given, each die roll can result in 6 possible outcomes, so the total possible outcomes for one roll are \(6 \times 6 \times 6 = 216\). By hypothetically setting one die and examining the other two dice, we can find the number of combinations where the sum is less than 16:

1. Fixing one die at 1, other two dice have sum not exceeding 12, giving \(6 \times 6 = 36\"	2023	primary	medium
2591	After pouring out half and filling with water, and repeating this process two more times as described, the concentration of alcohol will be \(\frac{1}{8}\) of the original. ( )	true_false	False	Application of Fraction Multiplication###Comprehensive Concentration Problem	nan	2024	primary	medium
7377	The roof structure of the house uses a gable design, which utilizes the stability of a triangle.	true_false	True	The stability and application of triangles	"Answer: The structure of the human character combined with a beam forms a triangular shape, which utilizes the stability of a triangle. The original statement is correct.
Thus, the answer is: Correct.
Analysis: The stability of triangles is applied in various aspects of life, such as bicycle frames, basketball hoops, cable-stayed bridges, small house roofs, high-voltage power line supports, Egyptian pyramids, triangular frames, and triangular arms."	2024	primary	easy
4121	The two objects have different units of mass, and it is possible that these two objects weigh the same. (     )	true_false	True	Conversion of units of mass	"[Answer] The units of mass for the two objects are different, but they may weigh the same. For example, 1 kilogram equals 1000 grams, so the original statement is correct.  
Therefore, the answer is: Correct.  
[Analysis] 1 kilogram = 1000 grams. Although the units of mass are different, the objects' mass may be equal, based on this determination."	others	primary	easy
4188	Xiaoli is 5 years old this year, and her mother's age is six times hers. Therefore, her mother is 30 years old this year.	true_false	True	Understanding Numbers Within 100	nan	2025	primary	easy
4425	The Olympic rings represent five interlocking arcs. ( )	true_false	False	Use translation and symmetry to design patterns.	"[Answer] Explanation: The Olympic rings can be seen as circles obtained through translation, making the original statement incorrect. \\
Therefore, the answer is: Incorrect. \\
[Analysis] The Olympic rings can be seen as circles obtained through translation, rather than through rotation."	2023	primary	easy
4874	The largest single-digit number is 9. (     )	true_false	True	Understanding and Reading/Writing of 11 to 20	"[Answer] Solution: The largest single-digit number is 9, the original statement is correct. \\
Therefore, the answer is: Correct. \\
[Analysis] The largest single-digit number is 9, and the smallest is 1."	2024	primary	easy
5025	5×2 is read as five times two. (    )	true_false	True	Reading and writing multiplication equations	"Solution: 5×2 is read as ""five times two,"" and the original statement is correct.  
Therefore, the answer is: correct.  
Analysis: A multiplication expression is read as: ""number times number equals number."""	2022	primary	easy
5706	A parallelogram cannot tile a plane on its own. ( )	true_false	False	Tiling of shapes	[Answer] Solution: Triangles and parallelograms can be tessellated independently, but circles cannot. Therefore, the original statement is incorrect. The answer is: Incorrect. [Analysis] Definition of tessellation: Using one or more plane figures of the same shape and size to connect without gaps or overlaps to form a pattern; this is known as tessellation of plane figures or planar tiling. The key to tiling geometric shapes on a plane is that the sum of the interior angles of polygons meeting at a point must exactly form a full circle.	2020	primary	hard
5478	To win the game, Xiaoming should first draw 2 cards.	true_false	False	Strategic issue	"[Solution] Explanation: 39 ÷ 6 = 6 (turns) remainder 3 (cards). Xiao Ming should first take 3 cards, and then observe how many cards Xiao Liang takes each time. As long as their total number of cards taken in each turn adds up to 6, Xiao Ming can win. Therefore, the answer is: B.

[Analysis] Since the maximum number of cards that can be taken each time is 5 and the minimum is 1, Xiao Ming and Xiao Liang together can take a maximum of 1 + 5 = 6 cards each turn. 39 ÷ 6 = 6 (turns) remainder 3 (cards), so Xiao Ming should first take 3 cards, and then observe how many cards Xiao Liang takes each time. As long as their total number of cards taken in each turn adds up to 6, Xiao Ming can win.
**Multiple-choice question**"	others	primary	hard
5485	The correct equation for calculating the speed of the freight train when two trains are 42 kilometers apart after 3 hours is 3x = (396 - 42) - 62×3.	true_false	False	Write an equation to solve the meeting problem.	"Answer: A. Equivalent relationship: Distance traveled by the truck + Distance traveled by the bus = Total distance - 42 kilometers, the equation is correct;  
B. Equivalent relationship: Distance traveled by the truck = Total distance - Distance traveled by the bus, the equation is incorrect;  
C. Based on the equivalent relationship in option B, this equation is correct;  
D. Equivalent relationship: Total distance - Distance traveled by the truck = Distance traveled by the bus.  
Therefore, the answer is: A, C, D  
Analysis: The key to solving encounter problems by setting up equations is to establish unknowns, find equivalent relationships, and then set up equations to solve the problem. Note that three equivalent relationships can be identified for this question."	others	primary	hard
6192	The total number of days spent on the project is 14.	true_false	False	Engineering issue	"Solution: 

C's work efficiency:  
\( \frac{1}{3} \div 4 \times \frac{1}{1 + 2 + 3} = \frac{1}{12} \times \frac{1}{6} = \frac{1}{72} \)  

A's work efficiency:  
\( \frac{1}{72} \times 3 = \frac{1}{24} \)  

B's work efficiency:  
\( \frac{1}{72} \times 2 = \frac{1}{36} \)  

\(\left( 1 - \frac{1}{3} - \frac{1}{72} \times 5 - \frac{1}{24} \times 3 - \frac{1}{36} \times 2 \right) \div \left( \frac{1}{24} + \frac{1}{36} + \frac{1"	2015	primary	hard
5836	The angle between the hour hand and the minute hand at 1:45 is 142.5 degrees.	true_false	False	Time and Clock Face###Measurement of angles (calculation)	"Solution:  
360°÷12 = 30°  
Large angle measure: (9-1)×30° - 30°×\(\frac{45}{60}\)  
= 8×30° - 22.5°  
= 240° - 22.5°  
= 217.5°  
Small angle measure: 360° - 217.5° = 142.5°  
Therefore, the answer is: 142.5° or 217.5°.

Analysis: The circumference angle is 360°, and the clock face is divided into 12 equal sections, so each section is 30°. At 45 minutes, the minute hand points to 9, so the minute hand rotates (9-1)×30° from 1 to 9. At 1:45, the hour hand is between 1 and 2, and it has moved 30°×\(\frac{45}{"	2021	primary	hard
5910	Liu Ming secured third place in the math competition among ten students, and his total score must be higher than the average score of the ten students.	true_false	False	Calculation and Application of Reasonable Averages	"Answer: Even if Liu Ming won third place, his total score is not necessarily higher than the average score of the 10 students.  
Therefore, the answer is: False.  
Analysis: When the scores of the 10 students are 100, 99, 90, 89, 89, 89, 89, 89, 89, and 89, the average score of these 10 students is 91.2, which is greater than 90, meaning Liu Ming's score is not above the average."	2018	primary	hard
5963	The square of 2009 has 8 divisors.	true_false	False	Number of Divisors and Sum of Divisors Theorem	"Solution: \(2009^2 = 7^4 \times 41^2\)  
\((4+1) \times (2+1) = 5 \times 3 = 15\)  
Answer: The square of 2009 has 15 divisors.  
Therefore, choose: A.  
Analysis: \(2009^2 = 7^4 \times 41^2\), then calculate using the formula for the number of divisors of a composite number."	others	primary	hard
5977	For the data set 3, 3, 2, 3, 6, 3, 10, 3, 6, 3, 2, the median is 3.	true_false	False	The meaning and calculation method of the median	"Solution: Arrange the data 3, 3, 2, 3, 6, 3, 10, 3, 6, 3, 2 in ascending order: 2, 2, 3, 3, 3, 3, 3, 3, 6, 6, 10. The median is 3. Therefore, select: A.

Analysis: First, arrange the data in ascending order; the middle number is the median. The number of elements (or the average of the two most middle numbers) is called the median of the data. Note: When finding the median, make sure to arrange the data in order first, then determine the median based on the count being odd or even. If the data count is odd, the middle number is the median sought. If it is even, find the average of the two middle numbers."	others	primary	hard
6048	Cutting off a 20° acute angle from a triangle, the sum of the interior angles of the remaining figure is 160°.	true_false	False	The sum of the interior angles of a quadrilateral	"[Answer] Removing a 20° acute angle from a triangle, the remaining shape is a quadrilateral. Since the sum of the interior angles of a quadrilateral is 360°, the remaining part's interior angles sum to 360°. Therefore, the original statement is incorrect. 
Thus, the answer is: Incorrect. 
[Analysis] According to the problem, removing a 20° acute angle from a triangle results in a quadrilateral, whose interior angles sum to 360°. Hence the solution."	2018	primary	hard
6403	If Person A and Person B meet for the second time 50 km away from their first meeting point, the distance between locations A and B is 80 kilometers.	true_false	False	Encounter problem###Multiple Encounters and Pursuits	"Solution: 50 ÷ (\(\frac{5}{8}\) × 3 - 1 - \(\frac{3}{8}\))  
= 50 ÷ (\(\frac{15}{8}\) - 1 - \(\frac{3}{8}\))  
= 50 ÷ \(\frac{1}{2}\)  
= 100 kilometers  
Therefore, the answer is 100.

Analysis: Since the speed ratio of A to B is 5:3; the total distance is: 5 + 3 = 8; at the first meeting, both together traveled the distance between A and B, where A covered \(\frac{5}{8}\) of the total distance, so the meeting point is \(\frac{5}{8}\) of the distance from A to B. At the second meeting, they together traveled 3 times the distance between A and B, thus A covered \(\frac{5}{8"	2023	primary	hard
6189	The boat will retrieve the hat at exactly 12:10 PM.	true_false	False	Pursue the issue	"Solution: \(100 \div 20 + 100 \div 20 = 10\) (minutes)\\
Caught up at 12:10.\\
Therefore, the answer is: A.\\
Analysis: The flow rate doesn't matter, as the effects in the two opposite directions cancel each other out, and the boat is 100 meters away from the hat, needing 5 minutes each way. Therefore, a total of 10 minutes is needed, meaning the boat catches up at 12:10."	2020	primary	hard
8774	If A goes first, calling out 2 initially ensures victory in the game where the sum of numbers called should be 40.	true_false	False	Best method problem	"Solution: 40 ÷ (1 + 2) = 13...1,  
If A reports first, to ensure victory, A should report 1 on the first turn.  
Therefore, the answer is: 1.  

Analysis: This question mainly tests the application of strategy. To win, one should report 1 on the first turn. No matter what number the opponent reports, as long as it's different (the sum reported each time is 3), the solution follows this reasoning."	2023	primary	hard
6490	Class 3(2) students are lined up for exercises. If Liang Liang's position is the 5th from the left and the 6th from the right, there are 11 students in total.	true_false	False	Queueing problem	"Solution: 5 + 6 - 1 = 10 (students)  
Therefore, the answer is: 10.  
Analysis: Liang Liang's repetitions need to be adjusted for, so by adding 5 and 6 and then subtracting 1, we find the number of students in this row. Drawing a diagram can also help with understanding."	2021	primary	hard
6614	If you arrange the five-digit number 12472 repeatedly 100 times to form a 500-digit number and then repeatedly remove all digits in odd positions until one digit remains, the final remaining digit is 2.	true_false	False	Digital problem###Digital grouping	"[Answer] The 500-digit number is labeled in order from left to right as the 1st digit, the 2nd digit, the 3rd digit, ..., up to the 500th digit, with the labeling unchanged. After the first deletion, numbers that are multiples of 2 remain. After the second deletion, numbers that are multiples of \(2^2\) remain. After the third deletion, numbers that are multiples of \(2^3\) remain, and so on. Since \(256 < 500 < 512\), the final remaining number is in the 256th position. 

\(256 \div 5 = 51\) remainder 1

The digit in the 1st position is 1, so the remaining number is 1. Therefore, the answer is: A.

[Analysis] By observing and analyzing, we find that the deletion process described in the problem is actually a continuous selection of numbers at positions that are multiples"	2022	primary	hard
6704	The water in the reservoir can provide for a certain number of people to drink for 6 days, but it cannot provide for 22 people to drink for 10 days.	true_false	False	The deformed cow eats grass.	"Answer:  
Assuming each person drinks 1 portion per day.  
Daily increase in portions: (26×8-30×6)÷(8-6)=14 (portions)  
Original water: 30×6-14×6=96 (portions)  
The daily increase of 14 portions is allocated to 14 people.  
Remaining 22-14=8 people consume the original supply.  
Days of consumption: 96÷8=12 (days)  
Therefore, the answer is: 12.

Analysis:  
This problem is similar to the ""cows eating grass"" problem, but with the grass replaced by water in a reservoir and cows replaced by drinkers. We need to calculate the increase rate of water and the initial water volume in the reservoir from the given conditions to determine how many days the reservoir can supply water to 22 people."	2022	primary	hard
6973	With cards numbered 0, 4, 5, 6, and 7, there are 11 three-digit numbers divisible by 4 when drawing 3 cards.	true_false	False	Common Divisor and Common Multiple Problems###Properties and Applications of Divisibility	"[Solution] Explanation: A number divisible by 4 means its last two digits can be divided by 4 (since all multiples of 100 can be divided by 4). Thus, the last two digits can only be: 04, 40, 56, 60, 64, 76.

- When the last two digits are 04: choose hundreds digit from 5, 6, 7, three options;
- When the last two digits are 40: choose hundreds digit from 5, 6, 7, three options;
- When the last two digits are 56: choose hundreds digit from 4, 7, two options;
- When the last two digits are 60: choose hundreds digit from 4, 5, 7, three options (since hundreds digit cannot be 0);
- When the last two digits are 64: choose hundreds digit from 5, 7, two options (since hundreds digit cannot"	2024	primary	hard
7135	To visually reflect the participation of boys and girls in the class across five sports activities, a compound bar chart is more appropriate. (　　)	true_false	True	Characteristics and Plotting of Compound Bar Charts	"Solution: To visually reflect the participation of boys and girls in the class across 5 sports events, a composite bar chart is more appropriate.  
Therefore, the answer is: Correct.  
Analysis: Answer according to the characteristics of the composite bar chart."	2023	primary	easy
7667	From a point outside a straight line, only one perpendicular can be drawn to this line. (　　)	true_false	True	Perpendicular to a straight line	"[Answer] Solution: Through a point outside a line, there can be only one perpendicular line drawn to the line. The original statement is correct.  
Therefore, the answer is: Correct.  
[Analysis] There is one and only one line through a point outside a line that is perpendicular to the given line."	2024	primary	easy
7820	The sum of the digits at the 100th decimal place of the repeating decimals \(\frac{2002}{2009}\) and \(\frac{1}{287}\) is 9.	true_false	False	Clever Calculation of Recurring Decimals	"Solution: Since \(\frac{2002}{2009} + \frac{1}{287} = 1\), and \(1 = 0.\overset{\cdot}{9}\), the sum of the digits at the 100th decimal place is 9. 

Thus, the answer is: 9

Analysis: Converting \(\frac{2002}{2009}\) and \(\frac{1}{287}\) into repeating decimals to calculate the digit sum at the 100th place is complicated. By observing the calculation, we find \(\frac{2002}{2009} + \frac{1}{287} = 1\), and since \(1 = 0.\overset{\cdot}{9}\), the digit sum at the 100th place is 9."	2022	primary	hard
8033	Determine true or false. Xiao Cong uses a magnifying glass with a magnification of 15 to look at a 10° angle, and the angle seen is still 10°.	true_false	True	Comparison of angle size	"Using a magnifying glass to look at an angle does not change the size of the angle; the original statement is correct.  
Therefore, the answer is: correct.  
Analysis: The size of an angle is unrelated to the length of the sides, and a magnifying glass only enlarges the length of the sides."	others	primary	hard
1500	When reading a number with two or more levels, regardless of how many zeros are at the end of each level, only one zero is read.	fill_in_the_blank	False	Reading, writing, and composing numbers within a hundred million	"Answer: When reading numbers with two levels, no matter how many zeros are at the end of each level, they are not read.  
Therefore, the answer is: False.  
Analysis: When reading numbers, no matter how many zeros are at the end of each level, they are not read."	others	primary	easy
1423	The sum of 9 and 3 is 12. ( )	fill_in_the_blank	True	Addition with carrying for 9 plus a number	The sum of 9 and 3 is 12. The original statement is correct. Therefore, the answer is: correct. Analysis: The equation for adding 9 and 3 is 9+3, and judging the result confirms this.	2022	primary	easy
1355	Xiaoming is 15 years old this year, and his father is a years older than him. In 3 years, his father will be (18+a) years old. (    )	fill_in_the_blank	True	Use letters to represent numbers.	Answer: Solution: Three years later, the father's age will be 15 + a + 3 = 18 + a (years). The original statement is correct. Therefore, the answer is: Correct. Analysis: Xiaoming's current age + the age difference between his father and him + 3 years = the father's age in three years.	2023	primary	easy
1419	The area occupied by a rectangular prism is its surface area. ( )	fill_in_the_blank	False	Surface area of a rectangular prism	"[Answer] Solution: The area occupied by a rectangular prism is its base area; the original statement is incorrect.  
Therefore, the answer is: Incorrect.  
[Analysis] The area of the base of a rectangular prism is its occupied area."	2024	primary	easy
1416	A and B are both non-zero natural numbers, and A÷14 = B×13, then A < B. (    )	fill_in_the_blank	False	Division by fractions where the divisor is a whole number.###The rule of change in the product	Answer: Solution: From A ÷ 14 = B × 13, we can derive: A × \(\frac{1}{14}\) = B × 13. Since \(\frac{1}{14}\) < 13, it follows that A > B. The original statement is incorrect. Therefore, the answer is: Incorrect. Analysis: Dividing by a number is equivalent to multiplying by the reciprocal of that number; when the product is equal, if one factor is smaller, the other factor is larger.	2023	primary	easy
1499	"The temperature of the refrigerator compartment of a certain refrigerator is ""4℃"", and the temperature of the freezer compartment is ""-5℃"". The temperature difference between the refrigerator and the freezer compartments is 1℃. (    )"	fill_in_the_blank	False	Operations of Positive and Negative Numbers	"Solution: 4 - (-5) = 9 (℃).  
Therefore, the answer is: Incorrect.  
Analysis: The temperature difference between the refrigerator's cold storage and freezer compartments = the temperature of the refrigerator's cold storage - the temperature of the freezer."	2023	primary	easy
1424	In a bar chart, each unit represents an equal value. (    )	fill_in_the_blank	True	Characteristics and Drawing of Simple Bar Graphs	"[Solution] Explanation: In a bar graph, each unit represents an equal value. The original statement is correct.  
Therefore, the answer is: Correct.  
[Analysis] In a bar graph, the vertical axis usually represents values, with each unit being of equal value."	others	primary	easy
7584	In a division expression where the divisor is a single digit, the maximum remainder is 9. (     )	fill_in_the_blank	False	The relationship between the remainder and the divisor	"[Answer] Solution: 9 - 1 = 8, in a division equation where the divisor is a single digit number, the maximum remainder is 8. \\
Therefore, the answer is: Incorrect. \\
[Analysis] The largest single digit number is 9, in a division equation where the divisor is a single digit number, the maximum remainder = 9 - 1 = 8."	2023	primary	easy
1422	0 multiplied by any number equals 0, and 0 divided by any number also equals 0. (   )	fill_in_the_blank	False	Multiplication involving 0###Division by zero	"【Answer】 Solution: 0 multiplied by any number equals 0, and 0 divided by any non-zero number also equals 0. The original statement is incorrect.\\
Therefore, the answer is: Incorrect.  
【Analysis】 0 cannot be a divisor, so 0 divided by any non-zero number is still 0."	2022	primary	easy
5851	The tangram is composed of three types of shapes. (   )	fill_in_the_blank	True	Tangram	"[Answer] The tangram is composed of three types of shapes, thus this statement is correct.
Therefore, the answer is: Correct.
[Analysis] According to the composition of the tangram, it consists of 3 types of shapes: 1 square, 5 triangles, and 1 parallelogram, based on this judgment."	2021	primary	hard
