index	question	category	A	B	C	D	answer	knowledge	analysis	year	grade_level	difficulty_level
5162	A rectangular frame, when gently pushed, becomes a parallelogram frame. Compared to the original, this frame's (      ).	single_answer_choice	Perimeter increases, area remains unchanged	Perimeter increases, area decreases	Perimeter decreases, area increases	Perimeter remains unchanged, area decreases	D	Characteristics and Properties of a Rectangle###Features and Properties of a Parallelogram	[Solution] Solution: When a rectangular frame is lightly pushed to become a parallelogram, the side lengths of the frame do not change, which means the perimeter of the frame remains unchanged. This is because the perimeter is the total sum of all side lengths, and there is no increase or decrease in side lengths during the transformation. Since the height of the parallelogram may be less than the original rectangle's height (during transformation, the vertical distance between the sides may decrease), the area of the parallelogram may be less than that of the original rectangle. Therefore, the answer is: D. [Analysis] This question examines the geometric relationship between rectangles and parallelograms, with particular focus on changes in perimeter and area when a rectangle transforms into a parallelogram. The perimeter of both rectangles and parallelograms depends on side lengths, while the area depends on the product of the base and height.	others	primary	easy
1738	Among the following statements, the incorrect one is (    ).	single_answer_choice	A number in the billion range can have a billion place, ten billion place, hundred billion place, and trillion place.	While estimating a division, if the remainder equals the divisor, it indicates the quotient is too small.	In reading 5004200, no zeros are pronounced.	The sum of two acute angles is always greater than a right angle.	D	Trial business###Reading and Writing of Numbers Above One Hundred Million and Their Composition###Characteristics of acute and obtuse angles###Characteristics of a Right Angle	"[Solution] Answer: Option A: Numerical positions in the billions include billions, tens of billions, hundreds of billions, and trillions, which is stated correctly in the original question.  
Option B: During division, if the remainder equals the divisor, the quotient is underestimated, so it should be increased by 1, which is stated correctly in the original question.  
Option C: ""5004200"" is read as ""five million four thousand two hundred,"" where no zeros are pronounced, as stated correctly in the original question.  
Option D: Examples include: 10° + 20° = 30°, which is an acute angle; 30° + 60° = 90°, which is a right angle; 70° + 80° = 150°, which is an obtuse angle, indicating that the original question is incorrect.  
Therefore, the answer is: D.  
[Analysis] Option A: According to the Chinese counting system, every four"	2025	primary	easy
4314	Which set of three line segments can form an isosceles triangle?  	single_answer_choice	12 cm, 4 cm, 9 cm  	12 cm, 12 cm, 25 cm  	12 cm, 6 cm, 6 cm  	12 cm, 7 cm, 7 cm	D	The characteristics of a triangle###Understanding and Characteristics of Isosceles Triangles	"Solution: 7cm + 7cm > 12cm,  
The sides that can form an isosceles triangle are 12cm, 7cm, 7cm.  
Therefore, the answer is: D.  
Analysis: A triangle with two equal sides is an isosceles triangle. The method to determine if a triangle can be formed: the sum of the two shorter sides must be greater than the third side."	others	primary	easy
3759	The following operation is incorrect: (       ).	single_answer_choice	48×37+37×52= (48+52)×37  	567-59-41=567-(59+41)  	156+138+44= (156+44) +138  	1000÷25×4= 1000÷(25×4)	D	Commutative law of addition for integers###Associative property of integer addition###The distributive law of multiplication over addition for integers.###Simplified operations of subtraction.	"Solution:  
Option A: Using the distributive property of multiplication, calculate 48×37+37×52= (48+52)×37. The original calculation is correct.  
Option B: Using the property of subtraction, calculate 567-59-41=567-(59+41). The original calculation is correct.  
Option C: Using the commutative and associative properties of addition, calculate 156+138+44= (156+44) +138. The original calculation is correct.  
Option D: 1000÷25×4≠1000÷(25×4). The original calculation is incorrect.  
Therefore, the answer is: incorrect.  

Analysis:  
Distributive property: The sum of two numbers multiplied by another number equals each number multiplied by the third number, then adding the products.  
A number subtracted consecutively by two numbers equals the number subtracted by the sum of the latter two numbers.  
Commut"	2024	primary	easy
4468	Use a simple method to calculate 75×101 correctly:	single_answer_choice	75×(101-1)  	75×100+1  	75×101-75×1  	75×100+75×1	D	The distributive law of multiplication over addition for integers.	"【Answer】Solution: 75×101 = 75×(100+1) = 75×100 + 75×1.\\
Thus, the answer is: D.\\
【Analysis】The distributive property of multiplication: the product of a number and the sum of two numbers is equal to the sum of the products of the number and each of the two numbers, with the result unchanged."	2024	primary	easy
4689	Among the following formulas, the one with the largest quotient is (     ).  	single_answer_choice	4□9 ÷ 8  	28□ ÷ 4  	80□ ÷ 8  	2□4 ÷ 4	B	Three-digit number divided by a one-digit number, resulting in a three-digit quotient division.###Three-digit number divided by a single-digit number, resulting in a two-digit quotient.	"Solution:  
Option A: The hundreds digit of the dividend is 4, which is less than the divisor 8, resulting in a two-digit quotient.  
Option B: The hundreds digit of the dividend is 2, which is less than the divisor 4, resulting in a two-digit quotient.  
Option C: The hundreds digit of the dividend is 8, which is equal to the divisor 8, resulting in a three-digit quotient.  
Option D: The hundreds digit of the dividend is 2, which is less than the divisor 4, resulting in a two-digit quotient.  
Therefore, the answer is: B.  
Analysis: When dividing a three-digit number by a single-digit number, if the hundreds digit of the dividend is greater than or equal to the divisor, the quotient is three digits; if the hundreds digit of the dividend is less than the divisor, the quotient is two digits."	2024	primary	easy
7195	The correct statement among the four is (   ).  	single_answer_choice	The smallest composite number is 2  	All even numbers are composite  	All odd numbers are prime  	1 is neither a prime number nor a composite number	D	Odd and even numbers###Characteristics of Composite Numbers and Prime Numbers	"【Solution】 Solution: Option A: The smallest composite number is 4, the original statement is incorrect;  
Option B: 2 is an even number, not a composite number, the original statement is incorrect;  
Option C: 1 is an odd number, not a prime number, the original statement is incorrect;  
Option D: 1 is neither a prime number nor a composite number, the original statement is correct.  
Therefore, the answer is: D.  
【Analysis】 A prime number is a natural number greater than 1 that has no factors other than 1 and itself; a composite number is a natural number greater than 1 that has factors other than 1 and itself; 1 is neither a prime nor a composite number. A number that is a multiple of 2 is called an even number; a number that is not a multiple of 2 is called an odd number. Based on these definitions, each option can be analyzed for a solution."	2024	primary	easy
4177	Cut a piece of iron wire into two segments, with the first segment being \(\frac{3}{7}\) meters long, and the second segment occupying \(\frac{3}{7}\) of the total length. Compare the two segments of iron wire. (    )  	single_answer_choice	The first segment is longer  	The second segment is longer  	They are the same length  	Cannot be determined	A	Comparison of fractions with the same denominator within 10###Addition and subtraction of fractions with the same denominator within 10.	"Solution: \(1-\frac{3}{7}=\frac{4}{7}\), \(\frac{3}{7}\)<\(\frac{4}{7}\), so the first segment is longer. 

Therefore, the answer is: A.

Analysis: The fraction of the total length that the first segment occupies is equal to 1 minus the fraction that the second segment occupies. Then, compare the fractions of the total length occupied by the first and second segments."	2024	primary	easy
7190	The correct statement is (      ).	single_answer_choice	Composite numbers are all greater than prime numbers.	All odd numbers are prime numbers, and all even numbers are composite numbers.	25 is greater than 20, so the number of factors of 25 is more than that of 20.	The sum of two consecutive natural numbers is always odd, and their product is always even.	D	Odd and even numbers###Characteristics of Composite Numbers and Prime Numbers	"[Answer] Solution:
Option A: Since the composite number 4 is less than the prime number 7, the statement in the original question is incorrect.
Option B: Since the odd number 9 is not a prime number and the even number 2 is a prime number, the statement in the original question is incorrect.
Option C: The factors of 25 are 1, 25, and 5, totaling 3, while the factors of 20 are 1, 20, 2, 10, 4, and 5, totaling 6, making the statement in the original question incorrect.
Option D: An odd number plus an even number equals an odd number, and an odd number times an even number equals an even number, making the statement in the original question correct.
Therefore, the answer is: D.
[Analysis] Options A and B: Judged based on the list of primes under 100.
Option C: The number of factors"	2024	primary	easy
1316	In the following expressions, which one is an equation?  	single_answer_choice	\(4x - 5b\)  	\(50 + 5y = 712\)  	\(6x + 6 < 30\)  	\(78 + 22 = 100\)	B	Understanding Equations and Formulating Simple Equations	Answer: A contains unknowns, is not an equation, not an equation; B contains unknowns, is an equation, is an equation; C contains unknowns, is not an equation, not an equation; D contains no unknowns, is an equation, not an equation; Therefore, the answer is: B. Analysis: An equation must meet two conditions (both are necessary): contain unknowns, be an equation, thus making the judgment.	2024	primary	easy
7848	Among the four numbers \(\frac{2008}{2007}\), \(\frac{2007}{2008}\), \(\frac{2009}{2008}\), \(\frac{2008}{2009}\), the largest number is (     )	single_answer_choice	\(\frac{2009}{2008}\	\(\frac{2007}{2008}\)  	\(\frac{2008}{2007}\)  	\(\frac{2009}{2008}\)  	B	Comparison of fraction sizes	"Solution: Since \(\frac{2007}{2008} < 1\), \(\frac{2008}{2009} < 1\), \(\frac{2008}{2007} > 1\), and \(\frac{2009}{2008} > 1\), \(\frac{2007}{2008}\) and \(\frac{2008}{2009}\) should be excluded.

For \(\frac{2008}{2007} = 1 + \frac{1}{2007}\),
and \(\frac{2009}{2008} = 1 + \frac{1}{2008}\),
since \(\frac{1}{2007} > \frac{1}{2008}\),
therefore \(\frac{2008}{2007} > \(\frac{2009}{2008}\).

The largest number is \(\frac{2008}{2007}\).
So the"	others	primary	hard
2479	Given that a, b, and c are all integers, determine how many of the following three numbers \(\frac{a + b}{2},\frac{b - c}{2},\frac{c - a}{2}\) are integers.  	single_answer_choice	At least one  	Only one  	Only two   	All three	A	Properties and Applications of Divisibility	"Solution: Given the three numbers \(a, b, c\),

1. If all 3 numbers are even, the result includes 3 integers.
2. If all 3 numbers are odd, the result includes 3 integers.
3. If there are 2 odd numbers and 1 even number, the result includes 1 integer.
4. If there is 1 odd number and 2 even numbers, the result includes 1 integer.

Therefore, the result contains at least 1 integer.

So the answer is: A

Analysis: First, based on the conditions, we need to discuss the parity of a, b, and c. Then, for each case, analyze the parity of a+b, b+c, and c+a to determine if these can be integers when divided by 2. Finally, determine at least how many integers there are based on the discussion results."	2022	primary	medium
7938	A duck farm has 8,000 ducks. Yesterday morning, 3,000 were sold, and in the afternoon, 4,000 were sold. How many are left?  	single_answer_choice	3,000  	4,000  	1,000  	5,000	C	Others	"Solution: 3000 + 4000 = 7000  8000 - 7000 = 1000
Answer: 1000 remaining."	others	primary	hard
