index	question	category	answer	knowledge	analysis	year	grade_level	difficulty_level
5140	"Buying 3 soccer balls costs 15 yuan more than buying 5 volleyballs. Each soccer ball costs 45 yuan. How much does each volleyball cost? The correct equation is:  
A. 45×3 - 5x = 15  
B. 45 + 5x = 15×3  
C. 5x = 45 + 15×3  
D. 5x = 45×3 - 15"	multiple_answer_choice	A, D	Set up equations to solve application problems with one unknown.	"Solution: Let the price of each volleyball be x yuan, the equation can be set up as: 45×3－5x=15 or 5x=45×3－15.  
Therefore, the answer is: A; D.  
Analysis: According to the problem, let the price of each volleyball be x yuan. Based on the equivalence relation: the unit price of each soccer × quantity - the unit price of each volleyball × quantity = 15 or the unit price of each volleyball × quantity = the unit price of each soccer × quantity -15. Based on this, set up the equation to solve."	others	primary	easy
1540	"The following statements are correct (    ) sentence(s).
① If the number A × the number B = 100, then (number A × 3) × (number B × 2) = 600;
② If the length of a rectangle is increased by 3 centimeters and the width is decreased by 3 centimeters, the area of the rectangle remains unchanged;
③ Xiaoming's position in the class is represented by the coordinates (4, 4), and the position of the student in front of him is represented by the coordinates (3, 4).
A. 1 B. 2 C. 3"	multiple_answer_choice	A	Pairs and positions###The area of a rectangle###The rule of change in the product	Solution: Explanation: ① The number of A multiplied by the number of B equals 100, so (A number×3)×(B number×2) = 100×3×2 = 600. The original statement is correct; ② The original rectangle's length is 5 cm and its width is 4 cm, so its area is 5×4 = 20 (square cm). After the rectangle's length increases by 3 cm, it becomes 8 cm, and its width decreases by 3 cm, becoming 1 cm. Then, the rectangle's area is 8×1 = 8 (square cm). The rectangle's area has changed, so the original statement is incorrect; ③ Xiaoming's position in the class is represented by the pair (4, 4), the student directly in front of him is in the 4th column and 3rd row, represented by the pair (4, 3).	2023	primary	easy
4261	"The product of a two-digit number multiplied by a two-digit number could be (    ) 
A. A two-digit number B. A three-digit number C. A four-digit number D. A five-digit number"	multiple_answer_choice	B, C	Two-digit multiplication by two-digit (non-carrying) handwritten multiplication.###Two-digit multiplication by two-digit (with carrying)	"Solution: For example, 10×11=110, where a two-digit number multiplied by another two-digit number gives a three-digit product. 80×90=7200, where a two-digit number multiplied by another two-digit number gives a four-digit product. Thus, the product of two two-digit numbers could be either three digits or four digits. Therefore, the answer is: B, C.

Analysis: The product of two two-digit numbers may be three digits or four digits. This can be demonstrated by providing examples: first, use two smaller two-digit numbers, then use two larger two-digit numbers."	others	primary	easy
1607	"The Happy Little Farm harvested 9 baskets of apples this year, totaling 225 kilograms, and sold them for 873 yuan. What is the average selling price per basket of apples? The correct equation is (　　).
A. 225÷9 B. 873÷9 C. 873÷9×225 D. 225÷9×873"	multiple_answer_choice	B	Three-digit number divided by a single-digit number, resulting in a two-digit quotient.	"【Solution】 Answer: The average selling price per basket of apples is 873 ÷ 9 yuan.  
Therefore, the answer is: B.  
【Analysis】 Total amount of money earned ÷ number of baskets sold = average selling price per basket of apples."	others	primary	easy
1319	Among the events reflected by the following idioms, the least likely one is (     ). A. The sun rises in the east B. Hit the target every time C. Waiting by the stump for a hare D. Clear skies after the rain	multiple_answer_choice	C	Predict the likelihood of a simple event and explain the reasons.	"Solution: 

Option A: ""The rising sun"" – This is a natural phenomenon that occurs daily, making it a virtually certain event with a very high likelihood;

Option B: ""Every shot hits the target"" – This describes a scenario of shooting or throwing where complete accuracy or success is achieved. Although it requires skill and a bit of luck, the likelihood is quite high if one is proficient;

Option C: ""Waiting by the tree for a rabbit"" – This refers to an event where one waits for a rabbit to run into a tree and die. The likelihood of a rabbit approaching a tree is already very low, and the likelihood of it intentionally hitting the tree until it dies is extremely minimal, making it a very unlikely event that matches the requirements of the question;

Option D: ""Rain followed by clear skies"" – This means the sky clears after it rains. Although not every rain is followed by clear skies, in most cases it does clear up, so the likelihood is quite high."	2024	primary	easy
5135	"Fill in the four □ in 10□10□10□10□10 with the operators ""+"", ""-"", ""×"", ""÷"", each used exactly once, without adding any brackets. The maximum value of the resulting expression is:  
A. 104  B. 109  C. 114  
D. 119  E. C and D are incorrect"	multiple_answer_choice	B, E	Fill in the symbols in the equation	"To maximize the value of the expression, consider placing the multiplication before the addition to maximize the addend. At the same time, to avoid a large subtrahend, consider placing the division before the subtraction. Based on the above considerations, the operators can be arranged in the expression to obtain: 10×10+10−10÷10=109. Therefore, the answer is: B and D.

To achieve the maximum value of the expression, consider how to reasonably distribute the operators. Since each operator can only be used once, a combination needs to be found such that the addend is maximized and the subtrahend is minimized. Based on this, specific calculations can verify whether this combination provides the maximum result."	2023	primary	easy
1010	"A theater has 33 rows of seats, with each row having 3 more seats than the previous one, and the last row has 135 seats. How many seats are there in total in the theater?  
A. 2784 B. 2871 C. 2820 D. 2697"	multiple_answer_choice	B	Arithmetic sequence	"Solution: 135 - (33 - 1) × 3  
= 135 - 96  
= 39 (seats)  
33 × (39 + 135) ÷ 2  
= 33 × 174 ÷ 2  
= 33 × 87  
= 2871 (seats)  
Therefore, the answer is: 2871.  

Analysis: Each row in the sequence has 3 more seats than the previous one, and the last row has 135 seats. Thus, the first row has 135 - (33 - 1) × 3 seats. We can then use the arithmetic series sum formula to calculate."	2023	primary	medium
1008	"Among the following fractions, the one with the largest fractional unit is (    ).  
A. \(\frac{5}{8}\) B. \(\frac{4}{5}\) C. \(\frac{1}{3}\) D. \(\frac{1}{2}\)"	multiple_answer_choice	D	Understanding and Judging Fraction Units###Comparison of Molecule Fractions	"[Solution] Solution: A. The fractional unit of \(\frac{5}{8}\) is \(\frac{1}{8}\); B. The fractional unit of \(\frac{4}{5}\) is \(\frac{1}{5}\); C. The fractional unit of \(\frac{1}{3}\) is \(\frac{1}{3}\); D. The fractional unit of \(\frac{1}{2}\) is \(\frac{1}{2}\); \(\frac{1}{8}\) < \(\frac{1}{5}\) < \(\frac{1}{3}\) < \(\frac{1}{2}\), The largest fractional unit is \(\frac{1}{2}\). Therefore, the answer is: D. [Analysis] A fractional unit is the number representing one part out of a division of the whole ""1"" into equal parts; if the numerator is 1, the"	2024	primary	medium
4412	"A number that is both a multiple of 8 and a factor of 24 could be (    ).
A. 4  B. 8  C. 16  D. 24"	multiple_answer_choice	B,D	Characteristics and Methods of Finding Factors###The characteristics and methods of finding multiples	"【Answer】 Solution: Option A, 4 is not a multiple of 8, which is incorrect.  
Option B, 8 is a multiple of 8 and a factor of 24, which is correct.  
Option C, 16 is a multiple of 8 but not a factor of 24, which is incorrect.  
Option D, 24 is a multiple of 8 and also a factor of 24, which is correct.  
Thus, the answers are: B, D.

【Analysis】 A factor, also known as a divisor, is a mathematical term. Definition: If the quotient of integer a divided by integer b (b≠0) is exactly an integer without any remainder, then b is a factor of a. 0 is not a factor of 0.  
A multiple is an integer that can be divided exactly by another integer, making it a multiple of that integer. For example, 15 can be divided by 3 or"	2020	primary	easy
4263	"Both addends are 10, what is the sum? The correct operation is (　　)  
A. 10 + 10 = 20  
B. 10 - 2 = 8  
C. 10 × 2 = 20  
D. 2 + 10 = 12"	multiple_answer_choice	A, C	Multiplication Table of 2 and Its Applications	nan	others	primary	easy
4934	"Which of the following statements are correct (     )?
A. In decimal division, the decimal part of the dividend and the decimal part of the quotient may have different numbers of decimal places.
B. 0.25 ÷ 0.15 = 1.6...1
C. Decimals are divided into finite decimals and infinite decimals.
D. 17.5 ÷ 2.5 × 4 = 17.5 ÷ (2.5 × 4) = 1.75"	multiple_answer_choice	A, C	Mixed operations of decimals###Understanding repeating decimals###Understanding and Distinguishing Finite Decimals and Infinite Decimals	"Answer: 

A: According to division where there is still a remainder at the end of the dividend, the decimal part of the dividend and the quotient may have different digits. Therefore, the original statement is correct.

B: 0.25 - 0.15 × 1.6 = 0.01, which makes the original statement incorrect.

C: Decimals are divided into terminating and non-terminating decimals. The original statement is correct.

D: 17.5 ÷ 2.5 × 4 = 28, while 17.5 ÷ (2.5 × 4) = 1.75. Thus, the results of the two expressions are not equal, making the original statement incorrect.

Therefore, the answers are: A; C.

Analysis: 

A: The decimal part of the dividend and the quotient may have different digit lengths.

B: In integer division with a remainder, if both the dividend and divisor are scaled up or"	others	primary	easy
629	"The fare standard for a certain taxi is as follows: the starting fare is 3 yuan (meaning if the distance traveled does not exceed 2 kilometers, a fare of 3 yuan is required). Beyond 2 kilometers, for each additional kilometer, an extra 0.9 yuan is charged (distances less than 1 kilometer are rounded up to 1 kilometer). A person took this taxi from point A to point B and paid a total fare of 12 yuan. The maximum distance from point A to point B is (   ) kilometers.  
A. 10  B. 11  C. 12  D. 13"	multiple_answer_choice	C	Tiered Pricing Problem	"Solution: 12 - 3 = 9 (yuan)  
9 ÷ 0.9 = 10 (kilometers)  
2 + 10 = 12 (kilometers)  
Therefore, the answer is: C.  
Analysis: First, calculate the amount paid for the distance exceeding 2 kilometers, then find the distance traveled beyond 2 kilometers, and the sum gives the maximum value. 

II. True or False Questions"	2023	primary	medium
1092	"180×4÷5 can solve the following (   ) problem.

A. A toy factory processed 180 toy cars in 4 days. At this rate, how many can be made in 5 days?
B. Entering a manuscript using a computer, 180 characters are entered per minute on average. The task can be completed in 5 minutes. If you want to finish in 4 minutes, how many characters need to be entered per minute on average?
C. Naughty bought 4 sets of books, with 5 books in each set, totaling 180 yuan. How much is each book?
D. Students are performing gymnastics, forming 4 columns with 180 people in each. If reorganized into 5 columns, how many people are in each column?"	multiple_answer_choice	D	Normalization problem###Summary issue	"Solution:   
Option A: \(140 \div 4 \times 5\);  
Option B: \(180 \times 5 \div 4\);  
Option C: \(180 \div 4 \div 5\);  
Option D: \(180 \times 4 \div 5\).  
Therefore, the answer is: D.  

Analysis:  
Option A: Number of units completed in 5 days = number of units completed in 4 days \(\div 4 \times 5\);  
Option B: If it needs to be recorded in 4 minutes, the average number of words per minute = original average number of words per minute \(\times\) original time \(\div\) current time;  
Option C: Price per book = total price \(\div\) number of sets bought \(\div\) average number of books per set;  
Option D: If arranged in 5 columns, the number of"	2024	primary	medium
1544	"The land area of Wuhan is approximately 8569 (      ).  
A. hectares B. square meters C. mu D. square kilometers"	multiple_answer_choice	D	Understanding and Use of Hectares and Square Kilometers###Choice of unit of area	[Solution] Explanation: Wuhan's area is approximately 8569 square kilometers. Therefore, the answer is: D. [Analysis] Fill in the blanks based on real-life experience and specific data in the question.	2024	primary	easy
