index	question	category	answer	knowledge	analysis	year	grade_level	difficulty_level
411	Biomacromolecules have \_\_\_ as their backbone, and their basic units are known as \_\_\_. The basic unit of polysaccharides is \_\_\_, the basic unit of proteins is \_\_\_, and the basic unit of nucleic acids is \_\_\_.	fill_in_the_blank	Carbon chain; monomer; glucose; amino acid; nucleotide	Biomacromolecules have carbon chains as their backbone.	"**Answer**: Biological macromolecules have carbon chains as their backbone, so carbon is the most fundamental element. The basic unit of polysaccharides is glucose, proteins are composed of amino acids, and nucleic acids are composed of nucleotides. Therefore, the answer is: carbon chain, monomer, glucose, amino acids, nucleotides.

**Analysis**: The basic unit of polysaccharides is glucose, proteins are composed of amino acids, and nucleic acids are composed of nucleotides. A monomer is a general term for small molecules that can polymerize with the same or different molecules; it is a simple compound capable of forming high-molecular compounds through polymerization or condensation reactions; it is a low-molecular raw material used in the synthesis of polymers. Biological macromolecules such as polysaccharides (starch, glycogen, and cellulose), proteins, and nucleic acids are all formed by connecting many monomers, hence they are referred to as polymers"	others	high	easy
3172	The nucleus is the repository of ( ) and the control center of the ( ).	fill_in_the_blank	genetic information; cell	Functions of the Cell Nucleus	"**Answer:** The chromatin in the cell nucleus is composed of DNA and proteins. DNA is the carrier of genetic information, which is passed from parent cells to daughter cells during cell division, ensuring consistency in genetic traits between parents and offspring. Genetic information acts like a ""blueprint"" for cellular activities, guiding the cell in substance synthesis, energy conversion, and information exchange, thus facilitating growth, development, aging, and apoptosis. Because this ""blueprint"" is stored in the nucleus, the nucleus has the ability to control cellular metabolism. Therefore, the nucleus is a repository of genetic information and the control center for cell metabolism and heredity.

**Analysis:** The nucleus is a repository of genetic information and the control center for cell metabolism and heredity. The nucleus's ability to control cell metabolism and heredity is inseparable from its structure, with specific structures and their corresponding functions as follows:
1. Nuclear membrane: A double-layered membrane that separates the nuclear contents from the cytoplasm, allowing"	others	high	easy
754	Insulin has the effect of lowering blood sugar. In daily life, diabetic patients can only supplement insulin through injections to lower blood sugar. The main principle is briefly described as ( ).	fill_in_the_blank	The nature of insulin is protein, and if taken orally, it will be broken down by digestive enzymes in the gastrointestinal tract, thus losing its efficacy.	Integration of protein structure and function	Insulin has the function of lowering blood sugar. In daily life, diabetic patients can only supplement insulin through injections to reduce blood sugar. The main principle is that insulin is essentially a protein, and if taken orally, it would be broken down by digestive enzymes in the digestive tract, losing its efficacy. Analysis: Insulin is a protein, and if taken orally, digestive enzymes in the digestive tract would break it down, destroying the spatial structure of the protein and thus losing its efficacy. Therefore, in daily life, diabetic patients can only lower their blood sugar by injecting insulin.	others	high	easy
4054	Individuals with different genetic compositions are called \_\_\_.	fill_in_the_blank	Heterozygote	Traits of organisms, relative traits, and the dominance or recessiveness of traits.	"[Answer] Individuals with different genetic factors are called heterozygotes. Therefore, the answer is: heterozygotes.

[Analysis] A homozygote is an individual with the same alleles at a given locus, meaning the genetic composition is the same, such as AA or aa. Offspring from mating between identical homozygotes will not show trait segregation. A heterozygote is an individual with different alleles at the same locus, such as Aa. Offspring from mating between heterozygotes will show trait segregation."	others	high	easy
396	Cellular respiration refers to the process where organic substances undergo a series of \ul{　 　} within the cell to produce carbon dioxide or other products, releasing energy and generating ATP.	fill_in_the_blank	Oxidative decomposition	The concepts, methods, and significance of cellular respiration	"[Answer] Cellular respiration refers to the process where organic substances are oxidatively decomposed within the cell, producing carbon dioxide or other products, releasing energy, and generating ATP. Therefore, the answer is: oxidative decomposition.

[Analysis] Aerobic respiration: Under the involvement of oxygen, cells use various enzymes to fully oxidatively decompose organic substances like glucose, producing carbon dioxide and water, releasing energy, and generating a large amount of ATP. Anaerobic respiration: In the absence of oxygen, cells use various enzymes to incompletely oxidatively decompose organic substances like glucose, producing ethanol and carbon dioxide or lactic acid, releasing a small amount of energy and generating a small amount of ATP."	2024	high	easy
972	Transporting from one side to the other requires assistance from certain elements and also consumes energy released by certain processes. This method is called active transport. It moves substances from ( ) to ( ) using ( ) and requires energy from ( ).	fill_in_the_blank	low concentration; high concentration; carrier protein; intracellular chemical reaction	Comparison of Three Types of Transmembrane Transport	"[Solution] Explanation: Transporting from a region of low concentration to a region of high concentration requires the assistance of a carrier and also consumes energy released from cellular respiration. This method is known as active transport. Therefore, the answer is: low concentration, high concentration, carrier protein, chemical reaction inside the cell.

[Analysis] The differences between simple diffusion, facilitated diffusion, and active transport are as follows:

\[
\begin{array}{lccc}
\text{} & \text{Simple Diffusion} & \text{Facilitated Diffusion} & \text{Active Transport} \\
\hline
\text{Transport Direction} & \text{Down the concentration gradient} & \text{Down the concentration gradient} & \text{Against the concentration gradient} \\
\text{} & \text{High concentration→Low concentration} & \text{High concentration→Low concentration} & \text{Low concentration→High concentration} \\
\text{Carrier"	others	high	easy
2127	"How to compare the durations of different phases in the cell cycle?  
The larger the proportion of cells counted in a certain period to the ( ), the longer the duration of that ( )."	fill_in_the_blank	total number of cells; period	Cell cycle	"Answer: The duration of each phase = cell cycle x the proportion of cells in each phase to the total number of counted cells. The larger the proportion of cells in a certain phase, the longer the duration of that phase.

Analysis: The number of cells is positively correlated with the duration of their respective division phases. Therefore, by counting the number of cells in different phases, we can compare the length of time for different phases of the cell cycle."	others	high	easy
3170	The significance of cell autophagy: ① Acquiring \ul{   } through cell autophagy; ② Clearing \ul{   } through cell autophagy, thereby maintaining the stability of the internal cellular environment.	fill_in_the_blank	The substances and energy necessary for sustaining life; damaged or aging organelles, as well as infecting microorganisms and toxins.	Cellular autophagy	Cells under nutrient-deficient conditions can obtain the substances and energy needed for survival through autophagy. When cells are damaged, invaded by microbes, or aging, autophagy helps clear damaged or aging organelles, as well as infected microbes and toxins, thus maintaining stability of the cell's internal environment. Intense autophagy may induce apoptosis. Therefore, the answer is: substances and energy needed for survival; damaged or aging organelles, and infected microbes and toxins. Analysis: Under certain conditions, cells degrade and recycle damaged or functionally degraded cellular structures through lysosomes, which is autophagy.	others	high	easy
910	"Please answer the following questions related to the extraction of essential oils in the laboratory:  
(1) Methods for extracting essential oils from plants include pressing, ( ) and ( ).  
(2) Oranges contain essential oils and can usually use ( ) as a material to extract essential oils. Fresh materials are often selected for extraction because ( ).  
(3) The general method for extracting orange peel essential oil is the ( ) method. The orange peel is soaked in ( ) for more than 10 hours and must be thoroughly soaked to achieve a high oil yield.  
(4) The steam distillation method is not used for extracting orange peel essential oil because steam distillation can cause issues such as ( ) and the degradation of active ingredients ( ).  
(5) After pressing the material, a pasty liquid is obtained. To remove solids and obtain an emulsion, the method used is ( )."	fill_in_the_blank	Distillation; extraction; orange peel; high content of essential oil; pressing; limewater; burnt smell; hydrolysis; filtration	Extraction of essential oils	Answer: (1) Based on the characteristics of plant materials, methods for extracting plant essential oils include distillation, pressing, and extraction. (2) Orange peel essential oil is mainly stored in the peel, so it can be extracted from the peel. The fresher the peel, the higher the content of essential oil; therefore, fresh orange peel should be used for extraction. (3) Since some active components of orange peel essential oil hydrolyze during steam distillation and cause raw material charring using water distillation, the pressing method is generally used. To improve the oil yield, it is necessary to dry the citrus peel and soak it in lime water for over 10 hours. (4) Steam distillation may result in material charring and hydrolysis of active components. (5) After pressing, a paste-like liquid is obtained, which needs to be filtered to remove solids, resulting in an emulsion. (6) The emulsion is a mixture of water and essential oil	others	high	medium
254	"A and B are two diploid medicinal plants with the same number of chromosomes. A contains active ingredient A, and B contains active ingredient B. A research team plans to cultivate a new type of medicinal plant containing both A and B. Answer the following questions:

(1) To cultivate this new medicinal plant, take leaves from A and B, and first use ( ) and ( ) to remove the cell wall, obtaining viable ( ). Then use a chemical inducer to induce their fusion. The resulting fusion cells are further cultured to form ( ), and then through ( ) form a complete hybrid plant. This cultivation technique is called ( ).

(2) This hybrid plant can be mass propagated by producing artificial seeds. Material such as ( ) obtained through plant tissue culture, when packaged in artificial film, can result in artificial seeds."	fill_in_the_blank	cellulase; pectinase; protoplasts; callus; redifferentiation; protoplast fusion; somatic embryos	Preparation of Artificial Seeds	"[Answer] (1) To cultivate new medicinal plants, plant cell fusion technology can be used. This involves taking the leaves of plant A and plant B and treating them with enzyme methods (cellulase and pectinase) to obtain viable protoplasts, which are then induced to fuse using chemical inducers (such as polyethylene glycol) to form hybrid cells. Cultivating these hybrid cells into hybrid plants requires plant tissue culture technology, where they first dedifferentiate to form callus, then redifferentiate into embryoids, and finally grow into complete plants.

(2) The production of artificial seeds is not restricted by factors such as climate, season, and location, and it also prevents the segregation of traits in the offspring. Therefore, one of the important applications of plant cell engineering is the preparation of artificial seeds, utilizing plant tissue culture technology. Materials such as embryoids, adventitious shoots, apical buds, and axillary buds obtained through plant tissue culture are packaged in"	others	high	medium
3640	Meiotic division and fertilization are very important for maintaining the constant number of chromosomes in ( ) and for ( ).	fill_in_the_blank	somatic cells of successive generations; genetics and variation	The reason for the stability of chromosome numbers between parent and offspring organisms.	Answer: For organisms that undergo sexual reproduction, meiosis and fertilization are crucial for maintaining a consistent number of chromosomes in the somatic cells of successive generations and are important for inheritance and variation. Analysis: Meiosis is the process in which sexually reproducing organisms undergo cell division to form mature gametes, where chromosomes are duplicated once and the cell divides twice in succession. As a result, the number of chromosomes in mature gametes is halved compared to the original germ cells. Through fertilization, the number of chromosomes in the zygote is restored to that of the somatic cells.	others	high	easy
412	AIDS is caused by \ul{　 　}, primarily damages the human \ul{　 　}, leading to \ul{　 　}, making it easy to be infected by other pathogens and result in death.	fill_in_the_blank	HIV virus; T lymphocytes; loss of immune function	The Spread and Prevention of AIDS	"[Answer] Solution: AIDS is caused by the HIV virus, primarily damaging the body's T lymphocytes, resulting in the loss of immune function, making the person susceptible to infections by other pathogens and leading to death. Therefore, the answer is: HIV virus, T lymphocytes, loss of immune function.

[Analysis] This question primarily examines the mechanism and transmission pathways of AIDS. 1. The full name of AIDS is Acquired Immunodeficiency Syndrome, a serious infectious disease caused by the Human Immunodeficiency Virus (HIV). HIV invades the human body, primarily targeting T lymphocytes. The virus can reverse transcribe into viral DNA within host cells and integrate into their chromosomal DNA, replicating alongside the host cell's chromosomes and evading detection by the body's immune system. Massive death of T lymphocytes leads to severe immune deficiencies in the patient, allowing various pathogens to invade. 2. HIV is present in the blood, semen, saliva, tears, urine, and breast"	others	high	easy
2205	"Analyze the data related to scientific inquiry and answer the questions.

The body's immune system is very sensitive to nuclear radiation damage, mainly manifested in the fact that nuclear radiation can induce apoptosis in immune cells. Human interleukin 18 (IL-18) can promote the proliferation and differentiation of immune cells and enhance the body's immune function. A research team conducted a study on ""The inhibitory effect of IL-18 on radiation-induced apoptosis in mouse spleen cells"" with the following methods:

Several experimental mice were selected and randomly divided into three groups:
Group ①: No radiation damage;
Group ②: Radiation damage (\textsuperscript{6}Co irradiation, the same below);
Group ③: Radiation damage followed by IL-18 injection one day later. After 14 days, spleen cells from each group of mice were cultured in vitro, and apoptosis was tested at 0h, 12h, 24h, and 48h. The relative values of apoptosis obtained are"	fill_in_the_blank	Immunity; few; ②③; Comparison of the effects of IL-18 injection before and after nuclear radiation on inhibiting spleen cell apoptosis; Mutagenesis (radiation); Increase mutation frequency, accelerate the breeding process; Mutation is non-directional, largely blind; Few excellent mutation types (provide any two points)	Factors inducing gene mutations	"[Answer] (1) The immune organs of an animal body include bone marrow, thymus, lymph nodes, spleen, etc.; (2) Apoptosis is a gene-determined process where a cell autonomously ends its life, under strict programmed regulation by a genetic mechanism, often referred to as ""programmed cell death."" Based on single variable analysis: The single variable for groups ② and ③ is the presence or absence of IL18; for groups ① and ②, it is the presence or absence of radiation damage. Combining variables and experimental results, the smaller the relative value of apoptosis, the fewer splenocytes undergo apoptosis; from groups ② and ③, it can be seen that IL18 can inhibit splenocyte apoptosis. (3) The single variable for groups ③ and ④ is the different timing of IL18 injection; thus, the purpose of setting up group ④ is to compare the effect of injecting IL18 before and after nuclear"	others	high	medium
2010	Biodiversity includes the three levels of genetic diversity, \_\_\_, and \_\_\_.	fill_in_the_blank	Species diversity; ecosystem diversity	Biodiversity	Answer: Solution: Biodiversity includes the contents of genetic diversity, species diversity, and ecosystem diversity at three levels. Therefore, the answer is: species diversity, ecosystem diversity. Analysis: Biodiversity refers to all plants, animals, and microorganisms within the biosphere, along with all their genes and various ecosystems, collectively constituting biodiversity. Biodiversity includes genetic diversity, species diversity, and ecosystem diversity.	others	high	easy
747	Based on differences in aspects such as ( ) and ( ) of the community, terrestrial communities can be roughly divided into desert, grassland, forest, etc.	fill_in_the_blank	Appearance; species composition	Main types of communities	"[Answer] When observing a community, the first thing noticed is its appearance. Based on differences in appearance and species composition, terrestrial communities can be roughly categorized into types such as desert, grassland, and forest. Species composition is a key feature that distinguishes different communities and is also the most important factor determining the nature of a community.

[Analysis] A community refers to the assemblage of various organisms living in a specific natural area that have direct or indirect relationships with each other. The classification of community types can be natural or artificial. Based on differences in appearance and species composition, terrestrial communities can be roughly categorized into types such as desert, grassland, and forest."	others	high	easy
977	The safety of genetically modified food mainly refers to the public's concern that genetically modified organisms might produce \_\_\_\_.	fill_in_the_blank	Toxic protein (allergen protein)	The safety issues of genetically modified organisms	[Answer] Solution: The safety of genetically modified (GM) foods mainly concerns the public's worry that GM organisms might produce toxic or allergenic proteins. Therefore, the answer is: toxic proteins (allergenic proteins). [Analysis] The safety issues of GM organisms include: food safety (delayed effects, allergens, changes in nutritional content), biological safety (impact on biodiversity), and environmental safety (impact on ecosystem stability). The correct approach to the advantages and disadvantages of GM technology is to maximize benefits while minimizing harm, avoiding overreactions.	2017	high	easy
1158	In the cytoplasm, there is also a colloidal state \ul{    }, organelles are distributed within the \ul{    }, and the method for separating organelles is \ul{    }.	fill_in_the_blank	Cytoplasmic matrix; cytoplasmic matrix; differential centrifugation technique	Other Organelles and Separation Methods###Cytosol	"[Answer] The cytoplasmic matrix is in a gel-like state, and organelles are distributed within it. Organelles are separated using the differential centrifugation method.

[Analysis] 1. Cytoplasm consists of the cytoplasmic matrix and organelles. The cytoplasmic matrix is transparent and gelatinous, containing water, inorganic salts, lipids, carbohydrates, amino acids, nucleotides, and various enzymes. It is the main site of cellular metabolism. The cytoplasmic matrix is not stationary in living cells but is in motion.

2. Differential centrifugation primarily involves separating particles of different sizes by gradually increasing the centrifuge speed. For example, when separating organelles in cells, the cell membrane is disrupted to form a homogenate comprising various organelles and other substances in the cell. This homogenate is placed in a centrifuge tube, and by gradually increasing the centrifuge speed, organelles of different sizes are separated. Initially, the centrifuge speed is low"	others	high	easy
1161	"The ""rice-fish co-culture system"" is a form of sustainable ecological agriculture. From the perspective of reducing environmental pollution, the significance of raising fish in paddy fields is ( ) and ( )."	fill_in_the_blank	Fish prey on agricultural pests, reducing the use of chemical pesticides; fish excrement provides organic fertilizer for rice fields, reducing the use of chemical fertilizers.	Ecological Agriculture Engineering###Material cycling in ecosystems	nan	others	high	easy
3750	"The apoptotic inhibitory protein is associated with the occurrence and development of tumors. Scientists used nude mice that are congenitally athymic to investigate the inhibitory effects of the antisense deoxynucleotide chain of the apoptotic inhibitory protein gene on intestinal cancer tumors. Please analyze and answer the following questions.

(1) The artificially synthesized partial sequence 5′GGCAAC...ACCCAT3′ of the antisense deoxynucleotide chain can pair and bind with the ( ) of the apoptotic inhibitory protein gene, causing a change in its molecular conformation and preventing it from binding with ( ), thus inhibiting translation. Please write out a partial sequence of the apoptotic inhibitory protein gene: 5′( )3′. Additionally, the artificially synthesized sequence should not be identical to the base sequences of other human genes to avoid ( )."	fill_in_the_blank	mRNA; ribosome; TGGGT...GTTGCC; interference with the expression of other human genes	Prevention and Treatment of Cancer	"Answer: (1) The direct template for translation is mRNA, so the artificially synthesized antisense deoxynucleotide chain binds to mRNA, causing a change in its conformation, preventing it from binding to the ribosome, thus inhibiting translation. Using the antisense deoxynucleotide chain, the base sequence in the mRNA transcribed from the apoptosis inhibitor protein gene can be deduced, and from this, the base sequence in the apoptosis inhibitor protein gene can be determined. Therefore, a part of the sequence of the apoptosis inhibitor protein gene is as shown in the figure: <image>. If the artificially synthesized sequence is not identical to the base sequence of other human genes, it will interfere with the expression of other human genes.

(2) The purpose of this experiment is to ""investigate the inhibitory effect of the antisense deoxynucleotide chain of the apoptosis inhibitor protein gene on intestinal cancer tumors."" The independent variable is the presence or absence of the antisense deox"	others	high	medium
3876	"Answer the questions related to carotene:

(1) The main carotene found in carrots is ( ) (fill in ""α-carotene,"" ""β-carotene,"" or ""γ-carotene""), which can be converted to two molecules of vitamin A in the human body, and can therefore be used to treat ( ), ( ), xerosis, etc.

(2) There are three main methods to extract natural carotene: one is extraction from plants, the second is obtaining it from cultured algae, and the third is ( ). Carotene is a ( ) (fill in ""volatile"" or ""non-volatile"") substance.

(3) The process of extracting carotene from carrots is: carrot → ( ) → drying → ( ) → filtering → ( ) → carotene."	fill_in_the_blank	β-carotene; night blindness; poor growth and development in children; production through microbial fermentation; non-volatile; crushing; extraction; concentration	Extraction of Carotene	"Answer:

(1) The primary carotenoid found in carrots is β-carotene, which can be converted into two molecules of vitamin A in the human body. As such, it can be used to treat conditions like night blindness, stunted growth in children, and xeroderma.

(2) There are three main methods for extracting natural carotenoids: extracting from plants, obtaining from farmed algae, and producing through microbial fermentation. Carotenoids are non-volatile substances.

(3) The process for extracting carotenoids using carrots as the raw material is as follows: Carrot → Crushing → Drying → Extraction → Filtration → Concentration → Carotenoids.

(4) Among the three organic solvents, diethyl ether, carbon tetrachloride, and petroleum ether, petroleum ether should be used to extract carotenoids. Diethyl ether is not selected due to its low boiling point, and carbon tetrachloride is not chosen because of its toxicity"	others	high	medium
2352	"Answer the following questions related to ecological engineering:

(1) Generally speaking, the primary tasks of ecological engineering are to restore \_\_\_ , improve production methods that cause environmental pollution and destruction, and enhance the productivity of ecosystems. Compared to traditional engineering, ecological engineering features low consumption, high benefits, and \_\_\_ .

(2) The basic principles followed by ecological engineering include material recycling and regeneration, coordination and balance, \_\_\_ , \_\_\_, and species diversity. Using human and animal waste for crop production mainly complies with the principle of \_\_\_ ; continuous planting of a single variety causing increased pest infestations mainly violates the principle of \_\_\_ .

(3) In wetland ecological restoration projects, buffer zones should be established around the wetland to minimize \_\_\_, allowing the wetland to restore its ecological functions through mechanisms like natural succession.

(4) The ""pig-biogas-fruit"" model is a common ecological agriculture model in China,"	fill_in_the_blank	Damaged ecological environment (or degraded ecosystems); sustainability; integrity; principles of systems science and engineering; material recycling and regeneration; species diversity; human interference; community; multi-level utilization (multi-path utilization)	The concept and objectives of ecological engineering	"Answer:  
(1) Generally, the main tasks of ecological engineering are to restore damaged ecological environments (or impaired ecosystems), improve production methods that cause environmental pollution and destruction, and enhance ecosystem productivity. Compared with traditional engineering, ecological engineering features low consumption, high efficiency, and sustainability.  
(2) The basic principles followed by ecological engineering include material recycling and regeneration, coordination and balance, holism, system theory, engineering principles, and biodiversity. Using human and animal waste in crop production mainly aligns with the principle of material recycling and regeneration; planting a single crop year after year, which increases pests and diseases, mainly violates the principle of biodiversity.  
(3) In wetland ecological restoration projects, buffer zones should be established around wetlands to minimize human interference, allowing wetlands to restore their ecological functions through natural succession and other mechanisms.  
(4) ""Pig-Biogas-Fruit"" is a common ecological agriculture model in China, where biogas serves as a link to promote the joint development"	others	high	medium
2123	"Intracellular macromolecules have important functions. Please refer to the table content to complete the table below.

| Chinese Name  | Starch   | Fat     | (4)          | Protein |
|---------------|----------|---------|--------------|---------|
| Element Composition | C, H, O  | (3)          | C, H, O, N.P  | C, H, O, N, etc. |
| Basic Unit    | (1)      | Glycerol, Fatty Acids | (5)          | Amino Acids |
| Function      | (2)      | Excellent intracellular energy storage | Stores genetic information | Transport function |
| Functional Example | During seed germination, hydrolyzed into glucose for energy through oxidation | Decomposition of one gram of fat in cells releases 39KJ of energy | DNA in the nucleoid of bacteria stores information controlling major bacterial traits | (6) |"	fill_in_the_blank	Glucose; energy storage substance in plant cells; (C, H, O); deoxyribonucleic acid; deoxynucleotide; hemoglobin can transport oxygen	Comprehensive Molecular Composition of Cells	nan	2023	high	easy
2912	If neither test tube A nor B exhibits the aforementioned phenomenon, it indicates that Xiao Li has neither ( ) nor ( ).	fill_in_the_blank	diabetes; nephritis	Detection of Urine Sugar	[Answer] (1) Reducing sugars can react with Fehling's reagent to produce a brick-red precipitate; proteins can react with Biuret reagent to produce a purple reaction. (2) ② requires a water bath for heating, indicating that Fehling's reagent is added, with Fehling's solution A and Fehling's solution B used together; ③ involves adding Biuret reagent, first adding 1 mL of Biuret reagent A, shaking, then adding a few drops of Biuret reagent B, and mixing well. (3) If a brick-red precipitate appears in test tube A, it can prove the presence of glucose in urine, which may indicate diabetes; if a purple color appears in test tube B, it can prove the presence of protein in urine, which may indicate nephritis. [Analysis] Methods for detecting biological macromolecules: proteins react with Biuret reagent to produce a purple reaction; starch turns blue with iodine; reducing	others	high	medium
3528	"Answer the following questions:  
(1) Microorganisms that decompose cellulose in straw can secrete cellulase, which is a complex enzyme composed of three components. The glucosidase in it can decompose ( ) into ( ).  
(2) Fruit vinegar production is often carried out on the basis of fruit wine production, with the related reaction equation being: ( )."	fill_in_the_blank	Cellulose; Glucose; C₂H₅OH + O₂ → CH₃COOH + H₂O + Energy	General Principles and Methods for Enzyme Activity Assay	[Answer] (1) The cellulase produced by microorganisms is a complex enzyme, including endoglucanase (Cx enzyme), exoglucanase (C1 enzyme), and glucosidase. The glucosidase can break down cellobiose into glucose. (2) The making of fruit vinegar is often based on the production of fruit wine, with the related reaction formula: C\textsubscript{2}H\textsubscript{5}OH + O\textsubscript{2} → CH\textsubscript{3}COOH + H\textsubscript{2}O + energy. Therefore, the answers are: (1) Cellobiose; Glucose (2) C\textsubscript{2}H\textsubscript{5}OH + O\textsubscript{2} → CH\textsubscript{3}COOH + H\textsubscript{2}O + energy [Analysis	others	high	medium
3634	"Proteins are important substances that make up cells. Please answer the following questions:  
(1) The basic unit of proteins is \ul{     } with a structural formula of \ul{     }. The main site for protein synthesis in cells is \ul{     }.  
(2) The diversity of protein molecular structures determines the diversity of \ul{     }. The fundamental reason for protein diversity is that the \ul{     } molecules guiding protein synthesis have diversity."	fill_in_the_blank	Amino acid; <image>; ribosome; function; DNA	Molecular structure characteristics and general formula of amino acids	"Answer:

(1) Amino acids are the basic building blocks of proteins; the general structural formula for the amino acids that make up proteins is <image>; ribosomes are the machinery for protein synthesis.

(2) The diversity of protein molecular structures determines the diversity of protein functions. Since proteins are synthesized under the control of DNA through transcription and translation, the fundamental reason for protein diversity is the diversity of DNA molecules.

Therefore, the answer is: 

(1) Amino acids <image> ribosome

(2) Function DNA

Analysis: Proteins are polymers formed by the polymerization of amino acids. The amino acids that make up proteins contain at least one amino group and one carboxyl group, both attached to the same carbon atom, and the structural formula is: <image>. Amino acids form peptide chains through dehydration condensation reactions, and these chains fold into proteins with specific spatial structures. The site of the amino acids' dehydration condensation reaction is the ribosome. Due to"	others	high	easy
4946	"(1) To introduce the Oct-4 gene into differentiated somatic cells, ( ) can be used as a vector.  
(2) The fundamental reason why iPS cells have pluripotency is that they possess the complete ( ) of this species; selective gene ( ); avoiding immune rejection ( ). 
The expression of Oct-4 decreases or ( ) as tissue cells differentiate."	fill_in_the_blank	Animal virus; genetic information; expression; reaction; disappears	The concept and types of stem cells	"Answer: 

(1) To introduce the target gene (Oct-4) into differentiated somatic cells, animal viruses can be used as vectors, leveraging their ability to infect cells.  
(2) The reason cells are totipotent is that they possess the complete set of genetic information of the species. The essence of cell differentiation is selective gene expression.  
(3) Using a patient's iPS cells to repair their damaged organs is considered autologous transplantation, which does not cause an immune rejection response.  
(4) Compared to the embryonic stem cells of the experimental mouse ""Xiaoxiao"", its cardiac muscle cells have already undergone high degrees of differentiation, and the expression level of Oct-4 has decreased. 

Analysis: iPS cells, also known as induced pluripotent stem cells, are cells resembling embryonic stem cells that are obtained by introducing genes such as Oct-4 into differentiated somatic cells. These cells are totipotent and can differentiate into various types"	others	high	medium
