index	question	category	A	B	C	D	answer	knowledge	analysis	year	grade_level	difficulty_level
4268	Isotope labeling is a common biological experimental method. The following statements are correct:	single_answer_choice	Use \textsuperscript{35}S and \textsuperscript{32}P to label T2 phage's protein and DNA, respectively, to explore the nature of genetic material	Use \textsuperscript{15}N to label DNA and prove the replication method of DNA molecules by measuring radioactivity.	Use \textsuperscript{35}S and \textsuperscript{32}P to label T2 phage's protein and DNA, respectively, to explore the nature of genetic material.	Use \textsuperscript{3}H to label leucine to trace the synthesis and secretion pathway of DNA polymerase in cells.	B	Coordination between organelles###The History of the Discovery of Photosynthesis###Bacteriophage Infection Experiment	nan	2024	high	easy
1085	Research shows that eating grapes can increase the diversity of gut microbiota, including Akkermansia. Researchers have found that Akkermansia has a positive effect on human glucose and lipid metabolism, as it can break down glucose and cholesterol, enhance intestinal wall function, and lower cholesterol levels in the blood, thereby preventing heart attacks. The following statement is incorrect (     )	single_answer_choice	The main difference between Akkermansia and human cell structure is the absence of a nucleus bounded by a nuclear membrane.	The medium for cultivating Akkermansia includes basic components such as carbon source, nitrogen source, water, and inorganic salts, and should be cultured under strictly sterile and aerobic conditions.	Before inoculation, several sterilized blank plates should be randomly selected and cultured under the same conditions for a period to check if the sterilization of the medium is adequate.	During the purification of Akkermansia using the dilution plating method, if colony aggregation occurs, a possible reason is uneven	B	The similarities and differences in the morphology and structure of prokaryotic and eukaryotic cells###Isolation and Cultivation of Microorganisms###Components and Functions of Culture Medium	nan	2024	high	easy
4844	The correct statement about the cell membrane is:	single_answer_choice	The cell membrane is mainly composed of lipids and proteins, with the highest content of proteins.	The more complex the function of the cell membrane, the greater the variety and quantity of proteins.	Both phospholipids and proteins on the cell membrane can move, giving the cell membrane fluidity.	Carbohydrate molecules on the cell membrane surface can only bind with proteins.	B	Components of the cell membrane###Fluid mosaic model of the cell membrane	nan	2024	high	easy
4279	The components and structure of biofilms are very similar, and they are closely linked in structure and function. The following statement is incorrect (　  ):	single_answer_choice	Bacteria do not have nuclear membranes and organelle membranes differentiated based on biofilms.	In biofilms, the area of the endoplasmic reticulum is the largest, accounting for about half of the entire cell biofilm.	Biofilms are the attachment sites for all enzymes; organisms without biofilms cannot carry out various metabolic activities.	The Golgi apparatus is the transportation hub for substances and can connect with the endoplasmic reticulum and cell membrane through vesicles.	C	The similarities and differences in the morphology and structure of prokaryotic and eukaryotic cells###Coordination between organelles###Biomembrane system of the cell	nan	2024	high	easy
928	The correct statements about adenosine triphosphate (ATP) are as follows: 	single_answer_choice	ATP can directly provide energy for glycerol entering the cell.	The energy required for plant cells to synthesize ATP all comes from solar energy.	ATP hydrolysis can cause the phosphorylation of carrier proteins.	The interconversion between ATP and ADP does not require enzyme catalysis.	C	The chemical composition and characteristics of ATP###The role and significance of ATP	nan	2024	high	easy
4851	To study and protect the wildlife mammal resources in a nature reserve in Northeast China, researchers used infrared-triggered camera technology to automatically capture images, obtaining data on certain wildlife mammals in the reserve, providing relevant evidence for ecological research. The following statement is incorrect: 	single_answer_choice	Compared to the mark-recapture method, using this technology for surveys causes relatively less disturbance to the life of wild mammals	Compared to the mark-recapture method, using this technology for surveys causes relatively less disturbance to the life of wild mammals.	Compared to the mark-recapture method, using this technology for surveys causes relatively less disturbance to the life of wild mammals	Investigating the species, spatial distribution, food, and predators of wild mammals belongs to the research issues at the community level.	D	Methods for Estimating Population Density###Community structure###The ecological niches of several species in the local natural community.	nan	2024	high	easy
1283	The An'guo Lake National Wetland Park in Peixian County covers a total area of 517.06 hectares. The park is divided into three main functional zones: an ecological conservation zone, a restoration and reconstruction zone, and a rational utilization zone, with artificial planting of reeds and other plants in the restoration and reconstruction zone. This park has become an important place for people's leisure and entertainment. The correct statement is ( ).	single_answer_choice	The wetland park becoming a place for leisure and entertainment reflects the direct value of biodiversity	Different plants living in different zones of the wetland park belong to the vertical structure of the community.	The wetland park becoming a place for leisure and entertainment reflects the direct value of biodiversit	The wetland park becoming a place for leisure and entertainment reflects the direct value of biodiversity.	B	Community structure###Succession of communities###The Value of Biodiversity	nan	2024	high	easy
3982	The incorrect statement about lipids is (   )	single_answer_choice	Phospholipids in lipids are one of the main components of cell membranes.	Fats can be largely converted into carbohydrates when the body is deficient in energy.	Sex hormones can promote the development of reproductive organs and the formation of reproductive cells in humans and animals.	Cholesterol is an important component of animal cell membranes and can also participate in the transport of lipids in human blood.	B	Types of Lipids and Their Functions	nan	2024	high	easy
3985	The regulation of body fluids is mainly governed by various hormones secreted by the endocrine system. Which of the following statements is correct? (     )  	single_answer_choice	 	 	 	 	C	Characteristics of Hormonal Regulation###Hormones and the endocrine system###Blood sugar balance regulation###Hierarchical regulation of hormone secretion	nan	2023	high	easy
4832	"Researchers have found that human and mouse cartilage cells are rich in the ""miR140"" molecule, a micro single-stranded RNA. Experimental mice lacking the ""miR140"" molecule have severely damaged cartilage compared to normal mice. The following statements about the ""miR140"" molecule are incorrect (    ):"	single_answer_choice	"""miR140"" has the same elemental composition as DNA and nucleotides."	"""miR140"" molecules are mainly distributed in the cytoplasm of human and mouse cells."	"Each normal ""miR140"" molecule contains two free phosphate groups."	"The ""miR140"" molecule is composed of phosphate, ribose, and the four nitrogenous bases A, U, G, C."	C	The basic unit of nucleic acids###Types of nucleic acids and their main locations###The structure of DNA molecules	nan	2024	high	easy
3050	In the 19th century, many renowned scientists attempted to obtain insulin by grinding the pancreas, but failed. Later, scientists successfully obtained insulin by ligating the pancreatic ducts to cause the pancreas to atrophy, and then grinding the islets separately. The most likely reason for the failure of the previous attempts is:  	single_answer_choice	During grinding, digestive enzymes in the pancreas broke down the insulin.  	The part of the pancreas selected for grinding did not contain islets.  	The grinding technology at that time was relatively backward, leading to insufficient grinding.  	Insulin was tightly bound to other substances in the pancreas, making it difficult to separate.	A	Hormones and the endocrine system	nan	2024	high	easy
2061	The incorrect statement regarding humoral immunity and cell-mediated immunity is (    ):	single_answer_choice	Helper T cells play an important role in both humoral and cell-mediated immunity.	In cell-mediated immunity, target cells participate in the activation process of cytotoxic T cells.	In humoral immunity, antibodies specifically bind to antigens, thereby eliminating pathogens.	Humoral and cell-mediated immunity each have their unique functions, yet work together cooperatively.	C	Cellular immunity###Humoral immunity###Coordination of Humoral and Cellular Immunity	nan	2023	high	easy
5071	The incorrect statement regarding neural regulation and humoral regulation is (     )  	single_answer_choice	The pathway of humoral regulation is fluid transport  	Neural regulation has a relatively long duration  	The hypothalamus is the hub connecting neural and humoral regulation  	Hypothalamic-releasing hormones affect the function of the endocrine system	B	The role of neural and humoral regulation in maintaining homeostasis	nan	2023	high	easy
1426	Antigenic determinants (epitopes) refer to certain groups within the antigen molecule that can be recognized and bound by antibodies. Some are located on the surface of the antigen molecule, while others are located internally, needing to be exposed to have antigenic activity. The incorrect statement below is (     )	single_answer_choice	An antigen often has more than one antigenic determinant.	The chemical nature of various antigenic determinants is all protein.	Antigen-presenting cells can expose internal antigenic determinants.	Hydrogen bonds may form when antibodies specifically bind to antigens.	B	Structure and Function of the Immune System###Humoral immunity	nan	2024	high	easy
4235	To adapt to the digestive and absorptive functions of the small intestine, the intestinal glands of the small intestine are developed, and the villi in the small intestine contain abundant capillaries and lymph capillaries. The incorrect statement is ( ).	single_answer_choice	The internal environment of capillary wall cells and lymph capillary wall cells contains not only tissue fluid	The internal environment of capillary wall cells and lymph capillary wall cells contains not only tissue fluid.	"Glucose raises blood sugar through the path of ""digestive tract → intracellular fluid → tissue fluid → intracellular fluid → plasma""."	Intestinal lipase can only function in the internal environment.	C	Composition of the Internal Environment###Types of Lipids and Their Functions	nan	2023	high	easy
4275	Influenza viruses and Mycoplasma pneumoniae are common pathogens causing acute respiratory infectious diseases. The correct statements about the two pathogens are:  	single_answer_choice	Both are independent life systems.  	Vaccination against COVID-19 can prevent infections by influenza viruses and Mycoplasma pneumoniae.  	Influenza viruses do not have cellular structures and can only parasitize in living cells.  	Both an influenza virus and Mycoplasma pneumoniae belong to the individual level in the structural hierarchy of life systems.	C	Cells are the structural and functional units of living organisms.	nan	2024	high	easy
2558	"The mechanism by which cell-membrane shaping proteins promote vesicle formation is revealed. To clear waste from within the cell, these proteins aid in the formation of vesicles (molecular garbage bags). They transport damaged proteins to the ""recycling plant"" to degrade waste, allowing ""components"" to be reused. Which of the following related statements is incorrect?  "	single_answer_choice	Vesicle formation is primarily related to the centrosome of the organelle  	The formation of cell-membrane shaping proteins is related to ribosomes  	"""Molecular garbage bags"" are mainly composed of phospholipids and proteins and are fluid  "	"The ""recycling plant"" might be the lysosome, and the ""components"" might be amino acids"	A	The reasons for the diversity in protein molecular structures###Components of the cell membrane###Other Organelles and Separation Methods###The structure and function of the cell membrane integrated	nan	2023	high	easy
2971	Scientists have found that people who exercise regularly typically have more mitochondria in their muscle cells compared to those who lack exercise. The following statements related to mitochondria are incorrect (    ):	single_answer_choice	The protein content in the mitochondrial inner membrane is higher than that in the outer membrane	Both the inner membrane and outer membrane of mitochondria contain enzymes related to aerobic respiration	Mitochondria cannot directly break down glucose to produce pyruvate	ATP can be produced in both the cytosol and mitochondria when oxygen is sufficient	B	The process and significance of aerobic respiration###The process and significance of anaerobic respiration.	nan	2023	high	easy
1423	To determine whether the medium has been contaminated by miscellaneous bacteria and whether the selective medium has played a selective role, the control groups for the media set up are:  	single_answer_choice	Uninoculated selective medium, uninoculated beef extract peptone medium  	Uninoculated medium, inoculated beef extract peptone medium  	Inoculated selective medium, inoculated beef extract peptone medium  	Inoculated medium, uninoculated beef extract peptone medium	B	Overview and Classification of Culture Media	nan	2024	high	easy
2800	Researchers at the Institute of Oceanology, Chinese Academy of Sciences have discovered marine fungi that can effectively degrade polyethylene (molecular formula (C\textsubscript{2}H\textsubscript{4})\textsubscript{n}) plastics for the first time, which holds promise for solving ecological problems caused by non-degradable plastics. The following related statements are incorrect ( ).	single_answer_choice	The medium for screening and purifying such microorganisms should use polyethylene as the sole nitrogen source	Marine fungi needed should be screened in polyethylene-rich marine environments.	Use an inoculation loop to streak the surface of the medium with samples sequentially to dilute and purify marine microorganisms.	The medium for screening and purifying such microorganisms should use polyethylene as the sole nitrogen source.	C	Isolation and Cultivation of Microorganisms###Isolation and Counting of Other Microorganisms	nan	2024	high	easy
1566	Plant growth regulators have widespread applications in production practice, and the correct statements are:  	single_answer_choice	Treating barley seeds with an appropriate concentration of ethephon can promote the production of α-amylase.  	Soaking seeds intended for sowing with an appropriate concentration of abscisic acid can promote their germination.  	Spraying cotton plants with a certain concentration of 2,4-D can overcome apical dominance.  	Using a certain concentration of expanding agents on watermelons, strawberries, and similar fruits will enhance their growth rate.	D	Application of auxin analogs in agricultural production###Types and Functions of Other Plant Hormones###The application value of plant hormones and their growth regulators	nan	2024	high	easy
5003	Using peas as experimental material to complete hybrid experiments, the incorrect statement is (   )	single_answer_choice	Peas are generally purebred in their natural state.	Peas have large flowers, which makes them easy for artificial hybrid experiments.	Peas have stable and easily distinguishable contrasting traits.	Non-allelic genes of peas can freely combine during gamete formation.	D	The essence and application of the law of independent assortment of genes###Mendel's Genetic Experiment - Law of Segregation###The reasons for Mendel's success	nan	2024	high	easy
291	Mycoplasma pneumoniae can adhere to the surface of respiratory mucosal epithelial cells, causing lung infections. In China, mycoplasma pneumonia patients exhibit a trend towards younger age. The following statements are correct ( 　):	single_answer_choice	Respiratory mucosa and lysozyme defending against Mycoplasma pneumoniae infection belong to non-specific immunity.	Helper T cells are antigen-presenting cells, involved in activating B cells in humoral immunity.	Cytotoxic T cells lyse Mycoplasma pneumoniae by recognizing substances on its cell wall.	The process of the body recognizing and clearing Mycoplasma pneumoniae reflects the immune surveillance function of the immune system.	A	Structure and Function of the Immune System###Nonspecific immunity###Cellular immunity###Humoral immunity	nan	2024	high	easy
3331	The cytoskeleton can maintain cell shape. The following statement is incorrect ( ):	single_answer_choice	The cytoskeleton helps anchor various organelles.	The cytoskeleton is a network structure composed of cellulose.	The transport of vesicles may be closely related to the cytoskeleton.	The cytoskeleton is closely related to cell movement, energy conversion, signal transduction, and other life activities.	B	Cytoskeleton	nan	2024	high	easy
2997	Population density is the most basic quantitative characteristic of a population. The following statements related to population density are incorrect (     ):	single_answer_choice	When surveying populations with a smaller distribution range and larger individuals, they can be counted one by one.	To investigate the population density of animals with limited activity ranges like frogs, sampling methods can be used.	In experiments exploring changes in yeast population numbers in culture liquids, a control group needs to be set up.	If utilizing the mark-recapture method to investigate population density and the markers easily fall off, the actual population density is less than the estimated result.	C	Methods for Estimating Population Density	nan	2024	high	easy
2694	Adrenaline acts on the heart and blood vessels, causing vasoconstriction, increased cardiac activity, and a sharp rise in blood pressure. The Chinese herbal medicine Ephedra contains ephedrine, which has a chemical structure and physiological function similar to adrenaline and can clinically substitute for adrenaline. The following analysis is incorrect (　　)  	single_answer_choice	The adrenal medulla secretes adrenaline, and not all hormones are secreted by endocrine glands.  	Both adrenaline and ephedrine are animal hormones, capable of regulating biological activities.  	As a hormone, adrenaline requires transportation through body fluids to exert its effects.  	Injecting adrenaline into cardiac arrest patients can cause a rise in blood sugar levels.	B	Regulation of animal hormones###Blood sugar balance regulation	nan	2024	high	easy
4748	The following corresponds incorrectly between experiments and scientific methods (      ):	single_answer_choice	Observation of chloroplasts and cytoplasmic streaming ------ Microscopic observation method	Research on the synthesis and transport of secretory proteins ------ Radioactive isotope labeling method	Making a three-dimensional model of a eukaryotic cell ------ Conceptual modeling method	Isolating organelles in cells ------ Differential centrifugation method	C	Other Organelles and Separation Methods###Coordination between organelles###Three-dimensional structural model of eukaryotic cells###Observation of chloroplasts, mitochondria, and cytoplasmic streaming experiment	nan	2024	high	easy
5214	Hypothermia refers to a physiological state where the body temperature drops below 35°C. Mild symptoms include slurred speech and lack of muscle coordination, while severe cases can lead to respiratory and cardiac arrest. In outdoor activities like marathons, hypothermia caused by sudden extreme weather is very dangerous. The incorrect statement below is:	single_answer_choice	In mild hypothermia, the release of thyrotropin-releasing hormone from the pituitary increases	The essence of hypothermia is that the body's heat production is less than heat loss.	Sympathetic nervous activity strengthens after hypothermia occurs.	In mild hypothermia, the release of thyrotropin-releasing hormone from the pituitary increases.	C	The physiological significance of steady state###Hormones and the endocrine system###Body temperature regulation###Hierarchical regulation of hormone secretion	nan	2024	high	easy
4284	Regarding the functions of the human brain, the incorrect statement is (   )	single_answer_choice	Damage to the hypothalamus can cause abnormal regulation of water and salt balance.	Damage to the brain may lead to urinary incontinence.	Short-term memory may be related to the formation of new synapses.	Patients with damage to the S area of the language region can understand others' speech but cannot express thoughts with words themselves.	C	Advanced brain functions	nan	2023	high	easy
1165	mRNA vaccines introduce mRNA encoding antigen proteins into the human body, which are directly translated to form the corresponding antigen proteins. This induces a specific immune response, achieving a preventative immune effect. Which of the following statements is incorrect?	single_answer_choice	mRNA vaccines need to be encapsulated in specific materials to prevent degradation by nucleases.	Antigens expressed by mRNA vaccines are presented to B cells by antigen-presenting cells.	mRNA vaccines do not recombine with human genes and do not self-replicate.	The base sequence in mRNA vaccines can be modified to address pathogen variations.	B	Cellular immunity###Applications of Immunology	nan	2024	high	easy
5204	To study the richness of small animal taxa in soils of different regions, sampling methods are commonly used for collection and survey. The following statements about studying the richness of small animal taxa in soil are incorrect (　　).  	single_answer_choice	Sampling methods should fully utilize the characteristics of soil animals.  	To reduce error, sampling time and soil depth should be consistent.  	When counting the relative number of species, terms like very many or more can be used.  	"To reduce error, ""unknown"" animals should not be counted."	D	The concept and composition of a community	nan	2023	high	easy
5288	Bladder cancer ranks first in the incidence of genitourinary tumors in China. Research data shows that the incidence rate of bladder cancer in males is 3 to 4 times that in females. The two main established causes are genetic and environmental factors, with environmental factors mainly including certain chemical components in cigarettes and aromatic amines. Smoking accounts for 30% to 50% of bladder cancer cases. The following statement is incorrect:	single_answer_choice	Certain chemical components in cigarettes and aromatic amines are chemical carcinogens causing bladder cancer	Certain chemical components in cigarettes and aromatic amines are chemical carcinogens causing bladder cancer.	The reason smoking causes cell canceration is due to gene mutation, which is related to selective gene expression.	In clinical treatment, cancer is often treated with chemical drugs that inhibit the replication of DNA in cancer cells, causing them to remain in the division phase.	C	Main Characteristics of Cancer Cells###Causes of cell carcinogenesis###Characteristics and Significance of Gene Mutation	nan	2024	high	easy
10	The correct statement about biological evolution is (      ):	single_answer_choice	Fossils and homologous organs provide direct evidence for biological evolution.	Both beneficial and harmful mutations can provide raw materials for biological evolution.	Invasion of alien species can change the speed of biological evolution but cannot change its direction.	Mutations and recombinations cause organisms to evolve in a certain direction by altering gene frequency.	B	The concept and change of gene frequency###Synthesis of Biological Evolution	nan	2024	high	easy
4593	The national treasure of China, the giant panda, resides in the bamboo forests at altitudes of 2400 to 3500 meters in the upper reaches of the Yangtze River. It enjoys eating bamboo, especially tender stalks and shoots, and occasionally eats meat. The following statement is incorrect:  	single_answer_choice	Environmental factors such as air and sunlight in the bamboo forest are part of the ecosystem.  	All the giant pandas and bamboo in the alpine bamboo forest form a community together.  	Bamboo stems and leaves are plant organs, and bamboo does not have a system life system level.  	All animals and plants in the bamboo forest develop from cells.	B	Structure of the ecosystem###Cells are the structural and functional units of living organisms.###The establishment, content, and development of cell theory	nan	2024	high	easy
3993	To investigate the optimal concentration of 2,4-D for promoting rooting in cuttings, the following related statements are reasonable: 	single_answer_choice	2,4-D solutions of different concentrations prepared can all promote the rooting of cuttings. 	The gradient of concentrations in the preliminary experiment is small, which can provide a reference for finding the optimal concentration. 	The concentration of 2,4-D solutions is different in each experimental group, and the treatment time also varies. 	When treating cuttings with high concentration 2,4-D solutions, the dipping method can be used.	D	Exploring the Effect of Auxin Analogues on Cutting Rooting###Application of auxin analogs in agricultural production	nan	2024	high	easy
3076	Concerning the statements about lipids and carbohydrates in organisms, which is correct:	single_answer_choice	Lipids and carbohydrates have the same elemental composition	Lipids and carbohydrates can be converted into each other in large amounts	Starch and cellulose are both energy storage substances in plant cells	Fat contains more energy than glycogen of the same mass	D	Lipid synthesis in cells###Carbohydrate synthesis in cells	nan	2024	high	easy
1432	The following statements about the use of experimental methods and materials are incorrect (    ):	single_answer_choice	Differential centrifugation can separate organelles of different sizes.	Fluorescent labeling can demonstrate the fluidity of cell membranes.	Isotope labeling can trace changes in substances.	Chicken red blood cells can be easily used to prepare pure cell membranes.	D	Cell membrane preparation method###The Exploration Journey of Biofilms###Other Organelles and Separation Methods###The History of the Discovery of Photosynthesis	nan	2024	high	easy
522	"""The sun does not reach this place; youth comes just in time. Moss flowers are as small as rice grains, yet they bloom like peonies."""	single_answer_choice	The genetic material inside the nuclei of cells from moss and peony is DNA, while in the cytoplasm it is RNA	The genetic material inside the nuclei of cells from moss and peony is DNA, while in the cytoplasm it is RNA.	The elemental composition of viral nucleic acids is different from that of moss nucleic acids.	The difference in components between DNA and RNA is the type of bases.	D	The basic unit of nucleic acids###Types of nucleic acids and their main locations###Experiment on the Distribution of DNA and RNA in Cells###Similarities and Differences Between DNA and RNA	nan	2023	high	easy
2074	"The experimental process for crude DNA extraction and identification is ""sampling→grinding→filtering→separation→identification"". The correct statement is (      )"	single_answer_choice	Experimental materials can include mature red blood cells or liver cells from pigs.	After taking the grinding solution from the refrigerator, the precipitate is used to continue the experiment.	During DNA identification, the control group does not need to add DNA.	The property of DNA being soluble in alcohol can be used to extract DNA.	C	Crude Extraction and Identification of DNA	nan	2024	high	easy
5009	The following biological experiments and commonly used scientific methods and techniques are incorrectly matched (　　):	single_answer_choice	Tracking the synthesis pathway of secretory proteins ------ Isotope labeling method	Exploring the cellular respiration method of yeast ------ Comparative experiment	Studying the fluidity of cell membranes ------ Fluorescent labeling method	Using recycled materials to create a three-dimensional model of a eukaryotic cell ------ Conceptual modeling method	D	The Exploration Journey of Biofilms###Coordination between organelles###Three-dimensional structural model of eukaryotic cells###Exploring the Respiration Methods of Yeast	nan	2024	high	easy
684	The correct statements about the molecular composition of cells are as follows:	single_answer_choice	Most elements that make up cells exist in the form of compounds	The elemental composition of RNA and ribose includes C, H, O, N, P.	Most elements that make up cells exist in the form of compounds.	The elements composing proteins include C, H, O, N, etc., with N mainly found in peptide bonds.	B	The basic unit of nucleic acids###Types of nucleic acids and their main locations###Elements and compounds that make up cells###Elemental composition of protein	nan	2024	high	easy
1682	Biotechnology safety and ethical issues are hot topics of public concern. The following statement is incorrect (　　)	single_answer_choice	Labeling genetically modified organisms and their processed products is to protect consumers' right to know and choice	Therapeutic cloning is significant for addressing the shortage of donor organs and immune rejection after organ transplantation	Reproductive cloning research can be conducted using recombinant DNA technology	Biological weapons use pathogens, viruses, and recombinant pathogens to create destructive force	C	The safety issues of genetically modified organisms###Biological weapon	nan	2023	high	easy
4282	Chimeric antigen receptor T-cell (CAR-T) therapy can be used for tumor immunotherapy. To enhance T-cells' ability to recognize and kill tumor cells, researchers modify patients' own T-cells in vitro, introducing monoclonal antibodies on the cell surface and expressing cytokines inside the cells. The following statement is incorrect (   ):	single_answer_choice	CAR-T not only has the ability to kill tumor cells but can also present a second signal to activate B-cells.	The tissue compatibility antigens on CAR-T surfaces can be recognized by the body but do not cause an immune rejection reaction.	The use of monoclonal antibodies' specific binding to antigens can enhance T-cells' ability to recognize tumor cells.	The use of cytokines' ability to accelerate T-cell division and differentiation can enhance T-cells' ability to kill tumor cells.	A	Advantages and Applications of Monoclonal Antibodies###Coordination of Humoral and Cellular Immunity	"Answer: A. T cells cannot present the second signal to activate B cells, and CAR-T cells, which are modified T cells, also cannot present the second signal to activate B cells. A is consistent with the question.  
B. The histocompatibility antigens on the surface of CAR-T cells can be recognized by the body as self-components and do not trigger an autoimmune rejection response. B does not match the question.  
C. Monoclonal antibodies have specificity and can enhance T cells' ability to recognize tumor cells by specifically binding with tumor cell antigens. C does not match the question.  
D. Cytokines have the characteristic of accelerating the division and differentiation of T cells, and by expressing cytokines within CAR-T cells, the ability of T cells to kill tumor cells can be improved. D does not match the question.  
Therefore, the answer is A.  

Analysis: (1) Human immunity includes non-specific immunity and specific immunity. Specific immunity occurs"	2025	high	easy
4413	The following statements about variation and breeding are correct (    ).	single_answer_choice	Breeding can cultivate new varieties and may also result in new species.	All superior varieties obtained through artificial selection can adapt to different natural environments.	The principle behind cultivating super rice using hybrid technology is chromosomal variation.	Crossing over during synapsis achieves the free combination of alleles on chromosomes.	A	Hybrid breeding###The Concept and Formation of Species###Natural Selection and Adaptation###Meiosis of cells comprehensive	nan	2023	high	medium
4514	"Dry eye syndrome is an eye condition caused by reduced tear secretion, leading to dryness. By introducing relevant genes into differentiated somatic cells to obtain induced pluripotent stem cells (iPS cells), cultivating the iPS cells to obtain conjunctival tissue can secrete the tear component ""mucin,"" which holds promise for treating dry eye syndrome. The following statement is incorrect: "	single_answer_choice	The introduced genes have the effect of promoting the restoration of the somatic cells' ability to divide. 	When obtaining conjunctival tissue from iPS cells, differentiation inhibitors should be added. 	Using iPS cells to treat human diseases can theoretically avoid immune rejection reactions. 	iPS cells can to some extent avoid the ethical issues related to embryonic stem cells.	B	Stem Cell Engineering	nan	2024	high	easy
5018	The development of biotechnology has brought corresponding concerns to humanity. Which of the following concerns is not scientifically valid?	single_answer_choice	Reproductive cloning of humans may face many ethical and safety issue	The use of modern biotechnology to create biological weapons  	Reproductive cloning of humans may face many ethical and safety issues  	The cultivation of genetically modified plants may lead to resistance genes drifting into weeds  	D	The safety issues of genetically modified organisms###Biological weapon###Ethical Issues in Biotechnology	nan	2024	high	easy
5381	The following statements about cell mitosis are incorrect (　　)	single_answer_choice	A spindle appears later during prophase of mitosis, and then the nuclear membrane begins to disintegrate.	During the division phase of a cell, chromatin in the nucleus undergoes spiraling to form rod-shaped chromosomes.	The period when the cytoplasm begins to divide is the late stage of mitosis.	Mitosis is the only way somatic cells proliferate in eukaryotic organisms.	D	Comprehensive cell proliferation	nan	2023	high	easy
