index	question	category	answer	knowledge	analysis	year	grade_level	difficulty_level
955	Genetic information can flow from DNA to RNA, and from RNA to protein.	true_false	True	Central Dogma and its Development	"Answer: The central dogma: Genetic information can flow from DNA to DNA, which is DNA replication; it can also flow from DNA to RNA and then to protein, which is the transcription and translation of genetic information. \\
Therefore, the answer is: Correct. \\
Analysis: Diagram of the central dogma: \\
<image>"	others	high	easy
720	Spraying abscisic acid can extend the freshness of leafy green vegetables.	true_false	False	Types and Functions of Other Plant Hormones	nan	others	high	easy
617	Using auxin-like regulators to treat diploid tomato seedlings can produce polyploid tomatoes.	true_false	False	Application of auxin analogs in agricultural production###Multiple-breed cultivation	nan	others	high	easy
1977	Because proteins are the main carriers of life activities, consuming more protein in the diet is better.	true_false	False	The main functions of proteins in life activities	nan	2024	high	easy
2097	During the fruit wine production process, if fermentation conditions are not properly controlled, the fruit wine may turn into fruit vinegar.	true_false	True	The Making of Fruit Wine and Fruit Vinegar	[Answer] In fruit wine production, if fermentation conditions are not properly controlled, for example, if there is too much oxygen, acetic acid bacteria may convert the alcohol into acetic acid, turning the fruit wine into fruit vinegar. Therefore, the answer is: Correct. [Analysis] Fermentation refers to the process by which people use microorganisms, under suitable conditions, to convert raw materials into products needed by humans through microbial metabolism.	others	high	easy
2831	Gene mutations can certainly alter the phenotype of an organism.	true_false	False	The relationship between genes, proteins, environment, and traits.	"[Answer] Gene mutation refers to the addition, deletion, or substitution of base pairs within a gene. Due to the degeneracy of codons, a gene mutation may not necessarily lead to changes in proteins and therefore may not necessarily cause changes in phenotype.  
Thus, the answer is: Incorrect.

[Analysis] 1. Gene mutation refers to the addition, deletion, or substitution of base pairs within a gene, which can alter the gene structure and create a new gene.  
2. A codon consists of three adjacent bases on mRNA; there are 64 codons, 3 of which are stop codons and do not code for amino acids. Characteristics of codons: (1) A single codon can only code for one amino acid, but one amino acid may be encoded by one or more codons; (2) Codons are universal, meaning all organisms in nature use the same genetic code."	2021	high	easy
4898	The motion of the body becomes more orderly and precise under the hierarchical regulation of the cerebral cortex and other centers.	true_false	True	Hierarchical regulation of the nervous system	"The normal functioning of life activities relies on neural regulation. Under the hierarchical regulation of the cerebral cortex and other centers, the body's movements become more orderly, precise, and correct. 

In the nervous system, different parts contain centers that control the same physiological activities. The corresponding higher centers in the brain issue instructions to continuously adjust the lower centers, making the body's movements and visceral activities more orderly and precise under the hierarchical regulation of the cerebral cortex and other centers."	others	high	easy
1999	Excitement conducted from the neuron's cell body to the presynaptic membrane causes an outflow of Na\textsuperscript{+}. (　　)	true_false	False	Structure of the synapse	[Answer] When the nerve impulse is conducted along the axon to the axon terminal, the permeability of the presynaptic membrane to Ca\textsuperscript{2+} increases, allowing a large influx of Ca\textsuperscript{2+} from the extracellular fluid into the synaptic bulb. Therefore, the answer is: false. [Analysis] The structure of the synapse includes the presynaptic membrane, synaptic cleft, and postsynaptic membrane. At the axon terminals of neurons, there are many synaptic vesicles.	others	high	easy
5121	Adjacent cells communicate information reliably through cell membrane contact.	true_false	True	Functions of the cell membrane	nan	2024	high	easy
4904	"If the prepared pickles are ""salty but not sour,"" the most likely reason is that the jar is too full, affecting the fermentation of lactic acid bacteria. ( )"	true_false	False	Kimchi Making	"Lactic acid bacteria are anaerobic bacteria that decompose glucose into lactic acid under anaerobic conditions. When making pickles, a brine concentration that is too high can inhibit the growth and fermentation of lactic acid bacteria. Overfilling mainly may lead to problems like brine overflow, but it is not the main reason for pickles being ""salty but not sour."" The most likely reason pickles are ""salty but not sour"" is due to the high salt concentration. High salt concentration causes lactic acid bacteria cells to lose water, inhibiting their growth and fermentation, resulting in reduced lactic acid production and thus making the pickles ""salty but not sour.""
Therefore, the answer is: incorrect.
Fermentation refers to the process where people use microorganisms to convert raw materials into desired products through their metabolism under suitable conditions."	others	high	easy
1987	An organism that has been immunized will develop an autoimmune disease upon re-exposure to penicillin. (   )	true_false	False	Immune dysfunction	[Answer] Through analysis, it is known that an immunized body will have an allergic reaction when re-exposed to penicillin. Therefore, the answer is: False. [Analysis] (1) If an autoimmune response damages tissues and organs and symptoms appear, it is called an autoimmune disease. (2) An immunized body may have an immune reaction that causes tissue damage or functional disorders upon re-exposure to the same antigen; this immune reaction is called an allergic reaction.	others	high	easy
4042	During intense physical activity, lactic acid produced by anaerobic respiration significantly lowers the pH of the blood plasma.	true_false	False	Physicochemical properties of the internal environment	nan	2024	high	easy
1480	A tRNA molecule consists of two strands, while an mRNA molecule consists of a single strand.	true_false	False	Composition and Types of RNA Molecules	[Answer] tRNA molecules are single-stranded structures, but they form double-stranded regions locally, and overall, they are not composed of two strands; mRNA molecules are single-stranded. Therefore, the answer is: incorrect. [Analysis] There are three common types of RNA in cells: messenger RNA (mRNA), transfer RNA (tRNA), and ribosomal RNA (rRNA). They are all transcribed from DNA and are usually single-stranded.	others	high	easy
4030	In higher plants, the light reactions of photosynthesis occur only on biological membranes.	true_false	True	The process and significance of photosynthesis	Photosynthesis includes the light reactions and the dark reactions. In higher plant cells, light reactions require photosynthetic pigments to absorb light energy, and these pigments are located on the thylakoid membrane, so light reactions can only occur on this biological membrane. Therefore, the answer is: correct. Analysis: Photosynthesis is the process by which chloroplasts in plant cells convert solar energy into chemical energy, transforming carbon dioxide and water into sugars and oxygen.	others	high	easy
3623	To observe plant cells absorbing and losing water, sucrose solution can be used to treat the outer epidermis of purple onion scale leaves.	true_false	True	Plasmolysis and recovery###Osmosis	nan	others	high	easy
719	The genetic material of HIV can serve as a template for synthesizing DNA.	true_false	True	Central Dogma and its Development###Virus	"[Answer] When HIV infects host cells, its RNA can synthesize DNA using reverse transcriptase, a process known as reverse transcription. Therefore, HIV's genetic material (RNA) can serve as a template for DNA synthesis. Thus, the answer is: correct.

[Analysis] Central Dogma: Genetic information can flow from DNA to DNA, i.e., DNA replication; it can also flow from DNA to RNA, and then to protein, i.e., transcription and translation of genetic information."	others	high	easy
726	The larger the value of (A+T)/(G+C) in DNA molecules within a living organism, the higher the stability of the double-stranded DNA molecules.	true_false	False	Base pairing principle	"In double-stranded DNA molecules, bases follow the complementary base pairing principle, where A pairs with T and G pairs with C. Generally, G and C are connected by three hydrogen bonds, while A and T are connected by two hydrogen bonds. Therefore, the higher the G and C content, i.e., the larger the (G+C) value, the more stable the double-stranded DNA molecule is. 

Thus, the answer is: False.

Adenine pairs with thymine through two hydrogen bonds, and guanine pairs with cytosine through three hydrogen bonds, which is the principle of complementary base pairing."	others	high	easy
3619	The genetic material of the coronavirus and Streptococcus pneumoniae contains the same nucleotides.	true_false	False	Pneumococcal transformation experiment###Experiments Proving RNA as Genetic Material	The genetic material of the coronavirus is RNA, containing ribonucleotides; the genetic material of Streptococcus pneumoniae is DNA, containing deoxyribonucleotides. Therefore, the answer is: Incorrect. Analysis: The genetic material of most organisms is DNA, while the genetic material of RNA viruses is RNA.	others	high	easy
2835	Under anaerobic conditions, yeast can survive but cannot reproduce extensively.	true_false	True	The Making of Fruit Wine and Fruit Vinegar###Cellular respiration synthesis	"【Answer】 Yeast undergoes aerobic respiration and reproduces extensively under aerobic conditions. Under anaerobic conditions, it can perform anaerobic respiration but cannot reproduce extensively. Therefore, the statement in the question is correct.

【Analysis】 Yeast is a eukaryote with a heterotrophic facultative anaerobic metabolism type. Under aerobic conditions, it conducts aerobic respiration, producing water and CO\textsubscript{2} and reproduces extensively. Under anaerobic conditions, it conducts anaerobic respiration, producing alcohol and CO\textsubscript{2}."	others	high	easy
3153	Natural selection determines the direction of biological variation and evolution.	true_false	False	Variation is the raw material of natural selection.	"Natural selection determines the direction of biological evolution, not the direction of biological variation. Natural selection refers to the phenomenon where organisms that are more suited to survive in a struggle for existence will continue to exist while those that are not will be eliminated, as proposed by Darwin. The role of natural selection is to filter those variations that adapt to the environment, thus affecting the direction of evolution, but the variations themselves are not directional. Therefore, the answer is: False.

Darwin's theory of natural selection provided a scientific explanation: In the struggle for existence, certain heritable advantageous variations give individuals an advantage in survival and reproduction within specific environments. Through natural selection, these heritable advantageous variations gradually accumulate, leading organisms to better adapt to particular environments and giving rise to new types of organisms adapted to various environments."	others	high	easy
1489	NaOH and CuSO\textsubscript{4} are used together in the experiments for detecting reducing sugars and proteins with different functions.	true_false	True	Experiment for detecting proteins###Experiment to Detect Reducing Sugars	"【Answer】 In the protein detection experiment, the addition of Biuret reagent A is to create an alkaline reaction environment, and the addition of Biuret reagent B is to provide Cu\textsuperscript{2+}. In the reducing sugar detection experiment, it essentially involves the reaction between a freshly prepared Cu(OH)\textsubscript{2} solution and an aldehyde group. Therefore, the answer is: correct.

【Analysis】 Reducing sugars turn brick-red after being heated in a water bath with Fehling's reagent. The active component of Fehling's reagent is freshly prepared copper hydroxide. The principle of the Biuret reagent reaction is that Cu\textsuperscript{2+} in an alkaline environment reacts with peptide bonds."	others	high	easy
717	The key to ecological restoration of abandoned mining areas is to rely as much as possible on natural succession to restore their ecological functions.	true_false	False	Pollution Control Ecological Engineering###Ecological restoration project	"To accelerate the restoration of the mining area's ecological environment, measures such as artificial topsoil creation, multi-layer coverage, special isolation, soil erosion control, and vegetation restoration projects are adopted. Restoring the ecological environment of mining areas first requires mechanically leveling and compacting the land and artificially creating topsoil; then, on the artificial topsoil, trees and grass are planted. It's evident that the key to ecological restoration of abandoned mining land lies not only in relying on natural succession but also in combining it with artificial intervention to accelerate the recovery process and improve the restoration effects. Therefore, the answer is: incorrect. 

The analysis is that ecological engineering follows the basic principles of being holistic, coordinated, cyclical, and self-sustaining."	others	high	easy
4645	Adding Fehling's solution to the soybean seed homogenate changes the liquid from blue to purple.	true_false	False	Experiment for detecting proteins###Experiment to Detect Reducing Sugars	"[Answer] The main component of soybean seed homogenate is protein, which should be tested with biuret reagent. Therefore, the answer is: incorrect. \\
[Analysis] Reducing sugars produce a brick-red precipitate with Fehling's reagent under water bath heating conditions. Protein reacts with biuret reagent to produce a purple reaction."	others	high	easy
5109	Herbicide-containing medium can be used to screen transgenic tobacco cells to detect successful introduction and expression of the herbicide resistance gene.	true_false	True	Basic Procedures of Genetic Engineering###Detailed procedures of genetic engineering	"[Answer] The target gene is a herbicide-resistant gene. If the target gene is not successfully introduced or does not express successfully after introduction, the cell will not have herbicide resistance and cannot grow normally in a medium containing herbicides. If the transgenic cells can grow normally in a medium containing herbicides, it indicates that the cells have herbicide resistance, meaning the herbicide-resistant gene is successfully expressed.

[Analysis] This question mainly examines the expression and detection of the target gene, requiring students to distinguish between expression and detection."	others	high	easy
3143	Hematopoietic stem cells are undifferentiated cells during embryonic development.	true_false	False	Cell differentiation and its significance###Concept, Applications, and Research Progress of Stem Cells	"[Answer] Hematopoietic stem cells are differentiated cells found in hematopoietic tissues as a group of multipotent stem cells. They can differentiate into various mature blood cells (such as red blood cells, macrophages, and lymphocytes) to maintain the normal physiological functions of the organism. The statement in the question is incorrect.

[Analysis] 1. Some cells capable of division and differentiation remain in animals and humans, known as stem cells. Stem cells are found in various tissues and organs, including early embryos, bone marrow, and umbilical cord blood, such as embryonic stem cells and adult stem cells.

2. Embryonic stem cells (ES cells) exist in early embryos and have the potential to differentiate into any type of cell within an adult animal body, forming all tissues and organs of the body and even the entire individual."	others	high	easy
614	Bacteria that decompose urea can convert urea into ammonia during the decomposition process, lowering the pH of the medium.	true_false	False	Isolation and Enumeration of Urease-Producing Bacteria	"[Answer] Bacteria that decompose urea convert it into ammonia. Ammonia is alkaline and will raise the pH of the medium, not lower it. Therefore, the answer is: Incorrect.

[Analysis] The vast majority of microorganisms can utilize glucose, but only microorganisms that can synthesize urease can decompose urea. By using a selective medium with urea as the sole nitrogen source, urea-decomposing bacteria can be isolated from soil."	others	high	easy
4642	Mendel and Morgan both discovered problems through hybridization experiments and validated them using test crosses.	true_false	True	Experimental evidence of genes on chromosomes###Hypothesis-Deduction and Analogical Reasoning	"Mendel discovered genetic laws through pea hybridization experiments and used test cross experiments for verification after identifying the problem. Similarly, Morgan discovered gene laws on chromosomes through fruit fly hybridization experiments and also used test cross experiments for verification. Therefore, the statement ""both Mendel and Morgan identified problems through hybridization experiments and verified them using test cross experiments"" is correct.

Therefore, the answer is: Correct.

Analysis: A test cross involves crossing an individual with an unknown genotype with a recessive homozygote to determine its genotype."	others	high	easy
384	DNA fingerprinting technology utilizes the specificity of individual genetic information.	true_false	True	The diversity and specificity of DNA molecules	"DNA has specificity and can be used to determine the phylogenetic relationship between different species by analyzing their DNA at the molecular level. It can also be used to identify different individuals through DNA fingerprinting technology. Therefore, DNA fingerprinting technology utilizes the specificity of individual genetic information. 

Thus, the answer is: Correct.

The proportion and sequence of the four deoxynucleotides in each DNA molecule are specific, and this specific sequence of deoxynucleotides represents specific genetic information."	others	high	easy
4884	Gene mutations in higher organisms only occur in reproductive cells.	true_false	False	Characteristics and Significance of Gene Mutation###Types of Gene Mutations	"[Answer] Gene mutations are random and can occur at any stage of an organism's development, in different cells or on different DNA molecules within the same cell, and even in different parts of the same DNA molecule. It is evident that in higher organisms, gene mutations not only occur in germ cells but also in somatic cells. 
Therefore, the answer is: Incorrect. 
[Analysis] Gene mutations are random and non-directional."	others	high	easy
3166	The nucleus of a differentiated somatic cell in animals still retains totipotency.	true_false	True	Totipotency of Animal Cells and Its Applications	"Answer: The successful cultivation of cloned animals like ""Dolly"" the sheep demonstrates that the nucleus of a differentiated animal somatic cell still possesses totipotency. The statement is correct.

Analysis of ""totipotency"" of cells:

(1) Concept: Totipotency of a cell refers to the potential and characteristics of the cell, after division and differentiation, to produce a complete organism or differentiate into various other types of cells.

(2) The reason cells have totipotency is that they contain the entire genetic material of the organism.

(3) The degree of totipotency varies, and generally, plant cells have greater totipotency than animal cells, making it easier for plant cells to develop into a whole organism compared to animal cells.

(4) Conditions for cells to exhibit totipotency: isolated state, suitable nutritional conditions, and suitable environmental conditions."	others	high	easy
1495	Chromosomes and chromatin are two forms of different substances within a cell during the same period.	true_false	False	Morphology and structure of chromosomes	Answer: Chromosomes and chromatin are two forms of the same substance in cells at different periods. Therefore, the answer is: false. Analysis: Chromatin, found in the cell nucleus, consists of DNA and proteins tightly bound together. It exists as a very fine filamentous material during the interphase of cell division. During the cell's division phase, chromatin becomes highly coiled, appearing cylindrical or rod-shaped, and is then called chromosomes. Chromatin and chromosomes are the same substance existing in two different forms at different times, with identical chemical composition, made up of DNA and proteins.	others	high	easy
4643	Free radical attacks on proteins can cause cell aging.	true_false	True	Exploring the Causes of Cellular Aging	"[Answer] The free radical theory suggests that free radicals attack proteins, reducing their activity and causing cellular aging. The statement is correct.  
[Analysis] According to the free radical theory, we generally refer to abnormally reactive charged molecules or groups as free radicals. Free radicals contain unpaired electrons, exhibiting a high degree of reactivity. During biological activities, cells continuously undergo various oxidation reactions, easily generating free radicals. Additionally, radiation and harmful substances can stimulate cells to produce free radicals. For instance, water generates free radicals under ionizing radiation.  
Once free radicals are produced, they attack and damage various biomolecules that perform normal functions within the cell. The most severe is when free radicals attack phospholipid molecules, components of biological membranes, leading to the production of additional free radicals. These newly generated free radicals then attack other molecules, triggering a chain reaction that severely damages biological membranes. Moreover, free radicals can attack DNA, potentially causing genetic mutations; they can also attack proteins, reducing protein"	others	high	easy
4798	The central aspect of fermentation engineering is fermentation within the fermenter, and during the fermentation process, the dissolved oxygen level of the culture solution can be adjusted by changing the aeration rate and stirring speed.	true_false	True	Microbial Fermentation and Its Applications	"[Answer] Fermentation in a fermenter: This is the central aspect of fermentation engineering. During the fermentation process, it is necessary to constantly monitor the number of microorganisms and the concentration of products in the culture solution to understand the fermentation progress. Essential nutrients should be added in a timely manner, and fermentation conditions such as temperature, pH, and dissolved oxygen must be strictly controlled. Environmental conditions not only affect the growth and reproduction of microorganisms but also influence the formation of microbial metabolites. Controlling the aeration rate and stirring speed is crucial for regulating oxygen concentrations. This helps provide a suitable growth environment for microorganisms, thereby improving fermentation efficiency and product quality. 
Therefore, the answer is: Correct.
[Analysis] Fermentation engineering generally includes the selection and breeding of strains, scale-up cultivation, preparation and sterilization of the culture medium, inoculation, fermentation, and the separation and purification of the products."	others	high	easy
4035	Highly differentiated mature mesophyll cells do not have the potential to develop into a complete plant.	true_false	False	Totipotency of Plant Cells and Its Applications	"[Answer] The essence of cell differentiation is the selective expression of genes. Highly differentiated mature mesophyll cells contain the complete set of genetic material of the species and have the potential to develop into a complete plant. The statement is correct.

[Analysis] ""Totipotency"" of cells:
(1) Concept: Cell totipotency refers to the potential and characteristics of cells to develop into a complete organism or differentiate into other various types of cells after division and differentiation.
(2) The reason cells have totipotency is that they contain the entire genetic material of the organism.
(3) The degree of cell totipotency varies and is generally related to the degree of cell differentiation. The higher the degree of differentiation, the lower the cell's totipotency, making its expression more difficult, and reducing the chances of successful cloning. Plant cells usually have higher totipotency than animal cells, and reproductive cells have higher totipotency than somatic cells. Young cells have higher totipotency"	others	high	easy
960	A population in genetic equilibrium, whether self-fertilizing or interbreeding, will no longer have changes in gene frequency and genotype frequency.	true_false	False	Genetic equilibrium	"Answer: For a population in genetic equilibrium, the prerequisite for gene and genotype frequencies to remain unchanged is that individuals in the population can mate randomly. If the population undergoes self-fertilization, the genotype frequencies will change. Incorrect.

Analysis: The law of genetic equilibrium, also known as the Hardy-Weinberg law, refers to the unchanging allele frequencies in a population under ideal conditions. The ideal conditions for this law include: ① a sufficiently large population; ② no mutations; ③ random mating among individuals; ④ no genetic drift; ⑤ no selection; ⑥ no migration in or out, etc."	others	high	easy
2853	A population is the basic unit of biological evolution, and individual variation within a population is a common phenomenon.	true_false	True	Variation is the raw material of natural selection.###The concept of population	[Answer] The population is the basic unit of biological evolution, and gene mutations are common in nature. Therefore, the answer is: Correct. [Analysis] A population is the collection of all individuals of the same species living in a specific area. The population is the basic unit of biological evolution.	others	high	easy
3164	The higher the evolutionary status of an organism, the stronger its adaptability.	true_false	False	Natural Selection and Adaptation###The Evolutionary History of Earth's Organisms	"[Answer] New species emerging in the process of evolution may survive and reproduce by opening up new living niches in the environment, but they are not necessarily more adaptable than the original species. For example, after ocean organisms moved onto land, many new species formed, creating new living spaces. However, this does not mean these new species are more adaptable than marine algae. Therefore, the answer is: incorrect.

[Analysis] The evolutionary status does not directly determine a species' adaptability. Species with a higher evolutionary status are not necessarily more adapted to the environment than those with a lower status."	others	high	easy
