index	question	category	A	B	C	D	answer	knowledge	analysis	year	grade_level	difficulty_level
3463	The correct statements about the ammonia synthesis industry are as follows:	single_answer_choice	In the mixed gas coming out of the synthesis tower, NH\textsubscript{3} only accounts for 15\%, so the yield of ammonia plants is very low.	Due to the easy liquefaction of ammonia, N\textsubscript{2} and H\textsubscript{2} can be recycled in actual production, so overall the yield of ammonia synthesis is very high.	The reaction temperature in the ammonia synthesis industry is controlled at 400–500℃ to shift the chemical equilibrium towards the forward reaction.	The higher the pressure used in ammonia synthesis plants, the higher the yield, without considering equipment and conditions.	B	Control of Reaction Conditions in Chemical Equilibrium###Selection of Ammonia Synthesis Conditions	nan	2023	high	easy
4324	The set of ions that can coexist in large quantities in the given solutions is:	single_answer_choice	In a 0.1 mol/L silver nitrate solution: \({Na}^{+}\), \(K^{+}\), \({Cl}^{-}\)	In a solution that can release H\textsubscript{2} when reacting with Al: \({Cu}^{2+}\), \({HCO}_{3}^{-}\), \({SO}_{4}^{2-}\)	In a colorless transparent solution: \({Fe}^{3+}\), \({Al}^{3+}\), \({Cl}^{-}\)	In a 0.1 mol/L H\textsubscript{2}SO\textsubscript{4} solution: \({Mg}^{2+}\), \({NH}_{4}^{+}\), \({NO}_{3}^{-}\)	D	Ion coexistence###Chemical properties of aluminum###Detection of Ferrous and Ferric Ions###Exploring the properties of sodium carbonate and sodium bicarbonate	nan	2024	high	easy
2101	At room temperature, in a certain solution where the ionization of water has \(c\left( H^{+} \right) = 1.0 \times 10^{-11} \, \text{mol} \cdot \text{L}^{-1}\), the following ions can certainly exist in large amounts in the solution:	single_answer_choice	Fe\textsuperscript{2+}	Na\textsuperscript{+}	NH\textsubscript{4}\textsuperscript{+}	CH\textsubscript{3}COO\textsuperscript{-}	B	Ionization of water###Ion coexistence	nan	2024	high	easy
1147	The value of \(N_{A}\) is Avogadro's constant, and the correct statements are:	single_answer_choice	In a \(500mL\), \(0.1mol/L\) \({FeCl}_{3}\) solution, the total number of \({Fe}^{3+}\) is \(0.05N_{A}\)	In a \(500mL\), \(0.1mol/L\) \({FeCl}_{3}\) solution, the total number of \({Fe}^{3+}\) is \(0.05N_{A}\).	In a \(500mL\), \(0.1mol/L\) \({FeCl}_{3}\) solution, the total number of \({Fe}^{3+}\) is \(0.05N_{A}\)	In lemon juice at room temperature with \(pH = 3\), the number of \(H^{+}\) ions is \(1 \times 10^{-3}N_{A}\).	D	Application of Salt Hydrolysis###Comparison of ion concentration levels	nan	2024	high	easy
2794	Regarding the application of chemistry in daily life, which of the following statements is incorrect?	single_answer_choice	BaCO\textsubscript{3} is insoluble in water and can be used for medical examination of the gastrointestinal tract as barium meals	Hot sodium carbonate solution is more effective for removing oil stains.	BaCO\textsubscript{3} is insoluble in water and can be used for medical examination of the gastrointestinal tract as barium meals.	At room temperature, NH\textsubscript{4}F solution cannot be stored in glass reagent bottles.	B	The main research object of chemical science###Application of Salt Hydrolysis###The dissolution equilibrium of slightly soluble electrolytes and the nature of precipitation conversion	nan	2023	high	easy
960	The incorrect application of the following substances is:	single_answer_choice	Sodium peroxide: Used as an oxygen supply agent in breathing masks	Sodium carbonate and sodium bicarbonate: Both can be used as edible alkali or industrial alkali	Iron hydroxide: Red pigment in paint and coatings	Hard aluminum: Ideal material for manufacturing airplanes and spacecraft	C	Iron oxides and hydroxides###Exploring the properties of sodium carbonate and sodium bicarbonate###Sodium oxide	nan	2024	high	easy
785	The method of analogical reasoning (analogical transfer) can predict many properties of substances. The correct results of the following analogical analyses are:	single_answer_choice	Concentrated \(H_{2}{SO}_{4}\) can passivate the metal \(Fe\), so concentrated \({HNO}_{3}\) can also passivate the metal \(Fe\)	Using saturated \(NaCl\) solution to collect \({Cl}_{2}\), it is also possible to collect \({NH}_{3}\) using saturated \({NH}_{4}Cl\) solution.  	\(Fe\) reacts with \(S\) to form \(FeS\), so \(Cu\) reacting with \(S\) can form \(CuS\).  	Concentrated \(H_{2}{SO}_{4}\) can passivate the metal \(Fe\), so concentrated \({HNO}_{3}\) can also passivate the metal \(Fe\).  	C	Redox reaction###Principles and Apparatus Selection for Common Gas Preparation	nan	2023	high	easy
4290	Regarding the experiment of extracting bromine from bromine water, the following statements are correct:	single_answer_choice	It is not necessary to check for leaks in the separatory funnel before use.	Alcohol or \({CCl}_{4}\) can be used as the extractant.	"After ""shaking"" the mixture of extractant and original solution, immediately proceed with the liquid separation."	During separation, first release the lower layer of liquid from the bottom of the separatory funnel, close the stopcock, and then pour out the upper layer from the top opening.	D	Liquid-liquid separation and extraction	nan	2024	high	easy
1716	The following facts can be explained by Le Chatelier's principle:	single_answer_choice	A large amount of foam immediately appears after opening a beer bottle.	The color becomes darker after compressing (reducing the volume of the container) a balanced mixture of \(H_{2}\), \(I_{2}\), and HI.	Increasing the temperature is favorable for ammonia synthesis in the reaction where the forward reaction is exothermic.	Steel rusts more easily in humid air.	A	Factors affecting chemical equilibrium###Principle of Chemical Equilibrium Shift	nan	2024	high	easy
994	\(R, Q, X, Y, Z\) are elements from the first four periods with increasing atomic numbers. Among these ground-state atoms, \(R\) has electrons with only one spin orientation, \(Q\) has one more electron in the s energy level than in the p energy level, \(X\) has a valence layer electron configuration of \({ns}^{n}{np}^{2n}\), \(Y\) has its extranuclear electrons filled in 8 orbitals, and \(Z\) has 4 unpaired electrons. Which of the following statements is incorrect?	single_answer_choice	First ionization energy: \(Q > X > Y\	First ionization energy: \(Q > X > Y\)  	The ground-state atom of \(Q\) has electrons in 5 types of spatial motion states  	Compounds formed by \(R, Q, X\) result in aqueous solutions that are all acidic  	C	The meaning and application of ionization energy and electronegativity of elements###Comprehensive Application of the Periodic Law and the Periodic Table of Elements	nan	2024	high	easy
3533	\(N_{A}\) represents the value of Avogadro's constant. The correct statements below are:	single_answer_choice	The number of \({Cl}^{-}\) in a \(0.5 mol/L\ CuCl_{2}\) solution is \(N_{A}\).	Under standard conditions, the total number of covalent bonds in \(11.2 L\) of \(HF\) is \(0.5N_{A}\).	The number of electrons in \(0.1 mol\) hydroxyl is \(0.9N_{A}\).	When \(0.2 mol\) concentrated \(H_{2}{SO}_{4}\) reacts with an excess of \(Cu\), the number of transferred electrons is \(0.2N_{A}\).	C	Molar volume of gas###Calculations related to the amount of substance###Avogadro's constant	nan	2024	high	easy
2725	The reactions in the following groups are of the same type (　　):	single_answer_choice	Hydrolysis of bromopropane to produce propanol; reaction of propylene with water to produce propanol	Ethylene decolorizing acidic potassium permanganate solution and acetaldehyde decolorizing bromine water	Elimination from chlorocyclohexane to produce cyclohexene; addition of bromine to propylene to produce 1,2-dibromopropane	Hydrolysis of ethyl acetate and polymerization of ethylene to polyethylene	B	Substitution reaction###Addition reaction###Elimination reaction	nan	2023	high	easy
2628	The following statements are incorrect:	single_answer_choice	The long-axis orientation of molecules in liquid crystals is consistent, exhibiting anisotropy similar to crystals.	Under higher pressure, temperature, and initiator, ethylene polymerizes into denser polyethylene.	The lithium salt flame is purplish-red and can be used as a component of fireworks.	Sulfa drugs can kill bacteria because their structure is similar to para-aminobenzoic acid, a necessary nutrient for bacteria, leading to bacterial death when mistaken for it.	B	Flame test###Definition of a Crystal###Polymerization reaction	nan	2024	high	easy
435	Under certain conditions, for the reaction 2SO\textsubscript{2}(g)+O\textsubscript{2}(g)\(\rightleftharpoons\)2SO\textsubscript{3}(g) in a constant volume sealed container, the following statements sufficiently indicate that the reaction has reached a state of chemical equilibrium:	single_answer_choice	The percentage composition of SO\textsubscript{2}, O\textsubscript{2}, and SO\textsubscript{3} in the reaction mixture no longer change	The ratio of the amounts of SO\textsubscript{2}, O\textsubscript{2}, and SO\textsubscript{3} in the reaction mixture is 2:1:2  	The density of the mixed gases in the container remains constant  	The percentage composition of SO\textsubscript{2}, O\textsubscript{2}, and SO\textsubscript{3} in the reaction mixture no longer changes  	C	Reversibility of chemical reactions###Judgment of Chemical Equilibrium Status	nan	2024	high	easy
3465	The following analysis of facts and reasons is incorrect:	single_answer_choice	Sodium emits a yellow flame when burned because electrons transition from 3s to 3p	\({NCl}_{3}\) is pyramidal while \({BCl}_{3}\) is planar triangular because the central atoms are of hybrid types \({sp}^{3}\) and \({sp}^{2}\), respectively.	Sodium emits a yellow flame when burned because electrons transition from 3s to 3p.	Carbon shows a negative valence in methane due to the electronegativity: C\textgreater H.	B	The meaning and application of ionization energy and electronegativity of elements###Methods and Types of Atomic Orbital Hybridization Determination###Flame test	nan	2023	high	easy
4047	A group used a reaction between sodium thiosulfate solution and dilute sulfuric acid: \({Na}_{2}S_{2}O_{3} + H_{2}SO_{4} = Na_{2}SO_{4} + S \downarrow + SO_{2} \uparrow + H_{2}O\), to explore the effect of reaction conditions on the rate. The following statement is incorrect:	single_answer_choice	Experiments ① and ③ can explore the effect of sulfuric acid concentration on the reaction rate	The reaction rate can be judged by the time taken for turbidity to appear.  	Experiments ① and ④ can explore the effect of temperature on the reaction rate.  	Experiments ① and ③ can explore the effect of sulfuric acid concentration on the reaction rate.  	C	Factors Affecting the Rate of Chemical Reactions###Design of the Nature Experiment Plan	nan	2023	high	easy
492	Which one of the following can not differentiate ethanol and dimethyl:	single_answer_choice	Infrared spectroscopy 	Mass spectrometry 	Nuclear magnetic resonance hydrogen spectroscopy 	Reaction with metallic sodium	B	Determining the structure of organic compounds using mass spectrometry, infrared spectroscopy, nuclear magnetic resonance, etc.###Physical and chemical properties of ethanol.	nan	2024	high	easy
4169	Chemistry makes life better. The correct statements about the applications of the following chemical substances are:	single_answer_choice	Sodium carbonate can be used as a leavening agent in making pastries	Sodium carbonate can be used as a leavening agent in making pastries.	A 95% ethanol solution is commonly used in medicine for sterilization and disinfection.	Oysters, shrimps, and other marine products are high-protein foods that can supplement various amino acids for the human body.	C	Industrial production methods of ethanol###Introduction to Alcohols###Structure and characteristics of amino acids and proteins###Exploring the properties of sodium carbonate and sodium bicarbonate	nan	2024	high	easy
2495	In the following solutions, which group of ions can definitely coexist in large quantities?  	single_answer_choice	Solution that turns phenolphthalein red: H\textsuperscript{+}, Cl\textsuperscript{-}, \(NO_{3}^{-}\), Ba\textsuperscript{2+}  	Clear and transparent solution: \(MnO_{4}^{-}\), Al\textsuperscript{3+}, \(SO_{4}^{2-}\), K\textsuperscript{+}  	Strongly acidic solution: K\textsuperscript{+}, Mg\textsuperscript{2+}, \(HCO_{3}^{-}\), \(NO_{3}^{-}\)  	Colorless solution: \(CO_{3}^{2-}\), \(SO_{4}^{2-}\), Cu\textsuperscript{2+}, \(NH_{4}^{+}\)	B	Ion coexistence	nan	2023	high	easy
3182	Chinese technology is changing the world. The incorrect statement is:	single_answer_choice	"The materials \({}^{2}H\) and \({}^{3}H\) used in the ""artificial sun"" are isotopes of each other"	"The materials \({}^{2}H\) and \({}^{3}H\) used in the ""artificial sun"" are isotopes of each other."	The thermal insulation material used in the Mars rover - nano aerogel can produce the Dahle effect.	Cadmium telluride in the cadmium telluride photovoltaic glass is a new type of inorganic non-metallic material.	D	Element, nuclide###The properties and applications of colloids	nan	2023	high	easy
4038	Chemistry is closely related to the environment, materials, production, and daily life. The following statement is incorrect:	single_answer_choice	"The ""Flaming Mountains"" located in Gaochang District, Turpan City, Xinjiang Uygur Autonomous Region, appear red due to being rich in \({Fe}_{3}O_{4}\)"	Aluminum alloy, with its low density, high strength, and strong corrosion resistance, can be used to manufacture airplanes and spacecraft.	"We are currently in an era of rapid development in information technology. The main component of ""chips"" for processing information is \(Si\), while the main component of ""fiber optics"" for transmitting information is \({SiO}_{2}\)."	"The ""Flaming Mountains"" located in Gaochang District, Turpan City, Xinjiang Uygur Autonomous Region, appear red due to being rich in \({Fe}_{3}O_{4}\)."	C	The properties of sulfur dioxide###Silicon and silicon dioxide###Alloys and Their Applications###Iron oxides and hydroxides	nan	2024	high	easy
3979	The correct statements are:	single_answer_choice	In the Hou's alkali method, to obtain more products, saturated saltwater should first be saturated with CO\textsubscript{2} before introducing NH\textsubscript{3}.	Between solutions of equal concentration, Na\textsubscript{2}CO\textsubscript{3} and NaHCO\textsubscript{3}, the latter has stronger alkalinity.	The oxidizing ability of chlorine water decreases after being left for a long time.	In industry, chlorine gas is introduced into lime water to produce bleaching powder.	C	Soda ash industry (Hou's process)###The bleaching action of chlorinated water and chlorine gas	nan	2023	high	easy
688	Chemistry is an experimental discipline, and the correct conclusions or explanations about the following experiments are:	single_answer_choice	\({NO}_{2}\) dissolves in \(NaOH\) solution to produce \({NaNO}_{3}\) and \({NaNO}_{2}\); \({NO}_{2}\) is not an acidic oxide	\(HCl\) dissolves in water and can conduct electricity; hydrochloric acid is an electrolyte.	\({NO}_{2}\) dissolves in \(NaOH\) solution to produce \({NaNO}_{3}\) and \({NaNO}_{2}\); \({NO}_{2}\) is not an acidic oxid	\({NO}_{2}\) dissolves in \(NaOH\) solution to produce \({NaNO}_{3}\) and \({NaNO}_{2}\); \({NO}_{2}\) is not an acidic oxide.	B	Electrolytes and Non-electrolytes###Ionization of electrolytes in aqueous solution###Electrical conductivity of electrolyte solutions###Simple Classification of Matter	nan	2024	high	easy
1604	Let \(N_{A}\) represent the value of Avogadro's number. The following statements are correct:	single_answer_choice	Under standard conditions, \(2.24L\) of \({CH}_{3}Cl\) contains \(0.4N_{A}\) covalent bonds	Under standard conditions, the complete combustion of \(2.24L\) of benzene in \(O_{2}\) results in \(0.6N_{A}\) molecules of \({CO}_{2}\).	Under standard conditions, \(2.24L\) of \({CH}_{3}Cl\) contains \(0.4N_{A}\) covalent bonds	Under standard conditions, \(2.24L\) of \({CH}_{3}Cl\) contains \(0.4N_{A}\) covalent bonds.	B	Chemical bond###Combustion of hydrocarbons###Molar volume of gas###Calculations related to the amount of substance	nan	2024	high	medium
494	In green chemical processes, the ideal state is where all the atoms in the reactants are converted into the target product, achieving an atom economy of 100%. In the process of synthesizing CH\textsubscript{3}CH\textsubscript{2}COOCH\textsubscript{3} from CH\textsubscript{2}=CH\textsubscript{2}, to maximize atom economy, you also need equimolar amounts of other reactants:	single_answer_choice	CO and CH\textsubscript{3}O	CO and CH\textsubscript{4}  	H\textsubscript{2} and CO\textsubscript{2}  	CO and CH\textsubscript{3}OH  	C	Synthesis of organic compounds###Green chemistry	nan	2024	high	easy
1465	The following methods for distinguishing substances are incorrect:	single_answer_choice	Using a burning splint to distinguish O\textsubscript{2} and N\textsubscript{2}	Using clear limewater to distinguish CO and CO\textsubscript{2}	Using the combustion method to distinguish wool fabric and cotton fabric	Using phenolphthalein solution to distinguish sodium chloride solution and dilute sulfuric acid	D	Testing and Identification of Substances	nan	2024	high	easy
2146	Chemistry is closely related to human production and life, as well as sustainable social development. The correct statements are:  	single_answer_choice	"The carbon fiber used in ""Tiangong-1"" is a new type of material.  "	Sulfur dioxide is a toxic substance and cannot be added to any food.  	Tung oil (an oil pressed from the seeds of a plant) is a natural polymer compound and is insoluble in water.  	"Most colloids are charged, and this property can be utilized for ""hemodialysis"" and ""electrostatic dust removal."""	A	The properties and applications of colloids###Properties, Composition, and Structure of Lipids	nan	2023	high	easy
1792	In the equilibrium system of \( \text{Al}^{3+} + 3 \text{H}_2\text{O} \rightleftharpoons \text{Al(OH)}_3 + 3 \text{H}^+ \), measures that can be taken to promote the hydrolysis of \( \text{Al}^{3+} \) include:	single_answer_choice	Lowering the temperature	Adding a small amount of hydrochloric acid	Adding an appropriate amount of sodium hydroxide solution	Adding a small amount of solid sodium chloride	C	Factors Affecting the Rate of Chemical Reactions###Main factors affecting the degree of salt hydrolysis	nan	2024	high	easy
3427	The following groups of substances are classified correctly:	single_answer_choice	nan	Strong Electrolyte: Hydrochloric Acid	nan	nan	B	Electrolytes and Non-electrolytes###Strong electrolytes and weak electrolytes###Concepts and Relationships of Dispersion Systems, Colloids, and Solutions	nan	2024	high	easy
1154	The following statement is incorrect:	single_answer_choice	Sodium carbonate is alkaline and can be used as edible alkali.	Ammonium bicarbonate decomposes when heated to produce a large amount of gas and can be used as a food leavening agent.	Calcium carbonate can react with stomach acid, can be used as an antacid, and also as a nutritional fortifier.	Vitamin C, also known as ascorbic acid, has oxidizing properties and can be used as a food antioxidant.	D	Ammonium salt###Exploring the properties of sodium carbonate and sodium bicarbonate###Composition, Properties, and Functions of Common Food Additives	nan	2024	high	easy
3542	Chinese traditional culture is extensive and profound, involving a lot of chemical knowledge. The following statements are correct:	single_answer_choice	"The main component of ""willow catkins"" is cellulose"	"""Sunlight shines on the incense burner producing purple smoke"" refers to the sublimation of iodine in the ""incense burner."""	"The main component of ""willow catkins"" is cellulos"	"The main component of ""willow catkins"" is cellulose."	B	The main research object of chemical science###Properties and Uses of Polysaccharides	nan	2024	high	easy
2528	The majority of imitation silver jewelry sold at tourist attractions is made of white copper (copper-nickel alloy). The correct statements are:	single_answer_choice	Hardness is greater than that of copper	Melting point is higher than that of copper	Easily corroded	Can be distinguished from silver by appearance color	A	The general properties of metals###Alloys and Their Applications	nan	2023	high	easy
2734	The following action does not meet safety requirements ( ):	single_answer_choice	Pouring waste liquid into a designated container after an experiment	Not directly discarding leftover sodium metal into the waste liquid tank	In case of a large chlorine gas leak, quickly leave the site and try to move to a lower place	When preparing dilute sulfuric acid, slowly pour concentrated sulfuric acid into water while continuously stirring	C	Physical properties of chlorine gas###Chemical Experiment Safety and Accident Handling	nan	2023	high	easy
697	Chemistry has propelled social progress, making our lives colorful. The following transformation does not belong to a chemical change:	single_answer_choice	Fractionation of petroleum	Gasification of coal	Hydrogenation of fats	Hydrolysis of cellulose	A	The differences and connections between physical changes and chemical changes.###Properties and Uses of Polysaccharides###Fractional distillation of petroleum###Properties, Composition, and Structure of Lipids	nan	2024	high	easy
2733	The following statements about a 0.5L 1 mol·L⁻¹ \(Al(NO₃)₃\) solution are correct:	single_answer_choice	The number of oxygen atoms is approximately \(4.5 \times 6.02 \times 10^{23}\).	The molar mass of solute \(Al(NO₃)₃\) is 213g.	\(c(NO₃⁻) = 3 mol·L⁻¹\).	Taking 0.1L of the above solution results in a 0.2 mol·L⁻¹ \(Al(NO₃)₃\) solution.	C	Molar mass###Amount concentration###Calculations related to the amount of substance	nan	2024	high	easy
218	Metals and their compounds play an important role in the life and development of human society. The following statement is incorrect:	single_answer_choice	The BeiDou-3 satellite carries a precise rubidium atomic clock, and rubidium's metallic properties are stronger than potassium	The BeiDou-3 satellite carries a precise rubidium atomic clock, and rubidium's metallic properties are stronger than potassium.	Aluminum cookware is not suitable for steaming or long-term storage of acidic or alkaline foods.	Household kitchen and bathroom pipes often get clogged due to residues of grease, hair, vegetable matter, and paper fibers. Solid pipe cleaners (main ingredients \(NaOH\) and aluminum powder) can be used for unclogging.	D	The main research object of chemical science###Chemical properties of aluminum###The changing patterns of atomic structure and element properties in the periodic table of elements.	nan	2024	high	easy
1150	Summarizing is a common method in learning chemistry. The following summaries are incorrect:	single_answer_choice	Stability: HF > HCl > HB	Stability: HF > HCl > HBr  	Acidity: CF₃COOH > CHF₂COOH > CHCl₂COOH  	First ionization energy: C < N < O < F  	C	The meaning and application of ionization energy and electronegativity of elements###Principle of Like Dissolves Like and Its Applications	nan	2024	high	easy
2623	The production of sulfuric acid is an indicator of a country's level of development in inorganic chemistry. The correct statements below are:	single_answer_choice	The third step of the contact process for producing sulfuric acid takes place in the absorption tower, where water is used to absorb \({SO}_{3}\)	When \({Zn}\) reacts with both dilute and concentrated sulfuric acid, sulfuric acid shows oxidizing properties, but the particles gaining electrons are different	Adding barium chloride solution acidified with dilute nitric acid to a test solution, if a white precipitate forms, it indicates the presence of \({SO}_{4}^{2 -}\) in the test solution	In the purification process of crude salt containing \({Ca}^{2+}\), \({Mg}^{2+}\), \({SO}_{4}^{2-}\), the reagents are added in the order of \(NaOH\) solution, \({Na}_{2}{CO}_{3}\	B	Industrial production of sulfuric acid###Properties of concentrated sulfuric acid###Testing for sulfate ions###Separation and Purification of Substances	nan	2023	high	easy
3176	The correct order of energy levels among the following options is:  	single_answer_choice	\(E(5s) > E(4f) > E(4s) > E(3d)\)  	\(E(3d) > E(4s) > E(3p) > E(3s)\)  	\(E(4s) < E(3s) < E(2s) < E(1s)\)  	\(E(5s) > E(4s) > E(4f) > E(3d)\)	B	Energy level distribution of electrons outside the atomic nucleus	nan	2024	high	easy
2730	The incorrect statement is:	single_answer_choice	There are three electrons with different energy outside the nucleus of a ground state carbon atom.	The most reliable scientific method to distinguish a crystal from an amorphous solid is to conduct an X-ray diffraction experiment on the solid.	HF is more stable than HCl because there are hydrogen bonds between HF molecules.	Both \(H_{3}O^{+}\) and \({NH}_{4}^{+}\) contain coordinate bonds.	C	Electron configuration outside the atomic nucleus###The bonding situation of the complex compound###Differences between Chemical Bonds and Intermolecular Forces###Definition of a Crystal	nan	2024	high	easy
3537	The following are physical changes:	single_answer_choice	NO\textsubscript{2} dissolving in water	Coal dry distillation	Petroleum fractionation	Coal liquefaction	C	The differences and connections between physical changes and chemical changes.###Coal carbonization and comprehensive utilization###Fractional distillation of petroleum	nan	2024	high	easy
4168	The following substances and their uses are incorrectly matched:	single_answer_choice	Calcium oxide: Oxygen absorber 	Sodium benzoate: Food preservative 	Aspirin: Antipyretic and analgesic 	Sodium bicarbonate: Leavening agent	A	The main research object of chemical science###Exploring the properties of sodium carbonate and sodium bicarbonate###Composition, Properties, and Functions of Common Food Additives###The main components and efficacy of the drug.	nan	2023	high	easy
946	The correct statements about acetic acid are as follows:	single_answer_choice	Acetic acid is a liquid with a strong pungent odor and is easily soluble in water and ethanol.	The ionic equation for dissolving CaCO\textsubscript{3} with CH\textsubscript{3}COOH is CaCO\textsubscript{3} + 2H\textsuperscript{+} = Ca\textsuperscript{2+} + H\textsubscript{2}O + CO\textsubscript{2}↑.	Acetic acid and ethanol mix and undergo an esterification reaction under heating conditions to produce ethyl acetate.	A Na\textsubscript{2}CO\textsubscript{3} solution cannot distinguish between CH\textsubscript{3}COOH and CH\textsubscript{3}COOCH\textsubscript{2}CH\textsubscript{3}.	A	Chemical properties of acetic acid###Properties of esters	nan	2024	high	easy
2790	"Some experts propose that silicon is the ""energy of the 21st century."" The following statements are correct:"	single_answer_choice	SiO\textsubscript{2} is an acidic oxide, soluble in strong alkali but insoluble in any acids	SiO\textsubscript{2} is an acidic oxide, soluble in strong alkali but insoluble in any acids.	The chemical properties of Si are stable at room temperature, and in nature, most silicon exists in a free state.	Water glass becomes turbid when exposed to air for a long time.	C	Introduction to Carbon Group Elements###Silicon and silicon dioxide	nan	2024	high	easy
201	The following statement is incorrect (　　)	single_answer_choice	Adding ammonia water to AlCl\textsubscript{3} solution produces a white precipitate, which disappears upon adding hydrochloric acid.	Adding dilute sulfuric acid to copper powder does not dissolve it; upon adding Cu(NO\textsubscript{3})\textsubscript{2} solid, the copper powder dissolves.	Adding Na\textsubscript{2}SO\textsubscript{3} solution to BaCl\textsubscript{2} solution produces a precipitate, which completely dissolves upon adding nitric acid.	Adding NaOH solution to MgCl\textsubscript{2} solution produces a white precipitate, which gradually turns reddish-brown upon adding FeCl\textsubscript{3} solution.	C	The chemical properties of nitric acid###Test for chloride ions###Important compounds of magnesium and aluminum	"[Solution] The formation and dissolution of Al(OH)\textsubscript{3} and the strong oxidizing property of nitric acid frequently appear as exam questions. 
The reactions involved in A are AlCl\textsubscript{3} + 3NH\textsubscript{3}·H\textsubscript{2}O = Al(OH)\textsubscript{3}↓ + 3NH\textsubscript{4}Cl, Al(OH)\textsubscript{3} + 3HCl = AlCl\textsubscript{3} + 3H\textsubscript{2}O; 
In B, the unreactive metal copper does not react with dilute sulfuric acid, but in an acidic environment with added nitrate Cu(NO\textsubscript{3})\textsubscript{2}, a strong oxidizing environment of nitric acid is formed, so the reaction 3Cu + 2NO\textsub"	others	high	hard
3985	The following statement is incorrect:	single_answer_choice	The propellant of the Chinese space station's thruster is xenon (Xe), and Xe is a p-block element.	"The ""Zhurong"" Mars rover uses n-undecane for energy storage, and n-undecane is a saturated hydrocarbon."	"The fuel of the ""Kunlong"" amphibious aircraft during its first maritime flight—aviation kerosene—is a pure hydrocarbon substance."	Polyvinyl chloride in spacesuit materials is an organic polymer material.	C	Fractional distillation of petroleum###Alkane	nan	2023	high	easy
767	"""Activated molecules"" are an important basis for measuring the rate of chemical reactions. Which of the following statements is incorrect? "	single_answer_choice	The collision between activated molecules must be an effective collision.	Increasing the concentration of reactants can increase the number of activated molecules per unit volume, thereby accelerating the reaction rate.	For reactions involving gases, compressing the container to increase pressure can increase the number of activated molecules per unit volume, thus accelerating the reaction rate.	Catalysts can lower the activation energy of the reaction and increase the percentage of activated molecules per unit volume.	A	Activation energy and its influence on the rate of chemical reactions###Activated molecule	[Answer] A. Collisions between activated molecules do not necessarily result in a chemical reaction, and only collisions that result in a chemical reaction are effective collisions. Thus, collisions between activated molecules are not necessarily effective collisions, making option A incorrect and consistent with the question's intent. B. Increasing the concentration of reactants increases the number of activated molecules per unit volume, speeding up the reaction rate, making option B correct and inconsistent with the question's intent. C. For reactions involving gases, compressing the volume increases the number of activated molecules per unit time, speeding up the reaction rate, making option C correct and inconsistent with the question's intent. D. A catalyst can lower the activation energy required for a reaction, increasing the percentage of activated molecules per unit volume, making option D correct and inconsistent with the question's intent. Therefore, the answer is: A. [Analysis] This question tests the understanding of activation energy and analyzes the effects of concentration, pressure, and catalysts on activation energy	2023	high	hard
1218	The most reasonable reaction type from CH\textsubscript{3}CH\textsubscript{2}Br to form HOCH\textsubscript{2}-CH\textsubscript{2}OH is	single_answer_choice	Substitution, Addition, Elimination  	Addition, Substitution, Hydrolysis  	Elimination, Addition, Substitution  	Addition, Substitution, Elimination	C	Physical and chemical properties of ethylene###The chemical properties of bromoethane	nan	2024	high	hard
