index	question	category	answer	knowledge	analysis	year	grade_level	difficulty_level
810	"The following substances can react chemically with CH\textsubscript{4} under certain conditions:
A. Chlorine
B. Bromine water
C. Oxygen
D. Acidic KMnO\textsubscript{4} solution"	multiple_answer_choice	A, C	Physical and chemical properties of methane.	Methane is relatively stable, does not react with acids, bases, bromine water, or acidic potassium permanganate solution, but it is flammable and can undergo substitution reactions with chlorine under light. Therefore, the answer is AC. Methane is flammable and can undergo substitution reactions under certain conditions, but does not react with substances like acids or bases.	2020	high	easy
4179	"Sulfur and silicon are elements in the same period. The following facts can be used to compare the nonmetallic strength between the two:

A. Thermal stability: H\textsubscript{2}S\textgreater SiH\textsubscript{4}  
B. Solubility: SO\textsubscript{2}\textgreater SiO\textsubscript{2}  
C. Melting point of the element: Si\textgreater S  
D. Acidity: H\textsubscript{2}SO\textsubscript{4}\textgreater H\textsubscript{2}SiO\textsubscript{3}"	multiple_answer_choice	A, D	The changing patterns of atomic structure and element properties in the periodic table of elements.	nan	2024	high	easy
3226	"W, X, Y, and Z are all short-period elements that can form the ionic compound \(W_{2}{XY}_{3}\). Elements W and Y can generate two compounds: \(W_{2}Y\) and \(W_{2}Y_{2}\). The hydride of element X reacts with one of its oxides to produce solid elemental substance and water. Z is the element that forms the most types of compounds. The correct statement among the following is:
A. \(W_{2}Y_{2}\) reacts with the highest oxidation state oxide of Z, which results in a product containing polar, non-polar, and ionic bonds.
B. Among elements in the same period, the hydrate of the highest oxidation state oxide of X is the most acidic.
C. The stability of simple hydrides is greater for Y than for Z.
D. The atomic radii of W, X, and Y in descending order are \(X > Y > W\"	multiple_answer_choice	A, C	Atomic Structure and Element Properties###Chemical bond###The changing patterns of atomic structure and element properties in the periodic table of elements.###Comparison of particle radii sizes	nan	2024	high	easy
2751	"Available X: The molecule represented by X is (     )
A. H\textsubscript{2} B. Cl\textsubscript{2} C. N\textsubscript{2} D. O\textsubscript{2}"	multiple_answer_choice	A, B	Molecular formula	"Answer: Solution: H\textsubscript{2}, Cl\textsubscript{2}, N\textsubscript{2}, O\textsubscript{2} are all molecular crystals. C. In nitrogen molecules, two nitrogen atoms form three shared electron pairs. The electronic configuration of nitrogen gas is <image> and cannot be represented by X:, so C is incorrect. D. In oxygen, the two oxygen atoms have two shared electron pairs, their electronic configuration is <image> and cannot be represented by X:, so D is incorrect. Therefore, the correct answers are A and B.

Analysis: Molecular crystals are composed of molecules and contain molecules. Ionic crystals are composed of ions, and atomic crystals are composed of atoms. Ionic crystals and atomic crystals do not contain molecules and are represented by chemical formulas without molecular formulas. X represents a molecule, indicating that the substance must be a molecular crystal. X:X indicates the atoms forming the X molecule, with one shared electron pair between two"	others	high	easy
4010	"Regarding the properties and uses of organic compounds, which of the following statements is correct?  
A. Ethanol can react with metal Na  
B. Acetic acid can react with NaHCO\textsubscript{3} solution  
C. Ethylene is an important petrochemical product  
D. At normal temperature and pressure, methane, ethylene, and ethyl acetate are all colorless gases"	multiple_answer_choice	A, B, C	Physical and chemical properties of ethanol.###Chemical properties of acetic acid	"【Answer】 A. The structural formula of ethanol is CH\textsubscript{3}CH\textsubscript{2}OH. It reacts with Na as follows: 2CH\textsubscript{3}CH\textsubscript{2}OH + 2Na → 2CH\textsubscript{3}CH\textsubscript{2}ONa + H\textsubscript{2}↑. A is consistent with the question;  
B. Acetic acid is stronger than carbonic acid, reacting as follows: CH\textsubscript{3}COOH + NaHCO\textsubscript{3} = CH\textsubscript{3}COONa + H\textsubscript{2}O + CO\textsubscript{2}↑. B is consistent with the question;  
C. Ethylene is an important chemical product, which complies with the question;  
D. Ethyl acetate is"	2018	high	easy
1724	"W, X, Y, and Z are short-period elements that can form the ionic compound \(W_{2}{XY}_{3}\). Elements W and Y can form two compounds, \(W_{2}Y\) and \(W_{2}Y_{2}\). The hydride of element X reacts with one of its oxides to produce solid element and water. Element Z forms the most diverse types of compounds. The correct statements are:
A. Reaction between \(W_{2}Y_{2}\) and the highest oxidation state oxide of Z results in a product containing polar, non-polar, and ionic bonds.
B. Among the same-period elements, the hydrate of the highest oxidation state oxide of X is the strongest acid.
C. The stability of simple hydrides is greater in Y than in Z.
D. The order of atomic radii from largest to smallest is \(X > Y > W\)."	multiple_answer_choice	A,C	Atomic Structure and Element Properties###Chemical bond###The changing patterns of atomic structure and element properties in the periodic table of elements.###Comparison of particle radii sizes	nan	2024	high	easy
4178	"The correct statements about NO and NO\textsubscript{2} are:
A. Both appear as reddish-brown
B. Both are difficult to dissolve in water
C. Both can be produced by the reaction of copper with nitric acid
D. Both participate in the nitrogen cycle in nature"	multiple_answer_choice	C, D	Properties of nitrogen oxides and their environmental impact	nan	2024	high	easy
1254	"The following analysis of experimental errors is incorrect:

A. At room temperature, using damp pH paper to measure the pH of a dilute alkaline solution results in a lower measured value.

B. During neutralization titration, if there are air bubbles in the tip of the burette before titration and none when reading the endpoint, the measured concentration is higher.

C. When determining the heat of neutralization, slowly pouring the base into the acid has no effect on the measured heat of neutralization.

D. When preparing a solution using a volumetric flask, looking down at the meniscus results in a lower concentration of the prepared solution."	multiple_answer_choice	C, D	Neutralization titration###Determination of Neutralization Heat	nan	2024	high	easy
1102	"The following statement is incorrect:
A. Ethylene cannot decolorize bromine in carbon tetrachloride.
B. The only hydrolysis product of sucrose in the human body is glucose.
C. Vinegar contains acetic acid, which can be obtained by oxidizing ethanol.
D. The main components of water gas are CO and H\textsubscript{2}."	multiple_answer_choice	A, B	Physical and chemical properties of ethylene###Properties and Uses of Disaccharides###Catalytic Oxidation Experiment of Ethanol	nan	2023	high	easy
4188	"Under certain conditions, 2 mol of gas A and 2 mol of gas B are introduced into a 2 L closed container to undergo the following reaction: \(2A(g) + B(g)\rightleftharpoons xC(g) + 2D(s)\). After 2 minutes, the remaining amount of substance of B is measured to be 1.2 mol, and the amount of substance of C produced is 2.4 mol. The following statements are incorrect:  

A. The value of x is 3  
B. After 2 minutes, the concentration of A is 0.4 mol∙L\textsuperscript{−1}  
C. Within 2 minutes, the average rate of reaction expressed by D is \(0.8 mol \cdot L^{-1} \cdot min^{-1}\)  
D. If the volume of the container is changed to 3 L, the chemical reaction rate will decrease"	multiple_answer_choice	B,C	Rate of chemical reaction	"Answer: A. At the end of 2 minutes, the remaining amount of substance B is measured to be 1.2 mol, so the amount of B consumed is 0.8 mol, and 2.4 mol of C is produced. According to the ratio of the amount of change equal to the ratio of stoichiometric coefficients, the value of x is 3, so A does not meet the requirements;

B. At the end of 2 minutes, the remaining amount of substance B is measured to be 1.2 mol, so the amount of B consumed is 0.8 mol. According to the ratio of the amount of change equal to the ratio of stoichiometric coefficients, A consumed 1.6 mol, leaving 0.4 mol. At the end of 2 minutes, the concentration of A is 0.2 mol·L\(^{-1}\), so B meets the requirements;

C. D is a solid, with a"	2022	high	easy
2154	"The following substance use is incorrect ( ):
A. \(Na_{2}O_{2}\) - Oxygen source for submarines
B. \(ClO_{2}\) - Disinfectant for tap water
C. \(Fe_{3}O_{4}\) - Red pigment in paint
D. \(Na_{2}CO_{3}\) - Leavening agent in the food industry"	multiple_answer_choice	C, D	The relationship among the composition, structure, and properties of matter.###Important compounds of sodium###Iron oxides and hydroxides###Comprehensive Applications of Common Metal Elements and Their Compounds	"Solution:  
A. Sodium peroxide reacts with water and carbon dioxide to produce oxygen, making it a suitable oxygen source for submarines. Therefore, A is correct.  
B. \(ClO_{2}\) has strong oxidizing properties and can denature proteins, making it a suitable disinfectant for tap water. Therefore, B is correct.  
C. \(Fe_{3}O_{4}\) is a black solid, whereas the red pigment in paint is iron oxide. Therefore, C is incorrect.  
D. \(NaHCO_{3}\) is commonly used as a leavening agent in the food industry. Therefore, D is incorrect.  
Thus, the answer is: CD.  

Analysis:  
A. Sodium peroxide reacts with water and carbon dioxide to produce oxygen.  
B. \(ClO_{2}\) has strong oxidizing properties and can sterilize and disinfect.  
C. Magnetite is a black solid.  
D. The leaven"	2023	high	easy
1613	"A mixture of Na, Na\(_2\)O, and Na\(_2\)O\(_2\) was reacted with an adequate amount of water, producing 672 mL of mixed gas under standard conditions. When the mixed gas was electrically dissociated completely, the molar ratio of Na, Na\(_2\)O, and Na\(_2\)O\(_2\) is (     )
A. 4:3:2 B. 1:2:1 C. 2:1:1 D. 1:1:1"	multiple_answer_choice	A, C	Calculations related to mixture reactions###Calculations related to chemical equations	"[Answer] Explanation: A mixture of Na, Na₂O, and Na₂O₂ reacts with sufficient water to produce a gas mixture of hydrogen and oxygen. When this gas mixture is passed through a discharge, it reacts completely. This indicates that the molar ratio of hydrogen to oxygen in their reaction is precisely equal to their stoichiometric ratio, which shows that the molar ratio of hydrogen and oxygen is 2:1. 

Hydrogen comes from the reaction of sodium with water, while oxygen comes from the reaction of sodium peroxide with water. By using the reaction equations of sodium with water, sodium peroxide with water, and hydrogen with oxygen, we can determine the molar ratio of sodium to sodium peroxide. 

Reaction equations:
2Na + 2H₂O = 2NaOH + H₂↑ (Sodium's relationship with hydrogen is 2Na — H₂)
2Na₂O₂ + 2H₂O = 4NaOH + O₂"	2015	high	medium
504	"The incorrect statement is (   )
A. The reaction heat of a chemical reaction of a substance only refers to the heat released by the reaction.
B. In a thermochemical equation, the stoichiometric coefficients of substances indicate both the amount of substance and the number of molecules.
C. All combustion reactions are exothermic.
D. In a thermochemical equation, the stoichiometric coefficients in front of the chemical formulas can be fractions."	multiple_answer_choice	A, B	Endothermic reaction and exothermic reaction###Thermochemical equation	"Answer: A. The heat absorbed or released during a chemical reaction is the reaction enthalpy of the chemical reaction, so A is suitable;
B. The stoichiometric coefficients in a thermochemical equation only represent the amount of substances, not the number of molecules, and therefore can be fractions, so B is suitable;
C. Combustion is an intense, luminous, exothermic redox reaction. All combustion reactions are exothermic, so C is not suitable;
D. The stoichiometric coefficients in a thermochemical equation only represent the amount of substances, so the coefficients in front of the chemical formula can be fractions, so D is not suitable;
Therefore, the answer is: AB. 

Analysis:
A. The reaction enthalpy of a chemical reaction includes the heat absorbed or released;
B. The stoichiometric coefficients in a thermochemical equation represent the amount of substances;
C. Combustion reactions are exothermic reactions;
D. Since the coefficients in"	2019	high	easy
2802	"Calcium has various isotopes, among which \({}^{40}Ca\) and \({}^{43}Ca\) have:
A. The same mass number B. The same number of protons
C. Different numbers of neutrons D. Different numbers of electrons"	multiple_answer_choice	B, C	Quantitative relationships in atoms###Element, nuclide	"Solution: \({}^{40}Ca\) and \({}^{43}Ca\) are two different isotopes of calcium, each containing an equal number of protons and electrons, both being 20; the number of neutrons is different, 20 and 23 respectively; the mass numbers are different, 40 and 43 respectively, so BC fits the criteria.

Therefore, the answer is: BC

Analysis: In an atom, the nuclear charge number = number of protons = number of external electrons = atomic number; the relative atomic mass ≈ number of protons + number of neutrons. Based on this, analyze the options."	2024	high	easy
1403	"Adding copper powder to a sodium nitrate solution does not result in a reaction. However, if a certain salt is added, the copper powder can gradually dissolve. The salt that meets this condition is (    )
A. Na\textsubscript{2}SO\textsubscript{4} B. NaHCO\textsubscript{3} C. NaHSO\textsubscript{4} D. FeCl\textsubscript{3}"	multiple_answer_choice	C, D	The chemical properties of nitric acid###Mutual transformation of ferric salts and ferrous salts	"Solution:

A. Adding Na\textsubscript{2}SO\textsubscript{4} with copper powder does not produce a reaction, so A does not meet the requirements.

B. Sodium bicarbonate is a weak acid salt and cannot ionize into sufficient hydrogen ions to react with copper, so B does not meet the requirements.

C. NaHSO\textsubscript{4} = Na\textsuperscript{+} + H\textsuperscript{+} + SO\textsubscript{4}\textsuperscript{2-}. The H\textsuperscript{+} and NO\textsubscript{3}\textsuperscript{-} from sodium nitrate can react with copper and dissolve it, so C meets the requirements.

D. Copper can undergo a redox reaction with Fe\textsuperscript{3+} to produce ferrous ions and copper ions, so D meets the requirements.

Therefore, the answer is"	2018	high	medium
3136	"The correct statements related to chemical knowledge in the following life projects are:

A. The \(Al(OH)_{3}\) colloid generated by dissolving alum in water has adsorptive properties, but it is not used for sterilizing and disinfecting water.
B. \({Fe}_{3}O_{4}\) is magnetic and therefore can be used for making printer ink.
C. \({NaHCO}_{3}\) can react with acids to release gas, so baking soda is used as a leavening agent when making pastries.
D. The light beam formed between the projector and the screen when showing a movie is related to the properties of colloids."	multiple_answer_choice	B, D	Important compounds of magnesium and aluminum###Iron oxides and hydroxides###Exploring the properties of sodium carbonate and sodium bicarbonate###The properties and applications of colloids	nan	2024	high	easy
2804	"Under certain conditions, one reactant is in excess, and the other reactant still cannot completely react. 

A. Excess hydrogen and nitrogen  
B. Excess concentrated hydrochloric acid and manganese dioxide  
C. Excess copper and concentrated sulfuric acid  
D. Excess zinc and 18 mol/L sulfuric acid"	multiple_answer_choice	A, C	Comprehensive Application of Chlorine, Bromine, Iodine and Their Compounds###Properties of concentrated sulfuric acid	"Solution:

A. Ammonia synthesis is a reversible reaction. No matter how complete the reaction is, it cannot reach 100%, so A is correct.

B. Manganese dioxide only reacts with concentrated hydrochloric acid, not with dilute hydrochloric acid. If there is an excess of manganese dioxide, dilute hydrochloric acid cannot react completely. If there is an excess of concentrated hydrochloric acid, manganese dioxide can react completely, so B is incorrect.

C. Copper is less reactive and can only react with concentrated sulfuric acid, not with dilute sulfuric acid, so C is correct.

D. Excess zinc reacts with 18 mol/L sulfuric acid solution, first producing sulfur dioxide, and when the solution becomes dilute, producing hydrogen gas, so D is incorrect.

Therefore, the correct answers are A and C.

Analysis: This question tests the properties of substances and is not very difficult. Pay attention to some special situations in chemical reactions, especially the reversibility of reactions and the issue"	2016	high	easy
4004	The utilization of chemical resources from seawater has a very promising future. Substances that can be extracted from seawater include: A. Br\textsubscript{2} B. Si C. NaCl D. Fe	multiple_answer_choice	A, C	Seawater Resources and Their Comprehensive Utilization	"[Explanation] Seawater contains abundant elements such as Na, Br, Cl. Substances extracted from seawater include NaCl, Br\textsubscript{2}, etc. Options A and C are consistent with the meaning. 
Therefore, the answer is: AC 
[Analysis] Seawater is rich in elements such as Na, Br, Cl."	2018	high	easy
806	"The following reaction principle does not conform to industrial reality:
A. \({2Ag}_{2}O\begin{array}{r}
\underline{\underline{\Delta}} \\
\end{array}{4Ag + O}_{2} \uparrow\)
B. \(2MgO\begin{array}{r}
\underline{\underline{electrolysis}} \\
\end{array}{2Mg + O}_{2} \uparrow\)
C. \({2Al + Fe}_{2}O_{3}\begin{array}{r}
\underline{\underline{high temperature}} \\
\end{array}{2Fe + Al}_{2}O_{3}\)
D. \(2CuO + C\begin{array}{r}
\underline{\underline{high temperature}} \\
\end{array}{2Cu + CO}_{2} \uparrow\)"	multiple_answer_choice	B, C	General Principles of Metal Smelting	nan	2023	high	easy
1174	"Regarding the following statements about molecular structure, the correct one is ( ):
A. The remaining carbon atoms apart from the benzene ring may be collinear.
B. The 12 carbon atoms cannot all lie in the same plane.
C. The remaining carbon atoms apart from the benzene ring cannot be collinear.
D. The 12 carbon atoms may all lie in the same plane."	multiple_answer_choice	C, D	Aromatic hydrocarbon	nan	2024	high	easy
3059	"The gases that can be collected by downward displacement of air are (   )
A. NH\textsubscript{3} B. H\textsubscript{2} C. HCl D. CO"	multiple_answer_choice	A, B	Collection of gas	"Solution: Collect gas by downward displacement to indicate that its density is less than that of air. If the density is greater than air, it should be collected by upward displacement. In the question, ammonia and hydrogen have lower density than air, so they are collected by downward displacement. CO cannot be collected by displacement of air.

Thus, the answer is: AB.

Analysis: Collecting gas by downward displacement indicates a density less than air. Simply compare the relative molecular mass of the gas with the relative molecular mass of air."	2017	high	easy
1487	"The following practices comply with laboratory requirements:
A. Freshly prepared chlorine water is stored in a brown wide-mouth bottle and kept in a cool dark place.
B. Sodium hydroxide solution is stored in a narrow-mouth bottle with a rubber stopper.
C. Metal sodium or potassium fires can be extinguished with sand or a wet cloth.
D. When diluting concentrated sulfuric acid, pour the concentrated sulfuric acid slowly into water along a glass rod while continuously stirring."	multiple_answer_choice	B, D	Storage of chemical reagents###Chemical Experiment Safety and Accident Handling	Answer: A. Hypochlorous acid in freshly prepared chlorine water decomposes easily when exposed to light and should be stored in a brown narrow-necked bottle in a cool and dark place, thus option A does not fit the context; B. Sodium hydroxide solution can react with silica in glass and should be stored in a narrow-necked bottle with a rubber stopper, thus option B fits the context; C. Oxides produced when metal Na and K catch fire can react with water to produce oxygen, and sand can be used to extinguish the fire, not a damp cloth, thus option C does not fit the context; D. When diluting concentrated sulfuric acid, slowly pour the concentrated sulfuric acid into water along a glass rod while continuously stirring to prevent violent boiling, thus option D fits the context; Therefore, the answer is: BD. Analysis: A. Chlorine water decomposes easily under light; B. Sodium hydroxide should be stored in a rubber-stoppered	2022	high	easy
297	"The correct conclusions based on the experimental operations and phenomena are:

A. A B. B C. C D. D"	multiple_answer_choice	C, D	The structure and properties of organic compounds###Physical and chemical properties of ethylene###Laboratory preparation of ethylene###Introduction to Haloalkanes###Evaluation of Chemistry Experiment Plans	"[Answer] A. Acetaldehyde has reducing properties, and Br\textsubscript{2} is an oxidizing agent; they can undergo a redox reaction causing the solution to decolorize, thus option A does not meet the criteria.  
B. Ethylene can decolorize acidic potassium permanganate solution, and the volatilized ethanol can also decolorize it. This phenomenon does not indicate the generation of ethylene, so option B does not meet the criteria.  
C. Passing ethylene into a carbon tetrachloride solution of bromine, ethylene and Br\textsubscript{2} undergo an addition reaction forming 1,2-dibromoethane, which is colorless and soluble in carbon tetrachloride. So, option C meets the criteria.  
D. When halogenated hydrocarbon RX is mixed with a hot aqueous sodium hydroxide solution, a substitution reaction occurs forming \(X^{-}\). After cooling, dilute"	2020	high	medium
452	"Determine which of the following systems has a decrease in entropy (ΔS < 0):
A. Water vapor condensing into water
B. CaCO\textsubscript{3}(s) → CaO(s) + CO\textsubscript{2}(g)
C. Ethylene polymerizing into polyethylene
D. N\textsubscript{2}O\textsubscript{4}(g) \(\rightleftharpoons\) 2NO\textsubscript{2}(g)"	multiple_answer_choice	A, C	Enthalpy change and entropy change	Answer: A. The entropy of the same substance is related to its aggregation state: S(g) > S(l) > S(s), so when water vapor condenses into water, the entropy decreases, thus A matches the question's intent; B. In the reaction CaCO\textsubscript{3}(s) = CaO(s) + CO\textsubscript{2}(g), gas is produced and the entropy increases, so B does not match the question's intent; C. In the polymerization of ethylene into polyethylene, gas reacts to form a solid, therefore the entropy decreases, so C matches the question's intent; D. The reaction N\textsubscript{2}O\textsubscript{4}(g) = 2NO\textsubscript{2}(g) involves an increase in gas volume, resulting in increased entropy, so D does not match the question's intent. Therefore, the answer is: AC. Analysis: Entropy	2018	high	easy
2800	"Let N\textsubscript{A} represent the value of Avogadro's number. The following statement is incorrect (    ):
A. Under standard conditions, 33.6 L of chlorine gas fully reacts with 56 g of iron, transferring 3N\textsubscript{A} electrons.
B. At normal temperature and pressure, the number of covalent bonds in 22.4 L of propane is 10N\textsubscript{A}.
C. Under usual conditions, in a 2.24 L mixture of NO\textsubscript{2} and N\textsubscript{2}O\textsubscript{4} gases, the ratio of nitrogen atoms to oxygen atoms is 1:2.
D. In a 1 mol L\textsuperscript{﹣1} Na\textsubscript{2}CO\textsubscript{3} solution, the number of anions exceeds N\textsubscript{"	multiple_answer_choice	B, D	Avogadro's constant	"【Answer】 A. At standard conditions, the amount of substance for 33.6L of chlorine gas is 1.5 mol, and for 56g of iron, it's 1 mol. They react completely; after reaction, chlorine is at a -1 oxidation state, hence 1.5 mol of chlorine transfers 3 mol of electrons, or 3N\textsubscript{A} in total. Thus, A does not meet the criteria.

B. At standard temperature and pressure, the molar volume of gas is greater than 22.4 L/mol, so 22.4 L of propane amounts to less than 1 mol, indicating that the number of covalent bonds is less than 10N\textsubscript{A}. Thus, B meets the criteria.

C. The ratio of nitrogen to oxygen atoms in NO\textsubscript{2} and N\textsubscript{2}O\textsubscript{4} is"	2019	high	easy
4054	"In the laboratory experiment of preparing refined salt from coarse salt, the necessary operational steps include (   )  
A. Liquid separation B. Filtration C. Dissolution D. Evaporation crystallization"	multiple_answer_choice	B, C, D	Evaporation and crystallization, recrystallization###Coarse salt purification	"[Answer] In the experiment of preparing refined salt from coarse salt in the laboratory, the necessary operational steps are dissolution, filtration, and evaporation crystallization. \\
The correct answer is BCD. 
[Analysis] The process of preparing refined salt from coarse salt includes dissolution, filtration, and evaporation crystallization."	2018	high	easy
457	"Chinese poetry often contains some knowledge of natural science. Interpreting the following poems from a chemical perspective, the correct interpretations are:  
A. ""Green ants in new brewed wine, red clay small stove,"" the ""red clay"" used to make the stove contains iron oxide.  
B. ""Trees of fire and flowers of silver combine, starry bridge with iron locks uncrossed,"" the flame color test mentioned in the poem refers to a chemical change.  
C. ""The remaining clouds gather on the green ridge, evening mist forms in the vast sky,"" the ""mist"" referred to is a photochemical smog caused by nitrogen oxides.  
D. ""What intention to make hundred-refined steel, transform into a softness twining around fingers,"" ""hundred-refined steel"" is actually the process of continuously improving the purity of pig iron."	multiple_answer_choice	A, D	The main research object of chemical science###The differences and connections between physical changes and chemical changes.###Flame test	nan	2024	high	easy
1159	"The correct statements regarding steel corrosion are (       )

A. When steel is submerged in water, the submerged part corrodes more easily than the part at the air-water interface.

B. Steel corrodes more easily in seawater than in river water, mainly because seawater contains a large amount of electrolytes.

C. Attaching copper blocks to steel equipment can prevent steel corrosion.

D. Connecting steel equipment to the negative terminal of an external DC power source can prevent steel corrosion."	multiple_answer_choice	B, D	Corrosion and Protection of Metals	Answer: A. Since the dissolved oxygen content in water is low, steel columns corrode more easily at the air-water interface. A does not meet the requirements; B. Seawater contains a large amount of electrolytes, forming a galvanic cell with steel, making it more susceptible to corrosion than in river water. B meets the requirements; C. When copper blocks are connected to steel equipment, a galvanic cell is formed, making the steel act as the anode and more prone to corrosion. C does not meet the requirements; D. Connecting steel equipment as the cathode to an external DC power source results in a reduction reaction, which can prevent corrosion. D meets the requirements. The answer is: BD. Analysis: This question tests metal corrosion, particularly oxygen absorption corrosion, where the metal acts as the anode, and oxygen reacts at the cathode. Protective measures should avoid the metal acting as both anode and cathode.	2018	high	easy
1253	"The raw material used to manufacture which of the following cultural supplies is an organic material? (    )  
A. Paper  
B. Pencil lead  
C. Eraser  
D. Plastic stationery box"	multiple_answer_choice	A, C, D	Polymeric materials	"Solution:  
A. The main component of paper is cellulose, which is an organic substance, so A is correct.  
B. The main component of pencil lead is carbon, which is an inorganic substance, so B is incorrect.  
C. The component of an eraser is rubber, which is an organic substance, so C is correct.  
D. The component of a plastic stationery box is plastic, which is an organic substance, so D is correct.  
Therefore, choose ACD.  

Analysis: Organic materials refer to materials composed of organic compounds, with the basic element being carbon. Compounds containing carbon are called organic compounds, or simply organic substances. Carbon oxides, carbonates, and carbonic acid, although they contain carbon, have properties similar to inorganic substances and are therefore considered inorganic."	2018	high	easy
606	"A certain hydrocarbon can be represented by the formula CₙH₂ₙ. Which of the following statements about this hydrocarbon is correct? 
A. The molecule contains a C=C double bond 
B. The molecule does not contain a C=C double bond 
C. The molecule may have a C=C double bond 
D. The molecule may contain only single bonds"	multiple_answer_choice	C, D	Saturated hydrocarbons and unsaturated hydrocarbons	"Answer: Hydrocarbons with the general formula C \textsubscript{n}H \textsubscript{2n} can be cycloalkanes or alkenes, possibly containing C=C double bonds, or only single bonds. Therefore, the answer is: CD.

Analysis: Hydrocarbons with the general formula C \textsubscript{n}H \textsubscript{2n} can be cycloalkanes or alkenes, based on which the solution is derived."	others	high	medium
506	"The following experimental operations achieve their objectives: (    )
Option & Operation & Objective
A & Removing \(Al_{2}O_{3}\) impurities from \(Fe_{2}O_{3}\) by adding sufficient NaOH solution to the mixture, fully reacting, then filtering, washing, and drying
B & Measuring the pH of HCl and HBr solutions of the same concentration to compare the non-metallic strength of Cl and Br
C & Connecting magnesium and aluminum strips of the same size with a wire, then inserting into NaOH solution to prove that the more active metal acts as the negative electrode in a galvanic cell
D & Adding freshly prepared silver ammonia solution to a sucrose solution and heating in a water bath to prove that sucrose is a non-reducing sugar

A. A B. B C. C D. D"	multiple_answer_choice	A, D	Methods for measuring the pH of a solution###Exploring the reactions of aluminum with acidic and alkaline solutions.###Preparation and Investigation of Properties of Aluminum Hydroxide###Experiment on the Properties of Sucrose and Starch	"Answer:
A. Aluminum oxide can dissolve in sodium hydroxide solution, but iron oxide cannot. Therefore, to remove \(Al_{2}O_{3}\) impurities from \(Fe_{2}O_{3}\), you can add enough NaOH solution to the mixture, fully react, then filter, wash, and dry it. A meets the requirement;
B. The acidity of hydride solutions is not related to non-metallic properties, so measuring the pH of HCl and HBr solutions of the same concentration does not compare the non-metallic properties of Cl and Br. B does not meet the requirement;
C. Aluminum reacts with sodium hydroxide solution, but magnesium does not. So if you connect magnesium and aluminum of the same size with a wire and insert into NaOH solution, aluminum is the cathode and magnesium is the anode. This does not prove that in a galvanic cell the more active metal is the cathode. C does not meet the requirement;"	2021	high	easy
1737	"The reaction that demonstrates the acidic oxide property of sulfur dioxide is:
A. SO\textsubscript{2} + Na\textsubscript{2}CO\textsubscript{3} = Na\textsubscript{2}SO\textsubscript{3} + CO\textsubscript{2} 
B. SO\textsubscript{2} + 2H\textsubscript{2}S = 2H\textsubscript{2}O + 3S
C. SO\textsubscript{2} + 2NaOH = Na\textsubscript{2}SO\textsubscript{3} + H\textsubscript{2}O 
D. SO\textsubscript{2} + 2H\textsubscript{2}O + Cl\textsubscript{2} = H\textsubscript{2}SO\textsubscript{4} + 2"	multiple_answer_choice	A, C	The properties of sulfur dioxide###Amphoteric oxides and amphoteric hydroxides	nan	2023	high	easy
662	"Substances that can react with freshly prepared Cu(OH)\textsubscript{2} are (     )
A. Ethane B. Benzene
C. Acetaldehyde D. Acetic acid"	multiple_answer_choice	C, D	Chemical properties of aldehydes	Solution: A. Ethane does not react with freshly prepared Cu(OH)\textsubscript{2}, so A is not selected; B. Benzene does not react with freshly prepared Cu(OH)\textsubscript{2}, so B is not selected; C. Acetaldehyde reacts with freshly prepared Cu(OH)\textsubscript{2} to produce a brick-red precipitate, so C is selected; D. Acetic acid reacts with freshly prepared Cu(OH)\textsubscript{2} to form copper acetate and water, which is a neutralization reaction, so D is selected; therefore, CD is selected. Analysis: Organic compounds containing -CHO can be oxidized by weak oxidizing agents and react with freshly prepared Cu(OH)\textsubscript{2}; organic compounds containing -COOH have acidity and undergo neutralization reactions with bases, leading to this answer.	others	high	medium
715	Aluminothermic reaction releases a large amount of heat and is commonly used for smelting refractory metals. For an aluminothermic reaction experiment using aluminum powder and Fe\textsubscript{2}O\textsubscript{3}, the required reagents also include A. KCl B. KClO\textsubscript{3} C. MnO\textsubscript{2} D. Mg	multiple_answer_choice	B, D	Exploring the Thermite Reaction	nan	2024	high	easy
4049	"Since 2008, our country has banned farmers from burning straw. Which of the following is not a harm caused by burning straw?
A. Greenhouse effect
B. Acid rain
C. Excessive inhalable particulate matter
D. Ozone hole"	multiple_answer_choice	B, D	The properties of sulfur dioxide###Common Environmental Pollution and Control in Daily Life###Green chemistry	nan	2024	high	easy
798	"The four-wheeled nanocar is the world's smallest ""electric vehicle"" showcased by Dutch scientists, made of 80 individual carbon atoms. This ""car"" is only 4 nanometers long and is a molecule that can move directionally, traveling forward when a weak electric current is applied. Which of the following statements is correct?

A. When a laser pointer is directed at a dispersion formed by this substance in distilled water, a bright ""pathway"" appears as the light passes through.

B. The molecule of the ""four-wheeled nanocar"" can pass through both filter paper and semipermeable membranes.

C. The ""four-wheeled nanocar"" and graphite are allotropes, with different physical properties but the same chemical properties.

D. The ""four-wheeled nanocar"" is a new type of compound."	multiple_answer_choice	A, C	Allotrope###Concepts and Relationships of Dispersion Systems, Colloids, and Solutions###The properties and applications of colloids	nan	2024	high	easy
2916	"Add 30mL of NaOH solution to 10mL of 1.5mol/L aluminum sulfate solution. After a complete reaction, 1.56g of precipitate is obtained. What is the concentration of the NaOH solution?  
A. 1mol/L B. 2mol/L C. 5mol/L D. 3.3mol/L"	multiple_answer_choice	B, D	Calculation of issues related to excess	"[Answer] The amount of aluminum ions in 10 mL of 1.5 mol/L aluminum sulfate is 0.01 L × 1.5 mol/L × 2 = 0.03 mol. If all Al elements are converted to aluminum hydroxide precipitate, the mass of aluminum hydroxide precipitate is 0.03 mol × 78 g/mol = 2.34 g > 1.56 g. This indicates two possibilities: one is incomplete precipitation producing only Al(OH)₃ precipitate; the other is partial dissolution, forming both Al(OH)₃ precipitate and NaAlO₂,

n[Al(OH)₃] = (1.56 g / 78 g/mol) = 0.02 mol.

1. If the base is insufficient, from Al³⁺ + 3OH⁻ = Al(OH)₃↓, the amount of NaOH required is 0.02 mol"	others	high	medium
3948	"Place 5 mL of concentrated sulfuric acid with a mass fraction of 0.98 (ρ=1.84g/mL) and 1.92g of copper sheets into a test tube, heat together for full reaction. The following predictions about this experiment are reasonable:

A. The solution color approaches colorless after the reaction
B. Blue solid appears
C. White solid appears
D. The concentrated sulfuric acid becomes dilute sulfuric acid after the reaction ends"	multiple_answer_choice	A, C	Experiment on the Properties of Concentrated Sulfuric Acid	"[Answer] A. Since in concentrated sulfuric acid, the generated CuSO\textsubscript{4} is dehydrated and precipitates as a white anhydrous copper sulfate powder, and the liquid is colorless due to the absence of copper ions, A is correct; 
B. The post-reaction sulfuric acid can also dehydrate the pentahydrate copper sulfate, forming anhydrous copper sulfate, so B is incorrect; 
C. Cu + 2H\textsubscript{2}SO\textsubscript{4} = CuSO\textsubscript{4} + SO\textsubscript{2}↑ + 2H\textsubscript{2}O. The generated CuSO\textsubscript{4} in concentrated sulfuric acid is dehydrated and precipitates as a white anhydrous copper sulfate powder, so C is correct; 
D. The water content in concentrated sulfuric acid is approximately 0."	others	high	medium
3045	"Butane (chemical formula C\textsubscript{4}H\textsubscript{10}) is one of the components of household liquefied petroleum gas and is also used as fuel in lighters. The following statement about butane is incorrect:

A. At room temperature, C\textsubscript{4}H\textsubscript{10} is a liquid.  
B. C\textsubscript{4}H\textsubscript{10} and CH\textsubscript{4} are homologous compounds.  
C. Butane has two structural isomers: n-butane and isobutane.  
D. After a monochlorination of C\textsubscript{4}H\textsubscript{10}, two products with different boiling points are produced."	multiple_answer_choice	A, D	Isomerism and isomers###Alkane	nan	2023	high	easy
155	"The correct statements about hydrogen sulfide or hydrosulfuric acid are as follows (     ):
A. Hydrosulfuric acid, containing sulfur in the -2 oxidation state, only has reducing properties.
B. Passing hydrogen sulfide gas into ferrous sulfate produces a black precipitate.
C. In the laboratory preparation of hydrosulfuric acid, either dilute hydrochloric acid or dilute sulfuric acid can be used, but not concentrated sulfuric acid or nitric acid.
D. Adding magnesium powder to a hydrosulfuric acid solution will produce hydrogen gas."	multiple_answer_choice	C, D	Hydrogen sulfide	"Answer:
A. Hydrogen sulfide has reducibility due to the -2 oxidation state of sulfur, and the hydrogen element has a +1 oxidation state, so it also has weak oxidizability. Therefore, it is not only reducible, making A incorrect.

B. Introducing hydrogen sulfide gas into a ferrous sulfate solution does not result in a reaction. FeS is soluble in sulfuric acid, with no precipitate formed, making B incorrect.

C. Strong acids can produce weak acids. Hydrogen sulfide is reducible, while concentrated sulfuric acid or nitric acid has strong oxidizability. Thus, when preparing hydrogen sulfide in the laboratory, dilute hydrochloric acid or dilute sulfuric acid can be used, but not concentrated sulfuric acid or nitric acid, making C correct.

D. Mg + H\textsubscript{2}S (aqueous solution) = MgS + H\textsubscript{2}↑, meaning adding magnesium powder to a hydrogen sulf"	others	high	medium
343	"Chemistry is closely related to production, life, and society. Which of the following statements is incorrect?  
A. Proteins, cotton, nucleic acids, PVC, and starch are all substances composed of macromolecules.  
B. Iron easily undergoes chemical corrosion and rusts when placed in humid air.  
C. Discarded glass, metal, and paper products are recyclable resources.  
D. Using CO\textsubscript{2} to synthesize polycarbonate biodegradable plastics achieves ""carbon"" recycling."	multiple_answer_choice	A, B	The properties and uses of monosaccharides	"Solution: A. The relative molecular mass of nucleic acids is relatively small, and they are not macromolecular compounds, so A is incorrect; B. Iron easily forms galvanic reactions in humid air, leading to electrochemical corrosion, so B is incorrect; C. Discarded glass, metals, and paper products are recyclable resources, so C is correct; D. Biodegradable plastics decompose to produce CO\textsubscript{2}, and CO\textsubscript{2} can be synthesized into polycarbonate biodegradable plastics, achieving the recycling of ""carbon,"" so D is correct. Therefore, choose AB. Analysis: A. The relative molecular mass of nucleic acids is relatively small; B. Iron easily undergoes electrochemical corrosion in humid air; C. Based on recyclable waste: discarded metals, waste paper, discarded glass, discarded plastics, discarded batteries; D. Biodegradable plastics decompose to produce CO\textsubscript{2}, and CO\text"	others	high	medium
369	"The following experimental operation and phenomenon are incorrectly matched with the conclusion:
Option A: A certain gas is passed through a phenolphthalein solution, and the solution decolorizes - The gas is SO\textsubscript{2}.

A. A B. B C. C D. D"	multiple_answer_choice	A, D	The properties of sulfur dioxide###Testing for sulfate ions###Mutual transformation of ferric salts and ferrous salts###The sequence of operations in a chemistry experiment###Exploring the properties of sodium carbonate and sodium bicarbonate###Evaluation of Chemistry Experiment Plans	"Solution:
A. Not necessarily sulfur dioxide can cause fading of fuchsine; introducing chlorine gas into the fuchsine solution can also cause fading, making A incorrect.
B. Adding KSN first, if the solution does not change color, indicates there is no Fe\textsuperscript{3+}; adding chlorine water oxidizes Fe\textsuperscript{2+} to Fe\textsuperscript{3+}, which then reacts with KSCN and turns the solution red, indicating the presence of Fe\textsuperscript{2+}, making B correct.
C. Adding dilute hydrochloric acid shows no reaction, indicating no carbonate ions; then adding barium ions forms a white precipitate of barium sulfate, making C correct.
D. It could also be bicarbonate, and it similarly reacts with hydrochloric acid to produce carbon dioxide, making D incorrect.

Therefore, the answer is: A, D. 

Analysis: This question mainly tests experimental operations"	2023	high	medium
446	"Radioactive atoms play special roles in many areas of human life and greatly assist scientific research. Their primary role is as tracer atoms. Recently, the medical field discovered that a carboxylic acid derivative of C\textsubscript{60}, labeled with radioactive \textsuperscript{14}C, can kill cells by breaking DNA under specific conditions, thereby inhibiting AIDS. The following statement about \textsuperscript{14}C is incorrect ( ).

A. \textsuperscript{14}C and \textsuperscript{14}N contain the same number of neutrons.

B. \textsuperscript{14}C\textsubscript{60} and \textsuperscript{12}C\textsubscript{60} are isomers.

C. \textsuperscript{14}C and \textsuperscript{12}C have almost identical chemical properties.

D. \textsuperscript{14}C"	multiple_answer_choice	A, B	Common valences of elements	"[Answer] A. Since neutron number = mass number - proton number, in \textsuperscript{14}C and \textsuperscript{14}N, 14 represents the mass number, and the proton numbers of C and N are 6 and 7 respectively, their neutron numbers are 8 and 7, so A is incorrect;
B. Since isomers are compounds with the same molecular formula but different structures, and \textsuperscript{14}C and C\textsubscript{60} are not compounds, B is incorrect;
C. Since the chemical properties of the same element are the same, the chemical properties of ordinary carbon atoms in \textsuperscript{14}C and C\textsubscript{60} are the same, so C is correct;
D. Since isotopes are atoms with the same number of protons but different numbers of neutrons, \textsuperscript{14}C and \textsup"	others	high	easy
3140	"Substances that are liquid under standard conditions are:  
A. Br\textsubscript{2} B. CH\textsubscript{3}COOC\textsubscript{2}H\textsubscript{5} C. CH\textsubscript{3}CH\textsubscript{2}OH D. C\textsubscript{2}H\textsubscript{4}"	multiple_answer_choice	A, B, C	The relationship among the composition, structure, and properties of matter.###Organic compounds in daily life	"Answer: A. Br\textsubscript{2} is a liquid, option A is consistent with the question;
B. Ethyl acetate is a liquid, option B is consistent with the question;
C. Ethanol is a liquid, option C is consistent with the question;
D. Ethylene is a gas, option D is not consistent with the question.
Therefore, the answer is: ABC.
Analysis: Answer based on the physical properties of each substance;
Elemental bromine, ethyl acetate, and ethanol are liquids under standard conditions; ethylene is a gas."	2018	high	easy
462	"The correct applications of common chemical substances are as follows:
A. Dry ice can be used as a refrigerant.
B. Sodium chloride can be used as a water purifier.
C. Monosodium glutamate can be used as a food seasoning.
D. Baking soda is a leavening agent that can be used to make steamed buns and bread."	multiple_answer_choice	A, C, D	The main characteristics and significance of chemistry	"Answer:  
A. Dry ice is solid carbon dioxide, and when it vaporizes, it absorbs heat, leading to a decrease in the surrounding temperature, so it can be used as a refrigerant; thus, A is correct.  
B. Sodium chloride is a strong acid and strong base salt, and it does not hydrolyze to form a colloid, so it cannot be used as a water purifier; thus, B is incorrect.  
C. The components of monosodium glutamate (MSG) include sodium chloride and sodium glutamate and are considered food seasonings; thus, C is correct.  
D. Baking soda is sodium bicarbonate, which is alkaline and can neutralize acids; sodium bicarbonate can decompose upon heating to produce carbon dioxide gas, so it can be used as a leavening agent; thus, D is correct.  
Therefore, the correct choices are ACD.   
Analysis:  
A. Dry ice is solid carbon dioxide and can be used"	2018	high	easy
505	"The correct comparisons concerning the properties of \({Na}_{2}{CO}_{3}\) and \({NaHCO}_{3}\) are:

A. Alkalinity of solutions with the same concentration: \({Na}_{2}{CO}_{3}\) > \({NaHCO}_{3}\)

B. Solubility in water under the same conditions: \({Na}_{2}{CO}_{3}\) < \({NaHCO}_{3}\)

C. Rate of bubble release when reacting with sulfuric acid of the same concentration: \({NaHCO}_{3}\) > \({Na}_{2}{CO}_{3}\)

D. Thermal stability: \({NaHCO}_{3}\) > \({Na}_{2}{CO}_{3}\)"	multiple_answer_choice	A, C	Exploring the properties of sodium carbonate and sodium bicarbonate###Exploring the alkalinity and thermal stability of sodium silicate solution.	"Answer: A. At the same concentration, sodium carbonate is more alkaline than sodium bicarbonate, so A meets the requirements; B. Under the same conditions, the solubility of sodium carbonate is greater than that of sodium bicarbonate, so B does not meet the requirements; C. When reacting with acids of the same concentration, sodium bicarbonate has a faster reaction rate, so C meets the requirements; D. Sodium bicarbonate is less thermally stable than sodium carbonate, so D does not meet the requirements. Therefore, the answer is: AC.

Analysis: Both sodium carbonate and sodium bicarbonate are alkaline salts. Under the same conditions, sodium carbonate has a greater solubility and stronger alkalinity than sodium bicarbonate. When equimolar amounts of these two substances react with sufficient hydrochloric acid, sodium carbonate releases more carbon dioxide, while sodium bicarbonate reacts with acids at a faster rate and decomposes easily when heated."	2018	high	easy
1734	"The mass of an R molecule is a g, and its relative mass is M. The ratio of M to a equals (      )
A. 6.02×10\textsuperscript{23} B. One twelfth of the mass of a \textsuperscript{12}C atom
C. The number of atoms in 0.012Kg of \textsuperscript{12}C D. The number of particles in 1 mol of oxygen"	multiple_answer_choice	A, C	Relative Atomic Mass and Its Calculation	"The relative mass of an R molecule is M, hence the molar mass of R is M g/mol, meaning the mass of 1 mol of R is M g. The mass of one R molecule is a g, so \(\frac{M}{a}\) represents the number of R molecules in M g of R, or 1 mol of R, which is 6.02×10\textsuperscript{23}, equivalent to the number of atoms in 0.012 kg of \textsuperscript{12}C, therefore AC is correct. Thus, the choice is AC.

Analysis: The relative mass of an R molecule is M, so the molar mass of R can be understood as M g/mol, meaning the mass of 1 mol of R is M g. Since the mass of one R molecule is a g, \(\frac{M}{a}\) signifies the number of R molecules contained in 1 mol of R or M"	2016	high	easy
656	"Basic magnesium carbonate is a filler and reinforcing agent for rubber products, with the chemical formula xMg(OH)\textsubscript{2}∙yMgCO\textsubscript{3}∙zH\textsubscript{2}O. When 4.66g of basic magnesium carbonate is calcined at a high temperature to a constant weight, it yields 2g of solid and 0.0400mol of CO\textsubscript{2}. The correct statements are:

A. The 2g solid is Mg(OH)\textsubscript{2}
B. When 4.66g of basic magnesium carbonate is calcined at a high temperature to a constant weight, 0.900g of water is produced
C. The chemical formula of this basic magnesium carbonate is Mg(OH)\textsubscript{2}∙4MgCO\textsubscript{3}∙4H\textsubscript{2}O
D. When"	multiple_answer_choice	B, C	Determination of Complex Chemical Formulas	"Answer: 

A. Basic magnesium carbonate \([xMg(OH)_2 \cdot yMgCO_3 \cdot zH_2O]\) calcined to constant weight at high temperature yields MgO solid. Mg(OH)_2 decomposes upon heating, so option A is incorrect.

B. 4.66 g of basic magnesium carbonate calcined at high temperature to constant weight yields 2 g of solid and 0.0400 mol of CO\(_2\). The mass of the CO\(_2\) produced is 0.0400 mol × 44 g/mol = 1.76 g. According to the law of conservation of mass, the mass of water produced is 4.66 g - 2 g - 1.76 g = 0.900 g, so option B is correct.

C. 4.66 g of basic magnesium carbonate calcined at high temperature to constant weight yields 2 g of Mg"	2020	high	medium
1175	"The reaction of H\textsubscript{2} burning in Cl\textsubscript{2} is: H\textsubscript{2} + Cl\textsubscript{2} \(\underset{\_}{\underset{\_}{ignite}}\) 2HCl, the unchanged aspect before and after the reaction is ()
A. Types of elements B. Total mass of substances
C. Number of molecules D. Number of atoms"	multiple_answer_choice	A, B, C, D	Law of conservation of mass	"[Answer] According to the law of conservation of mass, in a chemical reaction, the types of elements do not change, and the number of atoms does not increase or decrease. The total mass of substances before the reaction is equal to the total mass of substances after the reaction. Therefore, A, B, and D are consistent with the question. For the specific reaction: \( \text{H}_2 + \text{Cl}_2 \xrightarrow{\text{ignition}} 2\text{HCl} \), the number of molecules also remains unchanged before and after the reaction, so C is consistent with the question. 
Hence, the answer is: ABCD.

[Analysis] This question mainly examines the knowledge related to the law of conservation of mass. Analyze and answer based on the concept and characteristics of the law of conservation of mass."	2018	high	easy
1261	"The following advertising phrases are scientifically incorrect: 
A. No water, no life. 
B. This distilled water is absolutely pure, containing no ions. 
C. This oral solution is rich in trace elements such as nitrogen, phosphorus, and zinc. 
D. This beverage contains no chemicals at all."	multiple_answer_choice	B, C, D	The Important Role of Trace Elements in Human Health	"Answer: 
A. Water is the source of life, and humans cannot be without water at any moment, so there is no life without water. Therefore, A does not meet the requirements of the question;
B. Water is a weak electrolyte and can ionize into hydrogen ions and hydroxide ions, so distilled water contains ions, which means B is correct;
C. Nitrogen and phosphorus are major elements in the human body, not trace elements, so C is correct;
D. Any substance is composed of chemical substances, and all substances in beverages are chemical substances, so D is correct;
Therefore, the answer is: BCD.

Analysis: Judgment can be made based on the facts that water can ionize weakly, nitrogen and phosphorus are not trace elements, and any substance is a chemical substance."	2017	high	easy
1409	"Enzyme-added laundry detergent contains a small amount of alkaline protease, which has strong catalytic activity. Protein stains on clothing can be hydrolyzed and removed when they come into contact with it. The following fabric should not be washed with this enzyme-added laundry detergent: ( )

A. Cotton fabrics B. Woolen fabrics C. Acrylic fabrics D. Silk fabrics"	multiple_answer_choice	B, D	Structure and Properties of Enzymes	"[Answer] Enzyme-added laundry detergent contains enzyme biocatalysts that can catalyze the decomposition of proteins. According to the problem, this enzyme-added detergent can break down proteins, so any fabric made of protein should not be washed with it. Woolen and silk fabrics are protein-based, thus cannot be washed with enzyme-added detergent. The main component of cotton fabrics is cellulose, and that of acrylic fabrics is synthetic fibers; both can be washed with enzyme-added detergent. Therefore, choose BD.

[Analysis] Analyze whether the fabric contains protein. Enzyme-added detergent can break down and remove sweat stains, bloodstains, and proteins excreted by the human body on clothes. Products whose main component is protein should not use enzyme-added detergent."	others	high	medium
1614	"The following statement is incorrect (    ):
A. When active metals like potassium, sodium, and magnesium catch fire, foam fire extinguishers cannot be used; dry powder extinguishers can be used instead.
B. When investigating the effect of temperature on the reaction rate between sodium thiosulfate and sulfuric acid, if the solutions are mixed and timed first, then heated to the set temperature using a water bath, the measured reaction rate will be higher.
C. After distillation is complete, heating should be stopped first, and once the apparatus has cooled, water supply should be stopped before dismantling the distillation setup.
D. To accurately prepare a solution of a certain molar concentration, during the process of adjusting volume, when adding distilled water to the volumetric flask near the calibration mark, switch to using a dropper to add distilled water to the mark."	multiple_answer_choice	A, B	Disassembly of the experimental apparatus###Prepare a solution with a specific molarity.	"Answer: 
Solution:
A. Sodium peroxide and potassium peroxide react with carbon dioxide, and magnesium can burn in carbon dioxide, so when active metals like potassium, sodium, and magnesium catch fire, foam extinguishers and dry powder extinguishers cannot be used. Sand is generally used to extinguish such fires, hence A is correct.
B. This experiment requires the initial temperature to be the same, and then the temperature is changed to explore its effect on reaction rate. Sodium thiosulfate solution and sulfuric acid should be heated in a water bath to a certain temperature separately before mixing. If they are mixed first and then heated in a water bath, the lost heat will lead to a lower measured reaction rate, so B is correct.
C. During distillation, full condensation is necessary; heating should be stopped before cooling the apparatus and stopping the water flow to prevent impurities from mixing due to excessive temperature. C is incorrect.
D. When preparing solutions, the liquid level must not exceed"	2018	high	medium
1866	"The correct statements regarding the hydrolysis of the following substances are (   )
A. The final product of protein hydrolysis is polypeptides. 
B. The final product of starch hydrolysis is glucose. 
C. Cellulose cannot be hydrolyzed into glucose. 
D. One of the hydrolysis products of fats is glycerol."	multiple_answer_choice	B, D	Testing of starch, protein, and glucose in food###Properties, Composition, and Structure of Lipids	"Solution:  
A. The final product of protein hydrolysis is amino acids, therefore A is incorrect.  
B. Hydrolysis produces maltose, and maltose hydrolyzes to produce glucose; hence, the final product of starch hydrolysis is glucose. Therefore, B is correct.  
C. Cellulose is a polysaccharide that hydrolyzes to produce glucose; therefore, C is incorrect.  
D. Lipids are esters formed by higher fatty acids and glycerol, with the common product after hydrolysis being glycerol; therefore, D is correct.  
Thus, the correct answer is: BD.  

Analysis:  
A. Proteins first hydrolyze into polypeptides, and polypeptides further hydrolyze into the final product, amino acids. Therefore, the final product of protein hydrolysis is various amino acids.  
B. Starch, under the catalytic action of acid, hydrolyzes to produce maltose, and maltose further hydroly"	2014	high	medium
4329	"Glass, ceramics, and cement are three important inorganic non-metallic materials, and the element contained in their composition is ( )
A. S B. C C. Si D. O"	multiple_answer_choice	C, D	Inorganic non-metallic materials	[Answer] Glass, ceramics, and cement are three important inorganic non-metallic materials, all containing the elements Si and O. Thus, the answer is: CD. [Analysis] This question mainly tests knowledge related to inorganic non-metallic materials, as glass, ceramics, and cement all contain the elements Si and O, which is the basis for the analysis and answer.	2018	high	easy
1931	"According to statistics, about 80% to 85% of chemical production processes use catalysts, and similarly, catalysts are also used in the preparation of substances in chemical laboratories. The following reactions require a catalyst to proceed smoothly:
A. Industrial ammonia synthesis
B. Industrial production of bleaching powder using chlorine gas
C. Industrial production of sulfuric acid
D. Laboratory preparation of chlorine gas"	multiple_answer_choice	A, C	Industrial production of sulfuric acid###Industrial ammonia synthesis###Catalyst###Laboratory preparation of chlorine gas###The bleaching action of chlorine compounds	Answer: A. The industrial synthesis of ammonia from nitrogen and hydrogen requires an iron catalyst, A is correct; B. The industrial production of bleaching powder from chlorine gas and lime slurry does not require a catalyst, B is incorrect; C. In the industrial production of sulfuric acid, the reaction of SO₂ and O₂ to form SO₃ requires a V₂O₅ catalyst, C is correct; D. The laboratory preparation of chlorine gas by reacting manganese dioxide with concentrated hydrochloric acid does not require a catalyst, D is incorrect; Therefore, the answer is: AC Analysis: A. The industrial synthesis of ammonia from nitrogen and hydrogen requires an iron catalyst; B. The industrial production of bleaching powder from chlorine gas and lime slurry does not require a catalyst; C. In the industrial production of sulfuric acid, the reaction of SO₂ and O₂ to form SO₃ requires a V₂O₅ catalyst; D. The laboratory preparation of chlorine gas by reacting manganese dioxide	2024	high	medium
2035	"The following statements about fossil fuel processing are correct (    ):
A. Kerosene can be obtained from petroleum fractionation, and can be used as fuel and for preserving small amounts of metallic sodium.
B. Petroleum is a mixture, and its fractionation product, gasoline, is a pure substance.
C. The main products of coal dry distillation are coke, coal tar, crude ammonia water, and coke oven gas.
D. Petroleum fractionation can yield acetic acid, benzene, and its derivatives."	multiple_answer_choice	A, C	Pros and Cons of Using Fossil Fuels and the Development of New Energy Sources	"[Solution] Analysis: A. Kerosene is a fraction of petroleum, does not react with sodium, and has a lower density than sodium. It can be used to preserve sodium by isolating it from air and preventing reaction with components in the air, so A is correct; B. Petroleum is a mixture whose fractionation product gasoline is a distillation fraction within a certain temperature range and is a mixture of various hydrocarbons, mainly octane, so B is incorrect; C. Coal carbonization involves complex chemical changes at high temperatures in isolation, primarily producing coke, coal tar, crude ammonia water, and coke oven gas, so C is correct; D. Petroleum is a mixture of various hydrocarbons, and benzene and its derivatives are mainly obtained through catalytic reforming of petroleum. There is no acetic acid in petroleum, so fractionation of petroleum cannot yield acetic acid, hence D is incorrect. Therefore, AC is selected. 

[Analysis] A. Kerosene is"	others	high	medium
2111	"The main component of the following gases that is not methane is (    )
A. Air B. Biogas C. Natural Gas D. Water Gas"	multiple_answer_choice	A,D	Fossil fuels and basic chemical raw materials	"Answer: A. Generally speaking, the composition of air is relatively fixed, with the components and volume fractions being: nitrogen: 78%, oxygen: 21%, noble gases: 0.94%, carbon dioxide: 0.03%, water vapor and impurities: 0.03%. The main component is not methane, so A is correct;
B. The main component of biogas is methane, so B is incorrect;
C. The main component of natural gas is methane, so C is incorrect;
D. The main components of water gas are carbon monoxide and hydrogen, so D is correct;
Therefore, the answer is AD.

Analysis: The main component of natural gas, biogas, and gases produced in tunnels is methane, whereas air is a multi-component mixture. In addition to oxygen, nitrogen, and noble gases, it also contains carbon dioxide and water vapor; the main components of water gas are CO and hydrogen, which is how this is answered."	2017	high	easy
2589	"The table below shows the decomposition temperatures and cation radii of several carbonates. Analyzing the table, we can conclude that:

A. The larger the cation radius in the ionic crystal, the easier it decomposes
B. The smaller the cation radius in the ionic crystal, the easier it decomposes
C. The larger the cation radius in the ionic crystal, the more easily it combines with the oxygen ions in carbonate
D. The smaller the cation radius in the ionic crystal, the more easily it combines with the oxygen ions in carbonate"	multiple_answer_choice	B, C	Chemical bond###Measure the strength of ionic bonds in ionic crystals using lattice energy.	"[Solution] Since Mg\textsuperscript{2+}, Ca\textsuperscript{2+}, Sr\textsuperscript{2+}, Ba\textsuperscript{2+} are ions of elements in the same group, the ionic radius increases from top to bottom. The larger the radius, the higher the decomposition temperature, making it less likely to decompose. Conversely, the smaller the cationic radius, the more easily it decomposes. Therefore, B is correct. From the table, it can also be concluded that the larger the cationic radius, the easier it combines with the carbonate's oxygen ion, thus C is correct.

Therefore, the answer is B and C.

[Analysis] From the table, we can see that these substances have the same anion, which is carbonate. The larger the cationic radius, the higher the decomposition temperature. Based on this information, the answer can be deduced."	others	high	medium
2740	"The correct statement is (   )
A. Sodium hydroxide can be used as a food additive to adjust alkalinity.
B. Complete combustion of cotton and linen can generate CO\textsubscript{2} and H\textsubscript{2}O.
C. Fats can undergo hydrolysis under certain conditions.
D. The main components of gasoline, diesel, and kerosene are hydrocarbons."	multiple_answer_choice	B, C, D	Fractionated products of petroleum and their uses###Properties and Uses of Polysaccharides###Properties, Composition, and Structure of Lipids###Composition, Properties, and Functions of Common Food Additives	"Answer:  
A. Sodium hydroxide is a strong alkali, harmful to the human body, and not a food additive, so A is not relevant;  
B. Cotton and hemp are plant fibers containing only C, H, and O elements. Complete combustion can generate CO\textsubscript{2} and H\textsubscript{2}O, so B is relevant;  
C. The composition of fats is glycerides of higher fatty acids, which can be hydrolyzed into higher fatty acids (salts) and glycerol under certain conditions, so C is relevant;  
D. Gasoline, diesel, and kerosene are derived from petroleum distillation, with hydrocarbons as the main components, so D is relevant.  
Therefore, the answer is: BCD.  

Analysis:  
A. NaOH is a strong alkali, harmful to the human body;  
B. Cotton and hemp contain C, H elements;  
C. Oils and fats"	2017	high	easy
2807	"Chemistry is closely related to production and life, energy development, environmental protection, and resource utilization. Which of the following statements is incorrect? 

A. The comprehensive utilization of coal and petroleum is entirely achieved through chemical changes.
B. The process of extracting bromine from seawater mainly includes: oxidation, blowing out, absorption, oxidation, and distillation (or extraction and distillation).
C. Direct landfill of used batteries reduces environmental pollution.
D. There are many sources of hydrogen, including electrolysis of water, coal gasification, and natural gas cracking."	multiple_answer_choice	A, C	Seawater Resources and Their Comprehensive Utilization###Common Environmental Pollution and Control in Daily Life###Comprehensive application of petroleum by-products###Coal carbonization and comprehensive utilization	"Solution: A. Distillation separates substances by taking advantage of different boiling points in the mixture, and no new substances are formed; thus, no new substances are created during the distillation of petroleum, it is a physical change, so A meets the requirements;

B. Chlorine is introduced into acidified seawater, causing Cl\textsubscript{2}+2Br\textsuperscript{-}=Br\textsubscript{2}+2Cl\textsuperscript{-}; bromine is expelled by hot air in the blowing column, absorbed in the absorption column with sulfur dioxide and water, leading to SO\textsubscript{2}+Br\textsubscript{2}+2H\textsubscript{2}O=2HBr+H\textsubscript{2}SO\textsubscript{4}; chlorine and steam are introduced again, causing Cl\textsubscript{2}+2Br\textsuperscript{-}=Br\textsub"	2022	high	easy
2910	"The following statements about metals are correct (   )
A. The electrons outside the nucleus of metal atoms are free electrons in the metal crystal.
B. The packing methods of magnesium-type and copper-type atoms have the highest space utilization rate.
C. The more electrons a metal atom loses in a chemical change, the stronger its reducing ability.
D. As the temperature rises, the electrical conductivity of metal decreases."	multiple_answer_choice	B, D	Metallic bond	【Answer】 A. Electrons lost by metal atoms are free electrons in the metal crystal, so A is incorrect; B. The atomic packing of magnesium and copper types has the highest spatial utilization rate of 74%, so B is correct; C. The easier metal atoms lose electrons during chemical changes, the stronger their reducing ability, so C is incorrect; D. As temperature rises, collisions between metal ions and electrons increase, reducing metal conductivity, so D is correct. Thus, the correct options are BD. 【Analysis】 A. Free electrons and metal cations exist in pure metals; B. The atomic packing of magnesium and copper types has the highest spatial utilization rate; C. The number of electrons lost by metal atoms in chemical changes is unrelated to their reducing ability; D. Explanation is based on metallic bonding knowledge.	others	high	medium
3314	"The following experiments generally require water bath heating (    ):
A. Silver mirror reaction
B. Preparation of ethyl acetate
C. Hydrolysis of ethyl acetate
D. Dehydration reaction of ethanol"	multiple_answer_choice	A, C	Ethanol elimination reaction	"[Answer] A. The silver mirror reaction requires a temperature not exceeding 100°C, so it can be heated using a water bath, thus A is correct; 
B. The preparation of ethyl acetate requires a higher temperature and needs to be heated directly with an alcohol lamp, not with a water bath, thus B is incorrect; 
C. The hydrolysis of ethyl acetate requires a relatively low temperature and is a mild reaction, requiring a water bath for heating, thus C is correct; 
D. The dehydration reaction of ethanol requires rapid heating to 170°C, so it must be directly heated and not with a water bath, thus D is incorrect; 
Therefore, select AC.

[Analysis] Since the boiling point of water is 100°C, when using a water bath for heating, the ""water bath"" heating temperature cannot exceed 100°C. The temperature using a water bath allows for even heating of reagents inside the reaction vessel, hence the answer is derived."	others	high	medium
3316	"The following statements about ionic compounds are correct (    )
A. Ionic compounds all contain ionic bonds.
B. The cations in ionic compounds can only be metal ions.
C. If ionic compounds are soluble in water, their aqueous solution must conduct electricity.
D. Compounds that conduct electricity when dissolved in water must be ionic compounds."	multiple_answer_choice	A, C	Structural Characteristics and Properties of Ionic Compounds	"Answer: The cation NH\(_{4}^{+}\) in the ionic compound NH\textsubscript{4}Cl is not a metal ion; HCl can conduct electricity when dissolved in water, but it is not an ionic compound.  
Analysis: A. The ions in ionic compounds can include ammonium ions containing covalent bonds,  
C. HCl can dissolve in water to conduct electricity."	2020	high	medium
3322	"Regarding guanine (G) and uracil (U), which of the following statements are incorrect?

A. Both are basic  
B. Both are cyclic organic compounds  
C. Both contain ---NH\textsubscript{2}  
D. Both can form base pairs in DNA molecules"	multiple_answer_choice	C, D	Nucleic acid	"Answer: A. Based on the common bases in nucleic acids, which are adenine (A), guanine (G), cytosine (C), uracil (U), and thymine (T), it is known that option A does not meet the question requirements.  
B. The structural formula of guanine (G) is <image>, and the structural formula of uracil (U) is <image>. Both are cyclic organic compounds, so option B does not meet the question requirements.  
C. From the structural formulas of both in option B, it can be seen that uracil (U) does not contain \(- {NH}_{2}\), which aligns with the question requirement for option C.  
D. Guanine (G) bases are present in both RNA and DNA, while uracil (U) is found only in RNA, which aligns with the question requirement for option D.  
Analysis: Analyzing the structural formulas and presence"	2021	high	medium
3954	"The three major synthetic materials based on modern petrochemicals are:  
A. Synthetic detergents  
B. Synthetic fibers  
C. Synthetic rubber  
D. Plastics"	multiple_answer_choice	B, C, D	Synthetic materials###Experiment on the Properties of Synthetic Organic Polymer Compounds	Answer: A. Synthetic detergents are not one of the three major synthetic materials; option A does not meet the question's intent. B. Synthetic fiber is one of the three major synthetic materials; option B meets the question's intent. C. Synthetic rubber is one of the three major synthetic materials; option C meets the question's intent. D. Plastic is one of the three major synthetic materials; option D meets the question's intent. Therefore, the answer is: BCD. Analysis: The three major synthetic materials are plastic, synthetic rubber, and synthetic fiber.	2018	high	medium
