index	question	category	answer	knowledge	analysis	year	grade_level	difficulty_level
251	The characteristics of modern tourism are: ( ), ( ), ( ), and ( ).	fill_in_the_blank	Popularization of tourist demographics; diversification of tourism forms; expansion of tourism spaces; entertainment-oriented tourism purposes.	The connotation and characteristics of tourism resources	"Characteristics of modern tourism mainly include trends such as diversity, mass appeal, spatial expansion, and entertainment-oriented purposes. Different tourism purposes lead the currently dominant sightseeing tourism to develop towards diversification, including business and exhibition tourism, cultural and religious tourism, specialized tourism, and emerging high-end tourism.

Tourism resources are the prerequisites for the development of tourism and form its foundation. Tourism resources mainly include natural scenic tourism resources and cultural landscape tourism resources.

95. The transportation network is formed by lines (such as railways, [blank], and waterways) and points (such as ports, stations, and [blank]). The layout of these lines and points is mainly influenced and restricted by [blank], social, [blank], and natural factors."	others	high	easy
255	The land of five seas and three continents in West Asia. Connecting the Indian Ocean, ( ) Ocean, linking the continents of Asia, Europe, and Africa, situated between the Arabian Sea, Red Sea, Mediterranean Sea, ( ) Sea, ( ) Sea (Lake), along with the ( ) Canal and Turkish Straits controlling the key maritime passages.	fill_in_the_blank	Atlantic; Black; Caspian; Suez	Asia###Middle East###Africa	"[Analysis] [Explanation] Solution: Based on the map analysis, it can be concluded that Western Asia, known as the region of the five seas and three continents, connects the Indian Ocean and the Atlantic Ocean, linking the continents of Asia, Europe, and Africa. It is located between the Arabian Sea, Red Sea, Mediterranean Sea, Black Sea, and the Caspian Sea (an inland lake). The Suez Canal and the Turkish Straits also control maritime transportation passages.

[Commentary] The main reason for the hot and dry climate of Western Asia and North Africa is the influence of the subtropical high pressure or trade wind belt, which causes prevailing descending air currents, leading to scarce annual rainfall and a hot and dry tropical desert climate.

Location of Western Asia and North Africa: (1) Latitude: This region is between 20°N and 40°N, with the Tropic of Cancer passing through its southern part, and the majority lies south of 30°N"	others	high	easy
332	In the image, the area suitable for constructing a high-end residential district is ( ). Please explain the reason ( ).	fill_in_the_blank	①; Located on the city outskirts, close to green spaces, with good environmental quality; positioned upwind of prevailing winds, ensuring good air quality.	Urban spatial structure model###Urban spatial form and change	"(Analysis) [Commentary] High-end residential areas are typically located in regions with beautiful environments, good air quality, a rich cultural atmosphere, and convenient transportation.

45. From the diagram, it is evident that location ① is near a green area with a beautiful environment; it is situated upwind of prevailing winds and is not affected by industrial pollution, thus having good air quality. It is close to a road, providing convenient transportation, and adjacent to an educational and cultural district, which offers a rich cultural atmosphere. Therefore, location ① is most suitable for building a high-end residential area."	others	high	medium
365	Characteristics of urban waste: \ul{    }; \ul{    }; \ul{    }.	fill_in_the_blank	Large quantity; wide variety; significant changes.	Solid Waste Pollution and Its Hazards	"【Analysis】 Urban waste is characterized by its large quantity, diverse types, and significant variability. 

【Commentary】 This question primarily examines the characteristics of urban waste, focusing on aspects such as quantity, variety, and updating cycle.

27. Among human activities such as building reservoirs, reclaiming lakes for farmland, destroying vegetation in watersheds, and clearing steep slopes in upstream mountainous areas, those that can induce or exacerbate floods include \ul{     }, \ul{     }, and \ul{     }."	others	high	medium
2454	Natural tourism resources include: ( ), ( ), ( ), and ( ).	fill_in_the_blank	Majestic mountains and clear waters; unique peaks and strange caves; flowing springs and flying waterfalls; sunny beaches.	Types of Tourism Resources	"[Analysis] Natural tourism resources are captivating natural landscapes, primarily including scenic mountains and waters, unique peaks and caves, flowing springs and waterfalls, and sunny beaches. 

[Commentary] Natural landscape tourism resources include mountains, canyons, forests, volcanoes, rivers, lakes, beaches, hot springs, wildlife, and climate, which can be categorized into four main types: topography, hydrology, climate, and biology.

88. The Chang'e satellite and the Moon orbiting each other form a new celestial system. (True or False)"	others	high	easy
368	"The Connotation of Environmental Security Issues

(1) Environmental Security

① Meaning: Environmental security, also known as \ul{    }, refers to the state where the destruction and threats to the natural environment remain within a range that the environment or socio-economy can bear.

② Two Perspectives

From a natural perspective: Environmental security means that the natural environment and its \ul{    } are in good condition or have not suffered irreparable damage.

From a human social perspective: Environmental security means that the \ul{    } of environmental issues and the cost of solving these issues do not severely impact \ul{    } development.

(2) Environmental Security Issues

When the severity of environmental problems exceeds a certain \ul{    }, they become environmental security issues."	fill_in_the_blank	(1) Ecological safety; service capacity; degree of hazard; socio-economic	Service functions of the natural environment and their sustainable use###The interrelationship between humans and the environment###Overview of Environmental Issues	"(Analysis) (1) Environmental security, also known as ecological security, refers to the extent to which threats and damage to the natural environment can be kept within acceptable limits. Protecting the stability and health of ecosystems is crucial for the sustainable development of the socio-economy. Ecological security involves protecting biodiversity, maintaining ecological balance, preventing environmental pollution, and avoiding overexploitation of resources to ensure sustainable environmental development and human well-being. From a natural perspective: Environmental security means that the natural environment and its service capacity are in good condition or have not suffered irreparable damage. From a human society perspective: Environmental security means that the severity of environmental problems and the costs of addressing them do not significantly hinder socio-economic development. Environmental security requires solving environmental problems without severely impacting socio-economic growth. Addressing and solving environmental problems need to consider economic costs, social impact, and other factors to achieve coordinated development between environmental protection and socio-economics.

(2) When the severity of environmental problems exceeds a"	others	high	medium
461	"Fill in the countermeasures for the problems in water resources listed in the table below.

| Cause                                           | Countermeasure                          |
|-------------------------------------------------|-----------------------------------------|
| Over-extraction of water resources              | ( )                                     |
| Uneven distribution of water resources          | ( )                                     |
| Pollution of water sources                      | ( )                                     |
| Population pressure on water resources          | ( )                                     |
| Inefficient utilization of available water      | ( )                                     |

Current answer: Inter-basin water transfer; construct reservoirs; control population growth; conserve water, improve water resource utilization; protect water sources, manage water pollution, recycle use."	fill_in_the_blank	Inter-basin water transfer; construct reservoirs; manage water pollution, recycle use; control population growth; conserve water, improve water resource utilization	Overview of Water Resources###Rational utilization of water resources###Resource Issues and Their Causes	"(Analysis) (Examination) Gap 1: Uneven spatial distribution of water resources requires inter-basin water transfer, as is the case with China's South-to-North Water Diversion Project;

Gap 2: Uneven temporal distribution of water resources necessitates the construction of reservoirs to store water and prevent flooding in wet seasons, and release water for irrigation in dry seasons;

Gap 3: Due to rapid population growth and expansion of industrial and agricultural production, the demand for water resources increases, requiring measures to control population growth, conserve water in industrial and agricultural use, and enhance water resource utilization to reduce waste;

Gap 4: Severe water pollution necessitates the protection of water resources, especially the safeguarding of water sources, as well as addressing water pollution and recycling.

(Commentary) As a country with critically scarce water resources, China's per capita amount is only 1/4 of the world average. Overall, the spatial and temporal distribution of water resources is uneven, the per capita amount is"	others	high	medium
611	In the adjustment of the industrial economic structure, implement ( ) production to assess the impact of products throughout the entire process from raw material extraction, manufacturing, consumption, to waste disposal on ( ). This aims to improve ( ) efficiency and ( ) benefits, achieving ( ) in the industry.	fill_in_the_blank	clean; environment; environmental; economic; sustainable development	The Inevitability of China Pursuing a Sustainable Development Path	"[Analysis] The current issues facing our country are high population pressure, insufficient per capita resources, and severe environmental problems. Therefore, our country must pursue sustainable development, mainly through a circular economy, which uses resources in an environmentally friendly manner. In industry, clean production is primarily promoted, and in agriculture, ecological farming is advocated. 

[Comment] This question primarily examines the section on China's sustainable development practices, focusing on basic knowledge that students need to understand. The difficulty level is low, essentially summarizing key knowledge from the textbook."	others	high	easy
2457	The role of tourism in promoting economic development includes four aspects: ① Developing international tourism can increase ( ), ② Developing domestic tourism is an important way to ( ), ③ Stimulating the development of related industries, ④ Promoting regional economic development.	fill_in_the_blank	national foreign exchange income; recover currency, stabilize the market	The significance of tourism for regional development	"[Analysis] Developing international tourism can increase the country's foreign exchange income and promote economic development. Developing domestic tourism is an important way to recover currency and stabilize the market, promoting regional economic development. 

[Commentary] The significance of developing the tourism industry:

1. The development of tourism can meet the growing material and cultural needs of the people. Through tourism, people can physically and mentally relax, improve their health, broaden their horizons, increase their knowledge, and promote the development of social production.

2. The development of tourism is based on and constrained by the overall level of national economic development, while also directly and indirectly promoting the development of related sectors of the national economy, such as commerce, catering services, hotel industry, civil aviation, railways, highways, postal and telecommunications, daily-use light industry, arts and crafts, and gardens.

3. The development of tourism encourages these sectors to continuously improve and perfect various facilities, expand service offerings, and enhance service quality. With social development, tourism"	others	high	easy
859	China's tourism resources are very abundant. According to predictions by the World Tourism Organization, by 2020, China will become the world's ( ) tourist destination and the ( ) largest source of outbound tourists.	fill_in_the_blank	largest; fourth	China's transportation, commerce, and tourism industries	"Analysis: Currently, China has become one of the most attractive tourist destinations for international travelers. According to predictions by the World Tourism Organization, by 2020, China will become the world's largest tourist destination country. With economic development, there are more travelers, and by 2020, China is expected to become the world’s fourth-largest source of outbound tourists.

Commentary: Tourism resources refer to attractions and locations with tourism development value. These mainly include cultural and historical sites, buildings, inscriptions, and revolutionary relics as humanistic tourism resources, as well as natural resources such as mountains, bodies of water, and trees. China has become one of the most attractive tourist destinations for international travelers."	others	high	medium
861	Tourism planning is the reasonable development of the tourism industry through \ul{　 　} and \ul{　 　} to meet various needs of tourists such as food, accommodation, transportation, sightseeing, shopping, and entertainment.	fill_in_the_blank	Tourism resource development; attraction construction	Tourism Planning	"Analysis: The main content of tourism planning includes two aspects. First, it involves the development of tourism resources based on the current state of resources. Second, it involves the construction of tourist attractions, including infrastructure, service facilities, and more. The ultimate goal is to meet the diverse needs of tourists, such as food, accommodation, transportation, sightseeing, shopping, and entertainment.

Comment: Tourism planning relies on the tourism resources and internal and external conditions of the planning area to optimize the configuration of tourism industry elements and scientifically plan for the future development of the tourism industry.

42. \ul{　 　} is an important component of GIS and is the soul and essence of the GIS system."	others	high	medium
1642	According to water storage space, the largest body of water on Earth is the ( ), the largest freshwater body is the ( ), and about two-thirds of this freshwater is stored in the ( ) and ( ) regions.	fill_in_the_blank	ocean; glacier; Antarctica; Arctic	Composition of the hydrosphere	"[Analysis] The main component of the hydrosphere is the Earth's oceans, which cover about 71% of the global surface. As a result, the majority of Earth's water is saline, with freshwater making up only 3% of the total global water volume. Two-thirds of this freshwater is stored in the massive glaciers of the Antarctic and Arctic regions.

[Commentary] The hydrosphere refers to a nearly continuous but irregular layer formed by liquid, gas, and solid water on and below the Earth's surface. The upper boundary of water in the hydrosphere can reach the top of the atmospheric troposphere, while the lower boundary extends to the limit of deep groundwater. It includes atmospheric water vapor, surface water, soil moisture, groundwater, and water within living organisms. Most of the water in the hydrosphere is stored in liquid form in oceans, rivers, lakes, reservoirs, swamps, and soil; some water exists in solid form in extensive polar ice caps, glaciers,"	others	high	easy
1899	Basic elements of modern tourism: \_\_\_, with \_\_\_ being the core.	fill_in_the_blank	Eat, stay, travel, tour, shop, entertain; tour	Basic Elements of Tourism###The significance of tourism for regional development	"[Analysis] This question focuses on testing students' understanding of the formation of tourism resources and their grasp of the basic elements of modern tourism resources, with the emphasis still placed on travel.

[Comment] Students should pay attention to mastering the basic knowledge and distinguishing the different characteristics of the six elements.

27. Manifestations of environmental issues: ____, ____, ____, global environmental change."	others	high	medium
2458	The value of tourism resources includes: ( ), ( ), ( ), and ( );	fill_in_the_blank	Historical and cultural value; economic value; aesthetic value; scientific value	Evaluation of Conditions for Tourism Resource Development	"[Analysis] [Review] The value of tourism resources includes historical and cultural value, economic value, aesthetic value, and scientific value. [Comment] Evaluation of conditions for tourism resource development:

1. Tourist value: resource quality, regional combination, clustering
2. Transport accessibility
3. Market distance
4. Regional reception capacity
5. Environmental carrying capacity"	others	high	easy
