index	question	category	A	B	C	D	answer	knowledge	analysis	year	grade_level	difficulty_level
1200	Biomass refers to the total amount of organic material actually alive per unit area at a given time, usually expressed as kg/m² or t/hm². Table 1 depicts the distribution of solar radiation at the atmospheric upper boundary horizontal plane. Which of the following statements is correct?	single_answer_choice	The higher the latitude, the greater the solar radiation at the atmospheric upper boundary.	The greater the solar radiation at the atmospheric upper boundary, the higher the temperature.	Biomass is positively correlated with solar radiation at the atmospheric upper boundary.	Biomass is negatively correlated with solar radiation at the atmospheric upper boundary.	C	The impact of solar radiation on Earth	nan	others	high	easy
118	"The Sahara Desert is one of the largest sources of dust globally, with over 180 million tons of dust blowing out of it annually and affecting many areas with strong winds. In 2021, during the active period of Saharan dust storms, NASA satellites captured large amounts of gray-yellow dust over the Atlantic, and the Copernicus Atmospheric Monitoring Service detected Sahara dust sweeping over several Central and Eastern European countries. Based on this, complete the question.

47. Some dust originating from the Sahara Desert can affect southern Norway and Sweden. Its transmission route might be:"	single_answer_choice	Southwest monsoon --- Mid-latitude ascent --- Prevailing westerlies --- Polar easterlies vertical descent	Vertical ascent --- Prevailing westerlies --- Northwest monsoon --- Polar easterlies vertical descent	Vertical ascent --- Upper-level southwest wind --- Vertical descent --- Prevailing westerlies --- Polar easterlies	Northeast trade winds --- Equatorial ascent --- Upper-level southwest wind --- Subt	D	The formation and distribution of the three-cell circulation, global pressure belts, and wind belts	nan	others	high	easy
883	"In recent years, ride-hailing apps have rapidly developed in large and medium-sized cities in our country, integrating the ""Internet"" with ""transportation."" This mode of travel has had a significant impact on production and daily life. Ride-hailing apps mainly apply which of the following geographic information technologies?"	single_answer_choice	Remote sensing technology and global satellite navigation system	Geographic information system and global satellite navigation system	Remote sensing technology and geographic information system	Digital Earth and remote sensing technology	B	The development of geographic information technology###Remote Sensing (RS)###Global Navigation Satellite System (GNSS)###Geographic Information System (GIS)	nan	others	high	easy
2063	The following is not one of China's three major environmental management policies (    ):	single_answer_choice	"""Who pollutes, who governs"""	"""Prevention first, combining prevention and control, comprehensive management"""	"""Strengthening environmental management"""	"""Three synchronizations"", ""Three unifications"" environmental protection strategy"	D	Overview of Environmental Issues###Environmental management	"""Prevention first, combining prevention and control, comprehensive management,"" ""whoever pollutes is responsible for managing,"" and ""strengthening environmental management"" are the three basic policies of environmental protection in China. ABC are correct, D is incorrect, so the answer is: D. 

Environmental protection generally refers to the various actions taken by humans to solve real or potential environmental issues, coordinate the relationship between humans and the environment, safeguard the living environment for human beings, and ensure the sustainable development of the economy and society. The methods and means include engineering technology, administrative management, economic measures, and public education, among others."	others	high	easy
1340	The correct statement about plate tectonics is ( ).	single_answer_choice	The East African Rift is formed by compressional faulting	The crust within a plate is relatively active	Volcanoes and earthquakes often occur within a plate	The boundary between plates is where the crust is relatively active	D	Plate tectonics theory	nan	others	high	easy
398	"""The Chinese Poetry Conference"" reflects the cultural heritage of Chinese culture and has sparked a surge in viewership. In ancient poems, there are many lines that describe geographical phenomena and reveal geographical patterns. Complete the following question.

Which of the following poetry lines does not correctly correspond to the geographical phenomena? ( )"	single_answer_choice	"""Suddenly, like a night of spring breeze, thousands of pear trees blossom."" - weather when a cold front passes"	"""During the yellow plum season, it rains at every house, and frogs appear in pond grass everywhere."" - continuous rainy weather of the plum rain (Meiyu) season"	"""The city still remains in the heat of the three hottest days, while autumn light reaches rural homes first."" - explanation of the urban heat island effect"	"""The sun rises in the east, rain falls in the west; it is said to be not sunny, yet it is sunny."" - portrayal of frontal rainfall type"	D	Quasistationary front	"Analysis: The question examines the judgment of weather systems. ""Suddenly, the spring breeze arrives overnight, and thousands of pear trees blossom."" This indicates that after a night of strong wind, a large amount of snow fell and accumulated on the trees, indicating a cold front passing. Option A does not fit the context. ""During the plum rain season, it rains at every house, and frogs are everywhere in the green ponds."" This described the continuous rain brought by the quasi-stationary front in the Jianghuai region during the plum rain season. Option B does not fit the context. ""While the city still has the heat of midsummer, the autumn light has already reached the countryside."" This illustrates the urban heat island effect, where the city's temperature is higher than that of the suburbs. Option C does not fit the context. ""The sun rises in the east while it rains in the west; it is said to be sunny but is actually not."" This suggests high precipitation intensity, small"	others	high	easy
1217	"Jupiter is sometimes called the ""shield of Earth,"" protecting life on Earth. What do you think is the most reasonable explanation?"	single_answer_choice	Its large volume and mass attract small celestial bodies that might otherwise collide with Earth.	Being closer to the Sun, it reduces the ultraviolet radiation directed at Earth from the Sun.	It orbits in the same direction as Earth, creating a safe and stable cosmic environment.	Its orbit lies between Earth and the asteroid belt, preventing asteroid collisions.	A	Solar System and Earth-Moon System	nan	others	high	easy
874	Among the following population migration phenomena, which one is considered ecological migration? (     )	single_answer_choice	Elderly people from Harbin travel to Australia in winter to avoid the cold	Young and middle-aged rural residents move to the city to work as sanitation workers	Retired workers from Shanghai move to Guangxi Bama Longevity Village	Residents at the Yangtze River source relocate away from the water source	D	Factors influencing population migration	"[Analysis] Harbin residents traveling to Australia in winter to avoid the cold is considered tourism, not migration, which makes A incorrect. Young and middle-aged rural residents moving to the city to work as sanitation workers is a result of economic disparity between urban and rural areas, not ecological migration, making B incorrect. Retired workers relocating from Shanghai to the longevity village in Bama, Guangxi to seek a higher quality environment is not to alleviate environmental pressure in Shanghai, which means it is not ecological migration, making C incorrect. Residents moving away from the headwaters of the Yangtze River helps reduce damage to the river's source and supports water conservation, fitting the definition of ecological migration, making D correct. Thus, the answer is: D.

[Commentary] Factors affecting population migration:

1. Natural ecological environment factors:
   (1) Climate directly affects human health and regional soil, vegetation, and hydrology, significantly impacting human production and life.
   (2) The distribution and change"	others	high	easy
1368	"On October 14, 2021, China successfully launched its first solar exploration satellite, ""Xihe."" This will help improve China's research capabilities on solar activities. The main indicators of solar activity are (     )"	single_answer_choice	Flares and prominences	Sunspots and flares	Sunspots and solar wind	Prominences and solar wind	B	The impact of solar activity on Earth	"(Analysis) The main indicators of solar activity are sunspots and solar flares. Solar activity includes sunspots on the photosphere, flares and prominences on the chromosphere, and the solar wind in the corona. Sunspots are the primary indicators of the intensity of solar activity, and flares are the most intense displays of solar activity, making option B correct, excluding options A, C, and D. Thus, the answer is B.

(Commentary) The external structure of the solar atmosphere from the inside out comprises the photosphere, chromosphere, and corona. Solar activity in the photosphere includes sunspots, which can affect Earth's climate. Activity in the chromosphere includes flares and prominences; flares can disrupt Earth's ionosphere, interfere with radio shortwave communications, and disrupt Earth's magnetic field, causing geomagnetic storms. Coronal solar activity involves the solar wind, which can cause auroras in Earth's high-latitude regions. Solar activity is primarily manifested by sunspots"	others	high	easy
1737	The correct statement about the relationship between city level, quantity, and service range is (     )	single_answer_choice	The higher the city level, the more numerous and greater the service range	The higher the city level, the fewer and smaller the service range	The lower the city level, the fewer and greater the service range	The lower the city level, the more numerous and smaller the service range	D	City classification	"Analysis: A. The higher the city level, the fewer the number, so Option A is incorrect;

B. The higher the city level, the larger the service area, so Option B is incorrect;

C. The lower the city level, the more the number, and the smaller the service area, so Option C is incorrect;

D. The lower the city level, the more the number, and the smaller the service area, so Option D is correct.

Therefore, the answer is: D.
Comment: The higher the city level, the fewer the numbers, the larger the service area, and the farther apart they are; the lower the city level, the more the numbers, the smaller the service area, and the closer they are to each other."	others	high	easy
1520	Regarding the statements about fossils, which is correct?	single_answer_choice	Strata from the same era often contain different fossils.	Strata from different eras often contain the same or similar fossils.	The fossils preserved in the strata can be used to determine the era and sequence of the strata.	Strata containing trilobite fossils belong to the Mesozoic era; strata containing dinosaur fossils belong to the Paleozoic era.	C	Fossils and Strata###Geological Time Scale and Earth's Evolutionary History	"(Analysis) Based on the knowledge learned, it is known that layers of the same era often contain the same or similar fossils. Therefore, the fossils preserved in the strata can be used to determine the age and sequence of the strata. Trilobite fossils appear in Paleozoic strata, dinosaur fossils in Mesozoic strata, making C correct and ABD incorrect.
Thus, the answer is: C.
(Commentary) Geological eras are divided into several natural stages based on the development of life and the sequence of strata formation, following the history of the Earth's crust development. The geological eras mnemonic: Cenozoic includes Quaternary and Tertiary; Mesozoic includes Cretaceous, Jurassic, Triassic; Paleozoic includes Permian, Carboniferous, Devonian; Silurian, Ordovician, Cambrian."	others	high	easy
75	"At 11:14 on October 26, 2023, Beijing time, the Long March 2F Yao-17 carrier rocket carrying the Shenzhou 17 manned spacecraft was launched from the Jiuquan Satellite Launch Center. About 10 minutes later, the Shenzhou 17 manned spacecraft successfully separated from the rocket and entered the predetermined orbit. The astronaut crew is in good condition, and the launch was a complete success. Based on this, complete the following question.

97. On the day of the Shenzhou 17 manned spacecraft launch, which of the following statements is correct?"	single_answer_choice	The Earth's orbital speed is getting slower.	The solar noon altitude angle in Xinyi is increasing.	In Beijing, the sun rises in the southeast and sets in the southwest.	In Hangzhou, the day is shorter than the night, and the day is getting longer.	C	Earth's Rotation and Its Characteristics###The Earth's Revolution and Its Characteristics###The variation in the length of day and night.###Changes in solar noon altitude	nan	others	high	easy
620	"Human civilization has evolved from hunter-gatherer civilization to agricultural, industrial, and post-industrial civilization, with different environmental issues at each stage of social development. Based on this, answer the following questions.

80. During the hunter-gatherer civilization period, the main environmental issue was (     )"	single_answer_choice	Natural disasters threatening human survival and development	Human destruction and pollution of the ecological environment	Human destruction of biological resources	Intensified soil erosion and desertification	C	The Historical Evolution of Human-Land Relationship Thought	nan	others	high	easy
1023	The common natural characteristic of various regions in northern China is (    )	single_answer_choice	Rivers have a high silt content	The average temperature in January is below 0℃	All are located on the third step of the terrain	The vegetation type is temperate deciduous broadleaf forest	B	Northern regions of China	[Analysis] China's northern region is located north of the Qinhuai Line, with an average January temperature below 0°C, which makes B correct. The sediment content in rivers is related to various factors like regional vegetation coverage and soil composition, making A incorrect. China's northern region spans the second and third terrain steps, making C incorrect. Vegetation types are related to latitude, maritime location, and mountain vertical climate differentiation, and the vegetation in the northern region is not solely temperate deciduous broad-leaved forest, making D incorrect. Thus, the correct answer is B. [Commentary] The northern region's terrain is mainly plains, with some plateaus and mountains. Representative terrains include the Northeast Plain, North China Plain, and Loess Plateau.	others	high	easy
1506	On June 27, 2023, a sudden flash flood and mudslide occurred in Wenchuan County, forming a barrier lake by blocking the river course. In response to this emergency, the government immediately organized relevant departments to carry out various contingency plans and rescue efforts. After the incident, the geographical information technologies used for disaster monitoring and determining rescue routes were (　　)	single_answer_choice	Global Satellite Navigation System, Geographic Information System	Geographic Information System, Remote Sensing Technology	Remote Sensing Technology, Global Satellite Navigation System	Remote Sensing Technology, Geographic Information System	D	Remote Sensing (RS)###Global Navigation Satellite System (GNSS)###Geographic Information System (GIS)	nan	others	high	easy
2200	Currently, the Sanjiang Plain still has large areas of marshland, but in 2000, the State Council ordered a halt to reclamation. The main reason is:	single_answer_choice	China has joined the WTO and can import large quantities of cheap grain from the international market.	"Protecting ""wetlands"" is beneficial for improving the ecological environment."	Encouraging diverse operations and the development of aquatic plants such as water caltrops and lotus root.	Coal, oil, and other mineral resources are abundant, and future efforts should focus on the development and utilization of mineral resources.	B	Development and Protection of Wetlands	"Explanation: Wetland resources serve as valuable land reserves, but their ecological value far exceeds their economic value. Therefore, the direct purpose of ""stopping encroachment"" on wetlands is to protect them and improve their ecological function, making option B correct. Hence, the answer is B.

Commentary: The causes of marsh formation generally include the following points: 1. Low-lying terrain with poor drainage, 2. High latitude with low temperatures leading to weak evaporation, 3. Concentrated rainfall with frequent heavy rains, 4. Widespread permafrost impeding infiltration, 5. Flood surges, 6. Confluence of multiple rivers."	others	high	easy
1657	"Detroit, an industrial city renowned as the ""Motor City,"" is the home of America's three major automakers. However, its former glory no longer exists. Based on this, answer the following question.

89. The possible reasons for the decline of the ""Motor City"" are (     )"	single_answer_choice	Overexpansion, outdated industrial structure, and the impact of the financial crisis	Depletion of mineral resources	Rapid development of the British automobile industry, capturing a large portion of the international market	Aging domestic population leading to a labor shortage	A	Traditional industrial area	nan	others	high	easy
1246	Regarding the description of boundary lines, the incorrect statement is ( ).	single_answer_choice	The boundary line between the temperate and polar zones is 66°34′N 66°34′S	The boundary line between the Eastern and Western Hemispheres is 0°, 180°	The boundary line between the Northern and Southern Hemispheres is 0°	The boundary line between middle and high latitudes is 60°N, 60°S	B	Globes and the Graticule###Five-zone division	[Analysis] Based on the division of the Earth's zones, it is known that the Earth's surface is divided into five temperature zones: the Tropics, the Northern Temperate Zone, the Southern Temperate Zone, the Northern Polar Zone, and the Southern Polar Zone. The Polar Circles serve as the boundary between the temperate and polar zones, with latitudes around 66°34′S and 66°34′N. This statement is correct, making option A inappropriate. The boundary between the Eastern and Western Hemispheres is 20°W and 160°E, not 0° and 180°, making option B appropriate. The equator, at 0° latitude, serves as the boundary between the Northern and Southern Hemispheres, which is correct, making option C inappropriate. The 30° and 60° latitudes serve as boundaries dividing the Earth into high, middle, and low latitudes, with the middle-high latitude boundary at 60°N	others	high	easy
785	"On January 18, 2023, a 5.4 magnitude earthquake struck West Azerbaijan Province in northwestern Iran, with the epicenter located in Kho County and a hypocenter depth of 12 km. Approximately 200 homes in a nearby village were severely damaged and multiple people were injured. Based on this, answer the following question.

113. The main cause of this earthquake in Iran was (　　)"	single_answer_choice	Poor vegetation conditions and severe soil erosion	Complex mountainous terrain conditions	Located at a plate boundary with active crustal movement	Concentrated rainfall and frequent heavy rainstorms	C	Plate tectonics theory###Main Achievements in China's Disaster Prevention and Mitigation	nan	others	high	easy
1499	From National Day to New Year's Day, the sun's direct point (        )	single_answer_choice	In the Northern Hemisphere, it moves northward first then southward	In the Northern Hemisphere, it moves southward first then northward	In the Southern Hemisphere, it moves southward first then northward	In the Southern Hemisphere, it moves northward first then southward	C	The regression movement of the solar point of direct sunlight	nan	others	high	easy
894	The large-scale burning of coal, oil, and other fossil fuels by humans will lead to (    )	single_answer_choice	Ozone layer depletion, lowering of near-surface temperatures	Increase in nitrogen, enhancing the atmosphere's reflective effect	Reduction in water vapor content, weakening of solar radiation	Increase in carbon dioxide, global climate warming	D	Carbon Emissions and International Emission Reduction Cooperation###Global Climate Change: Impacts and Countermeasures	nan	others	high	easy
2186	Water vapor and impurities in the atmosphere ( 　　)	single_answer_choice	Are raw materials for photosynthesis	Can absorb a large amount of ultraviolet radiation from the sun	Are necessary conditions for cloud formation and rainfall	Are fundamental elements for the healthy growth of organisms on Earth	C	The composition of the atmosphere	"(Analysis) A, Carbon dioxide is a raw material for photosynthesis, A is incorrect; 
B, Ozone can absorb ultraviolet rays from solar radiation, B is incorrect; 
C, Water vapor is the main water source for precipitation, and impurities act as condensation nuclei. Both are necessary conditions for cloud and rain formation, C is correct; 
D, Water vapor and impurities are not fundamental elements for healthy growth of organisms on Earth, nitrogen is, D is incorrect. 
Therefore, the answer is: C 
(Commentary) Dry air refers to the entire mixture of gases in the atmosphere excluding water vapor, liquid, and solid particles."	others	high	easy
1733	The following statement is incorrect (    ):	single_answer_choice	Increasing vegetation coverage can prevent landslides and debris flows.	Fossils may also be found in granite.	The main effect leading to the natural straightening of a river's course is erosion.	The numerous gullies and ravines of the Loess Plateau are formed by water erosion.	B	Fluvial geomorphology###Landslides and debris flows###Minerals and Rocks	"A. Vegetation helps in soil and water conservation, so increasing vegetation coverage can somewhat prevent debris flows, which is correct. A does not meet the question's intent.

B. Granite forms from the cooling and solidifying of magma under high temperature and pressure, environments not conducive to preserving biological remains or traces, thus it's not possible for granite to contain fossils. This statement is incorrect, and B meets the question's intent.

C. The neck between adjacent meanders gets narrower due to erosion by water flow, and if eroded completely, the river takes a new straightened course. Therefore, the main driver for the river's natural straightening is erosion. This statement is correct, and C does not meet the question's intent.

D. The loess layer on the Loess Plateau is relatively loose, making it prone to erosion by surface runoff, forming gullies. Thus, the numerous gullies on the Loess Plateau are formed by water erosion, which is correct. D does not meet"	others	high	easy
625	The main distribution of ethnic minorities in our country is (  ).	single_answer_choice	Northeast, Northwest, North China	Southwest, Southeast, Central South	Southwest, Northwest, Northeast	Northeast, North China, Southwest	C	Characteristics and Influencing Factors of Population Distribution in Our Country	"(Analysis) Our country is a multi-ethnic nation, with 56 ethnic groups forming a unified and harmonious family. Among these ethnic groups, the Han people are the most numerous. The characteristics of ethnic distribution in our country are primarily large areas of scattered settlements and smaller clusters of concentrated settlements, with overlapping and mixed inhabitation. The Han people are distributed the most widely, mainly concentrated in the eastern and central regions, while ethnic minorities are primarily found in the southwest, northwest, and northeast areas. In summary, C is correct, ABD is incorrect. Therefore, the answer is: C.

(Commentary) The characteristic of ethnic distribution in our country is ""large areas of scattered settlements, smaller concentrated clusters,"" with mutual overlapping habitation. The Han people have the widest distribution, mainly in the eastern and central areas, while ethnic minorities are mainly in the southwest, northwest, and northeast regions. There are minority group clusters among Han areas, and Han people also live in minority regions. The interspers"	others	high	easy
2062	There are three east-west mountain ranges in our country. The northernmost one is (     )	single_answer_choice	Da Xing'an Mountains------Taihang Mountains------Wushan Mountains------Xuefeng Mountains	Tianshan Mountains------Yin Mountains	Kunlun Mountains------Qinling Mountains	Changbai Mountains------Wuyi Mountains	B	China's terrain and topography	"Analysis: The east-west oriented mountain ranges in China mainly include three lines: Tianshan-Yinshan; Kunlun Mountains-Qinling; Nanling. Among them, the northernmost line is Tianshan-Yinshan. B is correct and C is incorrect. The Da Hinggan Mountains-Taihang Mountains-Wushan-Xuefeng Mountains and Changbai Mountains-Wuyi Mountains are all northeast-southwest oriented mountain ranges, so A and D are incorrect. Therefore, the answer is B.

Commentary: The east-west oriented mountain ranges in China mainly include three lines: Tianshan-Yinshan; Kunlun Mountains-Qinling; Nanling."	others	high	easy
50	Regarding the description of the Hexi Corridor, which is incorrect (　　)	single_answer_choice	Located to the north of the Qilian Mountains, it is lower in elevation and narrow in shape, named for being west of the Yellow River.	It uses water from the Yellow River and meltwater from the Qilian Mountains to irrigate farmland, with a long history of irrigation agriculture.	It holds an extremely important position for transportation.	It has the Yumen Oilfield, an important petroleum site in the northwest.	B	Northwest region of China	"[Analysis] The Hexi Corridor mainly relies on the meltwater from Qilian Mountain snow and ice to develop irrigated agriculture, without using Yellow River water. The history of irrigated agriculture here is long-standing. Therefore, the answer is: B.

[Comment] The Hexi Corridor is a key route from inland China to Xinjiang. It starts at Wushaoling in the east and extends to the ancient Yumen Pass in the west, situated between the Nanshan (Qilian and Altun Mountains) to the south and Beishan (Mazong, Heli, and Longshou Mountains) to the north. It measures about 900 kilometers in length and varies from a few kilometers to nearly a hundred kilometers in width, characterized by a narrow, long plain stretching northwest-southeast, resembling a corridor, thus called the Gansu Corridor. It is also known as the Hexi Corridor because it is located west of the Yellow River. Geographically, it is a narrow"	others	high	easy
1043	"At approximately 18:52 local time on May 11, 2023, a 5.4-magnitude earthquake occurred in the Hidaka region of Hokkaido, with a maximum intensity of 4 and a focal depth of about 50 km. At the time of the earthquake, a large number of fishing boats were operating at sea in the Hokkaido fishing grounds. 

144. When the earthquake struck, the crew fishing in the Hokkaido fishing grounds by boat (    )"	single_answer_choice	First felt a side-to-side sway, then an up-and-down jolt	First felt an up-and-down jolt, then a side-to-side sway	Only felt a side-to-side sway	Only felt an up-and-down jolt	D	The Earth's Internal Layers###Self-Rescue and Mutual Aid in Natural Disasters	nan	others	high	easy
297	Regarding the statements about the Indus River, which is correct:	single_answer_choice	Originates in northern India, flows through central India, and empties into the Bay of Bengal	Originates in Pakistan, flows through India and Bangladesh, and empties into the Bay of Bengal	Originates in China, flows through Kashmir and Pakistan, and empties into the Arabian Sea	Originates in China, flows through Kashmir and India, and empties into the Arabian Sea	C	South Asia	(Analysis) Based on regional understanding, we know that the Indus River originates in China, mainly flows through Kashmir and Pakistan, and empties into the Arabian Sea. Thus, C is correct. Therefore, the answer is: C. (Commentary) The Indus River is Pakistan's main river and an important agricultural irrigation source. Before the partition of India and Pakistan in 1947, the Indus River was second only to the Ganges and was the cultural and commercial center of the region. The river's total length is 2,900 to 3,200 kilometers. The Indus River civilization was one of the earliest major civilizations to enter agricultural society and settled society in the world.	others	high	easy
888	The incorrect statement about the Qinling-Huaihe line is (    )	single_answer_choice	It roughly coincides with the 800 mm annual precipitation line.	It roughly divides the warm temperate zone from the mid temperate zone.	It roughly coincides with the 0°C isotherm in January.	It roughly divides the humid and semi-humid regions.	B	China's climate	"[Analysis] The Qinling-Huaihe line roughly corresponds to the 800mm annual precipitation line, which is correct, so option A does not match the criteria. The Qinling-Huaihe line is approximately the boundary between the subtropical and the warm temperate zones, not between the warm temperate and the moderate temperate zones, which is incorrect, making option B match the criteria. The Qinling-Huaihe line roughly corresponds to the January 0℃ isotherm line, which is correct, so option C does not match the criteria. The Qinling-Huaihe line is roughly the boundary between humid and semi-humid regions, which is correct, so option D does not match the criteria.

[Comment] The Qinling-Huaihe line, also known as the Qin-Huai line, is commonly referred to as the geographical dividing line between the north and south of China (especially in the eastern region). The southern and northern parts"	others	high	easy
1991	The correct statement is (    )	single_answer_choice	"""Experiencing Mount Huangshan, there is no other mountain"" indicates that Mount Huangshan is a tourism resource that organically combines natural and cultural landscapes."	"""Confucius ascended Mount Tai and deemed everything else small"" indicates that Mount Tai is purely a cultural tourism resource."	"""He who has never been to the Great Wall is not a true hero"" indicates that the Great Wall is a cultural tourism resource of religious significance embodying people's beliefs."	"""The solitary smoke on the desert straight, the sun setting over a long river round"" indicates that tourism resources can reflect a place's historical culture."	A	Aesthetic Characteristics of Tourist Landscapes###Methods of Appreciating Tourist Attractions	"(Analysis) Option A: Huangshan has its unique geological and meteorological landscapes, as well as a profound cultural heritage, making it a typical combination of natural and cultural tourism resources. Therefore, option A is correct.  
Option B: Mount Tai is a world natural and cultural heritage, a combination of natural and cultural tourism resources, so option B is incorrect.  
Option C: The Great Wall is an ancient site of historical and cultural significance, not a religious building, so option C is incorrect.  
Option D: The phrase ""In the vast desert, a lone smoke straight, the long river sunset round"" reflects that tourism resources have aesthetic qualities, so option D is incorrect.  
In summary, the correct answer to this question is A.  
(Comment) Students should pay attention to understanding and accumulating knowledge about the famous mountains of China."	others	high	hard
2021	The problems in the utilization of tidal flat resources in our country are (     )	single_answer_choice	Some reclaimed farmland lacks freshwater for irrigation, leading to salinization.	The creation of salt fields has been very successful, completely avoiding seawater intrusion.	There is basically no hindrance to flood prevention and flood retention.	There are basically no instances of improper use.	A	Development and utilization of marine space###Development and utilization of coastal zones###The relationship between the ocean and humanity	"[Analysis] The main issues in the utilization of mudflats are: A. Reclamation of farmland lacks freshwater irrigation leading to salinization; B. Creation of salt fields induces seawater intrusion, causing large areas of farmland to become barren; C. Severe blockage of estuaries obstructs flood prevention and retention, resulting in widespread flooding, etc. Therefore, choose A. 

[Comment] This examines the current status and existing issues of mudflat resource utilization in China; in coastal areas, the reclamation of farmland faces serious land salinization due to excessive flooding."	others	high	hard
