index	question	category	answer	knowledge	analysis	year	grade_level	difficulty_level
549	"China's first 10,000-meter scientific exploration well, the Taklamakan Desert Deep Geo-1 Well, is located in the heart of the Taklamakan Desert with a target drilling depth of 11,100 meters. Drilling commenced on May 30, 2023, and by October 25, the well's depth had surpassed 8,000 meters, entering a high-difficulty drilling phase. Regarding the layers involved in the Deep Geo-1 Well, which of the following is correct?

A. It is the origin of magma.  
B. There is no life activity.

C. The thickness is uneven.  
D. It is mainly composed of rock."	multiple_answer_choice	C, D	The Earth's Internal Layers###The material cycle of the lithosphere	nan	others	high	easy
1644	"The main characteristics of urbanization in our country are:

A. Urbanization is in the late stage  
B. Urbanization level is relatively low  

C. The phenomenon of suburban urbanization  
D. Early start and rapid development"	multiple_answer_choice	B, C	The process of global urbanization###Urbanization in developing countries	"[Analysis] Our country is a developing country, with a late start and fast development, A is incorrect; low level of urbanization, B is correct; currently, urbanization is in a rapid development phase, and suburban urbanization is occurring, therefore BC items are correct. Our country's urbanization started late and developed quickly, D is incorrect. Thus, the answer is: BC.

[Commentary] This examines the characteristics of urbanization in our country. As a developing country, our urbanization has a short historical timeframe, with main characteristics of a late start, fast development; lower urbanization level; due to urbanization not aligning with the economic development level, urban development is unreasonable. Some megacities have experienced counter-urbanization."	others	high	easy
376	"Regarding the descriptions of natural disasters, which are correct (     )

A. Heavy rain in mountainous areas often triggers mudslides.  
B. Plum rain and cold waves mostly occur together.  
C. Earthquakes can trigger landslides and collapses.  
D. Volcanic eruptions can exacerbate climate drought."	multiple_answer_choice	A, C	Drought disaster###Cold wave disaster###Earthquake###Landslides and debris flows	[Analysis] Heavy rain in mountainous areas often triggers mudslides. The rainy season occurs in June, and cold waves occur in winter, so these two disasters do not occur together. Earthquakes can trigger secondary disasters such as landslides and collapses. Volcanic eruptions do not exacerbate climate droughts.	others	high	medium
294	"Tropical rainforests are (      )

① The most powerful ecosystem on Earth ② The most productive biological community ③ The ""lungs of the Earth"" ④ The world's biological gene bank ⑤ A treasure trove of human medicine ⑥ Land of fertile soil

A. ④⑤⑥ B. ①③⑥ C. ①②③ D. ④⑤"	multiple_answer_choice	C, D	Development and Protection of Forests	"[Analysis] [Analysis] Tropical rainforests are the most powerful ecosystems on Earth, with the highest productivity among biological communities, generating a net global production of 3.4 billion tons annually. Statements ① and ② are correct. Due to the vigorous life activities of rainforest vegetation, a large amount of carbon dioxide is fixed through photosynthesis each year, while a significant amount of oxygen is released into the atmosphere. This breathing in and out profoundly affects the carbon-oxygen balance in the atmosphere, which is why the Amazon rainforest is called the ""lungs of the Earth,"" making statement ③ correct. The rainforest is also the oldest plant community globally, having become the place with the most species proliferation and longest protection in the history of biological evolution, earning it the title of the ""world's biological gene treasure trove,"" thus statement ④ is correct. The rainforest's biological gene pool is an important source of raw materials for human medicine and a treasure trove for medical research, so statement"	others	high	easy
1647	"Common glacial landforms include: 

A. ""V"" shaped valley B. ""U"" shaped valley C. Horn D. Karst peak forest"	multiple_answer_choice	B, C	Glacial landforms	"(Analysis) Glacial landforms include glacier U-valleys, arêtes, cirques, and horn peaks. Glacial activity generally occurs in high latitude and high altitude regions. Therefore, the answer is: BC. (Commentary) This primarily examines the relationship between external forces and landforms. Glacial landforms are formed by glacial erosion at different geographical locations, such as glacier valleys formed by glacial erosion in valleys, which exhibit a ""U"" shape. A cirque is a bowl-shaped depression formed by ice and snow erosion at the glacier's source, and the sharp peaks between cirques are called horn peaks."	others	high	easy
1496	"The banks of some major rivers in the world are often filled with cities of various sizes. The main reason for this is that the riverbanks (   ).

A. have abundant rainfall B. have sufficient water supply C. have a mild climate D. offer convenient water transportation"	multiple_answer_choice	B,D	The Impact of River Landforms on Settlement Distribution	"(Analysis) Some of the world's major rivers are frequently lined with cities of various sizes. The main reasons for this are the convenient water transportation and ample water sources along the riverbanks.

Thus, the answer is: BD. 

(Commentary) The functions of rivers in providing water and transportation were more prominent in ancient times, and the establishment of cities along rivers is a general pattern of city distribution in southern China. Typical locations of cities along rivers include: ① the starting or ending point of river transport, such as Ganzhou in Jiangxi; ② confluence points of rivers, such as Yibin, Wuhan, and Chongqing, which are respectively located at the confluences of the Min River, Jialing River, and Han River with the Yangtze River; ③ river mouths, such as Shanghai and Guangzhou.

139."	others	high	medium
1648	"Currently, the continents with the highest and lowest natural population growth rates in the world are (     )

A. Africa B. Europe C. Latin America D. North America"	multiple_answer_choice	A, B	Inhabitants and Settlements of the World	(Analysis) This question examines global population growth. Currently, the continent with the highest natural population growth rate is Africa; the lowest is Europe (which consists of developed countries, and some nations exhibit zero or negative growth). Therefore, the answer is: AB. (Commentary) This question examines global population growth. It is simple and requires memorization.	others	high	easy
552	"On December 24, 2023, in the waters 11 kilometers off the coast of Laizhou City, Shandong Province, China's first ""Offshore Wind Power + Marine Ranch"" integrated development research pilot project successfully achieved full-capacity grid connection. The project aims to realize efficient and intensive use of marine space, enhancing the development benefits and sustainability of the marine economy. The ""Offshore Wind Power + Marine Ranch"" project primarily utilizes:

A. Marine space resources B. Marine mineral resources

C. Marine biological resources D. Marine energy resources"	multiple_answer_choice	A, C	Development and utilization of marine resources###Development and utilization of marine space	"(Analysis) A. Offshore wind farms generate electricity using marine wind resources, constructed at sea and utilizing ocean space resources, so A is correct. B. Wind and biological resources do not involve the development of marine mineral resources, so B is incorrect. C. Marine ranching mainly focuses on seawater aquaculture, utilizing marine biological resources, so C is correct. D. Marine energy resources primarily use energy from waves, tides, and currents, not including offshore wind and underwater oil and gas resource development, so D is incorrect. Therefore, the answer is AC.

(Comment) The basic principle of ""offshore wind power + marine ranching"" is to fix fish farming net pens and shellfish and algae cultivation racks on the foundations of wind turbines. By turning the offshore wind power bases into ""artificial reefs,"" it achieves the integration of offshore wind power and marine ranching. It will create a new scenario of ""producing green products underwater and clean energy above water,"" aligning with the ""o"	others	high	easy
466	"The phenomenon of saltwater intrusion often occurs in certain river sections of the Pearl River estuary, mainly caused by:

A. Seawater backflow  
B. Decrease in upstream water flow  
C. Saline water discharge from factories  
D. Increased evaporation at the estuary"	multiple_answer_choice	A, B	Water Pollution and Its Causes	"[Analysis] Examining the ecological environment pollution issue.

During the winter and spring seasons, the Pearl River estuary experiences low water levels due to scarcity of rainfall and high upstream water usage. This results in seawater backflow, forming a saline tide. Therefore, options A and B align with the question's intent, while C and D do not.

The answer is AB.

[Commentary] When the freshwater river flow is insufficient, it allows seawater to flow back, mixing saltwater with freshwater, which makes the upstream river water saline, thus forming a saline tide. This usually occurs in winter or during dry seasons, appearing at river-sea intersections, such as the Yangtze River Delta and the Pearl River Delta. Major factors affecting saline tides include weather changes and tidal movements.

Differentiating between seawater backflow and seawater intrusion:

Seawater backflow refers to seawater reaching land via the surface.

Seawater intrusion refers to seawater reaching land via underground."	others	high	medium
335	"Regarding the transfer of global industries, the correct statements are (     )

A. The biggest beneficiaries are developed countries

B. It promotes economic development in developing countries

C. This industrial transfer mainly involves moving from developing countries to developed countries

D. It aggravates poverty and environmental deterioration in developing countries"	multiple_answer_choice	A, B	General Patterns of Industrial Relocation	"(Analysis) World industrial transfer mainly shifts from developed countries to developing countries, promoting reduced production costs and industrial structure adjustment in developed countries. With the transfer of industries, the economies of developing countries develop. Therefore, the answer is AB.

Therefore, the answer is: AB.

(Commentary) Examines the impact of industrial transfer on regional geographical environments."	others	high	medium
550	"From November 20 to December 18, 2022, the 22nd FIFA World Cup was held in Qatar. According to statistics, approximately 1.2 million foreign fans attended in person, having an unprecedented impact on the local area. The influx of fans during the World Cup brought about the following impacts on Qatar:

A. Increase in domestic population and improvement in the level of urbanization

B. Help in promoting related industries and increasing employment opportunities

C. Enhancement of environmental carrying capacity, beneficial for increasing population capacity

D. More congested urban traffic and increased pressure on public facilities"	multiple_answer_choice	B, D	The impact of population migration###The concept, characteristics, and types of the service industry	"[Analysis]

A. The large influx of fans is considered a short-term migratory population, which will not increase Qatar's domestic population or enhance Qatar's urbanization level, hence A is incorrect.

B. The entry of a large number of fans into Qatar can stimulate the development of the catering and accommodation industries, increasing employment opportunities, so B is correct.

C. Environmental carrying capacity relates to natural resources, environment, socioeconomic and technological levels, extent of openness, and consumption levels, remaining stable in the short term. The large influx of fans into Qatar will not impact its environmental carrying capacity, hence C is incorrect.

D. The large influx of fans into Qatar will, in the short term, cause more traffic congestion and increased pressure on public facilities, so D is correct.

Thus, the answers are: BD.

[Commentary] Population migration or movement can strengthen the economic, technological, ideological, and cultural ties between emigrant regions and external societies, reducing population pressure in the emigrant areas"	others	high	easy
1414	"The correct statements are (multiple choice):

A. The age of seafloor rocks is very young, generally not exceeding 200 million years.

B. The age of seafloor rocks is symmetrically distributed with the mid-ocean ridge as the axis, gradually aging from the mid-ocean ridge towards both sides."	multiple_answer_choice	A, B	The distribution of submarine topography###Formation of Seabed Topography	"(Analysis) A: According to the seafloor spreading theory, the age of seafloor rocks is generally no more than 200 million years; B: The age of seafloor rocks is symmetrically distributed with the mid-ocean ridge as the axis, and ages from new to old moving away from the ridge; C: Trenches are zones where oceanic crust disappears; D: Mid-ocean ridges are zones where oceanic crust grows, so options A and B are correct.
(Comment) This examines the formation of seafloor topography; seafloor spreading theory explains the reasons for the formation of seafloor topography."	others	high	hard
1909	"The following four regions are matched reasonably with their agricultural development directions (     )

A. Northeast Plain------Reclaiming marshlands B. Southeast Hills------Developing tea and fruit orchards

C. North China Plain------Developing rice cultivation D. Hengduan Mountains------Developing vertical agriculture"	multiple_answer_choice	B,D	The impact of landforms on agricultural production###Adaptation to local conditions and regional development	[Analysis] The Northeast Plain, especially the Sanjiang Plain, has many wetlands. However, wetlands have significant ecological effects, and during development, they have been largely destroyed. Therefore, it is not advisable to further develop wetlands in the Northeast Plain. Statement A is incorrect. The Southeast Hills run in a northeast-southwest direction, with many river valleys and basins between the hills and low mountains. Due to the predominance of red soil, it is suitable for developing economic forest agriculture. Statement B is correct. The North China Plain is in a temperate monsoon climate zone with relatively low rainfall, and local production and living water use make it a typical water-scarce region in China, unsuitable for rice cultivation. Statement C is incorrect. The terrain of the Hengduan Mountains is complex, with vertical climate zones ranging from tropical at the base to subalpine at higher elevations, displaying marked vertical stratification. Due to the significant vertical climate changes in the high mountain and canyon areas	others	high	medium
2166	"On December 3, 2015, the Ministerial Conference of the Forum on China-Africa Cooperation was held in Pretoria, South Africa. The theme of the summit was ""China and Africa: Progressing Together for Win-Win Cooperation and Common Development."" At the opening ceremony, President Xi Jinping systematically elaborated on China's new concepts, policies, and propositions for developing relations with Africa and announced a series of important initiatives for future China-Africa cooperation. China's main advantage in China-Africa cooperation and development is (   )

A. Technological advantage B. Resource advantage C. Labor advantage D. Capital advantage"	multiple_answer_choice	A, D	Regional coordinated development	"In the development of China-Africa cooperation, China's economic development level is relatively high, with main advantages in technology and capital, making statements A and D correct. Africa has a lower economic level, lower labor costs, is less developed, and possesses resource and labor advantages, making statements B and C incorrect. 

This question aims to examine the conditions for regional cooperation, the main advantages, and the primary areas of cooperation."	others	high	medium
