index	question	category	answer	knowledge	analysis	year	grade_level	difficulty_level
600	The commercial outlets are established on the edge of the city ring road considering their proximity to the market.	true_false	False	Business Centers and Their Formation	"[Analysis] When choosing the location of a commercial street based on the principle of optimal market conditions, it should be built at the geometric center of the city. If based on optimal traffic conditions, it should be built at the edge of urban loop roads or along highways. Therefore, this statement is incorrect.

Thus, the answer is: incorrect.

[Review] Factors for the location of a commercial center: (1) Commercial city: ① Convenient transportation conditions; ② Strong production capacity or stable source of goods; ③ Broad economic hinterland. (2) Urban commercial center: ① Market optimal principle (city geometric center); ② Traffic optimal principle (edge of urban loop roads or along urban edge highways)."	others	high	easy
1849	The Chang'e satellite and the moon form a new celestial system as they orbit each other.	true_false	True	Celestial bodies and celestial systems	"(Analysis) To form a celestial system, two conditions must be met: (1) mutual attraction and (2) mutual orbit. The Chang'e satellite is a satellite of the Moon and meets these two conditions, so it is correct to say that the Chang'e satellite and the Moon form a new celestial system. (Comment) To form a celestial system, two conditions must be met: (1) mutual attraction and (2) mutual orbit.

28."	others	high	easy
282	In general, the salinity of seawater in nearshore areas is lower than that in the open oceans.	true_false	True	Properties and Functions of Seawater	nan	others	high	easy
273	The population distribution in our country indicates that the eastern regions have a high population, while the western regions have a low population.	true_false	True	China's Territory, Administrative Divisions, and Ethnic Groups	"The distribution of China's population is uneven. Generally, using the Heihe-Tengchong Line as a boundary, the eastern region has a higher population, while the western region has a lower population. Coastal, river, and lake areas have more people, whereas arid desert areas have fewer. Plains and basins have more people, while mountainous and plateau areas have fewer. Regions with developed economies and transportation have more people, while economically backward and isolated areas have fewer. Urbanized, industrially developed areas have more people, while remote agricultural and pastoral areas have fewer. Han-populated areas have more people, while most minority regions are less populated. Therefore, the answer is: correct. 

This item tests the characteristics of China's population distribution, focusing on basic knowledge with a low difficulty level."	others	high	easy
2392	With the improvement of productivity levels, human dependence on natural resources is increasing.	true_false	False	The impact of natural resources on human activities###The interrelationship between humans and the environment	(Analysis) With the improvement of productivity levels, the role of natural resources in regional development has relatively declined, while the status of various acquired resources (such as synthetic materials, intellectual resources, and information networks) has rapidly increased. The statement in this question is incorrect. Therefore, the answer is: incorrect. (Commentary) This question examines the relationship between humans and the environment, showing that as productivity levels increase, human dependence on natural resources weakens.	others	high	easy
160	Reasonably planning urban roads is one of the measures to solve urban traffic congestion.	true_false	True	Characteristics of Urban Traffic	"[Analysis] The measures to resolve traffic congestion are divided into long-term measures and emergency measures. Reasonable urban traffic planning, proactive development of public transportation, and restrictions on private car usage can all help alleviate urban traffic congestion. Implementing an alternating license plate system and staggered work hours can also help ease urban traffic congestion.

Therefore, the answer is: Correct.
[Commentary] Reasonable urban planning: 
(1) The purpose of urban planning is to organize city development goals and deployment comprehensively within a specific time frame, serving as a foundation for city construction and management to achieve efficient land use and environmental protection.

(2) The function of rational urban planning is forward-looking, ensuring the normal functioning of city living and production activities, effectively preventing and resolving various urbanization issues, and facilitating the construction of cities suitable for human habitation.

(3) City layout design is a major consideration in the overall urban layout, with basic forms being either concentrated and compact or dispersed and loose. In China"	others	high	medium
928	The world's population is mainly distributed in coastal areas of continents between 60 degrees north and south latitude.	true_false	False	Distribution of the world's population	"[Analysis] The geographical distribution of the world's population is very uneven, with some areas being densely populated while others are sparsely populated. The distribution of the population is closely related to the geographical environment. The vast majority of people in the world live in mid-to-low latitude regions, and the population is more concentrated in plains and basin areas with mild climates and more precipitation. Coastal areas in mid-to-low latitudes often form densely populated areas, as these locations offer a more advantageous environment for human production and living, allowing humans to live and reproduce, and giving birth to developed social civilizations. Conversely, arid deserts, cold polar regions, high-altitude mountains and plateaus with thin air, and primitive tropical rainforests are not suitable for long-term habitation by large populations.

Therefore, the answer is: incorrect.  
[Commentary] The environmental population capacity of a country or region refers to the number of people that can be sustainably supported within a foreseeable period by utilizing local resources and other resources,"	others	high	easy
2516	On the summer solstice in the Northern Hemisphere, the noontime solar altitude across various regions of our country reaches its annual maximum. (　　)	true_false	False	Changes in solar noon altitude	On the summer solstice, the sun is directly overhead the Tropic of Cancer. At this time, the solar altitude at noon reaches its highest point of the year in the Tropic of Cancer and northern regions, while it reaches its lowest point in the southern hemisphere.	others	high	easy
1631	Desertification can occur in semi-humid areas.	true_false	True	Desertification and Its Comprehensive Management	"[Analysis] Desertification refers to land degradation, characterized by a decline in productivity caused by improper land use. In semi-humid areas, human activities such as soil erosion can lead to decreased land productivity, constituting a desertification issue. Therefore, the statement that desertification can occur in semi-humid areas is correct.

Hence, the answer is: Correct.

[Comment] This question examines the distribution of desertification, focusing on basic knowledge. It is relatively easy."	others	high	easy
1831	The distribution of renewable resources is uneven, while the distribution of non-renewable resources is even.	true_false	False	Rational development and utilization of non-renewable resources###Rational use and protection of renewable resources	The distribution of renewable and non-renewable resources is uneven, and this uneven distribution is a common characteristic of natural resources.	others	high	easy
1853	The purpose of industrial agglomeration is to reduce costs and achieve maximum economic benefits. The purpose of industrial dispersion is to alleviate environmental pollution.	true_false	False	Factors of Industrial Location and Their Changes	"Analysis: The purpose of industrial dispersion and industrial agglomeration is both to reduce costs and achieve maximum economic benefits. The statement in the question is incorrect.

Review of the advantages and disadvantages of industrial agglomeration:

Advantages:
1. Large-scale and joint enterprise production offers higher economic efficiency.
2. Shared use of infrastructure, shortened transportation lines and engineering networks, saving construction investment, and reducing production costs.
3. Comprehensive utilization of raw materials, energy, and ""three wastes"" resources, producing more affordable products and reducing pollution.
4. Facilitates specialization and collaboration, aiding in production and business management.
5. Allows for unified services from various service and auxiliary enterprises, reducing societal consumption.
6. Enables appropriate gender workforce pairing, effectively utilizing labor resources.

Disadvantages:
1. Industrial agglomeration increases local environmental pollution, which is detrimental to environmental protection.
2. Housing shortages and traffic congestion.
3. Saturated environment, rising land prices and wages, increased competition for public facilities due to tight"	others	high	easy
521	"The implementation of the ""second child"" policy has somewhat alleviated the aging population in China."	true_false	True	Population Growth and Its Influencing Factors	"[Analysis] Solution: The ""two-child"" policy may lead to a rise in birth rates or an increase in the number of new births, which increases the proportion of young people. This, in turn, slows down the rate at which the proportion of the elderly population rises. In this sense, an increase in the birth population can alleviate the pace of population aging, thus the statement is correct. [Comment] Population aging has two meanings: First, it refers to the relative increase of the elderly population, with its proportion in the total population continuously rising. Second, it means that the social population structure presents an aged state, entering an aging society. The common international viewpoint is that when the elderly population aged 60 and above accounts for 10% of the total population, or the elderly population aged 65 and above accounts for 7% of the total population, it indicates that the country or region is in an aging society."	others	high	easy
2522	The environmental carrying capacity is the most suitable population size for a region.	true_false	False	Reasonable population capacity	"[Analysis] The environmental carrying capacity of a region is the maximum population it can sustainably support under certain resources and technological conditions. The optimal carrying capacity is the most suitable population size for a region under certain conditions. The statement is incorrect.
Thus, the answer: incorrect
[Comment] This question examines the difference between environmental carrying capacity and optimal carrying capacity, testing basic knowledge. It is relatively easy."	others	high	easy
2524	The primary natural disasters in the monsoon region of eastern China are droughts and floods.	true_false	True	Flood disaster###Drought disaster	"[Analysis] Explanation: The eastern part of China has a monsoon climate, where the summer monsoon activity is unstable, potentially causing uneven distribution of precipitation both spatially and temporally. This often results in situations such as droughts in the south and floods in the north, or vice versa. Therefore, the primary natural disasters in the eastern monsoon region of China are droughts and floods, which is an accurate statement.

[Comment] The advance and retreat of the summer monsoon influence the movement of the rain belt in the eastern part of China's mainland. Starting around April each year, the rain belt generally moves from south to north, and retreats from north to south after September. Consequently, the rainy season in southern China starts earlier and lasts longer than in the north. Abnormalities in the advance and retreat of the summer monsoon and the rain belt often lead to droughts and floods. If the advance is slow, lingering in the south, it can result in ""southern floods"	others	high	easy
524	Commercial districts have formed near the city centers of large cities.	true_false	False	The spatial structure of the town	"(Analysis) Business districts need to consider the concentration areas of consumers, usually following the principle of market optimization or transportation optimization. In large cities, the city center is often a commercial district, but not all city centers will form a commercial district. Sometimes, due to historical factors, the city center may be a square. In today's context of increasing emphasis on the ecological environment, the center of some cities may be parks or green spaces. Therefore, the answer is: False. 
(Commentary) Common urban functional zones: commercial districts, residential areas, industrial areas."	others	high	easy
276	Ozone in the troposphere absorbs a large amount of ultraviolet rays, causing the temperature to increase with altitude.	true_false	False	The process of atmospheric heating	"[Analysis] The ozone in the stratosphere absorbs a large amount of ultraviolet rays, causing the temperature to increase with height. The statement in this question is incorrect.

Therefore, the answer is: Incorrect. [Comment] This question examines the temperature variation characteristics in the troposphere and stratosphere. The direct source of heat in the troposphere is the ground, so the temperature decreases with increasing height. In the stratosphere, the ozone absorbs a large amount of ultraviolet rays, causing the temperature to increase with height."	others	high	easy
589	Anticlines forming mountains is the result of internal forces; anticlines forming valleys is the result of external forces.	true_false	True	Fold	"[Analysis] Under internal forces, anticlines form ridges, and synclines form valleys; under external forces, the top of anticlines, due to tension and fracture development, is easily eroded, thus forming valleys, while the trough of synclines, due to compression and compacted rock layers, is less easily eroded, resulting in ridges. Therefore, the answer is: Correct. 

[Comment] This question examines geological processes and surface morphology changes. Folds occur because rock layers are subjected to horizontal compressive forces, causing a series of bends and deformations, including anticlines and synclines. In anticlines, the rock layers arch upward; in synclines, the rock layers bend downward. Under internal forces, anticlines form ridges, and synclines form valleys. Under external forces, the top of anticlines, due to tension and fracture development, is easily eroded, thus forming valleys, while the trough of synclines, due"	others	high	easy
2441	Affected by factors such as economy and cultural education, the natural population growth rate in developed countries is lower than in developing countries.	true_false	False	Population Issues and Countermeasures	"(Analysis) From the general pattern of economic development: countries with a low natural population growth rate are mostly developed countries; those with a high rate are mostly developing countries. However, not all developed countries have a lower rate than developing countries, for example, China is now entering the three-low stage. 

(Commentary) This examines population growth and population issues."	others	high	easy
2517	A steeper ground slope leads to higher soil moisture content and faster water accumulation in a watershed.	true_false	True	Soil Erosion and Its Comprehensive Management	"[Explanation] [Analysis] The greater the ground slope, the faster the flow rate; the higher the soil moisture content, the quicker the watershed runoff.

Therefore, the answer is: Correct.  
[Commentary] This mainly examines the causes and management of soil erosion."	others	high	easy
234	The lithosphere, biosphere, atmosphere, hydrosphere, and other external spheres constitute the natural geographic environment for human survival and development.	true_false	False	The material cycle of the lithosphere###The integrity of the natural environment	[Analysis] The lithosphere, biosphere, atmosphere, hydrosphere, and other external spheres, as well as the crust, mantle, and core internal spheres together constitute the natural geographical environment for human survival and development. This statement is incorrect. [Comment] Examines the relationship between the natural environment and humans and the Earth's sphere structure.	others	high	easy
903	Mountain roads are often built along valley areas mainly because these areas have good thermal and water conditions.	true_false	False	General Principles and Locational Factors of Transportation Layout	"[Analysis] This examines the locational factors influencing the construction of transportation lines. Roads in mountainous areas are often built along river valleys primarily because the terrain in these valleys is relatively gentle, which reduces the road gradient. Therefore, it is incorrect.

[Review] The lines and points in a transportation network are basic elements of transportation and are influenced and constrained by economic, social, technological, and natural factors in their layout. The principles followed in the layout of transportation lines include: low cost—mountainous routes should have minimal elevation changes and fewer tunnels; plains routes should be straight with fewer bridges; high safety—mountainous routes should not be too steep, and plains routes should avoid swampy areas; high economic efficiency—local roads should pass through residential areas as much as possible; national highways or expressways should primarily provide direct routes; minimal ecological damage—in plains, avoid occupying farmland and do not damage water conservancy facilities, while in mountainous areas, focus on vegetation protection."	others	high	easy
917	Regional culture has a profound impact on the spatial structure and architectural landscape of cities.	true_false	True	The Influence of Regional Culture on Urban and Rural Landscapes	(Analysis) Different regional cultures result in different forms of urban spatial structures, such as concentric circular structures, sectorial structures, and multi-core structures. The layout of the Forbidden City and the architectural landscape of northern courtyard houses in China all reflect the profound influence of regional culture. The statement is correct. Therefore, the answer is: Correct. (Commentary) This question examines the influence of regional culture on cities. It is a test of basic knowledge and is relatively easy.	others	high	easy
1287	Historical factors are the foundational basis for the formation of urban functional zoning.	true_false	True	Urban and rural location factors	(Explanation) The existing land use status of a city largely determines the current urban functional zoning, thus historical factors are the foundational basis for the formation of urban functional zoning. Therefore, the answer is: Correct. (Review) Many factors influence urban functional zoning, including historical, economic, cultural, and political factors, with historical factors serving as the foundational basis for its formation.	others	high	easy
232	In the solar system, Jupiter and Saturn are classified as giant planets.	true_false	True	Solar System and Earth-Moon System###The Universality and Particularity of Earth	"(Analysis) Among the eight major planets of the solar system, Jupiter and Saturn are giant planets due to their volume. (Commentary) The eight major planets, in order of distance from the sun, are Mercury, Venus, Earth, Mars, Jupiter, Saturn, Uranus, and Neptune. Uranus and Neptune are considered distant planets in the solar system. 

73. A typhoon is a low-pressure system formed over tropical or subtropical ocean surfaces."	others	high	easy
1271	The angular velocity at any location on the Earth's surface is the same, but the linear velocity varies with latitude.	true_false	False	Earth's Rotation and Its Characteristics	"The speed of Earth's rotation is divided into angular speed and linear speed. The angular speed is approximately 15° per hour. Except for the poles, the angular speed is the same at all latitudes. The linear speed of Earth's rotation decreases with increasing latitude, with the highest linear speed at the equator and zero at the poles.

Earth's rotational speed includes both angular speed and linear speed. On the Earth's surface, except at the poles, the angular speed of rotation is the same everywhere, about 15°/h. The linear speed of Earth's rotation varies with latitude because the circumference of the latitude circles decreases from the equator towards the poles. The longest latitude circle is at the equator, where the rotational speed is fastest; at 60° latitude north or south, the circumference of latitude circles shortens, and the linear speed of rotation is about half of that at the equator. At the poles, there is neither linear nor angular speed."	others	high	easy
2403	Rail transport is suitable for short-distance transportation. (     )	true_false	False	Modes of Transportation and Their Characteristics	"[Analysis] The statement that rail transport has high short-distance shipping costs and relatively low long-distance costs is incorrect.

[Commentary] Rail transport. Advantages: fast speed, not greatly affected by natural conditions, large carrying capacity, and low transportation costs. Disadvantages: lack of flexibility, can only operate on fixed routes, requiring coordination and integration with other means of transport."	others	high	easy
285	"The ""labor shortage"" phenomenon faced by the manufacturing industry in the eastern coastal regions is mainly due to the widening economic development gap between the eastern and western areas."	true_false	False	Regional Industrialization and Urbanization	"[Analysis] The main reason for the ""labor shortage"" facing the manufacturing industry in the eastern coastal areas is that many enterprises in these areas are labor-intensive. As labor costs and internal transaction costs rise, company costs increase, leading to the ""labor shortage"" phenomenon, not because there is no available workforce. Therefore, the interpretation is incorrect. 

[Comment] This examines industrial transfer and the continuous development of regional economies."	others	high	easy
272	The main crops produced by commercial grain farming on the Central Plains of the United States are wheat and rice.	true_false	False	An agricultural region type primarily based on crop farming.###The development of agriculture in the United States	"[Analysis] In China's northeastern region, commercial grain bases are state-owned farms, while in the Central Plains of the United States, commercial grain farming is composed of private farms. The primary products in the Central Plains of the United States are wheat and corn. 

[Comment] Commercial grain agriculture is mainly distributed in the United States, Canada, Argentina, Australia, Russia, and Ukraine (primarily family-operated). Additionally, it also exists in China's northeast and northwest regions (mainly state-owned). Commercial grain agriculture is a typical commodity agriculture focusing on wheat and corn as the main crops."	others	high	easy
530	Among the many factors influencing population migration, economic factors often play a major role.	true_false	True	International Population Migration and Its Characteristics	"Explanation: The causes of population movement vary at different stages:

Early human migration:

| Era          | Reasons for Migration                                   |
|--------------|----------------------------------------------------------|
| Primitive Society | Pursuit of subsistence resources                           |
| Agricultural Society | Attraction of land reclamation or avoidance of famine, war, and religious persecution |

World population migration from the 15th to 19th centuries:

| Reasons for Migration | Flow                                                   |
|-----------------------|-------------------------------------------------------|
| ① The Age of Discovery ended the long isolation between the ""Old World"" and the ""New World"" ② The opening of new sea routes facilitated contact between the new and old continents ③ Development of capitalism and colonial expansion | ① Europeans (from countries such as Spain, Portugal, England, France, and the Netherlands) moved to the Americas and Oceania ② European colonizers sold African slaves to the Americas |

Post-World War II population migration:

| Reasons for Migration | Specific Manifestations                                         |
|-----------------------"	others	high	easy
853	Large-scale construction projects should avoid building on fault structures as much as possible.	true_false	True	Interpretation of tectonic landforms	"(Analysis) Due to intense and unstable crustal activity in fault areas, large-scale engineering projects should avoid fault structures as much as possible. The statement in the question is correct.

Therefore, the answer is: Correct.

(Commentary) This primarily examines the impact of geological structures on engineering construction, with faults having the greatest impact, potentially damaging engineering facilities."	others	high	medium
526	International Standard Time is the local time of the central timezone.	true_false	False	Determination and Calculation of Local Time and Zone Time	[Analysis] International Standard Time refers to the time zone of the 0-time zone, which is also the time zone of the mid-time zone, Greenwich Mean Time, and is the local time on the 0-degree meridian.	others	high	easy
2449	Due to the Earth's rotation, when objects on the Earth's surface move horizontally, their direction of movement will not experience a certain deflection.	true_false	False	Deflection of horizontal motion of surface objects	"(Analysis) Due to the Earth's rotation, objects on the Earth's surface will experience a certain deflection in their direction of movement when moving horizontally; to the right in the Northern Hemisphere, to the left in the Southern Hemisphere, and no deflection at the equator. The premise of the question is incorrect.

81."	others	high	easy
316	Regions with high-value agricultural types have very low population density.	true_false	False	Concept, Characteristics, and Classification of Agriculture###An agricultural region type primarily based on crop farming.	[Analysis] [Explanation] The commodity rate is not directly proportional to population density, as seen in regions with developed dairy industries such as Western Europe and the Great Lakes region of North America, where the population is dense. Therefore, the statement in this question is incorrect.	others	high	medium
229	With the development of society, resource consumption is increasing, and the types of available resources are becoming fewer.	true_false	False	Meaning, Classification, Attributes, and Characteristics of Natural Resources	"[Analysis] As society develops, the consumption of resources continuously increases. However, the level of human technology and cognitive abilities have significantly improved, which may lead to the discovery of previously untapped resources. Therefore, the statement in the question is incorrect.

[Comment] Examines the distribution and utilization of natural resources."	others	high	easy
1825	In addition to addressing environmental issues, Shanxi Province is continuously adjusting its industrial structure in hopes of fundamentally resolving ecological problems.	true_false	True	Changes in the energy utilization structure###The Emergence of Contemporary Environmental Issues and Their Characteristics###Main environmental issues and their causes.	"(Analysis) Shanxi Province is rich in coal resources. While developing these resources, it is essential to address environmental issues, adjust the industrial structure, extend the industrial chain, increase the proportion of the tertiary industry and emerging industries, and reduce ecological and environmental problems. The statement in the question is correct.

Therefore, the answer is: Correct.
(Review) This primarily examines the issues and solutions related to the development of energy resources in Shanxi, China."	others	high	easy
915	The layout of commercial outlets should always follow the principles of optimal transportation and market optimization.	true_false	True	The mutual influence between transportation and regional development	"(Analysis) Solution: The principles for the layout of commercial outlets include market optimal and transportation optimal. Market optimal commercial outlets are often located in city centers, close to the largest consumer population, and primarily focus on retail. Transportation optimal commercial outlets are often situated at intersections of major transport routes and ring roads on the city outskirts, with convenient transport, large areas, and primarily for wholesale and warehouse supermarkets. Therefore, the statement in this question is correct.

(Commentary) Commercial location analysis:
(1) Location of commercial streets
Market optimal: Geometric city center, large scope of commercial activities – generally retail-focused.
Transportation optimal: On city ring roads, highway edges, or street corners, convenient transport – generally wholesale-focused.
(2) Location of commercial complexes
Convenience optimal: Built within residential areas, consisting of multiple business points.
(3) Location factors for commercial cities (favorable conditions): 
① Stable source and sales areas for goods (i.e., service areas) 
② Convenient"	others	high	easy
241	Sulfur dioxide emissions from crude oil refining are the main cause of the extensive and severe impact of acid rain in China.	true_false	False	The main environmental issues facing humanity###The Emergence of Contemporary Environmental Issues and Their Characteristics	"[Analysis] In China's energy consumption structure, coal is the primary source, and the sulfur dioxide emitted during coal combustion is the main reason for the large extent and severe impact of acid rain in China. \\
Therefore, the answer is incorrect. 
[Commentary] Acid rain refers to rain, snow, or other forms of precipitation with a pH less than 5.6. Acid rain is primarily caused by the massive release of acidic substances into the atmosphere by human activities. In China, acid rain mainly results from the extensive burning of high-sulfur coal, mostly forming sulfuric acid rain, with less nitric acid rain. Additionally, emissions from various motor vehicles also contribute significantly to the formation of acid rain."	others	high	easy
1848	The population capacity is negatively correlated with the level of economic development and consumption.	true_false	False	Regional Resource and Environmental Carrying Capacity	(Analysis) The size of the population capacity is positively correlated with the level of economic development and negatively correlated with the level of consumption. Therefore, the statement that the size of the population capacity is positively correlated with both economic development and consumption levels is incorrect. Thus, the answer is: Incorrect. (Commentary) This question examines the factors influencing population capacity. By mastering basic knowledge, one can solve this question, which is relatively simple.	others	high	easy
2512	The primary indicator for measuring the level of urbanization in a country or region is the size of the urban population.	true_false	False	The concept, indicators, and significance of urbanization	(Analysis) The primary indicator for measuring the level of urbanization in a country or region is the proportion of the urban population to the total population. Therefore, the answer is: incorrect. (Review) This question examines the marker of urbanization. It pertains to basic knowledge and is relatively easy.	others	high	easy
2429	Among Asia, Africa, and Latin America, Latin America has the highest average level of urbanization.	true_false	True	The process of global urbanization###Urbanization in developed countries###Urbanization in developing countries	[Analysis] [Examination] Brazil, being the largest in area and population in Latin America, has a high level of urbanization. Compared to the three, the average level of urbanization in Latin America is the highest.	others	high	easy
275	Coastal states enjoy full sovereignty over their exclusive economic zones.	true_false	False	Maritime rights and interests	[Analysis] Coastal states have sovereign rights solely for the exploration, exploitation, conservation, and management of natural resources in their exclusive economic zones (EEZs) in the waters, seabed, and subsoil. Therefore, this statement is incorrect. [Comment] Coastal states have sovereign rights and other jurisdictions over the natural resources in their EEZs, primarily for exploration, exploitation, conservation, and management of their waters, seabed, and subsoil. Other countries enjoy freedoms of navigation and overflight, but do not have full sovereignty.	others	high	easy
287	The occurrence of typhoon weather in the southeastern coast of China during the summer and autumn seasons is the result of the intense development of tropical cyclones.	true_false	True	Low pressure (cyclone)	"(Analysis) A typhoon refers to a tropical cyclone that forms over a wide sea surface with temperatures above 26°C in the tropics or subtropics. This statement in the question is correct.   
Therefore, the answer is: Correct.  
(Commentary) This question examines common weather systems; both typhoons and hurricanes are intensely developed tropical cyclones."	others	high	easy
351	In hilly areas with complex terrain, the size of villages is generally larger.	true_false	False	The impact of landforms on settlement distribution	"[Analysis] Because plains have vast, flat land and a large population, settlements are larger and densely distributed, whereas hills are constrained by their terrain, resulting in smaller and more dispersed settlements. Therefore, the statement ""settlements in the complex terrain of hilly areas are generally larger"" is incorrect. [Commentary] The impact of rivers on settlement size

\[
\begin{array}{|c|c|c|}
\hline
Region & Cultivation Status & Village Size \\
\hline
Dense River Network Area & Fragmented & Small \\
Sparse River Network Area & Continuous & Large \\
\hline
\end{array}
\]"	others	high	medium
2507	"""One mountain has four seasons"" reflects the vertical zonation rule."	true_false	True	Vertical regional differentiation law	"Analysis: In mountainous regions, the water and heat conditions vary with different altitudes, leading to the saying ""a mountain contains four seasons,"" which reflects the vertical differentiation rule of mountains. Therefore, the statement in this question is correct."	others	high	easy
497	The fundamental reason for the change of seasons is the existence of the axial tilt (obliquity).	true_false	True	The obliquity of the ecliptic and its impact	"(Analysis) The fundamental reason for the succession of four seasons on Earth is the existence of the obliquity of the ecliptic. This obliquity causes the point of direct sunlight to move back and forth between the Tropic of Cancer and the Tropic of Capricorn. Therefore, the answer is: Correct. 

(Commentary) This question examines the geographical significance of Earth's movement. The existence of the obliquity of the ecliptic causes the point of direct sunlight to trace a path on Earth's surface, resulting in seasonal changes."	others	high	medium
2401	Mixed farming combines crop cultivation and livestock raising, offering strong market adaptability and relatively stable income.	true_false	True	Mixed farming	"Solution & Analysis: Mixed farming combines crop cultivation and livestock breeding, allowing for adjustments in agricultural production types according to market demands, which provides strong market adaptability and relatively stable income. The statement in the question is correct. 

Commentary: Mixed farming is a comprehensive form of agriculture that integrates both crop cultivation and livestock breeding. In specific regions and on certain farms, both crops and livestock are produced. This type of agriculture has a long history, emerging after plant cultivation and animal domestication. In the early stages of productivity development, people primarily engaged in crop cultivation and farming activities, placing less emphasis on livestock farming, with livestock grazing on natural pastures or fallow lands to meet their own needs for agricultural and livestock products. During the period of significant agricultural development driven by industrialization, developed countries began specializing in the cultivation of fodder crops, leading crops and livestock farming toward increased specialization."	others	high	easy
439	Regional ecological environment protection must be prioritized in the development and utilization of resources.	true_false	True	Ecological Civilization and Its Construction###Environmental management	"(Resource Analysis) The development and utilization of resources must not come at the expense of the ecological environment; therefore, great emphasis must be placed on regional ecological environmental protection.
(Review) This mainly examines the relationship between regional resource development and ecological environmental protection."	others	high	medium
486	The Qinling-Huai River line roughly coincides with the 0-degree isotherm of January temperature and the 800-millimeter precipitation line in China, becoming an important dividing line between the northern and southern regions within the eastern monsoon area.	true_false	True	Southern regions of China###Northern regions of China	The boundary line between the northern and southern regions in the eastern monsoon area of China is the Qinling Mountains-Huai River. This is because this line roughly coincides with the January 0-degree Celsius isotherm and the 800-millimeter precipitation isohyet in China.	others	high	medium
2387	The higher the city level, the fewer in number, the larger the service area, and the greater the distance between them.	true_false	True	City classification###Central Place Theory	"[Analysis] [Examination] The higher the city level, the fewer the number, the larger the service area, the higher the service level, the more types of services, and the greater the distance between each. 
Therefore, the answer is: Correct. 
[Comment] This question examines the central place theory of cities. It pertains to the assessment of basic knowledge and is relatively easy."	others	high	easy
610	"""Digital Earth"" refers to a technological system managed by computer networks that digitizes all information about the Earth."	true_false	True	Digital Earth	"Digital Earth is an information-based Earth, where information about every point on Earth is organized according to geographical coordinates to form a global information model. It utilizes computer networks to achieve resource sharing. The statement in the question is correct. 

Digital Earth uses digital technologies and methods to organize data about the Earth and its activities and environmental changes over time and space, storing it in globally distributed computers. This forms a global digital model that circulates rapidly over high-speed networks, allowing people to quickly and comprehensively understand the planet. Digital Earth will provide high-quality services to maximize human sustainable development, social progress, and national economic construction."	others	high	easy
2390	Since the reform and opening-up, the flow of migrant workers in China has primarily been from the eastern coastal areas to the sparsely populated northeastern regions.	true_false	False	Domestic population migration and its characteristics	(Analysis) Since the reform and opening-up, rural laborers in China have migrated to eastern coastal cities to seek development, primarily aiming to improve their lives. This has formed a special kind of population movement known as labor migration. The eastern region, being relatively less economically developed than the southeastern coastal areas, results in the migration flowing from the northeastern region to the eastern coastal areas. Therefore, the question statement is incorrect. (Commentary) This tests the direction and reasons for population migration in China after the reform and opening-up. The difficulty is relatively low, and understanding the content can resolve the issue.	others	high	easy
603	Population distribution is a social phenomenon primarily influenced by socio-economic factors.	true_false	True	Factors Influencing Population Distribution	"(Explanation) Population distribution is a social phenomenon determined by socio-economic factors, especially the level of productivity.
(Commentary) Population distribution refers to the spatial existence and distribution of population within a certain time frame, including the distribution of the total population across various regions. It is influenced by natural, social, economic, and political factors. Since the 20th century, with the acceleration of industrialization and urbanization globally, social, economic, and political factors have increasingly affected population distribution."	others	high	easy
901	The main cause of earthquakes is plate movement, and they often result in significant casualties and property damage.	true_false	True	Earthquake	"[Analysis] Most earthquakes are tectonic earthquakes, primarily caused by plate movements that release significant amounts of energy in a short period. Such disasters often result in significant casualties and property damage. The statement in the question is correct.

Therefore, the answer is: Correct.

[Comment] Mainly assesses the causes and impacts of natural disasters."	others	high	easy
908	The primary cause of secondary salinization is arid climate.	true_false	False	The Ecological Environment of Chinese Regions and Its Prevention Approaches	"The main reason for secondary salinization lies in irrational human economic activities. Due to low-lying terrain, arid climate, intense evaporation, and excessive irrigation, the groundwater level rises, leading to secondary salinization. The statement in the question is incorrect.

Therefore, the answer is: Incorrect.

[Comment] This mainly examines the causes of ecological damage. Environmental issues are primarily caused by irrational human activities."	others	high	easy
2430	The flow direction of a river is usually towards where tributary water flows into the main stream.	true_false	True	Types of Terrestrial Water Bodies and Their Interrelationships###Rivers and Lakes of China	"(Analysis) Water flows to lower places, so the flow direction of a river is towards areas of lower elevation. The confluence of streams increases water volume, forming the main stream of a river. Therefore, the water flow direction is typically where tributary water merges into the main stream. This statement is correct.  
Hence, the answer is: correct.  
(Comment) This question examines the characteristics of river systems. Understanding these features is key to answering this question. The difficulty is relatively low."	others	high	easy
927	The impact of regional geographical environments at different stages of development on human production and lifestyles is different.	true_false	True	Stage of regional development	(Analysis) The influence of regional geographic environments on human production and lifestyle varies across different stages of development. (Comment) A geographic environment refers to the geographic location of a certain society and the collection of related natural conditions. Within a geographic environment, one part can affect another, and changes in one part can influence changes in another part. In the global natural complexes of various sizes and levels, the development and changes of any element or part are constrained by the whole.	others	high	easy
2443	The internet has improved communication efficiency and significantly reduced the cost of user information exchange.	true_false	True	The importance and main methods of regional connections in production activities.	"(Analysis) The internet has improved the efficiency of communication and greatly reduced the cost of user information exchange. The statement in the question is correct.

Therefore, the answer is: Correct.

(Comment) The main ways of regional contacts in human activities include transportation, commercial activities, and postal communications. The internet is just the flow of information, enabling instant calls and reading, which enhances the efficiency of people's interactions and exchanges."	others	high	easy
1628	"The Ruhr area, relying on its rich local coal and iron resources, once developed into Germany's ""industrial heart."""	true_false	False	The Rise, Fall, and Rehabilitation of the Ruhr Area	"(Analysis) The Ruhr area has abundant coal resources but lacks rich iron ore resources, so the statement is incorrect.  
(Comment) The development of mineral resources and regional sustainable development."	others	high	easy
1544	Generally speaking, transportation methods in mountainous areas are relatively limited, and the density of commercial outlets is relatively low.	true_false	True	The impact of landforms on transportation	"(Analysis) In mountainous areas, due to terrain changes affecting the landscape, the investment in infrastructure construction is significant. As a result, the modes of transportation are relatively limited, there are fewer transportation routes, and the density of commercial outlets is also relatively low.

Therefore, the answer is: Correct.

(Commentary) This mainly examines the impact of terrain on the layout of commercial outlets and transportation."	others	high	medium
1622	The natural conditions in Northeast China are favorable for the development of various agricultural productions.	true_false	True	Agricultural development in the Northeast region	"Analysis: The natural conditions in northeastern China are favorable, with various landforms such as mountains, plains, and plateaus, predominantly featuring a temperate monsoon climate. Land use types include grassland primarily in the western plateau, forestland in the mountainous areas, and cultivated land in the plains, allowing for the development of diverse agricultural production. This statement is correct.

Therefore, the answer is: Correct

Commentary: This question evaluates the locational conditions for regional agricultural production, focusing on regional geographical characteristics. Familiarity with the region's natural geographical features is sufficient to answer. The difficulty is relatively low.

8."	others	high	easy
1846	In our country's northern region, summer heavy rain is mainly influenced by the passage of typhoons.	true_false	False	Typhoon disaster	"[Analysis] According to the knowledge learned, the summer rainstorms in northern China are caused by cold fronts passing through, not typhoons. Typhoons mainly occur in the southeastern coastal areas of China during the summer and autumn seasons. Therefore, the statement ""Summer rainstorms in northern China are mainly influenced by typhoons passing through"" is incorrect. 

Hence, the answer is: Incorrect.

[Commentary] Low pressure forms cyclones, which appear alongside fronts and are called frontal cyclones. Based on the movement direction of air masses, the eastern part of a cyclone in both hemispheres is a warm front, and the western part is a cold front; precipitation from cold fronts is mostly distributed near and behind the front, while warm front precipitation occurs ahead of the front; the strength of the wind is determined by the density of isobars, with areas of isobar concentration indicating stronger horizontal pressure gradient force and thus stronger winds."	others	high	easy
2520	The mid-latitude regions have distinct four seasons.	true_false	True	The changing of the four seasons	"[Analysis] Mid-latitude regions have distinct seasons. High-latitude regions experience long winters and less distinct summers, while low-latitude regions have long summers and less distinct winters.

Hence, the answer is: Correct. 
[Comment] This mainly examines the geographical significance of geographic movement."	others	high	easy
2402	The islands in the South China Sea all belong to Hainan Province. (    )	true_false	False	The national maritime context and maritime development strategy of our country.###China's Territory, Administrative Divisions, and Ethnic Groups	[Analysis] The statement that the Dongsha Islands of the Nansha (South China Sea) Islands belong to Guangdong Province is incorrect. [Comment] The Nansha Islands are the southernmost territory of China, collectively referring to many islands, reefs, sands, and shoals in the South China Sea. They extend from Beibi Shoal in the north, to Vanguard Bank in the west, Zengmu Reef in the south, and Scarborough Shoal in the east. They consist of over 250 islands and reefs including the Dongsha Islands, Xisha Islands, Zhongsha Islands, and Nansha Islands. The Dongsha Islands are administered by Guangdong Province, while the others fall under the jurisdiction of Hainan Province. The Nansha Islands are located on the strategic maritime route between the Pacific and Indian Oceans, serving as the fastest sea route from East Asia to the Middle East, South Asia, Africa, and Europe, and also act as China's maritime defense outpost.	others	high	easy
2519	Monitoring and forecasting are the only measures for disaster prevention and mitigation of natural disasters.	true_false	False	Monitoring and Prevention of Natural Disasters	"(Analysis) Natural disasters, such as earthquakes and typhoons, are primarily caused by natural reasons, making their occurrence unavoidable. By monitoring and forecasting, the defense against natural disasters can be strengthened to reduce the damage they cause. However, this is not the only measure; other effective methods include engineering and non-engineering measures to prevent disaster losses. The question contains a mistake.

(Comment) Examining human prevention of natural disasters."	others	high	easy
2450	A tsunami is a natural disaster, and its level of harm is unrelated to human activities.	true_false	False	Marine Disasters and Prevention	(Analysis) A tsunami is a natural disaster, but its severity is related to human activities; unreasonable human activities can increase its frequency and intensity. The statement in this question is incorrect. Thus, the answer is: incorrect. (Comment) This question examines the human-nature relationship. Reasonable economic activities by humans can harmonize this relationship, while unreasonable economic activities can increase the frequency and intensity of natural disasters.	others	high	easy
2514	The cause of the tropical monsoon climate is the thermal property differences between land and sea.	true_false	False	The main factors affecting climate	Analysis: Based on the knowledge learned, tropical monsoon climate is mainly distributed in most parts of South Asia and Southeast Asia between 10°N to the Tropic of Cancer, as well as in the southern part of Taiwan Province, the Leizhou Peninsula of Guangdong Province, Hainan Province, and southern Yunnan Province in China. During the dry season, the pressure belts and wind belts move southward, with a northeasterly monsoon blowing from the Asian inland to the ocean and deflecting at low latitudes, resulting in mild and dry conditions. In the rainy season, due to the northward movement of summer pressure belts and wind belts, the area is affected by the southwesterly monsoon deflected across the equator by the southeast trades and the monsoon blowing from the ocean to the land caused by the thermal differences between the sea and the land, leading to hot and rainy conditions. Therefore, the tropical monsoon climate is influenced by both the thermal differences	others	high	easy
2525	Italy's new industry has a unique development model characterized by industrial districts concentrated with high-tech companies.	true_false	False	New Industrial Zone	"(Analysis) Italy's new industrial districts have a unique development model characterized by industrial zones concentrated with small and medium-sized enterprises.

Therefore, the answer is: False.

(Commentary) This examines the types of industrial districts. Italy represents an emerging industrial type, but not a high-tech industrial district."	others	high	easy
