index	question	category	A	B	C	D	answer	knowledge	analysis	year	grade_level	difficulty_level
4667	Which of the following is a string? ( )	single_answer_choice	Happy New Year	x-y-z	Happy New Year	`Happy New Year'	D	Operators, Basic Operations, and Expressions	nan	others	high	easy
5799	The incorrect statement about IP addresses is (     )	single_answer_choice	IP addresses must be unique in the network	All five classes of IP addresses can be allocated for user use	Network address cannot be all 0s or all 1s	Host address cannot be all 0s or all 1s	B	IP Address and Configuration	"【Answer】 Option A: An IP address acts as a computer's identification in the network and must be unique, which is correct. Option B: IP addresses have reserved addresses and cannot all be allocated for user use, making Option B incorrect. Options C and D: Both network and host addresses cannot be entirely 0 or 1, so Options C and D are correct. Therefore, the answer is B.  
【Analysis】 This question assesses the understanding of IP addresses. An IP address uniquely identifies the network a host is on and its position within that network."	2020	high	easy
905	Generally speaking, for a computer system, (   ) is essential.  	single_answer_choice	Application program  	Compiler program  	Word processing program  	Operating system	D	Composition of Computer Systems	nan	2022	high	easy
6851	The incorrect statement about algorithms is (     ).	single_answer_choice	Algorithms can be described using natural language.	Algorithms can be implemented with programming languages.	Algorithms must terminate after a finite number of steps.	Algorithms must have input.	D	The basic concepts and characteristics of algorithms###Common representation methods of algorithms	"[Answer] Common ways to describe algorithms include: natural language, flowcharts, pseudocode, computer programming languages. Features of an algorithm include: determinism, executability, one or more outputs, zero or more inputs, finiteness. Therefore, the answer is option D. 

[Analysis] This question tests the expression methods and characteristics of algorithms."	others	high	easy
7148	The following is a valid email address (　　)	single_answer_choice	@363 Zhongshan Road, Nanjing	No.3663, North Zhongshan Road, Shanghai, P.R. China	200062, 363 Zhongshan Road, Nanjing	yang@163.com	D	Email, electronic bulletin boards, and other information exchange methods.	"[Answer] An email consists of two parts: the username and the domain name (server name), which are separated by an @ symbol. Option A has no username before the @, and the domain format is incorrect. Option B is an address for traditional English emails. Option C is a traditional Chinese email address. Option D is an email address.  
The correct option for this question is D.  
[Analysis] This question tests the format of writing emails. An email consists of two parts: the username and the domain name (server name), which are separated by an @ symbol."	others	high	easy
916	OCR software is mainly used for (      )	single_answer_choice	Converting text into images	Translating English in images into Chinese	Automatic writing	Converting text in images into text	D	Character recognition	nan	others	high	easy
6894	The same key is used for both encryption and decryption, so the encryption algorithm is: 	single_answer_choice	Symmetric key encryption algorithm 	Public key encryption algorithm 	Simple key encryption algorithm 	Complex key encryption algorithm	A	Encryption and decryption algorithms	nan	2023	high	easy
7131	After assembling a computer but having no display when turning it on, the incorrect description among the possible causes of the fault is (     ).	single_answer_choice	Monitor problem	Memory issue or poor contact with the motherboard	Graphics card issue or poor contact with the motherboard	Hard drive fault	D	Computer hardware and its functions	nan	2021	high	easy
6868	The correct statement is (      )	single_answer_choice	Information in MSGBOX can be multiline	TEXT can only input data but cannot output data	LABEL can both input and output data	MSGBOX cannot be used to output data	A	Classes, objects, attributes, methods, events, and event handling concepts and applications	nan	2021	high	easy
5623	In a webpage, stylesheets are generally defined between the (    ) tags.  	single_answer_choice	<body> and </body>  	<head> and </head>  	<html> and </html>  	<table> and </table>	B	Web page production technology###Web Markup Language and Basic Components	nan	others	high	easy
5619	To set up a small wireless network, which of the following devices can be omitted?  	single_answer_choice	HUB connector  	Wireless network card  	Wireless router  	Optical modem	A	Information carriers, communication lines, and connecting devices in the network###Setup of a Local Area Network	nan	others	high	easy
7580	The correct statement among the following regarding information is (    ):	single_answer_choice	"Sharing travel experiences using photos on ""WeChat Moments,"" with the travel experiences being carried by the phone."	Saving webpage content essentially means saving the URL of the webpage.	"When shopping online, attention should be paid to product ""review information,"" which mainly includes ""statistical reviews"" and ""personal recommendations,"" with ""personal recommendations"" having lower credibility."	"Upon encountering ""bizarre"" information, immediately using Weibo and WeChat Moments to share it demonstrates the sharing nature of information and is a practice worth promoting."	C	Information and its characteristics###Concepts and Connections of Web Pages and Websites	"[Answer] Option A: Sharing travel insights using photos in ""WeChat Moments,"" where ""travel insights"" are carried by text and images, and the mobile phone is the technology for information expression. This option is incorrect. Option B: A URL is a Uniform Resource Locator, i.e., a web address. Saving webpage content means saving the text and images on the page, not the URL. This option is incorrect. Option C: The methods for evaluating information include expert or core journal evaluation, statistical evaluation, and personal recommendation. Among these, personal recommendation, based on personal preference, is the least credible. This option is correct. Option D: Information has truthfulness. Forwarding ""bizarre"" information demonstrates the sharing nature of information, but spreading false information is illegal. This option is incorrect. Therefore, the answer is option C.

[Analysis] This question examines information and its characteristics, methods of information evaluation, and webpage saving. Characteristics of information include universality, dependence, sharing"	2019	high	easy
2618	The following actions violate information ethics (　　)	single_answer_choice	Copying someone else's software without permission	Placing someone else's creative work online for others to download without permission	Not casually expressing one's own opinions on the internet	Not forwarding unverified information	A	Information literacy, internet ethics, and laws and regulations	nan	2021	high	easy
5028	Among the following options, which is not an obvious symptom of virus infection?  	single_answer_choice	All documents are locked and encrypted  	Frequent blue screens and automatic restarts  	Loss of unsaved information after a power outage  	Screen displays strange characters, disk cannot be read	C	Virus and its prevention and treatment	nan	2018	high	easy
6722	After graduating from university, Teacher Zhang Zhiyuan voluntarily requested to work as a teacher in a remote mountain village, where the conditions are very poor and electricity is still unavailable. To statistically manage the learning situation of the entire class, a more feasible method is (　　)  	single_answer_choice	Use database management  	Use computer file management  	Use hand-drawn tables and card catalog management  	Use electronic spreadsheet management	C	Methods of resource management	nan	others	high	easy
4774	The development of computers has roughly gone through four stages (     )	single_answer_choice	Vacuum tube, transistor, integrated circuit, large scale integrated circuit	Transistor, vacuum tube, integrated circuit, large scale integrated circuit	Transistor, integrated circuit, vacuum tube, large scale integrated circuit	Vacuum tube, integrated circuit, transistor, large scale integrated circuit	A	The Development History of Information Technology	"[Answer] The development of computers has roughly gone through four stages, which are divided based on the electronic components used in computers. These four stages are vacuum tubes, transistors, integrated circuits, and large-scale integrated circuits. Option B reverses transistors and vacuum tubes. Option C reverses the order of transistors, vacuum tubes, and integrated circuits. Option D reverses the order of transistors and integrated circuits. The correct option for this question is A.

[Analysis] This question examines the four stages of computer development, divided based on the electronic components used in computers. These stages are vacuum tubes, transistors, integrated circuits, and large-scale integrated circuits."	others	high	easy
7380	Li Ming's family wants to purchase a Honda Accord car and hopes to find authoritative information about the car's power and displacement online. Which method do you think he should choose to acquire the information?	single_answer_choice	Log in to an automotive BBS forum to consult other users	"Search ""Honda Accord"" on Baidu"	Search in the professional database on Honda's official website	Browse posts about Honda cars on Baidu Tieba	C	Stages and Methods of Information Acquisition	nan	others	high	easy
7556	To ensure the security of the school's local area network, the school has decided to add a hardware firewall. The appropriate placement for the firewall is (    ).  	single_answer_choice	Between the teaching area and the library server  	On the FTP server  	At the connection point between the school's local area network and the external network  	On the school's domain name server	C	Firewall settings and usage	nan	2020	high	easy
755	The design concept of the divide-and-conquer method is to divide a large problem, which is difficult to solve directly, into smaller sub-problems, solve the sub-problems separately, and finally combine the solutions of the sub-problems to form the solution to the original problem. This requires the original problem and sub-problems to have (       )	single_answer_choice	Same size, same nature	Same size, different nature	Different size, same nature	Different size, different nature	C	The basic approach to big data processing	nan	2023	high	easy
2363	In the era of big data, the collection of online information is an important task. Relying solely on human effort to collect this information is not only inefficient and cumbersome but also increases the cost of collection. At this point, we can legally use ( ) to automatically collect online data.  	single_answer_choice	System logs  	Web crawlers  	Sensors  	Surveys	B	Data collection methods	nan	others	high	easy
2536	The behavior that meets personal information security requirements is: (      )	single_answer_choice	Installing and promptly updating antivirus software on your computer	Opening a prize-winning SMS link on your phone	Actively cooperating with survey calls from strangers	Purchasing rare game equipment sold at low prices in a QQ group	A	Personal Information and Security Precautions	nan	2023	high	easy
7731	Regarding the statements about the Internet of Things, the incorrect one is (   )	single_answer_choice	The interconnection of all things will bring great convenience to our lives, reduce communication costs, and improve resource utilization efficiency.	There is an essential difference between the Internet of Things and the Internet, making it difficult for hackers to attack physical devices such as network cameras.	"The Internet of Things means ""Internet of Things,"" implying the interconnection of all things and is a part of the Internet."	"The ""Internet of Things"" implements intelligent control over objects."	B	The Internet of Things and Its Development History	nan	2021	high	easy
7373	The main problem of the second-generation computer networks is (      ).	single_answer_choice	The line speed is too slow	Lack of a unified network standard	Inability to share resources	Excessive burden on the host	B	The Origin and Development of the Internet	nan	2021	high	easy
6240	In a school there are multiple classes and students. If each student can belong to only one class, and a class can have multiple students, then the type of relationship between students and classes is ( ).  	single_answer_choice	Many-to-many  	One-to-one  	Many-to-one  	One-to-many	C	E-R Diagram and Entities with Attributes	nan	2023	high	easy
4948	"When we use the ""Sound Recorder"" software in Windows to record audio files, the sound is ( )  "	single_answer_choice	Digitized  	Converted to pixels  	Converted to ASCII code  	Converted to location code	A	Collection of audio materials	nan	others	high	easy
3368	A vending machine is a convenient and intuitive mobile business tool. On a vending machine, people can freely purchase hot and cold drinks, snacks, phone cards, specialty items, etc. Xiao Ming plans to buy a bottle of mineral water from the vending machine. Before he confirms payment, the system will not generate (    ).  	single_answer_choice	Data stream  	Capital flow  	Transaction flow  	Information flow	B	The working process of an information system	nan	others	high	medium
480	The following statement about data and information is incorrect (    )	single_answer_choice	Data is a symbolic representation of objective things	Information is used to eliminate random uncertainty	Data has many forms of expression	Information is time-sensitive, and expired information disappears	D	Information and its characteristics###The relationship between data, information, knowledge, and wisdom###The form of data	nan	others	high	easy
925	Regarding information processing, the incorrect statement is (    )	single_answer_choice	Information processing is about discovering the value of information.	Information processing involves distinguishing, filtering, classifying, sorting, analyzing, and a series of other processes on collected information.	New information can be generated through information processing.	Information processing can only rely on computers to be completed.	D	The concept of information processing and handling###The main purpose of information processing###The general process of information processing	"[Answer] Option A is correct; information processing involves discovering the value of information. Option B is correct; information processing includes a series of processes such as judging, filtering, classifying, sorting, and analyzing collected information. Option C is correct; new information can be generated through information processing. Option D is incorrect; there are many ways to process information, and it does not necessarily require a computer. Therefore, the correct answer is option D. 

[Analysis] This question mainly tests knowledge related to information processing. Students should master the main content of information processing: (1) Information filtering and judgment: Among a large amount of raw information, there inevitably exists some false and misleading information. Only by carefully filtering and judging can the mixing of genuine and false information be prevented. (2) Information classification and sorting: Collected information is initially unorganized and isolated. Only by classifying and sorting this information can it be stored, retrieved, transmitted, and used. (3) Information analysis and"	others	high	easy
2535	In SQL, the operation involving a wildcard with the largest scope is (    ).	single_answer_choice	name LIKE 'hgf_'	name LIKE 'hgf_t%'	name LIKE 'hgf%'	name LIKE '_hgf'	C	Structured Query Language	"[Answer] ""%"" represents any character appearing any number of times, while ""_"" is used to match a single character, similar in usage to the percent sign (""%""). By analyzing the options, it can be concluded that the operation involving wildcards with the largest scope is ""name LIKE \textquotesingle hgf\%\textquotesingle,"" indicating that all characters starting with ""hgf"" are valid matches, and option C's scope includes option B. Therefore, the answer is C.

[Analysis] This question tests the use of Structured Query Language (SQL)."	2021	high	easy
2605	The correct statements about big data are as follows ( ):	single_answer_choice	Big data analyzes the entire set of data.	When processing data with big data, it is necessary to ensure that each piece of data is accurate.	The main source of big data is still human input.	Large amounts of data equate to big data.	A	The Concept and Characteristics of Big Data###Big Data Thinking	nan	others	high	easy
3432	The following statement about animation is incorrect (     ):	single_answer_choice	The formation of animation utilizes the persistence of vision phenomenon.	Adobe ImageReady software cannot create animations.	Animation is formed by continuously presenting several static frames using certain technical means.	Flash is a common two-dimensional animation creation software.	B	The Basic Concepts of Computer Animation###Multimedia data acquisition and editing software	nan	2021	high	medium
3495	In order to meet the challenges of the information society, we high school students should be prepared to live in the information society. The following statement is inappropriate (   ).  	single_answer_choice	Develop a good sense of information  	As long as you excel in college entrance exam subjects and get into an ideal university  	Develop healthy habits for using information technology  	Cultivate good information emotions and information ethics	B	Challenges and Responses of the Information Society	"In order to meet the challenges of the information society, high school students should cultivate a good awareness of information, develop healthy habits of using information technology, and foster positive information emotions and ethics. Therefore, the answer is B.

This question examines how to respond to the challenges of the information society. As participants and future builders of the information society, we must keep pace with the times, pay attention to environmental changes and human challenges brought by new technological revolutions, and continuously enhance information literacy. This includes learning to acquire, identify, and use information, emphasizing the accuracy and safety of information release, and maintaining a harmonious relationship among people, information, technology, and society while understanding the dialectical impact of information technology on society."	2022	high	hard
4645	The correct statement about website creation is (     ).	single_answer_choice	It is best to use absolute paths for referencing materials in a webpage.	All webpage layouts within the same website should be identical.	Correct links and the ability for main pages to return to each other is an important indicator of website performance testing.	File names for materials and webpages should be in Chinese for easier identification.	C	Web page layout design###Application of images, sounds, and animation in web pages###Website debugging	"[Solution] It is best to use relative paths when referencing materials in web pages. Using absolute paths can lead to incorrect material links when the website is moved, making option A incorrect. Different pages within the same website can have different layouts, making option B incorrect. Ensuring correct links and that major pages can navigate back and forth is an important indicator of website performance, making option C correct. File names for materials and web pages should be in English for software recognition, making option D incorrect. Therefore, the correct answer is option C.

[Analysis] This question examines the use of materials in web design, page layouts, and website testing."	others	high	medium
6259	Among the following tools, which is more suitable for digital visualization expression?  	single_answer_choice	WeChat  	XMind  	Blog  	Weibo	B	Data visualization tool	nan	2021	high	easy
6453	Regarding website construction, which of the following statements is not entirely correct? (　　)	single_answer_choice	Website content should be concise to allow users to capture the core content of the site in a short time.	"Website management and maintenance should be strengthened to ensure the content remains consistently ""fresh""."	Website layout design should be ingenious and unique in style to reflect the cultural depth of the site owner.	The design of the website layout should extensively use audio, video, and other multimedia information to create a visual impact.	D	Website maintenance and evaluation	nan	others	high	medium
