index	question	category	answer	knowledge	analysis	year	grade_level	difficulty_level
5381	"Select cell C6, then click the ""Freeze Panes"" button to freeze ( ) rows and ( ) columns.  
A. 6 rows and 3 columns  
B. 7 rows and 4 columns  
C. 5 rows and 2 columns  
D. 6 rows and 4 columns"	fill_in_the_blank	5; 2	Basic Operations of Table Data	"[Answer] Select cell C6, then click the ""Freeze Panes"" button. This will freeze cells A1:B5, totaling 2 columns and 5 rows. Therefore, the answer is C.  
[Analysis] This question tests the ""Freeze Panes"" operation. First, select a cell, then click the ""View"" tab, under the ""Window"" group, select the ""Freeze Panes"" dropdown button, and choose ""Freeze Panes."" The window will split using the top-left corner of the selected cell as a coordinate, freezing the panes at the top-left corner of the current cell."	2019	high	easy
1543	"The sequences that can be auto-filled in Excel are ( ).  
A. Arithmetic sequence B. Date C. Geometric sequence D. Any sequence"	fill_in_the_blank	A, B, C	Processing and calculation of tabular data	"[Answer] In Excel, the sequences that can be auto-filled include arithmetic sequences, geometric sequences, dates, etc., but not arbitrary sequences. Therefore, the answer is D.  
[Analysis] This question tests the use of auto-fill in spreadsheet processing."	2020	high	easy
2510	"In a flowchart, use a (   ) to represent conditional statements in an algorithm:  
A. Diamond box B. Rectangle box  
C. Circle box D. Parallelogram box"	fill_in_the_blank	A	Flowchart Reading	[Answer] Rhombus is used for conditional judgment, rectangles are used for calculations and assignments, circles are used for start and end, and parallelograms are used for input and output. Therefore, the correct answer is A. [Analysis] This question tests the symbols of algorithm flowcharts.	2022	high	easy
7958	Classification of masks: \ul{　 　} and \ul{　 　}.	fill_in_the_blank	Quick Mask; Layer Mask	Layers and Basic Operations on Layers	"Answer: Masks are divided into quick masks and layer masks, and layer masks can be further divided into layer masks, clipping masks, and vector masks. Therefore, the answer is: quick mask, layer mask.

Analysis: This question examines the types of masks. Masks are divided into quick masks and layer masks, and layer masks can be further divided into layer masks, clipping masks, and vector masks. A layer mask overlays a sheet of glass over the current layer, which can be transparent, semi-transparent, or completely opaque. A clipping mask uses the shape of the layer below to restrict the display state of the layer above, achieving a collage effect. A vector mask can be resized arbitrarily. The quick mask is more commonly used in Photoshop as a precise selection tool."	2018	high	easy
541	The method involves analyzing specific problems to extract a ( ). This mathematical model can be represented by several ( ), and by solving these expressions, the problem is resolved.	fill_in_the_blank	mathematical model; analytical expressions	Analysis of Algorithms and Program Implementation	"Answer: Based on the analysis of specific problems, extracting a mathematical model that can be expressed with several analytical expressions is called the analytical method. Therefore, the answer is: analytical.

Analysis: This question examines the concept of different algorithms. The most commonly used algorithms in programming include sorting algorithms, search algorithms, brute force (enumeration) methods, analytical methods, and recursive algorithms."	others	high	easy
1794	When programming with a for loop, the general process is: first consider \ul{   }, then consider the need to \ul{   } or \ul{   } the number of iterations. Set the corresponding \ul{   }.	fill_in_the_blank	Loop body to be executed; number of iterations; determined by whom; variable	Loop structure statements and program implementation	nan	others	high	easy
2912	A Chinese character is composed of \ul{ } bits in binary.	fill_in_the_blank	16	Character encoding	nan	others	high	easy
3163	"In VB, given the integer n≥100, the following statement has the same function as b = n \textbackslash{} 10 Mod 10 (　　)  
A. b = (n Mod 100) \textbackslash{} 10  
B. b = n Mod 10 \textbackslash{} 10  
C. b = (n Mod 10) \textbackslash{} 100  
D. b = n \textbackslash{} 100 Mod 10"	fill_in_the_blank	A	Constants, variables, and variable assignment.	[Answer] The question implies: b = n \textbackslash{} 10 Mod 10 involves first dividing n by 10 (resulting in the number with the units digit removed), then taking the remainder upon division by 10, giving the tens digit of n and assigning it to variable b. Option A: Divide n by 100 first, then divide the integer quotient by 10, resulting in n's tens digit and assigning it to variable h. Option B: When n is divided by 10, take the remainder, resulting in n's units digit, then divide by 10 again to get an integer quotient, which is 0, and assign 0 to variable b. Option C: First, take the remainder of n divided by 10, resulting in n's units digit, then divide it by 100 for the integer quotient, which is 0, and assign 0 to variable C. Option D: First, divide n by 100 to get the	others	high	easy
76	"In multimedia work design, menu design falls under (　　)
A. Layout design B. Art design C. Interaction design D. Script design"	fill_in_the_blank	C	Planning and design of multimedia works	"[Answer] According to the question, the function of the menu is to interact with people, so it falls under interaction design. Therefore, the answer is C.  
[Analysis] This question tests the interface design of multimedia works."	others	high	easy
4070	"Bubble sort is a commonly used sorting method, often involving data swapping during sorting. Which of the following options correctly swaps the data in variables x and y?

A. x=y y=x B. x=x+y y=x-y C. m=x x=y y=m D. m=y y=x"	fill_in_the_blank	B, C, D	Sorting algorithms and program implementation	nan	others	high	easy
5227	"Among the following software, which cannot adjust the brightness/contrast of images is (   )
A. Photoshop B. ACDSee
C. Paint in Windows D. FastStone Image Viewer"	fill_in_the_blank	C	Common Tools for Image Processing	"[Answer] Option A is correct. Photoshop is a commonly used professional image editing software that can adjust image brightness/contrast. Option B is correct. ACDSee is also a commonly used image editing software that offers brightness and contrast functions. Option C is incorrect. Paint in Windows is mainly for users to draw images and allows for cropping, but it does not have brightness and contrast functions. Option D is correct. ""I Can Do It Fast"" is an image editing software that provides brightness and contrast functions internally. Therefore, the correct answer is option C.

[Analysis] This question mainly tests students' knowledge of commonly used image software. Students should understand the functions of each commonly used tool and summarize their primary advantages to know which software to select for different issues in practical applications."	others	high	easy
1791	\(2^7 = ( )_{10} \).	fill_in_the_blank	128	Base and Number System Conversion	"Solution: The binary number 1111111 converts to the decimal number: 1 + 1*2^1 + 1*2^2 + 1*2^3 + 1*2^4 + 1*2^5 + 1*2^6 = 127.

Analysis: This question examines number base conversion. To convert a binary integer to a decimal number, the ""expansion by place value and successive addition"" method can be used."	1111	high	easy
7549	"In Word 2007 edit mode, to set the print page format, you should use the ""Page Setup"" group in the \ul{    } tab."	fill_in_the_blank	Page layout	Basic Text Editing	nan	2021	high	easy
2895	"Among the following applications, the one primarily used for digital image processing is (      ).  
A. Xunlei B. Jianying C. WPS D. Photoshop"	fill_in_the_blank	D	Multimedia data acquisition and editing software	nan	2023	high	easy
7788	( ) is the process of using specified symbols to combine a set of strings according to certain rules to represent an object or concept (encoding object).	fill_in_the_blank	Encoding	The general process of information processing	nan	others	high	easy
77	"A school plans to establish a book-sharing station. The school has a total of 24 classes. If a 12-bit binary is used to number the books donated by each class, with the number consisting of the class number plus the book sequence number, then the maximum number of books each class can donate is ( ) copies.  
A. 32 B. 64 C. 100 D. 128"	fill_in_the_blank	128	Others	nan	2021	high	easy
5838	"The applicability and characteristics of the enumeration algorithm in solving problems in life are (    ).  
A. Large amount of computation  
B. Limited number of solutions  
C. All possible situations conform to certain rules  
D. Calculate expressions to achieve problem-solving"	fill_in_the_blank	A, B, C	Enumeration Algorithm and Program Implementation	nan	others	high	easy
70	"If the hint is still too high, then guess 12 the third time, and so on. This algorithm, which halves the search range each time to quickly determine the target, is called ( ).  
A. Sorting Method B. Sequential Search Method C. Analytical Method D. Binary Search Method"	fill_in_the_blank	Binary Search Method	Search algorithms and program implementation	nan	2021	high	easy
7526	In PowerPoint 2010, template documents are provided with the extension ( ).	fill_in_the_blank	.potx	Software extension name	"Answer: The template document extension provided by PowerPoint 2010 is .Potx. Therefore, the answer is: .Potx.  
Analysis: This question examines the file format of presentation documents."	2020	high	easy
1546	"Excel allows the use of the following data types: ( ), ( ), and ( ).  
A. Date B. Text C. Boolean D. Numeric"	fill_in_the_blank	Date; Text; Numeric	Workbook, Worksheet, and Cell	"[Answer] Excel allows the use of data types such as date, text, numeric, currency, percentage, and fraction. Therefore, the answer is ABD. \\
[Analysis] This question examines the types of cell data settings in Excel."	2020	high	easy
5383	"To ensure data security on the computer as much as possible, unreasonable behavior would be:  
A. Installing antivirus software and firewalls and updating them timely  
B. Encrypting data files before sending them  
C. Backing up important data on the computer promptly  
D. Installing and running multiple antivirus software and firewalls  
The correct choice is ( )."	fill_in_the_blank	D	Information System Security Protection	nan	others	high	easy
526	"In Word's table operations, to change the row height and column width of a table, you can use the mouse with the following methods:  
A. Drag the mouse when the pointer becomes a double arrow on the table line  
B. Double-click the table line  
C. Click the table line  
D. Click the ""Split Cells"" button  
The correct method is ( )."	fill_in_the_blank	A	Handling images and tables in text	"[Answer] Option A: When the mouse pointer turns into a two-way arrow while pointing at the border of a table, you can adjust the row height or column width by holding and dragging the left mouse button. Option B, Option C: Neither clicking nor double-clicking on the table line has any effect. Option D: Clicking the ""Split Cells"" button can divide a cell into multiple rows or columns. Therefore, the answer is A.

[Analysis] This question tests the operation of changing row height and column width in a table. There are many ways to change row height and column width, one of which is to use the mouse to drag table lines directly to change them. This method is not precise. For a more precise change, use ""Table Tools"" or a shortcut menu. The ""Table Tools"" method involves selecting the table or moving the cursor to the desired row or column, and then clicking ""Table Tools"" -> ""Layout"" -> ""Cell Size"" -> ""Height"	2018	high	easy
1613	"The Windows system's File Explorer uses a ( ) management.  
A. Tree directory B. Network directory C. Linear directory D. Cross directory"	fill_in_the_blank	A	The concept and purpose of information resource management	"[Answer] In Windows Explorer, the root directory can store both folders and files, and subfolders can also store folders and files, forming a tree-like directory structure. Therefore, the answer is option A. 

[Analysis] This question examines the file organization structure of Explorer. The left window of Explorer displays a tree structure of folders stored on the computer's hard drive, making it easy to select the drive and folder you need to operate. The right window displays the contents of the selected folder, where you can perform operations such as running, moving, copying, and deleting."	others	high	easy
2836	"The prerequisite for enabling computers to process text, sound, images, and other information is (       ).
A. Increasing the computational speed of computers
B. Large capacity memory
C. Computer networks
D. Digitization of information"	fill_in_the_blank	D	Concept and Role of Digitization	nan	2023	high	easy
7539	Iterative and recursive algorithms both require repeating certain code, with differences as well as close connections between the two. Iteration involves ( ), usually aimed at ( ), and typically ends using a ( ) to terminate the loop. Recursion repeats ( ), terminating when a ( ) is encountered, returning layer by layer.	fill_in_the_blank	repeated execution; approaching a desired target or result; condition or counter; function calls; base case	Recursive algorithm	nan	others	high	easy
6632	In computer science, the definition of data is a general term for ( ). In computer systems, data is represented in the form of ( ).	fill_in_the_blank	all media that can be input into a computer and processed by a computer program; binary information units 0, 1	Definition and Characteristics of Data, Knowledge, and Wisdom	nan	others	high	easy
6618	Data, information, and knowledge can be regarded as three different stages of human perception of objective matters. Data is ( ), information is ( ), knowledge is ( ).	fill_in_the_blank	Objective recording of the attributes of things; organized and structured data; information, data, images, value standards, and other symbolic products of society processed by human thinking.	The relationship between data, information, knowledge, and wisdom	nan	others	high	easy
4221	"Windows is a ( ) graphical user interface operating system.
A. Single-user, single-task B. Multi-user, single-task
C. Single-user, multi-task D. Multi-user, multi-task"	fill_in_the_blank	C	Network Operating System	nan	2020	high	easy
3648	When accessing data from a database in the visual interface of a database management system, we use \ul{ } as the pipeline connecting the application and the database.	fill_in_the_blank	ODBC	Import and Export of Database Files	"【Answer】 To connect the application and the database, ODBC can be used. ODBC generally refers to Open Database Connectivity. Therefore, the answer is: ODBC.  
【Analysis】 This question examines data access in databases."	others	high	easy
2918	In the computer RGB color mode, white is represented by: A. RGB(255, 255, 255) B. RGB(0, 0, 0) C. RGB(255, 0, 0) D. RGB(0, 255, 255). The correct answer is ( ).	fill_in_the_blank	A	Image Basic Properties Settings	"[Answer] White is (255, 255, 255). Thus, the correct answer is A. 

[Analysis] This question tests the RGB model. Common colors and their corresponding decimal values (often seen in color selection in PS software) are white (255, 255, 255), black (0, 0, 0), red (255, 0, 0), green (0, 255, 0), blue (0, 0, 255), along with their hexadecimal representations (commonly seen in flash software color selection)."	others	high	easy
7535	"Fill-in-the-blank questions:  
(1) When sequencing DNA molecule bases, there is a massive amount of data that needs to be processed. By organizing numerous computers from different countries and regions on the Internet, each country completes a part of it, ultimately completing the entire base sequencing, reflecting the ( ) function of computer networks.  
(2) Wang Qiang uses a browser to open Sina Weibo to view or post information. This type of network application software belongs to the ( ) structure.  
(3) The current data exchange technology used by IP telephony is ( ).  
(4) The TCP/IP protocol suite is divided into the application layer, transport layer, internet layer, and network interface layer. The HTTP (Hypertext Transfer Protocol) used for browsing web pages operates at the ( ) layer."	fill_in_the_blank	(1) Distributed processing; (2) B/S (Browser/Server); (3) Packet switching; (4) Application	Concepts, Functions, and Components of Computer Networks###Network architecture###Web application model	nan	2023	high	easy
6933	"Important characteristics of algorithms include:  
1) An algorithm must terminate after executing a finite number of steps, which is known as ( ).  
2) Each operation in the algorithm has a clear definition, is unambiguous, and can produce a unique result through calculation, which is referred to as ( ).  
3) An algorithm can have zero or more ( ); zero inputs mean that the algorithm itself provides the initial conditions.  
4) An algorithm must have an ( ), producing at least one output.  
5) Any computation performed within the algorithm can be completed in finite time, also known as ( ); the operations in the algorithm must be implementable."	fill_in_the_blank	Finiteness; Certainty; Inputs; Outputs; Feasibility	The basic concepts and characteristics of algorithms	The features of algorithms are: â  Finiteness: It ends after a finite number of steps, and each step takes a finite amount of time; â¡ Definiteness: Each step has a precise meaning; â¢ Input: There may be zero or more inputs; â£ Output: At least one output is produced; â¤ Feasibility: It can run accurately in principle. It can be completed with a finite number of operations using paper and pen, also known as effectiveness. Therefore, the answer is: finiteness, definiteness, input, output, feasibility, and effectiveness. This question examines the characteristics of algorithms.	others	high	easy
7542	"Media in the field of computers has two meanings: one refers to the entities that store information (medium), and the other refers to the ways of expressing information (media). Please correctly classify the following media: text, disk, memory, sound, graphics, image, optical disc, magnetic tape, video, animation.

Belonging to medium: ( )

Belonging to media: ( )"	fill_in_the_blank	disk, memory, optical disc, magnetic tape; text, sound, graphics, image, video, animation.	Components of a Multimedia Computer System	nan	2020	high	easy
7944	"The iterative method, also known as ( ), is a fundamental method for solving problems using computers. Iteration is usually aimed at approaching and achieving the desired goal or result. Each repetition of the process is called an ""iteration,"" and the ( ) obtained from each iteration is used as the ( ) for the next iteration."	fill_in_the_blank	iterative method; result; initial value	Programming for data processing and visualization	nan	others	high	easy
2197	"The correct statements about information and information technology are:   
A. The essence of computer processing of images is computation ( )   
B. Information transmitted via 5G networks does not rely on a carrier ( )   
C. Sound is stored in computers in the form of analog signals ( )   
D. Modern information technology includes photography technology, film technology, and optoelectronics technology ( )"	fill_in_the_blank	True; False; False; False	Information and its characteristics###The concept and key technologies of information technology###The working principles of computers and mobile devices.	nan	2020	high	easy
4744	During the national census, the statistics bureau needs to classify and sort this information before the data can be used. This is the process of information ( ).	fill_in_the_blank	processing	The concept of information processing and handling	ãAnswerãThe statistics bureau categorizes and sorts this information, which falls under the scope of information processing. Therefore, the answer is C. \ ãAnalysisã This question mainly tests the concept of information. Processing information involves a series of processes such as discriminating, filtering, categorizing, sorting, analyzing, and reconstructing to make the collected information meet our needs.	2018	high	easy
1559	"The following are types of internet access methods: ( ).  
A. ISDN dedicated line access  
B. WAN access  
C. DDN dedicated line access  
D. ADSL access"	fill_in_the_blank	A, B, C, D	Common Internet Access Methods and Configuration	nan	2021	high	easy
7187	The control panel can be accessed through the run command ( ).	fill_in_the_blank	Control	Control Panel	nan	2022	high	easy
527	"The diversity of data is reflected in ( )
A. Data and information are inseparable
B. Data is a form and carrier of information, and can be symbols, text, numbers, voice, images, videos, etc.
C. Data has various actual meanings"	fill_in_the_blank	B	The Concept and Characteristics of Big Data	nan	others	high	easy
4756	"Xiaoming wants to track the changes in his scores across several monthly exams for each subject. The most suitable software is (   )
A. Photoshop B. Word C. Excel D. PowerPoint"	fill_in_the_blank	C	Data processing and statistical analysis tools	nan	2023	high	easy
5551	"The ""Audio-Visual Online"" section on the CCTV website offers video on demand for many major historical events. What technology is used? ( ).  
A. Streaming media technology  
B. Hypermedia technology  
C. Virtual reality technology  
D. Peer-to-peer technology"	fill_in_the_blank	A	The application of multimedia technology	nan	others	high	easy
2906	A student found that they were unable to access the teacher's computer while using the school computer lab. To check the network connection status, they can use the command ( ).	fill_in_the_blank	Ping	Network Commands and Troubleshooting	"Answer: The ping command is used to determine whether the local host can successfully exchange (send and receive) data packets with another host. Based on the returned information, you can deduce whether the TCP/IP parameters are set correctly, if it is running normally, and if the network is smooth. Therefore, the answer is: ping.

Analysis: This question tests network commands. The ipconfig command can be used to display the current TCP/IP configuration settings. This information is generally used to verify whether manually configured TCP/IP settings are correct. ARP is an important protocol in the TCP/IP protocol suite, used to determine the physical address of the network card corresponding to an IP address."	2020	high	easy
6638	Each web page has a unique address, commonly referred to as a ( ).	fill_in_the_blank	URL	Web address and Uniform Resource Locator	nan	2020	high	easy
7774	In the requirements analysis phase, analysts need to determine the comprehensive requirements for the problem, the most important of which is ( ).	fill_in_the_blank	Patient physiological safety	The development process of information systems	nan	others	high	easy
2506	"What are Python single-line and multi-line comments?  
Single-line comments are denoted by ( ) and multi-line comments are denoted by ( )."	fill_in_the_blank	"#; """""" """""""	Sentence comments and indentation	nan	others	high	easy
6798	There are many applications on the internet, among which those used for file transfer are ( ).	fill_in_the_blank	FTP	Common Types of Network Services	"【Answer】FTP (File Transfer Protocol) is used for network file transfers. Therefore, the answer is: FTP.  
【Analysis】This question examines internet services. Common types of network services include: World Wide Web, email, remote login, and file transfer."	2021	high	easy
4220	"The basic goal of information security is to ensure the ( ) of information.
A. Redundancy, confidentiality, controllability, disseminability
B. Integrity, confidentiality, controllability, utility
C. Redundancy, secrecy, availability, controllability
D. Integrity, secrecy, availability, controllability"	fill_in_the_blank	D	Overview of Information System Security	"[Answer] The basic goals of information security are to ensure the integrity, confidentiality, availability, and controllability of information. Therefore, the answer is D.

[Analysis] This question examines the basic goals of information security. Information security includes two aspects: On one hand, it includes physical security, which refers to the protection of tangible items such as communication and computer equipment and related facilities in a network system, ensuring they are not damaged by rain, etc. On the other hand, it includes what we usually refer to as logical security, which includes information integrity, confidentiality, and availability. Both physical and logical security are extremely important. Without protection of either aspect, network security will be compromised. Therefore, when implementing security measures, both aspects must be reasonably arranged and considered."	2020	high	easy
73	The algorithm that can be used to find all three-digit numbers whose digits sum to 5 is (   ). A. Analytical algorithm B. Bubble sort C. Enumeration algorithm D. Selection sort	fill_in_the_blank	C	Common algorithms	nan	others	high	easy
1806	The purpose of system testing is to compare \ul{　 　} and \ul{　 　}, and to correct any discrepancies.	fill_in_the_blank	Test Results; System Requirements	System testing	nan	others	high	easy
7694	In computers, sign-magnitude and two's complement are two common methods of representing numbers. The sign-magnitude representation adds a sign bit (i.e., the highest bit is the sign bit) before the number: for positive numbers, that bit is 0, and for negative numbers, it is 1, with the remaining bits representing the magnitude. In two's complement representation, the two's complement of a positive integer is the same as its sign-magnitude, while for a negative integer, the two's complement is obtained by inverting all bits of its sign-magnitude except the sign bit (changing 0 to 1 and 1 to 0, keeping the sign bit as 1) and then adding 1. If a byte is used to represent, the two's complement of the decimal number -72 is ( ).	fill_in_the_blank	10111000	Original code, one's complement, and two's complement	nan	others	high	medium
4218	"The Internet of Things is a network formed by combining various information sensing devices with the internet. RFID in the Internet of Things is mainly used for: ( )  
Options: A. Sensing and Identification B. Information Transmission C. Intelligent Computing D. Data Storage"	fill_in_the_blank	A	New Internet Technology	"In the Internet of Things, RFID can identify specific targets and read/write related data through radio signals. Common technologies include low frequency, high frequency, ultra-high frequency, and passive. RFID technology is widely used, such as in libraries, access systems, and food safety traceability. Therefore, the answer is A. 

This question examines the application of RFID. RFID (active, passive) or Radio Frequency Identification is also known as electronic tagging or wireless radio frequency identification. It is a communication technology capable of automatic identification."	2021	high	easy
7639	Press the key combination ( ), and the open application windows will cycle through and become the active window on the desktop.	fill_in_the_blank	Alt+Esc	The use of mouse and keyboard in documents###File Explorer	nan	2020	high	easy
3645	Solid text is divided into ( ) and paragraph text.	fill_in_the_blank	sentence text	Collection of text materials	"Answer: Solid line text is divided into point text and paragraph text. Therefore, the answer is: point text.  
Analysis: This question examines the classification of solid line text. There are two types of text: point text and paragraph text. Point text is suitable for a small amount of text and cannot automatically wrap. On the other hand, paragraph text is suitable for a large amount of text and can automatically wrap."	2018	high	easy
2339	"The following is not completed during the software requirements analysis phase (     ):
A. Software code design
B. Software functional requirements
C. Software data requirements
D. Software security requirements"	fill_in_the_blank	A	Software and Development of Information Systems	[Answer] Software functional requirements, data requirements, and security requirements all belong to the software requirements analysis phase, while software code design is part of the programming phase. Therefore, the answer is A. [Analysis] This question examines the software development process.	2021	high	easy
1084	"Which of the following statements correctly describe the limitations of an information system?  
A. Design flaws in the information system lead to user losses  
B. Information systems are constrained by the security factors of the network environment  
C. Information systems can resist virus attacks  
D. Risks hidden in the implementation process of the information system  
Choose the correct options: ( ), ( ), ( )"	fill_in_the_blank	A, B, D	Advantages and Limitations of Information Systems	nan	others	high	easy
4760	"The following statement about the purpose of data organization is incorrect (     ):
A. Reduce data volume B. Detect and correct erroneous or missing data
C. Integrate data resources D. Improve data quality"	fill_in_the_blank	A	Data organization and its purpose	"【Answer】 The purpose of data organization is to detect and correct erroneous or missing data, integrate data resources, standardize data formats, and improve data quality. Therefore, the answer is A.\\
【Analysis】 This question examines the purpose of data organization."	others	high	easy
2213	"In Flash software, to add a segment of image material to the ""Library"" panel, you should choose the command (   ).  
A. ""File"" → ""Open""  
B. ""Insert"" → ""New Symbol""  
C. ""File"" → ""Import"" → ""Import to Library""  
D. ""Window"" → ""Library"""	fill_in_the_blank	C	Importing media materials	nan	2019	high	easy
2445	"The following effect does not use dynamic web technology ( ):  
A. User-interactive content that updates without refreshing the page  
B. Real-time data fetch from the server  
C. Constantly changing GIF animation in the webpage  
Current answer: ( )."	fill_in_the_blank	C	Dynamic web pages and static web pages	"[Answer] The text that continuously moves in the browser status bar; a new window that automatically pops up when opening a website; automatically updating dates on a webpage, all use dynamic webpage technology. The GIF animation that constantly changes on the webpage does not use dynamic webpage technology but is an uploaded animated image. Therefore, the correct answer is C.

[Analysis] This question mainly tests dynamic webpage technology."	2020	high	medium
