index	question	category	answer	knowledge	analysis	year	grade_level	difficulty_level
7913	"The command options under the ""Edit"" menu in the window include ( )
A. Delete B. Select All C. Properties D. Copy"	multiple_answer_choice	B, D	File Explorer	nan	2021	high	easy
7390	"Among the following descriptions, which are correct:  
A. 1B = 8 bits  
B. 1MB = 1024B  
C. 1KB = 1024B  
D. 1GB = 1024MB"	multiple_answer_choice	A, C, D	Data storage units and calculation	nan	2021	high	easy
5705	"AI's English abbreviation is (   )
A. Artificial Intelligence B. Automatic Intelligence
C. Automatic Information D. Artificial Information"	multiple_answer_choice	A	The Concept and Characteristics of Artificial Intelligence	nan	2022	high	easy
7400	"The class monitor needs to announce the specific arrangements for the afternoon class activity. The best method for releasing this information is (    ).  
A. The class teacher sends an email to each student  
B. Make an oral announcement to the class  
C. Place an ad in the newspaper  
D. Post a notice on the campus website"	multiple_answer_choice	B, D	Transmission and dissemination of information	"[Answer] The class president needs to announce the detailed arrangements for the class activities that afternoon. Option A is for the class teacher to send an email to each student, which is too complicated as it requires every student to log in to their email to check. This method is inappropriate. Option B is to make an oral announcement to the class, allowing students to receive the information immediately. This method can be used. Option C is to place an ad in the newspaper, which is overkill and clearly inappropriate. Option D is to post a notice on the campus website, which every student can access. This method can be chosen. Therefore, the answer is BD.

[Analysis] This question mainly examines the reasonable selection of methods for disseminating information. It involves analyzing the situation, identifying feasible options, and then selecting the appropriate method for implementation."	others	high	easy
4792	"The following are part of the preliminary preparation process for building an information system:  
A. Requirements Analysis → Feasibility Analysis → Hardware Selection → System Test Design → Detailed Design  
B. Requirements Analysis → Feasibility Analysis → Development Model Selection → Outline Design → Detailed Design  
C. Data Collection and Input → Program Design → Hardware Selection → Detailed Design → Data Query Design  
D. Data Collection and Input → Data Storage → Data Transmission → Data Processing → Data Query Design"	multiple_answer_choice	B	Preparations for Building an Information System	[Answer] The question involves the basic process of system construction, which mainly includes: requirements analysis, feasibility analysis, selection of development model, high-level design, detailed design, etc. Therefore, the answer is B. [Analysis] This question assesses the preliminary preparation for building an information system.	others	high	easy
6349	"To make all slides have a unified background, the conventional method is:

A. Execute the ""Background"" command under ""Format,"" set it in the ""Background"" dialog box, and then click the [Apply to All] button."	multiple_answer_choice	A	Slide page design	nan	others	high	easy
