index	question	category	answer	knowledge	analysis	year	grade_level	difficulty_level
608	The image of wood grain texture, with a similar texture structure across it, is an example of temporal redundancy.	true_false	False	Multimedia Data Compression Technology	nan	2023	high	easy
7758	The structure of the data table is composed of keywords.	true_false	False	Concepts of tables, fields, and records	nan	2022	high	easy
4045	A Wireless Network Card can serve as an access point, switch, and router in a wireless network.	true_false	False	Information carriers, communication lines, and connecting devices in the network	nan	2023	high	easy
2398	The function 'inputBox' belongs to input functions, while 'Print', 'MsgBox', and 'Aate' do not. ( )	true_false	False	Process and Custom Functions	"Answer: The InputBox function is used to simply receive some text input from the user and is an input function, so option A is correct. The Print statement is an output statement, so option B is incorrect. MsgBox is a commonly used interaction function in VB that can display various styles of message dialog boxes, so option C is incorrect. ""Aate"" is not a function, so option D is incorrect. Therefore, the correct answer is option A. 
Analysis: This question tests commonly used VB functions."	others	high	easy
943	Programs used daily by users must access the hard drive to run.	true_false	False	Debugging and running the program.	nan	2020	high	easy
2028	A 256-color bitmap image with a resolution of 1024×800 has a data file size of 0.78MB.	true_false	False	Audio, image, video encoding	nan	others	high	easy
40	Application software is corresponded with system software and is developed for specific purposes, such as office software, utility software, management software, etc.	true_false	False	System software, application software, and their functions.	nan	2022	high	easy
3795	"To save an image from a webpage, you must always right-click on the image and select ""Save image as."""	true_false	False	Types of Internet Resources, Downloading and Saving	"Answer: If you want to save an image from a webpage, you need to download the file to your local host. The method to download is to right-click on the image, choose ""Save Image As,"" and then select the local folder. Therefore, the answer is: select ""Save Image As"" in the right-click context menu of the image.

Analysis: This question tests the method of downloading images from the web. There are many ways to download images from a webpage, such as using the media sensor of a download tool or screen capture, but this method is the simplest."	others	high	easy
7923	Images, audio, and video files can be embedded in web pages, while emails can only send text.	true_false	False	Email, electronic bulletin boards, and other information exchange methods.###Web page components	nan	2021	high	easy
6773	Sorting data cannot be achieved using the database.	true_false	False	Database, database systems and their characteristics	nan	others	high	easy
3148	The default wrapping style for Word text and image layout is Square.	true_false	False	Basic Processing of Image Materials	nan	2019	high	easy
7609	Rehearsal timing can estimate a presentation's playback time for automatic playback.	true_false	True	Slideshow presentation	nan	2021	high	easy
7413	The Internet of Things uses Radio Frequency Identification (RFID) technology to sense and identify information in daily life. Barcodes utilize radio frequency identification technology. (   )	true_false	False	RFID Technology and Its Applications	nan	2023	high	easy
1527	"The following Python code:
a = input(""Please enter the value of a: "")
print(a * 3)

If 5 is entered from the keyboard, the result will be (     )
A. 555 B. 15 C. 15.0 D. aaa"	true_false	False	Common standard functions	"[Answer] The data type received by input is a string, i.e. a=""5"", so a*3=""555"". Therefore, the answer is A.  
[Analysis] This question tests the execution of a Python program."	2021	high	easy
5380	The protocol that represents the Transmission Control Protocol and Internet Protocol is HTTP/UDP Protocol.	true_false	False	Network Protocol	"[Answer] TCP/IP (Transmission Control Protocol/Internet Protocol) refers to a suite of protocols that enable information transmission across multiple different networks. Therefore, the answer is D.

[Analysis] This question tests network protocols. The TCP/IP protocol does not only refer to the TCP and IP protocols but to a suite of protocols consisting of FTP, SMTP, TCP, UDP, IP, etc. It is called the TCP/IP protocol because the TCP and IP protocols are the most representative within the suite."	2021	high	easy
1750	The operations that can be performed in the IE browser include creating a webpage.	true_false	False	Browser	nan	2022	high	easy
5196	A web page can be edited in the preview window of FrontPage.	true_false	False	Common web editing and development tools	"[Answer] Option A: The frontpage preview mode is the final HTML effect preview and does not allow webpage editing, so A is incorrect.
Option B: You can set multiple link sources for an image by setting hotspots, correct.
Option C: Link sources and link targets can be on the same webpage, different webpages, or even external web addresses, correct.
Option D: Correct.
Therefore, option A is chosen.
[Analysis] This question tests basic knowledge of webpage editing."	others	high	easy
1440	Using Flash to create animations, the number of times a component can be referenced in a scene is limited to only one reference.	true_false	False	Types and Applications of Components	nan	2022	high	easy
7756	For simple equality relationships between tables in an Access database, you can use SQL View; for complex relationships, use Design View.	true_false	False	Query of system data###Datasheet View and Design View	nan	others	high	easy
2979	In computer terminology, combining the ALU controller and the cache memory together is called pipelining.	true_false	False	The working principles of computers and mobile devices.	nan	others	high	easy
6920	When checking out items at the supermarket, the barcodes need to be scanned, which is part of the data encoding process.	true_false	False	Barcode, QR code	nan	2021	high	easy
617	Setting a file to read-only prevents others from viewing its contents.	true_false	False	Naming and Basic Operations of Files and Folders	[Answer] Compression, setting a password, setting a document password, and setting it to hidden can all protect a file from being seen by others. Setting it to read-only only restricts editing, but it can still be viewed. Therefore, the answer is BCD. [Analysis] This question tests file attribute settings.	2021	high	easy
3325	The fundamental methods of data analysis include feature exploration, cluster analysis, and data classification.	true_false	False	Data Analysis	nan	others	high	easy
8031	Embedded systems are specialized computer systems where hardware and software are customizable to meet specific application requirements.	true_false	True	Application and Classification of Information Systems	nan	others	high	easy
4729	Interpreted languages typically have lower efficiency, depend on an interpreter, and have good cross-platform compatibility.	true_false	False	Computer language	nan	others	high	easy
7757	A webpage is essentially a text file.	true_false	True	Concepts and Connections of Web Pages and Websites	"[Answer] A web page is a plain text file containing HTML tags, and pages are interconnected and accessed through the Hypertext Transfer Protocol (HTTP). Therefore, the answer is: correct.  
[Analysis] This question tests the understanding of web page files."	2020	high	easy
8039	In the same local area network, folders can be shared, but printers cannot be shared.	true_false	False	Classification of Computer Networks	nan	2020	high	easy
7602	"It is reported that China plans to fully implement the commercial application of the fifth-generation mobile communication technology, known as ""5G"", in 2020."	true_false	True	Network Communication Principles	[Answer] 5G communication is a new generation of broadband mobile communication technology characterized by high speed, low latency, and extensive connectivity. Therefore, the answer is: Correct. [Analysis] This question examines network communication technology. The three major application scenarios of 5G are enhanced Mobile Broadband (eMBB), ultra-Reliable Low Latency Communications (uRLLC), and massive Machine Type Communications (mMTC).	2021	high	easy
2396	Computer networks can be classified by geographic area into local area networks (LAN), metropolitan area networks (MAN), and the internet.	true_false	False	Concepts, Functions, and Components of Computer Networks###Classification of Computer Networks###Network Protocol	nan	2023	high	easy
7497	Different web pages within the same website can have their own distinct styles.	true_false	False	Web page layout design	nan	others	high	easy
6604	Multimedia technology involves the diversification of information and the diversification of information carriers.	true_false	True	The concept and characteristics of multimedia technology	nan	2022	high	easy
6585	In webpage creation, we can use hyperlinks to systematically link independent web pages together, forming an organic whole.	true_false	True	Web page interaction design	"Answer: Using hyperlinks allows individual web pages to be strategically linked together to form an integrated whole. Therefore, the answer is: Correct.  
Analysis: This question tests the function of webpage hyperlinks."	2020	high	easy
2988	"The design step ""Plan the functional modules (subsystems) included in the system"" should be placed between steps A and B. The step that prepares for the ""storage"" function after the information system is released and running is step B."	true_false	False	General Steps for Website Development	nan	others	high	easy
4204	EMS Express is an internet service.	true_false	False	Information Expression Methods and Expression Techniques	[Answer] The Internet offers many services, such as providing email, online shopping, browsing news, and web navigation. Therefore, B, C, and D are all Internet services, while EMS express is China Post Express. So, choose A. [Analysis] This question tests the content of Internet services.	others	high	easy
7414	An information system is a human-computer interaction system composed of people, hardware, software, network, and data resources.	true_false	True	Concept of Systems and Information Systems	[Answer] An information system is a human-computer interaction system composed of people, hardware, software, network, and data resources. Therefore, the answer is: correct. [Analysis] This question examines the basic concept of information systems. An information system consists of five key elements: hardware, software, data, communication network, and users. To achieve comprehensive management, rational allocation, and effective utilization of information resources, these elements of an information system work together to perform information input, processing, output, and storage activities.	2022	high	easy
6755	The application of digital travel methods like Didi Chuxing and bike-sharing has made travel more convenient for users and also promoted the development of the information economy.	true_false	True	Impact and Proper Use of Information Technology	nan	others	high	easy
3793	In the FrontPage editing window, the images inserted by default have borders.	true_false	False	Application of images, sounds, and animation in web pages	nan	others	high	easy
4879	"The command 'import web' is needed for developing the ""Noise Detection System"" program using the Flask Web framework."	true_false	False	System documentation and writing	"[Solution] The problem requires using the Flask framework to write the system, and the system's data needs to be stored in a database. Therefore, the system needs to use the commands ``from * import Flask'' and ``import sqlite3'' to open external connection libraries for Flask and sqlite3. So the answer is B. 
[Analysis] This question tests program writing for information systems."	others	high	medium
7595	"On May 12, 2004, chess champion Kasparov played a match against the computer ""Deep Blue."" ""Deep Blue"" was able to defeat Kasparov because it possessed human-like thinking and was more intelligent than Kasparov."	true_false	False	Development and Current Status of Artificial Intelligence	nan	2022	high	easy
5719	The main characteristics of the information society include the vigorous development of primitive handicrafts.	true_false	False	The main characteristics of the information society	nan	2022	high	easy
7927	Mobile phones with Near Field Communication (NFC) functionality can function as a transit card by installing a specific mobile application.	true_false	True	Applications and Impact of the Internet of Things	nan	others	high	easy
1530	In Python, the commonly used input/output statements are input() and printf().	true_false	False	Basic statements	nan	others	high	easy
2401	"The output of the following Python code is 5,6: 
a=5 
b=6 
a,b=3,4 
print(a,b)"	true_false	False	Constants, variables, and variable assignment.###Sequential Structure and Program Implementation	"[Answer] a=5, b=6, the statement a,b=3,4 means assigning a=3, b=4. The print statement is an output function, and the result of print(a,b) is 3 4. Therefore, the answer is C. 
[Analysis] This question examines the execution of a Python program."	2021	high	easy
4820	To perform join queries between multiple tables in an Access database, you must first establish relationships; for simple equality relationships, you can use queries; for complex relationships, directly use views.	true_false	False	Query of system data###Datasheet View and Design View	nan	others	high	easy
5547	"Zhang Li's computer immediately executed the shutdown command when he said ""shutdown,"" indicating that the technology used by the computer is character recognition."	true_false	False	Speech recognition	nan	2019	high	easy
48	A factory using computers to control the production process is an application of computers in the field of finance.	true_false	False	Application of Control	nan	others	high	easy
144	"The ""running memory"" in a smartphone refers to the CPU from the hardware components mentioned."	true_false	False	Hardware and software of mobile terminals	nan	2022	high	easy
7427	The webpage folders of a website are generally stored on a web server.	true_false	True	Site and site folder	nan	others	high	easy
6923	Hacking into information systems is considered a passive attack.	true_false	False	Vulnerabilities, Hackers, and Their Prevention and Control	nan	2021	high	easy
353	In-memory databases keep the data to be processed directly in memory, resulting in faster processing speeds compared to traditional disk databases. A skip list is a data structure that combines the concepts of linked lists and sequential search.	true_false	False	Sorting algorithms and program implementation###The complexity and efficiency of algorithms	nan	2022	high	medium
6761	Generally, the larger the bandwidth of a computer network, the faster the internet speed.	true_false	True	Bandwidth and network transmission rate	nan	2022	high	easy
5216	When a teacher registers students for the academic proficiency test, a webcam is the most convenient and quickest tool to use for taking digital photos.	true_false	False	Collection of image materials	nan	2021	high	easy
1431	A student wants to integrate an image with the extension BMP into a web page and can use Microsoft Word to convert the image to a JPG format file.	true_false	False	Image format conversion###Multimedia data acquisition and editing software	nan	2022	high	easy
1597	In VB, the code in the form is stored in files with the extension .cls	true_false	False	Form files, project files, and their extensions	nan	2021	high	easy
6918	Machine translation is the process of using computers to translate one natural language into another, applying artificial intelligence technology in the process.	true_false	True	Natural Language Processing	nan	others	high	easy
2419	The computation speed of computers is faster than that of humans, they have greater storage capacity, and can repeatedly execute tasks according to user-set programs. Therefore, among all information processing methods, computers are the most efficient.	true_false	False	Functions and Features of a Computer	nan	2021	high	easy
4047	When publishing a website, it is not necessary to have a domain name.	true_false	False	Website launch	nan	2023	high	easy
2580	"The English abbreviation ISP describes ""Internet Service Provider."""	true_false	False	Internet management organizations and service organizations	nan	2020	high	easy
2583	Database systems are foundational to realizing communication and connectivity in computer networks.	true_false	False	Concepts, Functions, and Components of Computer Networks###The composition and functions of database systems	nan	others	high	easy
3397	The purpose of data processing is to transform information into useful data to meet user needs.	true_false	False	The relationship between data, information, knowledge, and wisdom###The general process of data processing	nan	2023	high	medium
7436	Data visualization refers to the presentation of data in vivid and easy-to-understand forms such as graphics, images, and animations, to interpret relationships, trends, and patterns within the data for better understanding.	true_false	True	Definition and Role of Data Visualization	nan	2022	high	easy
4811	The management of email accounts uses database technology, and applying for a new email account is essentially adding a new record.	true_false	True	Classification and Application of Databases	nan	2020	high	easy
5541	A sound card is necessary for saving video footage taken during the holiday to the computer.	true_false	False	Video footage collection	nan	others	high	easy
5725	With the development of internet technology, it has accelerated data storage and development.	true_false	False	"The Application and Impact of ""Internet+"""	nan	others	high	easy
7747	Commands in the Excel 2010 ribbon cannot be added or removed.	true_false	False	Menu bar, toolbar functions	nan	2023	high	easy
7922	Any algorithm must include sequential structure, selection structure, and loop structure.	true_false	False	Elements of Algorithms	nan	2023	high	easy
1111	The creation of the Yahoo search engine marks that our country has fully mastered search engine technology.	fill_in_the_blank	False	Retrieval of online resources	nan	2021	high	easy
1469	The charm of images lies mainly in their rich information, intuitive representation, and ability to transcend language barriers.	fill_in_the_blank	True	Concepts of Graphics and Images, Bitmaps and Vector Graphics	nan	others	high	easy
5397	The management of a database only includes adding, deleting, and querying data within the database.	fill_in_the_blank	False	Utilize database management information	nan	2021	high	easy
6398	The data elements of a tree structure have a many-to-many relationship.	fill_in_the_blank	False	Basic Data Structure	nan	others	high	easy
1782	In video file processing, one can usually use Xunlei Jieba software to clip a segment from existing digital videos and edit it to form the desired footage.	fill_in_the_blank	True	Basic video processing###Multimedia data acquisition and editing software	nan	2022	high	easy
5649	Data storage methods: using distributed file storage or NoSQL database storage.	fill_in_the_blank	True	Typical applications of big data	"Answer: The method of data storage: using distributed file storage or NoSQL database storage. Therefore, the answer is: Correct. \\
Analysis: This question tests the method of data storage."	others	high	easy
3616	In sensors, the transducer converts the output of the sensing element into an electrical output.	fill_in_the_blank	True	Sensor definition and composition	nan	others	high	easy
5743	The evaluation of information resources refers to identifying authoritative and credible sources from diverse information origins, thereby discerning the authenticity of the information.	fill_in_the_blank	True	Evaluation of Internet Information Resources	nan	others	high	easy
5389	Image processing can only be done using Photoshop software.	fill_in_the_blank	False	Multimedia authoring tool	nan	2020	high	easy
5391	You can confidently open and use app download links from sources outside the official app store.	fill_in_the_blank	False	Selection and Assessment of Information Sources	nan	others	high	easy
5402	Information security is not just a technical process; more importantly, it is a management process.	fill_in_the_blank	True	Information system security risk	[Answer] Information security is not just a technical process, but more importantly, a management process. Through scientific management, a large portion of security issues can be avoided. Therefore, the answer is: Correct. [Analysis] This question examines methods for preventing security risks in information systems.	others	high	easy
641	A domain name is not a website.	fill_in_the_blank	True	Domain Names and Their Management	nan	2021	high	easy
1102	The intertwining and coexistence of real and virtual spaces is a process of transformation.	fill_in_the_blank	True	Definition and Connotation of the Information Society	nan	2022	high	easy
803	Sensors can detect and collect information from the physical world and convert it into electrical signals or other forms of output.	fill_in_the_blank	True	Types and Functions of Sensors	nan	others	high	easy
5570	Multimedia works can apply effects such as animation, sound, and video, but should not include text.	fill_in_the_blank	False	Application of Media Materials	nan	2022	high	easy
648	In slide show view, you can modify the layout, background, and transition style.	fill_in_the_blank	True	Application of slides###Presentation view modes	nan	2022	high	easy
5738	JavaScript scripts can be directly embedded in stylesheets.	fill_in_the_blank	False	Web page production technology###Web Markup Language and Basic Components	nan	others	high	easy
535	Due to the large volume of data, big data generally uses distributed file storage or database storage on servers.	fill_in_the_blank	True	Types of Big Data Processing and Computation Methods	nan	2021	high	easy
5749	The development of artificial intelligence will not have a negative impact on society. (      )	fill_in_the_blank	False	The impact of artificial intelligence on society	nan	2023	high	easy
3633	Data management refers to the querying and analysis of data.	fill_in_the_blank	False	The concept of data management	nan	2021	high	easy
5555	In web page production, AVI format video files can usually be inserted.	fill_in_the_blank	True	Audio format conversion	"In web development, common audio formats include MP3, AIF, WAV, and WIDI. Therefore, the answer is: correct.

Analysis: This question examines the audio formats used in web pages."	2020	high	easy
5664	When the form is submitted, the value of each form field between the `<form>` and `</form>` tags is sent to the form handler.	fill_in_the_blank	True	Forms and Their Applications	nan	others	high	easy
804	When using tables for web layout, the more nested layers of tables, the better.	fill_in_the_blank	False	Web layout	nan	others	high	easy
5567	When saving web page files, the homepage file is usually saved with the filename login.htm.	fill_in_the_blank	False	Creating and Saving Webpages	"[Answer] When saving a web page file, the homepage file is generally saved with the filename index.htm. Therefore, the answer is: incorrect.  
[Analysis] This question tests saving web page files."	others	high	easy
3614	Streaming media can be downloaded and played simultaneously on the internet.	fill_in_the_blank	True	The concept of streaming media technology	nan	2022	high	easy
536	The smart robotic vacuum cleaner uses sensor technology for obstacle avoidance.	fill_in_the_blank	True	Sensor technology, control technology, and functionality	nan	2022	high	easy
1321	Due to the complexity of the system itself, there may still be differences in understanding between information system developers and system users regarding system requirements and workflow organization. This may result in risks of errors and losses in the design's standardization and rationality.	fill_in_the_blank	True	Development of Information Systems	nan	2023	high	medium
