index	question	category	A	B	C	D	answer	knowledge	analysis	year	grade_level	difficulty_level
354	The given line \(l\) passes through points \(A(1, 1, 2)\) and \(B(0, 1, 0)\), and a normal vector to the plane \(\alpha\) is \(\overrightarrow{n} = (-2, 0, -4)\). Then:  	single_answer_choice	\(l \parallel \alpha\)  	\(l \bot \alpha\)  	\(l \subset \alpha\)  	\(l\) intersects \(\alpha\) but is not perpendicular	B	Vector method for proving the theorem on the positional relationship between lines and planes###Study the angle between a line and a plane using spatial vectors.	"【Solution】 Explanation: The line \(l\) passes through points \(A\) and \(B\), which gives the direction vector of line \(l\) as \(\overset{\rightarrow}{AB} = ( - 1, 0, - 2)\). Since \(\overset{\rightarrow}{n} = ( - 2, 0, - 4)\), it follows that \(\overset{\rightarrow}{n} = 2\overset{\rightarrow}{AB}\), thus \(\overset{\rightarrow}{AB} \parallel \overset{\rightarrow}{n}\), meaning line \(l\) is perpendicular to plane \(\alpha\). Therefore, option B is correct. Hence the answer is: B.

【Analysis】 Determine the direction vector of line \(l\) from two points on the line, \(\overset{\rightarrow}{AB} = ( - 1, 0, - 2)\), then"	2023	high	medium
1839	There are 5 students assigned to be on duty from Monday to Friday, with each student on duty for one day. Among them, Student A can only be on duty on Wednesday. How many different duty arrangements are there for these 5 students?	single_answer_choice	\(A_{5}^{5}\)	\(A_{4}^{4}\)	\(A_{5}^{5} - A_{4}^{4}\)	\(A_{3}^{1}A_{4}^{4}\)	B	Practical applications of permutations and combinations	nan	2024	high	easy
3014	Given the circle \(C: (x - 2)^2 + y^2 = 2\) and the line \(l: y = kx - 2\), if there exists a point \(P\) on the line \(l\) such that two tangents \(l_1\) and \(l_2\) can be drawn from point \(P\) to the circle, and \(l_1\) is perpendicular to \(l_2\), then the range of the real number \(k\) is:	single_answer_choice	\([0, 2 - \sqrt{3}) \cup (2 + \sqrt{3}, + \infty)\	\([0, 2 - \sqrt{3}) \cup (2 + \sqrt{3}, + \infty)\)  	\([2 - \sqrt{3}, 2 + \sqrt{3}]\)  	\((-\infty, 0)\)  	D	The formula for the distance from a point to a line in a plane.###Equation of the locus of a moving point related to a straight line###The positional relationship between a line and a circle###Application of the equations of lines and circles	"[Solution] Circle \( C \) (2, 0) with radius \( r = \sqrt{2} \). Let \( P(x, y) \). Since the two tangents \( l_1 \perp l_2 \), as shown in the figure, \( PA \perp PB \), by the theorem of tangent lines' properties, we know:

\( PA \perp AC \), \( PB \perp BC \), \( PA = PB \), therefore, quadrilateral \( PACB \) is a square, so \( |PC| = 2 \).

Thus: \((x - 2)^2 + y^2 = 4\), meaning the locus of point \( P \) is a circle centered at (2, 0) with a radius of 2.

The line \( l: y = kx - 2 \) passes through the fixed point (0, -2), giving the line equation \( k"	2020	high	hard
1835	The function \( y = \lg x \) is transformed by \(\varphi:\left\{ \begin{array}{r} x^{'} = 10x \\ y^{'} = y + 2 \end{array} \right.\) to obtain the function \( y^{'} = f(x^{'}) \). Then \( f(x) =\)	single_answer_choice	\(- 3 + \lg x\	\(- 1 + \lg x\)  	\(1 + \lg x\)  	\(- 3 + \lg x\)  	B	Conversion between exponential and logarithmic forms	"Solution: From the given, we have \(\left\{ \begin{array}{r}
x = \frac{x^{'}}{10} \\
y = y^{'} - 2
\end{array} \right.\). Substituting into \(y = \lg x\), we get \(y^{'} - 2 = \lg\frac{x^{'}}{10} = \lg x^{'} - 1\), thus \(y^{'} = \lg x^{'} + 1\), which means \(f(x^{'}) = \lg x^{'} + 1\). Therefore, \(f(x) = \lg x + 1\). The correct answer is: B.
Analysis: Use the concept of substitution to find the expression."	others	high	easy
243	"The negation of the proposition ""All integers divisible by 4 are even numbers"" is (     )"	single_answer_choice	All integers not divisible by 4 are even numbers	All integers divisible by 4 are not even numbers	There exists an integer not divisible by 4 that is an even number	There exists an integer divisible by 4 that is not an even number	D	Universal quantifier proposition	nan	2024	high	easy
781	Given the side length of the cube \(ABCD - A_{1}B_{1}C_{1}D_{1}\) is 2, M and N are the midpoints of edges \(BB_{1}\) and CD, respectively. The incorrect conclusion among the following is (     )	single_answer_choice	If F is the midpoint of edge AB, then the volume of the circumscribed sphere of the triangular pyramid M-NFB is \(\sqrt{6}\pi\)	The projection of the triangular pyramid \(A_{1} - MND_{1}\) on the plane \(D_{1}DCC_{1}\) is an isosceles triangle	\(MN//\) plane \(A_{1}DC_{1}\)	There exists a point E on edge BC such that plane \(AEB_{1}\) is perpendicular to plane MNB	C	Parallel projection and parallel projection drawing method###Formulas and Applications of the Surface Area and Volume of a Sphere###Criteria for Determining the Parallelism of a Line and a Plane###Determining the Perpendicularity of Planes###Determination of Triangle Shapes	"Answer:

A: In the triangular pyramid M-NFB, assume the center of the circumscribed circle of the base △NBF is \(O_{1}\). Point C is also on circle \(O_{1}\), so the circumscribed sphere of triangular pyramid M-NFB is the same as that of triangular pyramid M-BCF. Since BF, BC, and BM are mutually perpendicular, the diameter of the circumscribed sphere is \(\sqrt{CB^{2} + BF^{2} + BM^{2}} = \sqrt{2^{2} + 1^{2} + 1^{2}} = \sqrt{6}\). Thus, the volume of the sphere is: \(V = \frac{4}{3}\pi R^{3} = \sqrt{6}\pi\), correct;

B: In the triangular pyramid \(A_{1} - MND_{1}\), projections of \(A_{1}\) and \(D"	2022	high	hard
2081	"Thomas said, ""Functions are the flower of modern mathematical thought."" Based on the concept of functions, determine which of the following expressions can establish a functional relationship from set \(A = \{0,1,2\}\) to set \(B = \{-1,1,3\}\):"	single_answer_choice	\(y = x^{2}\	\(y = x\)  	\(y = x^{2}\)  	\(y = 2x\)  	D	The concept of a function and its components###Mapping	nan	2024	high	easy
3767	Given that the solution set of the inequality \(mx^{2} + mx - 1 > 0\) with respect to \(x\) is \(\varnothing\), the range of the real number \(m\) is:	single_answer_choice	\(( - \infty, - 4) \cup (0, + \infty)\) 	\(\lbrack - 4,0)\)	\(( - \infty, - 4\rbrack \cup \lbrack 0, + \infty)\) 	\(\lbrack - 4,0\rbrack\)	D	The problem of a function being constantly valid	nan	2024	high	easy
5270	"To prove by contradiction that ""if \(a + b < 0\), then at least one of \(a, b\) is less than 0"", the assumption should be (    )"	single_answer_choice	both \(a, b\) are less than 0 	neither \(a, b\) is less than 0 	at least one of \(a, b\) is not less than 0 	at most one of \(a, b\) is less than 0	B	Proof by contradiction	"[Answer] Solution: Assume \(a,b\) are both not less than 0, then \(a + b \geq 0\), which contradicts the given \(a + b < 0\). \\
Therefore, the assumption is invalid, and the original proposition is valid. \\
Thus, the answer is: B \\
[Analysis] By assuming the conclusion does not hold according to the definition of proof by contradiction, a contradiction is derived, thus the answer can be selected."	2024	high	easy
5794	The negation of which of the following propositions is a false proposition?  	single_answer_choice	There exists a real number such that \(-2x^{2} + x - 4 = 0\)  	All prime numbers are odd  	There exists a rhombus that is not a parallelogram  	There exist two non-congruent triangles with equal area	D	Four types of propositions	"[Solution] Explanation: If the negation of a proposition is false, then the proposition is true.

For A: Because \(- 2x^{2} + x - 4 = 0\), the discriminant \(\mathrm{\Delta} = 1 - 4 \times (-2) \times (-4) = -31 < 0\), indicating the equation has no solution, so the proposition is false.

For B: For example, 2 is a prime number but is even, making the proposition false.

For C: A rhombus is a special type of parallelogram, so the proposition is false.

For D: For example, triangles with the same base and height have equal area but are not necessarily congruent, so the proposition is true.

Thus, the answer is: D.

[Analysis] According to the problem, if the negation of a proposition is false, the proposition is true. Analyze each part based on the problem statement"	others	high	medium
