index	question	category	A	B	C	D	answer	knowledge	analysis	year	grade_level	difficulty_level
1913	A rated voltage of 220V electric water heater takes time t to boil a pot of water. If the heat loss of the water heater and the effect of temperature on the resistance of the heating element are not considered, then:	single_answer_choice	When the line voltage is 110V, it takes 2t to boil a pot of water	When the line voltage is 110V, it takes t to boil a pot of water.	When the line voltage is 110V, it takes 2t to boil a pot of water.	When the line voltage is 55V, it takes 4t to boil a pot of water.	D	Electrical power and electrical work	nan	2023	high	easy
1323	An object is moving with uniform acceleration in a straight line. The displacement in the first second is 6m, and the displacement in the second second is 8m. Which of the following conclusions is correct?	single_answer_choice	The object's acceleration is \(2 \, \text{m/s}^2\)	The object's velocity at time zero is 7m/s.  	The object's acceleration is \(2 \, \text{m/s}^2\).  	The object's velocity at the end of the first second is 6m/s.  	B	Average speed###The relationship between speed and time in uniformly accelerated linear motion	nan	2023	high	easy
681	The following unit is \ul{not} a unit of energy (　　)  	single_answer_choice	Joule (J)  	Milliampere-hour (mAh)  	Electronvolt (eV)  	Kilowatt-hour (kW·h)	B	Electrical power and electrical work###Electric potential difference###Concept of current and power sources###System of units in mechanics	nan	2023	high	easy
1075	Regarding simple harmonic motion, the following statements are correct:	single_answer_choice	The equilibrium position of simple harmonic motion is where the object's vibration speed is zero.	The displacement in simple harmonic motion is the displacement from the equilibrium position.	The greater the distance traveled by an object in simple harmonic motion, the greater the displacement that occurs.	The displacement in simple harmonic motion refers to the displacement when the vibrating object is farthest from the equilibrium position.	B	Simple harmonic motion###The restoring force and energy of simple harmonic motion	nan	2024	high	easy
196	In the process of the development of physics, scientists have summarized many important physical concepts and methods. Among the following descriptions of physics concepts and methods, which are correct (　　)	single_answer_choice	The concept of the center of mass employs the ideal model method.	Demonstrating that the area under a \(v - t\) graph is the displacement of an object uses the concept of equivalence.	Cavendish, when measuring the gravitational constant, used the method of magnifying small quantities.	In the experiment studying the relationship between acceleration, net external force, and mass, the concept of equivalent substitution was used.	C	Method of controlling variables###Equivalent method###Infinitesimal method###Magnification Method	nan	2024	high	easy
2132	In February 2024, the Institute of Modern Physics, Chinese Academy of Sciences, was the first in the world to synthesize new nuclides: osmium \({}_{76}^{160}Os\) and tungsten \({}_{74}^{156}W\). The nuclear reaction equation is \({}_{48}^{106}Cd +_{28}^{58}Ni \rightarrow_{76}^{160}Os + 4X\), and the osmium decay equation is \({}_{76}^{160}Os \rightarrow_{74}^{156}W + Y\). The correct statements are (      )	single_answer_choice	X is a proton	Y is an α particle	The specific binding energy of \({}_{76}^{160}Os\) is greater than \({}_{74}^{156}W\)	There is no mass defect in the decay process	B	Artificial transformation of atomic nuclei###Mass deficit and the mass-energy equation###α, β, γ rays and their characteristics###Binding energy and specific binding energy	"[Answer] This question primarily examines the relevant applications of decay, understanding the characteristics before and after decay, and analyzing with the definition of mass defect.

A. Let the mass number of X be m and the charge number be n. According to the conservation of charge and mass number, combined with the nuclear reaction equation:
\({}_{48}^{106}Cd +_{28}^{58}Ni \rightarrow_{76}^{160}Os + 4X\),
we have
\(106 + 58 = 160 + 4m\), \(48 + 28 = 76 + 4n\).
Solving gives:
\(m = 1\), \(n = 0\).
Thus, X is a neutron, therefore A is incorrect.

B. Let the mass number of Y be \(m'\) and the charge number be \(n'\). According to the conservation of charge and mass number, combined with the decay equation:
\({}_{76}^{160}Os"	2024	high	easy
221	Carbon-14 can spontaneously decay: \({}_{6}^{14}C \rightarrow_{7}^{14}N + X\). The half-life of carbon-14 is 5730 years. It can be used to determine age in archaeology and economic construction. The correct statement is (     )	single_answer_choice	X-rays are a type of high-frequency electromagnetic wave with strong penetrating capabilities.	The decay equation of carbon-14 is \({}_{6}^{14}C \rightarrow_{7}^{14}N +_{-1}^{0}e\)	When the temperature increases, the half-life of carbon-14 will be longer.	After decay, the sum of the masses of X and the nitrogen nucleus equals the mass of the carbon nucleus before decay.	B	Nuclear decay, half-life###Mass deficit and the mass-energy equation###α, β, γ rays and their characteristics	nan	2024	high	easy
2238	The correct statements are (       )  	single_answer_choice	In long-distance power transmission, using higher voltage for users is a method to reduce line losses.  	When a train approaches an observer at a constant speed from a distance, the frequency of the whistle heard by the observer becomes increasingly higher.  	The cause of surface tension in liquids is due to the attractive forces between molecules in the surface layer.  	The inductance of low-frequency chokes is often relatively small, while the inductance of high-frequency chokes is often relatively large.	C	Doppler Effect###The effects of inductors and capacitors on alternating current###Transmission of electricity###Surface tension of a liquid	"【Answer】 A. In long-distance power transmission, increasing the transmission voltage can reduce the current, thereby reducing the loss in the line. Increasing the ""user voltage"" is not directly equivalent to transmission voltage, and increasing user voltage does not necessarily reduce line loss. The key is to increase the voltage during the transmission process, so A is incorrect.

B. According to the Doppler effect, when a train approaches an observer at a constant speed, the received frequency increases, but not continuously. Thus, B is incorrect.

C. The reason for surface tension in liquids is due to the attractive forces between molecules in the surface layer of the liquid, making C correct.

D. Low-frequency chokes have a blocking effect on both low-frequency and high-frequency AC currents and have a large self-inductance coefficient, so D is incorrect.

Therefore, the correct choice is C.

【Analysis】 Increasing transmission voltage reduces line loss; answers are based on the Doppler effect, molecular attraction at the liquid"	2024	high	easy
851	The correct statements are (     )	single_answer_choice	Newton was the first to point out that force is the cause of a change in an object's state of motion.	Average rate is the magnitude of average velocity.	The three fundamental mechanical units in the International System of Units are: meter, second, kilogram.	The center of gravity of an object is always on the object.	C	Gravity and Center of Gravity###Galileo's inclined plane experiment###Speed and velocity###System of units in mechanics	nan	2023	high	easy
225	The correct statements about inertia and force are as follows: (  )	single_answer_choice	A rolling soccer ball slows down on the lawn, and its inertia gradually decreases.	The pressure of the book on the table and the support force of the table on the book are a pair of balanced forces.	The pressure of an object on a horizontal table is its weight.	Friction does not necessarily impede the motion of an object.	D	Newton's Third Law###Inertia and Mass###The application of friction in daily life	nan	2024	high	easy
1912	The correct statements are:	single_answer_choice	When light travels from a denser medium to a rarer medium, total reflection may not occur.	When light enters from one medium to another, the direction of propagation always changes.	If the observer is stationary relative to the medium and the wave source is moving, the wavelength of the propagating wave does not change.	"Using ""sound waves"" to detect sea depth utilizes the Doppler effect."	A	Doppler Effect###Total internal reflection of light	nan	2024	high	easy
2091	Xiaohua exerts the same amount of force to push a wooden box horizontally over both a smooth and a rough surface for the same distance. The work done by the pushing force on the box is (    )	single_answer_choice	Greater on the smooth surface	Greater on the rough surface	The same	Unable to determine	C	Mechanics	nan	2024	high	easy
1162	A student uses a simple pendulum to measure gravitational acceleration. To minimize measurement errors, which of the following statements is correct?	single_answer_choice	When assembling the pendulum, choose a bob with both small density and diameter.	The string used for the pendulum should be light.	During the experiment, the bob should be able to rotate.	With a constant pendulum length, the amplitude should be as large as possible.	B	Measuring Gravitational Acceleration Using a Pendulum	nan	2023	high	easy
506	The correct statements about the methods used in the following physics research are:	single_answer_choice	When deriving the displacement formula for uniformly accelerated linear motion, the entire motion process is divided into many small segments, each approximated as uniform linear motion, and then the displacements of each segment are added together, mainly reflecting the method of limit thinking	When deriving the displacement formula for uniformly accelerated linear motion, the entire motion process is divided into many small segments, each approximated as uniform linear motion, and then the displacements of each segment are added together, mainly reflecting the method of limit thinking.	When deriving the displacement formula for uniformly accelerated linear motion, the entire motion process is divided into many small segments, each approximated as uniform linear motion, and then the displacements of each segment are added together, mainly reflecting the method of limit thinking	In the experiment exploring the composition law of two forces at an angle, the method of controlling variables was used.	D	Equivalent method###Infinitesimal method###Ratio definition method	nan	2024	high	easy
2310	The correct statement among the following is (　　)	single_answer_choice	0K is 0℃	Heat cannot spontaneously transfer from an object with less internal energy to one with more internal energy	An object with a higher temperature must have greater internal energy	Temperature is a macroscopic reflection of the intensity of thermal motion of a large number of molecules	D	The internal energy of an object###The Second Law of Thermodynamics###Temperature and temperature scale	nan	2024	high	easy
193	Regarding the resistance and resistivity of conductors, the correct statements are:	single_answer_choice	The hindrance effect of a conductor on the current is called the resistance of the conductor, so the conductor only has resistance when there is current flowing through it	The hindrance effect of a conductor on the current is called the resistance of the conductor, so the conductor only has resistance when there is current flowing through it.	The hindrance effect of a conductor on the current is called the resistance of the conductor, so the conductor only has resistance when there is current flowing through it	If a wire is divided into two, the resistance and resistivity of half of the wire will both be half of the original.	D	The Law of Resistance###Study the factors affecting conductor resistance.	nan	2023	high	easy
2084	The following statements about research methods in physics, which are correct are (     )	single_answer_choice	The definition of capacitance for capacitors uses the ratio definition method.	Replacing a charged object with a point charge employs the equivalent substitution method.	Using Newton's second law and kinematic principles to derive the work-energy theorem employs the inductive reasoning method.	Deriving that the direction of velocity in curvilinear motion is along the tangent at that point uses the control variable method.	A	Capacitors and Their Applications###Infinitesimal method###Ratio definition method###Ideal Model Method	nan	2023	high	easy
762	Regarding electric current, which of the following statements is correct?	single_answer_choice	For two metal conductors made of the same material, the conductor with larger current has a higher directional movement rate of free charges	The direction of the directional movement of charges is the direction of the current.	Although current has direction, it is a scalar.	For two metal conductors made of the same material, the conductor with larger current has a higher directional movement rate of free charges.	B	Microscopic Expression of Electric Current and Its Applications	nan	2024	high	easy
2246	"The State Council Information Office released the ""China's Energy Transition"" white paper on August 29, 2024, which reviews the significant achievements China has accomplished over the past decade in steadfastly pursuing a green and low-carbon energy transition, along with formulating relevant medium and long-term development plans. Concerning energy and sustainable development, the following statement is correct (　　):  "	single_answer_choice	Because energy in nature is conserved, there will not be an energy crisis.  	Energy dissipation indicates that energy in nature is continuously decreasing.  	To achieve sustainable development, on one hand, there needs to be a strong advocacy for increased use of energy, and on the other, the development of renewable energy sources, as well as clean energies with low environmental pollution such as natural gas and nuclear energy, should be promoted to foster an ecological civilization where humanity and nature coexist harmoniously.  	Hydropower is a form of renewable energy, and hydroelectric power plants are an important	D	Classification and Application of Energy	nan	2024	high	easy
1837	The correct statement is: (    )	single_answer_choice	"When we say classes start at 8:00 and each class lasts 45 minutes, both ""8:00"" and ""45 minutes"" refer to time intervals"	"When we say classes start at 8:00 and each class lasts 45 minutes, both ""8:00"" and ""45 minutes"" refer to time intervals."	"When we say classes start at 8:00 and each class lasts 45 minutes, both ""8:00"" and ""45 minutes"" refer to time interval"	Gravity, elastic force, friction, velocity, and acceleration are all vectors, while displacement and distance are scalars.	D	Particle###Time and moment###Vectors and Scalars###Sliding friction and the coefficient of kinetic friction	nan	2024	high	easy
1783	In the study of energy quantization, which of the following statements is correct?	single_answer_choice	A black body neither reflects nor emits electromagnetic waves.	All objects emit electromagnetic waves, and such emission is unrelated to the object's temperature.	"Similar to the quantization of energy, the charge of any object is also ""quantized."""	Maxwell established the electromagnetic field theory and experimentally detected electromagnetic waves.	C	Generation of Electromagnetic Fields and Electromagnetic Waves###Boldface, blackbody radiation and its experimental laws###Quantum energy and quantization phenomena	nan	2023	high	easy
2200	A metal wire resistor made of the same material and uniform thickness has a resistance value of R. The wire is cut into three equal segments; two segments are connected in parallel, and then connected in series with the third segment. Which of the following statements is correct?	single_answer_choice	The resistance of the metal wire becomes \(\frac{R}{2}\)	The resistivity of the metal wire decreases.	Changing the temperature of the metal wire does not change its resistivity.	The resistance of the metal wire becomes \(\frac{R}{2}\).	C	Resistivity###The content, expression, and simple applications of Ohm's Law.	nan	2024	high	easy
