index	question	category	answer	knowledge	analysis	year	grade_level	difficulty_level
2008	A car is traveling at a constant speed of \(20m/s\). The driver notices a danger ahead and reacts after \(0.7s\) by immediately braking. Assuming the maximum deceleration that can be produced during braking is \(10m/s^{2}\), calculate the stopping distance of the car.	calculation	"During the reaction time, the displacement of the car is \(x_{1} = v\Delta t = 20 \times 0.7m = 14m\). 

In the braking process, \(v^{2} = 2ax_{2}\). 

Substituting the data, we get: \(x_{2} = 20m\). 

The stopping distance of the car is \(x = x_{1} + x_{2} = 14m + 20m = 34m\)."	Comprehensive Application of Uniformly Accelerated Linear Motion Laws	[Analysis] During the reaction time, the car moves at a constant speed, calculate the corresponding displacement. Then, the car undergoes uniform deceleration linear motion, calculate the displacement during deceleration. The sum of these two displacements is the stopping distance of the car.	2022	high	easy
1719	"The cyclotron consists of two D-shaped metal boxes connected to the poles of a high-frequency AC power supply, placed in a uniform magnetic field with an induction strength of B. The magnetic field direction is perpendicular to the base of the boxes, with the particle source located near the center of the boxes. Given that the particles have a charge of q, a mass of m, and a maximum cyclotron radius of R, determine:

(1) The type of motion the particles exhibit inside the boxes;
(2) The frequency of the applied AC power supply;
(3) The maximum kinetic energy gained by the particles after acceleration."	calculation	"(1) Solution: The particle in the magnetic field is only subjected to Lorentz force, which is always perpendicular to the velocity. The particle undergoes uniform circular motion.

(2) Solution: The frequency of the applied AC voltage equals the frequency of the particle in the magnetic field. According to \(qvB = \frac{mv^{2}}{r}\) and \(T = \frac{2\pi r}{v}\), we get \(T = \frac{2\pi m}{qB}\). Therefore, the frequency \(f = \frac{1}{T} = \frac{qB}{2\pi m}\).

(3) Solution: As the particle's speed increases, the radius increases. When the orbit radius reaches the maximum radius, the speed is maximum. From \(qvB = \frac{mv^{2}}{R}\), we get \(R = \frac{mv}{qB}\), and \(v_{"	Linear velocity, angular velocity, period, and rotational speed###Kinetic energy###Motion of charged particles in a uniform magnetic field	[Analysis] (1) Determine the motion of the particle based on the relationship between the Lorentz force direction and the velocity direction; (2) Derive the particle's period using the centripetal force provided by the Lorentz force, then find the frequency based on the inverse relationship between period and frequency; (3) Obtain the expression for maximum velocity using the centripetal force provided by the Lorentz force, and thus determine the maximum kinetic energy.	others	high	easy
2442	In the northern regions of our country, sandstorms frequently occur, causing inconvenience to people's lives. During a sandstorm, distant objects appear earthy yellow, the sun looks pale yellow, and fine dust particles float in the air, resulting in very low visibility. Is the swirling sand and dust in a sandstorm considered Brownian motion?	calculation	Not Brownian motion.	Brownian motion	Particles that can perform Brownian motion in liquids or gases are very small, typically on the order of 10⁻⁶ m. These particles are not visible to the naked eye and require a microscope to be seen. The dust and sand in a sandstorm are larger particles, and their movement cannot be classified as Brownian motion; rather, it is directional movement primarily influenced by air currents. Therefore, the answer is: not Brownian motion.	others	high	easy
1762	"American internist George Lumbgart and others were the first to use radioactive radon to study the circulation time between human arterial and venous beds, earning him the title of ""Father of Clinical Nuclear Medicine."" There are many isotopes of radioactive radon, the most commonly used of which is \({}_{86}^{222}\) Rn. \({}_{86}^{222}\) Rn undergoes X alpha decays and Y beta decays to become stable \({}_{82}^{206}\) Pb.
(1) Find the values of X and Y;
(2) A stationary radon nucleus (\({}_{86}^{222}\) Rn) emits an alpha particle and becomes a polonium nucleus (\({}_{84}^{218}\) Po). Given that the velocity of the polonium nucleus \(v = 2 \times 10^5\) m/s, find the speed of the alpha particle."	calculation	"(1) Solution: In the nuclear reaction process, the mass number and nuclear charge number are conserved. From the given information, we have:

4X = 222 - 206,
solving gives: X = 4
86 = 82 + 2X - Y,
solving gives: Y = 4

(2) Solution: In the nuclear reaction process, the system's momentum is conserved. Taking the direction of the α particle's velocity as the positive direction, by the law of conservation of momentum, we have:

m\textsubscript{α}v\textsubscript{α} - m\textsubscript{Po}v = 0
solving gives: v\textsubscript{α} = 1.09×10\textsuperscript{7} m/s"	Nuclear decay, half-life###Radioactive isotopes and their applications	[Analysis] (1) In the nuclear reaction process, the mass number and nuclear charge number are conserved. Determine the values of X and Y based on the conservation of mass number and nuclear charge number. (2) The momentum of the system is conserved in the nuclear reaction process. Use the law of conservation of momentum to determine the particle velocity.	2017	high	easy
