index	question	category	answer	knowledge	analysis	year	grade_level	difficulty_level
701	"The correct statement is (   )
A. The potential difference between two points in an electric field is related to the choice of the zero potential point.
B. The direction in which the electric potential decreases is always the direction of the electric field strength.
C. In an electric field, whether moving a positive or negative charge, if the electric field does positive work, the charge's electric potential energy will decrease.
D. When a negative charge moves along the direction of the electric field lines, the electric potential energy increases."	multiple_answer_choice	C, D	Electric field strength###Electric potential energy###Electric potential	[Answer] A. According to the formula \(U = \frac{W}{q}\), the potential difference between two points in an electric field is independent of the selection of the zero potential point, so A is not consistent with the question's intent. B. According to \(E = \frac{U}{d}\), the direction of the fastest decrease in potential is the direction of the electric field intensity, so B is not consistent with the question's intent. C. Based on the relationship of work, in an electric field, whether moving a positive or negative charge, as long as the electric field does positive work, the potential energy of the charge decreases. C is consistent with the question's intent. D. When a negative charge moves along the direction of the electric field lines, the electric field does negative work, thus the potential energy increases. D is consistent with the question's intent. Therefore, the answer is: CD. [Analysis] The potential difference is independent of the	2018	high	easy
2326	"The correct statements are:  
A. According to the definition of electric field strength \(E = \frac{F}{q}\), the electric field strength at a point in the electric field is inversely proportional to the charge of the test charge.  
B. The direction of decreasing electric potential is not necessarily the direction of electric field strength.  
C. The Coulomb's torsion balance experiment highlights the methodological approach of ""magnifying from small, equalizing charge, and controlling variables.""  
D. From \(E = \frac{U}{d}\), it is known that in a uniform electric field, electric field strength is proportional to voltage."	multiple_answer_choice	B, C	Electric field strength###Electric potential###The relationship between electric potential difference and electric field intensity.	nan	2023	high	easy
237	"On March 10, 2019, China successfully launched the Zhongxing 6C satellite into its predetermined orbit using the Long March 3B carrier rocket from the Xichang Satellite Launch Center. The launch mission was a complete success, marking the 300th launch of the Long March series of carrier rockets. The following statements about artificial satellites are correct:

A. All artificial Earth satellites revolve around the Earth's axis together with the Earth.
B. Launching Earth satellites can take advantage of the Earth's initial rotational velocity, giving China's Hainan launch base an advantage.
C. After the satellite enters the predetermined orbit, objects within the satellite are in a state of complete weightlessness.
D. The higher the artificial Earth's satellite orbit, the greater the mechanical energy."	multiple_answer_choice	B, C	Overweight and Weightlessness###Applications of the Law of Universal Gravitation###Satellite issue	"[Answer] An artificial Earth satellite moves in uniform circular motion. The gravitational force on the satellite equals the centripetal force, meaning the center of its circular orbit is at the Earth's center. Therefore, an artificial satellite can only perform circular motion around the Earth's center, not necessarily around the Earth's axis, so A does not fit the question's intent. Launch sites near the equator are beneficial because launching a large, high-thrust rocket must consume a remarkable amount of fuel and cost. If launched near the equator, the Earth's rotational inertia can be effectively used to ""sling"" the rocket out, significantly saving fuel and costs. Given Hainan's proximity to the equator, B fits the question's intent. Once the satellite enters the designated orbit, objects inside the satellite experience the Earth's gravitational force, creating centripetal acceleration, and are in a state of complete weightlessness, so C fits the question's intent. For satellites of the same mass, launching to a higher orbit requires"	2019	high	easy
1934	"Satellite A moves in uniform circular motion in Earth's equatorial plane with an orbital radius of r and has the same period as Earth's rotation period T₀. Satellite B moves in uniform circular motion near Earth's surface. Object C is located on Earth's equator and is stationary relative to the ground, with Earth's radius being R. It follows that:

A. The ratio of the linear velocities of satellite A to satellite B is \(\frac{R}{r}\).  
B. The ratio of the centripetal accelerations of satellite A to object C is \(\frac{r}{R}\).  
C. The ratio of the centripetal accelerations of satellite B to object C is 1.  
D. The gravitational acceleration at Earth's surface is \(\frac{4\pi^{2}r^{3}}{T_{0}^{2}R^{2}}\)."	multiple_answer_choice	B, D	Law of Universal Gravitation###Satellite issue	nan	2023	high	easy
804	"A steel ball with mass \(m\) falls from a height, hits the horizontal ground at a speed \(v_{1}\), and rebounds vertically upward. The collision time is \(\Delta t\), and the speed at which it leaves the ground is \(v_{2}\). Ignoring air resistance, during the collision:

A. The change in momentum of the steel ball is upward, with a magnitude of \(m\left( v_{2} - v_{1} \right)\).

B. The change in momentum of the steel ball is upward, with a magnitude of \(m\left( v_{2} + v_{1} \right)\).

C. The average net force on the steel ball is upward, with a magnitude of \(\frac{m\left( v_{2} + v_{1} \right)}{\Delta t}\).

D. The magnitude of the average elastic force exerted by the ground on the steel ball is \(\"	multiple_answer_choice	B, C	The principle of momentum###Momentum	nan	2024	high	easy
922	"Which of the following statements is correct (    )
A. The function of a power source is to maintain the voltage across the conductor ends, ensuring a continuous current in the circuit.
B. Inside the power source, positive charges can move from the negative to the positive terminal because there is only non-electrostatic force and no electrostatic force.
C. Both electrostatic and non-electrostatic forces can move charges, so they essentially reduce the electric potential energy of the charges.
D. When electrostatic forces move charges, the electric potential energy decreases; when non-electrostatic forces move charges, the electric potential energy increases."	multiple_answer_choice	A,D	Electromotive force and internal resistance of the power supply	"【Answer】 Solution: A. The function of the power source is to maintain the voltage across the conductor, ensuring a continuous current in the circuit; therefore, A is correct. B. In the power source, positive charges can move from the negative electrode to the positive electrode because there are both non-electrostatic and electrostatic forces present inside the power source. Therefore, B is incorrect. C, D. Both electrostatic and non-electrostatic forces can move charges. Electrostatic forces doing work reduce the potential energy of charges, while non-electrostatic forces doing work increase the potential energy of charges. Therefore, C is incorrect, and D is correct. So the correct choice is: AD. 

【Analysis】 When the power source is not connected to a circuit, the voltage between the electrodes is numerically equal to the electromotive force (EMF) of the power source. The physical meaning of EMF is to characterize the power source's ability to convert other forms of energy"	2017	high	easy
1083	"Given that a certain comet moves in an elliptical orbit around the Sun, with the aphelion and perihelion distances being \(r_{1}\) and \(r_{2}\) respectively. Additionally, it is known that Earth's orbital radius around the Sun is R, and given the gravitational constant G and Earth's orbital period T, which of the following physical quantities can be calculated using this known data?
A. Comet's mass B. Sun's mass
C. Earth's mass D. Comet's orbital period around the Sun"	multiple_answer_choice	B, D	Kepler's Laws###Law of Universal Gravitation	"**Answer**  
ABC: Let the mass of the Sun be M, the mass of the Earth be \(m_{0}\). Given the Earth's orbital period as T and gravitational constant G, the Sun's gravity provides the centripetal force. According to the law of universal gravitation,  
\[G\frac{Mm_{0}}{R^{2}} = m_{0}\frac{4\pi^{2}}{T^{2}}R\]  
From this, the mass of the central celestial body, the Sun, can be obtained. The Earth is an orbiting body, so its mass cannot be determined; similarly, the comet is also an orbiting body, so its mass cannot be determined. B meets the criteria, whereas A and C do not.  
D. If a comet has an orbital period around the Sun of \(T_{1}\), Kepler's third law states:  
\[\frac{T^{2}}{R^{3}}"	2024	high	easy
1989	"Regarding magnetic induction intensity, the correct statements are:

A. The greater the force on the current-carrying wire in a magnetic field, the stronger the magnetic field.
B. If a straight current-carrying wire is not subjected to magnetic force at a certain location, the magnetic induction intensity at that location must be zero.
C. The denser the magnetic field lines, the greater the magnetic induction intensity.
D. The direction of the magnetic force on the north pole of a small magnetic needle is the direction of the magnetic induction intensity at that location."	multiple_answer_choice	C, D	Magnetic phenomena and magnetic fields, magnetic field lines###Magnetic induction intensity###Calculation of Ampere's Force	nan	2023	high	easy
952	"Among the following physical quantities, the one related to the charge amount \(q\) of the test charge is (       )
A. Electric force B. Electric field strength C. Electric potential difference D. Electric potential energy"	multiple_answer_choice	A, D	Electric potential difference, electric potential, electric potential energy###Electric field and electric force	"Answer: According to the electric force \(F = qE\), the electric force is related to both the electric field \(E\) and the test charge \(q\), option A matches the question intent. The electric field strength describes the nature of the force of the electric field and from its definition \(E = \frac{F}{q}\), it is known that \(E\) is independent of the test charge, so option B does not match the question intent. The potential difference between two points in an electric field is determined by the potentials at these points and is independent of the test charge, so option C does not match the question intent. From the electric potential energy \(E_{p} = q\varphi\), it is known that potential energy is related to the test charge, so option D matches the question intent. 

Therefore, the answer is: AD

Analysis: The magnitude of the electric force and potential energy are related to the charge amount of the test"	2019	high	easy
923	"An object is subjected to three concurrent forces. If the magnitudes of these three forces are as follows, which set could potentially bring the object into a state of equilibrium? ( )
A. 4N, 8N, 7N B. 8N, 8N, 1N C. 4N, 6N, 1N D. 4N, 5N, 1N"	multiple_answer_choice	A,B,D	Application of the Equilibrium Condition of Concurrent Forces	"【Answer】 If the resultant of the three forces is zero, the object is in a state of equilibrium, and ABD meets the requirements of the question.
Therefore, the answer is: ABD
【Analysis】The magnitudes of the three forces satisfy the triangle rule to maintain equilibrium."	2019	high	easy
953	"In the study of free fall motion, regarding Galileo's hypothesis, reasoning process, and scientific methods, the following statements are correct:

A. Through observation and thinking, Galileo proposed that free fall motion should be a uniformly accelerated linear motion where velocity changes uniformly with displacement.

B. To solve the difficulty of measuring instantaneous velocity, Galileo measured the relationship between displacement and time instead (an object starting from rest and moving in uniform acceleration follows \(s \propto t^{2}\)).

C. To address the lack of accurate timing tools, Galileo used the inclined plane experiment to ""dilute gravity.""

D. Galileo believed that free fall motion could be considered a special case where the inclination of an inclined plane is extrapolated to 90°."	multiple_answer_choice	B, C, D	Galileo's Study of Free Fall Motion	nan	2023	high	easy
1697	"The following phenomena are caused by total internal reflection (multiple choice)
A. Dewdrops appear especially bright under sunlight
B. When a straight rod is inserted into water, it appears bent
C. Mirage
D. On a hot summer day, the distant road surface on an asphalt road appears especially bright"	multiple_answer_choice	A, D	Total internal reflection of light	"[Solution] Dew drops are not spherical; when light enters, total internal reflection occurs on the opposite side, making option A correct. When a straight rod is inserted obliquely into water, the bending phenomenon is due to light refraction, so option B is incorrect. A mirage is an example of total internal reflection, so option C is correct. The situation in option D is similar to a desert mirage, thus D is correct.

[Analysis] For total internal reflection to occur, light must travel from a denser medium to a less dense medium, and the angle of incidence must be greater than the critical angle. For example, when light enters air from water, total internal reflection may occur. We often see a puddle of water on the asphalt road ahead, which disappears as we approach, a phenomenon caused by total internal reflection."	others	high	easy
2207	"An object is undergoing linear motion with constant acceleration. At a certain moment, its speed is 4 m/s, and 2 seconds later, its speed becomes 8 m/s. During these 2 seconds, the object:  
A. Is definitely undergoing uniform acceleration  
B. The magnitude of the change in speed is definitely equal to 4 m/s  
C. The magnitude of the acceleration might be 6 m/s²  
D. The magnitude of the acceleration might be 2 m/s²"	multiple_answer_choice	C, D	Acceleration	nan	2023	high	easy
1407	"An object is thrown vertically upward (neglecting air resistance) with an initial velocity of 30 m/s. When its displacement is 25 m, the possible elapsed time is (taking g as 10 m/s\textsuperscript{2}) (    )
A. 1s B. 2s C. 3s D. 5s"	multiple_answer_choice	A, D	Vertical upward motion	"**Answer:** Taking the upward vertical direction as positive, vertical upward motion can be regarded as uniformly decelerated linear motion. When the final position of the object is above the point of projection, the displacement is \(x = 25m\). Using the equation \(x = v_{0}t - \frac{1}{2}gt^{2}\), we get \(25 = 30t - 5t^{2}\), which gives solutions \(t = 1s\) or \(t = 5s\). When the final position of the object is below the point of projection, the displacement is \(x = -25m\). Using the same equation, \(-25 = 30t - 5t^{2}\) yields solutions \(t = (3 + \sqrt{14})s\) (ignoring the negative value), AD matches the problem's conditions. 

Therefore, the answer is: AD.

**Analysis:** For vertical upward"	2019	high	easy
115	"Regarding the phenomena of wave refraction, interference, diffraction, and the Doppler effect, the following statements are correct:

A. All waves, including sound waves and electromagnetic waves, can undergo diffraction and interference.
B. The Doppler effect does not occur when the speed of the wave source and the observer are the same.
C. Interference can occur between two waves only if they have different frequencies.
D. When a wave is incident perpendicular to a boundary, its propagation direction does not change, and its wave speed and wavelength remain unchanged."	multiple_answer_choice	A, B	Doppler Effect###The relationship between wavelength, wave speed, and frequency.###The phenomenon of wave diffraction###Wave interference phenomenon	nan	2023	high	easy
228	"The correct statements are:  
A. Crystals absorb heat during melting, the average kinetic energy of molecules increases, and internal energy increases.  
B. Liquid crystals possess both the fluidity of liquids and the optical anisotropy characteristics of single crystals.  
C. When using a pump to inflate a bicycle tire, the more it is compressed, the more effort is required because the repulsive force between gas molecules increases.  
D. The spontaneous conversion of mechanical energy to internal energy in actual macroscopic processes is an irreversible process."	multiple_answer_choice	B, D	Microscopic explanation of gas pressure###The Second Law of Thermodynamics###Temperature and temperature scale###Liquid crystal	nan	2023	high	easy
1617	"Among the following units, the unit of impulse is (     )
A. J B. N·m C. kg·m/s D. N·s"	multiple_answer_choice	C, D	Impulse	nan	2024	high	easy
550	"Among the following phenomena, those that indicate a relationship between electricity and magnetism are (    ):
A. Frictional electrification
B. Mutual attraction or repulsion between two magnets
C. Deflection of a small magnetic needle near a current-carrying wire
D. Induction current generated in a coil when a magnet is inserted into it"	multiple_answer_choice	C, D	The discovery of electromagnetic induction and the conditions for generating induced current	"Answer: Friction-induced electrification is a static electricity phenomenon; two magnets attracting or repelling each other is a magnetic phenomenon; the deflection of a small magnetic needle near a current-carrying wire indicates ""electricity generates magnetism""; when a magnet is inserted into a closed coil, an induced current is generated in the coil, indicating ""magnetism generates electricity."" C and D indicate that electricity and magnetism are related, and C and D meet the question's requirements.  
Therefore, the answer is: C, D.  
Analysis: This question pertains to general knowledge, testing the recognition and understanding of common electromagnetic induction phenomena, requiring enhanced memorization."	2019	high	easy
2153	"Regarding free fall motion, the correct statements are:

A. The larger the mass of the object in free fall, the faster it falls.
B. An object's motion solely under the influence of gravity is free fall motion.
C. Free fall motion is uniform accelerated linear motion with an initial velocity of zero.
D. Objects in free fall have the same change in velocity over the same time interval."	multiple_answer_choice	C, D	Free fall motion	nan	2024	high	easy
2063	"The correct statement is _____
A. As long as the molar volume of a gas and Avogadro's constant are known, the volume of gas molecules can be calculated.
B. The smaller the solid particles suspended in a liquid, the more apparent Brownian motion is.
C. At a given temperature, the pressure of a saturated gas is constant.
D. A perpetual motion machine of the second kind cannot be created because it violates the law of conservation of energy.
E. Liquid crystals have both the fluidity of a liquid and the anisotropy of a single crystal."	multiple_answer_choice	B, C, E	Solids and liquids###The Second Law of Thermodynamics	[Answer] By knowing the molar volume of a gas and Avogadro's constant, you can calculate the space occupied by gas molecules, but not the volume of the gas molecules themselves, so A doesn't fit the criteria. Smaller solid particles suspended in a liquid exhibit more noticeable Brownian motion, so B fits the criteria. At a given temperature, the pressure of saturated gas is constant, so C fits the criteria. A perpetual motion machine of the second kind cannot be made because it violates the second law of thermodynamics, but it does not violate the law of conservation of energy, so D doesn't fit the criteria. Liquid crystals have both the fluidity of liquids and the anisotropy of single crystals, so E fits the criteria. Therefore, the answer is: BCE. [Analysis] The product of the molar volume of a gas and Avogadro's constant equals the space volume occupied by the gas; a perpetual motion machine of the second kind violates the second law of thermodynamics	2019	high	easy
554	"Regarding free fall motion, the following statements are correct (    )
A. Free fall motion has an initial velocity of 0 and is only influenced by gravity, so the direction of acceleration is always vertically downward.
B. Free fall motion is a uniformly accelerated linear motion with an initial velocity of 0.
C. At the same location on Earth, gravitational acceleration g does not change; the value of g increases with latitude and decreases with altitude.
D. The speed and acceleration of free fall motion both gradually increase."	multiple_answer_choice	A, B, C	Free fall motion###Gravitational acceleration	nan	2023	high	easy
918	"Regarding electrification, the correct statements are (   )  
A. Contact electrification is due to the transfer of charge, frictional electrification is due to the generation of charge  
B. Frictional electrification is due to the transfer of charge, inductive electrification is due to the generation of charge  
C. Whether it is frictional or inductive electrification, it is caused by the transfer of electrons  
D. Charge in nature is conserved"	multiple_answer_choice	C,D	Charge and Three Methods of Electrification###Law of conservation of charge	"【Answer】 Electrification is due to the transfer of electrons and does not create new charges; charges are conserved in nature. 
Therefore, select CD. \\
【Analysis】 A large body of experimental evidence shows that charges can neither be created nor destroyed. They can only be transferred from one object to another or transferred from one part of an object to another part. During the transfer process, the total amount of charge remains unchanged. This conclusion is called the law of conservation of charge."	2024	high	easy
2327	"Regarding curvilinear motion, the following statements are correct:

A. A motion with changing velocity must be curvilinear motion.
B. An object in curvilinear motion must have changing velocity.
C. A motion with constant acceleration might be curvilinear motion.
D. A motion with changing acceleration must be curvilinear motion."	multiple_answer_choice	B, C	Curvilinear motion	nan	2024	high	easy
1171	"Decompose a force of magnitude 8N into two components. Which of the following sets of values is not possible? 
A. 1 N and 10 N 
B. 10 N and 15 N 
C. 100 N and 100 N 
D. 100 N and 150 N"	multiple_answer_choice	A, D	Decomposition of force	Answer: A. The resultant force of 1N and 10N is within the range of 9N ≤ F ≤ 11N, so it cannot be 8N. Therefore, A is incorrect. B. The resultant force of 10N and 15N is within the range of 5N ≤ F ≤ 25N, so it can be 8N. Therefore, B is correct. C. The resultant force of 100N and 100N is within the range of 0N ≤ F ≤ 200N, so it can be 8N. Therefore, C is correct. D. The resultant force of 100N and 150N is within the range of 50N ≤ F ≤ 350N, so it cannot be 8N. Therefore, D is incorrect. The question asks for the impossible cases, so the answer is: AD. Analysis: Combine the component forces of the options, and use the range of	2017	high	easy
1795	"In the experiment to verify the law of conservation of mechanical energy using the free fall method, the physical quantities that need to be measured are:

A. Mass of the object
B. Gravitational acceleration
C. Height of the object's fall
D. Instantaneous velocity of the object corresponding to the falling height"	multiple_answer_choice	C, D	Verify the law of conservation of mechanical energy	"[Answer] This experiment does not require measuring the mass of the object, and the local gravitational acceleration should be used, so options A and B are incorrect. Therefore, options C and D are correct.  
The answer is: CD  
[Analysis] To verify the conservation of mechanical energy, it is necessary to find the decrease in potential energy and the increase in kinetic energy, so height and speed need to be measured."	others	high	easy
1625	"The following statements about the ticker timer are correct ( ):
A. The electromagnetic ticker timer should use a 220V AC power source.
B. When studying the motion of a cart, the timer should be powered on before the cart is set in motion.
C. The time interval between timer dots is related to the voltage of the power source.
D. The dots on the tape can accurately determine the instantaneous speed of the tape when a point is made.
E. As the speed of the tape increases, the distance between two points increases."	multiple_answer_choice	B, E	Measure speed using a dot timer.	[Answer] The electromagnetic dotting timer should use a 4-6V AC power supply, A does not meet the requirements; when studying the motion pattern of the cart, the timer should be powered on before the cart moves, B meets the requirements; the interval between the timer's dots is related to the power source frequency, not the voltage, C does not meet the requirements; using the tape can determine displacement and time, hence the average speed, but not the instantaneous speed; D does not meet the requirements; when the speed increases, since the time between two points remains unchanged, it follows from x=vt that the distance between two points increases; E meets the requirements. Therefore, the answer is BE. [Analysis] To have the tape record the cart's entire motion, the power must be turned on before releasing the cart; the decreasing intervals between dots on the tape indicate increasing speed.	2018	high	easy
919	"The correct statements are (      )
A. Electromagnetic waves can be compared to mechanical waves, both requiring a certain medium for their propagation.
B. Optical fiber communication utilizes the principle of total reflection.
C. The surface of a camera lens is coated with a film to improve photographic effects, by utilizing the phenomenon of diffraction of light.
D. Using sonar to detect underwater reefs and submarines relies on the reflection phenomenon of waves.
E. When the driving force frequency equals the natural frequency of the vibrating object, the amplitude is greatest."	multiple_answer_choice	B,D,E	Forced Vibration and Resonance###Generation of Electromagnetic Fields and Electromagnetic Waves###Total internal reflection of light	"【Answer】Explanation: A. Electromagnetic waves can propagate in a vacuum and in a medium, so A is incorrect; B. According to the principle of optical fiber communication, it utilizes the principle of total reflection, so B is correct; C. The camera lens is coated with a layer of film to improve photo quality, utilizing the phenomenon of thin-film interference of light, so C is incorrect; D. Sonar detects underwater reefs and submarines using the phenomenon of wave reflection, so D is correct; E. Based on the conditions for resonance, when the frequency of the driving force equals the natural frequency of the vibrating object, the amplitude is at its maximum, so E is correct. Therefore, the correct options are: B, D, E.

【Analysis】Electromagnetic waves are a form of energy that do not require a medium for propagation; Analyze optical fiber communication based on the conditions for total reflection; The lens is coated with a film utilizing the interference phenomenon of light"	2017	high	easy
2211	"Among the following statements, the one that aligns with historical facts in physics is:  
A. Aristotle believed that an object must have a force acting on it in order to move; without force, the object would be at rest.  
B. Galileo concluded through ""ideal experiments"" that motion inherently has a certain velocity; if it is not acted upon by a force, it will continue to move at that velocity indefinitely. Force is not the cause that maintains motion.  
C. Ørsted discovered that when a wire is electrified, a small magnetic needle nearby deflects.  
D. Maxwell discovered the magnetic effect of current, i.e., that current can produce a magnetic field around it."	multiple_answer_choice	A, B, C	History of Physics	"Answer: A. Aristotle believed that a force must act on an object for it to move; without force, the object remains stationary, which is consistent with the question's intent. B. Galileo concluded through ""ideal experiments"" that motion must have a certain speed; if it is not acted upon by a force, it will continue to move at that speed forever. Force is not the reason for an object's motion, which is consistent with the question's intent. C. Oersted discovered that when a wire carries an electric current, a nearby small magnetic needle deflects, indicating that an electric current can generate a magnetic field around it, which is consistent with the question's intent. D. Oersted discovered the magnetic effect of electric current, meaning that an electric current can generate a magnetic field around it, which is not consistent with the question's intent. Therefore, the answer is: ABC. Analysis: This question examines the achievements of famous physicists in physics. Regular accumulation and memor"	2019	high	easy
423	"Scientific research methods have facilitated people's understanding of the nature and laws of things. The correct statement about research methods is:  
A. The concept of component and resultant forces was established using the observation method.  
B. The magnification method was used to observe the slight deformation of the table surface through a plane mirror.  
C. Aristotle's conclusion that heavier objects fall faster and lighter objects fall slower used the equivalent substitution method.  
D. Galileo's conclusion that heavier and lighter objects fall at the same speed used the scientific reasoning method."	multiple_answer_choice	B, D	History of Physics###Galileo's inclined plane experiment	nan	2023	high	easy
1788	"In the formula for universal gravitation \(F = \frac{Gm_{1}m_{2}}{r^{2}}\), the correct statements are:

A. \emph{G} is the gravitational constant, which is measured experimentally and not defined arbitrarily.
B. When \emph{r} approaches zero, the gravitational force approaches infinity.
C. The forces on \emph{m}\textsubscript{1} and \emph{m}\textsubscript{2} are always equal in magnitude.
D. The forces on \emph{m}\textsubscript{1} and \emph{m}\textsubscript{2} are always equal in magnitude and opposite in direction, forming a pair of balanced forces."	multiple_answer_choice	A, C	Distinguish between interaction forces and equilibrium forces.###Law of Universal Gravitation	"Solution:

A. G is the gravitational constant, which was measured by Cavendish through experiments, not arbitrarily defined by humans, so A is correct.

B. When r approaches zero, the two objects cannot be considered as point masses, thus the gravitational formula no longer applies, and gravity will not approach infinity, so B is incorrect.

CD. The gravitational forces on \(m_{1}\) and \(m_{2}\) are always equal in magnitude and opposite in direction, representing action and reaction forces. C is correct, D is incorrect.

Therefore, the answer is AC.

Analysis: The gravitational constant was measured by Cavendish through experiments, not arbitrarily defined. The gravitational formula is only applicable to interactions between point masses. This should be analyzed based on the characteristics of action and reaction forces."	2024	high	easy
1628	"A cyclist starts moving from rest along a straight line. During the 1st, 2nd, 3rd, and 4th seconds, the distances covered are 1 meter, 2 meters, 3 meters, and 4 meters, respectively. The correct description of the motion within the first 4 seconds is (   ):
A. The average speed within the 4 seconds is 2.5 meters/second.
B. This motion could be uniformly accelerated linear motion with an initial speed of 0.
C. The instantaneous speed at the end of the 3rd second must be 3.5 meters/second.
D. The motion must not be uniformly accelerated linear motion."	multiple_answer_choice	A, D	Speed and velocity###Instantaneous velocity	"Answer: A. The average speed within 4 seconds \(\overline{v} = \frac{x}{t} = \frac{1 + 2 + 3 + 4}{4} \, m/s = 2.5 \, m/s\). A fits the context.

BD. If it is uniform acceleration linear motion starting from rest, the displacement ratios in the 1st, 2nd, 3rd, and 4th seconds are 1:3:5:7, so B does not fit the context, whereas D does.

C. Based on the distances traveled in the 1st, 2nd, 3rd, and 4th seconds being 1 meter, 2 meters, 3 meters, and 4 meters, respectively, it is impossible to determine the speed at the end of the 3rd second. C does not fit the context.

Thus, the answer is: AD.

Analysis: For"	2019	high	easy
1584	"The following statements about optical phenomena are correct (　　)
A. The characteristic of single-slit diffraction patterns is alternating bright and dark, parallel and equidistant.
B. The colorful stripes on soap bubbles are caused by the phenomenon of light interference.
C. Optical fiber transmission utilizes the principle of total internal reflection. An optical fiber consists of a core and a cladding layer, and the refractive index of the core is smaller than that of the cladding.
D. Using the same double-slit interferometer for the double-slit interference experiment, the spacing of adjacent bright fringes for yellow light is greater than that for blue light."	multiple_answer_choice	B, D	Interference of light###Double-slit interference of light	"Solution:

A. The diffraction fringes formed by monochromatic light passing through a slit are bright fringes with uneven spacing; therefore, A is incorrect.

B. The colorful appearance of soap bubbles is due to interference formed by the overlapping of light reflected from the front and back of the film, so B is correct.

C. Light transmission in optical fibers utilizes the principle of total internal reflection, requiring light to pass from a denser medium to a rarer medium. Thus, the refractive index of the core of the optical fiber is greater than that of the cladding, making C incorrect.

D. The wavelength of yellow light is greater than that of blue light. According to \( \Delta x = \frac{L}{d} \), a longer wavelength for yellow light means a larger fringe spacing, so D is correct.

Therefore, the correct choices are B and D.

Analysis: The central bright fringe of diffraction is wider than those on the sides; the colorful fringes on a"	2017	high	easy
2386	"Regarding the following statements about force, which is correct? (     )

A. If there is an object under force, there must be an object exerting the force.
B. When illustrating a force, if the selected scale is different, the length of the line segment representing the force will be different, but the direction of the arrow remains the same.
C. When using a dynamometer to measure the gravity of a ball, the pull of the dynamometer on the ball is the gravity of the ball.
D. The magnitude of force can be measured with a balance."	multiple_answer_choice	A, B	Force and Force Diagrams	"Answer: Force cannot be separated from objects; therefore, if there is an object receiving force, there must be an object exerting force. A fits the question's intent. When illustrating a force, if different scales are chosen, the length of the segment representing the force will differ, but the direction of the arrow remains the same. B fits the question's intent. When measuring the gravity of a small ball with a force gauge, the tension of the force gauge on the ball equals the ball's gravitational force, which means C does not fit the question's intent. The magnitude of force can be measured with a spring scale, while a balance measures mass, meaning D does not fit the question's intent. Therefore, the answer is: AB.

Analysis: Force is the interaction between objects. The phenomenon of force involves two objects: one is the object exerting the force, and the other is the object receiving it. The action of force is mutual; if object A exerts a force on"	2019	high	easy
1276	"The correct statements regarding electromagnetic fields and electromagnetic waves are as follows: 
A. There is always an electric field around a changing magnetic field, regardless of whether there is a closed circuit.
B. As long as the electric or magnetic field at a certain location in space changes, electromagnetic waves will be generated around it.
C. During the propagation of electromagnetic waves, electric and magnetic fields exist independently without correlation.
D. Electromagnetic waves can also transfer energy and exhibit wave phenomena such as interference and diffraction."	multiple_answer_choice	A, D	Generation of Electromagnetic Fields and Electromagnetic Waves###Emission, propagation, and reception of electromagnetic waves###Application of Electromagnetic Waves	Answer: A. According to Maxwell's electromagnetic field theory, there is always an electric field around a changing magnetic field, regardless of whether there is a closed loop, A fits the description. B. If the electric or magnetic field in space changes uniformly, a constant magnetic or electric field will be produced and will not continue to generate electromagnetic waves, B does not fit the description. C. The process of electromagnetic wave propagation is the process of the electric field exciting the magnetic field and the magnetic field exciting the electric field, both are interconnected and inseparable, C does not fit the description. D. Electromagnetic waves can transmit energy, and as a type of wave, they exhibit interference and diffraction phenomena, D fits the description. Therefore, the answer is: AD Analysis: Conclusions can be drawn using Maxwell's electromagnetic field theory and the process of generating electromagnetic waves.	2024	high	easy
861	"Regarding the application of modern technology in production and life, which of the following statements are correct? 
A. In a damp room, turning on the air conditioner for heating can lower the absolute humidity of the air.
B. Ordinary LCD screens cannot operate in extremely cold areas because the liquid crystal state of the material exists within a certain temperature range.
C. Graphite crystals have a layered structure with weak interlayer forces, allowing them to be used as a solid lubricant.
D. Natural gas is a clean and environmentally friendly energy source that does not contribute to the greenhouse effect compared to traditional fossil fuels."	multiple_answer_choice	B, C	Solids and liquids###Saturated vapor and energy in phase change	"Answer: A. In a closed room, the total amount of water vapor is constant, so the absolute humidity of the air does not change. When the air conditioner is used for heating, the relative humidity of the air in the room decreases. A does not meet the requirements; B. Liquid crystal is a special state of matter. Ordinary liquid crystal displays cannot work in cold regions because the liquid crystal state exists within a certain temperature range. B meets the requirements; C. Based on the fact that graphite crystals have a layered structure, with weak forces between the layers, it can be used as a solid lubricant. C meets the requirements; D. Natural gas is known as the ""regret-free fuel""; it is a clean and environmentally friendly energy source, containing almost no sulfur, dust, or other harmful substances. The sulfur dioxide produced by its combustion is less than other fuels, resulting in a lower greenhouse effect. It doesn't mean it does not produce a greenhouse effect. D does not meet the"	2019	high	easy
1172	"Regarding the kinetic theory of molecules, the correct statements are:
A. When the intermolecular force is repulsive, the smaller the distance between molecules, the greater the molecular potential energy.
B. The larger the solid particles suspended in a liquid, the more liquid molecules collide with it at any given moment, making Brownian motion more apparent.
C. If the molar volume of a certain gas is V, and the volume of each molecule is V\textsubscript{0}, then Avogadro's constant can be expressed as \(N_{A} = \frac{V}{V_{0}}\).
D. When making tea, hot water can extract the aroma and color of tea faster than cold water because the higher the temperature, the more vigorous the molecular thermal motion.
E. The internal energy of an object is the sum of the kinetic energy of all molecular thermal motion and the molecular potential energy within the object."	multiple_answer_choice	A, D, E	The basic content of molecular kinetic theory###Brownian motion###Intermolecular forces###Calculations related to Avogadro's constant###The internal energy of an object	nan	2024	high	easy
2328	"On August 25, 2023, China's Circulator No.3 Tokamak device achieved high confinement mode operation at 1 million amperes of plasma current for the first time, marking an important milestone in the country's nuclear energy development process. One of the nuclear reaction equations under this mode is \({}_{2}^{3}He +_{1}^{2}H \rightarrow_{2}^{4}He + X\), where \(\gamma\) photons are released during the reaction. The correct statement is:

A. This nuclear reaction is a fission reaction.
B. The X in the nuclear reaction equation is a proton.
C. The binding energy per nucleon of \({}_{2}^{4}He\) is greater than that of \({}_{1}^{2}H\).
D. The rest mass of \(\gamma\) photons is 0, so their momentum is also 0."	multiple_answer_choice	B, C	Artificial transformation of atomic nuclei###Compton Effect###Binding energy and specific binding energy###Nuclear fusion	nan	2024	high	easy
2061	"For atoms and atomic nuclei, people cannot directly observe their internal structures. They can only analyze and hypothesize based on information provided by various experimental facts, propose microscopic models, and further test them against experimental facts to make corrections. The following experimental facts support the corresponding viewpoints:

A. The discovery of the electron indicates that atoms can be divided further.
B. The phenomenon and laws of Compton scattering suggest that atoms have a nuclear structure.
C. Bohr introduced the quantum concept into the atomic field based on the experimental laws of the hydrogen atom spectrum.
D. Natural radioactivity indicates that the atomic nucleus has internal structure."	multiple_answer_choice	A, C, D	Bohr's Theory and Energy Level Transition of the Hydrogen Atom###Compton Effect###Cathode Rays and Cathode Ray Tube###Natural radioactivity phenomenon	nan	2024	high	easy
198	"In the significant discoveries of physics, scientists have created many conceptual methods such as ideal experiment method, controlled variable method, limit method, ideal model method, ratio definition method, etc. Which of the following statements about the physics research methods used is correct?  
A. When the size and shape of an object do not need to be considered, using a particle to replace the object is called the assumption method.  
B. The point of action of gravity is at the center of mass, which is a form of equivalent substitution thought.  
C. Demonstrating the slight deformation of an object by squeezing a glass bottle uses the amplification principle.  
D. Considering the speed at a moment as equal to the average speed over an extremely short time before and after that moment is a limit method."	multiple_answer_choice	B, C, D	Equivalent method###Limit method###Ideal Model Method###Magnification Method	nan	2023	high	easy
650	"The correct statement is (       )
A. \({}_{7}^{15}\)N + \({}_{1}^{1}\)H → \({}_{6}^{12}\)C + \({}_{2}^{4}\)He is an alpha decay equation
B. \({}_{1}^{1}\)H + \({}_{1}^{2}\)H → \({}_{2}^{3}\)He + γ is a nuclear fusion reaction equation
C. \({}_{92}^{238}\)U → \({}_{90}^{234}\)Th + \({}_{2}^{4}\)He is a nuclear fission reaction equation
D. \({}_{2}^{4}\)He + \({}_{13}^{27}\)Al → \({}_{15}^{30}\)P + \({}_{0}^{1}\)n is an artificial nuclear transformation equation"	multiple_answer_choice	B, D	Nuclear decay, half-life###Nuclear fission and nuclear fusion###Artificial transformation of atomic nuclei	"[Answer] Solution: A. The process of artificially inducing changes in an atomic nucleus is called artificial transmutation of the nucleus. The nuclear reaction of \(\textsubscript{7}\textsuperscript{15}N\) under proton bombardment is an artificial transmutation. Therefore, A is incorrect.

B. Nuclear fusion is a reaction where lighter nuclei combine to form a heavier nucleus while releasing a tremendous amount of energy. Therefore, B is correct.

C. Alpha decay is the process of a nucleus spontaneously emitting alpha particles, so this reaction is alpha decay. Therefore, C is incorrect.

D. Bombarding \({}_{13}^{27}\)Al with alpha particles to produce \({}_{15}^{30}\)P and \({}_{0}^{1}\)n is a reaction induced artificially, so it is an artificial transmutation. Therefore, D is correct.

Thus, the correct options are: BD.

[Analysis] The key to solving this problem is understanding that"	2017	high	easy
1929	"The following statement is incorrect ________.
A. Objects without regular geometric shapes are not crystals
B. When the temperature of an object is 0°C, the average kinetic energy of the molecules is not zero
C. Brownian motion is the irregular motion of liquid molecules observed under a microscope
D. All macroscopic processes involving thermal phenomena in nature have a direction
E. If a piston compresses the air in a cylinder, doing work of 4.5×10\textsuperscript{5} J on the air, and the internal energy of the air increases by 3.5×10\textsuperscript{5} J, then the air absorbs 1×10\textsuperscript{5} J of heat from the surroundings"	multiple_answer_choice	A, C, E	The First Law of Thermodynamics (Law of Energy Conservation)###Solids and liquids###Temperature	[Answer] Objects without regular geometric shapes are not single crystals; they may be polycrystals. Option A is incorrect but matches the meaning. Molecules are in constant random motion, so when the temperature of an object is 0°C, the average kinetic energy of the molecules is not zero, meaning option B does not match the meaning. Brownian motion refers to the random motion of solid particles observed under a microscope, not the random motion of liquid molecules, so option C is incorrect and matches the meaning. Macroscopic processes involving thermal phenomena in nature have directionality, meaning option D does not match the meaning. Compressing air in a cylinder with a piston, doing work on the air of 4.5×10\textsuperscript{5} J, while the internal energy of the air increases by 3.5×10\textsuperscript{5} J, indicates that the air releases 1×10\textsuperscript{5} J of	2019	high	easy
1937	"The correct statement about the direction of magnetic induction intensity is:  
A. The direction of magnetic induction intensity at a point in a magnetic field is defined as the direction pointed by the south pole of a small magnetic needle at rest.  
B. The direction of magnetic induction intensity at a point in a magnetic field is consistent with the force direction on the north pole of a small magnetic needle at that point.  
C. The direction of magnetic induction intensity is determined by the magnetic field itself.  
D. The direction of magnetic induction intensity at a point in a magnetic field is determined by the force direction on a small current-carrying wire at that point."	multiple_answer_choice	B, C	Magnetic phenomena and magnetic fields, magnetic field lines###Geomagnetic field	"[Answer] The direction of the magnetic induction at a certain point in a magnetic field is defined as the direction the north pole of a small compass needle points when it is at rest, so A does not meet the criteria. The direction of magnetic induction is determined by the magnetic field itself and is unrelated to any current-carrying wire or small compass needle placed in it, so C meets the criteria, and D does not. The direction of the magnetic induction at a certain point in a magnetic field is consistent with the force direction on the north pole of a small compass needle at that point, so B meets the criteria.

[Analysis] Like an electric field, a magnetic field is an objective substance existing in the form of a field. The physical quantities of the field are determined by the field itself and are unrelated to the small compass needle or current-carrying wire placed in it."	2024	high	easy
2251	"The correct statement is (    )  
A. In the ""oil film method to estimate the size of molecules"" experiment, the diameter of the oleic acid molecule equals the volume of the oleic acid solution divided by the area of the corresponding oleic acid film.  
B. When a manned spacecraft orbits the Earth, the water in the container forms a sphere because of the contraction property of the liquid surface.  
C. After a moving ball decelerates to a stop on a horizontal rough surface, its internal energy will not spontaneously decrease while kinetic energy increases and accelerates, because this violates the law of energy conservation.  
D. During the isobaric expansion process of a given mass of ideal gas, the gas molecule density will decrease, and the average kinetic energy of the molecules will increase."	multiple_answer_choice	B, D	Capillary phenomenon and surface tension of liquids###Law of Conservation of Energy###Estimate the size of oleic acid molecules using the oil film method.	"Answer:

A. The experiment ""Estimating the size of molecules using the oil film method"" involves dropping oleic acid solution into water. The diameter of the oleic acid molecule should be equal to the volume of oleic acid divided by the area of the corresponding oil film, not the volume of the oleic acid solution, so A is incorrect.

B. When a manned spacecraft orbits the Earth, it is in a state of complete weightlessness, leading to no interaction force between the water and its container. As a result, the water forms a spherical shape due to surface tension, so B is correct.

C. A moving ball on a horizontal rough surface eventually stops due to the work done by friction. The heat generated by friction causes the ball's temperature to be higher than the ground's temperature, and its internal energy decreases spontaneously after stopping. The increase in kinetic energy results from the net external force doing positive work, which does not violate the law of conservation of energy, so"	2017	high	easy
548	"The experiments below that use the control variable method for research are:  
A. Exploring methods to find the resultant force  
B. Exploring the expression for the magnitude of centripetal force  
C. Measuring the refractive index of glass  
D. Exploring the relationship between voltage and turns in the primary and secondary coils of a transformer"	multiple_answer_choice	B,D	Measuring the refractive index of glass	nan	2024	high	easy
108	"The correct statements are:  
A. A temperature sensor can be made using platinum metal.  
B. A pressure sensor can be made using a reed switch.  
C. A displacement sensor can be made using a metal capacitor.  
D. A strain gauge can be used to make a temperature sensor."	multiple_answer_choice	A, C	Common sensors in daily life	Answer: A. The resistance of metallic platinum changes with temperature. Platinum resistance temperature sensors have high accuracy, good stability, and a wide application temperature range, hence A is appropriate; B. A reed switch is a sensor that detects magnetic fields, so B is not appropriate; C. The principle of a metal capacitive displacement sensor is that the capacitance changes as the relative displacement of the two electrodes of the capacitor changes. Displacement and direction can be measured based on changes in capacitance, so metal capacitors can be used to make displacement sensors, hence C is appropriate; D. Resistance strain gauges can produce temperature errors due to different temperature coefficients of resistance wire and the expansion coefficients of the wire and the measured material. Therefore, resistance strain gauges cannot be used to make temperature sensors, hence D is not appropriate. Therefore, the answer is: AC. Analysis: Metallic platinum is used as a temperature sensor, a reed switch is used as a magnetic field sensor, resistance strain gauges cannot be used	2024	high	easy
424	"In the following experiments, the correct statement is (       )
A. In the ""Measuring Gravitational Acceleration with a Pendulum"" experiment, timing begins when the pendulum reaches its highest point.
B. In the ""Making a Burglar Alarm for Doors and Windows"" experiment, a reed switch converts the relative position of the door and door frame, which is a non-electrical quantity, into an electrical circuit connection.
C. In the ""Study of Momentum Conservation in Collisions on an Air Track"" experiment, an air track is used to reduce friction, and a digital timer is used to measure the speed of the slider before and after the collision.
D. In the ""Estimation of Oleic Acid Molecule Size with the Oil Film Method"" experiment, to allow the oleic acid to spread fully and obtain a monomolecular oil film, the oleic acid needs to be diluted in alcohol before being dropped into water."	multiple_answer_choice	B, C, D	Verify the law of conservation of momentum.###Estimate the size of oleic acid molecules using the oil film method.###Creating simple automatic control devices using sensors###Measuring Gravitational Acceleration Using a Pendulum	nan	2023	high	easy
1612	"Regarding solids and liquids, which of the following statements is correct? 
A. Rainwater does not pass through a fabric umbrella because of the surface tension of the liquid. 
B. Capillary action can occur in wetting liquids and in non-wetting liquids as well. 
C. Liquid crystals are simply liquids and possess all the properties of liquids. 
D. Crystals always have a regular shape and anisotropic characteristics."	multiple_answer_choice	A, B	Crystal and amorphous solid###Surface tension of a liquid###Capillary action###Liquid crystal	nan	2024	high	easy
604	"The following statement is correct (     ):
A. When the attractive and repulsive forces between molecules are balanced, the molecular potential energy is minimal.
B. In the ""oil film method for estimating molecular size"" experiment, the diameter of the oleic acid molecule equals the volume of a drop of oleic acid alcohol solution divided by the area of the corresponding oleic acid film.
C. Temperature always transfers from the object with a larger average molecular kinetic energy to the object with a smaller average molecular kinetic energy.
D. When a certain amount of water evaporates into water vapor at the same temperature, the absorbed heat exceeds the increase in its internal energy.
E. For a certain mass of ideal gas, when the pressure remains unchanged, the average collision frequency of molecules against the unit area of the container wall per second increases as the temperature decreases."	multiple_answer_choice	A, D, E	Estimate the size of oleic acid molecules using the oil film method.###Microscopic explanation of gas pressure###Molecular potential energy###The First Law of Thermodynamics and Its Applications###Thermal Equilibrium and the Law of Thermal Equilibrium	nan	2024	high	medium
809	"Regarding the description of thermal phenomena, which of the following statements is correct? (    )
A. The larger the pollen particles floating on the surface of the water, the more water molecules collide with the pollen particles, making Brownian motion less noticeable.
B. The higher the temperature of a gas, the greater the kinetic energy of each gas molecule.
C. Water at zero degrees Celsius has more molecular potential energy than ice of the same mass at zero degrees Celsius.
D. Internal energy can be transferred from a high-temperature object to a low-temperature object, and also from a low-temperature object to a high-temperature object."	multiple_answer_choice	A, C, D	Brownian motion###The statistical law of molecular motion rates###The internal energy of an object###The Second Law of Thermodynamics	"Answer: 

A. The larger the pollen particles floating on the water surface, the more water molecules collide with them, making the impact of molecules on pollen particles tend to balance, resulting in less pronounced Brownian motion. A meets the criteria.

B. Temperature is an indicator of the average kinetic energy of molecules. The higher the temperature of the gas, the greater the average kinetic energy of the gas molecules, but not every gas molecule has increased kinetic energy. B does not meet the criteria.

C. The internal energy of an object equals the sum of the kinetic and potential energy of all molecules. When ice at zero degrees Celsius turns into water at the same temperature, it absorbs heat, meaning that water has more internal energy than ice of the same mass. Since the temperature is the same, the average kinetic energy of the molecules is the same, so water at zero degrees Celsius has a higher molecular potential energy than ice at the same mass and temperature. C meets the criteria.

D. According to"	2023	high	easy
1084	"The following unit does not belong to the base units of the International System of Units: (   )  
A. N B. m/s C. W D. m"	multiple_answer_choice	A, B, C	Unit system	Answer: The seven base units in the International System of Units are: meter, kilogram, second, ampere, kelvin, mole, and candela. The question asks for a unit that is not a base unit in the International System of Units, so the answer is: ABC. Analysis: The seven base units in the International System of Units are: meter, kilogram, second, ampere, kelvin, mole, and candela.	2024	high	easy
1583	"The correct statements are:
A. A changing electric field must produce a changing magnetic field, and a changing magnetic field must produce a changing electric field.
B. Ultraviolet lamps used for sterilization are an application of electromagnetic waves in medical equipment.
C. If the magnetic flux of a closed loop changes, the loop will definitely generate an induced current.
D. The energy quantum is directly proportional to the frequency of electromagnetic waves."	multiple_answer_choice	B, C, D	The discovery of electromagnetic induction and the conditions for generating induced current###Generation of Electromagnetic Fields and Electromagnetic Waves###Application of Electromagnetic Waves	Explanation: A. According to Maxwell's electromagnetic field theory, a uniformly changing magnetic field (electric field) produces a constant electric field (magnetic field), so A is incorrect; B. Ultraviolet rays are electromagnetic waves, which are applied in medical instruments, so B is correct; C. A change in magnetic flux in a closed loop meets the conditions for the generation of induced current, so the loop will certainly produce induced current, thus C is correct; D. According to E=hv, the energy quantum is proportional to the frequency of the electromagnetic wave, the higher the frequency, the greater the energy, so D is correct. Therefore, the answer is: BCD. Analysis: The conditions for the generation of induced current are a closed loop and a change in magnetic flux in the loop.	2023	high	easy
2319	"As shown in the figure, it is the nameplate of a certain brand of electric vehicle. The following statements are correct (    ):

A. The capacity of the battery is 60 A·h  
B. If the battery discharges at a current of 6 A, it can work for 10 h  
C. If the battery discharges at a current of 6 A, it can work for 60 h  
D. The battery can store a charge of 60 C when fully charged"	multiple_answer_choice	A, B	Electrical power and electrical work###Knowledge of Household Electricity	"**Answer**: \(A \cdot h\) is the unit of battery capacity, which is the product of discharge current and working time, so A and B are consistent with the context; C is not consistent with the context; and since \(1C = 1A \cdot s\), this battery can store \(60 \times 3600C\) when fully charged, so D is not consistent with the context.\\
**Analysis**: This question examines the concept of battery capacity and the conversion of international units."	2023	high	easy
