index	question	category	answer	knowledge	analysis	year	grade_level	difficulty_level
2431	An object starts from rest and freely slides down from the top of a smooth inclined plane that is 2 meters high and 6 meters long, neglecting air resistance. When the object has slid \ul{　 　} meters along the inclined plane, its kinetic energy and potential energy are equal. At this moment, the object's speed is \ul{　 　} m/s. (Taking the bottom of the inclined plane as the zero potential energy reference point)	fill_in_the_blank	3; \(2\sqrt{5}\)	Law of Conservation of Mechanical Energy	nan	2024	high	easy
2389	The peak height of the projectile motion y = ( ).	fill_in_the_blank	\(\frac{v_{0}^{2}\sin^{2}\theta}{2g}\)	Projectile motion	"[Solution] Let the angle of projection be θ and the initial velocity be v\textsubscript{0}. Thus the initial vertical velocity v\textsubscript{y0} = v\textsubscript{0}sinθ. At the highest point, the vertical component of the velocity is zero. According to the equations of uniformly accelerated linear motion, the expression for maximum height h is: h = \(\frac{v_{y}^{2}}{2g}\) = \(\frac{v_{0}^{2}sin^{2}\theta}{2g}\). Therefore, the answer is: \(\frac{v_{0}^{2}sin^{2}\theta}{2g}\).

[Analysis] The projectile motion performs uniformly accelerated linear motion in the vertical direction. At the highest point, the vertical velocity is zero, from which the height can be calculated."	2022	high	easy
1338	Place a 0.5m long current-carrying wire with a 4A current in a uniform magnetic field. When the wire is perpendicular to the direction of the magnetic field, the magnetic force on the wire is 0.3N. The magnetic induction intensity B of the uniform magnetic field is ( )T. If the current in the wire is reduced to 2A, the B of the uniform magnetic field remains ( )T, and the Ampere force on the wire is ( )N.	fill_in_the_blank	0.15; 0.15; 0.15	Ampere force	"[Answer] According to F=BIL, the magnetic induction intensity of the uniform magnetic field is:  
\(B= \frac{F}{IL} = \frac{0.3}{4 \times 0.5} = 0.15T\)

When the current decreases, the magnetic induction intensity remains unchanged at:  
\(B=0.15T\)

Then the Ampere force on the wire is:  
\(F=BI'L=0.15 \times 2 \times 0.5N=0.15N\)

Therefore, the answer is: 0.15, 0.15, 0.15.

[Analysis] Use the magnitude of the Ampere force to determine the magnetic induction intensity, and then use the magnetic induction intensity to determine the magnitude of the Ampere force."	2019	high	easy
677	When determining the formation year of relatively recent lake sediments, the short half-life \(_{82}^{210}Pb\) in the sediments is often used. Its decay equation is \(_{82}^{210}Pb \rightarrow_{83}^{210}Bi + X\). X is \ul{     }. Briefly describe how nucleons inside the nucleus of \(_{82}^{210}Pb\) are transformed to produce X, and write out the nuclear reaction equation for this process: \ul{     }.	fill_in_the_blank	\(_{- 1}^{0}e\); an electron is emitted when a neutron in the atomic nucleus converts into a proton, \(_{0}^{1}n \rightarrow_{- 1}^{0}e +_{1}^{1}H\)	Nuclear decay, half-life###Artificial transformation of atomic nuclei	Answer: Based on the conservation of mass number and charge number in nuclear reactions, it can be deduced that X has a mass number of 0 and a charge number of -1, which means it is an electron \(_{-1}^{0}e\). When a neutron in the nucleus converts into a proton, an electron is emitted, i.e., \(_{0}^{1}n \rightarrow_{-1}^{0}e +_{1}^{1}H\). Analysis: According to the conservation of mass number and charge number in nuclear reactions, you can balance the nuclear reaction equation.	2022	high	easy
878	An object is in free fall. The ratio of work done by gravity on the object during the first second to the second second is \ul{　 　}; the ratio of instantaneous power of work done by gravity at the end of the first second to that at the end of the second second is \ul{　 　}.	fill_in_the_blank	1:3; 1:2	Calculation of work###Power and its calculation	nan	2024	high	easy
1592	For three concurrent forces with magnitudes of 5N, 3N, and 4N, their resultant force's maximum value is \_\_\_ and minimum value is \_\_\_.	fill_in_the_blank	12; 0	Application of Force Composition and Decomposition	nan	2023	high	easy
668	"The definition of electric field strength is E = ( ), the electric field strength at a point in the electric field is ( ) related to the test charge. (Fill in ""related"" or ""unrelated"")"	fill_in_the_blank	\(\frac{F}{q}\); unrelated	Electric field strength and electric field lines	"Answer: Explanation: Electric field strength is a physical quantity that describes the nature of the electric field itself. It is defined as \(E = \frac{F}{q}\), which is the ratio of the electric force exerted on a charge to the amount of charge. The electric field strength at a certain point in the field is independent of the test charge. Therefore, the answer is: \(\frac{F}{q}\), none.

Analysis: The definition of electric field strength is simply the electric force experienced by a test charge divided by the charge itself. In this context, the electric field strength is independent of the amount of charge."	2017	high	easy
2158	A coil with 200 turns and an area of 20 cm² is placed in a magnetic field where the field direction makes a 30° angle with the plane of the coil. If the magnetic induction increases from 0.1 T to 0.5 T within 0.05 seconds, the change in magnetic flux through the coil is ( ) Wb; the average rate of change of magnetic flux is ( ) Wb/s; the magnitude of the induced electromotive force in the coil is ( ) V.	fill_in_the_blank	4×10^-3; 8×10^-2; 1.6	Faraday's law of electromagnetic induction	"[Answer] The change in magnetic flux through the coil is
\(\mathrm{\Delta}\Phi = \mathrm{\Delta}BS\sin 30{^\circ} = (0.5 - 0.1) \times 20 \times 10^{- 4} \times \frac{1}{2} = 4 \times 10^{- 4}Wb\).
The average rate of change of magnetic flux is
\(\frac{\mathrm{\Delta}\Phi}{\mathrm{\Delta}t} = \frac{4 \times 10^{- 4}}{0.05}wb/s = 8.0 \times 10^{- 3}wb/s\).
The magnitude of the induced electromotive force (EMF) in the coil is
\(E = N\frac{\mathrm{\Delta}\Phi}{\mathrm{\Delta}t} = 200 \times 8.0 \times 10^{- 3}"	2024	high	easy
1802	If a positive charge of \(2.0 \times 10^{-10} C\) is moved from a zero potential point to point M in the electric field, overcoming work by the electric field force of \(8.0 \times 10^{-9} J\), the electric potential at point M is \underline{ } V; If the charge is then moved from point M to point N in the electric field, and the electric field force performs work of \(1.8 \times 10^{-8} J\), the potential difference between points M and N is \(U_{MN} =\) \underline{ } V.	fill_in_the_blank	40; 90	Electric field work	"Solution: 

17. From the problem statement, we know that the work done by the electric field when moving from point O to point M is \(W = - 8 \times 10^{-9}J\). Using the formula \emph{W}=\emph{qU}, we find \(U = \frac{W}{q} = \frac{- 8 \times 10^{-9}J}{2.0 \times 10^{-10}C} = - 40V\). Thus, \(U_{OM} = 0 - \varphi_{M} = - 40V\), so the electric potential at point M is \(\varphi_{M} = 40V\).

18. When moving the point charge from point M to point N, the work done by the electric field is \(1.8 \times 10^{-8}J\). Using the formula \emph{W}=\emph"	2018	high	easy
1337	In the International System of Units, the unit of electric field strength is ( ) and the electromotive force of 1 dry cell is ( ) volts.	fill_in_the_blank	N/C; 1.5	Electric field strength	nan	2024	high	easy
812	A thin rope with a length of \(1m\) has one end fixed at point O on a smooth horizontal surface, and the other end tied to a small ball with a mass of \(2kg\). The ball performs uniform circular motion around point O on the horizontal plane with a speed of \(2m/s\). The magnitude of the ball's acceleration is \ul{　 　}\({m/s}^{2}\). The tension in the rope is \ul{　 　}N.	fill_in_the_blank	4; 8	Centripetal force###Centripetal acceleration	nan	2023	high	easy
928	\emph{v} = 7.9 km/s is the velocity that a satellite must have to move in uniform circular motion around the Earth near the ground, known as the first cosmic velocity. \emph{v} = 11.2 km/s is the velocity at which an object can break free from Earth's gravitational restraints and become an artificial planet orbiting the Sun, referred to as the ( ) cosmic velocity. \emph{v} = 16.7 km/s is the velocity required for an object to escape the Sun’s gravitational pull and travel into outer space beyond the solar system, called the ( ) cosmic velocity.	fill_in_the_blank	second; third	First, second, and third cosmic velocity	"[Answer] \emph{v} = 11.2 km/s is the speed at which an object can escape Earth's gravitational pull and become an artificial planet orbiting the Sun, known as the second cosmic velocity. \emph{v} = 16.7 km/s is the speed required for an object to break free from the Sun's gravitational pull and travel into outer space beyond the solar system, known as the third cosmic velocity.
[Analysis] This question focuses on memorization; regular review and accumulation will suffice."	2018	high	easy
559	"In the experiment of ""studying projectile motion,"" let the ball roll multiple times along the same path and plot the trajectory of the ball's projectile motion using the point-plotting method. To accurately depict the motion trajectory, several operational requirements are listed below. Fill in the letter in front of the option you think is correct in the blank ____. 

A. Adjust to keep the end of the slope horizontal  
B. The release position of the ball can be different each time  
C. The ball must be released from rest each time  
D. The wooden strip (or groove) used for recording the ball's position must strictly descend at equal intervals each time  
E. The ball should not make contact with the white paper (or graph paper) on the wood board when moving  
F. After recording the ball's position on the paper, remove the paper and connect the dots into a polyline with a ruler"	fill_in_the_blank	ACE	Study the motion of a projectile	[Answer] Adjust the incline so that its end remains level; B ensures the ball performs projectile motion, A meets the problem requirements. The position from which the ball is released must be the same each time to ensure the ball reaches the bottom with the same speed, B does not meet the problem requirements. The ball must be released from rest each time, C meets the problem requirements. It is unnecessary to record the ball's position in strictly equal distance increments each time, D does not meet the problem requirements. The ball should not touch the white paper on the board during motion to avoid errors, option E is incorrect. After recording the position of the ball on the paper, remove the paper and connect the points with a smooth curve, option F is incorrect; Therefore, the answer is: ACE. [Analysis] To ensure the ball performs projectile motion, the end of the incline must remain level. When plotting the trajectory of the ball's projectile motion using the method of marking points, the ball should	2018	high	easy
1866	The spectra of various atoms are \ul{\hspace{1cm}}, indicating that atoms emit only a few specific frequencies of light. The positions of bright lines differ for different atoms, indicating that the emission frequencies of different atoms are \ul{\hspace{1cm}}. Therefore, these bright lines are referred to as the \ul{\hspace{1cm}} of the atoms.	fill_in_the_blank	Line spectrum; different; characteristic spectral line	Hydrogen atom spectrum	[Answer] The spectra of atoms are line spectra, and the emission frequencies of different atoms vary. The bright lines are known as characteristic spectral lines. [Analysis] The atomic structure determines the atomic spectra, which are called characteristic spectral lines.	others	high	easy
673	A ball starts falling vertically from a height of 1.2m above the ground. After hitting the ground, it bounces back up to a maximum height of 0.9m. The magnitude of the displacement during this process is \ul{　 　}m, the direction of the displacement is \ul{　 　}, and the distance traveled during this motion is \ul{　 　}m.	fill_in_the_blank	0.3; vertically downward; 2.1	Displacement and Distance	"The displacement can be represented by a directed line segment from the initial position to the final position. The length of the directed line segment equals the magnitude of the displacement, so the displacement of the ball is 1.2m - 0.9m = 0.3m, with a downward vertical direction. The distance traveled equals the length of the trajectory, which is 1.2m + 0.9m = 2.1m.

It is important to understand the difference between displacement and distance. Displacement is a directed line segment from the start point to the end point, which can be analyzed by considering the ball's motion process. Distance is the length of the object's trajectory and is a scalar."	2017	high	easy
1254	The propagation speed of electromagnetic waves in air is approximately 3.0×10\textsuperscript{8} m/s. A certain radio station has a frequency of 6.0×10\textsuperscript{6} Hz. The wavelength of this electromagnetic wave in air is \ul{　 　} m.	fill_in_the_blank	50	The straight-line propagation of light	"[Solution] According to \(c = \lambda f\), solve to get \(\lambda = 50m\).

[Analysis] Determine the wavelength of the electromagnetic wave based on the relationship between the speed of electromagnetic waves in a vacuum and frequency."	2021	high	easy
961	The electromotive force of the power source is 4.5V, the internal resistance is 1.5Ω, and the external circuit is connected to a 3.0Ω resistor. At this time, the current flowing through the power source is ( ) A, and the terminal voltage is ( ) V.	fill_in_the_blank	1; 3	Power and energy of the entire circuit	"Solution: According to the Ohm's Law for closed circuits, we have:
\[ I = \frac{E}{R + r} = \frac{4.5}{1.5 + 3}A = 1A \]
The terminal voltage is:
\[ U = IR = 1 \times 3V = 3V \]
Therefore, the answer is: 1, 3

Analysis: Given the electromotive force, internal resistance, and external resistance of the power supply, use Ohm's Law for closed circuits to find the current flowing through the power supply, and then use Ohm's Law to find the terminal voltage."	2017	high	easy
1474	Important transportation support for the Beijing Winter Olympics includes the Beijing-Zhangjiakou High-Speed Railway. Suppose a high-speed train with mass \(m\) starts from rest and travels at constant power \(P\), attaining a maximum speed of \(v_{m}\), with consistent resistance during travel. When the train's speed is \(\frac{v_{m}}{3}\), the magnitude of the train's acceleration is ( ) m/s\(^2\).	fill_in_the_blank	\(\frac{2P}{mv_{m}}\)	Locomotive start	nan	2024	high	easy
61	Newton's ( ) law, also known as the law of inertia, ( ) is the sole measure of an object's inertia.	fill_in_the_blank	First; mass	Newton's First Law	The property of an object to maintain its state of uniform linear motion or rest is called inertia. Newton's First Law is also known as the law of inertia, and the only measure of an object's inertia is its mass. Therefore, the answer is: first; mass. This question primarily examines Newton's First Law of Motion. Answer based on the content of Newton's First Law of Motion.	2017	high	easy
2391	"Metal thermistors are a common type of temperature sensor. A commonly used metal thermistor is made of platinum, and its resistance will ( ) as the temperature rises. Rice cookers utilize a temperature sensor, whose main component is temperature-sensitive ferrite. Its characteristic is that it possesses ferromagnetism at room temperature and can be attracted by a magnet, but when the temperature rises to about 103°C, it loses its ( ). This temperature is referred to as the ""Curie temperature"" of the material in physics."	fill_in_the_blank	Increase; magnetism	Sensor	[Answer] The resistivity of metal wire increases with rising temperature, so the resistance of a metal thermal resistor will increase as the temperature rises; ferrite loses its magnetism when the temperature rises to about 103°C. [Analysis] The resistance of a metal thermal resistor increases with rising temperature; temperature-sensitive ferrite, which exhibits ferromagnetism at room temperature, loses its magnetism when the temperature rises to about 103°C.	2018	high	easy
21	The river is 420m wide. The boat's speed in still water is 3m/s, and the water current's speed is 4m/s. The shortest time for the boat to cross the river is \ul{     } s, and the shortest displacement is \ul{     } m.	fill_in_the_blank	140; 560	Composition and Decomposition of Displacement###Composition and Decomposition of Velocity###Analysis of the Small Boat Crossing Problem	"Solution: When the still water velocity is perpendicular to the riverbank, the crossing time is shortest.

Then \( t = \frac{d}{v_{c}} = \frac{420}{3} \) s = 140 s;

When the resultant velocity is perpendicular to the velocity of the boat in still water, the boat's displacement is shortest, thus:

\(\frac{d}{s} = \frac{v_{c}}{v_{s}}\), which gives \( s = \frac{4}{3} \times 420 = 560 \text{m}\);

Therefore, the answer is: 140, 560.

Analysis: When the still water velocity is perpendicular to the riverbank, the velocity in the direction perpendicular to the riverbank is maximized. Based on the concept that uniform and resultant motion are isochronous, the crossing time is shortest. When the resultant velocity of the boat is perpendicular to the still water velocity, the crossing displacement"	2017	high	medium
664	China's fiber optic communication technology is at a world-leading level. The refractive index of the fiber core (inner glass layer) is ( ) than the cladding (outer glass layer). The critical angle for total internal reflection of a certain fiber core in the air is \(43{^\circ}\), thus the refractive index of the fiber core is ( ). (Use \(\sin 43{^\circ} = 0.68, \cos 43{^\circ} = 0.73\), and retain 2 significant figures for the result)	fill_in_the_blank	greater; 1.5	Optical Fiber and Its Applications	nan	2024	high	easy
2001	Through the ( ) experiment, Rutherford deduced that all the positive charge of the atom and almost all the ( ) are concentrated in a very small volume at the center of the atom, thus proposing the nuclear model of the atom.	fill_in_the_blank	Alpha particle scattering; mass	Nuclear structure of the atom	nan	2023	high	easy
1418	In the \ul{    } stroke of a gasoline engine, internal energy is converted into mechanical energy. If the useful work done by the gasoline engine of a certain car is \(4.6 \times 10^{7}J\) over a period of time and the efficiency is 25%, then the gasoline engine consumes \ul{    } kg of gasoline during this period (with the calorific value of gasoline taken as \(4.6 \times 10^{7}J/kg\)).	fill_in_the_blank	Work; \(2\)	Thermodynamics	nan	2024	high	easy
216	The voltage of the handheld mini electric fan is 8V, and the current during normal operation is 2A. The internal resistance of the fan's motor is 0.6Ω. What is the electric power of the fan during normal operation ( ) w, and the thermal power ( ) w.	fill_in_the_blank	16; 2.4	Joule's law###Electrical power and electrical work	"Solution: The power of the current doing work is:
P = UI = 8V × 2A = 16W;
The thermal power is:
P\textsubscript{Q} = I\textsuperscript{2}R = 2\textsuperscript{2} × 0.6 = 2.4W;
Therefore, the answer is: 16, 2.4.  
Analysis: Use the power formula P = UI to find the power of the fan's current doing work. The thermal power can be found using P = I\textsuperscript{2}R."	2017	high	easy
442	Under the action of a constant horizontal force F, a wooden block starts moving from rest on a horizontal surface. When it advances a distance s, the force is removed, and the block continues to move 2s further in the same direction before stopping. Assuming the conditions of the surface remain the same throughout the entire motion of the block, the work done by the horizontal force is \ul{　 　}, and the magnitude of the sliding frictional force is \ul{　 　}.	fill_in_the_blank	FS; F/3	Friction work	"Solution: According to the definition of work, the work done by the pulling force is \(W = Fs\). Based on the work-energy principle for the entire process, \(Fs - f(2 + 2s) = 0\). Therefore, \(f = \frac{1}{3}F\). Thus, the answer is: (1). FS (2). F/3.

Analysis: Apply the work-energy principle to the entire process: \(E_{k2} - E_{k1} = W\), where the initial and final kinetic energies are both 0, and \(W\) includes two parts: the work done by the pulling force \(F\) and the work done by the friction force \(f\)."	2018	high	easy
2073	A 4 m deep well is used to lift water with a bucket. After reaching the wellhead, it is lifted 1 m further. If the wellhead is chosen as the origin and the path of the bucket vertically upwards is the \emph{x}-axis, with upwards as the positive direction, then the bucket's position coordinates when at the water surface are ( ), and the final coordinates of the bucket are ( ). If the water surface is chosen as the origin, then the bucket's position coordinates when at the water surface are ( ), and the final coordinates of the bucket are ( ).	fill_in_the_blank	-4 m; 1 m; 0 m; 5 m	Reference frame and coordinate system	"Solution: From the problem statement, we know that the wellhead is chosen as the origin, with upward being positive. Thus, when the bucket is on the water surface, it is 4m below the wellhead, giving it a coordinate value of -4m. After exiting the well, it is 1m above the ground, so the coordinate value is 1m as the direction is upward. If we choose the water surface as the coordinate origin, the bucket’s position when on the water surface is 0, and its final position is at 5m.

Analysis: Establish a one-dimensional coordinate system with the wellhead as the origin to describe the position of an object with a single point."	2017	high	easy
704	Einstein proposed the photon theory, suggesting that the energy of each photon is proportional to its ( ), with the proportionality constant being Planck's constant, h. If expressed in the basic units of the International System of Units, the unit of h is ( ).	fill_in_the_blank	frequency; kg·m\textsuperscript{2}/s	Photon and its momentum	[Answer] The formula for calculating photon energy is \( \varepsilon = h\nu \), indicating that the energy a photon possesses is proportional to its frequency. The unit of energy, J, is the same as that of kinetic energy \(\frac{1}{2}mv^{2}\), which is kg·m\textsuperscript{2}/s\textsuperscript{2}. Therefore, the unit of \( h \), J·s, can be expressed as kg·m\textsuperscript{2}/s. [Analysis] According to the photon energy calculation formula, the energy a photon possesses is proportional to its frequency. Basic units in the International System of Units include m, s, and kg, among others.	2022	high	easy
967	"As shown in the figure, the electrostatic precipitator consists of a plate-type collector A and a line-type ionizer B. Dust encounters electrons ionized at B when entering the electrostatic precipitation area, and is then attracted to the positive electrode A, finally falling into the funnel below under the influence of gravity.  
(1) After dust encounters electrons ionized at B, it becomes ( ) charged (choose ""positive"" or ""negative"").  
(2) After the dust is charged, during the adsorption process, the electric potential gradually ( ) (choose ""increases"" or ""decreases""), and the electric force on the dust ( ) (choose ""performs positive work"", ""performs no work"" or ""performs negative work"")."	fill_in_the_blank	negative; decreases; performs positive work	Prevention and Utilization of Static Electricity	nan	2023	high	easy
2071	Point masses and point charges are both \ul{　 　} models; stationary charges will generate \ul{　 　} fields around them.	fill_in_the_blank	Ideal; Static electricity	Ideal Model Method###Electric field of a point charge	"[Answer] A point mass and a point charge are both idealized models; a stationary charge will generate an electrostatic field around it. \\
Therefore, the answer is: ideal electrostatic \\
[Analysis] Knowing that a point mass and point charge are idealized physical models, and that a stationary charge generates an electrostatic field."	2023	high	easy
811	Two objects A and B with equal kinetic energy are moving towards each other along the same straight line on a smooth horizontal surface. The ratio of their speeds \(v_{A} : v_{B} = 2 : 1\). The ratio of their masses \(m_{A} : m_{B} = \_\_\_\_\); the ratio of their momenta \(p_{A} : p_{B} = \_\_\_\_\); after colliding and sticking together, the ratio of their total momentum to the original momentum of A \(p : p_{A} = \_\_\_\_\).	fill_in_the_blank	1:4; 1:2; 1:1	Momentum	[Solution] Kinetic energy \(E_{k} = \frac{1}{2}mv^{2}\), solving gives: \(m = \frac{2E_{k}}{v^{2}}\). Since the kinetic energies of the two objects are equal, the ratio of the masses of the two objects: \(\frac{m_{A}}{m_{B}} = {(\frac{v_{B}}{v_{A}})}^{2} = \frac{1}{4}\). The momentum of the object is: \(p = \sqrt{2mE_{k}}\), and the ratio of momenta of the two objects is \(\frac{p_{A}}{p_{B}} = \sqrt{\frac{m_{A}}{m_{B}}} = \frac{1}{2}\). Taking the initial momentum direction of B as positive, the momentum is conserved in the collision process of A and B. According to the	2019	high	easy
1646	Among the four types of rays: alpha rays, beta rays, gamma rays, and cathode rays, the rays emitted from the atomic nucleus and classified as electromagnetic waves are ( ), and the rays not emitted from the atomic nucleus are ( ).	fill_in_the_blank	Gamma rays; cathode rays	Radioactive isotopes and their applications###Electromagnetic spectrum	"Alpha rays are helium nuclei moving at high speed, beta rays are streams of electrons moving at high speed, gamma rays are emitted during nuclear energy level transitions, and cathode rays are electrons emitted when atoms are excited. Therefore, the radiation that is emitted from the nucleus and belongs to electromagnetic waves is gamma rays, while the radiation not emitted from within the nucleus is cathode rays.

The earliest discovery of cathode rays was by Thomson, and they consist of flowing electrons. Electrons, as microscopic particles, exhibit both wave and particle properties."	2020	high	easy
872	"In the experiment ""Estimating molecular size using a monomolecular oil film"", if the volume of oleic acid in a drop of oleic acid-alcohol solution is \(V\), and it spreads to form an oil film area of \(S\) on the water surface, then the diameter of the oleic acid molecule \(d = \frac{V}{S}\). If the oil film does not spread completely in the experiment, the obtained oleic acid molecule diameter will be ( )."	fill_in_the_blank	slightly larger	Estimate the size of oleic acid molecules using the oil film method.	"Solution:  
[1] According to the volume formula \(V = Sd\), the molecular diameter can be found as \(d = \frac{V}{S}\);  
[2] If the oil film does not spread completely, it reduces the area of oleic acid's spread on the water surface, leading to an overestimation of the molecular diameter.  
Analysis: To estimate the size of molecules using oleic acid, divide the volume of oleic acid by the base area of the oleic acid."	2018	high	easy
2113	Work and heat transfer are equivalent to ( ) but there are ( ) differences between them. Work is actually ( ) of ( ), while heat transfer is ( ) of ( ).	fill_in_the_blank	change in internal energy of objects; essence; conversion between other forms of energy and internal energy; transfer between internal energies.	The First Law of Thermodynamics (Law of Energy Conservation)###Two Ways to Change Internal Energy	Answer: The methods for changing an object's internal energy are twofold: performing work and heat transfer; these are equivalent in terms of altering the object's internal energy but are fundamentally different; heat transfer is the process of transferring energy, specifically the process of internal energy moving from a high-temperature object to a low-temperature object, during which the form of energy does not change; performing work essentially involves energy transformation, where the form of energy changes during the process of doing work; therefore, the answer is: altering the object's internal energy; essence; conversion between other forms of energy and internal energy; transfer between internal energies. Analysis: The conversion process involves a change in the form of energy, while the transfer process involves the transmission of energy in the same form.	2017	high	easy
777	By observing other galaxies in the universe, they are generally classified by shape into: ( ) galaxy, ( ) galaxy, and irregular galaxy.	fill_in_the_blank	Spiral; Elliptical	Composition of the Atomic Nucleus	"[Answer] Through observation, the shapes of the galaxies in the universe are generally divided into three categories: spiral galaxies, elliptical galaxies, and irregular galaxies. The Milky Way is a spiral galaxy, so the answer is: spiral, elliptical.

[Analysis] The shapes of the galaxies in the universe are generally divided into three categories: spiral galaxies, elliptical galaxies, and irregular galaxies. The center of the Milky Way has a bulging core with a radius of over ten thousand light-years, where the material is very dense and filled with a thick interstellar medium and nebulae. The Milky Way also has a flat disk known as the galactic disk; the Milky Way we see is formed by the dense concentration of distant stars in this disk. A very striking structure of the galactic disk is its spiral arms, which is why the Milky Way is classified as a spiral galaxy."	others	high	easy
957	In a spaceship flying at a uniform speed of 0.6c relative to the ground, a laser cannon emits a strong laser forward, and the speed of the laser relative to the spaceship is \ul{　 　}; the rest mass of an object in the spaceship is 10kg, and its mass is \ul{　 　}kg.	fill_in_the_blank	c; 12.5	The Relativistic View of Space-Time and the Limitations of Newtonian Mechanics	nan	2024	high	easy
2222	"In the double-slit interference experiment, a sodium lamp emits yellow light with a wavelength of 588 nm, forming interference fringes on a screen 1 meter away from the double slits. Given that the distance between the double slits is 1.68×10\textsuperscript{-4} m, the spacing between the centers of two adjacent bright fringes is ( ) m (retain two significant figures). If a helium-neon laser is used as the light source instead, the wavelength of the red light it emits is ( ) (select ""long"" or ""short"") compared to the yellow light. With other conditions unchanged, the spacing between the centers of two adjacent bright fringes is ( ) (select ""larger"" or ""smaller"") compared to that of the yellow light."	fill_in_the_blank	3.5 × 10\textsuperscript{-3}; long; larger	The period, frequency, and wave speed of electromagnetic waves.###The relationship between interference fringes and the wavelength of light	nan	2024	high	easy
714	"According to Bohr's theory, when a hydrogen atom is in a high energy level, the kinetic energy of the electron orbiting the nucleus is \underline{\ \ \ } (choose ""larger"" or ""smaller""), if the electron's mass is m and the kinetic energy is \(E_{k}\), its corresponding de Broglie wavelength is \underline{\ \ \ } (where Planck's constant is h)."	fill_in_the_blank	Smaller; \(\frac{h}{\sqrt{2mE_{k}}}\)	Coulomb's Law###Wave-particle duality of light	"Solution: The Coulomb force provides centripetal force \(k\frac{e^{2}}{r^{2}} = m\frac{v^{2}}{r}\). Solving yields \(E_{k} = \frac{1}{2} \cdot \frac{ke^{2}}{r}\). 

For a hydrogen atom at a high energy level, \(r\) is relatively large, and kinetic energy \(E_{k}\) is relatively small. The de Broglie wavelength is given by \(p = \sqrt{2mE_{k}} = \frac{h}{\lambda}\), solving for \(\lambda\) gives \(\lambda = \frac{h}{\sqrt{2mE_{k}}}\).

Analysis: An electron performs circular motion with the Coulomb force providing centripetal force. Using the centripetal force formula, we solve for the electron's velocity and then its kinetic energy."	2020	high	easy
441	A uniform resistance wire with a length of L and a cross-sectional area of S has a resistance value of R. When the temperature remains constant, the resistance value of another uniform resistance wire made of the same material, with L unchanged but S doubled, is ( ) R; when both L and S are reduced to \(\frac{1}{2}\) of their original values, the resistance is ( ) R.	fill_in_the_blank	0.5; 1	The Law of Resistance	"Solution: According to the resistance law \( R = \rho \frac{l}{s} \), when \( l \) remains constant and \( s \) doubles, the resistance becomes 0.5 times the original value, thus 0.5R; therefore, A is incorrect. 

According to the resistance law \( R = \rho \frac{l}{s} \), when it is reduced to \(\frac{1}{2}\), the resistance remains unchanged. Hence, it is R. 

Therefore, the answer is: 0.5; 1.

Analysis: According to the resistance law \( R = \rho \frac{l}{s} \), determine the change in resistance based on changes in the length and cross-sectional area of the resistance wire."	2017	high	easy
2393	The wavelength of a photon with energy of 8 eV is \ul{　 　}, and the working principle of the next-generation ultra-high-precision atomic clock is based on the nuclear reaction equation \({}_{92}^{238}U\)→\({}_{90}^{234}Th\) +\ul{　 　}. (Given: h=6.63×10\textsuperscript{-34}Js, 1eV=1.6×10\textsuperscript{-19}J)	fill_in_the_blank	1.55×10\textsuperscript{-7}; \({}_{2}^{4}He\)	Nuclear decay, half-life###Quantum energy and quantization phenomena	"[Solution] According to the photon energy formula: \(E = h\nu\) and the speed of light formula: \(C = \frac{\lambda}{T} = \lambda\nu\)\\
We can derive: \(\lambda = \frac{C}{\nu} = \frac{C}{\frac{E}{h}} = \frac{Ch}{E}\),\\
Substituting the data gives: \(\lambda = 1.55 \times 10^{-7}m\);\\
According to the nuclear reaction equation, charge and mass numbers are conserved, and the operation principle of high-precision atomic clocks is based on the nuclear reaction equation: \(_{92}^{238}U \rightarrow_{90}^{234}Th +_{2}^{4}He\).\\
Therefore, the answer is: 1.55×10\textsuperscript{-7}; \({}_{2}^{4}He\)."	2023	high	easy
445	In physics, among the scientific methods used to establish ① point mass, ② resultant force, and ③ acceleration definition formula, establishing a physical model is \ul{ ① }, the ratio definition is \ul{ ③ }, and equivalent substitution is \ul{ ② } (fill in the number before the physical quantity).	fill_in_the_blank	1; 3; 2	Equivalent method###Ideal Model Method###Composition of forces	nan	2024	high	easy
244	Xiao Jun stands 1m in front of a vertically placed plane mirror, the image in the mirror is ( ) m away from the plane mirror. As he moves closer to the mirror, the image in the mirror ( ) the plane mirror, the size of the image will ( ), and the image formed is a ( ).	fill_in_the_blank	1; closer; remain unchanged; virtual image	Optics	nan	2023	high	easy
405	The experimental measurement of the limit wavelength for the Balmer series in the hydrogen atom spectrum is 364.6 nm. Based on this, the wavelength of the first line H\textsubscript{α} in the Balmer series is \ul{   }.	fill_in_the_blank	656.3nm	Spectra and Spectral Analysis	[Answer] The Balmer series in the hydrogen atomic spectrum refers to spectral lines emitted when transitioning from energy levels n > 2 to n = 2, expressed as \(\frac{1}{\lambda} = (\frac{1}{2^{2}} - \frac{1}{n^{2}})R\). According to the problem, the limiting wavelength of the hydrogen atomic Balmer series is 364.6 nm, thus \(\frac{1}{\lambda_{\min}} = (\frac{1}{2^{2}} - 0)R\). Therefore, the wavelength of the first line in the Balmer series is \(\frac{1}{\lambda_{1}} = (\frac{1}{2^{2}} - \frac{1}{3^{2}})R\). Solving these equations gives \(\frac{\lambda_{1}}{\lambda_{\min}} = \frac{\frac{1}{4} - \frac{1	2023	high	medium
965	The area around the examination venue needs a quiet environment. When vehicles pass by the vicinity of the venue, the sound is transmitted into people's ears through ( ). Honking is prohibited near the examination venue, which reduces noise from the ( ) source.	fill_in_the_blank	Air; sound	Acoustics	nan	2024	high	easy
896	When simultaneously measuring the position and momentum of an electron with an energy of 1 keV moving in one dimension, if the uncertainty in position is within 0.1 nm, then the percentage of the uncertainty in momentum \(\frac{\Delta p}{p}\) is at least ( ). (Using the uncertainty relation \(\Delta p\Delta x \geq \frac{\hslash}{2}\))	fill_in_the_blank	3.1%	Uncertainty relation	"Answer: According to the uncertainty principle \(\Delta p\Delta x \geq \frac{\hslash}{2}\), we have \(\Delta p \geq \frac{\hslash}{2\Delta x} = \frac{h}{4\pi\Delta x}\). According to the relationship between energy and momentum, \(E = \frac{1}{2m}p^{2}\), we have \(p = \sqrt{2mE}\). Thus, \(\frac{\Delta p}{p} = \frac{h}{4\pi\Delta x\sqrt{2mE}}\), solving gives \(\frac{\Delta p}{p} = 3.1\%\).  

Analysis: Using the uncertainty principle and the relationship between energy and momentum, the percentage of the uncertainty in momentum is derived."	2023	high	medium
1144	Through measuring the charge-to-mass ratio of the particles making up cathode rays, Thomson discovered ( ), thereby indicating that atoms have a complex internal structure. Millikan determined the ( ) of an electron through the oil drop experiment.	fill_in_the_blank	Electrons; charge quantity (or charge)	The Discovery of Electrons	"[Answer] Thomson discovered the electron, and Millikan measured the charge of the electron through the oil drop experiment.  
[Analysis] Thomson discovered the electron, and Millikan measured the charge of the electron through the oil drop experiment."	others	high	easy
1416	In nature, there are only \ul{    } electric charges and \ul{    } electric charges. A glass rod rubbed with silk carries a \ul{    } charge, while a rubber rod rubbed with fur carries a \ul{    } charge. Electric charges cannot be destroyed or created; they can only be \ul{    } or \ul{    }. This conclusion is called the law of conservation of charge.	fill_in_the_blank	Positive; negative; positive; negative; transferring from one object to another; transferring from one part of an object to another part	Prevention and Utilization of Static Electricity###Elementary charge	"Answer: In nature, there are only two types of charges, positive and negative. A glass rod rubbed with silk becomes positively charged, while an ebonite rod rubbed with fur becomes negatively charged. According to the law of conservation of charge: charge can neither be created nor destroyed; it can only be transferred from one object to another, or from one part of an object to another.

Analysis: In nature, there exist two types of charges, one positive and one negative. We define an ebonite rod rubbed with fur as negatively charged and a glass rod rubbed with silk as positively charged. The law of conservation of charge is a universal principle in nature, where charge on an object does not vanish but can only transfer from one object to another or from one part of an object to another."	2018	high	easy
1476	Among ceramics, iron, and glass, the conductor is ( ); among power transmission wires, generator coils, and electric furnace wires, the one where superconducting materials cannot be applied is ( ).	fill_in_the_blank	Iron; electric furnace wires	Ohm's Law###Resistance	"Solution: Among ceramics, iron, and glass, iron conducts electricity easily and is a conductor, while ceramics and glass are insulators. Of transmission wires, generator coils, and electric furnace wires, superconducting materials cannot be used in electric furnace wires, as they operate on the thermal effect of current, and superconductors do not generate heat. Therefore, the answers are: iron, electric furnace wire.

Analysis: Among ceramics, iron, and glass, iron is a conductor. Superconducting materials cannot be used in appliances that operate on the thermal effect of current."	2015	high	easy
1478	People refer to technologically mature and commonly used energy sources as conventional energy; for example: ( ), and energy sources that have only begun to be utilized or are currently being researched and developed in recent decades are called ( ) energy. For example, solar energy.	fill_in_the_blank	Coal, oil, natural gas; new	Development and Utilization of Energy and Environmental Protection	"Answer: Conventional energy refers to energy sources that are technologically mature and widely used, such as coal, oil, and natural gas. New energy, which is pollution-free and under development, includes solar energy, wind energy, water energy, nuclear energy, etc. Therefore, the answer is: coal, oil, natural gas; new energy. 

Analysis: At present, the main conventional energy sources in China are coal, oil, and natural gas; the new energy sources under development include solar energy, wind energy, water energy, and nuclear energy."	2016	high	easy
2297	"The scientific method of thought is very important in the study of physics problems. Inspired by Newton's law of universal gravitation, Coulomb used the ""( )"" method to discover the laws of interaction between charges, which is known as ""( )""."	fill_in_the_blank	Analogy; Coulomb's Law	Analogy method###Law of Universal Gravitation	"[Solution] Newton's law of universal gravitation studies the interaction between any two objects, while Coulomb's law examines the interaction between two stationary point charges in a vacuum. Both laws study interactions and can be compared. In 1785, Coulomb proposed Coulomb's law through experiments. \\
[Analysis] Coulomb's law was discovered using the analogy method to identify the interaction between charges and is known as Coulomb's law."	2023	high	medium
