index	question	category	A	B	C	D	answer	knowledge	analysis	year	grade_level	difficulty_level
2963	When keeping goldfish, people often put some hornwort in the tank. The time when hornwort lacks oxygen is approximately (   ).	single_answer_choice	Mornin	Morning  	Noon  	Dusk  	D	Experiments to verify photosynthesis	nan	2023	middle	easy
7695	Seafood is rich in protein and has high nutritional value. The following matches the seafood with its correct category and characteristics (　　):	single_answer_choice	Scallop --- Mollusk --- Has a mantle on its body surface	Jellyfish --- Flatworm --- Body surface has cnidocytes	Abalone --- Fish --- Breathes with gills	Lobster --- Insect --- Body and appendages are segmented	A	Mollusks and Their Relationship with Humans###Arthropods and Their Relationship with Humans###Cnidarians and Their Relationship with Humans	nan	2023	middle	easy
6163	Tai Chi is a national intangible cultural heritage of China. After 1949, it was standardized by the National Sports Commission as a fitness exercise. The following analysis about this sport is incorrect (　　)	single_answer_choice	Completed under the regulation of the nervous system	Completed by skeletal muscles pulling bones around joints	Each movement requires only one group of skeletal muscles	Skeletal muscles have the characteristic of contracting when stimulated	C	Coordination of bones, joints, and muscles###Skeletal muscle	nan	2024	middle	easy
4777	Ischemic optic neuropathy is caused by an acute vascular obstruction providing arterial blood to the optic nerve, resulting in optic nerve damage. Which of the following statements is incorrect?  	single_answer_choice	The optic neurons cannot obtain enough oxygen.  	The patient cannot normally form vision in the visual cortex of the brain.  	The vessel providing nutrients to the optic nerve is a vein.  	The patient cannot normally transmit visual-related information to the brain.	C	Blood vessel###The pathway of blood circulation	nan	2024	middle	easy
6500	When Xiaofang observed the slide specimen with a microscope and found the field of view to be rather dark, which of the following structures can be used to brighten the field of view?	single_answer_choice	Stage clip	Coarse adjustment knob  	Stage clips  	Body tube  	D	Structure and Use of a Microscope	nan	2024	middle	easy
6150	The following statement about the relationship between organisms and the environment is incorrect (       ):	single_answer_choice	"""Oranges grown south of the Huai River are sweet, while those grown north are bitter"" — the influence of biological factors on organisms"	"""It's cool under a big tree"" — organisms affecting the environment"	"""The mantis stalks the cicada, unaware of the oriole behind"" — predator-prey relationship among organisms"	"""All growth depends on the sun"" — the survival of organisms depends on the environment"	A	The impact of abiotic factors on organisms###Relationships between organisms###The impact of organisms on the environment	nan	2022	middle	easy
2128	Among the following options, which one incorrectly corresponds to its main tissue type?  	single_answer_choice	Blood------Connective tissue  	Tomato pulp------Nutrient tissue  	Heart------Muscle tissue  	Onion epidermis------Epithelial tissue	D	Basic tissues of animals###The main tissues of the plant body	nan	2024	middle	easy
6727	The following statements about the operation and related usage of a microscope are correct:  	single_answer_choice	Material observed with a microscope must be thin and transparent.  	Sporangia of ferns can only be observed under a microscope.  	Chloroplasts in the epithelial cells of an onion scale leaf can be seen under a low magnification lens.  	If the staining of oral epithelial cells is light, a concave mirror should be used.	A	Observe plant cells.	nan	2024	middle	easy
4684	The following technique does not belong to genetic engineering and cloning technology ( ):	single_answer_choice	Formation of super mouse	Birth of cloned Dolly the sheep	Crossbreeding high-yield lodging-prone wheat with low-yield lodging-resistant wheat to obtain high-yield lodging-resistant wheat	Using biotechnology to insert synthetic insulin genes into the genetic makeup of E. coli	C	Genetic Engineering Technology and Its Applications###Cloning technology and its applications	nan	2023	middle	easy
3724	"The CCTV program ""Nature’s Wonders"" broadcasted the phenomenon of unique animal camouflage in nature, such as the spots on giraffes. According to Darwin's theory of evolution, which of the following is not necessarily related to the formation of animal camouflage?"	single_answer_choice	Environmental Influenc	Environmental Influence  	Overbreeding  	Artificial Selection  	C	The theory of biological evolution	nan	2023	middle	easy
3966	The following four idioms related to animals involve warm-blooded animals (　　)  	single_answer_choice	Fighting like a (sandpiper) and a (clam)  	Traces of (spider) silk and (horse)  	(Tiger) head and (snake) tail  	No rest for (chickens) and (dogs)	D	Characteristics of Mammals and Their Relationship with Humans###Characteristics of Birds and Their Relationship with Humans###Classifying animals	nan	2023	middle	easy
1123	Except for which of the following items, all others are aspects where lizards are more advanced than frogs? ( )	single_answer_choice	Completely breathe with lungs	Have keratin scales on the body surface	Internal fertilization, eggs are protected by a shell	Body temperature is not constant	D	Characteristics of Amphibians and Their Relationship with Humans###The characteristics of reptiles and their relationship with humans	nan	2022	middle	easy
6496	"The basic concept in biology is that ""structure is adapted to function."" The following does not reflect this concept:"	single_answer_choice	Nasal hairs and mucus in the nasal cavity can clean the ai	Nasal hairs and mucus in the nasal cavity can clean the air	The dense network of capillaries around the alveoli facilitates gas exchange	The respiratory tract has bones or cartilage as a scaffold to ensure smooth passage of air	D	The function of the respiratory tract###Absorption of nutrients###Gas exchange between alveoli and blood	nan	2024	middle	easy
3112	Visit Mingshui Ancient City, learn biological knowledge. The correct statement is:  	single_answer_choice	Hymenolepis at the base of the ancient city wall absorbs inorganic salts through roots.  	Ginkgo in the park has well-developed conductive tissues.  	Spirogyra in the spring water uses leaves for photosynthesis.  	The seeds of lotus in the lake are not covered by fruit peels.	B	Algae###Bryophytes###Gymnosperms###Angiosperms	nan	2024	middle	easy
3825	The following description about green plants is incorrect (      ):	single_answer_choice	Ginkgo trees, widely used for urban street greening, have seeds but no fruits.	"Nori in ""nori and egg drop soup"" has differentiated roots, stems, and leaves."	"The plant described in ""A few branches of plum blossom at the corner of the wall, blooming alone in the cold"" is a green flowering plant."	"The plants described in ""moss covering the steps"" can be used as indicator plants for monitoring air pollution levels."	B	Algae###Bryophytes###Gymnosperms###Angiosperms	nan	2024	middle	easy
3818	The following statement about scientific observation is incorrect (    ):	single_answer_choice	You can directly record results after observation without needing to communicate with others.	Observation can be done with the naked eye or with the help of instruments like magnifying glasses.	For observations requiring a longer time, one should be planful and patient.	Observation is a basic method of scientific inquiry.	A	Basic Methods of Scientific Inquiry	nan	2024	middle	easy
5195	The following statement about Paramecium is incorrect:  	single_answer_choice	The bottom layer of the culture solution for Paramecium is rich in oxygen, so Paramecium mostly concentrates at the bottom of the culture solution.  	Paramecium uses the oral groove to take in food.  	When observing Paramecium, placing a small amount of cotton fibers in the culture solution on the slide is to restrict the movement of Paramecium.  	The food absorbed by Paramecium is digested within food vacuoles, and the residue is expelled through the cytoproct.	A	Single-celled organism###Observing Paramecium and Investigating Its Taxis	nan	2024	middle	easy
759	Adolescence is the golden period for physical development in a person's life. The incorrect statement about adolescence is:  	single_answer_choice	Girls should not exercise during menstruation  	It is normal for boys to experience nocturnal emissions, and they should pay attention to hygiene  	Avoid consuming highly stimulating foods during the voice change period, as this helps protect the vocal cords  	Developing a sexual awareness is normal; it is important to understand how to maintain an appropriate distance when interacting with the opposite sex	A	Physiological Changes and Hygiene during Puberty###Psychological Changes and Hygiene in Adolescence	nan	2023	middle	easy
2658	Among the following options, which one reflects the adaptation of organisms to the environment?	single_answer_choice	It's pleasant to rest under a big tre	It's pleasant to rest under a big tree	It's pleasant to rest under a big tr	When oranges are grown south of the Huai River, they remain oranges; when grown north of the Huai River, they become trifoliate oranges	D	Adaptation of organisms to the environment	nan	2024	middle	easy
7439	"Recently, the internet was shocked by the ""king of fruit fungi,"" where a woman discovered white mushrooms growing out of an apple at home. Which of the following statements about this white mushroom is incorrect?  "	single_answer_choice	White mushrooms belong to plants  	White mushrooms are composed of mycelium  	The mode of nutrition is heterotrophic  	The apple contains the water and organic matter needed for its survival	A	Morphological structure and nutritional modes of fungi###Reproduction of fungi	nan	2025	middle	easy
1800	Poetry is a treasure of traditional Chinese culture, containing many biological phenomena. The following description is incorrect (      ):	single_answer_choice	"""People coming and going on the river, but love the beauty of the bass."" The power for a bass to swim in the water comes from the undulation of its trunk and tail."	"""Though the divine turtle lives long, it still ages with time. The soaring serpent clouds eventually return to dust."" Both turtles and snakes breathe with lungs."	"""Before Mount Xisai, egrets fly; the peach blossom streams where mandarin fish grow fat."" The body temperature of egrets and mandarin fish does not change with the environmental temperature."	"""A magpie startled off by the bright moon from branches, a cicada sings in the midnight breeze."" Cicadas have an exoskeleton and belong to insects within the arthropods."	C	Arthropods and Their Relationship with Humans###Characteristics of Fish and Their Relationship with Humans	nan	2024	middle	easy
2775	The following statements about biological experiment operations contain an error:	single_answer_choice	In preparing a temporary mount of human oral epithelial cells, place a drop of clean water in the center of the slide	When observing the movement of paramecia, a few strands of cotton fibers can be placed in the culture solution on the slide.	In preparing a temporary mount of human oral epithelial cells, place a drop of clean water in the center of the slide.	To switch from a low-power objective to a high-power one, rotate the nosepiece to align the high-power objective with the light aperture.	B	Observe plant cells.###Observe animal cells###Observing Paramecium and Investigating Its Taxis	nan	2024	middle	easy
8530	The following diseases and their corresponding incorrect causes are (   )  	single_answer_choice	Scurvy ------ Lack of Vitamin C  	Cretinism ------ Insufficient secretion of thyroid hormone during childhood  	Diabetes ------ Excessive secretion of insulin  	Dwarfism ------ Insufficient secretion of growth hormone during childhood	C	Nutrients in food###Hormone regulation	nan	2023	middle	easy
2882	Among the following animal behaviors, the one that is considered learned behavior is (    )	single_answer_choice	Parrot mimicking speech	Bee collecting nectar	Peacock displaying feathers	Dragonfly touching water	A	Learning behavior	"[Answer] A. The ability of parrots to imitate human language is acquired through learning and imitation, indicating that parrots can change their behavior through observation and practice. Therefore, parrots mimicking human speech is a learned behavior, which fits the question. B. The behavior of bees collecting nectar is an innate instinct determined by genetic material, requiring no learning or experience. Thus, bees collecting nectar is an innate behavior, which does not fit the question. C. Peacock tail displays are mating behaviors performed by male peacocks to attract females. This behavior is part of their genetic trait and requires no learning. Therefore, peacock tail displays are innate behaviors, which do not fit the question. D. Dragonflies skimming water is an egg-laying behavior in their reproductive process, determined by genetics and requiring no learning. Therefore, dragonflies skimming water is an innate behavior, which does not fit the question. Hence, the answer is: A.

[Analysis] The difference between innate"	2022	middle	easy
580	After studying invertebrates, which of the following statements do you think is incorrect?  	single_answer_choice	All coelenterates are edible.  	Both annelids and arthropods have segmented bodies.  	Mollusks do not necessarily have hard shells externally.  	Organisms that live in both water and on land are not necessarily amphibians.	A	Annelids and Their Relationship with Humans###Mollusks and Their Relationship with Humans###Characteristics of Amphibians and Their Relationship with Humans###Cnidarians and Their Relationship with Humans	nan	2024	middle	easy
3117	Maintaining a healthy lifestyle and mastering some essential first aid skills are biological literacy requirements for middle school students. Which of the following statements is incorrect? 	single_answer_choice	When performing artificial respiration, blow 16-18 times per minute.	In case of a gas poisoning patient, you should first take the person to a well-ventilated area and then perform rescue operations.	Smoking is one of the main causes of lung cancer, emphysema, and chronic bronchitis.	When encountering a patient with a myocardial infarction, immediately move the patient indoors to lie flat on a bed for rest.	D	Lifestyle disease###First aid knowledge	nan	2022	middle	easy
4590	The following statement about first aid measures is incorrect (     ):	single_answer_choice	When someone is unconscious, shake them vigorously to wake them	"In an emergency, when calling ""120"" emergency services, you should provide the address and basic situation"	If you find during on-scene rescue that the patient is breathing but has no heartbeat, you may perform external chest compressions	If someone has dark red blood flowing from a wound, the rescuer should apply pressure to the distal end to stop the bleeding	A	First aid knowledge###Types of Bleeding and Bandaging Methods	nan	2022	middle	easy
2969	A type of wild chrysanthemum in the mountains of Shennongjia emits a fragrance but loses this ability when transplanted elsewhere. This shows that (    )	single_answer_choice	Organisms can adapt to the environment	The environment can adapt to organisms	Organisms can affect the environment	The environment can affect organisms	D	The impact of abiotic factors on organisms	nan	2024	middle	easy
7127	The following statement about the hierarchy of biological structures is incorrect (      )	single_answer_choice	Blood is a type of connective tissue	The small intestine is a tissue	The epidermis of a leaf is a protective tissue	The stomach is an organ within the digestive system	B	Basic tissues of animals###The main tissues of the plant body###Organs of an animal body	"**Solution**  
A. Blood is a type of fluid connective tissue composed of plasma and blood cells, with functions such as transportation, defense, and temperature regulation, so A is correct.  
B. The small intestine is an organ in the digestive system, consisting of various tissues including epithelial, muscle, nerve, and connective tissues, responsible for food digestion and nutrient absorption, so B is incorrect.  
C. The epidermis of leaves is considered protective tissue and serves a protective function, so C is correct.  
D. A structure formed by different tissues arranged in a certain order to perform specific functions is called an organ. The stomach is an organ in the digestive system, so D is correct.  
Hence, the correct choice is B.

**Analysis**  
Cell differentiation refers to the process in which a cell undergoes changes in shape, structure, and function during growth. Cell differentiation leads to the formation of different tissues, such as animal muscle tissue, epithelial tissue, nerve tissue, and"	2024	middle	easy
3107	Regarding the reproduction and development of organisms, the following statement is correct:	single_answer_choice	Organisms with sexual reproduction produce gametes, and new individuals develop from these reproductive cells	Organisms with sexual reproduction produce gametes, and new individuals develop from these reproductive cells.  	The reproductive development of the silkworm goes through the stages of egg, nymph, and adult.  	Frogs undergo sexual reproduction and metamorphic development.  	C	Reproduction and Development of Insects###Sexual reproduction of plants###Asexual reproduction of plants	nan	2024	middle	easy
6376	Regarding the role of green plants in the biosphere, the following statement is incorrect:   	single_answer_choice	They can reduce atmospheric humidity  	They promote the water cycle in the biosphere  	They maintain the carbon-oxygen balance in the atmosphere  	They provide food for other organisms	A	Green plants are the producers of organic matter in the biosphere.###Green plants maintain the carbon-oxygen balance in the biosphere.###Green plants participate in the water cycle of the biosphere.###The Role of Green Plants in the Biosphere (Comprehensive)	nan	2025	middle	easy
680	Xiao Ming especially likes to observe the behavior of animals and writes notes after each observation. Which of the following observation notes is unreasonable?	single_answer_choice	When wasps are attacked, the swarm collectively attacks the intruders, which from an individual perspective is a defensive behavior	When wasps are attacked, the swarm collectively attacks the intruders, which from an individual perspective is a defensive behavior.	When wasps are attacked, the swarm collectively attacks the intruders, which from an individual perspective is a defensive behavio	Crows drop nuts to be crushed by cars before eating them, which is a learned behavior.	D	Innate behavior and learned behavior###Social behavior###Types of Animal Behavior	nan	2024	middle	easy
8518	The common feature of schistosomes and jellyfish is (     )  	single_answer_choice	Both live a parasitic life  	Both have a mouth  	Bodies are dorsoventrally flattened  	Both have an anus	B	Flatworms and Their Relationship with Humans###Cnidarians and Their Relationship with Humans	nan	2022	middle	easy
4774	The following options are not considered animal behavior (　　)	single_answer_choice	Migration of geese	Heartbeat of a dog	Migration of fish	Hibernation of a snake	B	Definition and Significance of Animal Behavior	nan	2024	middle	easy
669	The following items do not belong to excretion (　　):	single_answer_choice	Part of the water and a small amount of inorganic salts and urea are excreted through the skin in the form of sweat.	Carbon dioxide and a small amount of water are excreted as gases through the respiratory system.	Feces are excreted through the anus.	Most of the water, inorganic salts, urea, etc., are excreted in the form of urine through the urinary system.	C	Excretion and its pathways	nan	2024	middle	easy
6996	"In 2024, NPC delegate Ma Zhongming said: ""Seeds are the 'chips' of agriculture. The seed industry is a national strategic and foundational core industry, determining the supply and security of a nation's food. It is key to ensuring national food security and the foundation supporting the sustainable development of modern agriculture."" Which of the following statements about soybean and corn seeds is incorrect? ( )"	single_answer_choice	During germination, soybean and corn seeds require suitable temperatures, a certain amount of water, and adequate air	During germination, soybean and corn seeds require suitable temperatures, a certain amount of water, and adequate air.	During germination, soybean and corn seeds require suitable temperatures, a certain amount of water, and adequate air	The embryo of soybean and corn seeds is composed of four parts: the radicle, hypocotyl, plumule, and cotyledons.	D	The structure of seeds###The process of seed germination###Dicotyledons and monocotyledons	nan	2024	middle	easy
659	The largest ecosystem on Earth (     )	single_answer_choice	Terrestrial ecosystem	Marine ecosystem	Wetland ecosystem	Biosphere	D	Types of ecosystems###Overview of the Biosphere	nan	2024	middle	easy
2353	Every family hopes to have healthy children. The correct statement is (    )	single_answer_choice	Human genetic diseases are all controlled by recessive genes.	Genetic diseases are caused by changes in genetic material.	Offspring from close relative marriages will suffer from various types of genetic diseases.	Genetic counseling cannot effectively reduce the incidence of genetic diseases.	B	Human eugenics and procreation###Genetic disease	"[Answer] A. Some human genetic diseases are controlled by recessive genes, such as albinism; but some genetic diseases are controlled by dominant genes, such as polydactyly in humans; A is incorrect. B. Genetic diseases refer to diseases caused by changes in genetic material or controlled by pathogenic genes, B is correct. C. Since close relatives have a greater likelihood of carrying the same recessive pathogenic genes, marriage between close relatives significantly increases the disease rate in offspring, rather than causing all types of genetic diseases, C is incorrect. D. Genetic counseling refers to the integration of human genome technology and human genetics knowledge to provide patients with genetic counseling, gene diagnosis, genetic disease treatment, and other related medical services. Advocacy of genetic counseling can effectively reduce the incidence of genetic diseases, D is incorrect. Therefore, the answer is: B.

[Analysis] This question tests human genetic diseases, is a basic question with general difficulty, and requires memorization: \\
(1)"	2025	middle	easy
2352	"""Value life, live healthily."" Which of the following statements does not conform to the concept of healthy living?  "	single_answer_choice	Smoking in small amounts can be used to refresh and improve study efficiency.  	During adolescence, one should talk more with parents, teachers, and classmates.  	"Medicines marked with ""OTC"" can be used for self-diagnosis and self-treatment of minor injuries and illnesses.  "	If a victim experiences spurting bleeding, apply a tourniquet towards the heart.	A	Lifestyle disease###Psychological Changes and Hygiene in Adolescence###Safe medication use###Types of Bleeding and Bandaging Methods	nan	2023	middle	easy
2368	The following group does not belong to fruits (　　):	single_answer_choice	Grape, wheat, ginkgo (from ginkgo tree)	Soybean, watermelon seed, ginkgo	Peanut, corn kernel, sunflower seed	Tomato, bean, pepper	B	Organs of the plant body	nan	2024	middle	easy
2362	For the investigated organisms, there are multiple classification methods. Which of the following classifications do you think is correct?  	single_answer_choice	Shrimp, cricket, and watermelon as terrestrial organisms  	Chicken, monkey, and duck as poultry  	Wheat, corn, and barley as crops  	Kelp, crucian carp, and owl as aquatic organisms	C	Classification of organisms	nan	2022	middle	easy
1812	The following statements about green plants are not scientifically accurate ( ):	single_answer_choice	Green plants can release oxygen and maintain the carbon-oxygen balance	Green plants can promote the water cycle	Plants perform photosynthesis during the day and respiration at night	"Green plants are ""energy converters"""	C	Green plants maintain the carbon-oxygen balance in the biosphere.###The essence of respiration###Transpiration and its significance###The Role of Green Plants in the Biosphere (Comprehensive)	nan	2024	middle	easy
4589	The following activities do not belong to excretion:	single_answer_choice	Exhaling carbon dioxide	Sweating	Crying	Urination	C	Excretion and its pathways###Urination and Its Significance	nan	2022	middle	easy
6722	In December 2022, scientists revived ancient viruses, frozen for tens of thousands of years, from samples in the Arctic ice. So far, the viruses revived from the samples have only infected one type of organism, the amoeba. Which of the following statements is correct? (    )	single_answer_choice	The virus does not contain genetic material.	The virus is classified as an animal virus.	The virus uses spores for reproduction.	The virus is in a competitive relationship with the amoeba.	B	Types of viruses###The morphology of the virus###Virus replication method	nan	2024	middle	easy
2050	Cells' lives require matter and energy, and the following statement is incorrect ( ):	single_answer_choice	The substances in cells are divided into two categories: inorganic and organic.	Sugars, proteins, and lipids are organic substances.	All cells can independently produce organic substances.	The life of a cell is a unity of changes in matter, energy, and information.	C	Substances required for cell life###Functions of the Cell Nucleus###Energy needed for cell life	nan	2024	middle	medium
501	The main issues facing our country's vegetation are:	single_answer_choice	Overgrazing has led to the degradation of grasslands in our country.	There is an uneven geographical distribution of forest resources in our country.	Relative to the country's land and population, our country is one of the nations with the least per capita forest area in the world.	All of the above.	D	The main issues facing our country's vegetation	nan	2025	middle	easy
6721	COVID-19 is mainly transmitted through droplets, so wearing masks is recommended when going out during the pandemic. COVID-19 is caused by the novel coronavirus. Which of the following statements about the virus is correct?	single_answer_choice	It can live independently	It is a unicellular organism.  	It can live independently.  	It has no genetic material.  	D	The morphology of the virus###Virus replication method	nan	2023	middle	easy
2653	The following statement does not belong to the role of water in plants (____):	single_answer_choice	Participating in photosynthesis, synthesizing organic matter	Participating in the composition of the plant	Dissolving inorganic salts, allowing them to be absorbed and transported by the plant	Keeping leaves clean, facilitating photosynthesis	D	Pathways for water entry into plants	nan	2023	middle	easy
5121	With the rapid development of science and technology, in vitro fertilization (IVF) technology has been continuously improved and optimized, enabling many infertile patients to achieve their dream of having children. The following statements about IVF technology are correct (    ):	single_answer_choice	The main site for embryo development in IVF is the uteru	The site of fertilization in IVF is the mother's fallopian tube	IVF refers to fertilization in the mother's body, after which the early embryo is extracted and cultivated in a test tube	The main site for embryo development in IVF is the uterus	C	In vitro fertilization technology	nan	2023	middle	medium
4876	The correct description regarding immunity is (　　)	single_answer_choice	A super strong immune system will eliminate pathogens to ensure successful organ transplantation.	An excessively weak function in resisting antigens can cause allergic reactions.	A specific antibody can only bind to a specific antigen.	Phagocyte engulfing of pathogens pertains to specific immunity.	C	The body's three lines of defense###Immunity and its functions###Antigen and antibody###Allergic reaction and immune rejection	nan	2024	middle	hard
5285	Inheritance and variation are phenomena commonly found in nature. Which of the following is an example of inheritance? 	single_answer_choice	A white-haired mother cat gives birth to black kittens. 	Twin sisters also have many differences. 	The mother has dimples, but the children do not. 	Planting melons yields melons, planting beans yields beans.	D	The phenomenon of heredity in organisms###The phenomenon of biological variation	nan	2024	middle	medium
5692	Xiaoguang's mother planted several vegetables in the courtyard. One day, she asked Xiaoguang to fertilize these vegetables. While fertilizing, Xiaoguang thought: after fertilizing, the vegetables would grow vigorously, and the more fertilizer used, the more they would flourish. As a result, he applied more fertilizer to some of the vegetables. However, these vegetables did not grow more vigorously but became wilted, dry, and eventually died. The cause of the vegetables dying is (   )	single_answer_choice	Fertilization damaged the vegetable roots	Vegetables' leaf cells lost water	Vegetable root hair cells lost water	Dry weather	C	The principle of cell water absorption and dehydration###Rational fertilization and proper irrigation	"[Answer] When fertilizer dissolves in water, it increases the concentration of the soil solution. If too much fertilizer is applied, the concentration of the soil solution can become excessively high, potentially even greater than the concentration of cell sap in the vegetable root hair cells. According to the principles of plant cell water absorption and loss, when the soil solution concentration is greater than the concentration of cell sap in root hair cells, the root hair cells will lose water. Since root hair cells are the main site for vegetable water and inorganic salt absorption, once they lose water, the vegetables will wilt, dry up, and eventually die due to insufficient water absorption. Therefore, option C is correct, and options A, B, and D are incorrect.
Thus, the correct choice is C.
[Analysis] The principles of cell water absorption and loss mainly depend on the concentration comparison between the surrounding water solution and the cell sap:
When the surrounding water solution concentration is greater than the cell sap concentration, cells lose water."	others	middle	hard
5722	The incorrect statement about the origin and evolution of life is (　　):	single_answer_choice	Miller pumped gases such as methane, ammonia, hydrogen, oxygen, and water vapor into a sealed apparatus to simulate the primitive atmosphere.	China's artificial synthesis of biologically active crystalline bovine insulin supports the theory of chemical origins in the ocean.	Comparing the differences in the amino acid sequence of cytochrome c in different organisms can determine the phylogenetic relationships between organisms.	The older the strata, the more primitive and simple the fossilized organisms are.	A	Research Methods and Evidence of Biological Evolution###The overall trend of biological evolution###Analysis of Simulated Experiments on Earth's Primitive Conditions	"Answer: A. According to today's geological discoveries and research, the primitive atmosphere did not contain organic matter and the primitive ocean had very little organic matter. Miller's experimental setup synthesized simple organic compounds from components of the early atmosphere such as water vapor, ammonia, hydrogen, methane, and water vapor in a sealed glass container under high temperature, high pressure, and lightning conditions. The early primitive atmosphere did not contain oxygen; the oxygen content in the atmosphere changed after the appearance of life forms. A is incorrect.  
B. The synthesis of biologically active bovine insulin in China was achieved by combining simple amino acids in a solution. This supports the idea that under conditions like those in the primitive ocean, as well as under high temperature and pressure, these simple amino acids could polymerize to form complex protein molecules. B is correct.  
C. Cytochrome c is an amino acid related to genetic control in organisms. The shorter the divergence time between different organisms, the more similar their cytochrome"	2024	middle	hard
6614	"Elder Wang recently went to the hospital for a medical examination. The table below shows the results of some of the tests (""+"" indicates detected, ""-"" indicates not detected or trace amounts). Based on the data in the table, you think Elder Wang has:"	single_answer_choice	Acute inflammation and diabete	Acute inflammation and diabetes 	Hypertension and diabetes 	Acute inflammation and hypertension 	C	Complete Blood Count Test Report###Formation and Excretion of Urine###Blood pressure, pulse	"[Answer] The table shows that red blood cells and platelets are normal, but the white blood cell count is above the reference value, indicating that Mr. Wang has acute inflammation; the urine test in the table is normal; both the systolic and diastolic pressures in the table exceed the reference values, indicating that Mr. Wang has hypertension.  
Therefore, the answer is: C.  
[Analysis] Blood is composed of plasma and blood cells. Blood cells include red blood cells, white blood cells, and platelets.  
Red blood cells are rich in hemoglobin, which binds to oxygen in high-oxygen environments and releases oxygen in low-oxygen environments, indicating that red blood cells have the function of carrying oxygen;  
White blood cells can deform to pass through capillary walls, engulf bacteria, and provide a defense function for the body;  
Platelets can block wounds and contain substances that promote blood clotting, playing a role in stopping bleeding and accelerating coagulation."	2021	middle	hard
