index	question	category	answer	knowledge	analysis	year	grade_level	difficulty_level
3830	"Various animals survive in different environments with their unique survival strategies. The following description of animal adaptation characteristics to their environments is incorrect (　　)
A. The platypus is viviparous and lactates, increasing the survival rate of offspring in complex and variable environments
B. The gill filaments of crucian carp fully spread out in water, facilitating sufficient carbon dioxide intake from the water
C. The red-crowned crane has a long beak, neck, and legs, suitable for living in marshes and along water edges
D. Crocodiles and turtles have keratinized scales or shells on their body surface, adapting to terrestrial life"	multiple_answer_choice	A, B	Characteristics of Mammals and Their Relationship with Humans###Characteristics of Fish and Their Relationship with Humans###The characteristics of reptiles and their relationship with humans###The morphological and structural characteristics of birds adapted for flight	nan	2024	middle	easy
4469	"The correct statement regarding the experiment ""Observing Blood Flow in the Caudal Fin of a Small Fish"" is (   ):
A. Wrap the small fish with dry gauze, leaving only the tail exposed.
B. Observe the blood flow in the caudal fin of the small fish with the naked eye.
C. The caudal fin is chosen as the observation site because it is thin and transparent.
D. If red blood cells are observed passing through the blood vessels in a single row, then these blood vessels are capillaries."	multiple_answer_choice	C, D	Observe the blood flow in the small fish's tail fin.	nan	2022	middle	easy
8260	"The following statements about immunity and healthy living are incorrect: ( )
A. Patients after a bone marrow transplant need long-term medication to boost immune function.
B. Antibodies can directly kill antigens.
C. People who regularly participate in physical exercise are less likely to have adverse drug reactions.
D. People who are addicted to the internet and use it excessively can have weakened immunity."	multiple_answer_choice	A, B, C	Immunity and its functions	"[Answer] A. After a bone marrow transplant, in order to suppress the patient's immune rejection response, efforts should be made to reduce the function of the immune system, rather than long-term medication to enhance immune function. Statement A is incorrect.  
B. Antibodies can help the human body clear or kill pathogens that enter the body. Statement B is incorrect.  
C. Adverse drug reactions are a type of rejection by the body's immune system towards foreign drugs. People who regularly participate in sports may not necessarily avoid adverse drug reactions. Statement C is incorrect.  
D. Adolescents are in a critical stage of growth and development. The most direct harm of internet addiction is damage to their vision. Most teenagers access the internet in internet cafes, where the air is smoky, and the ventilation is poor. Prolonged stays can lead to decreased immunity and the onset of various diseases. Statement D is correct.  
Thus, the answer is: ABC  
[Analysis] This question examines knowledge"	2022	middle	easy
3826	"The following group is not all genetic diseases (     )
A. Congenital deaf-mutism, hand-foot-and-mouth disease, rickets
B. Influenza, hepatitis A, bacterial dysentery
C. Hemophilia, color blindness, congenital intellectual disability
D. Scurvy, beriberi, anemia"	multiple_answer_choice	A, B, D	Genetic disease###Common Infectious Diseases and Their Prevention	nan	2023	middle	easy
8261	"Chifeng Keshiketeng Banner Hot Spring Town is surrounded by mountains with dense forests, where the air is fresh and humid, in stark contrast to neighboring areas. The reason for this humid climate is (    )  
A. Photosynthesis of plants B. Respiration of plants  
C. Transpiration of plants D. Influence of monsoon"	multiple_answer_choice	A, C	Green plants participate in the water cycle of the biosphere.	"Photosynthesis absorbs carbon dioxide and releases oxygen, making the air fresh with high oxygen content. Plants lose water through transpiration, which can increase air humidity and rainfall. Therefore, Chifeng Keshi Hot Spring Town, surrounded by mountains and dense forests, has fresh and moist air, creating a stark contrast with neighboring areas. This is mainly due to the photosynthesis and transpiration of plants. 

Analysis:
(1) Photosynthesis is a process in which green plants use chloroplasts and light energy to convert carbon dioxide and water into energy-storing organic matter while releasing oxygen.
(2) Transpiration refers to the process where water within plants is released into the atmosphere as water vapor through the stomata on leaves."	others	middle	easy
3128	"The plant's vessels can transport (     )  
A. Starch B. Fat C. Water D. Inorganic salts"	multiple_answer_choice	C, D	The duct and its transport of water and inorganic salts###Sieve tubes and their transportation of organic substances	nan	2024	middle	easy
4478	"To protect the environment, which of the following household items would you prioritize when purchasing? (　　)  
A. Electronic greeting cards  
B. Energy-saving fluorescent lights  
C. Disposable chopsticks  
D. Plastic packaging bags"	multiple_answer_choice	A, B	Environmental Pollution and Its Control	"【Answer】 A. Greeting cards require a large amount of wood. Using electronic greeting cards helps conserve wood and thus protect forests, so A is correct; B. Energy-saving fluorescent lamps help save energy and protect the environment, so B is correct; C. Using disposable chopsticks wastes a large amount of wood, leading to significant reduction of forests, so C is incorrect; D. Plastic packaging bags cause white pollution, which is not conducive to environmental protection, so D is incorrect; Therefore, choose: AB.

【Analysis】 The ecological environment refers to the total quantity and quality of water resources, land resources, biological resources, and climate resources affecting human survival and development. It is a complex ecological system related to the sustainable development of society and the economy. The problems caused by the destruction and pollution of the natural environment in the course of human use and transformation of nature should draw people's attention."	others	middle	easy
8270	"The group of animals whose development process belongs to complete metamorphosis is (    )
A. Grasshopper, Cricket B. Frog, Cabbage White Butterfly
C. Silkworm, Bee D. Mosquito, Fly"	multiple_answer_choice	C, D	Reproduction and Development of Insects###Reproduction and Development of Amphibians	nan	2024	middle	easy
6256	"""Low-carbon living"" refers to minimizing energy consumption in daily life to reduce carbon dioxide emissions and protect the environment in which humans live. The following are considered low-carbon lifestyles:  
A. Using public transportation  
B. Burning crop stalks in fields  
C. Using air conditioning less  
D. Using disposable chopsticks"	multiple_answer_choice	A, C	The impact of human activities on the ecological environment	nan	2023	middle	easy
6262	"Referred to as ""living fossil,"" it is a native Chinese animal: A. Giant Panda B. Chinese Alligator C. Brown Eared Pheasant D. Baiji Dolphin"	multiple_answer_choice	A, B, D	Rare animals of our country	"Answer:
A, The giant panda is a native animal of China, recognized globally as a natural heritage and a living fossil. It falls under the category of native animals, so A fits the criteria.

B, The Chinese alligator is both ancient and currently very rare, a reptile on the brink of extinction in the world. Many characteristics of early dinosaur-like reptiles can still be found in the Chinese alligator, which is why people refer to it as a ""living fossil"" from the Mesozoic era, so B fits the criteria.

C, The brown-eared pheasant is a native animal of China but not a living fossil, so C does not fit the criteria.

D, The baiji dolphin exhibits ancient traits dating back over 20 million years. Modern organisms retaining ancient traits are called living fossils, and the baiji is such a living fossil. It is a native animal of China, thus D fits the criteria.

Therefore, the answers are: A, B, D"	others	middle	easy
8266	"In the following descriptions, the features corresponding to the stability and flexibility of joints are (　　)
① Ligaments on the inside and outside of the joint capsule ② Tough joint capsule encases the entire joint ③ A small amount of synovial fluid in the joint cavity ④ Smooth articular cartilage on the joint surface
A. ①② B. ③④ C. ①②③ D. ①②③④"	multiple_answer_choice	A, B	Structure and Function of Joints	nan	2024	middle	easy
3846	"Concerning the correct description of seed germination is ( )
A. In agricultural production, only seeds with a germination rate above 98% can be sown.
B. Seeds can germinate with sufficient sunlight and the right temperature.
C. Seed germination requires an intact and viable embryo.
D. The external conditions for seed germination include: a certain amount of water, sufficient air, and suitable temperature."	multiple_answer_choice	C, D	Exploring the Conditions for Seed Germination	nan	2024	middle	easy
1949	"Scientific inquiry is an important method for studying and learning biology. Regarding the analysis of the experiment ""Exploring the Effect of Tobacco Extract on Increasing Goldfish Breathing Rate,"" the correct statements are:

A. The variable in the experimental exploration is the concentration of tobacco extract.
B. The experiment can be conducted once; there is no need to repeat it.
C. The control in the experiment is the group with a beaker containing clean water.
D. The experimental conclusion is that the tobacco extract can increase the breathing frequency of goldfish."	multiple_answer_choice	A,C	The harm of smoking to the human body	"**Answer**: A. A controlled experiment refers to an experiment conducted to study the effect of a particular condition on the research object, where all conditions except for this one are the same. The condition that varies is the experimental variable. The design principle of a controlled experiment is that there can only be one variable in a group of controlled experiments, and it must be the condition being studied, with other conditions being identical. In the investigation of the effect of tobacco extract on the breathing rate of goldfish, the experimental variable is the concentration of the tobacco extract. Therefore, apart from the concentration of the tobacco extract, other conditions in the experimental and control groups should be the same and appropriate.

B. In experiments, to eliminate errors caused by random factors, it is often necessary to set up duplicate groups and calculate their average.

C. A controlled experiment refers to an experiment conducted to study the effect of a particular condition on the research object, where all conditions except for this one are the same. This"	others	middle	medium
1394	"The following are considered modern apes:
A. Gorilla B. Gibbon C. Golden Monkey D. Giant Panda"	multiple_answer_choice	A, B	The common ancestor of modern apes and humans###The kinship between humans and other animals	nan	2023	middle	easy
3141	"What is the movement of the intercostal muscles and diaphragm when the human body inhales?
A. Intercostal muscles relax B. Intercostal muscles contract C. Diaphragm rises D. Diaphragm descends"	multiple_answer_choice	B, D	Gas exchange between the lungs and the external environment###Experiment simulating diaphragm movement	nan	2023	middle	easy
1939	"In the experimental and exploratory activities in the table below, the related operation or precautions correspond incorrectly with the intended purpose in which of the following options?  
A. A B. B C. C D. D"	multiple_answer_choice	B, D	Observe the blood flow in the small fish's tail fin.###Experiment on the Substrates and Products of Respiration###Observing Paramecium and Investigating Its Taxis###Investigation of the Effects of Alcohol or Tobacco Extracts on the Heart Rate of Daphnia	nan	2023	middle	medium
