index	question	category	A	B	C	D	answer	knowledge	analysis	year	grade_level	difficulty_level
3663	The correct description of the experimental phenomena is:	single_answer_choice	When red phosphorus burns in air, a large amount of white smoke is produced	When red phosphorus burns in air, a large amount of white smoke is produced.  	When a magnesium ribbon burns in air, it emits a dazzling white light, producing white solid magnesium oxide.  	When an iron wire is ignited in oxygen, it burns vigorously, emitting sparks and heat, forming a black solid.  	C	The reaction phenomena of oxygen with substances such as carbon, phosphorus, sulfur, and iron.###Characteristics and Identification of Physical Changes and Chemical Changes	nan	2024	middle	easy
4013	The Yunnan Provincial Fire and Rescue Corps has taken multiple measures to ensure fire safety for COP15. The following statements are incorrect:	single_answer_choice	The principle of using a high-pressure water gun to extinguish a fire is to lower the ignition point of combustible materials	Installing an electrical fire monitoring system can effectively prevent electrical fire accidents.	The dry powder fire extinguishers equipped in the venue can be used to extinguish general fires.	The principle of using a high-pressure water gun to extinguish a fire is to lower the ignition point of combustible materials.	C	Principles and Methods of Fire Extinguishing###Several Common Types of Fire Extinguishers	nan	2023	middle	easy
5555	Logical reasoning is a commonly used method of thinking in the process of learning chemistry. The following reasoning is correct:  	single_answer_choice	An element in its pure form contains only one type of element, so a pure substance containing only one type of element must be an element in its pure form.  	A neutralization reaction produces salt and water, so a reaction that produces salt and water must be a neutralization reaction.  	Metals conduct electricity, so a substance that conducts electricity must be a metal.  	A solution is a homogeneous and stable mixture, so a homogeneous and stable substance must be a solution.	A	Composition and Characteristics of the Solution###Neutralization Reaction and Its Applications###Elements and compounds	nan	2024	middle	easy
5945	Among the following substances, which is a mixture:	single_answer_choice	Coexistence of ice and water  	Diphosphorus pentoxide  	Clean air  	Liquid oxygen	C	Pure substances and mixtures	nan	2023	middle	easy
3592	The following statements about solutions are correct:	single_answer_choice	In iodine tincture, iodine is the solvent, and alcohol is the solute.	Heating a saturated solution will definitely turn it into an unsaturated solution.	Only solids and liquids can be used as solutes.	At a certain temperature, the concentration of a saturated solution of the same solute is always higher than that of its unsaturated solution.	D	Composition and Characteristics of the Solution###Methods for the conversion between saturated and unsaturated solutions###The relationship between concentrated solutions, dilute solutions, saturated solutions, and unsaturated solutions.	"Answer:
A. In tincture of iodine, iodine is the solute and alcohol is the solvent, so this is incorrect.
B. When the temperature rises, most substances' saturated solutions become unsaturated, but for slaked lime, its solubility decreases with rising temperature, so it should still remain a saturated solution, thus incorrect.
C. Solutes can be solids, like sodium chloride dissolved in water where the solute is solid sodium chloride; solutes can be liquids, like an aqueous solution of alcohol where alcohol is the liquid solute; solutes can be gases, like carbonated water where the solute is carbon dioxide gas. Thus solids, liquids, and gases can all be solutes, making this incorrect.
D. For the same substance, at the same temperature, the concentration of its saturated solution is definitely greater than that of an unsaturated solution, making this correct.

Therefore, the answer is: D.

Analysis:
A. Analyzed based on iodine being the"	2024	middle	easy
6001	The core literacy of chemistry subject demonstrates the significant value of the chemistry curriculum for student development. The following statements are examples of incorrect expressions:	single_answer_choice	Chemical concept: The essence of a chemical reaction is the recombination of atoms.	Scientific thinking: CO\textsubscript{2} can extinguish a burning wooden stick, so any gas that can extinguish a burning wooden stick must be CO\textsubscript{2}.	Scientific inquiry and practice: Quickly place a matchstick horizontally into a flame for 1-2 seconds, then remove it to explore which layer of the flame has the highest temperature.	Scientific attitude and responsibility: Protecting water resources means both saving water and preventing water pollution.	B	Common Laboratory Instruments and Their Uses###Protect water resources###Differences and Connections Between Molecules and Atoms###The chemical properties of carbon dioxide	nan	2022	middle	easy
2369	Among the following reactions, the one that is a displacement reaction is:	single_answer_choice	\(CO + CuO \xrightarrow{\Delta} Cu + CO_{2}\) 	\(CH_{4}+2O_{2} \xrightarrow{\text{ignite}} CO_{2}+2H_{2}O\)	\({SO}_{2} + {2NaOH} = Na_{2}SO_{3} + H_{2}O\)	\(Zn + {CuSO}_{4} = ZnSO_{4} + Cu\)	D	Displacement reaction and its applications	nan	2022	middle	easy
5550	The following statements about the classification of substances are correct:	single_answer_choice	Magnesium oxide, carbon dioxide, and copper chloride are all oxides.	Ice-water mixture, air, and limestone are all mixtures.	Manganese dioxide, potassium chlorate, and dilute hydrochloric acid are all pure substances.	White phosphorus, red phosphorus, oxygen, and ozone are all elements.	D	Elements and compounds###Pure substances and mixtures###Identify oxides based on composition.	nan	2024	middle	easy
1277	The following statements about air and air components are incorrect:	single_answer_choice	Oxygen is obtained industrially by separating liquid air.	Air composition by volume consists of approximately 78% nitrogen.	The main pollutant gases currently included in air quality assessments are SO\textsubscript{2}, CO\textsubscript{2}, NO\textsubscript{2}, O\textsubscript{3}, etc.	The oxygen in the air mainly comes from photosynthesis by plants.	C	Composition of Air###Air Pollution and Prevention###Industrial production of oxygen	nan	2022	middle	easy
1014	The method that can distinguish among three bottles of colorless gases: air, oxygen, and carbon dioxide is:	single_answer_choice	Use a beaker dipped in clear limewater	Smell the odor of the gas	Insert a glowing splint into each of the three bottles	Insert a burning splint into each of the three bottles	D	Physical properties of oxygen###Oxygen inspection and verification.###The chemical properties of carbon dioxide###Inspection and Completion of Carbon Dioxide	nan	2024	middle	easy
3491	The correct statements about the reaction \(2CO + O_{2}\begin{array}{r} \underline{\underline{ignited}} \\ \end{array}2{CO}_{2}\) are:	single_answer_choice	The number of types of atoms decreases after the reaction	The condition for this reaction to occur is ignition	The mass ratio of carbon monoxide to oxygen participating in the reaction is 2:1	The ratio of the number of molecules of oxygen to carbon dioxide produced is 7:11	B	The concept, reading, and meaning of chemical equations###Based on the calculations of the chemical equation###The essence of chemical reactions	nan	2024	middle	easy
2449	The description of the following experimental phenomena is incorrect:	single_answer_choice	Electrolysis of water: The volume ratio of the two gases collected at the anode and cathode is 1:2	Sulfur burning in oxygen: Pale yellow solid burns, releasing heat and emitting a bright blue-purple flame	Magnesium strip burning in air: Emits dazzling white light, forming a white solid	Sodium hydroxide dissolves in water, absorbing heat and releasing heat	D	The reaction phenomena of oxygen with substances such as carbon, phosphorus, sulfur, and iron.###Electrolysis of water experiment###Endothermic or exothermic phenomena during dissolution	nan	2023	middle	easy
3831	Distinguishing substances, removing impurities, and preparing gases can be done in various ways. The following experimental methods are reasonable and feasible:	single_answer_choice	Using clear lime water to distinguish between \(CO_{2}\) and CO	Using the ignition method to remove a small amount of \(H_{2}\) from \(CH_{4}\).	Using clear lime water to distinguish between \(CO_{2}\) and CO.	Using a burning wooden splint to identify \(N_{2}\) and \(CO_{2}\).	B	Composition of Air###Electrolysis of water experiment###Inspection and Completion of Carbon Dioxide###Properties and uses of common organic compounds such as methane and ethanol.	nan	2023	middle	easy
3512	"""Macro identification and micro-analysis"" is one of the core competencies in the subject of chemistry. The following explanation is incorrect:"	single_answer_choice	The smell of balsamic vinegar can be detected from a distance because the particles of the vinegar have moved into the air	The smell of balsamic vinegar can be detected from a distance because the particles of the vinegar have moved into the air.	The smell of balsamic vinegar can be detected from a distance because the particles of the vinegar have moved into the ai	When sucrose is put into water and disappears, it means that sucrose has dispersed into the water as particles invisible to the naked eye.	D	Definition of Molecules and Characteristics of Molecules	nan	2024	middle	easy
5138	The following statements about metals and metallic materials are incorrect (   ):	single_answer_choice	Alloys have greater hardness than the pure metals they are composed of.	Iron has good thermal conductivity and is commonly used to make cookware.	Recycling mercury from used batteries can reduce environmental pollution.	Copper has inactive chemical properties and will not rust in humid air.	D	Alloys and Their Properties###Conditions for Metal Corrosion and Its Prevention###Rational use of metal resources	nan	2023	middle	easy
4643	The following experimental operations or phenomenon descriptions are correct:	single_answer_choice	After collecting O\textsubscript{2} by water displacement, first remove the alcohol lamp, then move the tube	Sulfur burns in the air producing a blue-purple flame	Charcoal burns in the air to produce carbon dioxide	When a reagent bottle containing concentrated hydrochloric acid is opened, white mist appears at the mouth of the bottle	D	The reaction phenomena of oxygen with substances such as carbon, phosphorus, sulfur, and iron.###Changes in quality or properties of common acids, bases, and salts in the air and storage methods###Characteristics and Identification of Physical Changes and Chemical Changes	nan	2024	middle	easy
340	The following experimental operation is described correctly:	single_answer_choice	When diluting concentrated sulfuric acid, slowly add water to the beaker containing concentrated sulfuric acid, stirring with a glass rod while adding.  	Measure 9.75mL of sulfuric acid solution using a 10mL graduated cylinder.  	When smelling a gas, gently wave your hand at the bottle mouth to allow a small amount of gas to waft into your nose.  	If a mercury thermometer accidentally breaks, immediately rinse with a large amount of water.	C	Common Laboratory Instruments and Their Uses###Common Methods for Handling Accidents###Dilute concentrated sulfuric acid	nan	2022	middle	easy
349	A mismatch between the use and properties of a substance is	single_answer_choice	Hydrogen used as fuel ------ flammability	Noble gas used as protective gas ------ conducts electricity and emits light	Activated carbon for odor removal ------ adsorption	Helium for weather balloons ------ low density and stability	B	Composition of Air###Properties and Uses of Carbon Allotropes###Chemical properties of hydrogen and combustion experiment	nan	2023	middle	easy
5943	The normal pH range of some fluids in the human body is as follows. Which of the following statements is incorrect? 	single_answer_choice	Gastric juice is less acidic than saliva	Bile and pancreatic juice are alkaline.	Gastric juice is less acidic than saliva.	Pancreatic juice is more alkaline than bile.	B	Neutralization Reaction and Its Applications###The relationship between the acidity/alkalinity of a solution and its pH value.	nan	2022	middle	easy
4479	The following sets of substances are arranged in the order of element, mixture, and organic compound:  	single_answer_choice	Dry ice, air, ethanol  	Oxygen, ice water, glucose  	Diamond, pig iron, methane  	Water, saline solution, ammonium bicarbonate	C	Characteristics, Classification, and Properties of Polymers of Organic Compounds###Elements and compounds###Pure substances and mixtures	nan	2023	middle	easy
6004	The reaction that does not belong to a chemical combination reaction but belongs to an oxidation reaction is	single_answer_choice	Burning of a candle in ai	Burning of red phosphorus in air  	Burning of a candle in air  	Decomposition of carbonic acid into carbon dioxide and water  	B	Oxidation Reactions and Their Applications###Decomposition Reaction and Its Applications###Combination Reactions and Their Applications###Laboratory preparation of carbon dioxide	nan	2023	middle	easy
2454	The following statements are correct:	single_answer_choice	When heating liquid in a test tube, the liquid quantity should not exceed 2/3 of the tube's volume to prevent the tube from cracking.	The noble gases in the air have very stable chemical properties, thus they are often used to create various electrical light sources.	Sulfur dioxide, carbon dioxide, nitrogen oxides, ozone, etc., in the air are considered air pollutants.	Nitrogen separated from the air has inert chemical properties, allowing it to be used as a protective atmosphere for food.	D	Common Laboratory Instruments and Their Uses###Air Pollution and Prevention###Uses of Nitrogen and Rare Gases	"**Answer:**

A. When heating a liquid, it should not exceed one-third of the test tube's volume to prevent splashing, so this is incorrect;

B. Rare gases can emit different colors of light when electrified and can be used as light sources, so this is incorrect;

C. Sulfur dioxide, nitrogen compounds, ozone, etc., are all air pollutants, but carbon dioxide is not, so this is incorrect;

D. Nitrogen is chemically stable and can be used as a protective gas, so this is correct.

Therefore, the answer is: D.

**Analysis:**

A. The analysis is based on the principle that when heating a liquid, it should not exceed one-third of the test tube's volume.

B. The analysis is based on the fact that rare gases can emit different colors of light when electrified.

C. Air pollutants mainly include harmful gases and inhalable particles. Harmful gases primarily include carbon monoxide, nitrogen dioxide, sulfur dioxide, and ozone"	2024	middle	easy
1825	Nitrogen fertilizers, phosphate fertilizers, and potash fertilizers are the main fertilizers in agricultural production. The following methods for distinguishing fertilizers are feasible:	single_answer_choice	NH\textsubscript{4}Cl and KCl: Observe appearanc	NH\textsubscript{4}Cl and KCl: Observe appearance  	NH\textsubscript{4}HCO\textsubscript{3} and KCl: Add water  	NH\textsubscript{4}Cl and KCl: Grind with slaked lime and smell the odor  	C	Simple Identification of Fertilizers	nan	2023	middle	easy
3488	"March 22 is ""World Water Day."" The correct understanding regarding water is:"	single_answer_choice	Seawater can be desalinated by filtration.	A chemical change occurs in the process of dosing and disinfecting at a water treatment plant.	Alum can remove all impurities from water.	Water is composed of hydrogen and oxygen.	B	Electrolysis of water experiment###Purification of water###Characteristics and Identification of Physical Changes and Chemical Changes###Resources in the ocean	【Answer】 A. Filtration can only remove insoluble impurities, not soluble impurities, so A does not meet the requirements; B. The process of adding chemicals for disinfection in the water treatment plant involves the denaturation of proteins, resulting in new substances, which is a chemical change, so B meets the requirements; C. The gelatinous substance formed by dissolving alum in water has adsorptive properties and can adsorb suspended impurities in the water, accelerating their sedimentation, so C does not meet the requirements; D. Water is composed of hydrogen and oxygen elements, so D does not meet the requirements; Therefore, the answer is B. \\ 【Analysis】 A. Analyze and answer based on the methods of softening hard water; \\ B. Analyze and answer based on the concept that the generation of new substances is a chemical change, while no new substances refer to physical changes; \\ C. Analyze and answer based on the function of alum; \\ D. Analyze and answer	2024	middle	easy
4134	The following can be separated by dissolving, filtering, and evaporating:	single_answer_choice	Marble and iron powder	Vegetable oil and water	Salt and sand	Salt and sugar	C	Principle, Methods, and Applications of Filtration###Evaporation and Distillation Operations	nan	2024	middle	easy
3591	The properties of a substance determine its uses. Which of the following is a mismatched pair of a substance's properties and uses?	single_answer_choice	Carbon monoxide is flammable - used as fuel	Sodium hydroxide solution is alkaline - used to improve acidic soil	Graphite is conductive - used as battery electrodes	Detergent has emulsifying action - used to remove oil stains	B	Emulsification Phenomenon and Emulsification Action###Common characteristics and uses of alkalis###Properties and Uses of Carbon Allotropes	nan	2024	middle	easy
1197	The unreasonable methods of storing and using medicines below are (      )	single_answer_choice	Storing table salt in a wide-mouth bottle	Storing hydrochloric acid in a narrow-mouth bottle	Using a dropper to take a small amount of potassium nitrate solution	Using tweezers to take sodium carbonate powder	D	Storage of medicine	"Answer: A. Salt is a solid pharmaceutical, stored in a wide-mouth bottle, thus reasonable and not applicable to the context;
B. Hydrochloric acid is a liquid pharmaceutical, stored in a narrow-mouth bottle, thus reasonable and not applicable to the context;
C. Adding a small amount of liquid with a dropper is reasonable and not applicable to the context;
D. Sodium carbonate powder should be taken with a spatula, thus unreasonable and applicable to the context;
Therefore, the answer is: D.
Analysis: Based on the methods of pharmaceutical storage and operational considerations."	2022	middle	medium
5554	Studying chemistry helps us better understand life and the world. The correct statements are:	single_answer_choice	Pure natural juice does not contain any chemicals	Pure natural juice does not contain any chemicals.	"A ""elixir of life"" can be synthesized by chemical methods."	Chemistry can create new substances that do not exist in nature.	C	Fields and Applications of Chemistry Research	"Answer: A. Matter is composed of elements, and any substance can be called a chemical. The water and vitamins in juice are both chemicals, so this is incorrect. B. Chemical methods cannot synthesize an ""elixir of immortality,"" so this is incorrect. C. Chemistry can create new substances that do not exist in nature, such as plastics, so this is correct. D. The mechanical motion of objects falls under the study of physics, so this is incorrect. Therefore, the answer is: C.

Analysis: Chemistry is the science that studies atoms, molecules, and their structures, examines the chemical properties and changes of substances, and uses this knowledge to produce various new substances."	2024	middle	easy
4023	"""China's high-speed rail is the best in the world."" The body of the high-speed train is made of nickel-containing stainless steel. In industry, one of the principles of pyrometallurgical nickel smelting is \(C + 2NiO\begin{array}{r}"	single_answer_choice	Pyrometallurgical nickel smelting does not have an impact on the environment	The following statements are incorrect:	The hardness of nickel-containing stainless steel is greater than that of pure iron.	Pyrometallurgical nickel smelting does not have an impact on the environment.	B	Alloys and Their Properties###Law of Conservation of Mass and its Applications###Redox reaction	nan	2023	middle	easy
3041	Identification and impurity removal are important experimental skills. The following design can achieve the experimental purpose:	single_answer_choice	To identify urea and ammonium nitrate: Take samples, add slaked lime, grind, and smell the odor	To identify acetic acid and dilute hydrochloric acid: Take samples and respectively add colorless phenolphthalein solution, observe the phenomenon.	To identify urea and ammonium nitrate: Take samples, add slaked lime, grind, and smell the odor.	To remove a small amount of CO from \({CO}_{2}\): Pass the gas into a sodium hydroxide solution.	B	Chemical properties of metals###Properties and Applications of Acid-Base Indicators###Chemical properties of alkalis###Inspection of ammonium nitrogen fertilizer	nan	2024	middle	easy
5996	The main use of the following substances is based on their chemical properties:	single_answer_choice	Dry ice for artificial rainfall  	Hydrogen used as rocket fuel  	Graphite rods as electrodes in dry cells  	Copper wire used as conductors	B	Properties and Uses of Carbon Allotropes###Uses of Carbon Dioxide###Uses of Hydrogen and the Advantages and Disadvantages of Hydrogen Energy	nan	2024	middle	easy
5758	"At an ultralow temperature of -157 ℃, water can form a honey-like viscous liquid state, known as ""high-density liquid water""; but under certain conditions, water can instantly freeze into ice, commonly referred to as ""hot ice."" Which of the following statements about ""high-density liquid water"" and ""hot ice"" is correct? "	single_answer_choice	Both indicate that the chemical properties of water are related to temperature. 	A mixture of the two forms a new type of mixture. 	"In the ""hot ice"" state, the molecules temporarily stop moving. "	Both have the same chemical properties as regular water.	D	Composition of water###Differences and Connections Between Molecules and Atoms###Definition of Molecules and Characteristics of Molecules###Pure substances and mixtures	nan	2022	middle	easy
