index	question	category	answer	knowledge	analysis	year	grade_level	difficulty_level
3685	"Pure metallic manganese is a grayish-white, hard, brittle, and glossy metal, slightly softer than iron, with similar chemical properties to iron.

(1) Based on the general principles of metal chemical properties, the following predictions are reasonable (fill in the corresponding letter): A. Manganese can react with dilute hydrochloric acid, releasing hydrogen gas. B. It can oxidize in the air. C. Manganese can react with sodium hydroxide. D. Manganese sulfate (with manganese in +2 valence) can react with magnesium. The correct predictions are ( ), ( ), ( ).

(2) It is known that manganese sulfate (with manganese in +2 valence) is commonly used as a trace analysis reagent, mordant, and paint drier, and it is soluble in water. Design three methods for preparing manganese sulfate (the manganese-containing raw materials should belong to different categories). Complete the table:

| Method | Expected Chemical Equation |
|--------|-----------------------------|
| ①      | ( ) |
| ②      | ( ) |
| ③      | ( ) |"	fill_in_the_blank	A; B; D; Mn + H₂SO₄ → MnSO₄ + H₂↑; MnO + H₂SO₄ → MnSO₄ + H₂O; H₂SO₄ + Mn(OH)₂ → MnSO₄ + 2H₂O	Metal activity series and its applications###Writing and balancing chemical equations	nan	2022	middle	easy
3634	"Answer the following questions using chemical terminology:
(1) The most abundant element in the Earth's crust is ( ).  
(2) The gas with the largest volume fraction in the air is ( )."	fill_in_the_blank	Oxygen; Nitrogen	Composition of Air###Symbols of Elements and Their Meanings###Writing and Meaning of Chemical Formulas###The distribution and content of elements in the Earth's crust	nan	2024	middle	easy
4468	"In 2015, Tu Youyou won the Nobel Prize for her research on artemisinin.  
(1) The chemical formula of artemisinin is \(C_{15}H_{22}O_{5}\), and the smallest particle that retains the chemical properties of artemisinin is ( ) (fill in the symbol).  
(2) ""Qinghao"" is also rich in cellulose with the chemical formula \(\left( C_{6}H_{10}O_{5} \right)_{n}\), and the mass ratio of carbon to hydrogen elements is ( ).  
(3) According to the Chinese Pharmacopoeia, ""Qinghao"" can ""clear heat, relieve summer-heat, and treat malaria..."" Based on this record, it is known that ""Qinghao"" mainly treats the condition of ( )."	fill_in_the_blank	molecule; 36:5; malaria	Differences and Connections Between Molecules and Atoms###Writing and Meaning of Chemical Formulas###Figures and Contributions in Chemistry###Related calculations of chemical formulas	nan	2024	middle	easy
1992	"Chemistry is a discipline based on experiments. Please answer the following questions:  
(1) A spatula is generally used for taking powdered solid reagents. If pH paper is first moistened with distilled water before measuring the pH of clear lime water, the measured result will be ( ) (""larger,"" ""smaller,"" or ""unchanged"").  
(2) When pouring from a narrow-necked bottle, the labeled side should face the palm. The purpose is ( ).  
(3) When preparing 50g of a sodium chloride solution with a solute mass fraction of 6% using solid sodium chloride and water, if the water measurement is read from above, the solute mass fraction of the resulting solution will be ( ) (""larger,"" ""smaller,"" or ""unchanged"")."	fill_in_the_blank	(1) unchanged; (2) to prevent the solution from flowing down and corroding the label; (3) smaller	The dispensing of medication###The relationship between the acidity/alkalinity of a solution and its pH value.###Preparation of a solution with a specific solute mass fraction	nan	2024	middle	easy
2000	"Chemistry is all around us and closely related to our lives. Please answer the following questions.

(1) In ""low-carbon life,"" the ""carbon"" refers to ( ) (fill in the chemical formula). To practice ""low-carbon life,"" one of your actions can be ( ) (give an example).

(2) Using hard water can cause many inconveniences in life and production. We can use ( ) to test hard and soft water."	fill_in_the_blank	CO2; riding a bicycle to school/work; soapy water	Hard water and soft water###The impact of carbon dioxide on the environment###Carbon neutrality, carbon peak	"Solution:

(1) Excessive carbon dioxide emissions cause global warming and the greenhouse effect, so we should advocate reducing carbon dioxide emissions. The ""carbon"" in a low-carbon lifestyle refers to \({CO}_{2}\). In a low-carbon lifestyle, students can ride bicycles to and from school.

(2) In soft water, soapy water can produce a large amount of foam, while in hard water, it produces less foam and more scum. We can use soapy water to test for hard and soft water.

Analysis:

To solve this problem, one must understand the impact of carbon dioxide on the environment and the methods for distinguishing between hard and soft water."	2024	middle	easy
5497	Chemistry is closely related to production and life. When a cooking pot catches fire, covering it with a lid extinguishes the fire; the principle of this firefighting method is \ul{    }. Potassium ferrate \(\left( K_{2}{FeO}_{4} \right)\) is a new type of water purification agent, and the oxidation state of \(Fe\) in it is \ul{    }. The chemical equation for the reaction of solid potassium ferrate with water is \({4K}_{2}{FeO}_{4}{+ 10H}_{2}{O = 4X + 8KOH + 3O}_{2} \uparrow\), where X is \ul{    }.	fill_in_the_blank	Isolate air; +6; Fe(OH)\textsubscript{3}	Writing and Meaning of Chemical Formulas###Calculation of element valence###Law of Conservation of Mass and its Applications###Principles and Methods of Fire Extinguishing	nan	2024	middle	easy
1982	Studying chemistry can help you become smarter and prevent you from falling into many misconceptions in life and learning, such as: Mercury is not silver; it is metallic mercury and is highly toxic. Pencil leads contain no lead; they are mainly graphite and clay. What other such knowledge have you learned? Try to give examples: ( ).	fill_in_the_blank	Dry ice is not ice; it's solid carbon dioxide. Soda ash is not an alkali; it's sodium carbonate, which is classified as a salt.	Summary of Basic Knowledge Points	"Dry ice is not ice, it is solid carbon dioxide; \\
Soda ash is not an alkali, it is sodium carbonate, which belongs to salts. \\
Based on the analysis of the composition of dry ice and soda ash."	2024	middle	easy
4476	"Choose the appropriate substance from the options below (choose by number):
A. Nitrogen B. Diamond C. Oxygen D. Salt E. Hydrogen F. Activated Carbon G. Graphite H. Dry Ice
(1) Commonly used as grain protective gas is \ul{　 　}.
(2) Commonly used for cutting glass is \ul{　 　}.
(3) Can be used for artificial rainmaking is \ul{　 　}.
(4) Commonly used as a rocket oxidizer is \ul{　 　}.
(5) The most ideal green energy is \ul{　 　}.
(6) Commonly used as a battery electrode is \ul{　 　}."	fill_in_the_blank	"(1) A  
(2) B  
(3) H  
(4) C  
(5) E  
(6) G"	Uses of Oxygen###Uses of Nitrogen and Rare Gases###Properties and Uses of Carbon Allotropes###Uses of Carbon Dioxide	"Explanation:

(1) Nitrogen gas is chemically stable and does not easily participate in reactions; it is commonly used as a protective gas for grains. Therefore, the answer is: A.

(2) Diamond is the hardest natural substance and is commonly used for cutting glass. Therefore, the answer is: B.

(3) Dry ice is used for artificial rainmaking as it sublimates and absorbs heat, lowering the temperature, which condenses water vapor. Therefore, the answer is: H.

(4) Oxygen supports combustion and is commonly used as a rocket fuel oxidizer. Therefore, the answer is: C.

(5) Hydrogen burns to produce water with no pollution, making it the ideal green energy source. Therefore, the answer is: E.

(6) Graphite has good conductivity and is commonly used as a battery electrode. Therefore, the answer is: G.

Analysis: Answer based on the properties and uses of each substance."	2023	middle	easy
6164	"Use the knowledge learned to fill in the blanks:
(1) Like glue like lacquer: Glue contains elements such as carbon, hydrogen, and calcium. Write the cation symbol formed by the metal element ( ).
(2) Micro-analysis of mercury expansion when heated in a thermometer: ( ).
(3) The Chinese scientist who made outstanding contributions to the determination of relative atomic mass is ( ).
(4) Sodium chloride is composed of ( ) (fill in the symbol).
(5) The main determinant of the chemical properties of an element's atom is ( )."	fill_in_the_blank	Ca\textsuperscript{2+}; As the temperature rises, the spacing between mercury atoms increases.; Zhang Qinglian; Na\textsuperscript{+}, Cl\textsuperscript{-}; Number of outermost electrons	Definition of Molecules and Characteristics of Molecules###Symbols of Elements and Their Meanings###Elemental composition of matter	nan	2023	middle	easy
355	"The ancient Chinese discovered colors from the myriad elements of nature and the four seasons, giving elegant and melodious names to colors like ""peach blossom pink,"" ""creamy white,"" ""yellowish-green leaf,"" and ""agarwood,"" which also contain elements of chemistry.

(1) Peach Blossom Pink: ""The peach tree is young, its blossoms are brilliant."" Peach blossom pink is blended with cinnabar, which is mercuric sulfide (chemical formula HgS) made by heating sulfur and mercury. The valency of the sulfur element in mercuric sulfide is ( ).

(2) Creamy White: Creamy white is like jade, pure and elegant. The ceramics from the Dehua Kiln during the Song Dynasty were of pure creamy white. Ceramics belong to ( ) materials. (Fill in ""inorganic non-metallic"" or ""organic polymer"")."	fill_in_the_blank	-2; inorganic non-metallic	Minerals and trace elements###Calculation of element valence###Chemical properties of carbon	nan	2024	middle	easy
6050	"Among molecules, atoms, protons, neutrons, and electrons, identify the particles that meet the following conditions and fill in the corresponding blanks.

(1) The particle that can directly form a pure substance is ( )
(2) The particle that can maintain the chemical properties of a substance is ( )
(3) The smallest particle in a chemical change is ( )
(4) The particle with a positive charge is ( )
(5) The particle with a negative charge is ( )
(6) The particle with no electric charge is ( )
(7) The particle that determines the atomic mass is ( )
(8) The particles that are equal in number in the same atom are ( )."	fill_in_the_blank	molecule; atom; molecule; proton; electron; neutron; proton and neutron; protons and electrons	Definition and Composition of an Atom###Calculation of relevant quantities of atoms	nan	2022	middle	easy
6166	"General Secretary Xi Jinping pointed out: ""The outstanding traditional Chinese culture is the crystallization of wisdom and the essence of Chinese civilization, and it is the root and soul of the Chinese nation.""

(1) Chinese Solar Terms: At the summer solstice, the mountains are red with waxberries; during Minor Heat, waxberries start to get worms. Waxberries are rich in calcium, phosphorus, and iron; here ""calcium, phosphorus, and iron"" refers to ( ) and the one that can prevent anemia is ( ).

(2) Chinese New Year Flavor: During the New Year, couplets are pasted, and couplets written with ink can be preserved for a long time without changing color because of ( ). New Year dusting is to welcome the new with ""cleanliness."" Dishwashing detergent can remove kitchen grease, using the ( )."	fill_in_the_blank	elements; Fe; at room temperature, carbon's chemical properties are stable; emulsification	Principle, Methods, and Applications of Filtration###Hard water and soft water###Emulsification Phenomenon and Emulsification Action###The composition of elements in the human body and the important role of elements in human health	nan	2024	middle	easy
5964	"The customs of Chinese traditional festivals and solar terms contain much chemical knowledge.

(1) Spring Festival ------ Joyfully paste spring couplets. The reason why the spring couplets written with ink can be preserved for a long time is ( ).

(2) Dragon Boat Festival ------ Dragon boat racing. Dragon boats can be made of fiberglass, which belongs to ( ) (choose ""composite material"" or ""metal material"").

(3) Double Ninth Festival ------ Climbing and appreciating chrysanthemums. To prevent osteoporosis in the elderly, making climbing difficult, it is advisable to supplement ( ) elements regularly.

(4) Beginning of Spring ------ Spring is warm, and spring is growth. The growth of crops requires the application of fertilizers, and urea [CO(NH\textsubscript{2})\textsubscript{2}] belongs to ( ) fertilizer.

(5) Winter Solstice ------ When the Winter Solstice arrives, eat dumplings, which are rich in ( )."	fill_in_the_blank	Carbon is chemically stable at room temperature; composite material; calcium; nitrogen; protein	Common Types and Functions of Fertilizers###The Use of Synthetic Materials and Their Impact on Humans and the Environment###The composition of elements in the human body and the important role of elements in human health###Life Activities and the Six Major Nutrients	nan	2023	middle	easy
2777	"After the nuclear disaster in Japan, clean coal power has gained popularity. Our country has successfully operated carbon capture technology at coal-fired power plants, making liquid carbon dioxide the final product. 

(1) Carbon dioxide can be used as a raw material to produce more environmentally friendly carbon-based potassium fertilizers, such as potassium carbonate. The anion in potassium carbonate is \ul{　 　} (expressed in ionic symbols).
(2) An important step in this technology is to absorb carbon dioxide from the flue gas using a chemical solvent under low-temperature conditions. The reason for controlling the low-temperature conditions is \ul{　 　}, and the chemical solvent used may be \ul{　 　} (fill in the chemical formula of one substance)."	fill_in_the_blank	"(1) \({CO}_{3}^{2-}\)  
(2) As the temperature decreases, the solubility of CO\textsubscript{2} increases; NaOH"	Factors affecting solubility###Chemical properties of alkalis###Symbols of Elements and Their Meanings	"[Answer] (1) Potassium carbonate is composed of carbonate ions and potassium ions, with carbonate ions carrying a negative charge as anions, ion symbol \({CO}_{3}^{2-}\).  
(2) The solubility of CO\(_2\) increases as the temperature decreases, so lower temperatures are more favorable for the dissolution and absorption of CO\(_2\). NaOH can react with CO\(_2\) to form Na\(_2\)CO\(_3\) and H\(_2\)O, so NaOH solution can be used to absorb CO\(_2\).

[Analysis] (1) Anions have more electrons than protons, carrying a negative charge.  
(2) The solubility of CO\(_2\) increases as temperature decreases; analyze accordingly. Analyze the reaction between sodium hydroxide and carbon dioxide.

(1) Potassium carbonate is composed of carbonate ions and potassium ions, with carbonate"	2023	middle	easy
813	"Every year from March 22 to 28 is ""China Water Week,"" and it is everyone's responsibility to protect water resources.  
(1) Activated carbon is often used in water purifiers, mainly utilizing the \_\_\_\_\_ property of activated carbon.  
(2) In the electrolysis of water experiment, the gas produced in the glass tube connected to the \_\_\_\_\_ (fill in ""positive"" or ""negative"") electrode is oxygen.  
(3) Water can chemically react with many substances. Write the chemical equation for the reaction between water and sulfur trioxide to produce sulfuric acid \_\_\_\_\_."	fill_in_the_blank	"(1) Adsorption  
(2) Positive electrode  
(3) \(SO_3 + H_2O = H_2SO_4\)"	Electrolysis of water experiment###Properties and Applications of Water###Writing and balancing chemical equations###Properties and Uses of Carbon Allotropes	nan	2024	middle	easy
5346	"Chemistry has a wide range of applications in production and daily life. Please select the appropriate substance number to fill in the blanks.

① Carbon dioxide ② Potassium nitrate ③ Baking soda ④ Iodine tincture

(1) Commonly used for baking pastries is \ul{　 　}.
(2) Capable of causing the greenhouse effect is \ul{　 　}.
(3) Commonly used as a compound fertilizer is \ul{　 　}.
(4) Commonly used to test for starch is \ul{　 　}."	fill_in_the_blank	"(1) ③
(2) ①
(3) ②
(4) ④"	Uses of Common Salt###Common Types and Functions of Fertilizers###Methods for Identifying Starch and Glucose, and the Properties of Proteins###The impact of carbon dioxide on the environment	nan	2024	middle	easy
467	"Hydrogen energy, as an efficient, clean, and renewable energy source, has a promising development prospect. Based on the method of production and the carbon emissions during the production process, hydrogen energy is categorized into ""grey hydrogen,"" ""blue hydrogen,"" and ""green hydrogen.""

(1) ""Grey hydrogen"": Hydrogen produced from fossil energy, with carbon dioxide and other gases emitted during the production process. The environmental issue caused during the production of ""grey hydrogen"" is ( ).

(2) ""Blue hydrogen"": Hydrogen produced from fossil energy, with carbon capture and storage technology used to reduce carbon dioxide emissions.
① Capturing and storing CO\textsubscript{2} is a way to achieve ""carbon neutrality."" Ocean storage of CO\textsubscript{2} can lead to ocean acidification, impacting the marine environment. The reason for ocean acidification due to ocean storage of CO\textsubscript{2} is ( )."	fill_in_the_blank	Greenhouse effect; \({CO}_{2}{+ H}_{2}O＝H_{2}{CO}_{3}\)	Calculations related to chemical reactions of impure substances###Writing and balancing chemical equations###Exploring the properties of carbon dioxide###The impact of carbon dioxide on the environment	nan	2024	middle	medium
5809	"Please use "">"", ""<"", ""="", or the chemical formula of a substance to fill in the blanks:

(1) Number of protons in particles: Fe ( ) Fe\textsuperscript{3+}.

(2) Thermal stability: Calcium carbonate ( ) Ammonium bicarbonate.

(3) Baking soda used in pastry processing ( ).

(4) Small molecule organic substances produced by plant photosynthesis ( )."	fill_in_the_blank	=; >; NaHCO\textsubscript{3}; C\textsubscript{6}H\textsubscript{12}O\textsubscript{6}	Uses of Common Salt###Common Types and Functions of Fertilizers###Mutual transformation of atoms and ions###The difference between organic and inorganic substances.	nan	2024	middle	easy
3089	"Please use the letter corresponding to each substance to fill in the blanks.  
A. Hydrogen B. Mercury C. Nitrogen D. Argon-Helium Knife E. Carbon Dioxide  
(1) Burns with a pale blue flame in the air: \_\_\_\_  
(2) A gas that causes the greenhouse effect: \_\_\_\_  
(3) The reagent used by Lavoisier to determine the components of air: \_\_\_\_  
(4) An important raw material for making nitric acid and nitrogen fertilizer: \_\_\_\_  
(5) Equipment used for low-temperature freezing minimally invasive treatment of tumors: \_\_\_\_"	fill_in_the_blank	"(1) A  
(2) E  
(3) B  
(4) C  
(5) D"	Composition of Air###Air Pollution and Prevention###Chemical properties of hydrogen and combustion experiment	nan	2024	middle	easy
5812	"Chemistry is closely related to life. After an investigation by a student interest group into chemistry in the kitchen (firewood-rice-water-salt), the following information was obtained:  

(1) Rice — The primary nutrient provided by rice in molecular gastronomy is ( ).  
A. Protein  
B. Carbohydrates  
C. Inorganic salts  
D. Vitamins  

(2) Water — The main purpose of drinking water is to quench thirst and rehydrate, so it is best to drink plain boiled water and minimize the consumption of beverages. From the perspective of the content of soluble calcium and magnesium ions, boiled water belongs to ( ).  

(3) Salt — There are two seasoning bottles in the kitchen containing white solids. They are known to be either refined salt (NaCl) or soda ash (Na\textsubscript{2}CO\textsubscript{3}). One distinguishing ion in NaCl that is not in soda ash is ( )."	fill_in_the_blank	B; Soft water; Na\textsuperscript{+}	Hard water and soft water###Life Activities and the Six Major Nutrients###Writing and Meaning of Chemical Formulas	nan	2024	middle	easy
4025	"Fill in the blanks with chemical terms:  
(1) 2 hydrogen molecules ( ).  
(2) The smallest particle that retains the chemical properties of neon ( ).  
(3) 3 ammonium ions ( ).  
(4) +2 valence magnesium element ( )."	fill_in_the_blank	2H₂; Ne; 3NH₄⁺; Mg²⁺	Differences and Connections Between Molecules and Atoms###Symbols of Elements and Their Meanings###Writing and Meaning of Chemical Formulas###Common Elements and Radicals Valency	nan	2024	middle	easy
6049	"Idioms are a cultural treasure of our country, please use appropriate chemical terms to express them.

(1) Like glue and paint: Glue contains elements such as carbon, hydrogen, and calcium, among which the symbol for the metal element is ( ).

(2) Water drops turning into ice: The smallest particle maintaining the chemical properties of water is ( ).

(3) To speak irresponsibly: Orpiment is arsenic trisulfide (chemical symbol for arsenic is As), the oxidation state of arsenic in arsenic trisulfide is ( )."	fill_in_the_blank	Ca; H₂O; +3	Differences and Connections Between Molecules and Atoms###Characteristics and Applications of the Periodic Table of Elements###Common Elements and Radicals Valency	"(1) Carbon and hydrogen are non-metal elements, while calcium, represented by the symbol '钅', is a metal element. Its chemical symbol is Ca. Therefore, the answer is: Ca.  
(2) Substances made of molecules have molecules as the smallest particles retaining their chemical properties. Water is composed of water molecules, so the smallest particle retaining the chemical properties of water is the water molecule, represented as H\textsubscript{2}O. Therefore, the answer is: H\textsubscript{2}O.  
(3) In chemical formulas, metal elements are written on the left, and non-metal elements on the right. According to the method of expressing valence, it is represented above the element with a positive or negative sign followed by numbers. Therefore, the valence of arsenic in arsenic trisulfide is +3, represented as \({\overset{+ 3}{As}}_{2}S_{3}\)."	2024	middle	easy
1308	Fill in the blanks with chemical formulas: The main gas causing acid rain is ( ); the main component of natural gas is ( ).	fill_in_the_blank	SO₂ or NO₂; CH₄	Writing and Meaning of Chemical Formulas###The Use and Conservation of Fossil Fuels###The use of common fuels and their impact on the environment###Properties and uses of common organic compounds such as methane and ethanol.	nan	2023	middle	easy
1870	"Choose from the following substances to fill in the blanks (fill in the number): ① Hematite ② Medical alcohol ③ Sodium bicarbonate ④ Liquid oxygen ⑤ Graphite  
(1) Can be used as a rocket oxidizer: \underline{\hspace{1cm}};  
(2) Can be used for skin disinfection: \underline{\hspace{1cm}};  
(3) Can be used as a raw material for iron smelting: \underline{\hspace{1cm}};  
(4) Used as a battery electrode: \underline{\hspace{1cm}};  
(5) Can be used to treat excessive stomach acid: \underline{\hspace{1cm}}."	fill_in_the_blank	"(1) ④  
(2) ②  
(3) ①  
(4) ⑤  
(5) ③"	Differences and Applications of Chemical Properties and Physical Properties	"Answer: (1) Liquid oxygen is essentially oxygen, which supports combustion and can be used as an oxidizer in rockets, so fill in ④; (2) Medical alcohol has sterilizing properties and can be used for skin disinfection, so fill in ②; (3) The main component of hematite is iron oxide, which can be reduced to iron by removing oxygen with a reducing agent, meaning hematite can be used as a raw material for iron smelting, so fill in ①; (4) Graphite is conductive and used as a battery electrode, so fill in ⑤; (5) Sodium bicarbonate can react with hydrochloric acid in gastric acid to produce sodium chloride, water, and carbon dioxide, which can neutralize excess stomach acid, meaning sodium bicarbonate can be used to treat excess stomach acid, so fill in ③.

Analysis: The properties of a substance determine its uses, and its uses reflect its properties, analyzed based on this."	2020	middle	easy
4024	"According to the given questions, answer the following:

(1) In agricultural production, a 16% mass fraction sodium chloride solution is commonly used for seed selection. To prepare 100 kg of this solution, \ul{   }kg of sodium chloride and \ul{   }kg of water are needed.

(2) After a heavy rain, attention should be paid to dehumidification. Activated carbon dehumidifiers utilize the \ul{   } property of activated carbon; solid calcium oxide can also be used for dehumidification, and its principle is \ul{   } (expressed in a chemical equation).

(3) The reaction of silver nitrate with hydrochloric acid produces a white precipitate. Its principle is \ul{   } (expressed in a chemical equation).

(4) The main functions of a glass rod are as follows:
① Guiding liquid flow ② Accelerating dissolution ③ Even heating ④ Dipping a small amount of reagent.

Use the"	fill_in_the_blank	"(1) \(16\); \(84\)  
(2) Adsorption; \(CaO + H_{2}O = Ca(OH)_{2}\)  
(3) \({AgNO}_{3} + HCl = AgCl \downarrow + {HNO}_{3}\)  
(4) ①; ③; ②; ④"	Common Laboratory Instruments and Their Uses###Writing and balancing chemical equations###Preparation of a solution with a specific solute mass fraction###Properties and Uses of Carbon Allotropes	nan	2024	middle	easy
4271	"The current substances are as follows: A. Oxygen, B. Nitrogen, C. Noble gases, D. Carbon dioxide. Please use the appropriate letter code to fill in the blanks.

(1) A mixture is ( ).  
(2) Used for rescuing critically ill patients is ( ).  
(3) Used in electric light sources is ( ).  
(4) Used in food packaging bags as a protective gas for food is ( )."	fill_in_the_blank	B; A; C; D	Composition of Air###Pure substances and mixtures	nan	2022	middle	easy
525	"Fill in the blanks:  
(1) The element with the highest content in the Earth's crust is ( );  
(2) The carbon allotrope that adsorbs odors in refrigerator deodorizers is ( );  
(3) The chemical formula of the compound formed by the metal element with the highest content in the human body and chlorine is ( )."	fill_in_the_blank	Oxygen; Activated carbon; CaCl₂	The composition of elements in the human body and the important role of elements in human health###Writing and Meaning of Chemical Formulas###The distribution and content of elements in the Earth's crust###Properties and Uses of Carbon Allotropes	nan	2023	middle	easy
3862	"Our country is striving to achieve carbon neutrality (balance between carbon dioxide emissions and absorption, achieving zero emissions) by 2060. Answer the following questions.

(1) The combustion of fossil fuels increases CO\(_2\) emissions. Developing and utilizing clean energy helps alleviate the greenhouse effect. Besides nuclear energy, clean energy also includes \ul{    } (provide one example).

(2) Adding an appropriate amount of ethanol to gasoline as automotive fuel can save oil resources to some extent and reduce the environmental pollution from vehicle exhaust emissions. The chemical equation for the combustion of ethanol is \ul{    }."	fill_in_the_blank	"(1) Hydrogen energy (reasonably sufficient)  
(2) \(C_{2}H_{5}OH + 3O_{2} \xrightarrow{\text{ignite}} 2CO_{2} + 3H_{2}O\)"	Writing and balancing chemical equations###Comprehensive Resource Utilization and New Energy Development###Properties and uses of common organic compounds such as methane and ethanol.	nan	2024	middle	easy
2359	The Ming Dynasty book Tiangong Kaiwu records the use of alum for water purification, where the symbol of the potassium ion in alum is ( ); nowadays, potassium ferrate (K\textsubscript{2}FeO\textsubscript{4}) is used not only for water purification but also for disinfection. The chemical equation for the involved reaction is \({4K}_{2}{FeO}_{4} + 10X = 4Fe（OH）_{3} \downarrow {+ 8KOH + 3O}_{2} \uparrow\), then the chemical formula for X is ( ).	fill_in_the_blank	K\textsuperscript{+}; H\textsubscript{2}O	Symbols of Elements and Their Meanings###Law of Conservation of Mass and its Applications	nan	2023	middle	easy
3091	"Chemistry has widespread applications in production and life. Given the substances: ① slaked lime, ② graphite, ③ sodium bicarbonate, and ④ oxygen, choose the appropriate substance to fill in the blanks (fill in the numbers).

(1) Used for making electrodes is \ul{　 　}.
(2) Used for emergency medical treatment for patients is \ul{　 　}.
(3) Used for painting trees to prevent freezing and pests is \ul{　 　}.
(4) Used for baking pastries is \ul{　 　}."	fill_in_the_blank	"(1) ②  
(2) ④  
(3) ①  
(4) ③"	Composition of Air###Common characteristics and uses of alkalis###Uses of Common Salt###Properties and Uses of Carbon Allotropes	nan	2023	middle	easy
4531	"Choose the appropriate substance from the options below to fill in the blanks (fill in the letter sequence).
A. Sodium chloride B. Alum C. Alcohol D. Slaked lime

(1) Can be used for water purification: \_\_\_\_.
(2) Can be used as fuel: \_\_\_\_.
(3) Can be used to prepare saline solution: \_\_\_\_.
(4) Can be used to improve acidic soil: \_\_\_\_."	fill_in_the_blank	(1) B (2) C (3) A (4) D	Purification of water###Neutralization Reaction and Its Applications###Uses of Common Salt###Properties and uses of common organic compounds such as methane and ethanol.	nan	2023	middle	easy
4685	"Please use chemical notation to fill in the blanks.
(1) Phosphorus element ( );  
(2) 2 copper atoms ( );  
(3) Calcium carbonate ( );  
(4) Ammonium ion ( );  
(5) Chemical formula of the simplest organic compound ( )."	fill_in_the_blank	P; 2Cu; CaCO\(_3\); \(NH_{4}^{+}\); CH\(_4\)	Symbols of Elements and Their Meanings###Writing and Meaning of Chemical Formulas###The similarities and differences between valence and ion representation methods	"**Solution:**

1. Use the first uppercase letter of the Latin name of an element as its symbol. If one letter isn't enough to differentiate, add a lowercase letter. For phosphorus, the symbol is \(P\).

2. Write the symbol for copper first, then place a 2 in front of it. Two copper atoms are written as \(2Cu\).

3. When writing chemical formulas, first write the element symbols that make up the compound, indicate the valency, and use the least common multiple method to find the number of atoms. The chemical formula for calcium carbonate is \({CaCO}_{3}\).

4. To write the symbol for the ammonium ion, first write the molecular group, then indicate the charge in the top right corner, as \({NH}_{4}^{+}\).

5. Compounds containing carbon are called organic compounds. The simplest organic compound is methane, with the chemical formula \({CH}_{4}\).

**Analysis:**
When writing"	2024	middle	easy
5090	"Participate in social practice to enhance scientific literacy.

(1) Labor Practice: The main components of limescale are calcium carbonate and magnesium hydroxide. ( ) can be used to remove limescale in the kitchen. ( ) is commonly used in life to distinguish wool fibers from synthetic fibers.

(2) Research Practice: Xiao Qiang measured the pH of farmland soil to be 5, and ( ) can be applied to improve acidic soil.

(3) Scientific Activity: Painting the surface of iron fences on roads prevents iron from rusting by isolating ( ).

(4) Scientific Practice: The group of students made ""vein bookmarks"" by placing selected leaves in a ( ) solution."	fill_in_the_blank	White vinegar; burning; lime; oxygen; sodium hydroxide	Conditions for Metal Corrosion and Its Prevention###The chemical properties of acids###Common characteristics and uses of alkalis###Identification of cotton fibers, wool fibers, and synthetic fibers	nan	2024	middle	easy
2355	"Chemistry is closely related to our lives.  
(1) Iron deficiency in the human body can cause anemia. Iron is an essential ( ) (choose ""macro"" or ""trace"") element for the human body.  
(2) Plastics belong to ( ) (choose ""composite materials"" or ""synthetic materials"").  
(3) When purifying water, ( ) is usually used to adsorb some dissolved impurities and remove odors."	fill_in_the_blank	trace; synthetic materials; activated carbon	Purification of water###Classification and Identification of Organic Polymer Materials###Minerals and trace elements	nan	2024	middle	easy
5477	"Please select the appropriate material numbers from the list below to fill in the blanks:
A. Liquid oxygen
B. Iodized salt
C. Dry ice
D. Sulfur dioxide
(1) Can be used for artificial rainfall: \ul{　 　}.
(2) Can form acid rain: \ul{　 　}.
(3) Prevents thyroid disease: \ul{　 　}."	fill_in_the_blank	"(1) C  
(2) D  
(3) B"	Formation, Impact, and Prevention of Acid Rain###The composition of elements in the human body and the important role of elements in human health###Uses of Carbon Dioxide	"【Answer】 (1) Dry ice sublimates and absorbs heat, and can be used for artificial rainfall. \\ 
(2) Sulfur dioxide is the main substance that forms acid rain. \\ 
(3) Supplementing iodine can prevent thyroid diseases. \\ 
【Analysis】 (1) Analyzed based on the uses of carbon dioxide; \\ 
(2) Analyzed based on the causes of acid rain; \\ 
(3) Analyzed based on iodine and human health."	2024	middle	easy
5811	"Chemistry is a fundamental discipline that studies the composition, structure, properties, transformation, and application of substances. Its characteristic is understanding matter at the molecular level and creating substances through chemical changes. In toothpaste, light calcium carbonate is commonly used as an abrasive. The production method for light calcium carbonate is as follows: limestone is calcined to produce calcium oxide, which is then mixed with water to form lime milk with a main component of Ca(OH)\textsubscript{2}, and then the purified lime milk reacts with carbon dioxide to obtain calcium carbonate.

Applying practicality to solve the problem:
(1) Carbon dioxide plays an important role in the production of light calcium carbonate. The simplest method to test for carbon dioxide is ( ).  
(2) In the laboratory, dilute hydrochloric acid and calcium carbonate are commonly used to produce carbon dioxide. The chemical equation for the reaction is ( )."	fill_in_the_blank	Pass the gas into clear lime water and observe whether the clear lime water turns cloudy; CaCO\textsubscript{3} + 2HCl = CaCl\textsubscript{2} + CO\textsubscript{2}↑ + H\textsubscript{2}O	Laboratory preparation of carbon dioxide###Exploring the properties of carbon dioxide###Inspection and Completion of Carbon Dioxide	nan	2024	middle	easy
4040	"Select suitable elements from carbon, hydrogen, oxygen, sodium, and chlorine to form substances that meet the following requirements, and fill in the chemical formula in the blanks.

Brilliant diamond ( ), a seasoning used in daily life ( ), the main component of gas in coal mine tunnels that exceeds the standard and can easily cause explosions ( ), a gaseous oxide that can extinguish fire ( )."	fill_in_the_blank	C; NaCl; CH₄; CO₂	Uses of Common Salt###Properties and Uses of Carbon Allotropes###Uses of Carbon Dioxide###Combustion, explosion, slow oxidation, and spontaneous combustion	nan	2023	middle	easy
1025	"Utilize the knowledge you have learned to answer the following life-related questions:  
(1) Chemistry is closely related to human life; the acid that aids digestion in gastric juice is ( ).  
(2) Insufficient or excessive intake of the element ( ) (fill in the symbol) can cause thyroid enlargement.  
(3) Fluorides can effectively prevent tooth decay; both sodium fluoride and sodium chloride are composed of ( ) (fill in ""molecules"", ""atoms"", or ""ions"")."	fill_in_the_blank	Hydrochloric acid; I; ions	Physical properties and uses of acids###The composition of elements in the human body and the important role of elements in human health###The particulate nature of matter	Answer: (1) The acid in gastric juice that aids digestion is hydrochloric acid; (2) Insufficient or excessive intake of iodine can cause thyroid enlargement; (3) Both sodium fluoride and sodium chloride are composed of ions. Analysis: (1) The analysis is based on the fact that the acid in gastric juice aiding digestion is hydrochloric acid; (2) The analysis is based on the fact that insufficient or excessive intake of iodine can cause thyroid enlargement; (3) The analysis is based on the fact that both sodium fluoride and sodium chloride are composed of ions.	2024	middle	easy
2465	"Using life experience, how do you distinguish the following substances in the kitchen:
① granulated sugar and table salt (____) ② copper wire and aluminum wire (____)
③ white liquor and white vinegar (____) ④ alcohol and water (____)"	fill_in_the_blank	Flavor; Color; Smell; Scent	Identification and inference of substances	"【Answer】 (1) Sugar has a sweet taste, while salt has a salty taste, so they can be distinguished by taste. (2) Copper is red, and aluminum is silvery white, so they can be distinguished by color. (3) Baijiu has a distinctive fragrance, and white vinegar has a sour smell, so they can be distinguished by smell. (4) Alcohol has a distinctive fragrance, and water is odorless, so they can be distinguished by smell. 

【Analysis】 Distinguish and analyze each group of substances based on the different tastes of sugar and salt, the different colors of copper and aluminum, the different smells of baijiu and white vinegar, and the different smells of alcohol and water."	2019	middle	easy
1052	"Xiaogang used the following methods to clean the dishes: \(①\) with cold water only; \(②\) with hot water only; \(③\) with a few drops of dish soap in cold water; \(④\) with a few drops of dish soap in hot water, and then rinsed off the dish soap with clean water.

(1) The most effective method for cleaning the dishes is \ul{　 　}\((\)fill in the number\()\).

(2) This comparative experiment indicates that the cleaning effect is better when the temperature is \ul{　 　}\((\)fill in ""high"" or ""low""\()\).

(3) Dish soap has a \ul{　 　} effect on grease. Xiaogang believes gasoline can also remove grease, but the principle is different from dish soap. Gasoline \ul{　 　} the grease."	fill_in_the_blank	"(1) \(④\)
(2) High
(3) Emulsification; Dissolution"	Phenomenon of Dissolution and Principles of Dissolution###Emulsification Phenomenon and Emulsification Action	"Answer: (1) Dishwashing liquid acts as an emulsifier on grease, so using dishwashing liquid is the most effective for cleaning grease. Therefore, the method chosen is ④. \\
Therefore, the answer is: ④. \\
(2) The emulsifying effect of dishwashing liquid is better at higher temperatures, so the cleaning effect is better when the temperature is higher. \\
Therefore, the answer is: high. \\
(3) Dishwashing liquid emulsifies grease, whereas gasoline removes grease because it can dissolve the grease. \\
Therefore, the answer is: dissolve. \\
Analysis: Based on the fact that dishwashing liquid has an emulsifying function, and the higher the temperature, the better the emulsifying effect, while gasoline can dissolve grease, the analyses and answers are provided."	2023	middle	easy
4823	"Chemical terminology is an important tool for learning chemistry and is an internationally recognized chemical language.  
(1) Fill in the blanks with chemical terms:  
① Argon gas: ( ). ② Two nitrogen atoms: ( ). ③ Sulfate ion: ( ). ④ Indicate the oxidation state of aluminum in aluminum oxide: ( ).  
(2) State the meaning of the numbers in the symbol ""3Mg\textsuperscript{2+}"":  
① ""3"" indicates ( ). ② ""2"" indicates ( )."	fill_in_the_blank	Ar; \(\text{N}_2\); \({SO}_{4}^{2-}\); \(+\)3; 3 magnesium ions; 1 magnesium ion carries a charge of +2 units	Symbols of Elements and Their Meanings###Writing and Meaning of Chemical Formulas###Rules and Principles of Valency###The meaning of chemical symbols and their surrounding numbers.	nan	2022	middle	easy
815	"Chemical terminology is an important tool for learning chemistry. Please fill in the blanks with the corresponding chemical terms based on the prompts:  
(1) The most abundant substance in living organisms: \ul{　 　};  
(2) The smallest particle that retains the chemical properties of helium: \ul{　 　};  
(3) Osteoporosis is due to a deficiency of: \ul{　 　};  
(4) Two oxide ions: \ul{　 　};  
(5) Solute in dilute hydrochloric acid: \ul{　 　}."	fill_in_the_blank	"(1) \(H_{2}O\)  
(2) \(He\)  
(3) \(Ca\)  
(4) \(2O^{2-}\)  
(5) \(HCl\)"	The composition of elements in the human body and the important role of elements in human health###Symbols of Elements and Their Meanings###Writing and Meaning of Chemical Formulas###The concepts of acids, bases, and salts	nan	2024	middle	easy
3690	"Lack of vitamin C (abbreviated as Vc) in the human body easily leads to scurvy. The figure shows a part of the instructions for a certain brand of Vc tablets. Please calculate:

Vitamin C (white)  
Chemical formula: C₆H₈O₆  
Each tablet contains 100mg, with 10% Vc  
Take ( ) times per day, 2 tablets each time

(1) The mass ratio of carbon to oxygen in C₆H₈O₆ is ( ) (fill in the simplest integer ratio).  
(2) The mass of oxygen in 17.6g of C₆H₈O₆ is ( )g."	fill_in_the_blank	Two; 3:4; 9.6	Related calculations of chemical formulas###Comprehensive calculation of material composition	nan	2024	middle	easy
4691	"Oyster omelet is a traditional snack from Zhangzhou. Its ingredients include oysters, eggs, sweet potato flour, salt, etc. Please answer the following questions:

(1) From a microscopic perspective, analyze why the aroma of the oyster omelet can be smelled from afar: \_\_\_\_.

(2) When consuming oyster omelet, cilantro is often added. The main nutrient provided by cilantro is \_\_\_\_; the ingredient rich in carbohydrates is \_\_\_\_; the element contained in oysters that can prevent osteoporosis is \_\_\_\_.

(3) Using charcoal as fuel for frying oysters provides a gentle heat and moderate temperature. The chemical equation for the complete combustion of charcoal in air is \_\_\_\_; the principle behind elevated burning of charcoal for a stronger fire is \_\_\_\_."	fill_in_the_blank	"(1) Molecules are in constant motion  
(2) Vitamins; sweet potato starch; calcium  
(3) C + O\textsubscript{2}\(\begin{array}{r} \underset{\_}{\underset{\_}{ignite}} \\ \end{array}\)CO\textsubscript{2}; increase the contact area between charcoal and air"	The composition of elements in the human body and the important role of elements in human health###Life Activities and the Six Major Nutrients###Definition of Molecules and Characteristics of Molecules###Chemical properties of carbon###The connection between phenomena and essence of reactions	"Answer:

(1) The smell can be detected because molecules are constantly moving;

(2) Vegetables are rich in vitamins; sweet potato flour is rich in carbohydrates; the calcium in oysters can prevent osteoporosis;

(3) Carbon and oxygen produce carbon dioxide under ignition conditions, with the chemical equation being C + O\textsubscript{2} \(\begin{array}{r} \underset{\_}{\underset{\_}{ignition}} \\ \end{array}\) CO\textsubscript{2}. The principle behind charcoal burning more vigorously in an elevated position is to increase the contact area between the charcoal and air, resulting in more complete combustion.

Analysis:

(1) Analyze based on the continuous movement of molecules;

(2) When eating oyster pancakes, cilantro is often added, which mainly supplements vitamins; sweet potato flour is the material rich in carbohydrates; the calcium in oysters can prevent osteoporosis;

(3) Analyze based on carbon and oxygen producing carbon dioxide under"	2024	middle	easy
2410	The hardness of bronze is ( ) than that of pure copper. One of the ancient Chinese methods for smelting copper was to burn charcoal on malachite, based on the principle of: Ⅰ. Malachite decomposes upon heating to form copper oxide; Ⅱ. Charcoal reduces copper oxide at high temperatures. Write the chemical equation for reaction Ⅱ: ( ).	fill_in_the_blank	greater; \(C + 2CuO \xrightarrow{\text{high temperature}} 2Cu + CO_2 \uparrow\)	Alloys and Their Properties###Carbon, carbon monoxide, and hydrogen reduction of copper oxide experiment###Writing and balancing chemical equations	nan	2024	middle	easy
5577	"The use of metallic materials is closely related to production, life, and social development.  
(1) A large amount of steel is used in bridge construction. Steel is an alloy of iron, and the hardness of steel is ( ) than that of pure iron. Fill in ""greater"" or ""less"".  
(2) Iron products easily rust in humid air. To prevent bicycle frames from rusting, the common method is ( )."	fill_in_the_blank	greater; painting	Pig iron and steel###Conditions for Metal Corrosion and Its Prevention	"Answer: (1) The hardness of steel is greater than that of pure iron. The hardness of alloys is usually greater than the hardness of the pure metals they are composed of, because different elements in the alloy can form more crystal defects, which hinder the sliding of the crystals, thereby increasing the material's hardness. Thus, the hardness of steel is greater than that of pure iron.  
(2) A common method to prevent a bicycle frame from rusting is to paint it. Painting can form a protective layer on the surface of iron products, isolating them from contact with oxygen and water, thereby preventing rust. In addition, painting can also enhance aesthetics, prevent corrosion, and extend the lifespan.  
Analysis: Analyze based on the properties of iron alloys and rust protection.  
(1) Steel is an alloy composed of iron, carbon, and other alloying elements.  
(2) Iron products readily react with oxygen and water in humid air, producing rust (iron(III) oxide"	2024	middle	easy
5820	"Please answer the following questions based on relevant knowledge:
(1) In daily life, candles can replace \ul{　 　} (fill in one kind of instrument) in the laboratory; when using a candle as a heat source, you should use its \ul{　 　} (choose ""outer flame"", ""inner flame"", or ""flame core"") to heat substances; the substance produced by paraffin burning that turns clear limewater cloudy is \ul{　 　}.
(2) Xiao Ming often helps his mother wash dishes. The standard for judging when the dishes are clean is \ul{　 　}.
(3) When guests come to the house, Xiao Ming should \ul{　 　} the thermos cap on the table when pouring water for the guests."	fill_in_the_blank	"(1) Alcohol lamp; outer flame; carbon dioxide  
(2) Water adhering to dishes does not gather into droplets, nor does it flow in streams  
(3) Pour"	Common Laboratory Instruments and Their Uses###The dispensing of medication###Candle burning experiment	nan	2023	middle	easy
4841	Salt (primarily composed of NaCl) is used not only as a seasoning but also as an important chemical raw material. Crude salt obtained from evaporating seawater contains insoluble impurities (such as silt) and soluble impurities (CaCl\textsubscript{2}, MgCl\textsubscript{2}, Na\textsubscript{2}SO\textsubscript{4}). A student sequentially added barium chloride solution, sodium carbonate solution, and sodium hydroxide solution, followed by filtration and evaporation after a full reaction. The purpose of adding sodium carbonate is ( ), write the chemical equation for the reaction between BaCl\textsubscript{2} solution and Na\textsubscript{2}SO\textsubscript{4} solution ( ), this experimental plan is not yet complete, please make further supplementation ( ).	fill_in_the_blank	Remove calcium chloride; \({BaCl}_{2}{+ Na}_{2}{SO}_{4} = {BaSO}_{4} \downarrow + 2NaCl\); add an appropriate amount of dilute hydrochloric acid to the filtrate before the evaporation process.	Principle, Methods, and Applications of Filtration###Coarse salt purification###Writing and balancing chemical equations	nan	2023	middle	easy
5108	"Chemistry is all around us.  
(1) The ""calcium"" and ""iron"" in ""high-calcium milk powder"" and ""iron-fortified soy sauce"" refer to ( ) (fill in with the letter).  
A. Molecule B. Atom C. Simple substance D. Element  
(2) Discarded plastic bottles should be placed in the ( ) garbage bin (fill in with ""recyclable"" or ""non-recyclable"").  
(3) The filter inside a teacup can separate the tea leaves from the tea, which corresponds to the basic laboratory operation of ( ).  
(4) When using coal for heating, be sure to ensure ventilation to prevent poisoning by ( ) (write the chemical formula).  
(5) Calcium hydroxide, commonly known as ( ), can be used to improve acidic soil."	fill_in_the_blank	D; recyclable; filtration; CO; slaked lime	Green chemistry###The concept of an element###Elemental composition of matter###Summary of Basic Knowledge Points###The toxicity of carbon monoxide###Transformation between calcium carbonate, quicklime, and hydrated lime.	"【Solution】 (1) All substances are composed of elements. In ""high calcium milk powder"" and ""iron-fortified soy sauce,"" the ""calcium"" and ""iron"" emphasize the elements that make up the substances, not molecules, atoms, or specific simple substances. Therefore, select: D. (2) Plastic bottles belong to recyclable waste and should be placed in a recycling bin. (3) A filter can separate tea leaves from tea, similar to the principle of filtration separating solids from liquids, thus the answer is: filtration. (4) Incomplete combustion of coal produces carbon monoxide, which is toxic. Keeping the area ventilated can prevent carbon monoxide poisoning; its chemical formula is CO. (5) Calcium hydroxide is commonly known as slaked lime or hydrated lime. Calcium hydroxide is alkaline and can be used to improve acidic soil.

【Analysis】 (1) Analyzing that all substances are composed of elements. (2) Differentiating between recyclable"	2024	middle	easy
5468	Among common metals, the metal with the best thermal conductivity is \ul{     }, the metal with the highest melting point is \ul{     }, the metal with the greatest hardness is \ul{     }, the liquid metal is \ul{     }, and the metal with the highest annual production currently is \ul{     }.	fill_in_the_blank	Silver; Tungsten; Chromium; Mercury; Iron	The most in chemistry	nan	2023	middle	easy
4518	"""Water bloom"" mainly refers to the phenomenon where nutrients required by organisms are introduced or discharged into the water, causing an excessive concentration of certain nutrients and leading to the rampant growth and reproduction of algae, resulting in water quality deterioration. The composition of a certain algae substance can be represented by the chemical formula C\textsubscript{106}H\textsubscript{263}O\textsubscript{110}N\textsubscript{16}P (C representing carbon, H representing hydrogen, O representing oxygen, N representing nitrogen, P representing phosphorus). This substance is composed of ( ) elements, and one molecule contains ( ) atoms. This suggests that the nutrients in industrial and domestic wastewater causing the rapid growth of algae are ( ) and ( )."	fill_in_the_blank	5; 496; nitrogen; phosphorus	Elemental composition of matter###Composition and content analysis of substances###Writing and Meaning of Chemical Formulas###Related calculations of chemical formulas	"[Answer] C\textsubscript{106}H\textsubscript{263}O\textsubscript{110}N\textsubscript{16}P is composed of the five elements: carbon, hydrogen, oxygen, nitrogen, and phosphorus. It consists of 106+263+110+16+1＝496 atoms in a single molecule. Nitrogen, phosphorus, and potassium are essential for plant growth; therefore, it is inferred that the elements leading to excessive algal growth in industrial and domestic wastewater are nitrogen and phosphorus.

[Analysis] The elemental composition of the substance is determined by its chemical formula, with the subscript numbers indicating the number of atoms in a molecule. The analysis considers the lack of nitrogen, phosphorus, and potassium in plant growth."	2024	middle	easy
4830	"Write the word expressions for the following reactions:  
(1) The reaction of burning with sparks in oxygen \_\_\_\_.  
(2) The reaction of burning with a white light in oxygen \_\_\_\_.  
(3) The reaction of using a dark purple solid to produce oxygen in the laboratory \_\_\_\_.  
(4) The reaction of burning in oxygen that produces a blue-violet flame and generates toxic gas \_\_\_\_."	fill_in_the_blank	"(1) Iron + Oxygen \(\overset{ignite}{\underset{}{\rightarrow}}\) Magnetite
(2) Carbon + Oxygen \(\overset{ignite}{\underset{}{\rightarrow}}\) Carbon Dioxide
(3) Potassium Permanganate \(\overset{heat}{\underset{}{\rightarrow}}\) Potassium Manganate + Manganese Dioxide + Oxygen
(4) Sulfur + Oxygen \(\overset{ignite}{\underset{}{\rightarrow}}\) Sulfur Dioxide"	Text expression	【Answer】 (1) Iron burns vigorously in oxygen, emitting sparks, and forms a black solid. The word equation for this reaction is: Iron + Oxygen \(\overset{ignition}{\rightarrow}\) Triiron Tetroxide. (2) Charcoal burns in oxygen, emitting white light. The word equation for this reaction is: Carbon + Oxygen \(\overset{ignition}{\rightarrow}\) Carbon Dioxide. (3) The dark purple solid is potassium permanganate, which decomposes into potassium manganate, manganese dioxide, and oxygen upon heating. The word equation for this reaction is: Potassium Permanganate \(\overset{heating}{\rightarrow}\) Potassium Manganate + Manganese Dioxide + Oxygen. (4) Sulfur burns in oxygen, emitting a bright blue-violet flame and producing a gas with a pungent odor. The word equation for this reaction is: Sulfur + Oxygen \(\overs	2019	middle	easy
2540	"During the Dragon Boat Festival, the aroma of zong leaves fills the air. Nuannuan's family goes on an outing to the countryside. Please use your chemistry knowledge to help Nuannuan explain some of the issues she encounters.

(1) Among the tableware prepared by mom, the one made of metal is ( ).
A. Bamboo chopsticks 
B. Stainless steel dinner knife 
C. Glass water cup 
D. Paper plate 

(2) Nuannuan noticed that her mom used cloth bags instead of plastic bags when carrying items. This practice helps alleviate the environmental problem of ( ), and the harm caused by this environmental issue is ( ).

(3) The family tasted zongzi together. The main ingredient of zongzi, glutinous rice, is rich in the nutrient ( ).

(4) The label on Nuannuan's sun hat says ""Fabric: Pure Cotton."" Pure cotton is a natural fiber. Compared to synthetic fabrics ( )."	fill_in_the_blank	B; white pollution; damages soil, pollutes groundwater, endangers the survival of marine life; carbohydrates; good water absorption, good breathability	Synthetic fibers and their applications###White Pollution and Its Prevention and Control###Life Activities and the Six Major Nutrients	"Answer: 

(1) Bamboo chopsticks and paper plates are made from natural materials, so A and D are incorrect. Stainless steel knives are made of metal materials, so B is correct. Glass cups are made of inorganic non-metallic materials, so C is incorrect.

(2) Using cloth bags instead of plastic bags can alleviate the white pollution caused by plastic waste, which harms the soil, pollutes groundwater, threatens marine life, and burning chlorine-containing plastics can produce irritating hydrogen chloride gas, thus polluting the air.

(3) Glutinous rice is rich in carbohydrates.

(4) Pure cotton has better water absorption and breathability than synthetic fibers.

(5) Recycling metal products like iron cans and aluminum beverage cans can save resources, reduce production costs, and minimize pollution.

Analysis: 
(1) Based on the analysis of metals including pure metals and alloys;
(2) Based on the analysis of the white pollution and its hazards caused by plastic waste;
(3) Based"	2024	middle	medium
4728	"Metals have wide applications in production and life.  

(1) An iron pot is used for cooking, primarily utilizing the ( ) of iron.  

(2) Liberation Bridge is one of Tianjin's landmark buildings, a fully steel-structured, openable bridge.  
   ① Maintenance of the Liberation Bridge requires rust removal. Write the chemical equation for removing rust (main component is \(Fe_{2}O_{3}\)) with dilute hydrochloric acid: ( ).  
   ② Iron reacts with ( ) in the air to form rust. To prevent rusting of steel structures, protective layers are often applied on the surface.  

(3) In industry, the principle of iron smelting is the reaction between carbon monoxide and iron oxide at high temperatures. The chemical equation for this reaction is ( ).  

(4) When 6g of iron powder is placed into a ( ) solution."	fill_in_the_blank	Thermal conductivity; \(Fe_{2}O_{3} + 6HCl = 2FeCl_{3} + 3H_{2}O\); oxygen; \(Fe_{2}O_{3} + 3CO \xrightarrow{\text{high temperature}} 2Fe + 3CO_{2}\); \(FeSO_{4}, ZnSO_{4}\)	Conditions for Metal Corrosion and Its Prevention###The chemical properties of acids###Based on the calculations of the chemical equation###Physical properties of metals###Iron smelting	"Solution:
(1) Cooking with an iron pan takes advantage of iron's thermal conductivity.
(2) 
① Iron oxide reacts with hydrochloric acid to form ferric chloride and water. The chemical equation for the reaction is \(Fe_{2}O_{3} + 6HCl = 2FeCl_{3} + 3H_{2}O\).
② Iron rusts when it reacts with oxygen and water in the air.
(3) Carbon monoxide and iron oxide at high temperatures produce iron and carbon dioxide. The chemical equation for the reaction is \(Fe_{2}O_{3} + 3CO\begin{array}{r}
\underset{\_}{\underset{\_}{\text{high temperature}}} \\
\end{array}2Fe + 3CO_{2}\).
(4) 6g of iron powder is added to a mixed solution of copper sulfate and zinc sulfate. After complete reaction and filtration,"	2024	middle	hard
