index	question	category	answer	knowledge	analysis	year	grade_level	difficulty_level
5327	"Given a certain mass of a mixture of Zn and ZnO that reacts completely with 100g of dilute sulfuric acid with a solute mass fraction of 9.8%, resulting in an unsaturated solution. Which of the following statements is correct?
A. The mass of hydrogen gas produced is 0.2g
B. The mass of the mixture could be 7.5g
C. The mass of the resulting unsaturated solution is less than 108.1g
D. The mass of the water produced is 1.8g"	multiple_answer_choice	B,C	Chemical properties of metals###The chemical properties of acids###Based on the calculations of the chemical equation	nan	2024	middle	easy
3612	"The following experimental schemes can achieve their intended purposes:

Option | Experimental Purpose | Experimental Scheme
------- | ------------------- | -------------------
A | Remove CO mixed in CO\textsubscript{2} | Pass the gas through heated copper oxide
B | Remove Cu mixed in Al | Add sufficient hydrochloric acid, then filter
C | Differentiate between hydrogen peroxide solution and water | Observe the color of the liquid
D | Differentiate CO\textsubscript{2} and O\textsubscript{2} | Introduce into litmus solution separately, observe the phenomenon

A. A B. B C. C D. D"	multiple_answer_choice	A,D	Laboratory preparation of oxygen###The chemical properties of acids###Exploring the properties of carbon dioxide###Chemical properties of carbon monoxide	nan	2022	middle	easy
3390	"Chemistry is closely related to life. The following statement is incorrect: (     )
A. If an alcohol lamp spills and catches fire, using a wet cloth to extinguish it mainly lowers the ignition point.
B. Dish detergent has an emulsifying function and can remove grease from dishes.
C. Aluminum products are more resistant to corrosion than iron products because a dense oxide film easily forms on the surface of aluminum.
D. Using a burning stick to check for leaks in a liquefied petroleum gas tank."	multiple_answer_choice	A, D	Emulsification Phenomenon and Emulsification Action###The properties and applications of common metals###Principles and Methods of Fire Extinguishing###Combustion and Explosion Experiments	"【Answer】  
A. The ignition point is an inherent property of a substance and cannot be changed arbitrarily. Using a wet cloth to extinguish a fire primarily utilizes water to absorb heat and lower the temperature below the ignition point while also isolating oxygen, achieving the purpose of extinguishing the fire, thus it fits the question's context;  
B. Dish soap has emulsifying functions, allowing oil droplets to disperse into numerous tiny droplets instead of forming large oil beads, preventing oil and water from separating, enabling the removal of oil stains from dishes, thus it doesn't fit the question's context;  
C. Aluminum products are more corrosion-resistant than iron ones because aluminum surfaces easily form a dense aluminum oxide film that prevents further oxidation of the underlying aluminum, while the rust formed on iron has a loose and porous structure that doesn't prevent underlying iron from continuing to react with oxygen, thus it doesn't fit the question's context;  
D. Liquefied petroleum gas (LPG) is flammable"	2019	middle	medium
3450	"The correct statement is (    )
A. A substance composed of different elements must be a mixture.
B. If a substance can react with a base to produce salt and water, then it must be an acid.
C. After a metal displaces in a salt solution, the solution's mass does not necessarily increase.
D. At the same temperature, the solute mass fraction of a saturated solution of a substance must be greater than that of its unsaturated solution."	multiple_answer_choice	C, D	Saturated solution and unsaturated solution###Chemical properties of alkalis###Pure substances and mixtures	"[Solution] A. Mixtures consist of different substances, but substances composed of different elements are not necessarily mixtures. For example, water consists of different elements and is a pure substance, so A doesn't fit the question's intent;
B. If a substance can react with a base to form salt and water, it is not necessarily an acid. For instance, non-metal oxides react with bases to form salt and water, so B doesn't fit the question's intent;
C. When metals react with salts, the change in the solution's mass depends on comparing the relative atomic mass of the metal entering the solution with that of the displaced metal. If the entering metal's relative atomic mass is greater than the displaced metal's, the solution's mass increases; if it's smaller, the solution's mass decreases, so C fits the question's intent;
D. A saturated solution is one where the solvent at a certain temperature can no longer dissolve the solute. Thus, at the same temperature, a saturated"	2022	middle	easy
3439	"The correct reagents or methods for identifying the following substances are:  
A. Air and oxygen - Insert a glowing splint  
B. Charcoal powder and iron(III) oxide - Observe the color  
C. Nitrogen and carbon dioxide - Insert a burning splint  
D. Water and hydrogen peroxide solution - Add manganese dioxide  

A. A B. B C. C D. D"	multiple_answer_choice	A, D	Testing and identification of substances	"Answer: A. Take a sample, insert a glowing wooden splint. If it reignites, it is oxygen; if not, it is air. Different phenomena can identify them. Option A's identification method is correct;  
B. Both charcoal powder and ferric oxide are black solids, observing color cannot distinguish between them. Option B's identification method is incorrect;  
C. Both nitrogen and carbon dioxide do not burn and do not support combustion. Inserting a burning splint causes it to extinguish in both cases, thus they cannot be distinguished. Option C's identification method is incorrect;  
D. Take a sample, add manganese dioxide. Bubbling indicates hydrogen peroxide solution, no significant reaction indicates water. Different phenomena can identify them. Option D's identification method is correct;  
Therefore, choose: AD.  

Analysis:  
A. Analyze based on oxygen's property of supporting combustion;  
B. Analyze based on both charcoal powder and ferric oxide being black solids;  
C"	2024	middle	easy
787	"Life is inseparable from chemistry everywhere. The following statement is incorrect:
A. Use saltwater to remove the white film on the inner wall of a limewater reagent bottle.
B. Photosynthesis converts CO\textsubscript{2} and H\textsubscript{2}O into O\textsubscript{2} and organic compounds while releasing energy.
C. Quicklime and iron powder are common desiccants.
D. Dry ice sublimates and absorbs heat, which can be used as a refrigerant or for stage fog effects."	multiple_answer_choice	A, B	Chemical properties of salt###Uses of Carbon Dioxide###Properties and Uses of Quicklime	nan	2024	middle	easy
2389	"Among the following statements, the correct one is (     )
A. Chemistry is a fundamental discipline that studies matter and its change patterns at the atomic and molecular level.
B. The diverse substances are all directly composed of atoms.
C. Everything in the world is made up of extremely small particles.
D. Today's science and technology have reached the level of moving and arranging atoms and molecules."	multiple_answer_choice	A,C,D	Fields and Applications of Chemistry Research###The particulate nature of matter###The relationship between molecules, atoms, ions, elements, and substances	Answer: A, Chemistry is a fundamental science that studies substances, structures, and their patterns of change at the atomic and molecular levels, A is correct; \ B, The wide variety of substances, some are composed of atoms, some of molecules, B is incorrect; \ C, Everything in the world is composed of extremely small particles, C is correct; \ D, Current science and technology have reached the level of moving and arranging atoms and molecules, D is correct; \ Therefore, choose ACD. \ Analysis: The particles that make up substances include molecules, atoms, and ions.	2023	middle	easy
5315	"To achieve the following experimental objectives, the corresponding experimental design is reasonable:

Option | Experimental Objective | Experimental Design 
-------|------------------------|--------------------
A | Distinguish \(H_{2}\) and \({CH}_{4}\) | Ignite separately and cover with a dry and cold beaker above the flame
B | Test for \({Na}_{2}{CO}_{3}\) in NaOH solution | Add excess dilute sulfuric acid and observe the phenomenon
C | Remove CuO mixed in Fe | Add excess dilute hydrochloric acid, filter, wash, and dry
D | Remove small amounts of sulfuric acid from hydrochloric acid | Add an appropriate amount of barium chloride solution and filter

A. A B. B C. C D. D"	multiple_answer_choice	B, D	The chemical properties of acids###Chemical properties of salt###Purity testing of combustible gases such as hydrogen, carbon monoxide, and methane.	nan	2024	middle	easy
3622	"Regarding the physical properties of graphite, the correct statement is (    )
A. A deep gray transparent solid with metallic luster
B. Soft with a slippery feel
C. Excellent electrical conductivity
D. Low melting point"	multiple_answer_choice	B,C	The properties and applications of common metals	"[Answer] Graphite is a fine, flake-like solid with a deep gray color, metallic luster, and is opaque. Graphite is very soft with a slippery feel and has excellent electrical conductivity and a high melting point;
Therefore, the answer is: BC.
[Analysis] The properties that a substance can exhibit without undergoing a chemical change are analyzed as physical properties."	2019	middle	easy
4261	"The correct correspondence between the experimental operation, phenomenon, and conclusion is:

A. A  
B. B  
C. C  
D. D"	multiple_answer_choice	B, D	Inspection of Common Gases###Alloys and Their Properties###Identification of Acids, Bases, and Salts###Law of Conservation of Mass and its Applications###Design and Evaluation of Chemical Experiment Plans	"Answer:

A. The beaker with limewater placed above the alcohol lamp flame turns cloudy, indicating the presence of carbon elements in alcohol, but not proving the presence of oxygen elements, so A is incorrect.

B. When SO₂ is introduced into a purple litmus solution, the solution turns red, indicating that the aqueous solution of SO₂ is acidic, so B is correct.

C. When ammonium chloride and calcium hydroxide powder are mixed and ground, an ammonia smell is detected, indicating that mixing nitrogen fertilizer with alkaline substances renders the fertilizer ineffective, so C is incorrect.

D. When an aluminum alloy scratches an aluminum sheet, clear scratches are visible on the aluminum sheet, indicating that the hardness of the aluminum alloy is greater than that of aluminum, so D is correct.

Therefore, select: BD.

Analysis:

A. Analyze based on carbon dioxide turning clear limewater cloudy.

B. Analyze based on the reaction of sulfur dioxide with water to generate sulfurous acid.

C. Analyze based"	others	middle	easy
494	"The properties of a substance determine its use. The following match between the use and properties of a substance is incorrect:
A. Quicklime can be used as a food desiccant because it is hygroscopic
B. Activated carbon can be used as a refrigerator deodorizer because it is adsorptive
C. Tungsten can be used for making incandescent lamp filaments because it has a high melting point and conducts electricity
D. Baking soda can be used to treat excess stomach acid because it decomposes easily when heated"	multiple_answer_choice	A, D	Uses of Common Salt###Properties and Uses of Carbon Allotropes###Properties and Uses of Quicklime	nan	2024	middle	easy
4673	"Regarding the listed chemical symbols: ①H ②Mg\textsuperscript{2+} ③P\textsubscript{2}O\textsubscript{5} ④KClO\textsubscript{3}, the correct statements are (     )
A. The chemical formulas representing the composition of substances are ③ and ④
B. The digit ""5"" in ③ indicates there are 5 oxygen atoms in phosphorus pentoxide
C. ② represents a cation
D. The oxidation state of chlorine in ④ is -1"	multiple_answer_choice	A, C	Symbols of Elements and Their Meanings###The meaning of chemical symbols and their surrounding numbers.	"Answer: A. ③P\textsubscript{2}O\textsubscript{5} is the chemical formula for diphosphorus pentoxide, ④KClO\textsubscript{3} is the chemical formula for potassium chlorate. The formulas that represent the composition of substances are ③ and ④, so A matches the question intent; B. The number at the lower right of the element in the chemical formula indicates the number of atoms in a molecule. The ""5"" in P\textsubscript{2}O\textsubscript{5} indicates that there are 5 oxygen atoms in one molecule of diphosphorus pentoxide, so B doesn't match the question intent; C. ②Mg\textsuperscript{2++} carries a charge of 2 positive units and is a cation, so C matches the question intent; D. Potassium has a valency of +1, oxygen has a val"	2017	middle	easy
5029	"The promotional theme of the 2016 ""China Water Week"" is ""Implementing the Five Development Concepts and Promoting the Strictest Water Resource Management."" The following practice does not conform to this theme:

A. Gradually phasing out high water consumption production processes

B. Using flood irrigation for crops

C. Discharging domestic sewage after centralized treatment

D. Excessive extraction and use of groundwater"	multiple_answer_choice	B,D	Protect water resources	"【Solution】 A. Gradually phasing out high water consumption production processes can save a large amount of water, hence A does not fit the question;  
B. Flood irrigation of crops wastes water, therefore B fits the question;  
C. Centralized treatment of domestic sewage before discharge prevents water pollution, thus C does not fit the question;  
D. Excessive extraction and use of groundwater, therefore D fits the question.  
Thus, the answer is: BD.  
【Analysis】 The analysis can be conducted from the perspectives of protecting water resources, rational utilization of water resources, and proper sewage treatment."	2018	middle	easy
3460	"The correct statements or practices are as follows:
A. In case of accidental fire involving books or archives, a dry powder fire extinguisher can be used.
B. Vinegar can be used to remove limescale from a kettle.
C. When the flame of a gas stove appears yellow or orange, the stove's air inlet needs to be adjusted.
D. Polyvinyl chloride plastic film is used for vegetable greenhouses."	multiple_answer_choice	B, C	Uses of Common Salt###Classification and Identification of Organic Polymer Materials###Complete combustion and incomplete combustion###Several Common Types of Fire Extinguishers	nan	2024	middle	easy
4873	"March 29 is the ""Earth Hour"" event day, aimed at urging every citizen to start from themselves and take practical actions to address the most pressing environmental issues. As a middle school student, the following actions align with this theme:

A. Choose bicycles and public transportation as means of travel
B. Save paper by using electronic greeting cards instead of paper ones
C. Collect waste paper, soda bottles, etc., for one-time burning
D. Boost domestic demand by using more disposable wooden chopsticks"	multiple_answer_choice	A,B	Green chemistry###Air Pollution and Prevention	nan	2024	middle	easy
3616	"The correct method to distinguish the following substances is:

| Option | Substances to be Distinguished   | Method                        |
|--------|---------------------------------|-------------------------------|
| A.     | Water and alcohol               | Smell                         |
| B.     | Charcoal powder and ferric oxide| Observe color                 |
| C.     | Nitrogen and air                | Glowing wooden splint         |
| D.     | Carbon monoxide and carbon dioxide | Pass through clear limewater |

A. A B. B C. C D. D"	multiple_answer_choice	A,D	Chemical properties of oxygen###The reaction phenomena of oxygen with substances such as carbon, phosphorus, sulfur, and iron.###Inspection and Completion of Carbon Dioxide###Properties and uses of common organic compounds such as methane and ethanol.	nan	2023	middle	easy
5046	"Which statement about molar mass is correct?

A. The molar mass of water is 18g/mol.
B. If the mass of one chlorine atom is ag, then the molar mass of that chlorine atom is a N\textsubscript{A} g/mol.
C. The molar mass of any substance is equal to its relative atomic mass or relative molecular mass.
D. The relative molecular mass of hydrogen, the mass of 1 mol of hydrogen, and the molar mass of hydrogen are equal numerically."	multiple_answer_choice	B,D	Related calculations of chemical formulas###Molar Mass and Related Calculations###Amount of substance and related calculations	nan	2024	middle	easy
6029	"The incorrect description of the following experimental phenomena is:  
A. Charcoal burns violently in oxygen, emitting white light, releasing heat, and producing carbon dioxide.  
B. Sulfur powder burns more vigorously in oxygen, with a bright bluish-purple flame, generating a gas with a pungent smell.  
C. Red phosphorus burns in air, releasing heat and producing a large amount of white smoke.  
D. Iron burns violently in air, emitting sparks, generating a black solid, and releasing heat."	multiple_answer_choice	A, D	The reaction phenomena of oxygen with substances such as carbon, phosphorus, sulfur, and iron.###Complete combustion and incomplete combustion	nan	2022	middle	easy
4879	"Oxygen is a common substance around us. The following statements about oxygen are correct:  
A. When sulfur burns in oxygen, the flame produced is pale blue.  
B. Fish can survive in water because O\textsubscript{2} is easily soluble in water.  
C. Oxygen supports combustion.  
D. Producing oxygen using potassium chlorate in the laboratory is a decomposition reaction."	multiple_answer_choice	C,D	Physical properties of oxygen###Chemical properties of oxygen###Laboratory preparation of oxygen	"【Answer】 A. Sulfur burns with a blue-violet flame in oxygen, option A is not relevant to the question;
B. There's a small amount of dissolved oxygen in water, and oxygen is not easily soluble in water, option B is not relevant to the question;
C. Oxygen supports combustion, option C is relevant to the question;
D. Laboratory production of oxygen from potassium chlorate is a decomposition reaction, option D is relevant to the question,
Hence, the answer is: options CD.
【Analysis】 Sulfur burns in oxygen producing a blue-violet flame and releases heat, generating a gas with a pungent smell; oxygen is not easily soluble in water, so typically only a small amount of oxygen is dissolved in water."	2018	middle	easy
1956	"Separation and purification are important methods for obtaining substances. Among the following experimental plans, the reasonable one is:

Options | Substance | Impurity | Reagents and methods used for impurity removal
---|---|---|---
A | N\textsubscript{2} | O\textsubscript{2} | Passing the mixed gas through hot carbon powder, drying
B | Fe\textsubscript{2}O\textsubscript{3} | Fe | Adding an excess of dilute hydrochloric acid
C | CaCl\textsubscript{2} solution | HCl | Adding an excess of CaCO\textsubscript{3} solid, filtering
D | NaCl solution | Na\textsubscript{2}CO\textsubscript{3} | Adding an appropriate amount of BaCl\textsubscript{2} solution, filtering

A. A B. B C. C D. D"	multiple_answer_choice	C, D	The chemical properties of acids###Chemical properties of salt###Solubility of acids, bases, and salts###Chemical properties of carbon	nan	2024	middle	easy
3443	"Xiao Ming found a white solid in the kitchen and thought ""it might be salt."" For the possibility that it is salt, it should be part of the scientific inquiry (   ). Xiao Hua said ""you can taste it."" For the process of ""tasting it,"" it should be part of the scientific inquiry (   ).
A. Problem B. Hypothesis C. Experiment D. Conclusion"	multiple_answer_choice	B, C	Basic Methods and Significance of Scientific Inquiry	"[Answer] ""It might be salt"" should be a hypothesis and assumption in scientific inquiry, ""you can taste it"" should be the collection of evidence in scientific inquiry, that is, through experimentation.

[Analysis] According to ""It might be salt,"" form a hypothesis and assumption in scientific inquiry, ""you can taste it"" to design and analyze experiments."	2019	middle	easy
510	"Mastering some safety knowledge and emergency fire extinguishing measures can reduce or avoid fires. The following practice is incorrect:
A. In case of indoor fire, quickly open doors and windows for ventilation
B. Do not use water-based extinguishers to put out electrical fires
C. In case of fire, cover your mouth and nose with a wet towel and stay close to the ground to escape
D. When a high-rise building is on fire, it is prohibited to use the elevator to escape"	multiple_answer_choice	A, B, D	Principles and Methods of Fire Extinguishing###Several Common Types of Fire Extinguishers	nan	2024	middle	easy
5568	"The following statements are correct:
A. Mole is a physical quantity, denoted by mol.
B. 1 mol of a substance contains approximately 6.02×10\textsuperscript{23} particles.
C. 1 mol of H\textsubscript{2}O\textsubscript{2} contains 1 mol more oxygen than 1 mol of H\textsubscript{2}O.
D. The molar mass of hydrogen gas is 2g."	multiple_answer_choice	B, C	Molar Mass and Related Calculations###Amount of substance and related calculations	nan	2024	middle	easy
4096	"The correct statement is (   )
A. Calcium hydroxide solution, ethanol, and sulfuric acid can all conduct electricity.
B. Cotton and wool are both natural organic polymer materials and can be distinguished by igniting and smelling their odors.
C. The mass and chemical properties of a catalyst do not change before and after a chemical reaction.
D. When measuring the pH of dilute sulfuric acid, use a glass rod to dip the dilute sulfuric acid and drop it onto a pH test paper moistened with water."	multiple_answer_choice	B, C	Characteristics of Catalysts and Catalytic Action###Identification of cotton fibers, wool fibers, and synthetic fibers###Conductivity of the Solution and Its Principle Analysis###Determination of the pH of a solution	Answer: A. Both calcium hydroxide solution and sulfuric acid contain freely moving ions and can conduct electricity, but ethanol does not contain freely moving ions and cannot conduct electricity, so it does not meet the requirements of the question; B. Both cotton and wool are natural organic polymer materials. Cotton emits a burning paper smell when burned, while wool emits a burnt feather smell. The difference in smell allows them to be distinguished by burning and smelling, so it meets the requirements of the question; C. A catalyst does not change in mass and chemical properties before and after a chemical reaction, so it meets the requirements of the question; D. When measuring the pH of dilute sulfuric acid, if you use a glass rod to dip dilute sulfuric acid and drop it onto pH paper moistened with water, it will dilute the dilute sulfuric acid, reducing its original concentration and acidity, making the pH appear larger, so it does not meet the requirements of the question. Therefore,	2022	middle	easy
1979	"The actions that are better for the environment are (     )
A. Refusing to use disposable bowls and chopsticks
B. Throwing beverage bottles into the Tuojiang River
C. Using reusable cloth bags instead of disposable plastic bags for shopping
D. Setting off traditional fireworks by the ring road"	multiple_answer_choice	A, C	Green chemistry###White Pollution and Its Prevention and Control###The Use of Synthetic Materials and Their Impact on Humans and the Environment	"Answer: A. Refusing to use disposable bowls and chopsticks can avoid resource waste and reduce environmental pollution; it is good for the environment, A is correct.  
B. Throwing beverage bottles into the Tuojiang River will pollute the water source and is harmful to the environment, B is incorrect.  
C. Using eco-friendly cloth bags instead of disposable plastic bags for shopping can reduce environmental pollution, C is correct.  
D. Setting off traditional fireworks by the ring road will cause air pollution and is harmful to the environment, D is incorrect.  
Therefore, the answers are A and C.  
Analysis: The answer is based on the impact of each behavior on the environment according to the options."	2023	middle	easy
5792	"Among the following gases, which can be dried by both NaOH and concentrated H\textsubscript{2}SO\textsubscript{4}?

A. CO\textsubscript{2} B. O\textsubscript{2} C. H\textsubscript{2} D. NH\textsubscript{3}"	multiple_answer_choice	B, C	Determine the gases that can be dried based on the properties of concentrated sulfuric acid or soda lime.	"Answer: A. CO\textsubscript{2} can react with sodium hydroxide to produce sodium carbonate and water; thus, NaOH solid cannot be used for drying, which does not meet the requirements.  
B. O\textsubscript{2} neither reacts with concentrated sulfuric acid nor with sodium hydroxide, so it can be dried with either concentrated H\textsubscript{2}SO\textsubscript{4} or NaOH, which meets the requirements.  
C. H\textsubscript{2} neither reacts with concentrated sulfuric acid nor with sodium hydroxide, so it can be dried with either concentrated H\textsubscript{2}SO\textsubscript{4} or NaOH, which meets the requirements.  
D. NH\textsubscript{3} can react with concentrated sulfuric acid, so it cannot be dried with concentrated sulfuric acid, which does not meet the requirements.  
Hence the answer is:"	2022	middle	easy
2766	"The incorrect experimental operation is: (　　)
A. To accelerate filtration, a glass rod can be used to continuously stir the substances in the funnel.
B. When heating potassium permanganate to produce oxygen, the mouth of the test tube should be slightly inclined downward.
C. After extinguishing the alcohol lamp, fill it with alcohol again.
D. Distillation can both purify and soften water."	multiple_answer_choice	A, C	Exploration of Precautions for Experimental Procedures	Answer: A. During filtration, a glass rod should not be used to constantly stir the substance in the funnel to avoid damaging the filter paper, so A is incorrect, meeting the question's intent; B. When heating potassium permanganate to produce oxygen, the test tube should be slightly inclined downward to prevent condensation water from flowing back and causing the test tube to break, so B is correct, not meeting the question's intent; C. After extinguishing the alcohol lamp, add alcohol to it, but do not fill it more than two-thirds of its capacity, so C is incorrect, meeting the question's intent; D. Distillation removes all impurities from water, purifying and softening it, so D is correct, not meeting the question's intent. Therefore, the answer is AC. Analysis: A. Analyze based on the precautions for filtration operations. B. Analyze based on the precautions for producing oxygen by heating potassium permanganate. C. Analyze based on the precautions for using	2021	middle	easy
3621	"The following organized content is completely correct:

A. Chemistry and Safety  
- Dilute acid splashed into eyes ------ neutralize with NaOH solution  
- Entering a long unopened cellar ------ first conduct a flame test  

B. Chemistry and Life, Production  
- Packaged food ------ use polyethylene plastic  
- Promote crop yield increase ------ reasonably use pesticides and fertilizers  

C. Chemistry and Energy  
- Fossil fuels ------ coal, oil, and natural gas  
- Clean energy ------ hydrogen, solar, wind energy, etc.  

D. Chemistry and Environment  
- Reduce car exhaust pollution ------ ban all private cars from traveling  
- Reduce soil and water pollution ------ sort and recycle waste

A. A B. B C. C D. D"	multiple_answer_choice	B,C	Classification and Identification of Organic Polymer Materials###The Use and Conservation of Fossil Fuels###The use of common fuels and their impact on the environment###Treatment of acidic and alkaline wastewater	nan	2022	middle	easy
3448	"The filtrate obtained from filtering is cloudy, possibly because of:  
A. Damaged filter paper  
B. Liquid level in the funnel is higher than the edge of the filter paper  
C. Filter paper is not tightly against the inner wall of the funnel  
D. The funnel tip is not close to the inner wall of the beaker"	multiple_answer_choice	A, C	Principle, Methods, and Applications of Filtration###Exploration of Experimental Data Processing or Error Analysis	Answer: A, damaged filter paper will allow some liquid to flow out unfiltered, causing the filtrate to be cloudy, A is correct; B, liquid level above the filter paper edge will cause some liquid to flow downward without being filtered, causing the filtrate to be cloudy, B is incorrect; C, filter paper not closely adhering to the funnel wall will slow the filtration speed, C is correct; D, beaker not closely placed at the funnel's lower end will cause splashing, D is incorrect; therefore, the answer is: AC. Analysis: Based on the cloudy filtrate obtained after filtration, possible reasons could be damaged filter paper, the liquid level in the funnel being higher than the filter paper edge, and an unclean beaker used for collecting the filtrate.	2023	middle	easy
437	"The substances that can be separated by the sequence of dissolution, filtration, and evaporation are (    )
A. Sodium chloride and sodium nitrate
B. Sodium carbonate and calcium carbonate
C. Charcoal and copper chloride
D. Alcohol and water"	multiple_answer_choice	B, C	Methods of Separating Mixtures###Principle, Methods, and Applications of Filtration###Solubility of acids, bases, and salts	"【Answer】Solution:
A. Sodium chloride and sodium nitrate both dissolve in water, so this method cannot be used to separate them. This option is incorrect.
B. Calcium carbonate does not dissolve in water, while sodium carbonate does. They can be separated by filtration. Correct.
C. Charcoal does not dissolve in water, while copper chloride does. They can be separated by filtration. Correct.
D. Alcohol and water are both liquids and are mutually soluble, so they cannot be separated by filtration. Incorrect.
The correct choices are B and C.

【Analysis】To separate substances by the ""dissolution-filtration-evaporation"" steps, the mixture must consist of an insoluble substance and a soluble substance. Therefore, analyze and determine based on the solubility of each substance in the options."	others	middle	medium
4260	"The incorrect safety measure is ( ).
A. Extinguishing an electrical fire with water
B. Turning off the gas stove valve to extinguish the gas flame
C. Extinguishing a grease fire by covering it with a lid
D. Performing a candle test before entering a coal mine shaft that has not been used for a long time"	multiple_answer_choice	A, D	Principles and Methods of Fire Extinguishing###Safety knowledge of flammable and explosive materials	Answer: A. Using water to extinguish an electrical fire can easily cause a short circuit and electric shock, so the power should be cut off before extinguishing the fire, thus A is correct. B. According to combustion conditions, fire requires the presence of combustible material, and turning off the gas valve can remove the combustible material, extinguishing the gas flame, so B is incorrect. C. Using a pot lid to cover the fire isolates oxygen, extinguishing the oil fire, so C is incorrect. D. Conducting a candle test in a long-unused coal mine can easily cause an explosion due to the presence of flammable gas methane, so D is correct. Therefore, the answer is: AD. Analysis: Do not use water for electrical fires as water conducts electricity and is dangerous. There are methane gases in coal mines, which can easily cause explosions when exposed to open flames.	2023	middle	easy
5791	"To prevent accidents, the following actions are incorrect ( ):
A. When there is a gas leak in the kitchen, call for help before turning off the valve
B. Placing a basin of cold water next to the coal stove can prevent gas poisoning
C. When lighting fireworks and firecrackers, keep away from people and flammable materials
D. When electrical appliances catch fire, the power supply should be cut off first"	multiple_answer_choice	A, B	Common Methods for Handling Accidents###The physical properties of carbon monoxide###Safety knowledge of flammable and explosive materials	Answer: A. When there is a gas leak in the kitchen, do not call for help first to prevent explosions caused by exposure to open flames, consistent with the meaning of the question; B. CO is not easily soluble in water, placing a basin of cold water next to a coal stove cannot prevent gas poisoning, consistent with the meaning of the question; C. When setting off fireworks, stay away from crowds and flammable materials to avoid danger, not consistent with the meaning of the question; D. After an electrical fire, the power should be cut off first, not consistent with the meaning of the question; Therefore, the answer is: AB. Analysis: A. Prevent explosions caused by exposure to open flames in the event of a gas leak; B. Analysis based on CO's low solubility in water; C. Analysis based on the need for safety when setting off fireworks, keeping away from crowds and flammable materials; D. Analysis based on the need to cut off the	2024	middle	easy
4077	"The development and utilization of energy and materials are closely related to the sustainable development of human society. The Chinese people's gradual triumph over COVID-19 reflects the nation's strong cohesion and the people's endless wisdom. The rapid construction of the Huoshenshan Hospital in ten days relied on contributions from chemical material science. Which of the following statements is correct? (Fill in the letter)
A. The extensive use of glass for doors and windows in the building belongs to inorganic non-metallic materials.
B. The roof panel design uses upper and lower layer fiberglass sandwich panels, which belong to metallic materials.
C. The purification ventilation duct system uses hot-dipped galvanized steel sheets, classified as composite materials.
D. The floor design utilizes PVC plastic flooring, classified as organic polymer materials."	multiple_answer_choice	A, D	The Use of Synthetic Materials and Their Impact on Humans and the Environment###The development of new materials is closely related to social development.###Inorganic Non-metallic Materials and Their Applications	nan	2023	middle	easy
513	"Among the following substances, which one is not a composite material?  
A. Reinforced concrete  
B. Fiberglass  
C. Advanced ceramics  
D. Compound fertilizer"	multiple_answer_choice	C, D	Composite materials, nanomaterials	Answer: A. Reinforced concrete is composed of steel and cement, making it a composite material; A does not meet the requirements. B. Fiberglass is a composite material made from glass and fiber; B does not meet the requirements. C. Advanced ceramics are inorganic non-metallic materials; C meets the requirements. D. Fertilizers containing two or more of N, P, K are compound fertilizers, considered from the elemental perspective; D meets the requirements. Therefore, the answer is: CD. Analysis: Composite materials are created via physical or chemical methods to form materials with new properties.	others	middle	easy
140	"In the following experiments, which one applies the method of controlling variables?
A. Studying the law of conservation of mass through the change in mass before and after reactions between substances in different states
B. Investigating the composition of water by examining the products at the electrodes in the electrolysis of water experiment
C. Studying the factors affecting solubility by measuring the amount of substance dissolved through changing the solvent and temperature
D. Verifying the volume content of oxygen in air using an experiment in which excess red phosphorus burns in a closed container"	multiple_answer_choice	A, C	Exploration of Experimental Procedures	"[Answer] A. To explore the law of conservation of mass, one must check if the mass of substances before and after the reaction is equal, which requires a comparative experiment. Therefore, A aligns with the question's intent. B. In water electrolysis, oxygen is produced at the anode and hydrogen at the cathode, revealing the composition of water without involving a control experiment, so B does not meet the question's intent. C. By altering solvent and temperature to measure the solubility of substances, the experiment studies factors affecting solubility, which is a comparative experiment. Hence, C aligns with the question's intent. D. Studying the oxygen content in air involves burning white phosphorus to consume the oxygen, reducing the pressure inside the flask and allowing water to enter, with no control experiment involved, so D does not meet the question's intent. Thus, the answer is: AC.

[Analysis] Control variable method: In multi-variable problems where situations can be complex,"	2018	middle	medium
2757	"The correct comparisons among the following items are:
A. Boiling point: liquid helium < liquid oxygen
B. Degree of water purification: distillation < filtration
C. Density: air > hydrogen
D. Number of electrons outside the nucleus: Na\textsuperscript{+} > Na"	multiple_answer_choice	A, C	Physical properties of oxygen###Purification of water###Mutual transformation of atoms and ions###The physical properties of hydrogen	nan	2024	middle	easy
1235	"For charcoal, carbon monoxide, and hydrogen reacting with copper oxide (under appropriate conditions), the following statements are correct:
A. All are reducing agents
B. All are displacement reactions
C. All produce carbon dioxide
D. All produce a red substance"	multiple_answer_choice	A,D	Chemical properties of carbon###The chemical properties of carbon dioxide###Chemical properties of hydrogen and combustion experiment###Reduction Reaction and Its Applications	"Answer: A. Carbon monoxide, charcoal, and hydrogen all have reducing properties and can be used as reducing agents. Therefore, the option is correct; B. The reaction between carbon monoxide and copper oxide is not a displacement reaction. Therefore, the option is incorrect; C. Hydrogen reducing copper oxide produces water. Therefore, the option is incorrect; D. Carbon monoxide, charcoal, and hydrogen reducing copper oxide have the same phenomenon: the color changes from black to red. Therefore, the option is correct. The answer is AD.

Analysis: This question tests the chemical properties of carbon monoxide, charcoal, and hydrogen. Their common chemical properties are flammability and reducibility, which means they can all be used as reducing agents. Carbon monoxide and charcoal reducing copper oxide have the same phenomenon: the color changes from black to red, and clear lime water turns cloudy. The phenomenon of hydrogen reducing copper oxide is that the color changes from black to red and water mist appears on the test tube wall. The"	others	middle	medium
62	"The correct statement is (   )
A. The food desiccant made from quicklime can be consumed
B. Directly tasting laboratory chemicals
C. In case of accidental ingestion of heavy metal salts, milk or egg whites can be taken for detoxification
D. If liquefied gas catches fire, quickly shut off the valve"	multiple_answer_choice	C, D	Common Poisoning Routes and Prevention Methods###Principles and Methods of Fire Extinguishing	"【Solution】 

A. Calcium oxide reacts with water to form calcium hydroxide, which is corrosive, so food desiccants made from quicklime are not edible, thus A is incorrect.

B. Laboratory chemicals must not be tasted, thus B is incorrect.

C. Heavy metal salts can make proteins lose their physiological activity, leading to poisoning. Therefore, if heavy metal salts are ingested, milk or egg whites can be consumed as an antidote, thus C is correct.

D. In case of liquefied gas catching fire, quickly close the valve to cut off the source of combustible materials, thus D is correct.

Therefore, the answer is: CD. 

[Analysis] 
A. Answer based on the reaction of calcium oxide with water forming corrosive calcium hydroxide.
B. Answer based on the rule that laboratory chemicals must not be tasted.
C. Answer based on heavy metal salts causing proteins to lose physiological activity and lead to poisoning.
D. Answer based on the"	others	middle	medium
781	"In chemistry, different allotropes of the same element are referred to as allotropes, such as diamond and graphite, which are different allotropes composed of carbon. Which of the following groups of substances are allotropes of each other?

A. White phosphorus and red phosphorus
B. Carbon monoxide and carbon dioxide
C. Ice and dry ice
D. Liquid oxygen and ozone (O\textsubscript{3})"	multiple_answer_choice	A, D	Allotropes and Allotropy Phenomenon	"Answer:
A. White phosphorus and red phosphorus are pure substances composed of the element phosphorus and both belong to the category of elemental substances. They are allotropes of each other, thus fitting the description.
B. Carbon monoxide and carbon dioxide are pure substances composed of C and O elements, classified as compounds. They cannot be referred to as allotropes of each other, thus not fitting the description.
C. Ice is solid water, made of H and O elements. Dry ice is solid carbon dioxide, made of C and O elements. The constituent elements are different, and both are pure substances composed of different elements, classified as compounds, hence cannot be referred to as allotropes of each other, thus not fitting the description.
D. Liquid oxygen is liquid oxygen gas. Oxygen and ozone are pure substances composed of the element oxygen and belong to elemental substances. Liquid oxygen and ozone are referred to as allotropes of each other, thus fitting the description.

Therefore, the answer is:"	2021	middle	easy
1396	"Among the following options, the common name and chemical name represent the same substance (   ):
A. Table salt - Sodium chloride
B. Mercury - Silver
C. Limestone - Calcium carbonate
D. Soda ash - Sodium carbonate"	multiple_answer_choice	A, D	Names and Common Names of Substances	"Answer: A. The common name for sodium chloride is table salt; it fits the context.
B. The chemical name for mercury is Hg; it doesn't fit the context.
C. Limestone is a mixture, with calcium carbonate as the main component; it doesn't fit the context.
D. Sodium carbonate is commonly known as soda ash; it fits the context.
Therefore, the answer is: AD. 

Analysis: Analyze based on the common names and chemical formulas of commonly known substances."	2020	middle	easy
2932	"Reducing the oxygen content in the food storage environment can extend the shelf life of food. Among the following methods, which uses this principle? (fill in the number).
A. Curing with salt B. Vacuum packing
C. Refrigeration or freezing D. Using oxygen absorbers"	multiple_answer_choice	B, D	Exploration of the Components of Food Desiccants, Preservatives, and Vacuum Packaging	"Answer: According to the problem, reducing the oxygen content in the food storage environment can extend the shelf life of food. 

A. Adding salt for curing cannot reduce the oxygen content in the food storage environment.  
B. Vacuuming can reduce the oxygen content in the food storage environment.  
C. Refrigeration or freezing cannot reduce the oxygen content in the food storage environment.  
D. Using oxygen absorbers can remove oxygen, thus reducing the oxygen content in the food storage environment.  

Analysis: Reducing the oxygen content in the food storage environment can extend the shelf life of food, and this is analyzed and answered."	2018	middle	medium
