index	question	category	A	B	C	D	answer	knowledge	analysis	year	grade_level	difficulty_level
1830	"To understand continents, one should start with geographical location and natural environment, and analyze the interrelationships of various elements from a perspective of connection. Refer to the ""North America Topographic Cross-section Diagram (37°N)"" (as in Figure 1) and ""North America Topographic Diagram"" (as in Figure 2) to complete the following questions."	single_answer_choice	Caribbean Sea, Gulf of Mexico two ocean	From the perspective of land and sea location, North America is adjacent to (     )	Caribbean Sea, Gulf of Mexico two ocea	Caribbean Sea, Gulf of Mexico two oceans	B	Overview of the Americas	nan	others	middle	easy
829	The distribution characteristics of various ethnic groups in our country are ( ).	single_answer_choice	Minority ethnic groups are distributed in the central and eastern region	Minority ethnic groups are distributed in the central and eastern regions	Rapid population growth	Minority ethnic groups are distributed in the central and eastern regio	C	The distribution of ethnic groups in our country	nan	others	middle	easy
822	Which three religions originated in West Asia?	single_answer_choice	Islam, Judaism, and Christianit	Buddhism, Islam, and Christianity  	Islam, Judaism, and Christianity	Islam, Judaism, and Christiani	B	The world's three major religions###Human and Physical Geography of the Middle East (Religion and Cultural Customs)	nan	others	middle	easy
1408	The following does not belong to the advantages of the development of the Indian service outsourcing industry (      ):	single_answer_choice	Widespread use of Englis	Abundant and cheap labor resources  	Widespread use of English  	Early development in information technology  	D	India's industrial and outsourcing industries	nan	others	middle	easy
2846	Most of the world's plants and animals can find suitable areas for growth in our country because ( )	single_answer_choice	Our country has many rivers and lake	Our country has diverse topography  	Our country has many rivers and lakes  	Our country has a long agricultural history  	D	The main factors affecting the climate of our country	nan	others	middle	easy
4182	When Xiao Wang was traveling in Western Europe, the food he could eat the most was (　　)	single_answer_choice	Steak, chees	Char siu, stew	Steak, chees	Steak, cheese	B	Modern livestock farming in Western Europe	nan	others	middle	easy
817	The following is a non-renewable resource (    )	single_answer_choice	Lan	Land  	River water  	Oil  	C	The concept and types of natural resources	nan	others	middle	easy
4429	The correct description for three maps with the same size: ① World, ② China, ③ Hebei is (     )	single_answer_choice	The geographical features in ① are more detailed than in ② and 	The geographical features in ① are more detailed than in ② and ③	The geographical features in ① are more detailed than in ② an	The geographical features in ② are more detailed than in ① and ③	D	Selection and Use of Maps###Scale	nan	others	middle	easy
100	Densely populated areas of the world are often distributed in (    )	single_answer_choice	Mid to low latitude inland area	Mid to high latitude coastal areas  	Mid to low latitude coastal plains  	Mid to low latitude inland areas  	B	Distribution of World Population (Population Density, Distribution Characteristics, and Causes)	nan	others	middle	easy
838	Regarding the connections between Hong Kong and Mainland China, which statement is correct?	single_answer_choice	Decreased interaction with Mainland personne	Decreased interaction with Mainland personnel  	Provide a large amount of industrial products to the Mainland	Decreased interaction with Mainland personne	C	The close ties between Hong Kong, Macau, and Mainland China	nan	others	middle	easy
4798	"The ""Silicon Valley"" of China refers to (      )"	single_answer_choice	Zhongguancun National Innovation Demonstration Zone in Beijin	Zhangjiang Hi-Tech Park in Shanghai	Zhongguancun National Innovation Demonstration Zone in Beiji	Zhongguancun National Innovation Demonstration Zone in Beijing	B	The development of high-tech industries	nan	others	middle	easy
3494	The following are descriptions of the Yangtze River Delta region. Which is correct?	single_answer_choice	This area has a temperate monsoon climate, and the climate is humid and hot	This area has a temperate monsoon climate, and the climate is humid and hot.	This area has a temperate monsoon climate, and the climate is humid and hot	There are famous ancient capitals here, such as Nanjing, Hangzhou, Xi'an, etc.	D	Overview of the Yangtze River Delta Region###The cultural characteristics and tourism of the water towns	nan	others	middle	easy
4	Natural resources are the foundation of human survival and development. The following statement is incorrect:	single_answer_choice	Natural resources are inexhaustible	Our country has abundant total natural resources, but insufficient per capita.	Natural resources are inexhaustible	Natural resources are inexhaustible.	B	The basic characteristics of natural resources in our country.###The concept and types of natural resources###Conservation and protection of natural resources	nan	others	middle	easy
1406	The 2022 Winter Olympics were held in Beijing and Zhangjiakou, Hebei. Which of the following statements about Beijing is correct?	single_answer_choice	Zhongguancun is China's first national high-tech industrial development zon	The national center for politics, economy, and culture	Zhongguancun is China's first national high-tech industrial development zo	Zhongguancun is China's first national high-tech industrial development zone	B	Overview of Beijing and Its Urban Functions###Beijing	nan	others	middle	easy
437	"Protect the marine environment. To protect the ""blue territory,"" the following practices are advisable:"	single_answer_choice	Ban overfishin	Strictly prohibit shallow sea farming  	Ban overfishing  	Expand land reclamation from the sea  	B	Development and Protection of Marine Resources	nan	others	middle	easy
1518	Among the following options, which thermal zone has more noticeable seasonal changes?	single_answer_choice	Southern Temperate Zon	Tropical Zone  	Southern Temperate Zone  	Southern Frigid Zone  	B	Five-zone division	Based on the learned knowledge, various parts of the Earth are divided into five thermal zones according to the amount of solar heat received. The tropical zone is hot all year round, the polar regions are cold all year round, and the temperate zones have distinct seasons. Thus, the thermal zone with the most apparent seasonal changes is the Southern Temperate Zone. Therefore, the answer is: B. The Earth is divided into five thermal zones according to the amount of solar heat received: the Northern Polar Zone, Northern Temperate Zone, Tropic Zone, Southern Temperate Zone, and Southern Polar Zone. The Tropic Zone experiences direct sunlight, while the polar zones have phenomena of polar day and night. The temperate zones have neither direct sunlight nor polar day and night phenomena.	others	middle	easy
3480	"""Carbon neutrality"" refers to achieving a balance between carbon dioxide emissions and absorption, reaching an offset between the positive and negative to achieve relative ""zero emissions."" China aims to achieve the ""carbon neutrality"" goal by 2060. The following practices contribute to achieving the ""carbon neutrality"" goal:"	single_answer_choice	Completely ban the use of coal to ensure clear skie	Completely ban the use of coal to ensure clear skies  	Frequently purchase excessively packaged products in daily life	Completely ban the use of coal to ensure clear skie	C	The main factors affecting climate###The Formation and Distribution of Commercial Centers in Our Country	nan	others	middle	easy
961	"The incorrect reason for stating ""Earth is the only home for humanity so far"" is (     )"	single_answer_choice	Large fluctuations in surface temperatur	Presence of liquid water resources  	Large fluctuations in surface temperature  	A safe and stable cosmic environment  	B	Earth is humanity's only home.	"(Analysis) A. The Earth has liquid water resources, A does not meet the question's intent;  
B. The Earth's surface temperature varies little, B meets the question's intent;  
C. Safe and stable cosmic environment, suitable for human habitation, C does not meet the question's intent;  
D. The Earth's mass and volume are moderate, attracting an atmosphere with breathable air, D does not meet the question's intent;  
Therefore, the answer is: B. (Review) The observable universe is the largest celestial system known to humans, including the Milky Way and extragalactic systems. The celestial system in which the Earth is located, ranked from largest to smallest, is the observable universe, the Milky Way, the solar system, and the Earth-Moon system."	others	middle	easy
2725	Regarding the formation of the Earth's internal layers, the incorrect statement is (    )	single_answer_choice	Meteorite impacts caused the Earth's surface to be in a molten state, promoting the differentiation of the Earth's layers	Meteorite impacts caused the Earth's surface to be in a molten state, promoting the differentiation of the Earth's layers.	Meteorite impacts caused the Earth's surface to be in a molten state, promoting the differentiation of the Earth's layer	The large mass of the Earth, along with its associated gravity, allows gravitational differentiation to occur effectively.	D	The Earth's Layered Structure	"[Analysis] Combining the knowledge learned, we can conclude:

A. Meteorite impact events not only brought a large amount of material and energy to Earth but also caused Earth's temperature to rise sharply, leading to a molten state on the Earth's surface and promoting the differentiation of Earth's layers. A is correct;

B. Earth's large mass and the related substantial gravity enable effective gravitational differentiation. B is correct;

C. Due to Earth's large mass, it also has a high content of radioactive materials, which can release energy over a long period, facilitating the long-term internal layer differentiation. C is correct;

D. It is generally believed that the primordial Earth differentiated from the solar nebula was homogeneous. Later, due to the decay of radioactive elements, planetary collisions, and compression of Earth's own materials, Earth accumulated significant thermal energy, leading to localized and continuous melting of the original homogeneous materials, thereby causing vertical differentiation and adjustment of the physical and chemical properties of Earth's substances, unrelated to the gravitational pull from the Sun."	others	middle	hard
