index	question	category	answer	knowledge	analysis	year	grade_level	difficulty_level
3394	The largest freshwater lake in the world is ( ).	fill_in_the_blank	Lake Superior	Natural Environment of North America (Topography, Climate, Rivers)	"(Analysis) Lake Superior is the largest freshwater lake in the world, shared by the United States and Canada, with a water area of 82,414 square kilometers and a maximum depth of 405 meters. Its water volume is 12,000 cubic kilometers, accounting for more than half of the total water volume of the Great Lakes.

(Commentary) Lake Superior is the largest freshwater lake by area in the world, discovered by French colonists in 1622. It is shared by the United States and Canada and is surrounded by Ontario province in Canada and Minnesota, Wisconsin, and Michigan in the United States. The lake stretches 616 kilometers east to west and has a maximum width of 257 kilometers north to south. The lake surface has an average elevation of 180 meters, with a water area of 82,414 km² and a maximum depth of 405 meters. Its water volume is 12,000 km³, making up more than half of the Great Lakes' water volume"	others	middle	easy
475	The largest continent in the world by area is \ul{    }, and the largest island in the world by area is \ul{    }.	fill_in_the_blank	Asia; Greenland	Seven continents	"[Analysis] Asia is the largest continent in the world, with an area of 44 million square kilometers. Greenland is located in North America and is the world's largest island, with an area of 2,166,086 square kilometers.

[Review] World's geographical records:
1. Highest peak: Mount Everest (China, Nepal border) at an elevation of 8,848 meters.
2. Highest plateau: Tibetan Plateau (western China) with an average elevation above 4,000 meters.
3. Largest plateau: Brazilian Plateau (South America) at 5 million square kilometers.
4. Longest river: Nile River (Africa) at 6,671 kilometers.
5. River with the largest flow: Amazon River (South America) with a discharge into the sea at 110,000 cubic meters per second, accounting for 1/5 of the global total.
6. River with the largest drainage basin: Amazon River (South America) at 7 million square kilometers.
7"	others	middle	easy
3928	The mainland and its surrounding areas are collectively called ( ). Among the four oceans, the one with the largest area is the ( ). The largest of the seven continents is ( ).	fill_in_the_blank	continent; Pacific Ocean; Asia	Seven continents###The Four Oceans	"(Analysis) The mainland and its nearby islands together are called a continent. Among the four oceans, the largest is the Pacific Ocean, and the smallest is the Arctic Ocean. Among the seven continents, the largest is Asia, and the smallest is Oceania.
Therefore, the answer is: Islands; Pacific Ocean; Asia.
(Comment) This question tests the basic concepts of oceans and land, belonging to understanding and memory-type knowledge points, and is relatively simple.

47."	others	middle	easy
5136	"The characteristic of the world's land and sea distribution is ""( ) parts land, ( ) parts ocean."""	fill_in_the_blank	three; seven	The distribution of land and sea in the world	"(Analysis) Solution: Based on calculations, the Earth's land area accounts for 29% and the ocean area accounts for 71%. The Earth consists of one-third land and two-thirds ocean. No matter how hemispheres are divided, the ocean always exceeds the land.

(Commentary) The Earth's surface is composed of land and ocean, with land making up 29% and ocean 71%, meaning two-thirds ocean and one-third land. The global distribution of land and sea is quite uneven. Land is mainly concentrated in the Northern Hemisphere, but the area around the Arctic is a sea; the ocean is mainly concentrated in the Southern Hemisphere, but the area surrounding the Antarctic is the Antarctic continent. Large and cohesive land areas are referred to as continents. The Earth's surface is divided into six continents: the Eurasian continent, African continent, North American continent, South American continent, Antarctic continent, and Oceania continent."	others	middle	easy
468	The climate characteristics of Asia are: a complex and diverse climate, wide distribution of ( ), and significant ( ) climate.	fill_in_the_blank	monsoons; continental	The natural environment of Asia (topography, climate, rivers)	"[Analysis] The climate of Asia is characterized by its complexity and diversity, widespread continental climate, and significant monsoon climate. Therefore, the answer is: continental climate; monsoon.

[Commentary] This question examines the climatic characteristics of Asia. Among the world's climate types, except for temperate maritime climate and tropical savanna climate, all other types are found in Asia. The eastern, southeastern, and southern coastal and near-coastal areas of Asia have typical monsoon climates. The inland areas of Asia are far from the ocean, and mountain barriers prevent marine moisture from reaching these areas, resulting in dry air and forming a typical temperate continental climate. Students are required to understand and remember the climatic features and causes in Asia."	others	middle	easy
3287	Southeast Asia mainly includes the ( ) Peninsula and the ( ) Archipelago.	fill_in_the_blank	Indochinese; Malay	Location, extent, and major countries of Southeast Asia	[Analysis] Southeast Asia mainly includes two parts: the Indochinese Peninsula and the Malay Archipelago. [Comment] Southeast Asia is located at the crossroads of Oceania, Asia, the Indian Ocean, and the Pacific Ocean, and it primarily comprises the Indochinese Peninsula and the Malay Archipelago.	others	middle	easy
2250	In years when the southwest monsoon is too strong, South Asia is prone to ( ) disasters.	fill_in_the_blank	Flooding	Topography, Climate, and Rivers of South Asia and Their Impact on Agricultural Production	"Analysis and Explanation: South Asia is predominantly characterized by a tropical monsoon climate, with the rainy season dominated by the southwest monsoon. In years when the southwest monsoon is particularly strong, South Asia is prone to flooding disasters. Comment: If the southwest monsoon is too weak, South Asia is likely to experience droughts; if the southwest monsoon is too strong, it is prone to flooding.

Currently, there are [ ] countries that have established over [ ] scientific research stations in Antarctica. China established the [ ] Station on King George Island in 1985 and the Zhongshan Station on the Antarctic continent in 1989."	others	middle	easy
4030	When describing the climate of a region, the essential elements to include are \_\_\_\_\_ and \_\_\_\_\_.	fill_in_the_blank	Temperature; Precipitation	Temperature curve chart and precipitation bar chart	"[Interpretation] The two main elements of climate are temperature and precipitation. Temperature indicates the degree of heat and coldness in an area, while precipitation indicates the area's wetness or dryness. Therefore, when describing the climate of a region, it is essential to include elements of temperature and precipitation.

Thus, the answer is: temperature; precipitation. [Commentary] This question tests the two main elements of climate, falling under memorization-type knowledge points and is relatively simple."	others	middle	easy
300	"Connect the following geographical items with their corresponding descriptions using straight lines:

① Western Europe \ul{　 　} A. ""Crossroads"" of the East

② Southeast Asia \ul{　 　} B. World-renowned industrial belt

③ Russia \ul{　 　} C. World's office

④ India \ul{　 　} D. World's gas station"	fill_in_the_blank	B; A; D; C	Developed industry in Western Europe###Modern livestock farming in Western Europe###India's industrial and outsourcing industries###The agriculture and industry of Russia###The hot and humid climate of Southeast Asia and its abundant natural resources.	"[Analysis] Western Europe is the most economically developed region in the world and the birthplace of the Industrial Revolution, forming one of the world's most famous industrial intensive areas; Southeast Asia, located at the ""crossroads"" of Asia, Oceania, the Pacific Ocean, and the Indian Ocean, is referred to as the Eastern Crossroads. Russia, rich in oil resources, exports to many countries around the world and is known as the ""world's gas station""; India, with its developed service outsourcing industry, is figuratively called the ""world's office."""	others	middle	easy
4232	The direction of Earth's rotation is ( ), causing ( ) geographical phenomena.	fill_in_the_blank	from west to east; the alternation of day and night, the rising and setting of the sun, moon, and stars, and time differences.	Phenomena caused by the Earth's rotation###Basic characteristics of Earth's rotation###The variation in the length of day and night.	nan	others	middle	easy
1138	The wettest continent in the world is ( ).	fill_in_the_blank	South America	The natural environment of South America (terrain, climate, rivers)	"(Analysis) The wettest continent in the world is South America. The continent's climate is mainly characterized by tropical rainforest and tropical savanna climates, with vast areas of tropical rainforest.

(Comment) Most of South America falls within tropical rainforest and tropical savanna climates, characterized by warm and humid conditions. The continent is predominantly tropical with no significant continental effects. Except for mountainous areas, the average temperature in the coldest month of winter is above 0°C, with the major tropical regions having average temperatures above 20°C. The western part of South America features tropical desert and Mediterranean climates arranged in bands, while the Andes Mountains have alpine climates. The southern part has subtropical monsoon and monsoon-influenced humid climates."	others	middle	easy
2788	The two Special Administrative Regions of our country are located on opposite sides of the Pearl River Estuary. The Hong Kong Special Administrative Region is located on the ( ) side, and the Macau Special Administrative Region is located on the ( ) side.	fill_in_the_blank	east; west	Hong Kong Overview and Economic Development	"[Analysis] Hong Kong is located on the eastern side of the Pearl River Estuary, bordering Shenzhen to the north, while Macau is on the western side, bordering Zhuhai to the north.  
[Commentary] Hong Kong is situated on the eastern side of the Pearl River Estuary, connected to Shenzhen in the north. It consists of three parts: Hong Kong Island, the Kowloon Peninsula, and the New Territories. The water area between Hong Kong Island and the Kowloon Peninsula, Victoria Harbour, is one of the world's finest natural harbors. Hong Kong is one of the world's famous free trade ports and financial centers. Macau is located on the western side of the Pearl River Estuary, backing the Pearl River Delta, and is composed of Taipa Island, Coloane Island, and the Macau Peninsula. Macau's main economic pillars include the gaming industry, tourism, manufacturing, and construction, with the gaming and tourism industries being predominant."	others	middle	easy
4400	On a certain day, Xiao Ming went to Tianchi in Changbai Mountain to play. At an altitude of 1189.1 meters, the temperature was measured at 25°C. When he reached Tianchi in Changbai Mountain (altitude of 2189.1 meters), the temperature should be ( )℃.	fill_in_the_blank	19	Temperature changes (definition, measurement, daily and annual variations, isotherms)	"Analysis: Typically, with every 1000-meter increase in altitude, the temperature drops by 6°C. For example, the altitude of Tianchi on Changbai Mountain is 2189.1 meters. Compared to an altitude of 1189.1 meters, the temperature is 6°C lower. When the temperature at 1189.1 meters is 25°C, the temperature at Tianchi is 19°C.

Comment: The rule of vertical temperature change is a vertical decrease, with the rate of decrease being approximately 0.6°C for every 100 meters of altitude increase (or a 6°C drop for every 1000 meters of altitude increase). By using the relative altitude difference and the temperature at one of the locations, it is possible to calculate the temperature at the other location.

34."	others	middle	easy
1296	"Connect the following regions with their described landscapes:

A. Southern region ( )  
B. Northern region ( )  
C. Northwest region ( )  
D. Qinghai-Tibet region ( )"	fill_in_the_blank	②; ①; ③; ④	Geographical Features and Differences of the Four Major Geographic Regions	"The natural environment, geographical landscapes, and residents' production and lifestyle habits of China's four major geographical regions show significant differences.

The southern region is rich in precipitation, with rice being the staple crop, so the south is known for its picturesque landscapes and the fragrance of rice flowers. The northern region features dry land with wheat as the main grain crop, characterized by the waves of wheat fields and the scent of soybeans. The northwest is defined by arid conditions, extensive grasslands, and deserts, hence the imagery of vast deserts and camel bells. The Qinghai-Tibet region has a high altitude with continuous snow-capped mountains, and barley is the main crop, so it is known for the aroma of snow mountains and barley milk tea.

This question examines the distribution of different crops in China, which can be remembered through comparison."	others	middle	easy
2983	"The main body of the Arctic region is the ( ) Ocean, and the representative animal is the ( ). The main body of the Antarctic region is the ( ) continent, which is known as the ""( ),"" and is also called the ""white desert"" and ""( )"" of the Earth."	fill_in_the_blank	Arctic; Polar Bear; Antarctica; Ice and Snow Plateau; Wind Reservoir	The unique natural environment of polar regions###Scientific Exploration and Environmental Protection in Polar Regions	"[Analysis] The Arctic region is primarily located north of the Arctic Circle, encompassing most of the Arctic Ocean and parts of Asia, Europe, and North America. The centerpiece of the Arctic region is the Arctic Ocean, with the polar bear as its representative animal. The Antarctic region is mainly located south of the Antarctic Circle, including the surrounding seas, with the Antarctic continent as its main body. This continent is known as the ""ice and snow plateau,"" mostly covered with a thick ice layer, with an average thickness of over 2000 meters. Besides its extreme cold, the Antarctic is also called the ""white desert"" of the Earth, with an average annual precipitation of 55 millimeters and some areas receiving less than 5 millimeters. It is also known as the ""wind storehouse"" of the Earth, featuring an average wind speed of 17-18 meters/second and maximum wind speeds reaching 100 meters/second. [Commentary] The Arctic region refers to the area surrounding"	others	middle	easy
3528	The international river in Western Europe that flows through the most countries is the ( ), and the river with the most developed shipping and highest commercial value in Western Europe is also the ( ).	fill_in_the_blank	Danube River; Rhine River	Topography, climate, and rivers of Western Europe	(Analysis) European rivers are generally short. The Danube River is the river that flows through the most countries in Europe and the most in the world. It originates in Germany and flows west to east through Austria, the Czech Republic, Slovakia, Hungary, Croatia, Serbia and Montenegro, Bulgaria, Romania, and Ukraine, before emptying into the Black Sea, with a total length of 2,850 kilometers. The Rhine River is the busiest river for shipping in Europe and the world, emptying into the North Sea; it has abundant water flow year-round, stable currents, low silt content, and no ice period. The Rhine and its tributaries flow through many countries (Austria, Liechtenstein, Switzerland, France, Germany, Luxembourg, Belgium, and the Netherlands), all economically developed, leading to high shipping demand; its mouth is at the world-famous port of Rotterdam, and it is connected by canals to rivers like the Danube, providing favorable conditions for developing shipping and enhancing	others	middle	easy
1934	In geography, letters are used to indicate latitude and longitude. It is customary to use \ul{　　} to denote south latitude and \ul{　　} to denote north latitude.	fill_in_the_blank	S; N	Characteristics and Division of Latitude and Longitude Lines	"The division of east and west longitude is based on the 0° longitude line, with each side extending 180° east and west. Longitude east of the 0° meridian and west of the 180° meridian is considered east longitude, denoted by the letter E. Longitude west of the 0° meridian and east of the 180° meridian is considered west longitude, denoted by the letter W. The division of north and south latitude is based on the equator. Latitudes north of the equator are considered north latitude, denoted by the letter N, while latitudes south of the equator are considered south latitude, denoted by the letter S.

Therefore, the answer is: S; N.

Commentary: This question tests the letter notation for longitude and latitude lines; memorize it for easy recall.

95."	others	middle	easy
3895	The Equator Monument in South America is located in the capital of Ecuador, which is ( ).	fill_in_the_blank	Quito	Important lines of latitude and longitude	"(Explanation) The Equator Monument in South America is located in Quito, the capital of Ecuador. This is the middle point of the Earth, situated on the longest latitude - the equator, and features a tropical rainforest climate.  
Therefore, the answer is: Quito  
(Comment) The equator is the dividing line between the northern and southern hemispheres. Standing near the Equator Monument, one can straddle both hemispheres."	others	middle	easy
1809	The three elements of a map: ____.	fill_in_the_blank	Direction, scale legend, and annotations	Scale###Direction Judgment	"(Analysis) The three essential elements of a map are direction, scale, legend, and annotations. (Commentary) A map is a tool of geography, considered the second language of geography, with basic elements being direction, scale, legend, and annotations.

53. The country is rich in marine resources; Bohai has the largest salt field in the country, ____, and the East China Sea has the largest fishing ground in the country, ____."	others	middle	easy
4844	China's largest island is \ul{    } Island; the largest peninsula is \ul{    } Peninsula; the largest archipelago is \ul{    } Archipelago.	fill_in_the_blank	Taiwan; Shandong; Zhoushan	The territory of China	"China is a country with both land and sea, having numerous coastal islands. Taiwan is the largest island, and Hainan Island is the second largest. Archipelagos include the Nansha Islands, Xisha Islands, and Zhoushan Archipelago, with Zhoushan being the largest. There are three major peninsulas: Liaodong, Shandong, and Leizhou, with Shandong being the largest.

Taiwan Province comprises Taiwan Island and nearby Penghu Archipelago, Diaoyu Islands, and other small islands. Taiwan Island is the largest island in terms of area. It borders the East China Sea to the north, the Pacific Ocean to the east, the South China Sea to the south, and faces Fujian Province across the Taiwan Strait to the west. The terrain is higher in the east and lower in the west, with the population and cities mainly concentrated on the western coastal plains of the island."	others	middle	easy
479	The latitude span of our country's territory from north to south is nearly 500, with the majority in the ( ) zone and a small portion in the ( ) zone, with no frigid zone.	fill_in_the_blank	temperate; tropical	The geographical location of China and its advantages	(Analysis) Our country spans a large range of latitudes from north to south, with the territory crossing nearly 50 degrees of latitude. Most of it is in the northern temperate zone between the Tropic of Cancer and the Arctic Circle, with a small southern part in the tropical zone south of the Tropic of Cancer. There is no frigid zone. Therefore, the answer is: temperate; tropical. (Commentary) This question tests the knowledge of our country's latitudinal position. Familiarity with the range of the five zones is a prerequisite, and understanding our country's latitudinal position is key to answering the question.	others	middle	easy
1884	The main characteristics of the natural environment in the Qinghai-Tibet region are ( ).	fill_in_the_blank	High cold	The Natural Geographic Overview of the Qinghai-Tibet Region	"(Analysis) The Qinghai-Tibet region is characterized by high altitude and low temperature, with the main natural feature being its cold climate.

84. Poles: The Earth's axis intersects the surface of the globe at two points. The intersection facing the North Star is the ____, which is the northernmost point on Earth, at a latitude of ____. The ____ is the intersection at the southernmost point of the globe, at a latitude of ____."	others	middle	easy
1672	The three northeastern provinces include ( ), ( ), and ( ), located in the northeastern part of our country.	fill_in_the_blank	Heilongjiang; Liaoning; Jilin	The Natural Geography Overview of the Three Northeastern Provinces	"(Analysis) The three northeastern provinces of China, also known as ""Heiji Liao,"" refer to Heilongjiang Province, Liaoning Province, and Jilin Province. Therefore, the answer is: Heilongjiang; Jilin. (Commentary) China's northeastern region borders Russia to the north and is adjacent to the Bohai Sea and the Yellow Sea to the south. The three northeastern provinces include Heilongjiang Province, Jilin Province, and Liaoning Province."	others	middle	easy
4408	The three northeastern provinces, relying on convenient ( ) conditions and abundant natural ( ), have become China's largest heavy industry base.	fill_in_the_blank	transportation; resources	The main mineral resources and industrial distribution of the three northeastern provinces.	"The three northeastern provinces are Heilongjiang, Jilin, and Liaoning. This region, with its abundant natural resources such as coal, iron, and petroleum, advantageous transportation conditions, and solid industrial foundation, has developed into the largest heavy industry base in China. Therefore, the answer is: transportation; minerals. 

In the eastern coastal regions of China, from north to south, there are four major industrial bases: Liaoning Central-Southern Region, Beijing-Tianjin-Tangshan Region, Shanghai-Nanjing-Hangzhou Region, and the Pearl River Delta. Among them, the Shanghai-Nanjing-Hangzhou industrial base is the largest comprehensive industrial base in the country; the Liaoning Central-Southern industrial base is a well-known heavy industry base in China, the Beijing-Tianjin-Tangshan industry base is the largest industrial base in northern China, and the Pearl River Delta is a comprehensive industrial base primarily focused on light industry."	others	middle	easy
139	Generally, low latitude temperatures are ( ), while high latitude temperatures are the opposite.	fill_in_the_blank	high	The main factors affecting climate	nan	others	middle	easy
3284	"Scale, symbols, and legend are the ""language"" of a map, also known as the ""three essential elements of a map."" These elements are ( ), ( ), and ( )."	fill_in_the_blank	Scale; Symbols; Legend	Reading the map	"(Explanation) (Analysis) The three elements of a map are: scale, orientation, legend, and annotations. Therefore, the answer is: orientation; legend. (Review) On a map, orientation, scale, legend, and annotations are the ""language"" of the map, as well as the three elements of a map."	others	middle	easy
2773	Mount Everest, the highest peak in the world, has an elevation of 8,844 meters, and the Dead Sea, the lowest point on land, has a lake surface elevation of -400 meters. The relative height difference between these two places is \ul{　 　} meters.	fill_in_the_blank	9244	Altitude and relative height	"Analysis: The elevation of Mount Everest is approximately 8,844 meters, and the surface of the Dead Sea is at approximately -400 meters altitude. The relative height between them is the difference in their altitudes, which is 8,844 meters minus (-400) meters, equaling 9,244 meters. The calculation is: 8,844 - (-400) = 9,244 meters. Therefore, the answer is: 9,244.

Comment: According to the definition, elevation is the vertical distance from a specific location on the ground to sea level. Relative height refers to the vertical distance of one ground location above another, which is the height difference between two locations, used for analysis and solution.

4. The term ""Five Seas, Three Continents, Two Oceans"" refers to _______."	others	middle	easy
4258	"In a certain region within a year, the difference between the number of births and deaths compared to the total population is called the ( ) growth rate.  
(Five characters)"	fill_in_the_blank	natural	The number and growth of the world's population	"[Analysis] The speed of world population growth is usually expressed by the natural growth rate. The difference between the number of births and the number of deaths in a specific area within a year, relative to the total population, is called the population natural growth rate.

[Commentary] The population natural growth rate is an indicator reflecting the trend and speed of natural population growth, and it depends on the changes between the birth rate and the death rate. When both the birth rate and death rate are high, the natural growth rate is low; when the birth rate is high and the death rate is low, the natural growth rate is high; when both the birth rate and death rate are low, the natural growth rate is low. Africa has the highest population natural growth rate, while Europe has the lowest."	others	middle	easy
275	The ( ) Plain in Inner Mongolia, located along the Yellow River, is a well-known irrigated agricultural area in China.	fill_in_the_blank	Hetao	Natural Geographical Overview of the Northwest Region###The regional distribution of agriculture in our country###Develop agriculture according to local conditions.	"[Analysis] The Ningxia Plain and the Hetao Plain primarily rely on irrigation from the Yellow River and are renowned irrigation agricultural areas in China, known as the ""Jiangnan Beyond the Great Wall."" Therefore, the answer is: Hetao. [Comment] This question mainly examines the distribution of China's major topographical regions. It is a recognition-based question with a relatively low level of difficulty."	others	middle	easy
3622	The largest island in our country by area is ____. The most populous ethnic minority is ____.	fill_in_the_blank	Taiwan Island; Zhuang ethnic group	The territory of China###Characteristics of our country's population distribution and population boundary line.	nan	others	middle	easy
3621	The highest plateau in the world is the ( ).	fill_in_the_blank	Qinghai-Tibet Plateau	The characteristics and impacts of the topography of our country	"[Explanation][Analysis] The highest plateau in the world is the Qinghai-Tibet Plateau, located in Asia, with an average altitude of over 4,000 meters, known as the ""Roof of the World.""
Therefore, the answer is: Qinghai-Tibet Plateau
[Comment] The Qinghai-Tibet Plateau is China's largest and the world's highest plateau. The parts within China's territory include the Tibet Autonomous Region in the southwest, the western part of Sichuan Province, some areas of Yunnan Province, the entirety of Qinghai Province in the northwest, the southern part of Xinjiang Uygur Autonomous Region, and parts of Gansu Province.

90."	others	middle	easy
2071	Among the four major basins, the one located on the first tier of China is \_\_\_\_.	fill_in_the_blank	Qaidam Basin	The three-step topographic division of our country and the main types of landforms within each step.	"(Analysis) The Tarim Basin, Junggar Basin, and Sichuan Basin are located on the second step of China's topography, while the Qaidam Basin is on the first step.

(Comment) The Qaidam Basin is one of China's four major inland basins, located in the northwest of Qinghai Province and the northeast of the Qinghai-Tibet Plateau. It is rich in minerals such as iron, copper, tin, and salt, hence it is referred to as a ""treasure bowl."""	others	middle	easy
3395	"Connect the following beautiful names with their respective regions:

① South of the Great Wall Jiangnan ( )  
② Land of Abundance ( )  
③ Land of Fish and Rice ( )  
④ Great Northern Granary ( )  
⑤ Pearl of the Orient ( )  
⑥ Roof of the World ( )  
⑦ Treasure Basin ( )  
⑧ Bright Pearl on the Southeast Sea of the Motherland ( )"	fill_in_the_blank	B; A; C; D; F; E; G; H	Types and Distribution of Landforms in Our Country	"[Analysis] The Ningxia Plain and Hetao Plain are called the ""Jiangnan Beyond the Great Wall""; the Chengdu Plain is known as the ""Country of Heavenly Abundance""; the Yangtze River Middle and Lower Plains are referred to as the ""Land of Fish and Rice""; the Songnen Plain and Sanjiang Plain are called the ""Great Northern Granary""; Hong Kong is dubbed the ""Pearl of the Orient""; the Qinghai-Tibet Plateau is known as the ""Roof of the World""; the Qaidam Basin is called the ""Treasure Basin""; and Taiwan Island is referred to as the ""Pearl on the Southeast Sea of the Motherland.""

[Commentary] This question tests the characteristics and distribution of China's landforms."	others	middle	easy
1290	Based on the causes and forms of air ascent during precipitation processes, precipitation is divided into three main types: __________, __________, and __________. Globally, regions near __________ typically receive more precipitation. The main climate type in these latitudinal areas is __________.	fill_in_the_blank	Convective rain; Orographic rain; Frontal rain; Equator; Tropical rainforest climate	Changes in Precipitation (Definition, Measurement, Main Types of Precipitation)###The distribution pattern of annual precipitation worldwide.###Distribution and Characteristics of Major World Climate Types	nan	others	middle	easy
1902	The world's two major volcanic and seismic belts are the ______ volcanic and seismic belt and the ______ volcanic and seismic belt.	fill_in_the_blank	Pacific Rim; Mediterranean-Himalayas	Plate tectonics theory	"[Analysis] [Explanation] The Pacific coast is located at the intersection of the Pacific Plate with the Eurasian, Indian Ocean, Antarctic, and American plates, making the crust relatively active with frequent volcanic and seismic activity. It is one of the world's most famous two major volcanic and earthquake belts. The Mediterranean-Himalayas region is at the junction of the Eurasian Plate, Indian Ocean Plate, and African Plate, which also has an active crust with frequent volcanic and seismic activity, making it a famous volcanic and earthquake belt in the world. Therefore, the answer is: the Pacific Ring of Fire; the Mediterranean-Himalayan region.

[Comment] The theory of plate tectonics suggests that the Earth's surface, composed of rock, is not a single piece but consists of six major plates. The interior of these plates is relatively stable, while the regions at the boundaries of these plates have a more active crust. The world's two most famous volcanic and seismic belts are: 1. The Pacific Ring of"	others	middle	easy
1883	"Our country's basic national policy on land is to ""cherish and utilize every inch of \_\_\_ reasonably, and effectively protect \_\_\_."""	fill_in_the_blank	Land; arable land	The basic characteristics of our country's land resources	"【Analysis】 ""High population and limited land"" is a fundamental national condition of China. In short, highly valuing and rationally utilizing every inch of land, as well as effectively protecting arable land, are basic national policies of China.

82. In the seabed of China's eastern waters, remnants of human activities like ancient river courses and wells have been discovered. This is evidence of \ul{　 　} turning into \ul{　 　}."	others	middle	easy
210	Most countries in Western Europe use a unified currency called the ( ).	fill_in_the_blank	Euro	The location and scope of Western Europe	"The European Union (EU), colloquially known as the ""EU,"" is an international organization developed from the European Community. The purpose of the EU is to strengthen the coordinated development of the economy and society by establishing a space without internal borders, to build an Economic and Monetary Union that ultimately implements a unified currency, and to promote the balanced economic and social development of member states. The EU headquarters is located in Brussels, the capital of Belgium. The EU currently has 27 member countries, 17 of which use the unified currency—the Euro (EUR, commonly symbolized as €).

The Western European region is densely populated with numerous countries and is the area with the highest concentration of developed countries. This region has established a regional international organization known as the EU, currently consisting of 27 member states, with a unified currency called the Euro. The EU has strengthened political and economic ties among European countries and plays an important role in the world economy and on the international political stage."	others	middle	easy
4498	The official language of Brazil is ( ).	fill_in_the_blank	Portuguese	Overview of Brazil	"[Analysis] Brazil was once a Portuguese colony, so the language spoken in Brazil is Portuguese, while other South American countries use Spanish.

Commentary: Brazil is located in the eastern part of South America, spanning from 35 to 74 degrees west longitude and from 5 degrees north to 35 degrees south latitude. It borders the South Atlantic Ocean to the east; French Guiana, Suriname, Guyana, Venezuela, and Colombia to the north; Peru and Bolivia to the west; and Paraguay, Argentina, and Uruguay to the south. Brazil is the largest and most populous country in Latin America, ranking fifth globally in both population and area. The indigenous people are the Indians.

108. When people build houses, they always try to use locally sourced materials as much as possible to reduce costs. Mountainous people make full use of stone resources by building stone houses; people in the Loess Plateau use loess to build \_\_\_; and the Dai people use locally produced bamboo and wood"	others	middle	easy
3373	The terrain in the northern region is mainly characterized by \ul{ }.	fill_in_the_blank	Plains and plateaus	Overview of the Physical Geography of Northern Regions	"(Explanation) The topographical regions in the northern part of China include the North China Plain, the Northeast Plain, and the Loess Plateau. The terrain in northern China is mainly plains and plateaus.

Therefore, the answer is: Plains and plateaus.
(Commentary) The answer is based on the topographical distribution in the northern regions."	others	middle	easy
56	In the four major geographical regions of our country, the area where crops are harvested once a year and two or three times over two years is the \_\_\_\_ region; the largest urban agglomeration in our country is the \_\_\_\_.	fill_in_the_blank	North; Yangtze River Delta	Overview of the Physical Geography of Northern Regions###Urban and Regional Development in the Yangtze River Delta	"(Analysis) Explanation: In China's four major geographical regions, areas with one crop harvest per year and two crops in three years are in the northern region, located north of the Qinling Mountains-Huai River line. The Yangtze River Delta is the region with the highest level of economic development and comprehensive strength in China and is also home to China's largest urban agglomeration.

(Comment) Yangtze River Delta, China's largest urban agglomeration:
1. Historical cities: Nanjing, Hangzhou.
2. Characteristics: Currently, the Yangtze River Delta region is the area with the densest urban distribution and the highest level of economic development in China, forming China's largest urban agglomeration—the Yangtze River Delta urban agglomeration.
3. Shanghai is the core city of the Yangtze River Delta urban agglomeration. It is the largest city and the most important comprehensive industrial city in China. Shanghai has an influential and driving role not only in the Yang"	others	middle	easy
61	India is the world's ( ) most populous country.	fill_in_the_blank	second	Major Global Population Issues and Solutions###Overview of India	Analysis: India's population is 1.21 billion.	others	middle	easy
1500	"Match the following rivers with their characteristics:

River flowing into the Arctic Ocean: ( )  
River with the largest water volume in our country: ( )  
River with the highest sediment concentration: ( )  
Longest inland river: ( )  
River flowing into the Indian Ocean: ( )"	fill_in_the_blank	Irtysh River; Yangtze River; Yellow River; Tarim River; Yarlung Tsangpo River	The hydrological characteristics of rivers in our country###The main rivers and lakes of our country.	"(Analysis) Endorheic rivers are mostly found in inland areas characterized by arid climates and scarce precipitation. The Tarim River is the largest endorheic river in China. Due to the topography of higher elevations in the west and lower in the east, most rivers in China flow from west to east into the Pacific Ocean. Only in the southwest do the Yarlung Zangbo River and Nujiang River flow south into the Indian Ocean, while the Irtysh River in northern Xinjiang flows into the Arctic Ocean. The Yangtze River is the longest river in China with the largest water volume and the most extensive drainage area, known as the largest river in China. The middle course of the Yellow River flows through the Loess Plateau, where severe soil erosion causes tributaries to carry a large amount of silt into the river, making the Yellow River the most sediment-rich river in the world.

Answer: Irtysh River, Yangtze River, Yellow River"	others	middle	easy
4831	The climate in the three northeastern provinces is \_\_\_, with more \_\_\_ in winter, but the climatic characteristics are conducive to crop growth.	fill_in_the_blank	Cold and wet; snow; simultaneous rain and heat	The Natural Geography Overview of the Three Northeastern Provinces###The agricultural development conditions and crop distribution in the three northeastern provinces.	"(Analysis) The three northeastern provinces of China are situated at relatively high latitudes and have a typical temperate monsoon climate. The climate is cold and wet, with significant snowfall in winter. However, the simultaneous occurrence of rain and heat, characteristic of the monsoon climate, is favorable for crop growth.

Therefore, the answer is: cold and wet; snowfall; simultaneous rain and heat.

(Commentary) This question examines the natural environmental characteristics of the northeastern region and their impact on agricultural production. It is not very difficult and requires students to integrate these aspects based on the location of the northeastern region.

86. The Earth's equatorial radius is \ul{   } kilometers, polar radius \ul{   } kilometers, and average radius \ul{   } kilometers."	others	middle	easy
4014	In our country, the north and south regions are divided by the ( ) line. The main grain crops differ between the two regions; the north is known for wheat, and the south for ( ). The types of cultivated land are: the south is ( ), and the north is ( ). For sugar crops: the south is ( ), and the north is ( ). Regarding meteorological disasters: the south experiences ( ), while the north experiences ( ).	fill_in_the_blank	Qinling Mountains---Huai River; rice; paddy field; dry land; sugarcane; sugar beet; flood disaster; drought disaster	The geographical significance of the Qinling-Huaihe line###Overview of the Physical Geography of Northern Regions###The main crops and agricultural products of the northern region###Natural Geography Overview of the Southern Region###Conditions for the development of rice fields in the southern region, main crops, and agricultural products.	"China is divided into northern and southern regions along the Qinling Mountains-Huai River line. The main grain crops differ between the north and south: wheat is predominant in the north, and rice in the south. The type of cultivated land also varies: the south has paddy fields, while the north has dry fields. Sugar crops differ as well, with sugarcane in the south and sugar beet in the north. Meteorological disasters vary, with flooding in the south and droughts in the north.

Therefore, the answers are: Qinling-Huai River; rice; paddy fields; dry fields; sugarcane; sugar beet; flooding; droughts.

The Qinling-Huai River line is an important geographical boundary in eastern China, with significant differences in natural environment, geographical landscape, and residents' production and living habits on its north and south sides. The Qinling-Huai River mainly serves as: the dividing line between southern and northern regions among China's four major"	others	middle	easy
135	"Our country takes ""highly cherishing, reasonably ( ) and effectively ( )"" as a basic national policy."	fill_in_the_blank	protect; use	Cherish and make reasonable use of every inch of land.	"Analysis: The basic national policy of our country is to ""cherish and use every inch of land rationally and effectively protect arable land.""

Commentary: The characteristics of China's land resources can be summarized as ""one abundance and three scarcities,"" meaning there is an abundance in total, but per capita arable land is scarce, high-quality arable land is scarce, and reserve land resources available for development are scarce. In recent years, due to significant population growth and extensive growth methods, the degradation of China's land resources has become increasingly severe. To ensure the sustainable use of land resources, China has implemented a basic national policy for the management and protection of land resources, which is to ""cherish and rationally use every inch of land, effectively protecting arable land.""

87. ______ and ______ are typical symbols of ancient Egyptian civilization."	others	middle	easy
1489	Beijing is China's ( ) center, ( ) center, and ( ) center; starting from the 1990s, Taiwan focused on developing an ( ) industry-led high-tech industry.	fill_in_the_blank	political; cultural; international exchange; electronics	Overview of Beijing and Its Urban Functions###Taiwan's export-oriented economy	(Analysis) Beijing is the capital of our country, serving as the national political, cultural, and international exchange center. Taiwan's economy has developed rapidly, and since the 1990s, there has been a focus on developing high-tech industries led by the electronics industry. Hence, the answer is: political; high-tech. (Commentary) This question tests the urban functions of Beijing and the industrial development characteristics of Taiwan. It is relatively simple, falling into the category of basic memory knowledge points. Students can answer by recalling what they have learned. 34. Europe's terrain is primarily \ul{   }, making it the continent with the \ul{   } average elevation in the world.	others	middle	easy
2885	Our country is a multi-ethnic nation with a total of ( ) ethnic groups, of which the largest ethnic minority group by population is ( ).	fill_in_the_blank	56; Zhuang Ethnic Group	The ethnic composition and ethnic customs of our country.	"[Analysis] Our country has a total of 56 ethnic groups, with the Han nationality accounting for 92% of the national population. The other 55 ethnic groups have relatively small populations and are collectively referred to as ethnic minorities, with the Zhuang nationality being the largest among them, primarily distributed in the Guangxi Zhuang Autonomous Region.  
[Comment] Our country is a unified multi-ethnic nation with a total of 56 ethnic groups. Besides the Han, the other 55 ethnic groups have small populations and are collectively referred to as ethnic minorities. The Han population is the largest, distributed throughout the country, mainly concentrated in the eastern and central regions. Ethnic minorities are primarily located in the southwestern, northwestern, and northeastern border areas. Yunnan Province has the most diverse ethnic distribution in our country. The distribution characteristics of China's ethnic groups are large-scale dispersal, small-scale clustering, and intermingled cohabitation. There are significant population differences among China's ethnic minorities"	others	middle	easy
494	In layered colored topographic maps, green represents _____, yellow represents mountains, white represents _____.	fill_in_the_blank	Plain; Snow Mountain	Layer-tinted topographic map	(Explanation) (Analysis) On a contour layered color map, blue represents the ocean, green represents plains, yellow represents low hills, brown represents mountains and plateaus, and white represents snow-capped mountains. (Comment) This tests the ability to read a layered color map: blue is the ocean, green is low flat land, and yellow is mountainous terrain.	others	middle	easy
186	"Please match the following dwellings with their main distribution areas:

A. Xishuangbanna in China B. Arctic region C. Beijing D. Loess Plateau in China

① Cave dwellings ② Bamboo houses ③ Igloos ④ Siheyuan (courtyard houses)

A matches with \ul{ ② } 
B matches with \ul{ ③ } 
C matches with \ul{ ④ } 
D matches with \ul{ ① }"	fill_in_the_blank	②; ③; ④; ①	Comparison of settlements###The relationship between settlements and the natural environment (formation conditions, distribution, form, dwellings, and environment)	"[Analysis] The Xishuangbanna region in China has a humid and hot climate, and the traditional dwellings are bamboo houses. In the Arctic, due to the cold climate, the Inuit people build igloos. In Beijing, traditional housing is the Siheyuan. In the Loess Plateau region, the climate is dry, and the loess has vertical stability, so the traditional dwellings are cave dwellings.

[Commentary] Igloos are the traditional dwellings of the Inuit people in the Arctic region, made from locally sourced ice and snow. Due to the absence of trees and modern industry, wooden and brick buildings are impractical. The characteristics of ice and snow are that they allow light but not air to penetrate, which helps maintain indoor lighting and temperature while blocking cold winds, making it suited to local conditions. 

Cave dwellings are found on the Loess Plateau, an area with a distinctly continental climate, being cold in winter and hot in summer. Living in"	others	middle	easy
3392	The three provinces/regions richest in coal in China: \_\_\_, \_\_\_, \_\_\_ (fill in the abbreviations).	fill_in_the_blank	Shanxi; Shaanxi; Inner Mongolia	Administrative divisions of China###Mineral Resources and Their Distribution in Our Country	"(Analysis) Shanxi Province has the largest reserves of coal resources, accounting for 30% of the country's total reserves, followed by Shaanxi Province and the Inner Mongolia Autonomous Region. Their abbreviations are Jin, Shan, and Inner Mongolia, respectively.  
Therefore, the answer is: Jin, Shan, Inner Mongolia.  
(Comment) This question tests knowledge that falls under the category of recognition, and good memorization will suffice.

61. All aspects of American agricultural production have been \ul{   }ized and \ul{   }ized."	others	middle	easy
208	The basic elements of a map (three elements) are \_\_\_, \_\_\_, legend, and annotations.	fill_in_the_blank	Direction; scale	Basic Elements of a Map	The basic elements of a map are scale, direction, legend, and notes, also known as the language of the map. The three main elements of a map include direction, legend and notes, and scale.	others	middle	easy
279	The main function of the United Nations Security Council is to maintain international ( ) and ( ), and the United Nations headquarters is located in ( ).	fill_in_the_blank	peace; security; New York, USA	Important Organizations in International Economic Cooperation	nan	others	middle	easy
4010	The main issues faced by humanity globally in the 21st century are population, resources, and ( ).	fill_in_the_blank	Environment	Geography and Daily Life	"(Analysis) The three major problems in today's world are population explosion, resource crisis, and environmental pollution.

Therefore, the answer is: environment. 

(Commentary) In response to the issues of population explosion, resource crisis, and environmental pollution, the United Nations has convened several global conferences on environment and development. These conferences advocate for sustainable social and economic development and emphasize that countries must protect resources and the environment while developing their economies to maintain global ecological balance. This question tests fundamental knowledge points, which can be mastered with thorough memorization of the textbook."	others	middle	easy
3055	The main form of precipitation is ( ).	fill_in_the_blank	Rainfall	Changes in Precipitation (Definition, Measurement, Main Types of Precipitation)	"(Analysis) The water vapor condensates obtained by the ground from the atmosphere are collectively known as precipitation. The forms of precipitation include rain, snow, hail, ice pellets, and ice needles, among which the main form of precipitation is rainfall. Therefore, the answer is: rainfall. (Commentary) This question examines the main form of precipitation, which can be remembered easily.

111. The degree of population density is expressed. Population density generally refers to the average number of people living per square kilometer."	others	middle	easy
4026	Where contour lines are dense, the slope is ( ) (fill in steep or gentle), and where contour lines are sparse, the slope is ( ) (fill in steep or gentle).	fill_in_the_blank	steep; gentle	Interpretation of topographic maps	"[Analysis] On a contour map, denser contour lines indicate steeper slopes; sparser contour lines indicate gentler slopes. Therefore, the answer is: steep; gentle.

[Comment] On a contour map, denser contour lines indicate steeper slopes, while sparser contour lines indicate gentler slopes."	others	middle	easy
3375	"There are a total of ( ) countries and regions in the world, among which there are over ( ) developed countries, most of which are located in the ( ) Hemisphere. Hence, their mutual discussions with developing countries internationally are referred to as ""( )."""	fill_in_the_blank	More than 200; 30; Northern; North-South cooperation	Distribution of developed and developing countries###Countries and regions in the world	"(Analysis) There are over 200 countries and regions in the world, among which there are more than 30 developed countries, most of which are located in the Northern Hemisphere. Therefore, international discussions between these countries and developing countries are referred to as ""North-South Cooperation.""

(Commentary) ""South"" refers to the vast number of developing countries, and ""North"" refers to developed countries. Since developing countries are mostly in the Southern Hemisphere and the southern part of the Northern Hemisphere, while developed countries are mostly in the northern part of the Northern Hemisphere, ""North"" and ""South"" are used to distinguish between them. It signifies extensive cooperation between developing and developed countries in economic, technological, and other fields. The goal is to maintain world diversity, establish a new international economic order, promote international cooperation, facilitate common development, and drive global economic growth."	others	middle	easy
2094	The main modes of transportation in our country currently include ( ), ( ), aviation, waterways, pipelines, etc.	fill_in_the_blank	railways; highways	Characteristics and Selection of Transportation Modes	The main modes of transportation in our country currently include railways, highways, aviation, pipelines, and waterways. Highways are flexible and can provide door-to-door service, suitable for short-distance transport. Aviation is fast but has a small capacity, suitable for long-distance transport in urgent situations. Rail transport is relatively fast with large capacity, suitable for long-distance transport of large volumes. Water transport has a large capacity but is slow and limited by geography, suitable for long-distance transport between ports with large volumes. Pipeline transport is underground, generally suitable for long-distance conveyance of oil, natural gas, and water.	others	middle	easy
3863	The continental drift hypothesis was proposed by the German scientist \ul{   }.	fill_in_the_blank	Wegener	Continental drift hypothesis	"(Explanation) The continental drift hypothesis was proposed by German scientist Wegener, and later scientists developed the plate tectonics theory based on it.
Thus the answer is: Wegener.
(Comment) This question tests the proponent of the continental drift hypothesis, simply remember it. It falls under basic questions.

85."	others	middle	easy
2258	Xishuangbanna is mainly characterized by ____, with features represented by ____.	fill_in_the_blank	Tropical monsoon climate; high temperatures year-round, with distinct dry and rainy seasons.	The main characteristics of our country's climate and the distribution of climate types.###Yunnan	"(Analysis) Solution: Xishuangbanna has a tropical monsoon climate with high temperatures year-round and distinct dry and rainy seasons. The annual average temperature is 21°C. (Commentary) The southern region of China refers to the southern part of the eastern monsoon area, mainly south of the Qinling Mountains-Huai River line. Most of the region is subtropical, with a small part in the south being tropical. It is predominantly subtropical monsoon climate, with a small part in the south being tropical monsoon climate. Most areas are hot and rainy in summer, and mild and less rainy in winter. The tropical monsoon climate features high temperatures year-round with dry and rainy seasons, primarily found in Hainan, Guangdong, Taiwan, and southern Yunnan.

114. The world's second-largest ocean, roughly S-shaped, is ____."	others	middle	easy
1671	Egypt is located in ( ) Africa, and Japan is located on the ( ) coast of the Pacific Ocean.	fill_in_the_blank	North; East	Overview of Japan###Egypt	"(Analysis) Egypt is located in the northeast of Africa, while Japan is located on the western edge of the Pacific Ocean.

Therefore, the answer is: false; west.

(Comment) Egypt is located in the northeast of Africa, separated from Asia by the Suez Canal. The Sinai Peninsula, east of the Suez Canal, is part of Egypt's territory and is situated in Asia. Japan is bordered by the Pacific Ocean to the east and the Sea of Japan to the west. This question tests basic knowledge and is considered a foundational question.

113. Climate describes the long-term weather \_\_\_ of a region, and a region's climate has certain characteristics and generally changes \_\_\_."	others	middle	easy
3380	The Strait located between the Malay Peninsula and Sumatra is ( ) an important sea route connecting the Pacific and Indian Oceans.	fill_in_the_blank	Malacca	Strategic Passageway — Strait of Malacca	"The Strait of Malacca, located between the Malay Peninsula and the island of Sumatra, is a natural waterway connecting the Pacific and Indian Oceans. It is also an important shipping route linking ports on the coasts of Europe and the Indian Ocean with those on the western Pacific coast.

Therefore, the answer is: Malacca.

Commentary: Southeast Asia is at the ""crossroads"" of Asia and Oceania as well as the Indian and Pacific Oceans. It is an important hub for global maritime and air transportation. The Strait of Malacca, between the Malay Peninsula and Sumatra, serves as a natural waterway connecting the Pacific and Indian Oceans and is a crucial route linking ports in Europe and along the Indian Ocean with those on the western Pacific coast."	others	middle	easy
480	The largest city in the United States is \underline{\ \ \ }.	fill_in_the_blank	New York	The population and cities of the United States	"[Analysis] The largest city in the United States is New York, located on the Atlantic coast. It is also a significant global financial center and an international metropolis. [Commentary] New York is the most populous city in the United States and one of the largest metropolitan areas in the world. For over a century, New York has exerted a substantial global influence in commerce and finance. It is a world-class city that directly affects the global economy, finance, media, politics, education, entertainment, and fashion industries. The United Nations headquarters is also located in the city, which is why New York is recognized as the ""capital of the world."""	others	middle	easy
485	The characteristics of population growth in our country transitioned from ( ) to ( ).	fill_in_the_blank	rapid growth; slow growth	Population size and population growth in our country	"(Analysis) China is the most populous country in the world. The characteristics of its population growth include rapid growth after liberation, followed by a decline in the growth rate and a slowdown in population growth after the implementation of the family planning policy in the 1970s.

(Commentary) According to the results of the 2010 sixth national census, China's total population was 1.37 billion, accounting for about one-fifth of the world's total population, making it the most populous country. Since the 1970s, China has experienced political stability, rapid economic and technological development, and an increased ability to withstand natural disasters; living standards and medical care have continually improved, leading to a significant decline in the national mortality rate. Starting in the early 1970s, China vigorously implemented the family planning policy, which resulted in a noticeable decline in both the birth rate and the natural growth rate, effectively curbing the momentum of excessively fast population growth.

105. The main grain crops grown in"	others	middle	easy
2070	The high-tech industry that contributes the most to the development of the U.S. economy is the ( ) industry.	fill_in_the_blank	Information Technology	The United States' advanced industry and high-tech industries.	"(Analysis) The high-tech industry that has contributed the most to the development of the U.S. economy is the information technology industry. The role of the U.S. information technology industry in promoting economic development is mainly reflected in: being the industry sector with the most newly added job opportunities, its extensive application in various aspects of production and life, forming many new industry sectors, and improving production efficiency, product quality, and value.

(Comment) The U.S. industrial regions are divided into three main areas:
① The Northeast region is the earliest area of capitalist development in the U.S. Most of the country's traditional industries, such as steel, machinery, automotive, and chemical, are concentrated here.
② The Southern region was primarily agricultural in the past. Due to cheaper land prices, abundant labor, and less environmental pollution compared to the Northeast, American industry gradually shifted from the Northeast to the South, forming emerging industrial bases for oil, aircraft, aerospace, electronics, etc.
③ The narrow plains and valleys"	others	middle	easy
4158	When wearing outer garments, people of the ( ) ethnic group prefer to wear only the left sleeve and leave the right arm exposed. This is because the temperature changes rapidly in the morning, afternoon, and evening, with a significant difference between day and night temperatures.	fill_in_the_blank	Hide	Regional culture of China	"[Analysis] Tibetan compatriots have a habit of wearing their outerwear by only putting on the left sleeve and leaving the right arm exposed. This is due to the rapid temperature changes in the morning, noon, and evening, and the large temperature difference between day and night.

[Commentary] The fundamental reason for the large temperature difference between day and night on the Qinghai-Tibet Plateau is its high altitude. The average altitude of the Qinghai-Tibet Plateau is over 4,000 meters, leading to thin air and low levels of water vapor and dust above the plateau. During the day, solar radiation reaches the ground with a shorter atmospheric path compared to the plains, and the thin gases have less weakening effect. Consequently, the ground receives more solar radiation, and the temperature is relatively high (though still lower than plains at the same latitude due to the weak atmospheric absorption of ground radiation). At night, the thin gases provide weaker insulation, causing the temperature to drop rapidly. No wonder Tibetan"	others	middle	easy
1663	The traditional dwelling in Beijing is \_\_\_, while the traditional dwelling on the Loess Plateau is \_\_\_.	fill_in_the_blank	Courtyard house; Cave dwelling	Overview of the Loess Plateau (Location, Topography, and Landform Landscape)###Overview of Beijing and Its Urban Functions	"[Analysis] Beijing is a historical and cultural city, with traditional dwellings known as ""siheyuan"" (courtyards). On the Loess Plateau, residents utilize the vertical nature of loess to dig cave dwellings, making ""yaodong"" (cave dwellings) their traditional homes. Therefore, the answer is: siheyuan; yaodong. [Review] This question examines the traditional dwellings of Beijing and the Loess Plateau; just remember them."	others	middle	easy
690	The population of Baoji area is approximately \ul{　 　} ten thousand people, with an average annual temperature of about \ul{　 　}℃, an average annual precipitation of approximately \ul{　 　}mm, belonging to \ul{　 　} climate, and Baoji's seasonal climate characteristics are \ul{　 　}.	fill_in_the_blank	375; 7.9-13.2; 578-737; temperate monsoon; hot and rainy in summer, cold and dry in winter	Shaanxi	"(Analysis) The Baoji area is located in the Ningxia Hui Autonomous Region, with a population of about 3.75 million. The average annual temperature is approximately 7.9 to 13.2°C, and the average annual precipitation is about 578 to 737mm. It has a temperate monsoon climate. Baoji's climate features are hot and rainy summers and cold, dry winters.

Hence, the answer is: 3.75 million; 7.9 to 13.2; 578 to 737; temperate monsoon; hot and rainy summers, cold, dry winters.

(Comment) China's climate types are complex and diverse, with a noticeable monsoon climate. The main climate types in China include temperate monsoon climate, subtropical monsoon climate, tropical monsoon climate, temperate continental climate, and alpine plateau climate. This question examines the climate characteristics of different cities in China, which should be memorized. 

32."	others	middle	medium
1512	The five types of land terrain are: ( ), ( ), and ( ), ( ), ( ).	fill_in_the_blank	plains; mountains; hills; plateau; basin	Topographic profile map	"[Analysis] [Explanation] People usually classify landforms into five basic types: plains, plateaus, mountains, hills, and basins. Therefore, the answer is: plateaus; hills; basins. 

[Comment] The five common basic landforms are plains, mountains, hills, basins, and plateaus. Plains have relatively low elevations, under 200 meters; plateaus generally have an elevation above 1000 meters, with a large area and bordered by steep slopes; mountains have elevations above 500 meters with a relative height difference of over 200 meters; hills generally have elevations greater than 200 meters but less than 500 meters; basins have higher terrain surrounding and lower center."	others	middle	easy
3862	The sites in Beijing listed in the World Heritage List are ( ), ( ), ( ), ( ), and ( ).	fill_in_the_blank	The Forbidden City; the Great Wall; the Summer Palace; the Temple of Heaven; the Peking Man Site at Zhoukoudian	Beijing's Urban Development (Beijing Tourism, Key Functional Areas, Transportation Network)	Beijing is the capital of China, serving as the country's political, transportation, education, scientific research, and cultural center, as well as an international exchange city. Beijing is home to many historical sites, some of which are included in the World Heritage List, such as the Ming and Qing Dynasties' Forbidden City, the Summer Palace, the Temple of Heaven, the Ming Dynasty Great Wall, and the Peking Man Site at Zhoukoudian.	others	middle	easy
4249	Beijing's construction goals are ( ) and ( ).	fill_in_the_blank	National capital; cultural city	Overview of Beijing and Its Urban Functions	"Beijing is the capital of our country, with several thousand years of history, and has served as the capital for many dynasties, leaving behind a wealth of cultural heritage. It is the political and cultural center of China. Currently, Beijing's goal is to develop as a ""national capital and cultural city."" Beijing is a capital, a directly administered municipality, and a national central city, serving as the political, cultural, economic, and financial decision-making and management center. It is the location of the Central People's Government of the People's Republic of China and the National People's Congress. It has significant international influence and is one of the largest cities in the world."	others	middle	easy
2777	Among the five major types of landforms in the world, the type with higher elevation and less surface relief is ______, while the type with lower elevation and greater surface relief is ______.	fill_in_the_blank	Plateau; Hill	Changes in landforms	nan	others	middle	easy
2146	The largest developing country in the world is \_\_\_; internationally, political and economic talks between developing and developed countries are generally referred to as \_\_\_.	fill_in_the_blank	China; North-South Dialogue	Differences between developed and developing countries###Distribution of developed and developing countries###Economic globalization	"According to development level differences, countries in the world are divided into developing countries and developed countries. China is the largest developing country in the world. Internationally, political and economic discussions between developing and developed countries are generally referred to as the ""North-South Dialogue,"" such as the dialogue between China and the United States. Cooperation among developing countries is called ""South-South Cooperation,"" such as the cooperation between China and Brazil. 

Therefore, the answer is: China; North-South Dialogue. 

(Commentary: This question tests knowledge of types of economic development and international relations, categorized as memory-based knowledge, and is relatively simple.)"	others	middle	easy
2975	"Connect the following geographical areas with their main land use types.

(1) Yangtze River Middle and Lower Plains A. Grassland

(2) Inner Mongolia Plateau B. Paddy Field

(3) Tarim Basin C. Desert

(4) Changbai Mountain Region D. Dry Land

(5) North China Plain E. Forest Land

(1) ____  (2) ____  (3) ____  (4) ____  (5) ____"	fill_in_the_blank	B; A; C; E; D	The current distribution of land resources in our country	nan	others	middle	easy
1286	The highway from Jiangjin to Xishui, Guizhou, expected to be completed and opened for traffic in June 2018, will become a ( ) tourist route and also Chongqing's ( ) major outbound route.	fill_in_the_blank	golden; shortest	Chongqing	"[Analysis] The Jiangxi Expressway from Jiangjin to Xishui, Guizhou, expected to be completed and open to traffic in June 2018, will become a golden tourist route, as well as Chongqing's shortest major route to the sea.  
Therefore, the answer is: Jiangxi.  
[Comment] This question tests knowledge related to the Jiangxi Expressway (the expressway from Jiangjin to Xishui, Guizhou)."	others	middle	easy
1302	"Fill in the table to compare the geographical differences between the Northeast Plain and the Middle-Lower Yangtze Plain.

|                | Main Climate Type            | Presence of River Ice Period | Crop Cultivation Cycle    |
|----------------|-----------------------------|-----------------------------|---------------------------|
| Northeast Plain | ( )                         | ( )                         | ( )                       |
| Middle-Lower Yangtze Plain | ( )             | ( )                         | ( )                       |"	fill_in_the_blank	Temperate monsoon climate; yes; single cropping per year; subtropical monsoon climate; no; double cropping per year.	The Natural Geography Overview of the Three Northeastern Provinces###The agricultural development conditions and crop distribution in the three northeastern provinces.###Population, cities, and industry along the Yangtze River region	nan	others	middle	easy
5309	The largest city in Taiwan is \ul{  }, and the largest port in Taiwan is \ul{  }.	fill_in_the_blank	Taipei; Kaohsiung	Taiwan Population and Cities	"[Analysis] The largest city in Taiwan is Taipei, which is also its political, economic, cultural, and transportation center. The largest port in Taiwan is Kaohsiung, which is also Taiwan's second-largest city.  
Thus, the answer is: Taipei; Kaohsiung.  
[Comment] This question tests knowledge of the largest city and the largest port in Taiwan, which is basic information and should be memorized."	others	middle	easy
2149	China resumed the exercise of sovereignty over Hong Kong on ( ).	fill_in_the_blank	July 1, 1997	Hong Kong, Macau, and Taiwan	[Analysis][Discussion] Hong Kong's return on July 1, 1997, and Macau's return on December 20, 1999.	others	middle	easy
2079	The industrial characteristics of Japan are: import ( ), export ( ).	fill_in_the_blank	Raw materials, fuels; industrial products	Japan's industry	[Analysis] This question examines the distribution and characteristics of Japanese industry. Japan imports raw materials and fuels and exports industrial products. [Comment] Japan has a rugged coastline with many excellent harbors, and it is an economically developed world power. However, due to its small size and scarce resources, it is considered a resource-poor country with a high dependency on imports. Therefore, its industry is mainly distributed along the narrow strip of the Pacific coast and the Seto Inland Sea coast, facilitating the import of raw materials and the export of products.	others	middle	easy
3052	The numerous rivers and ( ) in the middle and lower Yangtze River plain provide favorable conditions for freshwater aquaculture.	fill_in_the_blank	Lake	Conditions for the development of rice fields in the southern region, main crops, and agricultural products.###Overview of the Yangtze River Delta Region	"(Analysis) The numerous rivers and lakes in the middle and lower Yangtze River plains provide favorable conditions for freshwater aquaculture, making it the most developed area for freshwater fisheries in China. 
Therefore, the answer is: lakes. 
(Commentary) This question mainly examines the role of rivers and lakes in the middle and lower Yangtze River regions.

92. India is one of the four ancient civilizations of the world, located in the \ul{    } part of Asia, currently ranking \ul{    }th in the world by population."	others	middle	easy
3054	"Connect the following epithets to the corresponding regions:

① White Mountains and Black Waters ( )  
② Land of Fish and Rice ( )  
③ Southern Gate ( )  
④ Roof of the World ( )  
⑤ Eight Mountains, One Water, One Field ( )"	fill_in_the_blank	E; A; B; C; D	The Natural Geographic Overview of the Qinghai-Tibet Region###The agricultural development conditions and crop distribution in the three northeastern provinces.###Conditions for the development of rice fields in the southern region, main crops, and agricultural products.###The export-oriented economy of the Pearl River Delta region###Guizhou	"(Analysis) ① ""White Mountain Black Water"" refers to the Northeast region; ② ""Land of Fish and Rice"" refers to the middle and lower Yangtze River plain; ③ ""Southern Gate"" refers to the Pearl River Delta; ④ ""Roof of the World"" refers to the Qinghai-Tibet Plateau; ⑤ ""Eight Mountains, One Water, One Field"" refers to Guizhou Province.

107."	others	middle	easy
4234	"The phrases ""land without three miles of flat terrain"" and ""sky without three consecutive days of clear weather"" describe the topography and climate characteristics of ( ). The longest river within its territory, the ( ), is a tributary of the Yangtze River. The main geological disasters include ( )."	fill_in_the_blank	Guizhou; Wujiang River; landslides	Guizhou###Common natural disasters in our country	nan	others	middle	easy
1665	"The starting point of the ""West-East Gas Pipeline"" project is located in ( )."	fill_in_the_blank	Tarim Basin	Development of Oil and Gas Resources in the Tarim Basin (West-East Gas Pipeline Project)	"[Analysis][Explanation] Solution: The West-to-East Gas Pipeline Project transports natural gas from the Tarim and Changqing gas fields in China to Shanghai via pipeline. The pipeline begins at Lunnan in the Tarim area, crossing Xinjiang, Gansu, Ningxia, Shaanxi, Shanxi, Henan, Anhui, Jiangsu, and ends in Shanghai.

[Commentary] The West-to-East Gas Pipeline Project is a major infrastructure initiative planned during the ""Tenth Five-Year Plan."" Its main task is to deliver natural gas from the Tarim Basin in Xinjiang to the regions of Henan, Anhui, Jiangsu, Zhejiang, and Shanghai, traversing ten provinces, cities, and districts along the way. The ""West-to-East Gas Pipeline"" project will significantly accelerate economic development in the Xinjiang region and along the central-western areas, increase fiscal revenue and employment opportunities, and bring substantial economic and social benefits."	others	middle	easy
1669	Agriculture mainly includes industries such as \ul{ } industry, \ul{ } industry, \ul{ } industry, fishery, and others.	fill_in_the_blank	Planting; animal husbandry; forestry	Agriculture and its production sectors	"[Analysis] Agriculture belongs to the primary industry. The sector utilizing land resources for planting is crop farming; utilizing land space for aquaculture is the aquaculture industry, also known as fisheries; utilizing land resources for cultivating and harvesting timber is forestry; utilizing or directly using grasslands for livestock development is animal husbandry. Small-scale processing or production of these products is a sideline business. These all form an organic part of agriculture.

Therefore, the answer is: planting; animal husbandry; forestry.

[Commentary] Agriculture refers to an important industrial sector within the national economy, focusing on land resources as its production object. It is an industry that produces food and industrial raw materials by cultivating plants and animals. Agriculture belongs to the primary industry. This question primarily examines the main sectors of agriculture. Memorizing the definition of agriculture and its main sectors is key to answering the question effectively. Students should flexibly grasp the foundational knowledge to improve answering efficiency."	others	middle	easy
1814	In Xinjiang, there is an ancient underground water diversion project that can naturally irrigate oasis agriculture. This project is known as the ( ).	fill_in_the_blank	Karez Well	The relationship between karez wells and the natural environment	"(Karez is an ancient water diversion project in Xinjiang, suitable for oasis irrigation agriculture.)  
Therefore, the answer is: Karez  
(Commentary: Developing agriculture according to local conditions is an important idea throughout geographic studies.)"	others	middle	easy
2954	The largest desert in China is ( ).	fill_in_the_blank	Taklamakan Desert	Overview of the Tarim Basin	The Tarim Basin is located in the Xinjiang Uygur Autonomous Region of China, with the Taklamakan Desert at its center, covering an area of approximately 337,600 square kilometers. It is the largest desert in China and the tenth largest desert in the world.	others	middle	easy
2088	"Science and technology play an increasingly important role in agricultural development. The ""Father of Hybrid Rice"" is ( )."	fill_in_the_blank	Yuan Longping	Development of Chinese Agriculture (Enhancing Agriculture through Science and Technology)	"【Analysis】 Science and technology play an increasingly important role in agricultural development. Yuan Longping is known as the ""Father of Hybrid Rice."" Therefore, the answer is: Yuan Longping. 【Comment】 This question tests the scientist known as the ""Father of Hybrid Rice""; just remember the name."	others	middle	easy
2246	The longest river in Europe is the ( ), the deepest lake in the world is ( ), and it is also the lake with the largest volume of ( ) in the world.	fill_in_the_blank	Volga; Lake Baikal; freshwater	The natural environment of Asia (topography, climate, rivers)###Natural Environment of Europe (Topography, Climate, Rivers)	"(Analysis) The Volga River is located in the southwest of Russia, with a total length of 3,690 km. It is the longest river in Europe and the longest inland river in the world, flowing into the Caspian Sea. This river is revered by Russians as the ""Mother River."" Lake Baikal is the deepest lake in the world and also has the most freshwater in the world.

Therefore, the answer is: Volga; Baikal; freshwater"	others	middle	easy
4760	The lower the air quality index, the ( ) the air and the more beneficial it is to health.	fill_in_the_blank	fresher	Air quality and pollution index	"[Analysis] A higher air quality level indicates a lower air quality index, meaning less air pollution and being more beneficial to human health. A lower air quality level indicates a higher air quality index, meaning worse air quality and more severe air pollution. Therefore, the answer is: small.

[Commentary] Air quality levels are divided into six grades: Level 1 - Excellent, Level 2 - Good, Level 3 - Slight Pollution, Level 4 - Moderate Pollution, Level 5 - Heavy Pollution, and Level 6 - Severe Pollution. The air pollution index is divided into six ranges: 0-50, 51-100, 101-150, 151-200, 201-300, and above 300."	others	middle	easy
3575	Modern modes of transportation mainly include railways, highways, waterways, aviation, and \_\_\_. China has now formed a national railway network centered on \_\_\_.	fill_in_the_blank	Pipeline; Beijing	The main modes of transportation in our country	"[Analysis] Modern transportation methods mainly include railways, highways, waterways, aviation, and pipelines. China has now formed a national railway network centered around Beijing. 

[Commentary] Railways, highways, waterways, and air transport constitute China's modern transportation network. Among various methods, railway transportation is one of the most important. Due to natural conditions and socio-economic influences, railway construction in western China started relatively late and developed slowly, leading to a sparse network, whereas the eastern region began earlier, developed rapidly, with a dense network.

57. In a year, the temperature on land in the Northern Hemisphere is highest in \_\_\_ month and lowest in \_\_\_ month. Over the ocean, it is highest in \_\_\_ month and lowest in \_\_\_ month. The Southern Hemisphere is opposite."	others	middle	medium
2896	Australia's largest city and harbor is \ul{　 　}.	fill_in_the_blank	Sydney	Australia's Population and Cities	"Sydney is Australia's largest city and seaport, located in the southeastern coastal region of Australia, where the climate is mild and humid, transportation is convenient, and the economy is developed.

Answer: Sydney

Sydney's iconic building is the Sydney Opera House."	others	middle	easy
3059	The United States is a country located in (continent), and Germany is a country located in (continent).	fill_in_the_blank	North America; Europe	Overview of the United States###Germany	"[Analysis] The United States is located in North America, and Germany is located in Europe.
[Comment] This question tests which continents the United States and Germany belong to, simply memorize. The U.S. mainland is bordered by the Atlantic Ocean to the east, the Pacific Ocean to the west, the Gulf of Mexico to the south, Canada to the north, and Mexico to the south. Germany is located in central Europe, bordered by Poland and the Czech Republic to the east, Austria and Switzerland to the south, the Netherlands, Belgium, Luxembourg, and France to the west, Denmark to the north, and adjacent to the North Sea and the Baltic Sea."	others	middle	easy
3328	The direction indicated by the meridian is \ul{　 　}.	fill_in_the_blank	North and south	Using the graticule for orientation	nan	others	middle	easy
3334	The traditional dwellings of the Loess Plateau region are ( ).	fill_in_the_blank	Cave dwellings	Overview of the Loess Plateau (Location, Topography, and Landform Landscape)###Geography and Production Development	The cave dwellings on the Loess Plateau are mostly excavated along hillsides, featuring predominantly arched exteriors. The area near doors and windows has better lighting, while the interior is slightly dim. Traditional cave dwellings are cost-effective, sturdy, durable, warm in winter, cool in summer, and suitable for habitation, without damaging the environment or occupying fertile land. If the cliff is relatively high, multiple layers of cave dwellings are often carved, similar to modern buildings.	others	middle	easy
3355	From the density of contour lines or isobaths, one can determine the elevation variation of the land or the slope of the seabed. In steep areas, the contour lines are ( ); in gentle areas, the contour lines are ( ).	fill_in_the_blank	Dense; Sparse	Interpretation of contour maps###Contour Lines and Their Interpretation	[Analysis] On the same contour map, areas with dense contour lines have steep slopes, while areas with sparse contour lines have gentle slopes. Therefore, the answer is: dense; sparse. [Review] Contour lines are closed curves on a topographic map that connect points of equal elevation. On a contour map, we can determine the steepness of a slope based on the density of the contour lines. The sparser the contour lines, the gentler the slope; the denser the contour lines, the steeper the slope. The contour lines at a mountain top are closed, with values decreasing outward; in a basin, the values are higher outside and lower inside; contour lines in a valley curve towards increasing values, while those on a ridge curve towards decreasing values. At a cliff, multiple contour lines of different elevations overlap, and the saddle area is flanked by closed contour mountain peaks, with the middle part being relatively lower.	others	middle	easy
4834	The earliest cities in the world appeared in ( ). The basic principles of conducting international economic cooperation are ( ).	fill_in_the_blank	Mesopotamian Plain; equality and mutual benefit	Countries and regions in the world###Important Organizations in International Economic Cooperation	"[Analysis] About 6,000 years ago, cities emerged in the Mesopotamian Plain. The Mesopotamian Plain, located near rivers with abundant water sources, is an alluvial plain with fertile soil and flat terrain, making it suitable for farming and human habitation. This led to the emergence of the world's earliest cities. The basic principles for engaging in international economic cooperation are for sovereign national governments, international economic organizations, regional economic organizations, and cross-border natural and legal persons to engage in long-term economic cooperation activities based on the principle of equality and mutual benefit, utilizing their advantageous production factors through certain economic coordination mechanisms.

[Commentary] (1) At the current stage, international economic cooperation mainly manifests as a resource allocation process and development trend of global economic integration, which is premised on the internationalization of economic life, characterized by interdependence among national economies, centered on the international movement of production factors, organized by transnational economic organizations, and grounded in international economic coordination"	others	middle	easy
3451	"Please fill in the numbers representing global customs and traditions into the corresponding blanks:

Indians \ul{　 　} 2. Like spicy, curry-made vegetables, rarely eat meat

Arabs \ul{　 　} 5. Fond of white, buildings and traditional men's clothing are white

Western Europeans \ul{　 　} 1. Love dairy products and beef and lamb, often eat steaks, lamb legs, cream, and cheese

Brazilians \ul{　 　} 3. Enjoy playing football at a world-class level and dancing the samba

Africans \ul{　 　} 4. Talented in singing and dancing, with artistic skills in music, painting, and sculpture"	fill_in_the_blank	2; 5; 1; 3; 4	Geography and Local Customs	"Explanation and Analysis: 

India is located in tropical and subtropical regions with a hot climate. Local residents adapt to the humid and hot environment by preferring spicy food like chili and curry-based vegetables, consuming little meat, and having habits of drinking cold water and tea. 

Arabs live in tropical areas with relatively high temperatures. Long robes effectively dissipate heat, and the white color maximizes the reflection of the sun's ultraviolet rays. 

Western Europe mainly has a temperate maritime climate that is mild and humid, suitable for pasture growth. Livestock farming is developed, so local residents are fond of dairy products and livestock like beef and lamb. 

Brazilians mainly live in tropical regions and are passionate about playing football and dancing the samba. 

African black people are known for their singing and dancing abilities and have artistic talents in music, painting, and sculpture.

Thus, the answers are: 2; 5; 1; 3; 4

Comment: Answers are based"	others	middle	medium
4154	"People vividly refer to \_\_\_\_ as ""the grain of industry"" and \_\_\_\_ as ""the blood of industry""."	fill_in_the_blank	Coal; Oil	Industry and Its Importance	"(Perspective) (Analysis) People often refer to coal as the ""food of industry"" and oil as the ""blood of industry."" (Review) The three most important fossil fuels in the world today are coal, oil, and natural gas. They are also significant chemical raw materials. People often refer to coal as the ""food of industry"" and oil as the ""blood of industry."""	others	middle	easy
4260	In the summer and autumn seasons, the meteorological disaster that frequently occurs along the southeastern coast of China is \ul{　 　}.	fill_in_the_blank	Typhoon	Causes and Distribution of Major Meteorological Disasters in China###The special weather in our country	"According to the knowledge acquired, we know that China's special weather events mainly include cold waves, plum rains, typhoons, sandstorms, etc. In the summer and autumn seasons, China's southeastern coastal areas frequently suffer from typhoons. Typhoons originate from tropical oceanic vortices, and when they pass through, they usually bring strong winds and heavy rain, causing damage to people's property. Therefore, the answer is typhoon.

The answer is: typhoon.

[Comment] This examines the impact of meteorological disasters, specifically typhoons, on China, and requires understanding and memorization."	others	middle	easy
