index	question	category	answer	knowledge	analysis	year	grade_level	difficulty_level
4140	The largest country by area in the Middle East is Saudi Arabia.	true_false	True	The location and scope of the Middle East	"[Analysis] The Middle Eastern country with the largest land area is Saudi Arabia, with 2.25 million square kilometers, but deserts account for about half of the country's area. Therefore, it is correct.

[Commentary] The Kingdom of Saudi Arabia, abbreviated as Saudi. Saudi Arabia is located in the southwestern part of Asia on the Arabian Peninsula, bordered by the Persian Gulf to the east, the Red Sea to the west, and neighboring Jordan, Iraq, Kuwait, the United Arab Emirates, Oman, Yemen, Bahrain, and Qatar."	others	middle	easy
2536	The mountains and major rivers of the Indochina Peninsula mostly extend from north to south, characterized by the alternating pattern and longitudinal distribution of mountains and rivers.	true_false	True	The interspersion of mountains and rivers with city distribution in Southeast Asia	"[Analysis] The most typical feature of the Indochina Peninsula is the alternating distribution of mountains and rivers in a longitudinal arrangement; therefore, the answer is correct. [Commentary] The typical characteristics of the Indochina Peninsula are ""alternating mountains and rivers, arranged longitudinally,"" with mountain ranges extending north to south and higher terrain in the north than in the south. Rivers flow from north to south, with large elevation drops in the upper reaches, providing abundant hydropower resources, while the downstream areas are flat with slower flow rates. Cities on the Indochina Peninsula are mainly located along rivers and near river delta areas, which are mostly alluvial plains—flat terrain, fertile soil—with a long agricultural history and developed transportation."	others	middle	easy
3366	The highest mountain in Africa is Mount Kilimanjaro, which, despite being near the equator, is covered with snow year-round due to its high elevation.	true_false	True	The natural environment of Africa (terrain, climate, rivers)	"[Analysis] Most of Africa is located in the tropics between the Tropic of Cancer and the Tropic of Capricorn. The highest peak is Mount Kilimanjaro, which, despite being near the equator, has a snow-capped summit year-round due to its high altitude. Thus, it is known as the ""Equatorial Snow Peak,"" making this statement correct.

[Comment] Mount Kilimanjaro's summit remains snow-covered throughout the year because its high altitude results in lower temperatures as altitude increases. This is an influence of the terrain."	others	middle	easy
1112	Under the condition that the map size is the same, the smaller the scale, the larger the range represented.	true_false	True	Scale	nan	others	middle	easy
260	In Suihua, the sun rises higher in the winter during the year. ( )	true_false	False	The movement of the solar zenith point and the noon solar altitude.	(Analysis) Based on the knowledge learned, Suihua, located in the Northern Hemisphere, experiences the highest position of the sun in the sky when it is directly over the Tropic of Cancer, which occurs during summer. Therefore, the answer is: Incorrect. (Review) Throughout the year, the direct position of the sun moves regularly between the Tropic of Cancer and the Tropic of Capricorn, causing a regular change in the sun's noon altitude at different locations. The vernal equinox occurs around March 21, with the sun directly over the equator. The summer solstice occurs around June 22, with the sun directly over the Tropic of Cancer. The autumnal equinox occurs around September 23, with the sun directly over the equator. The winter solstice occurs around December 22, with the sun directly over the Tropic of Capricorn. 66.	others	middle	easy
2548	The time it takes for Earth to complete one rotation is a year. ( )	true_false	False	Basic characteristics of Earth's rotation	(Explanation) [Analysis] Earth's rotation refers to the spinning movement of the Earth around its axis. The direction of Earth's rotation is from west to east. The time for one complete rotation is 24 hours, which equals one day. Therefore, the answer is: Incorrect. (Commentary) Earth's continuous rotation around its axis is called Earth's rotation. The direction of Earth's rotation is from west to east, and the rotation period is one day. The phenomena caused by Earth's rotation are the alternation of day and night and time differences.	others	middle	easy
4711	The climate type in sub-Saharan Africa is primarily tropical rainforest.	true_false	False	The terrain and climate of Sub-Saharan Africa	"(Analysis) The majority of Sub-Saharan Africa lies in the tropics between the Tropic of Cancer and the Tropic of Capricorn. Its terrain is predominantly plateau, mostly featuring a tropical savanna climate, providing habitat for numerous large wild animals. (Commentary) Sub-Saharan Africa is commonly referred to as ""Black Africa,"" meaning ""the homeland of the black race."" It generally refers to the region south of the central Sahara Desert and is one of the poorest regions in the world. It is bordered by the Atlantic Ocean to the west, the Indian Ocean to the east, and overlooks Europe across the Mediterranean Sea and the Strait of Gibraltar to the north. Known as the plateau continent, its main regions include the Ethiopian Highlands, East African Plateau, and South African Plateau. The climate primarily comprises tropical rainforest climate, tropical savanna climate, and tropical desert climate, with parts of the Cape of Good Hope area having a Mediterranean climate."	others	middle	easy
4709	Sub-Saharan Africa has the highest reserves and production of gold and diamonds in the world.	true_false	True	Economic development in Sub-Saharan Africa	"(Analysis) Vast, with diverse and abundant resources, it is known as the ""rich continent."" Africa has a wide variety of mineral resources with large reserves. The reserves and production of diamonds, gold, chromite, and phosphates rank first in the world. Therefore, it is correct.

(Comment) Sub-Saharan Africa, commonly known as ""Black Africa,"" means ""the homeland of Black people,"" and generally refers to the parts of Africa south of the central Sahara Desert. In terms of latitude and longitude, it is roughly located between the Tropic of Cancer and 30°S, and between 10°W and 50°E, with the equator and 20°E running through it. It spans the northern and southern hemispheres, bordered by the Atlantic Ocean to the west and the Indian Ocean to the east, located in sub-Saharan Africa."	others	middle	easy
3713	The three major problems faced by sub-Saharan Africa are population, food, and environment.	true_false	True	Sub-Saharan Africa: Population, Food, and Environment	[Analysis] The rapid population growth, environmental drought, and food shortage. The three major issues faced by Sub-Saharan Africa are population, food, and environment. Therefore, the answer is: Correct. [Comment] African climate types: They have a distinct east-west zonal distribution centered on the equator, featuring north-south symmetry and opposite seasons. Based on the different climate characteristics of each region, Africa's climate can be mainly divided into four types: tropical rainforest, tropical savanna, tropical desert, and Mediterranean climate.	others	middle	easy
3720	The northern region spans the mid-temperate, warm-temperate, and cold-temperate zones of China.	true_false	True	The distribution characteristics of temperature and the division of temperature zones in our country###Overview of the Physical Geography of Northern Regions	(Analysis) The northern region includes the Northeast region, the North China region, and the Loess Plateau. The North China region and the Loess Plateau are located in the warm temperate zone, while the Northeast region is located in the middle temperate and cold temperate zones. Therefore, it is correct.	others	middle	easy
4720	Seasons in the Southern Hemisphere are opposite to those in the Northern Hemisphere.	true_false	True	Seasonal changes and the division of the five zones	"[Analysis] Based on the knowledge learned, for example in the Northern Hemisphere, during a period around the summer solstice, the ground receives more sunlight and heat, forming summer; during a period around the winter solstice, the ground receives less sunlight and heat, forming winter. During the periods around the vernal equinox and the autumnal equinox, the ground receives less sunlight and heat than in summer, but more than in winter, forming spring and autumn respectively. The seasons in the Southern Hemisphere are opposite to those in the Northern Hemisphere.

Therefore, the answer is: Correct.

[Comment] The seasons in the Northern and Southern Hemispheres are opposite. Spring in the Northern Hemisphere is March, April, and May, which corresponds to autumn in the Southern Hemisphere. Summer in the Northern Hemisphere is June, July, and August, which corresponds to winter in the Southern Hemisphere. Autumn in the Northern Hemisphere is September, October, and November, which corresponds to spring in the Southern Hemisphere."	others	middle	easy
3365	The Yangtze River in our country is the longest river in the world.	true_false	False	Overview, Development, and Management of the Yangtze River	"(Analysis) The Yangtze River in China is about 6,300 kilometers long, making it the third longest river in the world, following the Nile in Africa and the Amazon in South America. The Yangtze is the longest river in Asia, so the statement is incorrect.

(Commentary) The Nile River is a river flowing through eastern and northern Africa, emptying into the Mediterranean Sea from south to north. Along with the Congo River in Central Africa and the Niger River in West Africa, it is one of Africa's three largest river systems. The Nile River is 6,670 kilometers long, making it the longest river in the world. It has two major tributaries: the White Nile and the Blue Nile, with the Blue Nile originating from the Ethiopian Highlands as the primary source of water for the lower Nile."	others	middle	easy
3837	A valley refers to the part of contour lines that bulges towards lower areas.	true_false	False	Interpretation of contour maps	nan	others	middle	easy
3654	Among the world's major energy minerals, China produces and consumes the most coal. (      )	true_false	True	The distribution of industry in our country	[Analysis] Coal is China's primary energy source, accounting for over 70% of the country's energy production and consumption. This means that among the world's major energy minerals, coal is the most produced and consumed in China. Therefore, the answer is: Correct. [Comment] This question tests the knowledge of China's primary energy source, which is basic knowledge and should be memorized.	others	middle	easy
5120	The boundary between South America and North America is the Panama Canal.	true_false	True	Continental divide	nan	others	middle	easy
5117	Russia is a European country with a homogeneous ethnic composition.	true_false	False	Population, Cities, Ethnic Groups, and Culture of Russia	[Analysis] [Examination] Russia is a multi-ethnic country with over 140 million people and more than 130 ethnic groups, with the Russian ethnicity being the most populous and Russian as the common language. Therefore, this statement is incorrect. [Review] Russia is located in the northern part of the Eurasian continent, spanning both Europe and Asia with a land area of 17.0982 million square kilometers. It is the largest country in the world by area and a unified multi-ethnic country consisting of 194 ethnic groups, with Russians as the main ethnic group.	others	middle	easy
4728	"Brazil is known as the ""Coffee Kingdom."""	true_false	True	The Developing Agriculture and Industry of Brazil	nan	others	middle	easy
4398	Camels are common livestock in the Middle East and are also a traditional means of transportation.	true_false	True	The relationship between scarce water resources and the natural environment in the Middle East	[Analysis] The Middle East is predominantly characterized by a tropical desert climate, which is hot and dry, with extensive desert distribution. Camels are a common traditional means of transportation. [Comment] The Middle East has many deserts, primarily featuring a tropical desert climate, and camels are the traditional mode of transportation.	others	middle	easy
1128	Our country has six land neighboring countries and 14 countries across the sea.	true_false	False	China's land neighbors and countries across the sea	(Analysis) Our country is located in the eastern part of the Eurasian continent and on the western shore of the Pacific Ocean. It is a nation with both land and sea borders. It borders 14 countries on land and is across the sea from six countries, thus the statement is incorrect. (Review) China has a total of fourteen neighboring countries on land: North Korea, Russia, Mongolia, Kazakhstan, Kyrgyzstan, Tajikistan, Afghanistan, Pakistan, India, Bhutan, Nepal, Myanmar, Laos, and Vietnam. The countries across the sea are eight in total: North Korea, South Korea, Japan, the Philippines, Brunei, Malaysia, Indonesia, and Vietnam. Among them, North Korea and Vietnam are both maritime and land neighbors. Russia and India have two separate borders with China.	others	middle	easy
3992	Magellan was the first navigator to provide evidence that the Earth is a sphere. ( )	true_false	True	The shape and size of the Earth	[Analysis] Combining the learned knowledge, it is known that from 1519 to 1522, the Portuguese navigator Magellan led a fleet that completed the first human voyage around the Earth, proving that the Earth is a sphere. Therefore, the answer is: correct. [Comment] Human understanding of the Earth's shape has undergone a long and arduous process. From the concept of a square Earth under a round sky, to speculating that the Earth is also a sphere based on the shapes of the Sun and Moon, to Magellan's circumnavigation proving the Earth is a sphere, and finally, in the 20th century, humans entered space and photos taken by artificial satellites confirmed that the Earth is a sphere.	others	middle	easy
1778	India is the world's second most populous country.	true_false	True	Overview of India	"(Analysis) India, like China, is also a populous country, with a current population exceeding 1 billion, making it the second largest in the world after China.

Therefore, the answer is: Correct.
(Review) India is the largest country in South Asia by area and the second most populous country in the world. This question examines India's population, which is a relatively simple fundamental question, and should be memorized."	others	middle	easy
4383	Agriculture is the leading force of our national economy, while industry and transportation play supportive roles.	true_false	False	The distribution of industry in our country###The distribution and hubs of major railway lines in our country###Develop agriculture according to local conditions.	nan	others	middle	easy
1627	The largest country in Europe by area is Germany, and its capital is Paris.	true_false	False	Overview of Europe	"Based on the knowledge learned, the largest country in Europe by area is Russia, with its capital in Moscow. Therefore, the statement is incorrect.

Review: Russia is located in the northern part of the Eurasian continent, spanning both Europe and Asia, with a land area of 17.0982 million square kilometers. It is the largest country in the world by area and is a unified multi-ethnic country composed of 194 ethnic groups, with Russians being the main ethnic group. Most of its European territory is the East European Plain."	others	middle	easy
4223	"Taiwan Island is often referred to as the ""Pearl on the Southeast Sea of the Motherland"" due to its abundant resources."	true_false	True	Overview of the Natural Geography of Taiwan Province	"Taiwan is located between China's East China Sea and the South China Sea. It is a fertile treasure island with abundant resources and products, known as the ""Pearl on the Southeast Sea of the Motherland,"" with admirable names like ""Eastern Sweet Island,"" ""Land of Fruits,"" ""Maritime Granary,"" ""Southeast Salt Depot,"" and ""Asia's Natural Botanical Garden.""

Taiwan Province includes Taiwan Island and nearby groups of islands such as the Penghu Islands and the Diaoyu Islands. Taiwan Island is the largest island in China. Mountains occupy two-thirds of the island, with over 50% of the area covered by forests, ranging from tropical to frigid zones, earning it the reputation of ""Asia's Natural Botanical Garden."" The western region of Taiwan Province is primarily plains and is known as the ""Maritime Granary"" and ""Eastern Sweet Island"" due to its abundant rice and sugarcane production."	others	middle	easy
1120	Russia is rich in mineral resources and has a poorly developed light and heavy industry.	true_false	False	The agriculture and industry of Russia	(Analysis) Russia is rich in mineral resources and focuses on heavy industry. Therefore, it is incorrect. (Comment) This question mainly examines the characteristics of Russia's industry, requiring students to be well-versed in these industrial characteristics.	others	middle	easy
3711	The Sanjiangyuan area is located in the southern part of Qinghai Province and is the general name for the source regions of the Yangtze River, Yellow River, and Yarlung Zangbo River.	true_false	False	Plateau Wetlands - Sanjiangyuan Area	"(Analysis) The Sanjiangyuan region is located in the southern part of China's Qinghai Province, with an average altitude of 3500-4800 meters. As the hinterland of the Qinghai-Tibet Plateau, also known as the ""Roof of the World,"" it serves as the headwaters area for the world-renowned rivers Yangtze, Yellow, and Lancang (referred to as the Mekong River abroad), nurturing the ancient civilizations of the Chinese nation and the Southeast Asian peninsula. It is praised as the ""Water Tower of China."" 

Therefore, the answer is: Incorrect.

(Commentary) The Sanjiangyuan Nature Reserve is the largest nature reserve in China and is the area with the highest concentration of biodiversity and most sensitive ecology at a high altitude in the world. In recent years, due to global climate warming and irrational human activities, the ecological environment of the Sanjiangyuan region has deteriorated rapidly, with issues such as intensified soil erosion and severe grassland desertification"	others	middle	easy
2130	The world's temperature generally decreases from low latitudes to high latitudes.	true_false	True	The distribution pattern of the average annual global temperature	(Analysis) The world's temperature generally decreases from low latitudes to high latitudes, primarily influenced by latitude. Therefore, the answer is: correct. (Comment) The general pattern of global temperature distribution is: it decreases from low to high latitudes due to the distribution of solar radiation decreasing from low to high latitudes. At the same latitude, land and sea temperatures differ: in summer, land temperatures are higher, and sea temperatures are lower; in winter, land temperatures are lower, and sea temperatures are higher due to the differences in thermal properties of land and sea. At the same latitude, the temperatures in plateaus and mountains are lower than in plains and lowlands, which is an effect of terrain factors.	others	middle	easy
4201	The region in China most lacking in water is the southeastern coastal area.	true_false	False	Characteristics and Impacts of the Spatial and Temporal Distribution of Water Resources in Our Country	[Analysis] [Discussion] The southeastern coastal region of China experiences high precipitation, leading to abundant water resources in that area, while the most water-scarce region is North China. Therefore, the statement in this question is incorrect. [Commentary] China's water resources face issues of uneven spatial distribution and temporal allocation. Spatially, the issue is mainly more water in the south and less in the north. Temporally, there are more resources in summer and autumn, and less in winter and spring, with significant interannual variations. Measures to address uneven spatial distribution include inter-basin water transfer, with the most famous project being the South-to-North Water Diversion. To solve the problem of uneven temporal distribution, reservoirs are constructed, which can store water during river flood periods and release it during dry periods, thereby adjusting the temporal variation in river water levels.	others	middle	easy
3509	"The main reason for ""drastic changes over time"" is human activities involving land reclamation from the sea."	true_false	False	Causes and Examples of Land-Sea Changes	"""Vast seas turned into mulberry fields"" refers to the transformation of oceans into land or land into oceans, symbolizing changes between the sea and land. Modern scientific research indicates that movements of the Earth's crust and changes in sea level are the main causes of such transformations. Thus, the statement is false. 

Review: The Earth's surface is in constant motion and change, where land can become ocean, and ocean can become land. ""Vast seas turned into mulberry fields"" refers to the transformation of oceans into land or land into oceans, symbolizing changes between the sea and land."	others	middle	easy
247	"Many cities in the United States have ""Chinatowns,"" which are areas with significant Chinese populations and rich Chinese cultural characteristics."	true_false	True	Overview of the United States	nan	others	middle	easy
1470	English is currently the most widely used language in the world, while Chinese is the language with the most speakers.	true_false	True	Major World Languages and Their Distribution	"[Analysis] There are many languages in the world, among which the most widely used is English, spoken in about one-third of the countries and regions worldwide. The language with the most speakers is Chinese, primarily used by the Han people in China. Therefore, this is correct.

[Commentary] The distribution of the world's six major languages: Chinese is mainly distributed in China, Singapore, Malaysia, and other Southeast Asian countries; English is mainly distributed in Western Europe, North America, and Oceania; Russian is mainly distributed in Russia and parts of Eastern Europe; French is mainly distributed in France, Central, and West Africa; Spanish is mainly distributed in Spain and most Latin American countries; Arabic is mainly distributed in major countries in West Asia and North Africa. Chinese is the language with the most speakers in the world; English is the most widely used language globally."	others	middle	easy
4372	Brazil is characterized by a large population, a significant number of people of mixed race, and cultural diversity.	true_false	True	Population and Cities of Brazil	"[Analysis] Brazil has a large population, with the most notable demographic feature being the high number of mixed-race people; black and white mixed-race individuals make up about 40%, second only to Caucasians. The Carnival and samba are distinctive aspects of Brazilian culture. Soccer is the most popular sport among Brazilians. Brazilian culture is characterized by its diversity. Therefore, the statement is correct.

[Review] Brazil's total population is 208.6 million."	others	middle	easy
4459	Water scarcity constrains agricultural production in the northwest region.	true_false	True	Natural Geographical Overview of the Northwest Region###Pastoral areas and irrigated agricultural areas in the northwest region.	"The Northwest region is deep inland, surrounded by many high mountains, and moist air currents from the ocean seldom reach it. This results in low precipitation and forms a typical temperate continental climate, making it the driest area in China. The shortage of water resources restricts agricultural production in the Northwest, with oasis agriculture only present in areas at the foot of mountains where water is relatively abundant. 
Therefore, the answer is: correct. 
Review: The eastern boundary of the Northwest region is marked by the Helan Mountains, the southern boundary by the northern slopes of the Kunlun, Altyn-Tagh, and Qilian Mountains, and both the western and northern boundaries are defined by the national border. The entire region includes most of the Xinjiang Uygur Autonomous Region, the western part of Gansu Province and Inner Mongolia Autonomous Region, the vicinity of the Huangshui in Qinghai Province, and the northwest part of Ningxia Hui Autonomous Region. The total area accounts for about"	others	middle	easy
3983	Japan is surrounded by the sea, with mild winters and cool summers, and has a typical temperate maritime climate.	true_false	False	Overview of Japan	"[Analysis] Japan is located in the eastern part of Asia, facing the Pacific Ocean to the east. The southern part is in the subtropical zone, and the northern part is in the temperate zone. Its climate type is subtropical and temperate monsoon climate. Surrounded by seas, Japan has distinct maritime characteristics compared to the eastern monsoon climate of China. Therefore, this statement is incorrect.

[Commentary] Japan is an island nation located on the western side of the Pacific Ocean, consisting of four major islands: Hokkaido, Honshu, Shikoku, Kyushu, and approximately 3,900 smaller islands. It faces China, North Korea, South Korea, and Russia across the East China Sea, Yellow Sea, Korea Strait, and Sea of Japan. The coastline is over 30,000 kilometers long, having many bays and good harbors."	others	middle	easy
1858	The key to managing the Yellow River is sand control on the Loess Plateau in the middle reaches.	true_false	True	Causes, Impacts, and Solutions of Soil Erosion on the Loess Plateau	"The main cause of the Yellow River's flooding is the severe soil erosion on the Loess Plateau in the middle reaches. Therefore, the key to controlling the Yellow River's flooding is to manage the soil erosion in the middle reaches (sand control).

The Yellow River originates from the Bayan Har Mountains on the Qinghai-Tibet Plateau. It flows in a zigzag shape from west to east through nine provinces (autonomous regions): Qinghai, Sichuan, Gansu, Ningxia, Inner Mongolia, Shaanxi, Shanxi, Henan, and Shandong, finally emptying into the Bohai Sea. As the river flows through the Loess Plateau in China, it carries a massive amount of sediment, making it the river with the highest sediment content in the world. The lower reaches form the famous elevated river. Therefore, the key to controlling it is sediment management."	others	middle	easy
3266	In China's four major geographical regions, the boundary between the Qinghai-Tibet region and the other three regions roughly coincides with the boundary of the first step of China's topography.	true_false	True	The basis and boundaries for dividing the four major geographical regions	"[Analysis] In China's four major geographical regions, the boundary between the Qinghai-Tibet area and the other three areas roughly coincides with the boundary of the first step of China's terrain, approximately along the Kunlun Mountains - Qi Lian Mountains - Hengduan Mountains. Therefore, the answer is: Correct.

[Comment] This question examines the demarcation boundaries of China's four major geographical regions, requiring students to remember the following boundaries: The southern and northern regions of China are separated by the Qinling Mountains and Huaihe River; the Qinghai-Tibet area is demarcated from the other three regions by the Kunlun Mountains - Altun Mountains - Qilian Mountains - Hengduan Mountains; the boundary between the northern region and the northwest region is the Daxing'anling - the northern and southern edges of the Inner Mongolian Plateau; the boundary between the southern region and the Qinghai-Tibet area is the Hengduan Mountains.

13."	others	middle	easy
3510	"The Bey-A Railway is known as the ""Eurasian Land Bridge"" and is the longest railway in the world."	true_false	False	Characteristics of Transportation in Russia	"(Error) (Analysis) Incorrect. The Trans-Siberian Railway, crossing the Eurasian continent, is known as the ""Eurasian Land Bridge"" and is the world's longest railway. (Commentary) The Siberian Railway, also known as the First Eurasian Land Bridge, connects Moscow and Vladivostok, spanning 9,288 kilometers, making it the longest railway line in the world. It has branches leading to Mongolia, China, and North Korea. When it opened in 1904, the main line passed through China's Guandong region (the Chinese Eastern Railway). Subsequently, a railway was constructed north of the Heilongjiang River, roughly forming the current route of the Siberian Railway within Russia.

24. Ocean resources are inexhaustible and should be exploited as much as possible."	others	middle	easy
1251	"""North-South Dialogue"" refers to the mutual cooperation among developing countries."	true_false	False	Differences between developed and developing countries	"The discussions on economic, political, and other aspects between developing and developed countries are referred to as the ""North-South Dialogue."" Hence, the answer is: Incorrect. 

Comment: Developing countries, also known as less developed or underdeveloped countries, are countries where the economy, technology, and living standards are relatively low, in contrast to developed countries. The main criterion for assessing developing countries is the relatively low per capita gross domestic product (GDP). This typically includes countries in Asia, Africa, Latin America, and other regions, constituting over 70% of the world's land area and total population. Cooperation among developing countries is called ""South-South Cooperation,"" while cooperation between developing and developed countries is referred to as the ""North-South Dialogue."""	others	middle	easy
3650	The longest mountain range in the world is the Rocky Mountains.	true_false	False	World-famous mountain ranges	The longest mountain range in the world is the Andes Mountains located in the western part of South America, which is part of the Cordillera mountain system and formed by the collision and compression of the American and Antarctic plates. Therefore, the answer is: incorrect. This question tests the knowledge of the world's longest mountain range, which is basic knowledge that should be memorized.	others	middle	easy
4395	Promoting public transportation is beneficial for reducing air pollution.	true_false	True	Climate and Human Production and Life	"Encouraging citizens to choose green transportation methods such as walking, cycling, and taking public transportation is beneficial for reducing air pollution, decreasing energy consumption, and promoting the concept of ""green travel starts with me."" Therefore, it is correct.

Comment: Car exhaust is one of the main sources of air pollution, so driving private cars less and using public transportation more is beneficial for environmental protection."	others	middle	easy
4730	The Sichuan Basin is primarily characterized by a subtropical monsoon climate surrounded by mountains, featuring warm winters, hot springs, and early summers.	true_false	False	Sichuan	nan	others	middle	easy
3590	With the continuous enhancement of comprehensive strength, China's international status has steadily improved, becoming a major country with global influence.	true_false	True	China in the world	"For more than half a century, China's socio-economic development has achieved remarkable accomplishments, continuously enhancing its comprehensive national strength. With the rise of China's economy, China is playing an increasingly important role in the world, its international status is continuously improving, and it has become a major country with global influence. Therefore, the answer is: correct. 

With the continuous enhancement of comprehensive strength, China's international status is continuously improving. China is firmly committed to the concepts of peace, development, cooperation, and mutual benefit, actively participating in international affairs, fully demonstrating its role as a responsible major power, and is playing an increasingly important role. In 2005, China proposed the concept of a ""harmonious world,"" which received wide response from the international community."	others	middle	easy
4225	Railway transport is one of the most important means of transportation in our country.	true_false	True	The distribution and hubs of major railway lines in our country	nan	others	middle	easy
3606	Daqing Oilfield in Heilongjiang Province is the largest oilfield in China. (True or False)	true_false	True	The basic characteristics of natural resources in our country.	"[Analysis] Since the 1960s, a series of large and medium-sized oilfields have been discovered and developed in Northeast, North, and Northwest China. The Daqing Oilfield in Heilongjiang is China's largest oilfield and is currently the largest petroleum industrial base in China.

Therefore, the answer is: √.  
[Commentary] This examines China's largest oilfield and is essential to remember. Petroleum is China's second-largest energy source. China is one of the earliest countries in the world to discover and utilize petroleum. Daqing Oilfield, Shengli Oilfield, Zhongyuan Oilfield, Huabei Oilfield, and Karamay Oilfield are important petroleum industrial bases in China. There have been significant breakthroughs in the development of oil and natural gas in Northwest China and the offshore continental shelf."	others	middle	easy
3313	The boundary between the Northern and Southern Hemispheres is the equator. ( )	true_false	True	Special latitude line###The division of the Northern and Southern Hemispheres	nan	others	middle	easy
170	"Hong Kong and Macau are two special administrative regions of China. The Chinese government has implemented the ""one country, two systems"" policy, applying a capitalist system in Hong Kong and Macau."	true_false	True	Special Administrative Regions—Hong Kong and Macau	"Solution: This question examines the political systems of Hong Kong and Macau. Hong Kong and Macau are two Special Administrative Regions of China. The Chinese government has implemented the policy of ""one country, two systems,"" permitting a capitalist system in Hong Kong and Macau and enabling a high degree of autonomy. Thus, the question is correct.

Comment: Hong Kong is a Special Administrative Region under the jurisdiction of the People's Republic of China, located east of the Pearl River Estuary. It consists of Hong Kong Island, the Kowloon Peninsula, the New Territories mainland area, and 262 islands of various sizes. The four main pillars of Hong Kong's economy are financial services, trading and logistics, tourism, and industry and commerce. Macau is situated on the west side of the Pearl River Estuary, backed by the Pearl River Delta, and comprises Taipa Island, Coloane Island, and the Macau Peninsula. The major economic pillars of Macau include the gaming industry, tourism, manufacturing, and construction, with gaming and"	others	middle	easy
4456	The Yamato people are the main ethnic group in Japan, with traditional clothing being the suit and traditional cuisine being Japanese cuisine.	true_false	False	Japan—A Culture Harmonizing East and West	"[Analysis] The Yamato people are the main ethnic group in Japan. Their traditional clothing is the kimono, and their traditional cuisine is Japanese food. Japan is a country that integrates both Eastern and Western cultures.

Therefore, the answer is: incorrect. [Comment] This question tests the human geography characteristics of Japan. It belongs to knowledge-based questions that require memorization and is relatively simple. To perform well in this type of question, one needs to be attentive in regular study and accumulate knowledge over time."	others	middle	easy
3723	The complex and diverse climate and significant continental climate are two main characteristics of China's climate.	true_false	False	The main factors affecting the climate of our country###Monsoon Climate Region and Non-Monsoon Climate Region in Our Country	nan	others	middle	easy
1640	Agriculture, animal husbandry, and mining are the economic pillars of Australia.	true_false	False	Agriculture, livestock, and mining industries in Australia	"In the 1970s, Australia's service industry developed rapidly, surpassing the industrial, mining, and agricultural sectors to become the pillar of the Australian economy. Therefore, this is incorrect.

Comment: Australia is rich in mineral resources and is one of the world's major exporters of mineral products. Mineral product exports account for a large proportion of total exports, earning it the nickname ""a country sitting on a mineral cart."" Since the 20th century, Australia's service industry has significantly surpassed the agricultural and industrial sectors, becoming the leading industry."	others	middle	easy
1475	Sub-Saharan Africa is recognized as the historical origin of many Black ethnic groups.	true_false	True	Overview of Sub-Saharan Africa (Location and Scope, Countries, Inhabitants)	"(Analysis) The black population in the world is mainly distributed in the sub-Saharan African regions, thus sub-Saharan Africa is considered the homeland of black people, making this statement correct. (Commentary) Sub-Saharan Africa is mainly located between the Tropics of Cancer and Capricorn, with the equator running through its center. Most of it lies in the tropics, characterized by highland terrain, sloping from southeast to northwest. The climate is predominantly tropical, with vast areas of tropical savanna climate. Over 90% of the population is black, which is why it is called the ""homeland of black people."" The region is rich in mineral resources, but economic development is very slow. The region exports primary agricultural products and imports industrial manufactured goods, leading to rapid wealth loss in sub-Saharan African countries and placing them at a disadvantage in international trade."	others	middle	easy
1274	Macao's pillar industry is the gaming and tourism industry.	true_false	True	Overview of Macau and Its Economic Development	nan	others	middle	easy
1276	Japan experiences frequent earthquakes because it is located on the Pacific Ring of Fire.	true_false	True	Plate tectonics theory###Volcanoes and Earthquakes	(Explanation) [Analysis] Generally speaking, within the tectonic plates, the crust is relatively stable. In the areas where plates meet, some regions experience extension and stretching, while others undergo collision and compression, making the crust more active, with frequent volcanic activity and earthquakes. Japan is located on the Pacific Ring of Fire, where the crust is more active, resulting in frequent volcanic activity and earthquakes. Thus, the answer is: Correct. (Commentary) This question tests the reasons for Japan's frequent earthquakes and its location on the earthquake belt, which should be memorized.	others	middle	easy
257	The prominent features of American agriculture are regional specialization, high labor input, and high commodity rate.	true_false	False	Specialization of agricultural regions in the United States	"[Analysis] The United States is a developed major country in both industry and agriculture. Its agricultural production is characterized by regional specialization and high mechanization, with low labor input and a high rate of commercialized products. Therefore, this statement is incorrect.

[Comment] The United States is located in the southern part of the North American continent, bordered by Canada to the north, the Atlantic Ocean to the east, the Pacific Ocean to the west, and Mexico and the Gulf of Mexico to the south. It is a major agricultural power and one of the world's leading producers and exporters of agricultural products, having achieved specialized agricultural production with high mechanization, high efficiency, and large yields."	others	middle	easy
4819	"Australia is referred to as the ""country riding on the sheep's back"" and the ""country sitting on the mining cart."""	true_false	True	Australian natural environment	"Analysis: Australia, with its warm and dry climate and absence of large wild predators, is the country with the largest number of sheep and highest wool exports, earning it the title ""a nation riding on the sheep's back."" Due to its rich mineral resources and significant export of these resources, it is also known as ""a nation sitting on a minecart.""

Review: Located in the Southern Hemisphere, Australia is a developed economy and the only country that occupies an entire continent. It is known as the ""world museum of living fossils"" due to its ancient animals like kangaroos, emus, and platypuses. Additionally, due to its abundance of sheep, it is called ""a nation riding on the sheep's back."" Australia's rich mineral resources include iron ore, bauxite, coal, and petroleum, with more than half of the mined minerals being exported, leading to its reputation as ""a nation sitting on a minecart."""	others	middle	easy
1614	Southeast Asia is rich in tourism resources, and the famous Shwedagon Pagoda is located in Cambodia.	true_false	False	Southeast Asia - Tropical Tourist Destination	(Solution) (Analysis) Southeast Asia has abundant tourism resources, such as the Shwedagon Pagoda in Yangon, Myanmar; Borobudur in Indonesia; Angkor Wat in Cambodia; the floating markets in Bangkok, Thailand; Ha Long Bay in Vietnam; and the garden city of Singapore. The famous Shwedagon Pagoda is located in Yangon, Myanmar. Thus, the answer is: incorrect. (Commentary) Southeast Asia boasts rich tropical landscapes, numerous beautiful beaches and islands, as well as many historical sites and unique local customs, making it a region with abundant tourism resources. Examples include the Shwedagon Pagoda in Yangon, Myanmar; Ha Long Bay in Vietnam; Borobudur in Indonesia; the floating markets in Bangkok, Thailand; and Angkor Wat in Cambodia.	others	middle	easy
112	"The Brazilian government has designated the tropical rainforest as the ""lungs of the Earth."""	true_false	False	Development and Conservation of the Brazilian Tropical Rainforest	"[Analysis] The northern part of Brazil is the Amazon Plain, an area covered by tropical rainforest, known as the ""lung of the Earth."" The world hopes that the Brazilian government will prioritize the protection of tropical rainforests, while wetlands are referred to as the ""kidney of the Earth."" Therefore, the answer is: incorrect.

[Comment] The tropical rainforest region within Brazil, referred to as the ""lung of the Earth,"" is located on the largest plain—the Amazon Plain. This area is characterized by dense forests and a wide variety of flora and fauna. It can regulate atmospheric composition, purify air, conserve water resources, maintain soil and water, provide a good ecological environment, and preserve biodiversity."	others	middle	easy
1856	The two island countries in South Asia are Sri Lanka and the Maldives.	true_false	True	The location and countries of South Asia	(South Asian Analysis) South Asia is located in the southern part of Asia, with significant differences in size and population among the countries. It includes coastal countries like India and Bangladesh, and landlocked countries like Nepal. Sri Lanka and the Maldives are island nations in South Asia, so this description is correct.	others	middle	easy
245	India is the world's second most populous country, with English being the primary language used for business and government.	true_false	True	Ethnicities, Religions, and Customs of South Asia	"(Analysis) India is the second most populous country in the world after China, and the primary language used is English.

Therefore, the answer is: Correct. (Commentary) This question tests the cultural and geographic characteristics of India, which is a memory-based knowledge point. It's relatively simple, and understanding the corresponding textbook knowledge is the basis for answering the question."	others	middle	easy
5123	Taiwan Island is the largest island in our country, and the Taiwan Strait is the largest strait.	true_false	True	The territory of China###The territorial waters of our country	(Analysis) Based on what we've learned, Taiwan Island is the largest island of our country. It is separated by the Taiwan Strait from Fujian Province to the west. The Taiwan Strait is our country's largest strait. Thus, the answer is: Correct. (Commentary) The largest island in our country is Taiwan Island, with an area of about 36,000 square kilometers. It borders the Pacific Ocean to the east and is separated by the Taiwan Strait from Fujian Province to the west.	others	middle	easy
1639	The Northeast Plain has flat terrain, fertile soil, and a dense population, making it an important commodity grain base in China.	true_false	False	The agricultural development conditions and crop distribution in the three northeastern provinces.###Population, Ethnic Groups, and Cities of the Three Northeastern Provinces	nan	others	middle	easy
180	To better protect cultural heritage, all tourism activities should be prohibited.	true_false	False	World cultural heritage and its protection	(Explanation) [Analysis] To better protect cultural heritage, resources should be protected while ensuring the experience. Therefore, the answer is: incorrect. (Commentary) Cultural heritage is of great significance to human civilization. Protecting cultural heritage and maintaining the transmission of national culture is an important cultural foundation for connecting ethnic bonds, enhancing national unity, and maintaining national unity and social stability. It also serves as a prerequisite for preserving and promoting the diversity and creativity of world culture, fostering the common development of humanity.	others	middle	easy
2126	In the pattern of latitude changes, degrees increase towards the north in the Northern Hemisphere. (   )	true_false	True	Parallels and latitude###Special latitude line	nan	others	middle	easy
2127	The maximum value of latitude is 180°, and the maximum value of longitude is 90°.	true_false	False	Parallels and latitude###Meridian and longitude	"Latitude is divided with the equator as the 0° latitude line, dividing north and south poles up to 90°, namely 90° North (N) and 90° South (S). Therefore, the maximum latitude value is 90°. Longitude is divided with the prime meridian as the 0° longitude line, dividing east and west up to 180°, namely 180° East (E) and 180° West (W). The maximum longitude value is 180°. The statement in the question is incorrect.

Latitude is divided starting from the equator (0° latitude line) with 90° each towards the north and south. Longitude is divided using the prime meridian as the boundary, with 180° towards both east and west."	others	middle	easy
4722	Livestock farming holds an important position in agricultural production in the Middle East. (True or False)	true_false	True	Agriculture and livestock farming in the Middle East	"(Explanation) Under the dry natural environmental conditions of the Middle East, both animal husbandry and irrigated agriculture have developed, with animal husbandry holding an important position in the region's agricultural production. Therefore, the answer is: Correct. 

(Comment) The Middle East has a hot and dry climate, extensive desert areas, many regions receiving less than 200 millimeters of annual rainfall, and some places experiencing no rain for several years. Water resources have become the main limiting factor for agricultural development."	others	middle	easy
2947	The Liaoning-Central and Southern Industrial Base and the Pearl River Delta Industrial Base are both primarily centered on heavy industries.	true_false	False	The development of China's industry	[Analysis] The Pearl River Delta primarily focuses on light industry, hence the statement is incorrect. [Comment] The names and characteristics of China's four major industrial bases are as follows: Shanghai-Nanjing-Hangzhou is the largest comprehensive industrial base nationwide, Beijing-Tianjin-Tangshan is the largest comprehensive industrial base in the north, Central and Southern Liaoning is an industrial base mainly focused on heavy industry, and the Pearl River Delta is an industrial base mainly focused on light industry.	others	middle	easy
664	Changzhou has a warm winter and cool summer with distinct seasons.	true_false	False	The main characteristics of our country's climate and the distribution of climate types.###Jiangsu	"(Analysis) Changzhou has a subtropical monsoon climate, characterized by hot and rainy summers with simultaneous rain and heat, and mild and less rainy winters. The statement that it is warm in winter and cool in summer is incorrect.  
(Commentary) China has a vast territory spanning many temperature zones and regions varying in humidity. Additionally, due to its complex topography and significant elevation differences, China's climate is highly diverse. The eastern part of China exhibits a wide range of monsoon climates, including tropical monsoon climate, subtropical monsoon climate, and temperate monsoon climate from south to north. The Tibetan Plateau region features a high-altitude plateau climate, while the northwest inland region has a temperate continental climate."	others	middle	medium
4119	Africa lacks various mineral resources, and most countries have very underdeveloped economies.	true_false	False	Africa's resources	"(Analysis) Africa is rich in mineral resources, with a wide variety and large reserves, earning it the nickname ""treasure trove of resources."" Therefore, the description in this question is incorrect.

(Commentary) Africa's mineral and agricultural resources are relatively abundant, mainly exporting raw materials. Starting from the 15th century, European colonizers began invading Africa. By the eve of World War II, only Egypt, Ethiopia, and Liberia were independent countries, while the rest became colonies. Due to prolonged racial conflicts, rampant tropical diseases, environmental destruction caused by industrialization, past Western colonialism, and corrupt regimes after independence, Africa has become the continent with the most concentrated developing countries and has the lowest economic development level globally. The total annual trade volume of the entire continent constitutes only one percent of the world's total."	others	middle	easy
258	Due to its developed economy, Guangdong Province has seen a large influx of population, with rapid population growth since the reform and opening-up.	true_false	True	Population Issues and Policies in Our Country###Guangdong	(Analysis) Population migration is primarily caused by economic reasons. Due to its developed economy, Guangdong Province has experienced a significant influx of population and a rapid increase in population after the reform and opening-up. Therefore, the answer is: Correct. (Comment) This question examines the reasons for the rapid population increase in Guangdong Province after the reform and opening-up, and can be understood and answered accordingly.	others	middle	easy
3594	The Qinghai-Tibet Plateau is the highest and largest plateau in the world.	true_false	False	The World's Most Remarkable Landforms	(Analysis) The Qinghai-Tibet Plateau is the highest plateau in the world, with an average elevation above 4,000 meters. However, it is not the largest plateau in the world; the largest plateau is the Brazilian Plateau, hence the statement is incorrect. (Comment) The Qinghai-Tibet Plateau is the highest in the world, while the Brazilian Plateau is the largest.	others	middle	easy
4979	Changchun is the capital city of Gansu Province in China.	true_false	False	Jilin	"[Analysis] This question examines the characteristics of Changchun's industry. Understand the question to answer properly. The Northeast region has developed heavy industry due to its rich mineral resources. Daqing is an important oil industry base in China, and Harbin is a major power machinery base. The Northeast, centered around Shenyang and Qiqihar, has formed production bases for heavy machinery, metallurgical equipment, and mining equipment, while Changchun and Dalian have become centers for transportation machinery manufacturing. Therefore, the original statement is incorrect. Hence, the answer is: Incorrect. 

[Commentary] Located in the northeastern part of China, the Northeast region is in the core position of Northeast Asia, bordering North Korea and Russia to the east and north. It connects to the Inner Mongolia Autonomous Region to the west and Hebei Province to the south, facing the Shandong Peninsula across the sea, with significant strategic importance."	others	middle	medium
2686	Shanghai is located in the middle and lower Yangtze River plain. (True or False)	true_false	True	Shanghai	"Shanghai is located at the mouth of the Yangtze River, in the middle and lower Yangtze plain, and is the core city of the ""Yangtze River Delta Urban Agglomeration.""

Therefore, the answer is: Correct.

Shanghai is abbreviated as ""Hu"" or ""Shen,"" situated at the mouth of the Yangtze River, facing Kyushu Island of Japan across the East China Sea, bordered by Hangzhou Bay to the south, and adjacent to Jiangsu and Zhejiang provinces to the west, with Anhui nearby. Together, they form the ""Yangtze River Delta Urban Agglomeration"" with Shanghai at its forefront, and it is home to China's first pilot free trade zone, the ""China (Shanghai) Pilot Free Trade Zone."""	others	middle	medium
121	The equator is the largest line of latitude. (　　)	true_false	True	Parallels and latitude###Special latitude line	nan	others	middle	easy
1617	When making a globe, the Earth's axis should maintain an angle of approximately 66.5 degrees with the horizontal plane.	true_false	True	Globe###Making a Simple Globe	"(Analysis) When placing a globe on a table, the angle between its axis and the table surface is about 66.5°. The table surface represents the Earth's orbital plane, which has an angle of approximately 23.5° with the equatorial plane, and the equator is perpendicular to the Earth's axis. Therefore, when making a globe, the Earth's axis should be tilted at an angle of about 66.5° with the horizontal surface. 

Thus, the answer is: Correct.

(Comment) As the Earth revolves around the Sun, the axis forms a fixed angle of 66.5° with the plane of the orbital path, causing the Sun's direct rays to systematically move between the Tropics of Cancer and Capricorn throughout the year."	others	middle	easy
2597	"Suzhou is a famous ""land of fish and rice,"" with its crops being harvested twice a year."	true_false	True	Overview of the Yangtze River Middle and Lower Reaches Plain	"[Analysis] Suzhou is located in the middle and lower reaches of the Yangtze River Plain, distributed in a belt along the middle and lower reaches of the Yangtze River. It is formed by the alluvial deposits of the Yangtze River and its tributaries, mostly at an altitude below 50 meters. The plain is characterized by low terrain, numerous lakes, dense river networks, and expansive paddy fields. It is known as China's ""land of fish and rice""; 

Therefore, the answer is: Correct. 

[Commentary] The middle and lower reaches of the Yangtze River have low terrain, a humid climate, fertile soil, an extensive river network, favorable farming conditions, a long agricultural history, a dense population and urban areas, developed industry and commerce, and a strong economic foundation. Rivers provide irrigation water for the Yangtze River Delta region, convenient water and land transport, and household water supply, but during the flood season, they can cause"	others	middle	medium
3790	People in Shandong have a preference for sour flavors and are known for their ability to consume vinegar.	true_false	False	Shanxi	"[Analysis] The water and soil in Shanxi Province are relatively hard, and vinegar can soften them; moreover, people in Shanxi enjoy eating various kinds of noodles, especially mixed grain noodles, and vinegar aids digestion. Therefore, Shanxi people have a preference for sour flavors and are famously known for consuming vinegar. Thus, the answer is: False.

[Comment] This question is answered based on the influence of climate on human life."	others	middle	medium
4233	Flooding is the most impactful, common, and widely distributed natural disaster affecting China's agricultural production. (True/False)	fill_in_the_blank	False	Causes and Distribution of Major Meteorological Disasters in China	"Analysis: Flooding is a frequently occurring natural disaster in China, posing a severe threat to the normal development of the social economy and the safety of people's lives and property. It mostly occurs in the concentrated rainfall seasons of summer and autumn and is one of the common disasters in the eastern plains of China. Drought is a natural disaster that has the greatest impact on Chinese agricultural production, is the most common, and has the widest distribution. Not only is the drought in the arid northwest severe due to scarce rainfall, but it also frequently occurs in the eastern monsoon region. Since the eastern monsoon region of China is densely populated and urbanized, with developed industry and agriculture, the losses caused by drought are even greater. Therefore, the answer is: ×.

Commentary: China is a country severely affected by meteorological disasters, with major meteorological disasters including flooding, drought, cold waves, plum rain, typhoons, and sandstorms. To examine the main natural disasters affecting our country"	others	middle	easy
