index	question	category	answer	knowledge	analysis	year	grade_level	difficulty_level
5103	"China's implementation of the ""universal two-child policy"" brings the following benefits to the country's population development:

A. Slow down the process of population aging  
B. Improve population quality

C. Maintain a reasonable number of labor force  
D. Change the current situation of negative population growth in China"	multiple_answer_choice	A, C	Population Issues and Policies in Our Country	nan	others	middle	easy
2325	"The following statements about agriculture in the Xianning region are correct (   ):

A. The main type of farmland is paddy fields

B. Crops are harvested once a year or three times every two years

C. The main grain crops are wheat, corn, and soybeans

D. The main oilseed crop is rapeseed"	multiple_answer_choice	A, D	Hubei	"Analysis: Xianning is located in the southern region of China, with farmland type as paddy fields. The area is subtropical, with a cropping system of two to three harvests per year. The main grain crop is rice, and the main oil crop is rapeseed. Options A and D fit the context.

Review: Xianning is located in Hubei Province, in southern China, and is subtropical. The cropping system features two to three harvests per year, with rice as the main grain crop and rapeseed as the main oil crop. This question tests knowledge of different regions in China regarding farmland types, crops, and farming systems. It is important to remember these details."	others	middle	medium
