index	question	category	A	B	C	D	answer	knowledge	analysis	year	grade_level	difficulty_level
8341	Generally speaking, in web page design, the layout can be divided into three main areas, excluding which of the following?	single_answer_choice	Title area	Information area	Footer area	Main content area	B	Web page layout design	"[Answer] When designing web page code, we generally have a header, footer, and main content area. Therefore, the answer is B.  
[Analysis] This question examines the three main areas of a web page layout, which typically include the header, footer, and main content area."	others	middle	easy
4700	Which of the following is not considered computer crime behavior? 	single_answer_choice	Stealing others' information resources using computer networks 	Attacking others' network services 	Illegally deleting important data from others' computers 	Removing viruses from one's own computer	D	Network Security Protection Methods and Common Tools###Internet Ethics and Norms	"[Answer] Using computer networks to steal others' information resources, attack others' network services, or delete important data from others' computers are all considered computer crimes. Removing viruses from one’s own computer is considered personal protection of one’s own computer. Therefore, the answer is D.  
[Analysis] This question examines computer criminal behavior."	others	middle	easy
4046	Usually, the first web page we see when entering a website is called the ( ) of the website.  	single_answer_choice	Home page  	Web page  	Main page  	WWW page	A	Web page, website, URL	[Answer] Option A: The first page seen when entering a website is the homepage; Option B: A website is composed of various web pages; Option C: The theme is the central concept and main template of the website; Option D: WWW pages need to be web-based. Therefore, the answer is A. [Analysis] This question tests the concept of a website homepage.	2019	middle	easy
4692	In Word 2003, the correct statement about adjusting images is (     )	single_answer_choice	Both width and height can be changed	Width cannot be changed, height can be changed	Width can be changed, height cannot be changed	Neither width nor height can be changed	A	Application of Custom Shapes, Images, and WordArt	"[Answer] By clicking on the image, you can adjust the width and height of the image by dragging the ""small squares"" that appear around it. Therefore, the answer is: A.  
[Analysis] This question tests the adjustment of images. Image adjustment refers to modifying one or more aspects of an image’s position, width, or height to achieve the desired effect."	2021	middle	easy
2534	In Excel, if the content of cell A1 is 112, cell A2 is 10, and cell B2 is 593, to calculate the sum of A1+B2 in C2, the formula to input is (   ).  	single_answer_choice	=A1+B2  	"""A1+B2""  "	"""=A1+B2""  "	=SUM(A1:B2)	A	Calculation of table data	"[Answer] In Excel, to calculate the sum of A1 and B2 in C2, you should input the formula =A1+B2. Therefore, the answer is option A.  
[Analysis] This question tests the input of Excel formulas. In Excel, a formula must begin with the ""="" symbol."	others	middle	easy
9965	Among the following options, which does not conform to the variable naming rules in Python?	single_answer_choice	\_33keywor	keyword33\_	33\_keyword	\_33keyword	B	Constants, Variables, and Assignment Statements	"[Answer] In Python, variable names can include letters, numbers, and underscores, but numbers cannot be used as the first character. Therefore, the answer is: B.  
[Analysis] This question tests variable naming rules. In Python, variables can only include letters, numbers, and underscores. Numbers cannot be used as the first character. Additionally, system keywords cannot be used as variable names, and other symbols, apart from underscores, cannot appear in variable names."	others	middle	easy
592	"When students use the computer, they often use the ""Shift key."" Which of the following statements is incorrect?"	single_answer_choice	The Shift key is also known as the Shift key.	In the main keyboard area, the Shift key can assist other keys in inputting symbols.	The Shift key is usually used to exit programs.	The Shift key can switch between uppercase and lowercase while typing.	C	Keyboard keys	"[Answer] The Esc key is usually used for exiting programs. Therefore, the answer is C. 

[Analysis] This question examines the Shift key. The Shift key is used in combination with various keys. It is generally located as the second key from the bottom on the left side of the keyboard. 1. When chatting with someone on QQ, pressing the Shift key while sending a message will send it quickly. 2. When faced with multiple windows to close one by one, you can press Shift and then click the close button to close all windows at once. 3. When entering uppercase and lowercase letters, pressing the Shift key changes their case. 4. After installing new software, if it requires a computer restart to function, pressing the Shift key can skip the computer self-test, saving a lot of time. 5. When selecting files, press the Shift key first, then select the last file to select a large batch. 6. When deleting files, pressing Shift"	2022	middle	easy
1628	The machine language that computers can directly recognize is composed of ( ).  	single_answer_choice	The two digits 0 and 1  	The two digits 1 and 2  	The ten digits 0---9  	The 26 letters of the English alphabet	A	Computer Language and Its Development History	"【Answer】 The programming language that computers can directly recognize and execute is machine language. Machine language is mainly represented by binary code, primarily composed of 1s and 0s. Therefore, the answer is: A.

【Analysis】 This question primarily tests machine language. Machine language is a set of machine instructions represented by binary code that computers can directly recognize and execute. It is used by computer designers to endow computers with operational functions through the hardware structure. Machine language is characterized by its flexibility, direct execution, and speed."	others	middle	easy
1617	Data in computers includes (　　).  	single_answer_choice	Numbers, text, and images  	Numbers, text, and processors  	Documents, programs, and USB drives  	Videos, images, and multimedia devices	A	Forms of data representation	【Answer】Numbers represent numerical information, text represents characters and strings, and images include graphics and pictures. These three types of data are widely used in computers for storing, processing, and transmitting information. Therefore, the answer is: A. 【Analysis】This question examines computer data. In computer science, data is typically classified into two categories: structured data and unstructured data. Structured data is organized in forms such as tables and databases, like numbers and text, whereas unstructured data includes irregular forms like images, audio, and video. Understanding data structure and type helps in effective data management and analysis.	2023	middle	easy
1716	A computer connecting to the Internet should be equipped with (　　).  	single_answer_choice	Modem or network card  	Browser Front Page  	Network query tool  	Network operating system Outlook Express	A	Transmission media and network devices	"【Answer】 Typically, for a computer to connect to the internet, it should be equipped with a modem or network card. Therefore, the answer is A. \\
【Analysis】 This question examines the devices used for a computer to access the internet. Common network devices for wired internet connection include network cards, network cables, modems, and routers. For wireless internet connection, typical devices include wireless routers, wireless network cards, and 3G internet cards."	others	middle	easy
7523	"In Windows, to bring up the ""Display Properties"" dialog box for monitor settings, you can right-click on (　　) and then select ""Properties"" from the shortcut menu that appears.  "	single_answer_choice	Taskbar blank area  	Desktop blank area  	My Computer window blank area  	Explorer window blank area	B	Computer Attributes and Performance	"[Answer] Right-click on a blank area of the desktop, select the ""Properties"" option from the shortcut menu that appears, and the ""Display Properties"" dialog box will pop up, allowing you to adjust the monitor settings. Therefore, the answer is option B. 

[Analysis] This question tests the setting of monitors in Windows. In Windows, there are multiple methods to open the display properties dialog box. Besides right-clicking on a blank part of the desktop and selecting the properties command from the pop-up menu, you can also open it through the Control Panel."	2019	middle	easy
1154	Regarding the Word text box, the following statement is incorrect (     )	single_answer_choice	Text, symbols, and pictures can be entered into the text box.	The position of the text box can be moved.	Once an error occurs in the text entered in the text box, the text box must be deleted.	The text box can be set to have a red background, green border, and beveled effect.	C	Application of text boxes	"【Answer】 In a Word text box, you can enter text and symbols, insert images, move the text box, set the text box to a red background, have green borders, and apply a bevel effect. If there is an error in the text entered in the text box, the text can be deleted. Thus, the answer is C.

【Analysis】 This question tests the Word text box. A text box is a computer system tool, and in Word, a text box refers to a movable, resizable container for text or graphics."	2022	middle	easy
4887	Normally, when the ``####'' symbol appears in a cell, it indicates (   ).	single_answer_choice	The string ``####'' is displayed	Value overflow	The column width is insufficient to display the numerical data	Calculation error	C	Cell data format	"[Solution] According to the description, the situation indicates that the cell is too narrow, and the data is not fully displayed. The column width needs to be adjusted. Therefore, the answer is C. 
[Analysis] This question examines cell display. The values entered or the results from formulas are too long for the cell to contain. Solution: Increase the column width appropriately."	others	middle	easy
2440	Flash has three types of layers. Which of the following is not a Flash layer?  	single_answer_choice	Normal Layer  	Guide Layer  	Component Layer  	Mask Layer	C	The concept and operation of frames and layers	"[Answer] In Flash, there are components but no component layers, so the answer is C.  
[Analysis] This question examines the types of layers in Flash. Different layers are used to store different objects, and the main types are normal layers, guide layers, and mask layers."	others	middle	easy
780	In Flash, components are divided into three types:  	single_answer_choice	Movie Clip, Video, Animation  	Movie Clip, Graphic, Sound  	Movie Clip, Button, Graphic  	Sound, Video, Movie Clip	C	The concept and classification of components	"The answer is that in Flash, elements are classified into movie clips, buttons, and graphic elements. Therefore, the answer is C.  
Analysis: This question examines the classification of elements."	2019	middle	easy
6985	Which of the following is not included in the basic structure of an algorithm (   )  	single_answer_choice	Sequential structure  	Branching structure  	Loop structure  	Linear structure	D	Control structure of algorithms	"[Answer] The basic structures of an algorithm are: sequential structure, branching structure, and looping structure. Therefore, the answer is D. 
[Analysis] This question examines program control structures. Sequential structure: A sequential structure is the simplest algorithm structure, where statements and blocks are executed from top to bottom in order. It consists of several processing steps executed in sequence. Conditional structure refers to an algorithm structure where different flows are chosen based on whether a condition is met."	others	middle	easy
4989	After writing the program instructions, appropriately modifying, refining, and beautifying the instructions by running the program is called (   ).  	single_answer_choice	Analyzing the problem  	Designing the algorithm  	Writing the program  	Debugging the program	D	The process of computer problem-solving	"【Answer】 Debugging refers to the process of testing and modifying a program after it has been written. By running the program, one can identify errors, unclear logic, and other issues and resolve them to ensure the program runs properly and achieves the intended goals. Therefore, the answer is: D.  
【Analysis】 This question examines the operations involved in computer programming development, specifically program design -> coding -> debugging. Debugging is a crucial step in the program development process, playing a vital role in ensuring the program's correctness, efficiency, and stability."	2023	middle	easy
2410	Among the following options, the most credible information is (     ). 	single_answer_choice	Stock market trend forecast on the blog of a renowned stock analyst	Weather forecast on a provincial meteorological website	Midterm exam papers published by a private training institution	Next lottery prediction released by a lottery website	B	Information screening and evaluation	"Answer: Option B is the provincial meteorological bureau, which is a state-recognized authoritative unit for issuing meteorological information, ensuring the authenticity of the information. Options A, C, and D are all actions by private individuals or enterprises and are less credible than the provincial meteorological bureau. Therefore, the answer is B. 

Analysis: This question examines the identification of information. Information has authenticity, meaning it can be true or false. Information evaluation refers to identifying authoritative and credible information sources from diverse sources, thereby assessing the authenticity of the information and understanding its value and timeliness."	others	middle	easy
7393	The following device can input sound into a computer:  	single_answer_choice	Scanner  	Microphone  	Digital Camera  	Headphones	B	Audio file processing	"[Answer] A microphone is a device that converts sound signals into electrical signals, allowing sound to be input into a computer. Scanners, digital cameras, and headphones do not have the function of inputting sound into a computer. Therefore, the answer is: B. 

[Analysis] This question examines audio information collection devices. Besides microphones, there are other devices that can input sound into a computer, such as microphones and voice recorders. Additionally, some computers have built-in microphones, such as those in laptops, tablets, and other mobile devices."	2023	middle	easy
2992	Student A learns 100 units of knowledge in the first year. With the improvement of learning ability, starting from the second year, his learning ability increases by 10 units each year compared to the previous year. How much new knowledge did he learn over 20 years? Which of the following does not pertain to considerations for solving problems using iterative algorithms? 	single_answer_choice	Determine iterative variables	Establish an iterative relationship	Control the iterative process	Avoid using loop structures as much as possible	D	Recursive Algorithms and Their Programming Design	[Answer] Avoiding the use of loop structures is not a consideration in solving problems with iterative algorithms. In fact, loop structures are one of the common ways to implement iterative algorithms. Therefore, the answer is: D. [Analysis] This question examines iterative algorithms. Iterative algorithms require determining the iterative variable, which is the variable used in each iteration; establishing the iterative relationship is a key step, as it describes the relationship between each iteration's result and the next; controlling the iteration process is to ensure that it stops after a certain number of iterations or when a specific condition is met.	2023	middle	medium
4613	The main function of the Windows screen saver is to (       ).	single_answer_choice	Display dynamic images	Set a startup password	Protect the hard drive	Protect the display	D	Program and instruction	"[Answer] The main function of a screensaver is to protect the screen device or save power. Therefore, the answer is: D.  
[Analysis] This question mainly examines the function of screensavers. Some computer screensavers help save power (because under the screensaver, the screen brightness is less than when the screen is active, thus helping to save power). More importantly, they can also protect the user's monitor. When a user does not use the computer for a long time (without activating the screensaver), the monitor's screen displays the same image for an extended period, which can cause the screen's light-emitting components to become fatigued, discolored, or even burnt, eventually damaging the screen, causing certain areas to become discolored or dim."	2021	middle	easy
1042	A student used WPS Spreadsheets to create a worksheet for recording weather forecast data and created a chart based on the data in the worksheet. Later, they found errors in the entered data. After correcting the erroneous data, (   )	single_answer_choice	The chart will not change.	The chart will automatically change accordingly.	A new chart will be automatically generated, keeping the original chart.	The chart will show an error message.	B	Data analysis of the chart	[Solution] In Excel, data can be displayed graphically in a chart, where the worksheet data used to generate the chart is linked to the data series. When these data in the worksheet are modified, the chart will automatically change with the data. Hence, the answer is B. [Analysis] This question examines data statistics and analysis in spreadsheets. Charts generated from data will change accordingly when the data is modified.	2021	middle	easy
3418	The following is not an application of automatic control (     )	single_answer_choice	Sound-controlled lights	Infrared sensor doors	Scanning QR codes	Facial recognition entry gates at train stations	C	Application of Control	[Answer] Scanning a QR code falls under manual control applications. Therefore, the answer is C. [Analysis] This question examines automatic control. Automatic control, as opposed to manual control, refers to the use of additional devices or equipment to allow a machine, device, or production process to operate automatically according to a predetermined pattern without direct human involvement.	others	middle	easy
2645	"Regarding the incorrect statement about ""robots"" is (    )"	single_answer_choice	A robot (Robot) is an intelligent machine capable of working semi-autonomously or fully autonomously.	"The word ""robot"" means ""forced labor,"" originating from the Czech word ""robota."""	Robots have basic characteristics such as perception, decision-making, and execution, and can assist or even replace humans in completing dangerous, heavy, and complex tasks.	Current robots already possess human intelligence and emotions, and their appearance can be made exactly like real humans.	D	The Origin and Development of Robots	"[Answer] Current robot technology has not yet achieved full artificial intelligence and emotional simulation, nor has it produced robots identical in appearance to humans. Therefore, the answer is: D.  
[Analysis] This question examines the basic concepts and related knowledge of robots. A robot refers to an intelligent machine capable of working semi-autonomously or fully autonomously. The term ""robot"" originates from the Czech word ""robota,"" meaning ""forced labor."" Robots can have basic features such as perception, decision-making, and execution, assisting or even replacing humans in performing dangerous, heavy, and complex tasks."	2021	middle	medium
4709	In the tag, the action attribute is defined so that if an email address is submitted with a form, then (   )	single_answer_choice	Clicking submit will redirect to the email	The webpage is saved in the email	The form content will be sent to the email	The webpage content will be sent to the email	C	Form	"In an HTML form, the action attribute is used to specify the target address for submitting form data. This means that after a user fills out the form and clicks the submit button, the form data will be sent to the specified target address. If the target address specified in the action attribute is an email address (e.g., mailto:example@example.com), the form contents will be sent to that email address upon submission. The subject and content of the email will be automatically generated based on the form's design and the user's input. Therefore, the answer is: C.

Analysis: This question tests the action attribute in HTML forms. In an HTML form, the action attribute is used to specify the target address for form data submission. If the target address specified in the action attribute is an email address (starting with mailto:), the form contents will be sent to that email address upon submission."	2024	middle	easy
3264	Among the following statements about the functions of Photoshop software, the incorrect one is (     ).	single_answer_choice	It can rotate images.	It can crop images.	It can filter out unwanted parts of an image using a filter.	It can store processed images in JPEG format.	C	Basic Processing of Image Materials###Filter	[Answer] Filters are mainly used to achieve various special effects on images and cannot filter out parts of an image. Therefore, the answer is C. [Analysis] This question tests the functions of Photoshop software. Photoshop also provides layer style functions, such as drop shadow, inner shadow, outer glow, and stroke. Adding layer styles can further enrich the effects that an image work aims to convey.	2021	middle	easy
3275	To make the robot car turn left, which instruction should be used? (     )	single_answer_choice	Left wheel forward, right wheel forward 	Left wheel stop, right wheel stop 	Left wheel stop, right wheel forward 	Left wheel forward, right wheel stop	C	Robot programming	"【Answer】 To make the robot car turn left, the left wheel needs to move backward while the right wheel moves forward, or the left wheel stops and the right wheel moves forward. Therefore, the answer is C. \\
【Analysis】 This question tests machine instructions."	others	middle	easy
3419	Robots are actually a special type of computer, also equipped with computing, input, and output devices. Which of the following is an output device for robots? 	single_answer_choice	Robot's feet (drive motors, tracks, wheels, etc.)	Robot's brain (motherboard)	Robot's eyes (photo sensors, etc.)	Robot's ears (sound sensors, etc.)	A	Composition of a robot	"[Answer] The output devices of a robot are necessary to help process instructions and translate them into actions. Robots can move using tracks, wheels, etc. Therefore, option A is correct.  
[Analysis] This question examines the hardware components of a robot. The mobility mechanisms are the ""legs"" of the robot, which it uses to ""walk."""	2022	middle	easy
6780	The computer information processing process generally includes ( )	single_answer_choice	Storage, collection, processing, transmission, and release	Storage processing, collection, transmission, and release	Collection, processing, storage, transmission, and release	Collection, storage, processing, transmission, and release	D	Concept and Process of Information Processing	"The process of information processing mainly includes the basic steps of information collection, storage, processing, transmission, and distribution. Network technology plays a very important role in information processing. Therefore, the answer is option D.

This question examines the computer information processing process. The process of computer information processing is actually consistent with the human information processing process. Humans also obtain information first through sensory organs, transmit and store information through the brain and nervous system, and finally release information through speech, actions, or other forms."	2020	middle	easy
6670	According to different issuers, the method of information dissemination is classified. The school broadcasting station releasing campus news belongs to (   ).  	single_answer_choice	Personal information dissemination  	Industry information dissemination  	Official institution information dissemination  	Online information dissemination	B	Information release	【Answer】 The school releases campus news through the campus broadcasting station, which falls under the category of industry information release. Therefore, the answer is B. 【Analysis】 This question examines the release of information. According to the classification of the entity releasing the information, it can be divided into individual, industry, official institutions, etc.	others	middle	medium
5628	The following statement about the advantages of information systems is incorrect ( ):	single_answer_choice	Information systems can provide a scientific basis for management and decision-making.	Information systems are based on the Internet and offer convenient and fast services anytime, anywhere, through the Internet of Things and mobile networks.	They can embed optimal workflows into the system to improve work efficiency.	With the development and application of artificial intelligence and big data, information systems will not have security risks.	D	Advantages and Limitations of Information Systems	"[Answer] Security risks in information systems exist in: people, networks, software and hardware, data. With the development and application of artificial intelligence and big data, security risks in information systems will not disappear. Therefore, the answer is D. 

[Analysis] This question examines the advantages of information systems. Advantages of information systems: standardizing work processes, improving work efficiency; overcoming time and space limitations, providing services anytime and anywhere; supporting scientific decision-making through data analysis; convenient data storage, facilitating sharing and tracking."	others	middle	medium
7856	When planning the directory structure of a website, attention should be given to the following issues: 	single_answer_choice	Try to use Chinese names to name directories 	Only one images directory is needed for the entire website 	Do not make the directory hierarchy too deep 	Use long names to name directories	C	Creation and Design of Homepages and Subpages	[Answer] For small websites, all pages exist in a flat structure under the website's root directory. This single directory flat structure is ideal for search engines because it can be traversed in just one visit. Therefore, the answer is C. [Analysis] This question tests the setting of directory hierarchy.	others	middle	medium
8426	Which of the following is not a characteristic of future intelligent robot development?  	single_answer_choice	Integration  	Virtualization  	Miniaturization  	Modularization	A	Types and Applications of Robots	"[Answer] The characteristics of future intelligent robot development include intelligence, virtualization, miniaturization, and modularization. Therefore, the answer is A.  
[Analysis] This question examines the characteristics of future robot development."	others	middle	easy
