index	question	category	answer	knowledge	analysis	year	grade_level	difficulty_level
5300	In the software's ( ), various background music options are available, and users can also use their imported music materials.	fill_in_the_blank	Music library	Video playback and processing software	"[Answer] The software's built-in music library includes a variety of background music options to choose from, and you can also use your own imported music materials. Therefore, the answer is: music library.

[Analysis] This question examines video production. A music library is a collection of background music materials provided in video editing software, which can be selected and applied according to different themes and emotional needs. The quantity and types of music libraries vary in different software, so choices should be made based on personal needs."	others	middle	easy
4751	Internet communication is not limited by \_\_\_, allowing for online interaction anytime and anywhere.	fill_in_the_blank	Time and space	Concepts and Characteristics of Computer Networks	"【Answer】 Internet communication is not constrained by time or space, allowing for online interaction anytime and anywhere. Thus, the answer is: time and space.  
【Analysis】 This question examines the characteristics of the internet. The internet removes geographical and time limitations, enabling people to communicate anytime and anywhere. As long as there is a network connection, one can communicate with people worldwide regardless of location. This facilitates international business, remote education, international cooperation, etc., and broadens the scope of communication."	others	middle	easy
5143	There are various types of charts, and ( ) is most suitable for reflecting the values between two measurement points and the trend of future changes.	fill_in_the_blank	Line chart	Types of Charts	"[Answer] Line charts in a graph are most suitable for reflecting the values between two measuring points and the trend of future changes. Therefore, the answer is: line chart. [Analysis] This question tests Excel chart types. Charts are one of the commonly used forms of data visualization in data processing, including line charts, bar charts, pie charts, scatter plots, and radar charts. Common chart types and characteristics: 
\begin{longtable}[]{@{}
  >{\raggedright\arraybackslash}p{(\linewidth - 2\tabcolsep) * \real{0.2736}}
  >{\raggedright\arraybackslash}p{(\linewidth - 2\tabcolsep) * \real{0.7264}}@{}}
\toprule\noalign{}
\endhead
\bottomrule\noalign{}
\endlastfoot
Chart Type & Characteristics \\
Bar Chart & Reflects the comparative measure and size relationships"	others	middle	easy
7047	"Read the materials and choose the correct number to fill in the blanks.

Student Xiao Ming is responsible for preparing the ""I Love Reading"" campus series activities. He starts the computer, enters the Windows operating system through facial recognition, and modifies the ""Happy Reading.pptx"" file on the D drive. During this process, the computer suddenly loses power and shuts down, leaving Xiao Ming very worried…

(1) Xiao Ming enters the operating system through facial recognition, which demonstrates the application of AI technology in the field of biometric recognition. The AI referred to here is ( ). (① Network Communication ② Artificial Intelligence ③ Internet of Things)

(2) The file extension of ""Happy Reading.pptx"" is ( ). (① Happy Reading ② pptx)

(3) The ""Happy Reading.pptx"" file is stored under the local disk D drive, where the D drive belongs to ( ). (① External Storage ② Internal Storage ③ Cloud Storage)

Current answer:
(1) ( ) ② 
(2) ( ) ② 
(3) ( ) ②"	fill_in_the_blank	(1) ②; (2) ②; (3) ②	File type and format###Computer hardware and functions###Field of Artificial Intelligence	"【Answer】 
(1) Artificial Intelligence, abbreviated as AI. Therefore, the answer is: ②;
(2) A file extension is added after the main file name, separated by a '.'. .pptx is a file extension. Therefore, the answer is: ②;
(3) Local disk, commonly known as a hard drive, is considered a peripheral storage device. Therefore, the answer is: ①;
(4) Read-Only Memory (ROM) does not lose data when powered off. Random Access Memory (RAM) will lose all data when powered off. Therefore, the answer is: ②;
(5) CPU is the Central Processing Unit; PSD is a graphic file format; UPS is an Uninterruptible Power Supply for computer systems. Therefore, the answer is: ③.

[Analysis] This question mainly tests file formats and management, along with computer hardware. A file name consists of a main file name and an extension."	2019	middle	easy
10089	There are currently two versions of IP addresses: IPv4 and IPv6. The widely used version currently is ( ). An IP address consists of ( ) bits, commonly expressed as four decimal numbers.	fill_in_the_blank	IPv4; 32	IP address and domain name	"[Answer] The currently widely used IP address is IPv4. An IP address is typically 32 bits, represented by four decimal numbers. Therefore, the answer is: IPv4, 32.

[Analysis] This question examines IP addresses. An IP address is a unified address format provided by the IP protocol, assigning a logical address to each network and host on the internet to mask the differences in physical addresses. An IP address is a 32-bit binary number, usually divided into four ""8-bit binary numbers"" (i.e., 4 bytes). An IP address is typically expressed in ""dotted decimal"" form as (a.b.c.d), where a, b, c, and d are decimal integers ranging from 0 to 255."	others	middle	easy
4746	A local area network is the smallest network, composed of \_\_\_ + network devices (switches, hubs, etc.) + \_\_\_ (workstations).	fill_in_the_blank	Server; computer	Setup of a Local Area Network	"[Answer] A local area network (LAN) is the smallest type of network, consisting of servers, network devices (such as switches and hubs), and computer (workstation) devices.\\
Therefore, the answer is: servers; computers.

[Analysis] This question examines the components of a network, and students should be familiar with the composition of network hardware."	2022	middle	easy
7049	In the conditional format dialog box of EXCEL 2003, you can set up to \ul{   } conditions.	fill_in_the_blank	3	Sorting, Filtering, and Summary Classification	"【Answer】 In the conditional formatting dialog box of EXCEL 2003, up to 3 conditions can be set. Therefore, the answer is: 3.\\
【Analysis】 This question tests filtering. In EXCEL 2003 and earlier versions, 3 conditional formats can be set. In versions from EXCEL 2007 onwards, when saved in xlsx format, 64 conditional formats can be set."	2023	middle	easy
9907	"""KuGou Music"" is a music player software, and its main interface can be divided into four main areas: menu bar, \_\_\_, \_\_\_, \_\_\_."	fill_in_the_blank	List area; Playback area; Application area	Audio playback and processing software	"[Answer] The main interface of the Kugou Music software can be divided into four main areas: the menu bar, list area, playback area, and application area. Therefore, the answer is: list area, playback area, application area. 

[Analysis] This question examines a music playback software. Kugou Music supports music playback, search, download, management, and friend sharing functions. It is an excellent performance, compact size, stunning interface, and easy-to-use full-featured music software. Kugou Music Player is the most used music player in China, with a rich collection of music resources including old songs, new songs, and popular songs that can be quickly searched. With Kugou Music Player, you can conveniently, quickly, and safely conduct the largest music search in China, supporting high-quality music file sharing and download. It also allows for the transfer of videos, games, music, software, and pictures among friends."	others	middle	easy
8303	There are four types of masters in PowerPoint, namely \ul{    }, \ul{    }, \ul{    }, and \ul{    }.	fill_in_the_blank	Slide Master; Title Master; Handout Master; Notes Master	Use of slides	"[Answer] In PowerPoint, the masters include the slide master, title master, handout master, and notes master. Therefore, the answer is: slide master, title master, handout master, notes master. 

[Analysis] This question examines the master function in PowerPoint. The slide master can be used to set the style of slides, allowing users to configure various title texts, backgrounds, attributes, etc. By changing a single element, the design of all slides can be modified."	others	middle	easy
7666	The taskbar is generally located at the ( ) position on the desktop.	fill_in_the_blank	Bottom	Computer Desktop and Resource Icons	"【Answer】The taskbar is generally located at the bottom of the desktop. Therefore, the answer is: bottom.
【Analysis】This question examines the computer desktop. The taskbar refers to the small strip located at the bottom of the desktop, mainly comprising the Start menu (screen), application area, language option band (unlockable), and tray area. In Windows 7 and later versions, the right side of the taskbar also includes the ""Show Desktop"" feature."	2017	middle	easy
3900	"The length of the string ""Hello"" is ( )."	fill_in_the_blank	5	Common Built-in Functions in Python	"【Answer】 Len(""Hello""), Len returns the length of ""Hello,"" which is 5. Therefore, the answer is: 5.\\
【Analysis】 This question tests the Python built-in function len(). The len() method returns the length or number of items of an object (such as a string, list, tuple, etc.)."	others	middle	easy
1369	Information systems may experience system paralysis and data loss due to ( ), ( ), ( ), ( ).	fill_in_the_blank	Hardware damage; software malfunction; virus infection; hacker intrusion	Information system security risk	"[Answer] In the information society, there are numerous information systems, which at any time may suffer from hardware damage, software failures, virus infections, hacker intrusions, causing serious consequences such as system paralysis and loss of important data, thereby affecting people's normal work and life. Therefore, the answer is: hardware damage, software failures, virus infections, hacker intrusions.

[Analysis] This question examines information system security. Information system security refers to the protection of all hardware, software, and data included in an information system, preventing damage, alteration, and leakage due to accidental and malicious reasons, and ensuring the continuous normal operation of the information system."	others	middle	easy
2762	The function of GraphicsWindow.GetRandomColor() in Small Basic is to ( ).	fill_in_the_blank	Randomly obtain a color value.	Object and its attributes###Comments and Indentation	"【Answer】 ""Random"" means random, and ""color"" means color. The overall translation means to randomly obtain a color. Therefore, the answer is: randomly obtain a color value.\\
【Analysis】 This question examines the application of GraphicsWindow operations in Small Basic."	others	middle	easy
6358	The for loop statement constructs a loop by iterating over a sequence object, and the condition for the loop to end is when the object is ( ).	fill_in_the_blank	Traversal completed	Loop structure statements and formats	"The ""for loop"" statement is used to construct a loop by iterating over a sequence object, with the loop ending condition being the completion of the object's iteration. Iteration refers to sequentially accessing each and every element in the data based on their logical structure, while adhering to a specific order, and doing so only once. Therefore, the answer is: iteration completion.

This question examines the structure and format of a ""for loop"" statement. The general format of a for loop is:

for <variable> in <sequence>:
    <loop body>

A colon must be present after the data collection in a for loop, and the <loop body> needs to be indented consistently."	others	middle	easy
7468	Different information systems have different functions and principles of operation. However, almost all information systems contain five basic functions: \ul{ } , \ul{ } , \ul{ } , \ul{ } , and \ul{ }.	fill_in_the_blank	Input; Storage; Processing; Output; Control	Concept of Systems and Information Systems	"[Answer] Basic functions of an information system: input function, storage function, processing function, output function, control function. Therefore, the answer is: input, storage, processing, output, control.

[Analysis] This question examines the functions of an information system. The input function of an information system depends on the system's objectives, capabilities, and the permissibility of the information environment. The storage function of an information system refers to the system's ability to store various information materials and data. The processing function of an information system mainly refers to online analytical processing and data mining based on data warehouse technology. The output function of an information system includes not only displaying information but also outputting instructions, actions, etc. The control function of an information system means controlling and managing various information processing devices that constitute the system, controlling the processing, handling, transmission, and output of information through various programs."	others	middle	easy
3895	A computer system is composed of the \_\_\_ system and the \_\_\_ system.	fill_in_the_blank	Hardware system; software system	Composition of Computer Systems	[Answer] A computer system is composed of hardware and software systems. Therefore, the answer is: hardware system, software system. [Analysis] This question tests the composition of a computer system. It requires students to be proficient in recalling the components of a computer system.	others	middle	easy
4762	Mobile terminals emphasize the balance between ( ), ( ), ( ), and the matching degree of software and hardware.	fill_in_the_blank	Size; Power Consumption; Performance	Mobile terminals and their software	"[Answer] It emphasizes more on the balance between size, power consumption, and performance, as well as the matching degree between software and hardware. Therefore, the answer is: size, power consumption, performance. 

[Analysis] This question examines mobile terminals. Similar to ordinary computers, mobile terminals are also composed of hardware and software. However, mobile terminals are generally smaller in size, with lower power consumption and higher performance. Therefore, the requirements for software and hardware in mobile terminals differ from those of ordinary computers."	others	middle	easy
8406	In the unit concatenation phase of speech synthesis in artificial intelligence, based on the established language patterns and prosody rules, elements from the speech database are called upon and processed to form speech by using the ( ) and applying ( ).	fill_in_the_blank	Phoneme unit; splicing and smoothing	Speech synthesis	nan	others	middle	easy
2829	A special effects animation is created by using the occlusion relationship between layers. This technique is called ( ).	fill_in_the_blank	Mask animation	Frame-by-frame animation and its production	"[Answer] Mask animation is a special effect animation created using the occlusion relationship between layers. Therefore, the answer is: Mask animation.

[Analysis] This question examines Flash mask animation. In Flash, many richly effect animations are achieved through mask animation."	others	middle	easy
5402	An enumeration algorithm first needs to determine the enumeration object, \ul{ }, and \ul{ }, then systematically enumerate possible solutions and verify if each solution resolves the problem.	fill_in_the_blank	Scope; criteria	Enumeration Algorithms and Their Programming	"Solution: Steps of the enumeration algorithm: (1) Determine the enumeration object, range, and criteria. (2) Enumerate possible solutions one by one and verify if each solution solves the problem. Therefore, the answer is: range, criteria.

Analysis: This question examines the concept and steps of the enumeration algorithm. The enumeration algorithm, also known as the exhaustive method, is based on the fundamental idea of listing all possible solutions to the problem and determining if each listed solution is correct. When designing an enumeration algorithm, it is important to list all possible scenarios within the smallest possible range without omissions or repetitions."	others	middle	easy
3815	In computers, information representation and processing both use binary numbers, with only two digits, which are ( ) and ( ).	fill_in_the_blank	0; 1	Information storage in computers	"Answer: In computers, information is represented and processed using binary numbers. Binary numbers use the digits 0 and 1. Therefore, the answer is: 0 and 1.

Analysis: This question examines the storage of information at the ninth grade level. Binary is a numeral system widely used in computing technology. The base of binary is 2, with a carry rule of ""carry one when reaching two"" and a borrowing rule of ""borrow one as two."""	others	middle	easy
8315	According to different controlling entities, control forms can be divided into \ul{ } and \ul{ }.	fill_in_the_blank	Manual control; automatic control	Means and methods of control	"Answer: Based on different control subjects, control forms can be classified into manual control and automatic control. Therefore, the answer is: manual control, automatic control.

Analysis: This question tests the means of control. Automatic control refers to analyzing and processing collected data, and determining the control actions to be taken according to predefined control rules. Manual control is control operated directly or indirectly by humans. Remote control is a common form of manual control, where devices are connected via computer, mobile phone, or other terminals to IoT equipment, and instructions are sent via software to control remote devices."	others	middle	easy
8157	"Xiao Jie said ""shut down"" to the computer, and the computer immediately executed the shutdown command. This mainly applied ( ) technology in artificial intelligence."	fill_in_the_blank	Speech recognition	Speech recognition	"[Answer] The computer recognizes Xiaojie's voice command and executes it, which involves voice recognition technology. Therefore, the answer is: voice recognition.

[Analysis] This question examines voice recognition. Voice recognition is the study of speech, where machines automatically recognize and understand spoken language through speech signal processing and pattern recognition."	others	middle	easy
8400	Animation, like film, takes advantage of the human eye's characteristic of ( ), where playing the next frame before the previous one disappears creates a smooth visual transition effect.	fill_in_the_blank	Persistence of vision	The Basics of Animation Principles	"Answer: Animation works on the same principle as video, utilizing the physiological characteristic of persistence of vision to create highly imaginative and expressive animated films. Therefore, the answer is: persistence of vision.

Analysis: This question examines the principle of animation. Animation is generated by playing a series of images in sequence. When a series of related images is viewed in quick succession within a certain period, the human eye perceives them as continuous moving images, thus forming animation."	2021	middle	easy
3907	"Write the English abbreviations for the following computer terms:
① Local Area Network ____
② Central Processing Unit ____
③ Wide Area Network ____
④ Operating System ____
⑤ Artificial Intelligence ____"	fill_in_the_blank	LAN; CPU; WAN; OS; AI	Classification of Networks###Computer hardware and functions###System software, application software, and features###Definition of Human Intelligence and Artificial Intelligence	"Answer: The term for Local Area Network: LAN;  
The term for Central Processing Unit: CPU;  
The term for Wide Area Network: WAN;  
The term for Operating System: OS;  
The term for Artificial Intelligence: AI.  
Analysis: This question examines common computer terminology."	2020	middle	easy
1452	Digital information refers to the means of representing various information using ( ).	fill_in_the_blank	numbers or data	Information Digitization	"[Answer] Digital information is a means of representing various types of information using numbers or data. Therefore, the answer is: numbers or data. 

[Analysis] This question examines digital information. Information digitization refers to the process of converting information into a format of 0s and 1s that a computer can directly process, by following certain rules and standards, prior to computer processing. It is also a way of encoding information."	others	middle	easy
1197	After the program runs, the output result will be: ( ).	fill_in_the_blank	15	Sequential Structure Program Design and Analysis###Constants, Variables, and Assignment Statements	[Solution] Assign 5 to a, 3 to b, and print(a*b) means outputting the value of a*b, 5*3=15, therefore it is 15. Hence the answer is: 15. [Analysis] This question mainly examines assignment statements and output statements.	others	middle	easy
2852	"In the VB software, the ""control toolbox"" provides various controls needed for program interface design, commonly including ( ) and ( )."	fill_in_the_blank	Button control; Picture box control	VB control	"【Answer】 The VB control toolbox mainly includes text boxes, labels, picture boxes, command buttons, etc. Therefore, the answer is: button control, picture box control.  
【Analysis】 This question examines the controls in the VB control toolbox."	2019	middle	easy
10104	Cascading Style Sheets (CSS) can be used to control ( ) and ( ) of a webpage.	fill_in_the_blank	layout; style	CSS stylesheet	[Answer] Cascading Style Sheets, abbreviated as CSS. Therefore, the answer is: CSS. [Analysis] This question examines Cascading Style Sheets (CSS). CSS is a computer language used to style documents written in HTML (an application of Standard Generalized Markup Language) or XML (a subset of Standard Generalized Markup Language), among others. CSS can be used to statically style web pages and dynamically format various elements of web pages in conjunction with various scripting languages.	2023	middle	easy
5304	"Big data generally has the following four characteristics (known as the ""4V"" characteristics of big data), namely large volume, ( ), ( ), and low value density."	fill_in_the_blank	fast speed; many types	The Concept and Characteristics of Big Data	"Answer: Data that meets the concept of big data typically has four characteristics: large scale, high processing speed, variety of data types, and low value density. Therefore, the answer is: high speed, variety of types.
Analysis: This question examines the characteristics of big data. The characteristics of big data can be summarized by the 4Vs: Volume, Velocity, Variety, and Value."	others	middle	easy
1378	The Global Positioning System, also known as ( ), is a medium Earth orbit satellite navigation system developed and maintained by the United States Department of Defense. In the late 20th century, China began exploring a development path for a satellite navigation system suited to its national conditions and independently built and operated the ( ) Navigation Satellite System (BDS). The BeiDou system provides important ( ) support for economic and social development and is one of the significant achievements China has attained during over 40 years of reform and opening up. It is also one of the major scientific and technological accomplishments since the founding of the People's Republic of China 70 years ago and a global public service product China offers to the world. China will continue to actively promote international exchange and cooperation, achieving compatibility and interoperability with other global satellite navigation systems, and provide higher performance, more reliable, and richer services to global users.	fill_in_the_blank	GPS; BeiDou; spatiotemporal	Application of Big Data	"[Answer] The Global Positioning System is called GPS. In the late 20th century, China began exploring a satellite navigation system development path suited to its national conditions, independently building and operating the BeiDou Global Satellite Navigation System. China will continue to actively promote international exchange and cooperation, achieving compatibility and interoperability with other global satellite navigation systems, providing higher performance, more reliable, and richer information services to global users. Therefore, the answer is: GPS, BeiDou, information.

[Analysis] This question examines GPS. GPS is the abbreviation for Global Positioning System. The main purpose of GPS is to provide real-time, all-weather, and global navigation services to the land, sea, and air domains and is also used for military purposes such as intelligence gathering, nuclear explosion monitoring, and emergency communications."	2022	middle	easy
3908	Before creating a pivot table, you need to first select ( ) and ( ).	fill_in_the_blank	Title bar; Data area	Pivot Table	"[Answer] When creating a PivotTable, you need to first select the header row and data area, that is, determine which rows and columns in the data source will serve as the rows and columns of the PivotTable, which data will serve as the values, and how to summarize these values. Therefore, the answer is: header row, data area. 

[Analysis] This question tests the creation of a PivotTable. A PivotTable is a commonly used data analysis tool that can analyze and present data based on different summarization methods. Before creating a PivotTable, you need to select the header row and data area of the data source to determine its rows, columns, and values. Additionally, you need to set filter criteria, sorting methods, formatting, and other options as needed to meet specific data analysis requirements."	2021	middle	easy
8389	Big data processing can be categorized into three types: \_\_\_ for static data, \_\_\_ for stream data, and \_\_\_ for graph data.	fill_in_the_blank	Batch processing; stream processing; graph processing	Types of Big Data Processing	"[Answer] Big data processing is generally divided into three types: batch processing for static data, real-time computing for streaming data, and graph computing for graph data. Therefore, the answer is: batch processing, stream processing, graph processing.

[Analysis] This question tests the types of big data processing. As shown in the image: \\
<image>"	others	middle	easy
5560	"Program One: Complete the program to accomplish the following functionality: The program requires input of the length and width of a rectangle when it runs and outputs the area. Fill in the blanks with appropriate content so that the program runs correctly as required.

a = float(input(""Please enter the length of the rectangle""))  
b = float(input(""Please enter the width of the rectangle""))  
s = ( )  
print(""The area of the rectangle is "" + str(s))"	fill_in_the_blank	a * b	Sequential structure statements and format###Common Basic Functions###Common Built-in Functions in Python	"[Solution] To find the area of a rectangle, the area of the rectangle = length of the rectangle * width of the rectangle. The length is a, the width is b, so the area is s = a * b. Therefore, the answer is: s = a * b.  
[Analysis] This problem primarily tests program analysis. According to the problem requirements and mathematical formulas, complete the program content."	2023	middle	medium
2222	In computer systems, a computational method that can execute two or more processes simultaneously, mainly used to solve large and complex problems, is called \_\_\_\_\_.	fill_in_the_blank	Parallel processing	The basic concept of big data processing	"[Answer] Parallel processing refers to a method in computer systems capable of executing two or more processes simultaneously. Therefore, the answer is: parallel processing.  
[Analysis] This question examines the type of big data processing. Parallel processing is mainly used for solving large, complex problems to enhance work efficiency."	others	middle	easy
3980	In EXCEL, the print orientation settings include landscape and ( ).	fill_in_the_blank	Portrait	Page setup and printing of the table	[Answer] In the Excel worksheet's Page Layout tab, you can set both horizontal and vertical print orientations. Therefore, the answer is: Vertical. [Analysis] This question examines Excel's page setup. Students should be proficient in understanding the content of each tab in Excel worksheets.	2022	middle	easy
752	The 3D printing forming process includes: ① ( ) ② ( ) ③ ( ) ④ High-speed jet processing.	fill_in_the_blank	Pre-processing; Forming and processing; Post-processing	The basic process of 3D printing	"Answer: The 3D printing process includes three main stages: preprocessing, fabrication, and post-processing. It does not include high-speed jet processing. Therefore, the answer is: ①②③.

Analysis: This question examines the basic process of 3D printing. Preprocessing involves creating a 3D model using computer design software, then slicing the model to convert it into 2D layers. Fabrication is the core process of 3D printing, where the 3D printer builds the 3D object layer by layer based on the parameters and sliced model data set in the preprocessing stage. The goal of post-processing is to refine the final 3D printed product and perform necessary surface treatment and structural adjustments."	others	middle	easy
1368	Compared to Word documents, the biggest feature of Excel is ( ).	fill_in_the_blank	Strong data processing capabilities.	Data processing software	"Excel is a data processing software, Word is a word processing software. Therefore, the answer is: strong data processing capabilities. 

Analysis: This examines the features of office software. Excel: primarily for the processing and handling of spreadsheet information."	others	middle	easy
2748	A sensor is generally composed of a sensing element, a \_\_\_\_, and a signal conditioning and conversion circuit.	fill_in_the_blank	Conversion component	Composition of the sensor	[Answer] A sensor generally consists of a sensitive element, a conversion element, and a signal conditioning and conversion circuit. Therefore, the answer is: conversion element. [Analysis] This question examines sensors. The conversion element can transform the physical quantities (like temperature, humidity, brightness, etc.) or chemical quantities (such as pH, concentration, etc.) detected by the sensitive element into electrical signals.	2023	middle	easy
3468	In the long course of human development, people have sought knowledge through _______, _______, and from _______, continuously accumulating knowledge, forming the valuable wealth of human society.	fill_in_the_blank	Process data; analyze data; patterns	The Development History of Data Analysis	"[Answer] People process data, analyze data, and find patterns, thereby forming a wealth of knowledge. Hence, the answer is: process data, analyze data, patterns.

[Analysis] This question examines the development of data analysis. Data analysis involves using appropriate statistical methods to analyze collected data, summarizing, understanding, and digesting it to maximize the function and utility of the data. Data analysis is the process of extracting useful information and forming conclusions through detailed study and summary of the data."	others	middle	easy
8311	In data analysis, there are many methods, with some of the more common ones being average analysis, ( ), and grouped analysis.	fill_in_the_blank	Comparative analysis	Common Data Analysis Methods	"Answer: Common data analysis methods include average analysis, comparative analysis, and grouped analysis. Therefore, the answer is: comparative analysis.

Analysis: This question examines data analysis methods. Average analysis uses average metrics to reflect the overall general level. Comparative analysis is based on a unified standard, comparing two or more related metric data to study the scale, level, speed, etc., of the research object quantitatively. Grouped analysis involves dividing overall data into several groups based on a certain criterion for analysis. It helps observe the intrinsic relationships within data, especially the impact of certain factors on results. Appropriate data analysis methods can help people quickly extract value from data."	2022	middle	easy
