index	question	category	answer	knowledge	analysis	year	grade_level	difficulty_level
8145	The same folder cannot contain files with identical names.	true_false	True	File Explorer and Files, Folders	"[Answer] Files within the same folder cannot have identical names. Therefore, this statement is incorrect.  
[Analysis] This question tests file naming conventions. In computers, the file naming rule is: prefix name + suffix name, separated by a dot. The prefix name can be arbitrarily named, but the name length cannot exceed 255 characters, while the suffix name indicates the file format type."	others	middle	easy
7105	In Word 2003, the system automatically adjusts the row height and column width based on the table's content, and manual adjustment is not possible.	true_false	False	Application of forms	"[Answer] When creating a table in Word 2003, the row height and column width can be adjusted manually. Therefore, the answer is: False.  
[Analysis] This question tests the application of tables in Word."	2021	middle	easy
3575	A computer virus is a set of computer instructions or program code that destroys computer functions or data, affects computer use, and can self-replicate.	true_false	True	Computer viruses and malware	"【Solution】 A computer virus is a set of malicious computer programs or code instructions that can replicate itself and damage the computer's functions or data, affecting its normal use. Therefore, the answer is: Correct.  
【Analysis】 This question examines viruses. Characteristics of computer viruses include: Self-replication: Computer viruses have the ability to replicate themselves and spread by infecting other files or systems. Damaging functions or data: One of the main purposes of computer viruses is to damage computer functions or manipulate data, causing system malfunctions or data loss. Affecting computer use: Computer viruses can impact normal computer use, leading to system crashes, slow operation, and file damage. Concealment: Some computer viruses have high concealment capabilities, allowing them to hide in systems or files and making them difficult to detect. Transmission methods: Computer viruses can spread by infecting executable files, spreading through networks, email attachments, and other methods."	2024	middle	easy
5040	In Excel, data can be displayed graphically in charts, and when worksheet data is modified, the charts update automatically.	true_false	True	Basic Chart Visualization	"Answer: In Excel, data and charts are interrelated. Whether you modify the data or the chart, the corresponding chart and data will change accordingly. Therefore, the answer is: correct.

Analysis: This question tests the visualization of Excel data in charts. Charts are part of the worksheet and serve as a graphical representation of the data table, making it clearer and more intuitive for observing relationships between data."	others	middle	easy
5048	You can enhance the table's appearance by setting borders and shading.	true_false	True	Basic Operations of Spreadsheets	[Answer] Enhancing a table can involve setting its borders, shading, etc., and templates can be used to quickly achieve an aesthetically pleasing table. Therefore, the answer is: Correct. [Analysis] This question examines table enhancement. Through document themes, you can easily coordinate colors, fonts, and graphic formatting effects in an Excel document and update them quickly.	2023	middle	easy
10061	Tables should not be used for page layout in web pages.	true_false	False	Use tables for page layout.	"[Answer] In web design, tables are often used for page layout. Therefore, the answer is: incorrect.  
[Analysis] This question tests web layout. Using tables for webpage layout can make the page orderly and appealing. The methods for page layout include: executing the [File]---[New] command to create a blank HTML document, executing the [File]---[Save] command to create an index.html document, executing the [Insert]---[Table] command to create the first part of the webpage, entering text in the table as navigation columns, executing the [Modify]---[Page Properties] command to complete the webpage appearance settings, centering the table text, and after selecting the table, continuously executing the [Insert]---[Table] command to keep building the webpage."	others	middle	easy
8077	A search engine is an information retrieval tool on the Internet.	true_false	True	Retrieval of online resources	"Answer: A search engine is a retrieval technology that extracts specified information from the Internet to provide feedback to users. Therefore, the answer is: Correct.  
Analysis: This question examines search engines. A search engine is a retrieval technology that uses specific strategies to extract specified information from the Internet according to user needs and certain algorithms to provide feedback to users."	others	middle	easy
8471	Cloud computing is widely applied in daily life, such as sharing vast amounts of music online and collaboratively editing the same document with remote friends, all of which can be achieved through cloud computing.	true_false	True	New Internet Technology	"[Answer] Cloud computing involves processing by a system composed of multiple servers, obtaining a result, and returning it to the user. In the question, multiple users operate on the same task. Therefore, the answer is: Correct.

[Analysis] This question examines cloud computing. Cloud computing is a type of distributed computing, essentially involving operations by multiple users, eventually resolving task distribution to obtain result feedback."	2021	middle	easy
6943	Blind and deaf individuals cannot access information.	true_false	False	Acquisition of information	Even if a person is both blind and deaf, they can still obtain information through other senses such as touch, smell, and taste. Therefore, the answer is: incorrect. \ Analysis: This question examines information acquisition. Technology also offers many assistive tools and techniques for the blind and deaf community to help them access and convey information.	2023	middle	easy
5037	"When Wang Fan uses QQ, he does not like strangers adding him as a friend, so his verification method should not be set to ""allow anyone."""	true_false	True	Methods and Principles of Information Exchange	"[Answer] QQ's verification methods include:  
<image>  
If you don't want strangers adding you as a friend, don't set the verification method to ""allow anyone."" Therefore, the answer is: True.  
[Analysis] This question examines the use of chat software. Tencent QQ supports online chat, video calls, point-to-point resumable file transfers, file sharing, network drives, custom panels, QQ Mail, and other functions, and can connect with various communication terminals."	2018	middle	easy
7760	A recent research area in machine learning is data mining.	true_false	True	Field of Artificial Intelligence	[Answer] Data analysis and mining technology is a combination of machine learning algorithms and data access technology. It uses statistical analysis, knowledge discovery, and other methods provided by machine learning to analyze massive amounts of data, while using data access mechanisms to achieve efficient data reading and writing. Therefore, the answer is: Correct. [Analysis] This question examines machine learning. Machine learning holds an irreplaceable position in the field of data analysis and mining. A good example is Hadoop's entry into the machine learning field in 2012.	others	middle	easy
550	People can use technical, legal, and management methods to protect information security.	true_false	True	Security protection of information systems	"[Answer] Information security refers to the protection of confidentiality, integrity, and availability of information in information systems. To achieve information security, various methods can be employed, including technical measures (such as encryption, firewalls, access control, etc.), legal measures (such as the formulation and enforcement of relevant laws and regulations), and management measures (such as information security policies, security training, and risk assessment, etc.). These measures work together to construct a comprehensive information security protection system, ensuring the safety and reliability of information resources. Therefore, the answer is: Correct.  
[Analysis] This question examines information security. Technical measures include encryption technology, access control technology, authentication technology, and security audit technology, which ensure the security of information systems and data through technical means."	2024	middle	easy
4656	The questionnaire design should closely align with the survey objectives.	true_false	True	Data collection	"Answer: A survey questionnaire should be designed with specific questions and alternative answers centered around the research objectives. Therefore, the answer is correct. 

Analysis: This question examines questionnaire design. The purpose of the research determines the content and format of the questionnaire. The questionnaire design should closely align with the research objectives and measured variables, ensuring nothing is omitted or excessive."	others	middle	easy
8066	A module is used to organize functions, variables, and other elements into larger and more powerful programs.	true_false	True	The concept and reference of modules	"[Answer] A Python module is simply a .py file. Its features include ease of understanding and reusability. It allows code blocks to be separated from the main program, making the main program easier to understand and enabling functions to be stored in independent files called modules. This not only hides program code details but also allows functions to be reused in different programs. Therefore, the answer is: Correct.

[Analysis] This question tests the concept of modules. A module can define functions, classes, and variables, and can also contain executable code. It is a file (.py) that saves Python code."	others	middle	easy
546	Some tools in the toolbox have a small black triangle in the lower right corner, indicating that the tool is temporarily unavailable.	true_false	False	Common Photoshop Tools and Their Uses	"【Answer】 The small black triangle indicates that the tool is a compound tool, including multiple sub-tools. Therefore, the answer is: Incorrect.  
【Analysis】 This question examines software tool management."	others	middle	easy
7101	If a computer isn't working properly, it must be due to a hardware issue.	true_false	False	Functions and Features of a Computer	"Answer: There are many situations where a computer may not function properly. Besides possible hardware issues, it could also be due to a virus invasion or user error. Therefore, the answer is: incorrect.

Analysis: This question examines computer failures. The causes of computer malfunctions are often elusive and difficult to determine. Additionally, due to the relatively complex components of the Windows operating system, although there are many reasons for computer failures, with careful observation and thorough analysis, we can still understand some patterns and solutions for computer malfunctions."	others	middle	easy
5276	In WPS presentations, inserting images is supported, but inserting Flash animations is not.	true_false	False	Insertion and Setting of Animation	[Answer] WPS Presentation not only supports inserting images but also supports the insertion of Flash animations, audio, and video. Therefore, the answer is: Incorrect. [Analysis] This question examines the insertion materials in WPS Presentation.	2021	middle	easy
6834	"The mobile app ""Xingse"" can help us quickly identify various plants through photo search, which is a method of image retrieval."	true_false	True	Image recognition	"Answer: Identifying plants through the ""Xingse"" app is a typical application based on image retrieval technology. This application uses algorithms such as image analysis, feature extraction, and matching to recognize plants in photos. Therefore, the answer is correct.

Analysis: This question examines image retrieval technology. Image retrieval refers to the method of using computer technology to analyze, process, extract features, and match images to retrieve information about the image's content and structure. Image retrieval technology is widely used in image search engines, image database management, intelligent monitoring, and medical image analysis."	2022	middle	easy
6942	The MP4 format is currently a widely popular audio file format on PCs, and its sound quality is closest to CD quality.	true_false	False	Multimedia materials	"[Answer] MP4 is a video format. Therefore, the answer is: incorrect.  
[Analysis] This question examines file formats. MP4 is a video format, and MP3 is an audio format."	2020	middle	easy
4178	In a multi-branch structure, only when the conditions of if and elif are not met will the statements following else be executed.（　　）	true_false	True	Branching structure statements and format	"[Answer] A multi-branch structure includes the if, elif, and else parts. Only when the conditions for if and elif are not met, the statements following else will be executed. The else statement represents the code block executed when none of the conditions are met. Therefore, the answer is: Correct.

[Analysis] This question examines Python's multi-branch structure. In Python, conditional statements include if statements, if...else statements, and if...elif...else statements. Multi-branch structures can be achieved through if...elif...else statements, executing different code blocks depending on the conditions. In an if statement, only the if part may be present, or it can include if...else. In if...else statements, there are only two cases, if and else. In if...elif...else statements, there can be multiple elif statements, executing different code blocks based on the conditions."	2023	middle	easy
315	Editing a symbol does not affect its instances.	true_false	False	Editing and Application of Components	[Answer] Editing symbols means editing components. When a component is modified, its generated instances will also change accordingly. Therefore, the answer is: incorrect. [Analysis] This question examines components. When the content of a component is modified, the changes are applied to all files containing this component, making it easier for users to edit the film.	2022	middle	easy
1436	A large-scale network that connects computers, external devices, etc., across regions using public communication facilities (such as optical cable lines) is called a Wide Area Network (WAN).	true_false	True	Classification of Networks	"[Answer] A Wide Area Network (WAN) refers to a computer network that covers a broad area, possibly spanning cities, regions, countries, or even the globe. WANs use public communication facilities (such as fiber optic lines, satellite communications, etc.) to interconnect computers and peripherals, forming a large-scale network. Therefore, the answer is: correct.

[Analysis] This question examines Wide Area Networks. Common WANs include the Internet, VPNs (Virtual Private Networks), etc."	2023	middle	easy
7558	"In Word's font dialog box, you can set the paragraph's ""first line indent to 2 characters."""	true_false	False	Basic Text Editing	"【Answer】 In Word, you can set the paragraph's ""first line indent to 2 characters,"" not the text dialog box. Therefore, the answer is: incorrect.\\
【Analysis】 This question tests Word document settings. In Word's paragraph dialog box, you can set indentation and spacing, line and page breaks, and Asian typography. In the font dialog box, you can set East Asian and Western fonts, font style, size, font color, etc."	2020	middle	easy
7616	Under normal circumstances, the content stored on a CD is not easily damaged or lost.	true_false	True	Computer hardware and functions	"Answer: The content stored on a CD is not easily damaged or lost. Therefore, the answer is: correct. 

Analysis: This question examines the storage of information on a CD. A CD uses optical information as the storage medium and is used to store data."	2021	middle	easy
5190	As computer technology advances, the speed becomes faster, the functionality stronger, and the cost higher.	true_false	False	The development and application of information technology	"[Answer] It is correct that as computer technology advances, speed becomes faster and functionality stronger; the cost should not increase. Therefore, the answer is incorrect.

[Analysis] This question examines the future development of computers. The future development of computers will be increasingly better. Costs will not keep rising."	2019	middle	easy
325	Aside from decimal and binary, there are no other number systems in daily life. (　　)	true_false	False	Number systems and their conversion	"Answer: In life, there are actually many other numeral systems, such as the base-60 system commonly used in time (60 seconds equals 1 minute, 60 minutes equals 1 hour) and the base-360 system used in angles (360 degrees equals a full circle), etc. Therefore, the answer is: Incorrect.  
Analysis: This question tests the understanding of numeral systems. A numeral system is a way of counting, and different numeral systems have specific applications and meanings in various fields."	others	middle	easy
6931	Graphics and images do not belong to multimedia.	true_false	False	The concept and features of multimedia and multimedia technology	"Answer: Both graphics and images belong to multimedia. Therefore, the answer is: incorrect.  
Analysis: This question examines multimedia. In computer systems, multimedia refers to an interactive human-computer information exchange and communication media that combines two or more media types. The media used include text, pictures, photos, sound, animation, and video, as well as the interactive functions provided by programs."	2023	middle	easy
3146	The English abbreviation for information technology is IT.	true_false	True	The concept and fundamental technology of information technology	"Answer: Information Technology is abbreviated as IT in English. Therefore, the answer is correct.

Analysis: This question examines information technology. Information technology is a general term for various technologies used primarily for managing and processing information."	2022	middle	easy
5763	"Using specialized image viewing software like ""Meitu Look"" and ""Light Shadow Look,"" you can view, browse, and manage image files more efficiently."	true_false	True	Viewing, browsing, and obtaining image materials	"Answer: Specialized image browsing software like ""Meitu Look"" and ""Shadow Look"" can view, browse, and manage image files more efficiently. Therefore, the answer is: True.

Analysis: This question tests image browsing software. Commonly used image browsing software includes:

1. Meitu Look: A small professional image browsing software. Its interface is straightforward and easy to use. It supports various slideshow effects such as fade in and out, mosaic, scan, and fly-in, with customizable intervals. The software also optimizes performance for high-resolution photo browsing by using image caching technology, consuming less memory than traditional viewers, making it especially suitable for low-spec computers. Meitu Look supports all mainstream formats like GIF, JPG, and BMP, and can directly view professional formats like PSD and ICO.

2. ABC Viewer: A free desktop image viewer for PC with super-fast viewing speeds, supporting 69 image formats. It also allows batch image management.

3. 2345 Kingsoft View: The"	others	middle	easy
3114	PowerPoint 2010 is mainly used for the integration of multimedia projects.	true_false	True	Production of Multimedia Works	"[Answer] PowerPoint 2010 is primarily used for multimedia project integration. Therefore, the answer is correct.  
[Analysis] This question examines multimedia integration software. Multimedia creation and integration software includes Authorware, Founder OASIS, Director, PowerPoint, etc."	2018	middle	easy
342	WPS Office can convert the content of all slides in a presentation to a text document.	true_false	True	Preservation, Sharing, and Sending of Multimedia Works	"[Answer] In WPS Office, to convert the content of all slides in a presentation to a text document, you can execute: File -> Save As -> Convert to WPS Text Document. Therefore, the answer is: Correct.  
[Analysis] This question mainly tests the application of presentation software. By saving the file, you can convert the document into images, text, etc."	2019	middle	easy
8368	"In ""XiuTang H5,"" you can add music you upload yourself or use music from external links. The supported music format is MP3 only."	true_false	True	Common web development software###Create web pages with multimedia content	"[Answer] ""Xiutang H5"" allows adding music to self-created web pages, with the format restricted to mp3. Therefore, the answer is: Correct. \\
[Analysis] This question examines the web design tool ""Xiutang H5""."	2019	middle	easy
334	The transmission of information can be carried out in various ways.	true_false	True	Information and its characteristics	"Answer: In modern society, due to the rapid development of technology, there are various ways of information transmission, such as telephone, telegraph, fax, mobile text messages, television, the internet, and so on. Therefore, the answer is: correct.  
Analysis: This question examines the methods of information transmission."	2020	middle	easy
551	Using Photoshop to edit photos is considered fake and should always be avoided.	true_false	False	Image processing software	"[Answer] Photoshop software will develop in a more intelligent and diversified direction. If utilized well, it can be very helpful to us. Therefore, the answer is: Incorrect.

[Analysis] This question examines the understanding of Photoshop software."	2020	middle	easy
6933	In Excel 2003, the function MAX() is used to find the maximum value.	true_false	True	Common Basic Functions	[Answer] The MAX function is used to find the maximum value within the selected table range. Therefore, the answer is: Correct. [Analysis] This question examines basic common functions in Excel. In Excel, a function is essentially a predefined specific calculation formula designed to simplify routine operations and improve efficiency.	2021	middle	easy
4053	In the webpage source code, a double tag in HTML consists of an opening tag and a closing tag, for example, `<head>` and `</head>` form an HTML double tag.	true_false	True	Web Markup Language	"Answer: In the source code of a webpage, HTML tags appear in pairs, such as <head> and </head> forming an HTML double tag, <body> //main content and </body>. Therefore, the answer is: Correct.  
Analysis: This question tests HTML double tags. <html> //markup language and </html>."	2020	middle	easy
3310	Artificial intelligence has become a new development trend.	true_false	True	The Origin and Development of Artificial Intelligence	Answer: Artificial intelligence has become a new development trend. Therefore, the answer is: Correct. Analysis: This question examines the development of artificial intelligence. With the advancement of AI technology and its deep integration into various industries, AI in daily life will become ubiquitous, and it will undoubtedly present a safe and convenient intelligent society for people.	others	middle	easy
7533	In Photoshop, you can hide layers.	true_false	True	Layers and Layers Palette	"【Answer】 Each layer has an eye icon in front of it. Click the eye icon to show or hide the layer. Therefore, the answer is: Correct.  
【Analysis】 This question tests the layers and layer panel in Photoshop. You can hide or lock layers in the layer panel."	others	middle	easy
7427	The 21st century is a highly information-driven era, and the ability to effectively acquire, utilize, and transmit information is a basic quality that a person must possess.	true_false	True	Online Code of Conduct	"【Answer】 The ability to effectively acquire, use, and transmit information is a fundamental quality that a person must possess. Therefore, the answer is: Correct.  
【Analysis】 This question examines information literacy. Information literacy refers to the basic skills and qualities an individual should possess in an information-driven environment, including the ability to acquire, process, use, and communicate information, as well as the ability to handle risks and challenges in an information-driven environment."	2022	middle	easy
8059	"The Boolean operation result of ""3==5"" in Python is True."	true_false	False	Operators and Expressions	"Answer: 3 is not equal to 5, the result of the Boolean operation ""3==5"" is False. Therefore, the answer is: Incorrect.

Analysis: This question tests the Boolean operations in Python. In Python, Boolean type only has two values: True and False, representing true and false. During Boolean operations, Python automatically converts the result of the expression to a Boolean type. Any non-zero number, non-empty string, non-empty list, non-empty dictionary, non-empty tuple, etc., are considered True, while 0, empty strings, empty lists, empty dictionaries, and empty tuples are considered False."	2022	middle	easy
736	A4 paper is the size obtained by folding a full sheet of A0 paper four times.	true_false	True	Layout design	"Answer: A4 paper is actually the size of an A0 paper folded four times. Therefore, the answer is: Correct.

Analysis: This question examines paper sizes. A-series paper is essentially a set of differently sized sheets, where the number following the ""A"" can be understood as the number of times the paper is folded."	2020	middle	easy
8848	Generally speaking, WiFi refers to the abbreviation for email.	true_false	False	Wireless communication technology	"Answer: Generally, E-mail is the abbreviation for electronic mail, and WiFi is the abbreviation for wireless network. Therefore, the answer is: incorrect.  
Analysis: This question examines WIFI."	2020	middle	easy
1757	The logo is an important representation of a website's image, serving as its business card. It is generally located in the upper left corner of the website.	true_false	True	Create web pages with multimedia content	"【Answer】 Logo refers to the mark designed for the theme or activities of products, companies, websites, etc. A website logo is the website's business card and is usually located in the upper left corner of the website. Therefore, the answer is: Correct. \\
【Analysis】 This question examines the application of website logos."	others	middle	easy
5012	PSD format is a layered storage format used in Photoshop.	true_false	True	File type and format###Opening and Saving Photoshop Files	"[Answer] PSD is a proprietary format for Photoshop that can store layer information. Therefore, the answer is: Correct. \\
[Analysis] This question examines PSD files. PSD files can be stored in RGB or CMYK modes, allow for custom color numbers to be saved, and can preserve Photoshop layers, channels, paths, and other information. It is the only format that supports all image color modes."	2023	middle	easy
5766	The information downloaded online is all free. (    )	true_false	False	Intellectual Property and Legal Regulations###Browsing, downloading, and saving online information	"【Answer】 The information downloaded from the internet can be free or require payment. Therefore, the answer is: false.  
【Analysis】 This question examines internet information. According to the classification of intellectual property protection of informational resources, internet information resources can be divided into open resources, free resources, and paid resources. One should obtain internet resources based on actual needs, distinguish between open, free, and paid certified resources, establish awareness of intellectual property protection, and legally use internet information resources."	2023	middle	easy
1325	The sound icon cannot be hidden during the slideshow.	true_false	False	Creating and Playing a Presentation	"[Answer] The sound icon can be hidden during slideshow playback. Therefore, the answer is: False.  
[Analysis] This question mainly examines slideshow playback."	2023	middle	easy
8376	Once the document is saved, it cannot be modified.	true_false	False	Opening and Saving Files	[Answer] Once a file is saved, further modifications can still be made. Therefore, the answer is: False. [Analysis] This question examines the file saving operation. The save operation only saves the current version of the file to the disk but does not lock the file or prevent subsequent editing by the user. Users can continue to modify, add, or delete content from the saved file and then perform the save operation again to save the latest changes.	others	middle	easy
4651	When measuring body temperature with a temperature gun, sensor technology is primarily used.	true_false	True	Types and Applications of Sensors	"[Answer] A temperature gun uses a temperature sensor to output electrical signals, either directly as digital signals or by converting current signals (analog signals) into digital signals that can be recognized by the internal integrated circuit, then displays the temperature in digital form through a display (such as an LCD, digital tube, LED matrix, etc.), and can record and read the maximum measured temperature. Therefore, the answer is: correct.

[Analysis] This question examines the application of sensors. Sensors have long penetrated into extremely widespread fields such as industrial production, space exploration, ocean detection, environmental protection, resource investigation, medical diagnosis, bioengineering, and even cultural relic protection. From the vastness of space to the depths of the ocean and various complex engineering systems, almost every modern project relies on various sensors."	2022	middle	easy
3127	Computer network users can only use the IE browser to view webpage information.	true_false	False	Browser	[Solution] In addition to using Internet Explorer, you can also browse web information with Google Chrome, Baidu Browser, Firefox, etc. Therefore, the answer is: false. [Analysis] This question tests common browsers. Mainstream browsers include IE, Chrome, Firefox, Safari, among others.	2021	middle	easy
5369	There are two types of Internet access methods: wired access and wireless access.	true_false	True	Methods of network connection	"[Answer] The ways to access the Internet include wired connections (dial-up and dedicated line) and wireless connections. Therefore, this statement is correct.  
[Analysis] This question examines the methods of Internet access."	2019	middle	easy
4637	Inserting a hyperlink into text will always change the text color.	true_false	True	Insertion and Setting of Links	[Answer] When inserting a hyperlink into text, the color of the text changes, usually turning blue. Therefore, the answer is: Correct. [Analysis] This question examines text hyperlinks. Text with an added hyperlink will display an underline and the text color will turn blue.	2022	middle	easy
2812	"A flowchart is a graphical representation method used to describe algorithms, such as using "" \(▱\) "" to represent data processing."	true_false	False	The concept of flowcharts and their commonly used symbols	"[Answer] The parallelogram in the flowchart represents data input and output. Therefore, the answer is: false.  
[Analysis] This question tests the meaning of symbols in a flowchart. The diamond represents decision-making, the parallelogram represents data input and output, and the rectangle represents data processing."	2019	middle	easy
2287	"In Excel 2003, to clear the contents of a cell, you can select the cell, right-click, and choose the ""Delete"" option from the dialog box that appears."	true_false	False	Spreadsheet Data Editing and Mail Merge	[Answer] According to the question, clearing content should be done using the clear command. Therefore, the answer is: incorrect. [Analysis] This question tests the deletion of cell data. Clearing refers to clearing content, while deletion refers to deleting both the cell and its content.	others	middle	easy
2318	In Small Basic, the KeyUp event is triggered when a key on the keyboard is released.	true_false	True	Object and its attributes###Event and its handling process	[Solution] The KeyUp [event] triggers an event when a key on the keyboard is released. Hence, the answer is: Correct. [Analysis] This question examines the GraphicsWindow object in Small Basic. The KeyDown event indicates an event triggered when a key on the keyboard is pressed.	others	middle	easy
5970	In video editing, transitions are commonly used to make the transitions between different scenes smoother and the effects richer.	true_false	True	Processing of video files	"[Answer] Transitions are an important technique in video editing, referring to the use of special effects to seamlessly connect the end of one scene with the beginning of another, achieving a natural transition and rich effects. Therefore, the answer is: correct.

[Analysis] This question examines transition effects. Common transitions in video editing include cuts, fade-ins and fade-outs, flashes, and rotations. These can make the video content more cohesive and smooth, while also providing the audience with greater visual enjoyment."	2022	middle	easy
7445	In Flash, motion tweening can be used to change the position, size, color, and shape of objects.	true_false	False	Tween animation and its production###Shape Tween Animation and Its Creation	"Answer: Shape tweening animation can achieve mutual changes in color, shape, size, and position between two graphics. Therefore, the answer is: Incorrect.  

Analysis: This question tests Flash tween animation. Motion tween animation places an element on a keyframe, then changes the size, color, position, transparency, etc., of this element on another keyframe."	2022	middle	easy
1668	In PowerPoint, basic operations such as trimming audio files can be performed.	true_false	False	Insertion and Setup of Audio	"【Answer】 Audio files need to be trimmed, spliced, or synthesized using specialized audio processing software. Therefore, the answer is: False.
【Analysis】 This question examines the handling of audio files in PowerPoint. PowerPoint cannot perform audio trimming operations."	others	middle	easy
5972	"The recycle bin, or ""trash can"", does not occupy hard disk space for the files within it."	true_false	False	Concept, Purpose, and Methods of Information Resource Management	"【Answer】 The Recycle Bin is an area on the hard drive mainly used for temporarily storing documents deleted by the user. Files in the Recycle Bin can be restored. Therefore, the answer is: false.  
【Analysis】 This question examines the Recycle Bin. The Recycle Bin is a special folder, defaulted as the RECYCLER folder in the root directory of each hard drive partition, and it is hidden. When a file is deleted and moved to the Recycle Bin, it is essentially placed in this folder, still occupying disk space."	others	middle	easy
9343	After clicking a hyperlink on a webpage, a new webpage window will open.	true_false	True	Web hyperlink	"[Answer] On a webpage, clicking a hyperlink (linking to another webpage) usually opens a new webpage window. Therefore, the answer is: Correct.  
[Analysis] This question examines the application of hyperlinks. A hyperlink is essentially a part of a webpage that allows us to connect with other webpages or sites."	2018	middle	easy
4087	"App Inventor ""offline version"" cannot be used by a single machine after installation."	true_false	False	Programming tools	"[Answer] The offline version of App Inventor can be used individually after installation. Therefore, the answer is: False.  
[Analysis] This question examines App Inventor. App Inventor has both an ""offline version"" and an online version."	2020	middle	easy
2546	In Photoshop, changing the canvas size is also changing the image size.	true_false	False	Canvas size settings	"[Answer] Changing the canvas size affects the background size of the image, but the image's size ratio does not change with the canvas. Therefore, the answer is false.

[Analysis] This question examines the setting of canvas size. In simple terms: the canvas size is the paper, and the image is the drawing on the paper. One changes the size of the paper, the other changes the size ratio of the drawing on the paper."	2019	middle	easy
5934	We usually use subscript 0 to represent the first element of an array.	true_false	True	Data type	"【Answer】 The subscript 0 represents the first element of the array. Therefore, the answer is: Correct.  
【Analysis】 This question examines arrays. An array is an ordered sequence of elements."	others	middle	easy
9507	The algorithm must be able to terminate after executing a finite number of steps.	true_false	True	Concept and Representation of Algorithms	"【Answer】 The algorithm can terminate after executing a finite number of steps. Therefore, the answer is: true.  
【Analysis】 This question examines the characteristics of an algorithm. Characteristics of an algorithm: 
① Finiteness: It terminates after executing a finite number of steps, and the execution time of each step is also finite; 
② Definiteness: Each step has a precise meaning; 
③ Input: There can be zero or more inputs; 
④ Output: At least one output is produced; 
⑤ Feasibility: It can be accurately executed in principle."	2020	middle	easy
2470	When evaluating algorithms, we should consider not only the correctness of the algorithm but also its efficiency.	true_false	True	Efficiency and complexity of algorithms	[Answer] The characteristics of an algorithm are finiteness, definiteness, input, output, and feasibility. When evaluating an algorithm, one must consider not only its correctness but also its efficiency. Therefore, the answer is: correct. [Analysis] This question examines the criteria for evaluating an algorithm.	2018	middle	easy
7717	If we want to further control the playback of Flash movies and achieve interactive animation functions, we need to use movie clip components.	true_false	False	The functionality and use of Flash scripts	"[Answer] To further control the playback of Flash videos and achieve interactive animation features, scripts need to be implemented. Therefore, the answer is: incorrect.  
[Analysis] This question examines the realization of Flash animation functions."	2020	middle	easy
5933	In Python, users can create functions as needed, such as print() and len() which are custom functions. ( )	true_false	False	Customized Statements and Functions###Common Built-in Functions in Python	"【Answer】Python has many built-in functions, such as print(), len(), range(), etc., which can be used without definition. Therefore, the answer is: False.\\
【Analysis】This question tests Python functions. There are two types of custom functions: lambda and def."	2021	middle	easy
5189	The function of the break statement is to exit the current loop, but it does not affect the execution of the else clause.	true_false	False	Program Design and Analysis of Loop Structures	"[Answer] The 'break' statement can immediately terminate the execution of the current loop and exit the loop structure. Whether it's a while loop or a for loop, executing the 'break' statement will directly end the currently executing loop, thus affecting the execution of the {else clause}. Therefore, the answer is: False.

[Analysis] This question tests loop control statements. Python supports the following loop control statements:

\[
\begin{array}{|l|l|}
\hline
\textbf{Control Statement} & \textbf{Description} \\
\hline
\text{break statement} & Terminates the loop during block execution and exits the entire loop \\
\text{continue statement} & Ends the current iteration during block execution, skips to the next iteration \\
\text{pass statement} & A null statement used to maintain the integrity of the program structure, but not commonly used. \\
\hline
\end{array}
\]"	others	middle	easy
8062	When feathering an image in Photoshop, the larger the feather value entered, the more pronounced the edge softening effect.	true_false	True	Metamorphosis	"[Answer] When feathering an image in Photoshop, the larger the feathering value entered, the more obvious the edge softening effect will be. Therefore, this statement is correct.  
[Analysis] This question examines the function of feathering. Feathering can blur the transition between the inside and outside of a selection, creating a gradient effect to achieve a natural blend."	2019	middle	easy
8507	The images inserted in the slides cannot be resized.	true_false	False	Insertion and configuration of images and text	[Answer] In a slide, inserted images can be resized and cropped, etc. Therefore, the statement is: False. [Analysis] This question examines the handling of images in slides.	2019	middle	easy
3778	The creation of flash animation works involves the basic processes of establishing the script, designing characters, collecting materials, specific creation, editing and dubbing, testing, and publishing.	true_false	True	The concept of animation and the development of animation technology	[Answer] The creation process of a flash animation work: script development, character design, material collection, concrete creation, editing and dubbing, testing and release. Therefore, the answer is: correct. [Analysis] This question examines the creation process of animation works.	2021	middle	easy
7743	A 1.99GB file cannot be copied to a 2GB USB drive because manufacturers use 1GB = 1000MB as the standard.	true_false	True	Data storage units and calculation	"[Answer] In computer storage, 1GB = 1024MB. The file size of 1.99GB is: 1.99 × 1024MB = 2037.76MB. The storage capacity of a 2GB USB drive is: 2000MB < 2037.76MB. Therefore, the answer is: True.

[Analysis] This question examines storage capacity. Computers use binary, making unit calculations convenient when they involve powers of 2, because internal computer circuits work in two states: high and low voltage. Thus, binary is used to represent signals for computer recognition. People, however, are accustomed to using the decimal system, so storage manufacturers use 1000 as the conversion rate. This results in actual capacities being less than the nominal values, which is legally acceptable. 1024 is 2 to the power of 10; this choice ensures it is not too far from powers of 10, facilitating easy calculation for humans"	others	middle	easy
8073	E-commerce only refers to business transactions between companies.	true_false	False	The application of computer networks	"Answer: E-commerce involves business activities using microcomputer technology and network communication technology, and is not limited to online shopping. Therefore, the answer is: Incorrect.

Analysis: This question tests the understanding of e-commerce. E-commerce refers to business activities utilizing information network technology, with the exchange of goods at the core. It can also be understood as conducting transaction activities and related services through electronic transactions on the Internet, Intranet, and Value Added Network (VAN), and involves the digitization, networking, and informatization of various stages of traditional commercial activities."	2019	middle	easy
9532	All information on the internet is beneficial.	true_false	False	Impact of Information Technology	"[Answer] While the internet brings convenience, it also brings negative impacts, such as electronic waste, information fraud, and internet addiction. Therefore, the answer is: False.
[Analysis] This question examines the impact of information technology. Information technology is a double-edged sword, and we should use and discern the internet and information reasonably. Abide by online ethical standards and surf the internet civilly."	others	middle	easy
6995	Flash can output animations as exe program files, allowing them to be played without a player.	true_false	True	Preservation and Release of Animated Works	"[Answer] In Flash, animations can be exported as exe program files, which are self-playing Flash programs. Therefore, the answer is: correct.  
[Analysis] This question examines the export formats of Flash files. Flash files can be exported in various formats depending on needs, as follows:  
1. SWF: Flash's default animation file, containing rich video, sound, graphics, and animation.  
2. GIF: GIF image exchange format file, supporting 256-color image files and image animation.  
3. HTML: Web format file.  
4. JPG: Image file stored in 24-bit color for a single bitmap. JPEG is a platform-independent format that supports the highest level of compression; however, this compression is lossy. Progressive JPEG files support interlacing.  
5. PNG: Image file using a lossless data compression algorithm derived from LZ77, generally used in JAVA programs, web pages, or S60 programs because of its high compression ratio and"	others	middle	easy
5007	Artificial intelligence possesses the same moral and ethical qualities as humans.	true_false	False	Ethics and Challenges of Artificial Intelligence	"Artificial intelligence itself does not possess moral or ethical qualities, but the researchers developing AI technology impart meaning to the data when designing models and algorithms, determining the behavioral norms of AI, thereby influencing the ethical quality of the machine. Therefore, the answer is: False.  
The subject of this question is the ethics of artificial intelligence. The subject of AI ethics is the machine, which is meant to ensure that increasingly autonomous machines adhere to human moral and ethical standards."	others	middle	easy
3298	"The data source document for ""mail merge"" can also be a Word document with the extension .docx."	true_false	True	Review, merging, and cataloging of documents	"[Answer] The data source file for mail merge can be a Word document saved in the docx format. Therefore, the answer is: Correct. 

[Analysis] This question examines mail merge in Word documents. For mail merge, a list or database is also referred to as a data source. If there is no data source yet, select ""Type a New List"" extension, which is a Word document in .docx format, and use the open form to create a list. The list is saved as a database (.mdb) file that can be reused. An existing list might be an Excel spreadsheet, Access database, or some other type of database."	others	middle	easy
9533	You can generate a PDF document to send the edited document to a friend for easier viewing.	true_false	True	Others	ãAnswerã Sharing an edited Word document with others can easily lead to errors. If a PDF document is generated, the content of the document can remain stable. Therefore, the answer is: Correct. ãAnalysisã This question examines document publishing. PDF is a file format for presenting documents in a way that is independent of application software, hardware, and operating systems. Each PDF file contains a complete description of a flat-document layout, including text, fonts, graphics, and other information necessary for display.	others	middle	easy
5953	The world's first electronic computer was born in 1946.（　　）	true_false	True	The development of computers	"[Answer] In 1946, the world's first electronic computer was indeed created, called ENIAC (Electronic Numerical Integrator and Computer). Therefore, the answer is: Correct.  
[Analysis] This question examines the historical fact about electronic computers. ENIAC was the world's first general-purpose electronic digital computer. It was enormous, occupied a large space, and required substantial energy to operate. The design of ENIAC was inspired by earlier calculating devices, but it made significant advancements in computing speed and functionality, laying the groundwork for later developments in computer technology."	2023	middle	easy
4925	Windows Server has powerful web server capabilities due to the addition of IIS software.	true_false	True	Internet services	"Answer: IIS (Internet Information Service) is a comprehensive web server that allows for quick and easy deployment of robust websites and application systems while reducing system management costs. Therefore, the answer is: correct.

Analysis: This question examines Windows Server. IIS service is primarily promoted by Microsoft and is included in the Windows Server series. The latest version, included in Windows Server 2008, is IIS 7.0. IIS is fully integrated with Windows Server 2008, allowing users to leverage the security features built into Windows Server 2008 and NTFS (NT File System) to establish powerful, flexible, and secure websites."	others	middle	easy
9870	In Photoshop, graphics cannot be flipped horizontally.	true_false	False	Basic Processing of Image Materials	"[Solution] Hold down Ctrl + T to free transform, click Edit - Transform - Flip Horizontal. Therefore, the answer is: Incorrect.  
[Analysis] This question tests the basic operations of graphics in Photoshop."	others	middle	easy
2466	A principal finding a homeroom teacher for a specific class and then locating the corresponding students is an example of searching in everyday life.	true_false	True	Search algorithms and their programming	"[Answer] According to the question, find the class teacher first, then find the corresponding student, which is a search method. Therefore, the answer is: Correct.  
[Analysis] This question examines search algorithms. In a collection of (ordered/unordered) data elements, the process of using a certain method to find data elements that match a given key is called a search."	others	middle	easy
646	In conditional and loop statements, the block of statements under the colon does not need to be indented.	true_false	False	Comments and Indentation	"[Answer] Indentation indicates what this conditional and loop statement will execute. Therefore, the answer is: False.
[Analysis] This question examines Python statement indentation. In Python, it is required that code lines within the same scope must have consistent indentation, but the specific amount of indentation is not strictly defined. Indentation is not only aesthetically pleasing but also represents code blocks."	2022	middle	easy
7622	When you want to edit and process images from textbooks and other printed materials using a computer, you must first digitize them into digital images that the computer can recognize.	true_false	True	Information processing methods	"【Answer】 To process with a computer, you must first scan the physical object into the computer. Therefore, the answer is: Correct.
【Analysis】 This question examines how computers process information. Physical objects need to be scanned or photographed and transferred to the computer for processing."	2020	middle	easy
7540	"What we usually refer to as ""hacker"" and ""computer virus"" are actually the same thing."	true_false	False	Computer viruses and malware###Hackers and Their Attack Methods	"Answer: What we commonly refer to as ""hackers"" and ""computer viruses"" are not the same thing. Hackers are illegal intruders in the network. A computer virus is a set of computer instructions or program code inserted by the creator into a computer program to disrupt the function or data of the computer, which can affect the use of the computer and can self-replicate. Therefore, the answer is: incorrect.  
Analysis: This question examines computer viruses and hackers. Installing and activating a firewall can prevent hackers and viruses from exploiting system services and vulnerabilities to infiltrate the system."	2021	middle	easy
3460	The workspace of 3D design software generally uses a three-dimensional Cartesian coordinate system to define the position of objects. (      )	true_false	True	3D modeling software and interface	"**Answer:** In 3D design software, the workspace generally uses a 3D Cartesian coordinate system to define properties such as the position, direction, and size of objects. Therefore, the answer is: correct.

**Analysis:** This question examines the workspace in 3D design software. A 3D Cartesian coordinate system is usually composed of three axes: X, Y, and Z, corresponding to the horizontal, vertical, and perpendicular directions. Through this 3D coordinate system, designers can precisely control the position and transformation of objects in 3D space."	2023	middle	easy
8854	MP3 format audio files cannot be imported into Flash.	true_false	False	Sound effects and synchronization settings	ãAnswerã Sound files in wav and mp3 formats can be imported into Flash software. Therefore, the answer is: incorrect. ãAnalysisã This question examines the application of sound files in Flash.	others	middle	easy
833	The application layer of the Internet of Things (IoT) serves as the interface between the IoT and the user. It integrates with industry needs to achieve intelligent IoT applications, such as urban management, modern logistics management, food safety control, and smart campuses.	true_false	True	Architecture of the Internet of Things	"The application layer of the Internet of Things (IoT) is the layer within an IoT system that interacts directly with users and applications. At this layer, IoT integrates with various industry needs to achieve a wide range of intelligent applications and solutions. These applications cover multiple fields, including urban management, modern logistics management, food safety control, smart campuses, smart homes, industrial automation, healthcare, and more. Therefore, the answer is: Correct.

Analysis: This question examines the architecture of IoT. The application layer of the IoT system collects data through sensors, devices, and internet connections and transmits it to the cloud or local servers. It then provides various services and functions through data analysis and processing."	2022	middle	easy
2307	When communicating with others online, we should always protect our personal privacy and respect others.	true_false	True	Internet Ethics and Norms###Personal information security	"[Answer] When communicating online, use polite language. Only communicate with courteous people; if the other party is rude and disrespectful, terminate the communication promptly. When debating issues, use reason to persuade others and refrain from using uncivil language to insult or attack them. Therefore, the answer is: Correct.

[Analysis] This question examines online ethics and safety. Although the internet is a virtual space, the moral principles followed in real life must also be observed online. It is a fundamental requirement not to harm national interests, public interests, and the interests of others on the internet."	2021	middle	easy
10074	Images are discrete videos, and videos are continuous images.	true_false	True	Audio, image, video encoding	"Answer: An image is a discrete video, and a video is a continuous image. Therefore, the answer is correct.

Analysis: This question examines the relationship between images and videos. A video consists of a sequence of images played at a certain rate, with each image representing one frame. If the image sequence changes at more than 24 frames per second, it will appear as a dynamic image due to the principle of persistence of vision. The digital series obtained by digitizing each frame of the video in time sequence results in a digital video."	others	middle	easy
5809	Resource sharing mainly includes data sharing, software sharing, and hardware sharing.	true_false	True	Network resource sharing	"【Answer】 ""Resources"" refer to all software, hardware, and data resources within a network. ""Sharing"" means that users in the network can fully or partially enjoy these resources. Therefore, the answer is: Correct.

【Analysis】 This question examines resource sharing. Resource sharing means multiple users sharing hardware and software resources within a computer system. In a network system, the main resources that terminal users can share include processor time, shared space, various software devices, and data resources. Resource sharing is one of the main objectives achieved by computer networks."	2020	middle	easy
6334	The use or distribution of freeware, shareware, and trial software is restricted and protected by copyright law.	true_false	False	Intellectual Property and Legal Regulations	"[Answer] The use or distribution of free software, shareware, and trial software is restricted and protected by copyright law. Therefore, the answer is: Incorrect.  
[Analysis] This question examines the copyright protection of software. Copyright law is a type of intellectual property law designed to protect the creative works of authors or rights holders. Although free software can be used for free, shareware can be shared under certain conditions, and trial software can be used for free during the trial period, this does not mean they are not subject to copyright law. The authors or rights holders of these software still hold copyright, and users need to comply with copyright law when using or distributing this software, such as not making unauthorized copies, distributions, modifications, translations, etc., unless it falls under legally defined exceptions."	2023	middle	easy
8131	In a linked list, accessing any element requires starting from the first node (or the last node) and sequentially visiting each node until the specified element is found.	true_false	False	Linear List and Its Operations	"[Answer] A linked list is a storage structure that is physically non-contiguous and accesses data directly through system-allocated memory addresses. Thus, the answer is: Incorrect. 
[Analysis] This question examines the operations of linked lists. A linked list is a storage structure that is non-contiguous and non-sequential on physical storage units. The logical order of data elements is achieved through the pointer linking order within the linked list."	others	middle	easy
2320	"In Flash, using the ""Brush"" tool to draw guide lines requires that the lines be continuous without any interruptions."	true_false	True	Animation of the Guide Layer and Its Production	"[Answer] When using the ""Brush"" tool to draw guideline lines, the lines must be continuous without any breaks. Therefore, the answer is: Correct. [Analysis] This question examines the drawing of guideline lines. The brush tool can create brush-like strokes. Usage of the brush tool in Flash: 1. First, click the brush tool. A submenu for the brush tool will appear at the bottom; make sure to uncheck the drawing object option. 2. Click the ellipse button, draw an ellipse on the stage, and set the stroke in the property panel large enough to see the effect clearly. 3. Use the brush tool's standard painting, ensuring the lines are continuous without any breaks."	others	middle	easy
1184	In PowerPoint 2003, the file name is displayed in the status bar.	true_false	False	Presentation software	"[Answer] In PowerPoint 2003, the file name is displayed in the title bar. Therefore, the answer is: Incorrect.  
[Analysis] This question examines the presentation window. The title bar is at the top of the presentation, and the status bar is at the bottom of the presentation."	others	middle	easy
2733	In Flash MX, objects in the mask layer are visible during playback.	true_false	False	Mask Animation and Its Creation	"Answer: In mask layer animation, only the terrain within the ""window"" can be displayed. Objects outside the window of the mask layer cannot be displayed. Therefore, the answer is: false.

Analysis: This question examines the principles and creation of mask layer animation. The principle of mask layer animation: a ""window"" is opened on the mask layer to display corresponding objects, while objects outside the ""window"" cannot be displayed. 

Section 3: Fill-in-the-blank Questions"	2021	middle	easy
1684	"A stack is a data structure characterized by ""first-in, first-out."""	true_false	False	Common Data Structures	"[Answer] A stack is last in, first out. Therefore, the answer is: False.  
[Analysis] This question examines stacks. In a stack, the last element inserted is the first to come out. A queue is first in, first out, where the first element inserted is the first to come out."	others	middle	easy
3783	The core and foundation of the Internet of Things remains the internet, serving as its extension and expansion.	true_false	True	Concept and Characteristics of the Internet of Things	"[Answer] The foundation of the Internet of Things (IoT) is still the internet, but IoT is an extension and expansion of the internet. It connects more objects to the internet through various sensors and devices, enabling connection and communication between them. Thus, the answer is: Correct.

[Analysis] This question examines IoT. IoT refers to the network that connects any object to the internet, exchanging information and communication using various sensors, radio frequency identification technology, and wireless communication technology. The development of IoT greatly promotes areas such as smart city construction, smart homes, and smart transportation, allowing for more intelligent, efficient, and secure management and services."	2023	middle	easy
3321	In the computer department, images are mainly divided into two categories: vector graphics and bitmaps, and what is drawn in Photoshop is vector graphics.	true_false	False	Bitmap and vector graphics	"[Answer] Images in the computer science field are mainly divided into vector and bitmap images, while Photoshop draws bitmaps. Therefore, this statement is incorrect. \\
[Analysis] This question examines the classification of computer images. Vector graphics can be created with software like Flash, AutoCAD, CorelDRAW, FreeHand, or can originate from Word's auto shapes. Bitmap images can be obtained using scanners, digital cameras, webcams, or drawn with software such as Photoshop or Paint."	2020	middle	easy
9166	micro:bit is a microcontroller development board that integrates components such as a processor, LED lights, programmable buttons, an accelerometer, a compass sensor, and radio and Bluetooth communication modules.	true_false	True	Open source hardware	Answer: The micro:bit is a microcomputer development board specifically designed for youth programming education. The micro:bit has the following features: 25 individually programmable LEDs, 2 programmable buttons, connection pins, light sensor and temperature sensor, motion sensor (accelerometer and compass), wireless communication via radio and Bluetooth, USB interface. Therefore, the answer is: correct. Analysis: This question examines the use of the micro:bit.	2021	middle	easy
5008	The application of big data is becoming increasingly widespread, and it is universally considered very secure.	true_false	False	Big Data Security Issues	"[Answer] Big data has penetrated various industries, becoming an essential production factor. However, technological advancement is a double-edged sword; while it brings convenience to life, it also accompanies increasing issues such as personal privacy and cyber security threats like virus attacks. Therefore, the answer is: False.

[Analysis] This question examines the security issues of big data. While big data brings convenience to life, it also introduces social issues such as information leakage, data security, personal privacy, and even ethical concerns. During online registration or shopping, users leave personal information. The aggregation of big data inevitably increases the risk of user privacy data breaches, making the protection of personal privacy an urgent issue to be addressed."	others	middle	easy
8048	"Quick sort employs the ""divide and conquer"" strategy and is the most efficient among all sorting algorithms."	true_false	True	Sorting Algorithms and Their Program Design	"【Answer】 The quicksort algorithm is a highly efficient sorting algorithm, with both time complexity and space complexity being relatively low compared to many other sorting algorithms. It is one of the most efficient sorting algorithms. Therefore, the answer is: Correct.

【Analysis】 This question examines the basic sorting methods of algorithms. Common sorting algorithms include quicksort, shell sort, heap sort, and direct selection sort, which are not stable sorting algorithms, while radix sort, bubble sort, direct insertion sort, binary insertion sort, and merge sort are stable sorting algorithms."	2020	middle	easy
2488	It is best to use the magic wand tool to separate a person from a complex background in an image.	true_false	False	Magic wand	[Answer] In Photoshop, for images with a single background color, the Magic Wand tool can quickly separate the background from the person. For complex backgrounds, the Magic Wand tool's characteristics cannot be utilized effectively. Therefore, the answer is: Incorrect. [Analysis] This question tests the usage characteristics of the Magic Wand tool. The function of the Magic Wand tool is to select areas with similar colors; the larger the tolerance, the larger the range of color selection.	2021	middle	easy
2450	"""Hypertext Transfer Protocol (HTTP)"" defines the rules for communication between browsers and web servers."	true_false	True	Network Protocol	"The answer: The Hypertext Transfer Protocol (HTTP) indeed specifies the rules for communication between browsers and World Wide Web servers. HTTP is an application layer protocol used for transmitting hypertext data (such as HTML), defining the format and rules for communication between browsers and servers. Through HTTP, browsers can send requests to servers to obtain web pages and other resources and interact with the server. Therefore, the answer is: Correct.

Analysis: This question examines the HTTP protocol. HTTP is one of the most common protocols on the World Wide Web, built on top of the TCP/IP protocol as an application layer protocol for enabling communication between clients and servers. HTTP uses a stateless request-response model, where each request is independent and the server does not retain the state of previous requests."	others	middle	easy
4669	Pixels are a technical measure of a digital camera. The higher the pixels of a digital camera, the finer the photos it takes.	true_false	True	Image Processing Concepts and Image Attributes	"[Answer] For digital cameras, the higher the pixel count, the more pixels per unit area, resulting in better color rendering, higher photo quality, and better clarity. Therefore, the answer is: Correct.  
[Analysis] This question tests the understanding of pixels. Pixels refer to the small squares that make up an image, each with a specific position and assigned color value. The color and position of these squares determine the appearance of the image."	2020	middle	easy
2548	A fitness tracker is a typical example of an Internet of Things application.	true_false	True	Applications of the Internet of Things	"Answer: As an intelligent wearable device, a fitness tracker typically includes functions such as exercise monitoring, heart rate monitoring, and sleep monitoring. By connecting to devices like smartphones, it uploads collected data to the cloud for analysis, thereby enabling monitoring and alerts related to user activity and health. Therefore, a fitness tracker is a typical example of an Internet of Things (IoT) application. Thus, the answer is: Correct.

Analysis: This question examines the application of the Internet of Things. The Internet of Things (IoT) refers to using various information sensing devices, internet technology, and data processing technology to achieve interconnection and intercommunication between various items, enabling intelligent connectivity and information sharing between devices. IoT applications are widespread, extending beyond fitness trackers to include smart homes, smart cities, intelligent transportation, smart healthcare, and many other fields."	2022	middle	easy
9505	The more animation effects are set for objects in PowerPoint, the stronger the presentation's expressiveness.	true_false	False	Evaluation of multimedia works	"【Answer】 In PowerPoint, setting too many animation effects for an object may make the presentation seem cluttered. Therefore, the answer is: False.  
【Analysis】 This question examines the creation of PowerPoint presentations. The quality of a PowerPoint presentation depends not only on the animation effects but also on the content and the presentation format, among other factors."	2021	middle	easy
5210	Pressing the F12 shortcut key provides a preview of a completed webpage.	true_false	True	The basic process of website development	"[Answer] When creating a webpage, using F12 allows you to browse the webpage. Therefore, the answer is: Correct.  
[Analysis] This question tests webpage design browsing."	others	middle	easy
7010	Generally speaking, for ease of viewing and editing, it is best to use systematic Chinese naming for files and folders on a website.	true_false	False	Site folder	"[Answer] Generally, files and folders in a website are named using English. Therefore, the answer is: Incorrect.  
[Analysis] This question examines website file management."	2020	middle	easy
867	As the Internet is a global distributed system, millions of information providers find it difficult to supply information according to a set protocol, leading to an organized state of information across the entire Internet.	true_false	False	The history of the Internet's development	"[Answer] The Internet is a massive network formed by connecting networks, linked by a set of common protocols, creating a logically single, vast international network. The organization of information on the Internet is orderly. Therefore, the answer is: Incorrect. 

[Analysis] This question tests knowledge related to the Internet. The Internet is a compilation of global information resources. It is aimed at the exchange of information resources, based on some common protocols, and is established through many routers and the public internet. It is a collection of information resources and resource sharing."	others	middle	easy
9521	The MP3 format is a popular music format on the internet today and is a type of lossless audio format.	true_false	False	Multimedia materials###Multimedia Data Compression	"【Answer】 The MP3 file format is a lossy audio format. Therefore, the answer is: False.\\
【Analysis】 This question examines file formats. Images, videos, digital music, and other multimedia files stored using encoding formats like JPEG, MPEG, and MP3 are subject to lossy compression."	2020	middle	easy
8508	When setting up a computer, the hard drive is generally partitioned and formatted first, followed by software installation.	true_false	True	Information processing tool	"[Answer] The basic procedure for setup: Partition the new drive → Format → Reinstall the system. Therefore, the answer is: Correct.  
[Analysis] This question tests knowledge of computer system reinstallation. Partitioning refers to dividing a complete hard drive into sections, such as the C and D drives after the system is installed. Formatting means cleaning the divided partitions, removing their content to prepare for the new system installation. Reinstalling the system involves placing the installation program directly into the partitioned and formatted C drive."	others	middle	easy
134	Network bandwidth is like the lanes of a highway; the greater the bandwidth, the more lanes there are, allowing more cars to pass through.	true_false	True	Bandwidth and network transmission rate	[Answer] Network bandwidth is a unit of measurement for data transmission speed. The larger the bandwidth, the more information can be transmitted per unit of time. Therefore, the answer is: correct. [Analysis] This question tests basic network knowledge. Network bandwidth refers to the amount of data that can be transmitted in a unit of time (usually one second). Bandwidth is one of the metrics for assessing network data transmission capacity.	others	middle	easy
2306	"Using Photoshop's ""Layer Styles"" allows you to easily and quickly create image effects with 3D, shadow, and other textures and lighting effects."	true_false	True	Layer style settings	"Answer: In Photoshop, layer styles apply to the entire layer and include options such as drop shadow, inner shadow, outer glow, inner glow, bevel, and emboss. Therefore, the answer is: correct.  
Analysis: This question tests the setting of Photoshop layer styles. A layer with a layer style will display an 'f' icon."	2020	middle	easy
6924	In Flash MX, animations are divided into three categories: keyframe animation, motion tween animation, and shape tween animation.	true_false	False	Types and Creation of Animation	"[Answer] Types of Flash animations: Tween animation, Guided animation, Mask animation. Therefore, the answer is: Incorrect.
[Analysis] This question examines the classification of Flash animations. The creation process of the three types of animations must be remembered."	2021	middle	easy
3441	Radio frequency identification technology can simultaneously identify multiple objects; however, it cannot identify objects moving at high speed.	true_false	False	Radio Frequency Identification	"[Answer] Radio Frequency Identification (RFID) technology can simultaneously identify multiple objects and distinguish different tags through various frequencies and encoding methods. Additionally, RFID technology can achieve identification even in high-speed objects. Therefore, the answer is: incorrect.

[Analysis] This question examines radio frequency identification technology. RFID is an automatic identification technology that enables non-contact identification of objects and is widely used in logistics, inventory management, security monitoring, traffic management, animal identification, and other fields. Different types of RFID systems have different requirements for high-speed objects, and an appropriate RFID system should be selected based on the specific application scenario."	2023	middle	easy
5201	Xara3D is a 3D animation software with a simple interface and powerful features.	true_false	True	Animation production and playback software	[Answer] Xara3D complete localized version is a powerful 3D animated text design software. Therefore, the answer is: Correct. [Analysis] This question examines the Xara3D software. Xara3D can design animated text for special occasions and offers excellent design solutions in handling advertising text, video text, 3D captions, pop-up advertisement text on websites, etc. The software boasts numerous features and offers a very simple design method.	others	middle	easy
6257	To enhance security awareness in a big data environment, we should not casually download unknown software or apps.	true_false	True	Big Data Security Prevention	"[Answer] Unknown software or apps may steal our privacy. In the environment of big data, we should enhance our awareness and avoid downloading these unknown software or apps. Therefore, the answer is: Correct. 

[Analysis] This question examines big data security precautions. For individuals, in today's rapidly developing internet and mobile communication device society, we need to pay attention to protecting our privacy and have a stronger sense of precaution. When using software, do not blindly enable various permissions, do not download unknown software or apps, and do not casually expose your information online."	others	middle	easy
2465	Double-clicking the form interface with the mouse opens its code window for coding.	true_false	True	Programming environment	"[Solution] Double-click the form or control where you want to write code, and a code window will pop up, allowing you to start writing code. Therefore, the answer is: Correct. 

[Analysis] This question tests VB programming. You can also open the code window to write code using the following methods: right-click on the form or control and select ""View Code"" from the pop-up menu; click ""View"" and then choose ""Code Window"" on the ""View"" page, etc."	others	middle	easy
827	"The file extension for a Python program is "".py""."	true_false	True	Saving the program and file extension	"[Answer] The file extension for a Python program is "".py"". Therefore, the answer is A. [Analysis] This question examines the file extension of a program."	others	middle	easy
6278	The concept of logistics was first developed in the United States.	true_false	True	Types and Applications of Information Systems	"[Answer] The concept of logistics was first formed in the United States, originating in the 1930s. It originally meant ""physical distribution"" or ""goods delivery."" In 1963, it was introduced to Japan, where it meant ""circulation of goods."" After the 1970s, the term ""logistics"" gradually replaced ""circulation of goods"" in Japan. Therefore, the answer is: correct.

[Analysis] This question examines the development of logistics. China defines logistics as the process in which, during the physical flow of goods from the supply location to the receiving location, functions such as transportation, storage, loading and unloading, packaging, circulation processing, distribution, and information processing are organically combined to meet user needs."	others	middle	easy
8361	A database can contain tables, queries, forms, and reports.	true_false	True	Data analysis tool	"Answer: The main objects of an Access database include seven types: tables, queries, forms, reports, data access pages, macros, and modules. Therefore, the answer is: Correct.

Analysis: This question examines Access databases."	others	middle	easy
130	"The general process of analyzing big data is ""training data to generate a model --- collecting data --- using the model to evaluate new data"". ( )"	true_false	False	The concept and process of data analysis	"[Answer] The general process of big data analysis usually includes the following steps: collecting data, training data to generate a model, and using the model to evaluate new data. Data needs to be collected first, followed by using it to generate a model. Therefore, the answer is: incorrect.

[Analysis] This question examines the process of big data analysis. Big data analysis refers to the process of processing and analyzing large-scale data sets to discover useful information, patterns, and insights."	2022	middle	easy
235	When using Xara3D for logo animation production, you can also add animation effects to the text.	true_false	True	Create logo animation	"[Solution] Users can create unique logos with Xara3D by adding animation effects to make text move, blink, rotate, etc., making the logo more vivid and attention-grabbing. Therefore, the answer is: Correct. 

[Analysis] This question examines animation production using Xara3D. Xara3D is a professional 3D text and graphics creation software developed by Xara Group Limited. It features a user-friendly interface and powerful text effect functions, allowing for the creation of unique 3D text and logo designs."	2023	middle	medium
557	Data visualization refers to the intuitive and vivid presentation of data analysis results in easily understandable forms such as graphics, images, and animations. The most common form of data visualization is charts.	true_false	True	Definition and Role of Data Visualization	"Explanation: Data visualization refers to presenting data through visual forms such as graphics, images, and animations, making it more intuitive and easier to understand. Charts are one of the most common forms of data visualization, and can be used to show trends in data, compare relationships between different datasets, display data distribution, etc. Therefore, the answer is: Correct.

Analysis: This question examines data visualization. Besides charts, data visualization can also be presented in other forms such as maps, heat maps, word clouds, flowcharts, etc. When choosing the appropriate form of data visualization, it is important to consider the characteristics of the data and the analytical needs. Attention should also be paid to the accuracy and clarity of the visualization to avoid misunderstandings and confusion."	2023	middle	easy
559	"In Flash software operations, for using external audio and image materials, Flash uses the ""import first, then call"" method."	true_false	True	The application of image materials###Application of Audio Materials	"[Solution] The materials used in Flash software need to be imported into the library first, and then called onto the stage. The library is equivalent to the backstage of a performance, where actors need to prepare before going on stage. Thus, the answer is: Correct. 

[Analysis] This question tests the method of using materials in Flash software. Library: The library is a place for storing elements such as components, sounds, videos, and images. Objects in the library can be repeatedly called, achieving resource sharing. What's inside the library is a class, and dragging it out onto the stage becomes an instance, or object."	others	middle	easy
1100	In Flash 8, external mp3 sound files can be imported into the library.	true_false	True	Application of Audio Materials	"[Answer] In Flash 8, you can import external MP3 sound files into the library. There are three types of Flash symbols: graphic symbols, button symbols, and movie clips. Therefore, this statement is correct.  
[Analysis] This question tests the use of audio in Flash."	others	middle	easy
841	The sampling rate of sound refers to the number of audio data samples collected per second, which determines the frequency range of an audio file. The higher the sampling rate, the more faithful the sound reproduction.	true_false	True	The concept and process of multimedia digitization	The answer: The audio sampling rate refers to how many times a recording device samples an analog signal per unit of time, which determines the frequency range of the audio file. The higher the sampling rate, the more faithful the sound reproduction. Thus, the answer is: Correct. Analysis: This question examines the audio sampling rate. The process of converting an analog audio signal into a digital audio signal is called sampling, which simply means using waveform sampling to record the sound length of one second, requiring how many data points.	2020	middle	easy
9494	Intelligent robots do not possess sensory abilities. (   )	true_false	False	The Basic Concepts of Robots	"【Answer】 Intelligent robots have perception capabilities. Therefore, the answer is: False.  
【Analysis】 This question examines the basic concepts of robots. The abilities of intelligent robots include perception capability, thinking capability, and behavior capability."	2022	middle	easy
2559	In Python's file editing mode, once the program is written, it can only be run and debugged using the F5 shortcut key.	true_false	False	Program creation	[Answer] In Python's file editing mode, once the program is completed, it can be run and debugged using the F5 shortcut key, or debugged through the menu Run -> Module. Therefore, the answer is: Incorrect. [Analysis] This question examines the debugging of Python programs. Debugging is an important step in computer programming.	others	middle	easy
1676	Charts generated in Excel cannot be inserted into the presentation. (　　)	true_false	False	Insertion and Setup of Charts	"【Answer】 In the Microsoft Office suite, there is good integration between programs like Excel and PowerPoint. Users can create charts in Excel and then directly insert these charts into PowerPoint presentations to showcase data and trends. Therefore, the answer is: incorrect.  
【Analysis】 This question examines chart insertion. Data updating: If the data in Excel changes, you can update the data in the chart by selecting the chart in PowerPoint and then clicking ""Refresh Data."" Chart style: After inserting into PowerPoint, you can adjust the chart's style, color, etc., as needed to better fit the presentation's style."	2024	middle	easy
1695	The development of society relies on information and knowledge as important resources and is based on sustainable development.	true_false	True	Definition and Development of the Information Society	"【Answer】 In an information society, the development of society uses information and knowledge as important resources, is people-oriented, and is based on sustainable development. Therefore, the answer is: Correct.
【Analysis】 This question examines the development of society. An information society refers to a new social form and a new stage of social development based on information activities."	others	middle	easy
1759	Dynamic interactive effects on webpages can be achieved through behaviors.	true_false	True	Adding special effects and editing code	"Answer: Interactive dynamic effects can be achieved on a webpage through behavior. Therefore, the answer is: Correct.

Analysis: This question examines the characteristic dynamic effects of a webpage. Interactive dynamic webpages, as an upgraded version of static webpages, have a more precise and detailed classification compared to static webpages. The classification of interactive dynamic webpages includes: 1. Pages where information can be fed back to the upper layer, 2. Pages where information can be fed back to the lower layer, 3. Pages that manage information."	others	middle	easy
2322	z1 is a file format for three-dimensional model files. ( )	true_false	True	Model preservation	"【Answer】 z1 is one of the formats for 3D model files. However, z1 is not a common or widely used 3D model file format. Therefore, the answer is: Correct.

【Analysis】 This question examines the format of 3D model files. Common 3D model file formats include, but are not limited to, OBJ, STL, FBX, 3DS, DAE, etc. These formats are used to store, transmit, and exchange data information of 3D models."	2023	middle	easy
2458	In Word 2010, inserted hyperlinks can be edited and modified.	true_false	True	Text hyperlink	"[Answer] In Word 2010, inserted hyperlinks can be edited and modified. Therefore, the answer is: correct. 

[Analysis] This question examines Word hyperlinks. In Word 2010, hyperlinks can connect document content to other documents, web pages, emails, etc., facilitating cross-document and cross-media information interaction and retrieval for readers. Users can modify already inserted hyperlinks, such as changing the link text or modifying the link address. To edit a hyperlink, you can select the link text, then right-click on the text and choose the ""Edit Hyperlink"" option, or use the shortcut ""Ctrl + Click"" to directly enter edit mode. In the hyperlink dialog box, users can modify the hyperlink address, opening method, screen tips, and other information."	2022	middle	easy
7106	Word data analysis reports automatically combine key text with charts to vividly express viewpoints, making them concise and logically clear without any manual input, suitable for presentation and sharing.	true_false	False	Data Analysis Report and Production	"[Answer] A Word report is detailed and comprehensive, capable of presenting the data analysis process completely through a combination of detailed text and charts, suitable for archiving or for others to review. Therefore, the answer is: incorrect.

[Analysis] This question tests the use of Word for data analysis reports. A PowerPoint report can combine key text and charts to express points concisely and with a clear logical relationship, making it suitable for presentation and sharing."	others	middle	easy
8746	The transport layer can only operate on the services provided by reliable network protocols. ( )	true_false	False	Network architecture	"【Answer】 The transport layer is not limited to reliable network protocols; it can operate over both reliable and unreliable network protocols. The main function of the transport layer is to provide end-to-end communication services, ensuring reliable data transmission, flow control, and congestion control. Therefore, the answer is: incorrect.

【Analysis】 This question examines the network architecture. The transport layer not only provides reliable transmission but also includes congestion control mechanisms to prevent performance degradation due to network congestion. Understanding congestion control is crucial for optimizing network performance."	others	middle	easy
8371	micro:bit can simultaneously use Bluetooth and 2.4G wireless communication.	true_false	False	Open source software	Answer: The Micro:bit cannot use Bluetooth and 2.4G wireless communication simultaneously. By default, it only uses 2.4G wireless communication and disables Bluetooth communication. To use Bluetooth, you need to add the Bluetooth communication package, which will automatically disable the 2.4G wireless communication package. Therefore, the answer is: false. Analysis: This question tests Micro:bit programming. The Micro:bit is a microcomputer development board launched by the BBC in the UK for youth programming education.	2021	middle	easy
5956	There is no need for repeated adjustments and continuous refinement in the creation of animated works.	true_false	False	Testing and playback of the video	"【Answer】 No matter what kind of work it is, continuous testing and improvement are necessary. Therefore, the answer is: False.  
【Analysis】 This question examines the testing and broadcasting of animated works."	2021	middle	easy
5216	In Windows Live Movie Maker, the edited video files can only be saved in .mp4 format.	true_false	False	Output of video files	[Answer] The default format for saving edited video files in Windows Live Movie Maker is .wlmp, but it can also be saved as .wmv. Therefore, the answer is: False. [Analysis] This question examines the file-saving capabilities of movie-making software. Videos created with Windows Live Movie Maker can be saved in wmv format based on the user's needs. The software prompts that it will be saved as: windows media video, which is a wmv file. The edited video file in movie-making is called a project, and the default format for saving is .wlmp.	others	middle	easy
7012	Records in the Access data table cannot be filtered by the specified criteria.	true_false	False	Concepts and Types of Data	"[Answer] In an Access data table, records can be filtered through queries. Queries can specify multiple criteria for filtering and can also sort records according to specified sorting methods. Therefore, the answer is: False.  
[Analysis] This question examines record filtering. In Access, you can use queries to search and filter data, and also use forms to conveniently input, view, and modify data."	2022	middle	easy
3294	A website often has its own main color tone, and choosing website colors should consider the site's theme, target audience, and personal preferences.	true_false	True	Website color scheme	"[Answer] When creating a website, you first need to consider the content of the website, then decide on which tone to use, and select a reasonable color scheme. Therefore, the answer is correct.

[Analysis] This question examines the main theme of a website. When creating a website, color coordination is very important, as each website often has its own characteristics."	2020	middle	easy
3578	Compared to traditional manufacturing, 3D printing holds a significant advantage in the production of diverse (personalized) products.	true_false	False	3D Printing Technology and Basic Process	"[Answer] Although 3D printing has certain advantages in multi-variety (personalized) production, traditional manufacturing remains competitive in large-scale production. The advantage of a specific manufacturing method depends on the needs and scale of the particular application. Therefore, the answer is: Incorrect.

[Analysis] This question examines the advantages of 3D printing technology. 3D printing technology allows the production of parts with complex shapes and structures, which are difficult to achieve with traditional manufacturing methods. By layering materials, 3D printing can create complex structures that are difficult or impossible to process with traditional methods, making it very suitable for producing personalized or customized products in certain fields."	others	middle	easy
5010	By utilizing the Alpha transparency attribute, different transparency effect animations can be created.	true_false	True	Flash document properties settings	"[Answer] In Flash animation, different transparency effects are created by setting the Alpha transparency attribute. Therefore, the answer is: True. 

[Analysis] This question examines the Alpha attribute. The method to set transparency in Flash is as follows: Open the Flash software and create a new animation from the template; click ""OK"" to create a new default template animation; click to select the object in the scene whose transparency you want to adjust; in the ""Window"" menu --- ""Properties,"" or press Ctrl+F3 to bring up the properties panel; click the ""Color Effect"" on the properties panel and select ""Alpha"" under ""Style""; drag the slider after ""Alpha"" to adjust the transparency of the selected object, where 100% is opaque and 0% is fully transparent."	others	middle	easy
3888	The extension for an Excel file is ``.doc''.	true_false	False	Software extension	[Answer] The file extension for Excel is `.xlsx`, while `.doc` is the file extension for Word documents. Therefore, the statement is incorrect. [Analysis] This question examines file extensions. `.xls` is the file format generated by Excel 2003 and earlier versions, while `.xlsx` is for Excel 2007 and later versions.	2018	middle	easy
4225	When creating web pages, using cascading style sheets can easily achieve consistent styling of text and tables across the entire website.	true_false	True	Creation and Design of Subpages	"【Answer】 When creating web pages, to ensure coordinated and uniform styles for the text and tables across the entire website, we can use Cascading Style Sheets (CSS). Therefore, the answer is: Correct.

【Analysis】 This question primarily tests the application of Cascading Style Sheets (CSS). CSS is a computer language used to describe the styles of files like HTML (an application of Standard Generalized Markup Language) or XML (a subset of Standard Generalized Markup Language). CSS can not only statically style web pages but also dynamically format various elements on web pages in conjunction with different scripting languages. CSS allows for pixel-level precise control of the layout of elements on a web page, supports almost all font sizes and styles, and has the capability to edit web object and model styles."	2020	middle	medium
10062	Artificial intelligence creativity has surpassed that of humans, and there is no longer a need to cultivate human innovation.	true_false	False	Intelligent creativity	"Answer: Artificial intelligence is invented by humans. Although it currently has many functions similar to humans, it will not surpass humans. Therefore, the answer is: False.

Analysis: This question concerns the creativity of artificial intelligence. The creativity of artificial intelligence and human creativity each have their own merits, but human creativity is the result of brain thought processes, which artificial intelligence lacks."	others	middle	easy
4494	Using a mobile phone to scan a QR code is part of the information encoding process.	true_false	False	Barcode and QR code	"[Answer] Using a smartphone to scan a QR code is a decoding process. Therefore, the answer is: Incorrect.

[Analysis] This question examines QR codes. A QR code itself is already encoded information. When a QR code is generated, a specific encoding method is used to convert information into a set of black and white patterns. Through scanning and decoding, this set of patterns can be converted back to the original information."	2022	middle	easy
7424	In the VJC1.5 simulation software, we can use light sources, sound sources, obstacles, and colored bands to create various robotic simulation operating environments.	true_false	True	Robot simulation system	"【Answer】 The VJC1.5 simulation software is used for creating various robot simulation environments utilizing light sources, sound sources, obstacles, and colored strips. Hence, the answer is: Correct.

【Analysis】 This question examines the VJC1.5 simulation software. The VJC1.5 simulation version is a very useful WER robot programming software, which is a graphical programming software based on the C language, helping users to program more effectively."	others	middle	easy
5965	Any image format includes layer information.	true_false	False	Image file format	"【Answer】 PSD format stores layer information, not all image formats have layers. Therefore, the answer is: False.  
【Analysis】 This question examines image formats. Common image formats include JPG, BMP, GIF, PSD, etc."	others	middle	easy
8759	Tuniu Travel Network allows booking hotels and purchasing flight tickets, and is an e-commerce website.	true_false	True	Featured website	"【Answer】 Tuniu is a trading platform where commercial transactions can be conducted, and it belongs to an e-commerce website. Therefore, the answer is: correct. 

【Analysis】 This question examines specialty websites. An e-commerce platform is a site that provides a platform for online transactions and negotiations for businesses or individuals."	2021	middle	easy
8276	Different development purposes have different requirements for the design of works.	true_false	True	The basic process of creating animated works	"[Answer] Different development purposes lead to different requirements for design works. Therefore, the answer is: Correct.  
[Analysis] This question examines animation design. Flash works can take various forms based on their development purposes, such as presentations, teaching materials, product demonstrations, slideshows, or even games."	others	middle	easy
8855	An information system contains five elements.	true_false	True	Components of an Information System	"Answer: An information system includes five basic elements: hardware, software, data, communication networks, and users. Therefore, the answer is: correct.

Analysis: This question examines the elements of an information system. The hardware in an information system is the physical equipment that people can see and touch. Software is the foundation for the normal operation of the information system, while data is an important resource within the system. For an information system to successfully send, receive, convert, and transmit information, a communication network is essential. Users are a critical element of the information system because it exists to facilitate people's lives and work."	others	middle	easy
9513	In Excel, you can set the row height to a specified value.	true_false	True	The process of creating a table	"【Answer】 In Excel, both row height and column width can be set to specified values. Therefore, the answer is: True.  
【Analysis】 This question examines setting row height in Excel. To set the row height, you can select the cell, click ""Format"" ------ ""Row Height"", and set the row height to a specified value."	others	middle	easy
