index	question	category	answer	knowledge	analysis	year	grade_level	difficulty_level
6822	"The following options are computer operating systems:  
A. Windows  
B. Linux  
C. Unix  
D. WPS"	multiple_answer_choice	A, B, C	System software, application software, and features	"Common operating systems include: Windows, macOS, Linux, Google Chrome OS, iOS, Android, Huawei HarmonyOS, etc. Therefore, the answer is A, B, C.  
Analysis: This question examines operating systems. An operating system is a set of interrelated system software programs that manage and control computer operations, utilize and run hardware, software resources, and provide public services to organize user interaction.  
True or False Question"	2023	middle	easy
6805	"What are the three basic characteristics of data security?  
A. Availability B. Usability C. Confidentiality D. Integrity"	multiple_answer_choice	A, C, D	Common Cybersecurity Issues	"[Answer] Data security includes three basic characteristics: availability, confidentiality, and integrity. Usability is not a basic characteristic of data security. Therefore, the answers are ACD.  
[Analysis] This question examines the basic characteristics of data security."	others	middle	easy
10053	"Among the following options, which is a method of obtaining sound? 
A. Extract background music from a video file 
B. Extract sound from a CD 
C. Use recording software to record sound 
D. Use a scanner to obtain sound"	multiple_answer_choice	A, B, C	Acquisition of audio materials	"[Answer] The three methods to obtain sound include extracting from video files, extracting sound from CDs, and using a recorder; using a scanner obtains image files. Therefore, the answer is ABC.

[Analysis] This question tests the acquisition of audio materials. Audio can be obtained from source CDs, resource libraries, online searches, CDs, VCDs, existing tapes, other media, or recorded using the system's built-in recorder or Mvbox."	others	middle	easy
6420	"What are the applicable scenarios for an exclusive data transmission method?

A. Video call B. Web browsing
C. Online gaming D. File transfer
E. High real-time requirement F. High data integrity requirement"	multiple_answer_choice	A, C, E	Data communication	"Answer: Common application scenarios for exclusive transmission include file transfer and video streaming, which require high bandwidth and real-time performance. Examples include online video streaming and online gaming. Thus, the answer is ACE.

Analysis: This question examines exclusive transmission. Exclusive transmission refers to a method where the entire communication channel is occupied during data transmission. In exclusive transmission, the sender exclusively uses the communication resources, and the receiver cannot use the channel for communication during this period. This method is characterized by high transmission efficiency, allowing large amounts of data to be transmitted in a relatively short time."	others	middle	easy
9142	"The main methods for acquiring video materials are (   ).
A. Resource library B. Courseware
C. Material CDs D. Recording with a camera"	multiple_answer_choice	A, B, C, D	Acquisition of video material	"[Answer] A: A resource library is a common way to obtain video materials. It collects a large number of video materials, including film clips, animations, special effects, etc. By accessing resource library websites or using related software, you can browse, search, and download the video materials you need.  
B: Courseware refers to teaching courseware, presentations, etc., which may contain video materials. By obtaining courseware or presentations, you can extract the video materials within for your own video production.  
C: Material discs are another way to obtain video materials. Similar to audio material discs, material discs store various types of video materials, such as movie clips, special effects materials, etc. By purchasing or borrowing material discs, you can obtain diverse video material resources.  
D: Filming with a camera is an active way of obtaining video materials. By filming real scenes, human actions, etc., with your own camera, you can acquire original video materials. This method is suitable for"	others	middle	easy
6808	"Common material collection tools include (    ).  
A. Digital camera  
B. Digital camcorder  
C. Scanner  
D. Recording equipment"	multiple_answer_choice	A, B, C, D	Viewing, browsing, and obtaining image materials###Acquisition of video material###Acquiring animation assets###Acquisition of audio materials	"[Answer] Digital cameras and digital camcorders are used for capturing static images and dynamic video footage, scanners are used for digitizing paper materials, and recording devices are used for collecting audio materials. These tools can meet the requirements for collecting various types of materials. Therefore, the answer is: ABCD.

[Analysis] This question examines material collection tools. In addition to the aforementioned tools, there are other types of material collection tools, such as audio interfaces and special effects equipment, which can be chosen based on specific needs. In the digital age, mobile devices such as smartphones and tablets can also be used for material collection due to their portability and high-quality shooting capabilities, and they are widely used."	others	middle	easy
6815	"WPS Spreadsheet can accomplish the following tasks: 
A. Create tables B. Data computation and analysis
C. Create charts D. Video editing"	multiple_answer_choice	A, B, C	Purpose and Tools of Data Organization	"[Answer] WPS Spreadsheets is a spreadsheet software primarily used for creating and managing spreadsheets but cannot edit videos. Therefore, the answer is: ABC.

[Analysis] This question tests the functions of WPS Spreadsheets. In practical applications, WPS Spreadsheets can help users manage data and create spreadsheets more efficiently. Additionally, WPS Spreadsheets has many advanced features, such as pivot tables, conditional formatting, sorting and filtering, and spreadsheet protection, which can further enhance work efficiency."	2023	middle	easy
10044	"The main characteristics of a micro-course include:  
A. Suitable for mobile learning and fragmented learning  
B. A brief video presentation  
C. Includes a complete instructional design  
D. Focuses on a single, important topic"	multiple_answer_choice	A, C, D	The application of multimedia technology	"[Answer] The characteristics of micro-lessons include: host lecturing; streaming media playback; shorter teaching time; less teaching content; smaller resource capacity; refined instructional design; classic demonstration cases; primarily self-directed learning; simple and practical production; accompanying related materials. Therefore, the answer is ACD.

[Analysis] This question tests the understanding of micro-lessons. Micro-lessons only cover one or two knowledge points, without a complex curriculum or numerous teaching goals and target audiences. They may seem unsystematic and lack comprehensiveness, leading many to refer to them as ""fragmented."" However, micro-lessons are designed for specific target groups, conveying specific knowledge content. Each micro-lesson itself still requires systematicity, and the knowledge expressed by a set of micro-lessons still needs comprehensiveness."	others	middle	easy
10054	"Common file extensions for web pages: ( )
A. HTM B. DOC C. HTML D. PSD"	multiple_answer_choice	A, C	Webpage files and formats	Answer: The file extensions for web pages include htm, html, JSP HTML, php, ASP dynamic web files, PHP/PHP3, PHTML, etc., determined by the web page language. Therefore, the answers are: AC. Analysis: This question mainly examines web page file extensions. doc is a document file extension, psd is an image file extension.	others	middle	easy
