index	question	category	answer	knowledge	analysis	year	grade_level	difficulty_level
2375	"A store purchases products at a unit price of 40 yuan and sells them for 50 yuan, being able to sell 500 units. After market research, it was found that if the unit price of each product increases by 1 yuan, the sales volume will decrease by 10 units. To ensure a profit of 8000 yuan, at what price should each product be sold? Xiao Ming sets up the equation (500 - 10x)(10 + x) = 8000 based on the problem's conditions. Which of the following interpretations of this equation is incorrect? 
A. The unknown x means the price of each product has increased by x yuan.
B. The unknown x means the price of each product is x yuan.
C. The expression (500 - 10x) represents the sales volume.
D. The expression (10 + x) represents the profit per product."	multiple_answer_choice	B	The Practical Application of Quadratic Equations - Sales Problems	nan	2024	middle	medium
2922	"Among the following triangles, the equilateral triangle is (     ):
A. A triangle with two angles equal to \(60^\circ\);
B. An isosceles triangle with one angle equal to \(60^\circ\);
C. A triangle with all three exterior angles (one at each vertex) equal;
D. An isosceles triangle where the median to one leg is also the height from that leg."	multiple_answer_choice	A, B, C, D	The properties of a perpendicular bisector of a line segment###Criteria for Equilateral Triangle###The concept of an isosceles triangle	nan	2023	middle	medium
765	"The following statement is incorrect ( ):
A. \(\frac{23}{7}\) is not a rational number B. A rational number is either positive or negative
C. The number which is its own opposite is 0 D. The number whose absolute value is itself is positive"	multiple_answer_choice	A, B, D	Classification of Rational Numbers###The meaning and properties of opposites###The concept and significance of absolute value	nan	2024	middle	easy
757	"If the quadratic surds \(\sqrt{m - 10}\) and \(\sqrt{27}\) can be combined, then m can be (     )
A. 13 B. 22 C. 58 D. 64"	multiple_answer_choice	A, B, C	The simplest quadratic surd###Similar quadratic surds	nan	2024	middle	easy
767	"The correct statements are (     )
A. A circle has an infinite number of diameters.
B. A line segment connecting any two points on a circle is called a chord.
C. A line segment passing through the center of a circle is a diameter.
D. Circles that can coincide are called congruent circles."	multiple_answer_choice	A, B, D	The related concepts of circles	nan	2024	middle	easy
319	"Four people, A, B, C, and D, each write a letter to one of the other three, with the ways of choosing recipients being equally likely. What is the probability that there exist two people who receive each other's letters? 

A. \(\frac{2}{3}\) B. \(\frac{5}{9}\) C. \(\frac{17}{27}\) D. \(\frac{55}{81}\)"	multiple_answer_choice	C	Calculation of the probability of compound events	"Answer: Solution: Consider two situations, \
① When only two people receive each other's letters, there are 6 cases: A-B, A-C, A-D, B-C, B-D, C-D. \
For example, for A-B, the probability that A writes to B is \( \frac{1}{3} \), and B writes to A is \( \frac{1}{3} \). \
In this scenario, there are two subcases: one where C writes to D, which has a probability of \( \frac{1}{3} \), and D not writing to C has a probability of \( \frac{2}{3} \); \
Another subcase is where C does not write to D, which has a probability of \( \frac{2}{3} \). \
Thus, the probability for A-B is \( \frac{1}{3} \times \frac{1}{3} \times \left( \frac{"	2023	middle	hard
1114	"The group of numbers below that is not a Pythagorean triple is (     )
A. 3, 4, 5 B. 1, \(\sqrt{2}\), \(\sqrt{3}\) C. 6, 8, 10 D. 2, 3, 5"	multiple_answer_choice	B, D	Pythagorean triple	Solution: A. Because \(3^{2} + 4^{2} = 5^{2}\), therefore 3, 4, 5 are Pythagorean triples, which do not meet the requirements; B. Because \(1^{2} + {(\sqrt{2})}^{2} = {(\sqrt{3})}^{2}\), but since 1, \(\sqrt{2}\), \(\sqrt{3}\) are not integers, therefore 1, \(\sqrt{2}\), \(\sqrt{3}\) are not Pythagorean triples, which meets the requirements; C. Because \(6^{2} + 8^{2} = 10^{2}\), therefore 6, 8, 10 are Pythagorean triples, which do not meet the requirements; D. Because \(2^{2} + 3^{2} = 13 \neq 5^{2}\), therefore	2021	middle	easy
2433	"The equation among the following where the solution is x=2 is (   )
A. x - 1 = 3 B. 2x = 1 C. 3x - 1 = 2x + 1 D. 2(x - 4) = 1"	multiple_answer_choice	C	Determine whether it is a solution of a linear equation in one variable.	nan	others	middle	medium
2681	"Rotate a regular n-sided polygon by 90° or 120°, and it can coincide with itself, then n can be (    )
A. 90 B. 120 C. 2022 D. 2023"	multiple_answer_choice	B	The nature of rotation###Rotationally symmetric figure	nan	2023	middle	medium
