index	question	category	answer	knowledge	analysis	year	grade_level	difficulty_level
635	Given that the radius of circle \( \odot O \) is 4, if the point P is inside \( \odot O \), then \( OP > 4 \).	true_false	False	The relationship between a point and a circle	nan	2024	middle	easy
1125	True or False: In a right triangle, if one acute angle is \(35{^\circ}\), the other acute angle is \(55{^\circ}\).	true_false	True	The properties of a right triangle	nan	2022	middle	easy
1136	In the function \( y = \frac{x + 1}{2 - x} \), the variable \( x \) can take all real numbers except \( x = 2 \).	true_false	False	The conditions under which a fraction is meaningless.###Domain of the function's independent variable	nan	2024	middle	easy
981	In circle \( \odot O \), if chord \( AB \) is equal in length to the radius, then the central angle subtended by chord \( AB \) is 60 degrees.	true_false	False	Criteria and Properties of Equilateral Triangles###The relationship between central angles, arcs, and chords	nan	2024	middle	easy
980	In a plane Cartesian coordinate system, the point \(P(x,y)\) undergoes a transformation to become the point \(P^{'}(-y + 1, x + 2)\). We call the point \(P^{'}(-y + 1, x + 2)\) the terminal point of \(P(x,y)\). It is known that the terminal point of \(P_{1}\) is \(P_{2}\), the terminal point of \(P_{2}\) is \(P_{3}\), and the terminal point of \(P_{3}\) is \(P_{4}\), and so on, resulting in \(P_{1}\), \(P_{2}\), \(P_{3}\), \(P_{4}\), \ldots, \(P_{n}\). If the coordinates of point \(P_{1}\) are \((2,0)\), then the coordinates of point \(P_{2023}\) are \ul{	true_false	False	Coordinates of a point	nan	2024	middle	easy
625	The expression \(\sqrt{x - 2}\) is meaningful when \(x \geq 2\).	true_false	False	The condition for a quadratic radical to be meaningful	nan	2023	middle	easy
629	For the operation \(a \odot b = \frac{\sqrt{a^{2} + b^{2}}}{a - b}\), \(4 \odot (-3) = 5\)	true_false	False	Mixed operations of real numbers (including square roots)	"Solution: Since \(a \odot b = \frac{\sqrt{a^{2} + b^{2}}}{a - b},\)
Therefore, \(4 \odot (-3) = \frac{\sqrt{4^{2} + (-3)^{2}}}{4 - (-3)} = \frac{5}{7}\),
Thus the answer is: \(\frac{5}{7}\).

Analysis:
This problem primarily examines real number operations under a new definition. Substitute the values into the new definition \(a \odot b = \frac{\sqrt{a^{2} + b^{2}}}{a - b}\) to calculate."	2024	middle	easy
639	To make the number of students in both Class A and Class B equal, transferring x students from Class A to Class B is modelled by the equation 50 - x = 46 + x	true_false	False	The Practical Application of Linear Equations - Mixture Problems	Solution: Transfer x people from Class A to Class B, then the number of people in Class A is 50-x, and in Class B is 46+x. According to the problem: 50-x=46+x. Therefore, the answer is: 50-x=46+x. Analysis: Establish an equation based on the problem statement to find the answer.	others	middle	easy
640	The inequality 3x - 1 ≥ 2 correctly represents the statement that the difference between three times x and 1 is not less than 2.	true_false	False	Form a linear inequality with one variable.	nan	2024	middle	easy
770	The product \(24 \times 35 \times a\) is definitely a multiple of \(2\), \(3\), and \(5\) (\(a\) is a natural number greater than zero\)). (Determine true or false.)	true_false	True	Characteristics of numbers divisible by 2###Characteristics of numbers divisible by 5	Solution: Since 24×35=840, and 840=2×3×5×28, therefore, 840 must be a multiple of 2, 3, and 5. Therefore, the product of 24×35×a must also be a multiple of 2, 3, and 5 (where a is a natural number greater than zero). Hence, the answer is: correct. Analysis: First, calculate the product of 24 and 35, which is 840. Then decompose 840 into 2×3×5×2×2×7, confirming it is a multiple of 2, 3, and 5, thus leading to the conclusion.	2023	middle	easy
1126	Determine true or false: The only natural number less than 2 is 1.	true_false	False	The concepts of natural numbers and integers	[Answer] Solution: The integers less than 2 are 1 or 0, and only 1 is incorrect; therefore, the answer is: incorrect. [Analysis] This question mainly requires students to distinguish the range of integers. The currently studied range of integers is natural numbers, from which the problem can be solved.	others	middle	easy
779	"The number of subscriptions to ""Young Students' Friend"" and the total amount of money are directly proportional."	true_false	True	The concept of direct proportionality function	nan	2023	middle	easy
1129	A bar graph is the best tool for Xiaofang to analyze the changes in her math scores over the past six years.	true_false	False	Selection of statistical charts	nan	2023	middle	easy
783	All prime numbers are odd, and all composite numbers are even. (   )	true_false	False	Understanding Odd and Even Numbers###Prime numbers and composite numbers	"Answer: A prime number is a natural number greater than 1 that has no other factors besides 1 and itself. An odd number is an integer that cannot be divided by 2. A composite number is an integer greater than 1 that is divisible by numbers other than 1 and itself (excluding 0). An even number is an integer that can be divided by 2. Counterexamples: 2 is an even number but also a prime number; 9 is a composite number but an odd number. Therefore, not all prime numbers are odd, and not all composite numbers are even. Hence, the original statement is incorrect.

Therefore, the answer is: Incorrect.

Analysis: Based on the definitions of prime numbers, odd numbers, composite numbers, and even numbers, the counterexamples 2 (an even and prime number) and 9 (a composite and odd number) show that not all prime numbers are odd, and not all composite numbers are even. Thus, the original"	2023	middle	easy
786	In the same plane, the positional relationships between two lines can only be parallel, intersecting, or perpendicular.	true_false	False	The positional relationships of lines in a plane	nan	2024	middle	easy
979	The polynomial \(3qr - r^{2} + \frac{4}{7}q^{2}r^{3} - 13\) arranged in ascending powers of \(r\) is \(-13 + 3qr - r^{2} + \frac{4}{7}q^{2}r^{3}\).	true_false	False	Power arrangement	nan	2024	middle	easy
1131	If three people, A, B, and C, divide oranges in the ratios \(3:4:5\) or \(7:9:11\), the number of oranges B receives remains unchanged.	true_false	True	The application of ratios	"[Solution] Explanation: According to the given conditions: The proportion of oranges allocated to group B is \(\frac{4}{3 + 4 + 5} = \frac{1}{3}\) or \(\frac{9}{7 + 9 + 11} = \frac{1}{3}\), thus the original statement is correct. Therefore, the answer is: Correct.

[Analysis] Determine the proportion of oranges allocated to group B based on the properties of ratios, \(\frac{4}{3 + 4 + 5}\) or \(\frac{9}{7 + 9 + 11}\). Calculate these to ascertain the proportion of oranges allocated to group B in both scenarios, and use this to judge the statement."	2024	middle	easy
1118	Given that A ÷ B = 1.5, then the simplest integer ratio of A to B is 3:2.	true_false	False	The application of ratios###Simplify the ratio	nan	2023	middle	easy
1121	\(-a\) is a negative number if \(a\) is positive.	true_false	False	The concept of algebraic expressions	"[Solution] When \(a \leq 0\), \(-a\) is a non-negative number. When \(a > 0\), \(-a\) is a negative number. Therefore, saying \(-a\) is always a negative number is incorrect. Thus, the answer is: incorrect.
[Analysis] Solve based on the definition of the algebraic expression."	2022	middle	easy
1127	If two-thirds of number A equals one-half of number B, then A:B = 4:3.	true_false	False	Find the ratio.###Simplify the ratio	nan	2024	middle	easy
1335	Given that integers \(x\), \(y\), and \(z\) satisfy \(xy + yz + zx = 118\), the minimum value of \(x^{2} + y^{2} + z^{2}\) is 117.	true_false	False	Symmetric form and cyclic symmetric form	"Solution: Because \((a - b)^{2} = a^{2} + b^{2} - 2ab \geq 0\), 

therefore \(a^{2} + b^{2} \geq 2ab\),

therefore \(x^{2} + y^{2} \geq 2xy, x^{2} + z^{2} \geq 2xz, y^{2} + z^{2} \geq 2yz\),

therefore \(2x^{2} + 2y^{2} + 2z^{2} \geq 2xy + 2xz + 2yz\),

which means \(x^{2} + y^{2} + z^{2} \geq xy + xz + yz = 118\),

thus the answer is: 118.

Analysis: Using the perfect square formula \((a - b)^{2} ="	2024	middle	hard
1352	If the equation \(mx^{2m - 1} + (m - 1)x - 2 = 0\) in terms of \(x\) is a linear equation, then its solution is \ul{　 　}.	true_false	False	Solve a linear equation with a parameter coefficient###Classification discussion	"Solution: According to the problem, 2m-1=1 or 2m-1=0 or m=0. \\
When 2m-1=1, i.e., m=1, the original equation becomes x-2=0, x=2; \\
When 2m-1=0, i.e., m=0.5, the original equation becomes 0.5-0.5x-2=0, x=-3; \\
When m=0, the original equation becomes -x-2=0, x=-2. \\
In summary, the solutions are x=2, x=-3, or x=-2. \\
Therefore, the answer is: x=2, x=-3, or x=-2. \\
Analysis: Based on the characteristics of a linear equation with one variable, we can conclude there are three cases: 2m-1=1, 2m"	others	middle	hard
2937	A sector with a central angle of 60° is definitely larger in area than a sector with a central angle of 40°. (True or false)	true_false	False	Understanding of Sectors	"Answer: To calculate the area of a sector, you need to know both the central angle and the radius. Without the radius, you cannot calculate the area, nor can you compare the sizes of areas. Therefore, the answer is: incorrect. 

Analysis: Calculating the area of a sector requires knowing the radius and the central angle. Knowing only the central angle without the radius makes it impossible to calculate the sector's area or compare sizes."	others	middle	medium
2517	Determine true or false. A line segment with both endpoints on the circle must be a diameter.	true_false	False	Understanding Circles and Pi	"[Answer] Only a line segment that passes through the center and has both ends on the circle is called a diameter. \\
Thus the answer is: False.  
[Analysis] Answer based on the definition of a diameter."	others	middle	medium
2755	A cylinder and a cone with equal volume and base area will have the cone's height being three times that of the cylinder.	true_false	True	Volume of a cylinder###Volume of a cone	Answer: Solution: Assume both the volume and base area are 1, then the height of the cone is 1×3÷1=3, and the height of the cylinder is 1÷1=1, so the cone's height is three times the height of the cylinder. The original statement is correct. Therefore, the answer is: Correct. Analysis: The volume of a cylinder = base area × height, the volume of a cone = base area × height × \(\frac{1}{3}\). If you assume both the volume and base area are 1, you can calculate the height and determine the multiple relationship.	others	middle	medium
2929	If the radius of the base of a cylinder remains constant, the greater the height, the larger its lateral surface area.	true_false	True	Calculation of a cylinder	"Solution: Since the radius of the cylinder's base remains unchanged, the base area of the cylinder remains unchanged. According to the fact that the lateral surface of the cylinder unfolds into a rectangle, where the length of the rectangle is the circumference of the base of the cylinder and the width of the rectangle is the height of the cylinder, it follows that the greater the height, the larger the lateral area. Therefore, the answer is: Correct.

Analysis: Based on the fact that the generatrix (height) of the cylinder equals the width of the unfolded rectangle, and the circumference of the base equals the length of the rectangle."	others	middle	medium
3210	Determine true or false: Any drawn distance on a drawing is less than the actual distance.	true_false	False	Scale	[Answer] The distance on an enlarged scale map is greater than the actual distance; the original statement is incorrect. Therefore, the answer is: incorrect. [Analysis] There are two types of scales: one is an enlarged scale where the map distance is greater than the actual distance; the other is a reduced scale where the map distance is less than the actual distance.	others	middle	medium
3206	Isosceles trapezoids and right trapezoids are special trapezoids. (True or False)	true_false	True	Trapezoid	"Solution: 

Isosceles trapezoid: A trapezoid with two equal legs is called an isosceles trapezoid; thus, it can be concluded that an isosceles trapezoid is a special type of trapezoid.

Right trapezoid: A trapezoid with one right angle is called a right trapezoid.

From this, we can see that isosceles trapezoids and right trapezoids are special trapezoids, so the original statement is correct. 

Therefore, the answer is: Correct.

Analysis: This can be determined based on the definitions of isosceles trapezoids and right trapezoids."	others	middle	medium
1894	The integers whose absolute values are greater than 1 and less than 4 are 2 and 3.	fill_in_the_blank	False	Absolute value and the absolute value of rational numbers.###Comparison of Rational Numbers	[Solution] Solution: The integers whose absolute values are greater than 1 and less than 4 are \(\pm 2\) and \(\pm 3\). Therefore, the original statement is incorrect. Thus, the answer is: incorrect. [Analysis] The solution can be obtained based on the properties of absolute values and the method of comparing rational numbers.	2022	middle	medium
4976	If \( a > 0 \) and \( b < 0 \), then \( a - b > 0 \).	fill_in_the_blank	True	Addition of rational numbers###Subtraction rule for rational numbers	[Answer] According to the subtraction of rational numbers, subtracting a number is equivalent to adding its opposite. Therefore, a-b is equivalent to adding two positive numbers, so a-b > 0. Hence the answer is: correct. [Analysis] Based on the problem statement, subtracting a negative number from a positive number results in a positive number.	2017	middle	easy
5558	The airplane ascends (-30) meters, which means it first ascends 30 meters and then descends 30 meters.	fill_in_the_blank	False	Understanding and Application of Positive and Negative Numbers	"[Answer] Solution: The statement ""the plane ascends by -30 meters"" actually means it descends by 30 meters, so the original statement is incorrect. Therefore, the answer is: Incorrect. [Analysis] Solve by understanding the meaning of positive and negative numbers, as well as the concept and representation of opposite values."	2022	middle	easy
4981	Divide 10 tons of goods evenly into 5 parts, each part is \(\frac{1}{5}\) ton.	fill_in_the_blank	False	"Recognition and Identification of the Unit ""1""###To find what fraction one number is of another."	nan	2023	middle	easy
5546	Two lines parallel to the same straight line are parallel to each other.	fill_in_the_blank	True	Parallel axiom and corollary	nan	2024	middle	easy
711	The three elements of a number line refer to the origin, positive direction, and unit length. ( )	fill_in_the_blank	True	Number line and the representation of rational numbers on the number line.	"【Answer】Solution: In mathematics, the three elements of a number line are the origin, positive direction, and unit length.
Therefore, the answer is: Correct.
【Analysis】The solution can be derived based on the definition of a number line."	2019	middle	easy
838	A rectangular prism with equal length and width will have 4 equal faces.	fill_in_the_blank	False	An Introduction to Three-Dimensional Shapes	"Answer: As shown in the figure:

A rectangular prism has equal length and width, then this rectangular prism has 2 equal faces.

Therefore, the answer is: Incorrect (×)

Analysis: The solution can be found based on opposite faces of the rectangular prism being equal."	2021	middle	easy
835	Among 8, \(- 4\), \(\frac{1}{2}\), 0, and \(- 3\frac{1}{7}\), there are 3 positive numbers.	fill_in_the_blank	False	Use positive and negative numbers to represent quantities with opposite meanings.	nan	2023	middle	easy
5549	The radius of the base of a cylinder is expanded to 3 times the original size while the height remains unchanged, resulting in the volume of the cylinder increasing to 9 times the original.	fill_in_the_blank	True	Volume of a cylinder	nan	2023	middle	easy
5541	"Determine
18 can be evenly divided by 9, and 18 can also be divided completely by 9."	fill_in_the_blank	True	The Meaning of Divisibility	"Solution: 18 ÷ 9 = 2, thus it can be said that 19 is divisible by 9, and 18 can be divided by 9, which is correct.
Therefore, the answer is: correct.
Analysis: If the quotient of integer a divided by integer b (where both a and b are not 0) is an integer with no remainder, then it can be said that a is divisible by b, or b divides a."	others	middle	easy
5413	Both Class 6(1) and Class 6(2) had 40 attendees today, so the attendance rate for these two classes is the same.	fill_in_the_blank	False	The meaning and reading/writing of percentages	nan	2024	middle	easy
5473	\(\frac{(x + 2)(x - 5)}{(2 + x)(5 - x)}\) = -1.	fill_in_the_blank	True	Simplification of fractions	"[Solution] Answer: Since \(\frac{(x + 2)(x - 5)}{(2 + x)(5 - x)}\) = -1, 

Therefore, \(\frac{(x + 2)(x - 5)}{(2 + x)(5 - x)}\) = -1 is correct.

Thus, the answer is: correct.

[Analysis] Use the basic properties of fractions to cancel out the common factors in the numerator and denominator of the fraction to make a judgment."	others	middle	easy
704	The circumference of a semicircle is half the circumference of the circle.	fill_in_the_blank	False	Circumference of a circle	"[Answer] According to the problem:  
The circumference of the semicircle is:   
The circumference of half the circle is:  
∴ The circumference of the semicircle is not half of the circle's circumference,  
Therefore, the answer is: False.  
[Analysis] First, draw the diagrams that meet the conditions, then make a judgment."	2023	middle	easy
5755	The areas of two circles with equal circumference are also necessarily equal.	fill_in_the_blank	True	Circumference of a circle###Area of a circle	"Solution: \(C = 2\pi r\). If two circles have equal circumference, then their radii are equal. \(S = \pi r^{2}\). Circles with equal radii have equal area. Therefore, the answer is: Correct.

Analysis: The answer can be obtained using the formulas for the circumference and area of a circle."	2024	middle	easy
709	When solving a proportion, for computational convenience, you can multiply the inner terms and the outer terms. ( )	fill_in_the_blank	False	The properties of ratios	"【Answer】Solution: When solving a proportion, to simplify the calculation, make the product of the two inner terms equal to the product of the two outer terms.\\
【Analysis】The answer can be determined based on the properties of proportions."	2020	middle	easy
702	1 is a factor of 1, 2, 3, 4, 5, and so on.	fill_in_the_blank	True	A method to find the factors of a number	"【Answer】 1 is a factor of 1, 2, 3, 4, 5, etc. The statement is correct.
Therefore, the answer is: Correct
【Analysis】 1 is a factor of all numbers."	others	middle	easy
3553	The multiples of 6 are only 6, 12, 18, 24, 30.	fill_in_the_blank	False	Method for finding the multiple of a number	[Answer] Solution: There are an infinite number of multiples of 6, the statement in the original question is incorrect. Therefore, the answer is: incorrect. [Analysis] The number of multiples of a number is infinite, and the smallest multiple of a number is itself.	others	middle	medium
5402	An angle of \(120{^\circ}\), drawn on paper at a scale of \(1:3\), results in an angle of \(40{^\circ}\) on the paper.	fill_in_the_blank	False	Comparison of angle size	nan	2024	middle	easy
6048	x and y are two related quantities (both x and y are not zero). If \(3x = 7y\), then x and y are inversely proportional.____	fill_in_the_blank	False	Quantities in direct proportion and their significance	nan	2023	middle	easy
843	The reciprocal of a proper fraction is always greater than 1, and the reciprocal of an improper fraction is always less than 1.	fill_in_the_blank	False	The reciprocal of a rational number###Proper fractions and improper fractions.	"Solution: Because a fraction whose numerator is smaller than its denominator is called a proper fraction, the reciprocal of a proper fraction will have a numerator larger than the denominator, hence it is greater than 1. Because a fraction whose numerator is greater than or equal to its denominator is called an improper fraction, and an improper fraction is greater than or equal to 1, the reciprocal of an improper fraction will be less than or equal to 1. Therefore, the original statement is incorrect. The answer is: incorrect.
Analysis: A fraction whose numerator is smaller than its denominator is called a proper fraction. A fraction whose numerator is greater than or equal to its denominator is called an improper fraction. The judgment can be made based on the definitions of proper and improper fractions combined with the definition of reciprocals.
True or False question."	2024	middle	easy
2285	The lateral area of a cylinder plus the areas of its two bases is the surface area of the cylinder.	fill_in_the_blank	True	Lateral surface area and total surface area of a cylinder.	"[Answer] Solution: Based on the concept of the surface area of a cylinder, we know that the sum of the lateral surface area and the areas of the two bases equals the total surface area of the cylinder. The statement in the question is correct.  
Therefore, the answer is: Correct.  
[Analysis] A cylinder consists of two circular bases and one lateral surface, so: Surface area of a cylinder = (Area of the base × 2) + Lateral surface area."	others	middle	medium
3554	Chalk is the most common cylinder.	fill_in_the_blank	False	Features of a Cylinder	[Answer] A cylinder consists of two equal bases and one lateral surface, while the two bases of a piece of chalk are not equal. Therefore, the answer is: Incorrect [Analysis] The answer can be determined based on the characteristics of a cylinder.	others	middle	medium
5464	The number A is \(\frac{1}{5}\) more than the number B, then the number B is \(\frac{1}{5}\) less than the number A. (      )	fill_in_the_blank	False	To find what fraction one number is of another.	"Answer: Solution: Since \(\frac{1}{5} \div (1 + \frac{1}{5}) = \frac{1}{5} \div \frac{6}{5} = \frac{1}{6},\)

Therefore, B is \(\frac{1}{6}\) less than A.

So A is \(\frac{1}{6}\) more than B, while B is \(\frac{1}{6}\) less than A.

Therefore, the answer is: incorrect.

Analysis: Consider B as 1, then A is 1+\(\frac{1}{5}\)=\(\frac{6}{5}\). Using the difference between the two numbers, \(\frac{1}{5}\), divided by A, we can determine how much less B is compared to A."	2023	middle	easy
1892	The least common multiple of two numbers is always greater than these two numbers. (   )	fill_in_the_blank	False	Methods for finding the least common multiple of several numbers	Solution: For example, the least common multiple of 4 and 8 is 8, which is equal to one of the numbers. Therefore, the answer is: incorrect. Analysis: When two numbers have a multiple relationship, their least common multiple is the larger number.	2021	middle	medium
3397	Determine if true or false: \(\frac{2}{7} \times \frac{3}{7} = \frac{5}{7}\)	fill_in_the_blank	False	Multiplying Fractions by Fractions	Solution: \( \frac{2}{7} \) × \( \frac{3}{7} \) = \( \frac{6}{49} \), indicating the original statement is incorrect. Therefore, the answer is: Incorrect. Analysis: To solve this problem, use the rule for multiplying fractions to obtain the result, then determine the correctness based on the obtained result.	others	middle	medium
3731	2x + 1 ≠ 0 is an inequality.	fill_in_the_blank	True	Solutions and solution set of the inequality	Solution: Because 2x+1≠0 contains an inequality sign, therefore the expression is an inequality. Thus, the answer is: √. [Analysis] The answer can be determined based on the definition of an inequality.	others	middle	medium
3051	Three points determine a circle.	fill_in_the_blank	False	Conditions for determining a circle	[Answer] Solution: The statement that three points determine a circle is false. Therefore, the answer is incorrect. [Analysis] Judgment is based on the conditions for determining a circle.	others	middle	medium
3332	"4:5 is read as ""4 to 5"" and can also be written as \(\frac{4}{5}\)."	fill_in_the_blank	True	Reading, writing, and the names of the parts of ratios.	"Answer: The ratio 4:5 is read as ""4 to 5"" and can also be written as \(\frac{4}{5}\). Therefore, the answer is: Correct.  
Analysis: According to the way ratios are written, a ratio can be expressed in the form of a fraction, where the first term of the ratio is the numerator and the second term is the denominator."	others	middle	medium
2272	If number A is 5 times number B (both numbers A and B are not zero), then number B is 20% of number A. ( )	fill_in_the_blank	True	Conversion between percentages and fractions	"Answer: Solution: Since number A is 5 times number B (both numbers are not 0),\\
number B is \(\frac{1}{5}\) of number A = 0.2 = 20%.\\
Therefore, the answer is: Correct.\\
\\
Analysis: Determine how many times number A is compared to number B, which indicates what fraction number B is of number A."	2024	middle	medium
3679	After enlarging or reducing the figure, the resulting figure differs in size compared to the original, but the shape remains the same.	fill_in_the_blank	True	Enlargement and Reduction of Images	[Answer] Solution: Based on the characteristics of enlarging and reducing figures, it is understood that the figure obtained by enlarging or reducing has a different size compared to the original, but the shape remains the same. The original statement is correct. Therefore, the answer is: Correct. [Analysis] After enlarging or reducing a figure, the shape of the figure remains unchanged, while the size changes. This can be determined accordingly.	others	middle	medium
3052	The greatest common divisor of two numbers is always less than or equal to these two numbers. (     )	fill_in_the_blank	False	Methods to find the greatest common divisor of several numbers	"Answer: Solution: For example, the greatest common divisor of 4 and 8 is 4, which equals one of the numbers.  
Therefore, the answer is: False.  
Analysis: When two numbers have a multiple relationship, the greatest common divisor of the two numbers equals the smaller one."	2021	middle	medium
3057	Dividing \(\frac{2}{5}\) by a proper fraction results in a quotient greater than \(\frac{2}{5}\). (     )	fill_in_the_blank	True	Comparison of fractions with the same denominator or numerator.	"Solution: For example, \(\frac{1}{2}\) is a proper fraction. \(\frac{2}{5} \div \frac{1}{2} = \frac{2}{5} \times 2 = \frac{4}{5} > \frac{2}{5}\). Thus, the answer is correct.

Analysis: A proper fraction is one where the numerator is smaller than the denominator. Write a proper fraction and perform the calculation to reach a conclusion."	2024	middle	medium
3398	Determine True or False. A bag of rice weighs 7 kilograms. After eating \(\frac{1}{7}\), \(\frac{6}{7}\) kilograms remain.	fill_in_the_blank	False	Fraction multiplication word problems	"Solution: Remaining: \(7 - 7 \times \frac{1}{7} = 7 - 1 = 6\) (kilograms), the original problem contains a calculation error. Therefore, the answer is: incorrect.

Analysis: Taking the weight of this bag of rice as the unit ""1"", the weight consumed can be determined by multiplying the total weight by the fraction consumed, and then subtracting the consumed weight from the total weight to find the remaining weight."	others	middle	medium
3738	A number that is divisible by 3 and 5 is necessarily divisible by 15. (　　)	fill_in_the_blank	True	Characteristics of numbers divisible by 5###The meaning of common multiples and least common multiple	"Solution: A number divisible by both 3 and 5 is also divisible by 15. Therefore, the original statement is correct.  
The answer is: Correct.  
Analysis: A number that is divisible by both 3 and 5 is a common multiple of 3 and 5, with 15 being the least common multiple, so it must be divisible by 15."	2021	middle	medium
5821	After converting \(\frac{1}{7}\) into a decimal, the digit in the 13th place after the decimal point is 1.	fill_in_the_blank	True	Conversion between fractions and decimals	"Solution: \(\frac{1}{7} = 0.142857142857\ldots\), with a repeating cycle of 6 digits. Therefore, \(13 \div 6 = 2\cdots 1\). Thus, the 13th digit is 1. Hence, the answer is: Correct.

Analysis: First, convert \(\frac{1}{7}\) to a decimal: \(\frac{1}{7} = 0.142857142857\ldots\), with a repeating cycle of 6 digits. Using \(13 \div 6 = 2\cdots 1\), it is determined that the 13th digit is 1."	2024	middle	easy
5827	An equation containing letters is called a formula.	fill_in_the_blank	False	Definition and Classification of Equations	"Answer: Explanation: Since an equation containing unknowns is called an equation, therefore an equation containing letters is called an equation, this concept is not the concept of an equation. Thus, the answer is: Incorrect. Analysis: Based on the definition of an equation: an equation that contains unknowns is called an equation, a judgment can be made accordingly. 

IV. Fill in the blanks."	2024	middle	easy
5756	The antecedent of a ratio is equal to the consequent divided by the ratio.	fill_in_the_blank	False	The relationship between ratios and fractions, division	nan	2024	middle	easy
1963	The base diameter and height of a cylinder are equal. When the lateral surface is unfolded along the height, the resulting shape is a square.	calculation	False	The unfolded view of a cylinder	Solution: Since the lateral surface development of a cylinder is a square, it can be concluded that the circumference of the cylinder's base equals its height, i.e., πd = h. Therefore, the base diameter is not equal to the height of the cylinder. Thus, the statement that a cylinder with equal base diameter and height has a square lateral surface development is incorrect. Hence, the answer is: False. Analysis: The lateral surface development of a cylinder is a square, indicating that the circumference of the base equals the height. This forms the basis of the solution. This question mainly tests the understanding that if the lateral surface development of a cylinder is a square, then the circumference of the base equals the height.	others	middle	medium
