index	question	category	answer	knowledge	analysis	year	grade_level	difficulty_level
6066	The vertex coordinates of the parabola \(y = x^{2} - 4x - 3\) are \ul{　 　}.	calculation	\((2, - 7)\)	Others	nan	2023	middle	easy
4723	"Calculate:  
(1) \({( - 3)}^{0} + \sqrt{8} + \sqrt{{( - 3)}^{2}} - \sqrt{6} \div \sqrt{3}\);  
(2) \(\left( 3 + \sqrt{5} \right)\left( 3 - \sqrt{5} \right) - {(\sqrt{3} - 1)}^{2}\)."	calculation	"(1) \(4 + \sqrt{2}\)  
(2) \(2\sqrt{3}\)"	Zero exponentiation###Properties and Simplification of Quadratic Radicals###Multiplication and Division of Square Roots	nan	2023	middle	easy
858	In recent days, flocks of migratory winter birds have continuously arrived at Jiangkou Bird Islet in Hengnan, with increasing species of these birds. To understand the situation of species \(A\) in the area, 40 birds were captured, tagged with identification cards, and released. After some time, it was observed that out of 100 species \(A\) birds, 10 had identification cards. Based on this, it is estimated that there are about \ul{    } species \(A\) birds in this wetland.	calculation	400	Estimate the total quantity using the percentage occupied by the sample.	nan	2024	middle	easy
1155	"Calculate:

(1) Solve the equation: \(\frac{x + 2}{4} - \frac{2x - 3}{6} = 1\)

(2) Solve the system of equations: \(\left\{ \begin{array}{r}
x + 3y = 4 \\
2x - y = 1
\end{array} \right.\ \)

(3) Solve the inequality: \(\frac{1}{2}(x - 3) < \frac{1}{3} - 2x\)"	calculation	"(1) \(x = 0\)  
(2) \(\left\{ \begin{array}{r} x = 1 \\ y = 1 \end{array} \right.\ \)  
(3) \(x < \frac{11}{15}\)"	Solve a linear inequality in one variable.###Solving a linear equation with fractional coefficients###Elimination method to solve a system of linear equations in two variables	nan	2022	middle	easy
5631	"Calculate:
(1) \(( - 20) + 3 - ( - 5) - | - 7|\)
(2) \(\left( - \frac{1}{2} \right) + \left( - \frac{2}{3} \right) - \left( - \frac{1}{2} \right) + \left( - 2\frac{1}{3} \right)\)
(3) \(- \frac{2}{3} + 0.5 + ( - 0.25) + \frac{1}{6}\)
(4) \(\left( - \frac{5}{7} \right) \times \frac{1}{2} + \left( - \frac{1}{2} \right) + 1\frac{2}{5}\)"	calculation	"(1) \(- 19\)  
(2) \(- 3\)  
(3) \(- \frac{1}{4}\)  
(4) \(\frac{19}{35}\)"	Addition and subtraction of rational numbers###The rules of multiplication of rational numbers	nan	2023	middle	easy
1014	"Calculate
(1) \(( - x)^{2} \cdot ( - x)^{5} + x \cdot \left( - x^{2} \right)^{3}\)
(2) \(2(2a + 3b) - (a - 3b)\)"	calculation	"(1) \(- 2x^{7}\)  
(2) \(3a + 9b\)"	Addition and subtraction of polynomials###Multiplication of powers with the same base###The operation of raising a product to a power###Exponentiation of powers	nan	2023	middle	easy
4931	"Calculate:  
(1) \(\sqrt[3]{- 64} + \sqrt{16} + \left| \sqrt{2} - 2 \right| + \left( - \frac{1}{2} \right)^{- 1}\);  
(2) \(\left( a^{3} \right)^{2} \times ( - 2a)^{3} \div \left( - a^{2} \right)\)."	calculation	"(1) \(- \sqrt{2}\)  
(2) \(8a^{7}\)"	Multiplication of powers with the same base###Division of powers with the same base###Negative integer exponentiation	nan	2023	middle	easy
673	Calculate: \(a^{2} \cdot a^{4} + \left( - 2a^{2} \right)^{3} + a^{8} \div a^{2}\).	calculation	\(- 6a^{6}\)	Multiplication of powers with the same base###Division of powers with the same base###Law of Combining Like Terms and Its Applications###The operation of raising a product to a power	nan	2024	middle	easy
4155	"Calculate the following problems.
(1) \((m + n)^{2} - (m + n)(m - n) - 2mn\);
(2) \(5x^{2} \cdot x^{4} - 3\left( x^{3} \right)^{2} + \left( - x^{3} \right)^{2}\)."	calculation	"(1) \(2n^{2}\)  
(2) \(3x^{6}\)"	Multiplication of powers with the same base###The mixed operations of polynomials###The operation of raising a product to a power###Exponentiation of powers	nan	2023	middle	easy
6079	"Solve the equations:
(1) \(3x(x - 1) = 2(x - 1)\)
(2) \(4x^{2} + 8x + 3 = 0\)"	calculation	"(1) \(x_{1} = \frac{2}{3}\), \(x_{2} = 1\)  
(2) \(x_{1} = -\frac{3}{2}\), \(x_{2} = -\frac{1}{2}\)"	Factoring Method for Solving Quadratic Equations	nan	2024	middle	easy
5568	If \(x = -1\) is an extraneous root of the equation \(\frac{1}{x} + \frac{2}{x + 1} = \frac{a}{x^{2} + x}\) with respect to \(x\), then the value of \(a\) is \ul{　 　}.	calculation	\(- 2\)	Solution and Verification of Fractional Equations###Extraneous roots of a fractional equation	nan	2024	middle	easy
5163	First simplify, then evaluate: \(- x^{2}y - \left[ 7xy - 2(4xy - 2) - x^{2}y \right] + 1\), where \(x\) and \(y\) satisfy \(|x - 2024| + (y + 1)^{2} = 0\).	calculation	\(xy - 3\), \(- 2027\)	The non-negativity of absolute value###Simplify and evaluate using addition and subtraction of polynomials.###Find the value of the algebraic expression - direct substitution method.	nan	2024	middle	easy
5448	"The equation of the parabola obtained by translating the parabola \(y = x^{2}\) 1 unit upwards along the y-axis is (     )
A. \(y = x^{2} - 1\) B. \(y = x^{2} + 1\) C. \(y = (x - 1)^{2}\) D. \(y = (x + 1)^{2}\)"	calculation	B	Geometric transformations of quadratic function graphs	nan	2024	middle	easy
1075	We define a new operation concerning non-zero constants m, n, denoted by: \(m\square n = mx + ny\). For example: \(5\square 6 = 5x + 6y\). If \(1\square 2 = 3\) and \(3\square(-2) = 5\), find the values of x and y.	calculation	The values of x and y are 2 and \(\frac{1}{2}\) respectively.	Solve the system of linear equations with two variables.	nan	2024	middle	easy
4665	"Factorization:
(1) \(a(m - 1) + b(1 - m)\).
(2) \(\left( m^{2} + 4 \right)^{2} - 16m^{2}\)."	calculation	"（1）\((a - b)(m - 1)\)
（2）\((m + 2)^{2}(m - 2)^{2}\)"	The concept of common factors###Factorization - Formula Method	nan	2024	middle	easy
4669	"The three line segments of the following lengths cannot form a right triangle (   ):
A. 1, \(\sqrt{2}\), \(\sqrt{3}\)  
B. \(\sqrt{3}\), \(\sqrt{4}\), \(\sqrt{5}\)  
C. 2, 3, \(\sqrt{5}\)  
D. 3, 4, 5"	calculation	B	The converse of the Pythagorean theorem	nan	2024	middle	easy
953	"A piece of clothing originally priced at 80 yuan is sold at a 20% discount during a New Year's promotion, resulting in a profit of 10 yuan. Let the cost of this clothing be x yuan. Based on the given information, the equation can be set up as:

A. \((80 - x) \times 0.8 - x = 10\)  
B. \((80 - x) \times 0.8 = x - 10\)  
C. \(80 \times 0.8 = x - 10\)  
D. \(80 \times 0.8 - x = 10\)"	calculation	D	The Practical Application of Linear Equations - Profit and Loss Problems	nan	2024	middle	easy
743	"Solve the following inequalities (systems).

(1) \(2x - 11 \geq x + 3\)

(2) \(\left\{ \begin{array}{r} x - 3 < 2 \\ 1 - 2x \leq 3 \end{array} \right.\ \)"	calculation	"(1) \(x \geq 14\)
(2) \(-1 \leq x < 5\)"	Solve a linear inequality in one variable.###Solve a system of linear inequalities in one variable.	nan	2024	middle	easy
4399	Solve the inequality: \(1 - \frac{8 + x}{3} \geq \frac{x}{2}\).	calculation	\(x \leq -2\)	Solve a linear inequality in one variable.	nan	2023	middle	easy
871	"Simplify:  
(1) \(- 3x + 2y - 5x - 7y\);  
(2) \(5\left( 3a^{2}b - ab^{2} \right) - 4\left( - ab^{2} + 3a^{2}b \right)\)."	calculation	"(1) \(- 8x - 5y\)  
(2) \(3a^{2}b - ab^{2}\)"	Addition and subtraction of polynomials###Rules of Removing Brackets and Their Application###Law of Combining Like Terms and Its Applications	nan	2024	middle	easy
5836	In an opaque box, there are 7 black pieces and an unspecified number of white pieces, which are identical except for color. A piece is randomly drawn from the box, its color is recorded, and then it is returned to the box. This process is repeated 300 times, during which 100 black pieces are drawn. Estimate that there are \ul{ } white pieces in the box.	calculation	14	Using frequency to estimate probability###Calculation of Simple Event Probability	nan	2023	middle	easy
5172	"Use the properties of equality to find the solutions of the following equations and write out the verification process.
(1) 3 = 2x + 11;
(2) \(\frac{1}{2}x = 4 + \frac{1}{3}x.\)"	calculation	"(1) Solution: Add -2x to both sides of the equation to get 3-2x=11.  
Subtract 3 from both sides to get -2x=8.  
Divide both sides by -2 to get x=-4.  
Check: Substitute x=-4 into the original equation: the left side = 3, the right side = 2(-4)+11 = 3.  
Left side = Right side.  
Therefore, x=-4 is the solution to the original equation.

(2) Solution: Add \(-\frac{1}{3}\)x to both sides of the equation to get \(\frac{1}{6}\)x=4.  
Multiply both sides by 6 to get x=24.  
Check: Substitute x=24 into the original equation: the left side = 12, the right side = 4+\(\frac{1}{3}\)(24) = 12.  
Left"	Solve a linear equation using the properties of equality.	[Analysis] (1) First, add -2x to both sides of the equation to get 3-2x=11. Then, subtract 3 from both sides to get -2x=8. Finally, divide both sides by -2 to get x=-4. Checking by substituting x=-4 into the original equation gives left side = right side = 3, so x=-4 is the solution to the original equation. (2) First, add \(- \frac{1}{3}\)x to both sides to get \(\frac{1}{6}\)x=4. Then, multiply both sides by 6 to get x=24. Checking by substituting x=24 into the original equation gives left side = right side = 12, so x=24 is the solution to the original equation.	others	middle	easy
5019	The graph of a quadratic function passes through points \(A(-1, 1)\) and \(B(3, 1)\) and has a minimum value of \(-2\). Find the expression for this quadratic function.	calculation	\(y = \frac{3}{4}(x - 1)^{2} - 2\)	Method of undetermined coefficients to find the quadratic function expression.	nan	2023	middle	easy
5436	Solve the equation: \(\frac{x - 2}{2x - 1} + 1 = \frac{1.5}{1 - 2x}\)	calculation	No solution	Solve rational equations	nan	2023	middle	easy
5085	Calculate: \(\sqrt{25} + \sqrt[3]{- 8}\)	calculation	(3)	Find the square root.###Cube root (finding the cube root)	nan	2023	middle	easy
5647	Calculate: (1) \(\left| - \sqrt{2} \right| - 2\sin 45{^\circ} + \left( \frac{1}{3} \right)^{- 1}\); (2) \(\sin^{2}45{^\circ} + 2\cos 60{^\circ} - \tan 45{^\circ}\).	calculation	"(1) 3  
(2) \(\frac{1}{2}\)"	Negative integer exponentiation###Mixed operations of trigonometric functions of special angles	nan	2023	middle	easy
4384	First simplify, then evaluate: \(\left\lbrack (2x + y)(2x - y) - (x + y)^2 + 2y^2 \right\rbrack \div x\), where \(x = 1\), \(y = -\frac{1}{2}\).	calculation	\(3x - 2y\); \(4\)	The mixed operations of polynomials	nan	2023	middle	easy
5087	If the simplification of the polynomial \(x^{3} + 2a\left( x^{2} + xy \right) - bx^{2} - xy + y^{2}\) with respect to \(x\) and \(y\) results in a cubic binomial, find the value of \(a^{3} + b^{2}\).	calculation	\(\frac{9}{8}\)	Addition and subtraction of polynomials###Terms, coefficients, and degree of a polynomial###Find the value of the algebraic expression - direct substitution method.	nan	2024	middle	easy
6132	"Solve the rational equation: \(\frac{2}{2 - x} = \frac{x}{x - 2} - 5\);

(2) Simplify: \(\frac{x^{2} - 9}{x^{2} - 6x + 9} \cdot \left( 1 + \frac{1}{x + 3} \right)\)."	calculation	(1) \(x = 3\); (2) \(\frac{x + 4}{x - 3}\)	Addition and subtraction of fractions###Solve rational equations	nan	2024	middle	easy
5101	Simplified calculation: \(2011^{2} - 2007 \times 2015\)	calculation	16	Factorization - Formula Method###Applications of Factoring	nan	2024	middle	easy
1085	"Xiao Ming's process of solving the equation \(\frac{1}{2}x^{2} - 2x - 1 = 0\) is as follows:
Solution: \(x^{2} - 4x - 2 = 0\) ①
\(x^{2} - 4x = 2\) ②
\((x - 2)^{2} = 2\) ③
\(x_{1} = 2 + \sqrt{2}\), \(x_{2} = 2 - \sqrt{2}\) ④
(1) The step where he started to make a mistake is _______ (fill in the number).
(2) Please solve the equation using the correct method."	calculation	"(1) ③  
(2) \(x_{1} = \sqrt{6} + 2, x_{2} = -\sqrt{6} + 2\)"	Solving a quadratic equation by completing the square	nan	2024	middle	easy
5580	Calculate: \(\sqrt{25} - ( - 1)^{2023} + \sqrt[3]{- 27} + \left| 2 - \sqrt{5} \right|\).	calculation	\(1 + \sqrt{5}\)	Find the square root.###Cube root (finding the cube root)	nan	2024	middle	easy
4388	Calculate: \(2\sin 60{^\circ} - \left| \sqrt{3} - 1 \right| + (\pi - 3.14)^{0}\)	calculation	2	Zero exponentiation###Find the trigonometric values of special angles.	nan	2022	middle	easy
5834	Given the polynomial \(2x^{2} + bx + c\) is factored as \(2(x - 3)(x + 1)\), then \(b + c =\)\ul{　 　}.	calculation	\(- 10\)	The concept of factorization	nan	2023	middle	easy
4719	"Calculate:
(1) \(\sqrt{12} - 4\cos 30{^\circ} + (3.14 - \pi)^{0} + \left| 1 - \sqrt{2} \right|\).
(2) Simplify first, then evaluate \(\frac{x - 2}{x - 1} \div \left( x + 1 - \frac{3}{x - 1} \right)\), where \(x\) is a solution to the quadratic equation \(x^{2} + 2x - 3 = 0\)."	calculation	"(1) \(\sqrt{2}\)  
(2) \(\frac{1}{x + 2}\); \(\frac{1}{3}\) or \(-1\)"	Simplification and evaluation of rational expressions###Factoring Method for Solving Quadratic Equations###Find the trigonometric values of special angles.	nan	2023	middle	easy
4946	"Calculate:

(1) \(2^{-2} - \left| \sqrt{5} - 4 \right| + \sqrt{(-4)^{2}}\);

(2) \(\left( \sqrt{45} + \sqrt{75} \right) - \left( 9\sqrt{\frac{1}{27}} - \sqrt{5} \right)\)."	calculation	"(1) \(\frac{1}{4} + \sqrt{5}\)  
(2) \(4\sqrt{5} + 4\sqrt{3}\)"	Addition and Subtraction of Quadratic Radicals###Mixed operations of quadratic radicals	nan	2023	middle	easy
135	"In the rectangular coordinate system \(xOy\), for any three points \(A,B,C\), the ""rectangular area"" is defined as follows: the ""horizontal base"" \(d\) is the maximum difference in x-coordinates between any two points; the ""vertical height"" \(h\) is the maximum difference in y-coordinates between any two points. Therefore, the ""rectangular area"" \(S = dh\). For example, for the coordinates of points \(A,B,C\) as \((1,2),(-3,1),(2,-2)\), the ""horizontal base"" \(d = 5\), the ""vertical height"" \(h = 4\), and the ""rectangular area"" \(S = dh = 20\). Solve the following problems based on the given definition:
(1) If the coordinates of points \(D,E,F\) are \((-1,2),(2,-1),(0,6)\),"	calculation	"Solution: 

(1) Given points D(-1, 2), E(2, -1), F(0, 6):  
Thus, \(a = 2 - (-1) = 3\), \(h = 6 - (-1) = 7\),  
Therefore, \(S = ah = 3 \times 7 = 21\).

(2) Given points D(2, 3), E(2, -1), F(t, -2):  
Since the x-coordinates of D and E are the same,  
Thus, \(a = |2 - t|\), \(h = 3 - (-2) = 5\),  
Therefore, \(S = ah = 5|2 - t|\),  
When \(t > 2\), \(S = 5|2 - t| = 5t - 10\),  
When \(t < 2\), \(S ="	Coordinates and Properties of Figures###Piecewise function	"[Analysis]
(1) Create a diagram, use the new definition in the problem to find the lengths of a and h, and substitute them into ah to obtain the corresponding ""rectangular area"";
(2) Use the new definition in the problem to find the corresponding \(a\), h, then you can find the corresponding ""rectangular area"";
(3) Assume the coordinates of point F as (\(x\), 0), then conduct a case analysis for when point F is to the left of point D, i.e., \(x < -1\); when point F is between points D and E, i.e., \(-1 < x < 2\); and when point F is to the right of point E, i.e., \(x > 2\). Find the value of \(x\) in each case, and use the equation ah = 20 to find the coordinates of point F."	2024	middle	hard
860	The distance between the two points \(M(0, 4)\) and \(N(0, -5)\) in a rectangular coordinate system is \ul{　 　}.	calculation	9	The distance formula between two points in a coordinate system.	nan	2024	middle	easy
1372	"Calculate or simplify:  
(1) \(3^{-1} + {(\pi - 2019)}^{0} + |- \frac{2}{3}|\)  
(2) \({(2x)}^{3} \cdot (-5xy^{2}) \div {(-2x^{2}y)}^{2}\)  
(3) \((x + 2y - 3)(x - 2y + 3)\)  
(4) Simplify and find the value of: \({(2a - 1)}^{2} + 6a(a + 1) - (3a + 2)(3a - 2)\), where \(a^{2} + 2a + 2020 = 0\)"	calculation	"(1) Solution: \(3^{-1} + {(\pi - 2019)}^{0} + | - \frac{2}{3}|\)  
= \(\frac{1}{3} + 1 + \frac{2}{3}\)  
= 2  

(2) Solution: \({(2x)}^{3} \cdot ( - 5xy^{2}) \div {( - 2x^{2}y)}^{2}\)  
= \(- 8x^{3} \cdot 5xy^{2} \div 4x^{4}y^{2}\)  
= \(- 10\)  

(3) Solution: \((x + 2y - 3)(x - 2y + 3)\)  
= \(\lbrack x + (2y - 3)\rbrack\lbrack x - (2y - 3"	Operations on Real Numbers###The mixed operations of polynomials###Simplify and evaluate using mixed operations of polynomials.	[Analysis] (1) Simplify and solve based on the properties of real numbers; (2) Solve using the multiplication and division rules for monomials; (3) Solve using exponentiation formulas; (4) First simplify using the rules for polynomial operations, then substitute as a whole to evaluate.	2020	middle	hard
4714	"Calculate:  
(1) \((-4) - (+8) - (-7)\);  
(2) \(\left( \frac{1}{2} + \frac{5}{6} - \frac{7}{12} \right) \times (-24)\);  
(3) \(-1^{2022} - (1 + 0.5) \times \frac{1}{3} \div 4\);  
(4) \(-4 \times (-5) - 12 \div (-6)\)"	calculation	"(1) \(- 5\);  
(2) \(- 18\);  
(3) \(- \frac{9}{8}\);  
(4) \(22\)."	Rules for mixed operations of addition, subtraction, multiplication, and division of rational numbers###Addition and subtraction of rational numbers###Rules of Mixed Operations for Rational Numbers (Including Exponentiation)	nan	2023	middle	easy
4164	"Solve the equations:
(1) \({(x + 1)}^{2} = 9\);
(2) \(x^{2} + 4x + 1 = 0\)"	calculation	"(1) \(x_{1} = 2, x_{2} = -4\)  
(2) \(x_{1} = -2 + \sqrt{3}, x_{2} = -2 - \sqrt{3}\)"	Direct Methods for Solving Quadratic Equations###Method for Solving Quadratic Equations with a Formula	nan	2024	middle	easy
3127	"Xiao Ying, while completing a ""social survey"" assignment, needed to investigate the income of city delivery workers. He learned that labor companies encourage delivery personnel's work enthusiasm by calculating salaries using the method ""monthly total income = basic salary (fixed) + delivery order bonus."" The survey provided the following information:

| Delivery Worker | Xiao Li | Xiao Yang |
|-----------------|---------|-----------|
| Monthly Delivery Orders | 292 | 273 |
| Monthly Total Income (Yuan) | 3384 | 3346 |

The bonus per delivery order is \(a\) yuan, and the delivery worker's monthly basic salary is \(b\) yuan.

(1) Set up a system of equations to find the values of \(a\) and \(b\);
(2) If the monthly delivery orders exceed 300, the bonus per excess order increases by 1 yuan. Assuming the monthly delivery orders are \(x\) and the monthly total income is \(y\)"	calculation	"(1) \(a = 2, b = 2800\) 
(2) \(y = \left\{ \begin{matrix} 
2x + 2800 & (0 \leq x \leq 300) \\ 
3x + 2500 & (x > 300) 
\end{matrix} \right.\ \), when the total monthly income is not less than 5200 yuan, at least 900 orders must be delivered per month."	Other Applications of Systems of Linear Equations in Two Variables###The application of linear inequalities with one variable###Other Applications of Linear Functions	nan	2022	middle	medium
1432	"For any three-digit number n, if n satisfies that each digit is distinct and none of them are zero, then n is called a ""heterogeneous number."" By swapping any two digits of a ""heterogeneous number,"" three different new three-digit numbers can be obtained. The quotient of the sum of these three new three-digit numbers by 111 is denoted as F(n). For example, if n=123, by swapping the hundreds and tens digits, you get 213; by swapping the hundreds and units digits, you get 321; by swapping the tens and units digits, you get 132. The sum of these three new three-digit numbers is 213+321+132=666, and 666÷111=6, hence F(123)=6. 
(1) Calculate: F(243), F(617);
(2) If s and t are both ""heterogeneous numbers,"" where s=100x+32 and t=150+y (1≤"	calculation	"(1) Solution: F(243) = (423 + 342 + 234) ÷ 111 = 9;  
F(617) = (167 + 716 + 671) ÷ 111 = 14.

(2) Solution: Since s and t are ""distinct numbers,"" s = 100x + 32, t = 150 + y,  
Therefore, F(s) = (302 + 10x + 230 + x + 100x + 23) ÷ 111 = x + 5,  
F(t) = (510 + y + 100y + 51 + 105 + 10y) ÷ 111 = y + 6.  
Since F(t) + F(s) = 18,  
x + 5 + y + 6 = x + y + 11 = 18,  
Thus, x + y = 7.  
Since 1 ≤ x"	Applications of Factoring###Application of Linear Equations in Two Variables	"Analysis: (1) According to the definition of F(n), substitute n=243 and n=617 into F(n) to obtain the conclusion; (2) From \(s=100x+32\) and \(t=150+y\) combined with \(F(s)+F(t)=18\), a system of linear equations in two variables x and y can be derived. Solving these yields the values of x and y, and based on the definition of ""distinct numbers"" along with the definition of F(n), the values F(s) and F(t) can be determined. Substitute these into \(k= \(\frac{F(s)}{F(t)}\)\) to find the maximum value."	2020	middle	hard
2825	"Yucai School organized seventh and eighth-grade teachers to participate in a seminar within the province, requiring the rental of buses to transport teachers to and from the school and the seminar location. The rental company currently offers two types of buses: one with 25 seats and another with 45 seats.

(1) It is known that the rental cost per day for a 25-seat bus is 80 yuan cheaper than that of a 45-seat bus. On the first day, the school rented 2 buses with 45 seats and 5 buses with 25 seats, paying a total of 1,140 yuan in rental fees. What is the rental cost per day for each 25-seat and 45-seat bus?

(2) On the second day, since the learning content is mainly targeted at seventh-grade teachers, eighth-grade teachers do not need to attend. Therefore, the bus rental plan needs to be adjusted. There are two options:

Option one: Rent only 25-seat buses"	calculation	"(1) The daily rental fee for a 25-seat bus is 140 yuan per vehicle, and for a 45-seat bus, it's 220 yuan per vehicle.  
(2) Plan one costs 840 yuan, plan two costs 660 yuan, and plan two saves more money."	The Practical Application of Linear Equations: Scheme Selection Problem	nan	2024	middle	medium
856	If one root of the quadratic equation \(ax^{2} + bx + 5 = 0\) concerning \(x\) is \(x = -1\), then the value of \(2024 - a + b\) is \ul{　 　}.	calculation	(2029)	The roots of a quadratic equation.###Finding the value of an algebraic expression - holistic substitution method for finding values.	nan	2024	middle	easy
403	"If the quadratic equation in x, a\(x^{2}\)+bx+c＝0 (a≠0), has two real roots, and one root is 1 greater than the other, such an equation is called a ""neighbor root equation."" For example, the quadratic equation \(x^{2}\)+x＝0 has two roots \(x_{1}\)＝0 and \(x_{2}\)＝﹣1, so the equation \(x^{2}\)+x＝0 is a ""neighbor root equation.""
(1) Determine by calculation whether the following equations are ""neighbor root equations"":
① \(x^{2}\)﹣x﹣6＝0;
② 2\(x^{2}\)﹣2\(\sqrt{3}\)x+1＝0.
(2) Given that the equation in x, \(x^{2}\)﹣(m﹣1)x﹣m＝0 (where m is a constant"	calculation	(1) \(x^{2} - x - 6 = 0\) is not a consecutive roots equation; \(2x^{2} - 2\sqrt{3} + 1 = 0\) is a consecutive roots equation. (2) \(m = 0\) or \(m = -2\). (3) \(t_{max} = 4\)	Method for Solving Quadratic Equations with a Formula###Factoring Method for Solving Quadratic Equations###The relationship between the roots and coefficients of a quadratic equation (Vieta's formulas)###Application of the Completing the Square Method	nan	2024	middle	hard
501	"\(\left\{ \begin{array}{r}
x - 2y + 3z = 0 \\
3x + 2y + 5z = 12 \\
2x - 4y - z = - 7
\end{array} \right.\ \)"	calculation	"Solution:  
\(\left\{ \begin{array}{r}
x - 2y + 3z = 0(1) \\
3x + 2y + 5z = 12(2) \\
2x - 4y - z = - 7(3)
\end{array} \right.\ \),  
Adding (1) and (2) gives:  
\(4x+8z=12 \ (4)\),  
Multiplying (2) by 2 and adding (3) gives:  
\(8x+9z=17 \ (5)\),  
Multiplying (4) by 2 and subtracting (5) gives:  
\(7z=7\),  
Thus, \(z=1\),  
Substituting \(z=1\) into (4) gives:  
\(x=1\),  
Substituting \(x=1\), \(z="	Solution and Application of a System of Three Variables Linear Equations	Analysis: By adding (1) and (2), we get 4x + 8z = 12 (4), and by multiplying (2) by 2 and adding (3), we get 8x + 9z = 17 (5). This reduces the three-variable system into two variables. Solving for z by multiplying (4) by 2 and subtracting (5), we find the value of z. Substituting the value of z into (4) gives the value of x. Then, substituting the values of x and z into (1) gives the value of y. Thus, the solution to the original system of equations is obtained.	others	middle	hard
658	"Solve the system of inequalities:
\[
\begin{cases}
5x \geq 8 + x \\
\frac{1 + 2x}{3} > x - 2
\end{cases}
\]

(2) In the golden autumn season, fruits are fragrant in Xinjiang. In a certain fruit shop, type A fruit costs 5 yuan per kilogram, and type B fruit costs 8 yuan per kilogram. Xiaoming bought a total of 7 kilograms of fruits A and B, spending 41 yuan. How many kilograms of each type of fruit did Xiaoming buy?"	calculation	"(1) \(2 \leq x < 7\)
(2) If you purchase 5 kilograms of fruit A, then you purchase 2 kilograms of fruit B"	Other Applications of Linear Equations###Solve a system of linear inequalities in one variable.	nan	2024	middle	easy
4468	"Given the algebraic expressions \(A = \frac{3a - 9}{a^{2} - 4a + 4} \cdot \frac{a^{2} - 4}{a - 3} + \frac{a - 6}{a - 2}, B = \left( 2 - \frac{1}{a + 1} \right) \div \frac{2a + 1}{a + 1}\)

(1) Simplify A and B.

(2) If the algebraic expression \(M = \frac{1}{2}A - B\), find the value of M."	calculation	"(1) Solution: 

\(A = \frac{3a - 9}{a^{2} - 4a + 4} \cdot \frac{a^{2} - 4}{a - 3} + \frac{a - 6}{a - 2}\) 

\(= \frac{3(a - 3)}{(a - 2)^{2}} \cdot \frac{(a + 2)(a - 2)}{a - 3} + \frac{a - 6}{a - 2}\) 

\(= \frac{3a + 6}{a - 2} + \frac{a - 6}{a - 2}\) 

\(= \frac{4a}{a - 2}\),

\(B = \left( 2 - \frac{1}{a + 1} \right) \div \frac{2a"	Mixed operations of fractions	"[Analysis] (1) First, factor the numerators and denominators of each fractional expression separately. Then perform multiplication of fractions, reduce, and simplify. Next, use the common denominator addition rule for fractions to obtain the simplest form of A. Begin by finding a common denominator to calculate the subtraction of fractions with different denominators inside the parentheses, and convert division by a number into multiplication by the reciprocal of that number. Then perform multiplication of fractions, reduce, and simplify to get the simplest form of B.

(2) Substitute the simplest forms of A and B, first calculate the multiplication of fractions, reduce, and simplify; then proceed with finding a common denominator to calculate the subtraction of fractions with different denominators.

(1) Solution:

\(A = \frac{3a - 9}{a^{2} - 4a + 4} \cdot \frac{a^{2} - 4}{a - 3} + \frac{a -"	2023	middle	easy
1430	If rational numbers \(a\) and \(b\) satisfy \(|ab - 2| + {(1 - b)}^{2} = 0\), find the value of \(\frac{1}{ab} + \frac{1}{(a + 1)(b + 1)} + \frac{1}{(a + 2)(b + 2)} + \ldots + \frac{1}{(a + 2017)(b + 2017)}\).	calculation	"Solution: From ∣ab - 2∣ + (1 - b)\(^2\) = 0, we get ab - 2 = 0 and 1 - b = 0, thus a = 2 and b = 1.

Therefore, \(\frac{1}{ab} + \frac{1}{(a+1)(b+1)} + \frac{1}{(a+2)(b+2)} + \ldots + \frac{1}{(a+2017)(b+2017)}\)
= \(\frac{1}{1 \times 2} + \frac{1}{2 \times 3} + \frac{1}{3 \times 4} + \ldots + \frac{1}{2018 \times 2019}\)
= \((1 - \frac{1}{2}) + (\frac{1}{2} - \frac{1}{3"	Algebraic expression evaluation	[Analysis] Based on the non-negativity of absolute values and even powers, if the sum of several non-negative numbers is 0, then these numbers are all 0. From this, the values of a and b can be determined. Then substitute the values of a and b into the algebraic expression, decompose each addend into the difference of two fractions, and apply the rules of addition and subtraction of rational numbers to calculate the result.	2019	middle	hard
4953	"Given \(\frac{a}{b} = \frac{2}{3}\), then the value of \(\frac{b - a}{b}\) is (     )
A. \(\frac{2}{3}\) B. 2 C. \(\frac{1}{3}\) D. \(\frac{3}{2}\)"	calculation	C	Properties of Proportions	nan	2024	middle	easy
1070	"If the hundreds digit of a three-digit number is \(a + b\), the tens digit is \(c + a\), and the units digit is \(c - b\),
(1) Simplifying the algebraic expression of this three-digit number, it is always divisible by 11;
(2) When \(a = 1\), \(b = 2\), \(c = 3\), find this three-digit number."	calculation	(1) \(110a + 99b + 11c\), 11; (2) 341	Addition and subtraction of polynomials###Find the value of the algebraic expression - direct substitution method.	nan	2022	middle	easy
880	"In ancient China, people discovered many mathematical problems in their production and daily life. In the ""Sunzi Suanjing,"" a problem is recorded as follows: There are several people riding in carriages. If 3 people ride in each carriage, then 2 carriages are empty. If 2 people ride in each carriage, then 9 people are left without a carriage. How many carriages and people are there in total? Assuming there are x carriages and y people, the system of equations can be set up as follows:
A. \(\left\{ \begin{array}{r} 3(x - 2) = y \\ 2x + 9 = y \end{array} \right.\ \) 
B. \(\left\{ \begin{array}{r} 3(x + 2) = y \\ 2x - 9 = y \end{array} \right.\ \) 
C. \(\left"	calculation	A	Formulate a system of two linear equations with two variables.	nan	2024	middle	easy
5149	Calculate: \(\frac{380 + 521 \times 2024}{2025 \times 521 - 141} - \frac{1}{2024}\)	calculation	"Solution: \(\frac{380 + 521 \times 2024}{2025 \times 521 - 141} - \frac{1}{2024}\)
\(= \frac{380 + 521 \times 2024}{2024 \times 521 + 521 - 141} - \frac{1}{2024}\)
\(= \frac{380 + 521 \times 2024}{2024 \times 521 + 380} - \frac{1}{2024}\)
\(= 1 - \frac{1}{2024}\)
\(= \frac{2023}{2024}\);"	Four operations of fractions mixed calculation	[Analysis] The answer can be found by performing arithmetic operations on rational numbers.	2024	middle	easy
5646	"The city's passenger transport management department conducted an incomplete statistics analysis on the changes in passenger flow over the seven days of the ""National Day"" holiday. The data is as follows (using positive numbers to indicate an increase in passenger flow compared to the previous day, and negative numbers to indicate a decrease compared to the previous day).

| Date | 1st | 2nd | 3rd | 4th | 5th | 6th | 7th |
|------|-----|-----|-----|-----|-----|-----|-----|
| Change (ten thousand people) | 20 | -3 | -10 | -3 | 2 | 9 | 3 |

1. Compared to October 2, passenger flow on October 6 _____ (fill in ""increased"" or ""decreased""), changed by _____.

2. Between October 1 and October 7, October _____ had the highest passenger flow and October _____ had the lowest passenger flow.

3"	calculation	"(1) Decrease, \(2\)  
(2) \(1\), \(4\)  
(3) \(122\)"	Practical applications of positive and negative numbers###The practical application of rational number addition.	nan	2024	middle	easy
1978	Solve the equation: \(|4x + 3| = 2x + 9.\)	calculation	"Solution: When \(x \geq -\frac{3}{4}\), \(4x + 3 = 2x + 9\), so \(2x = 6\), which gives \(x = 3\).  
When \(x < -\frac{3}{4}\), \(-4x - 3 = 2x + 9\), so \(-6x = 12\), which gives \(x = -2\).  
In summary, \(x = 3\) or \(x = -2\)."	Solve linear equations with absolute value signs.	[Analysis] Based on the properties of absolute value, we need to discuss two cases: when 4x+3≥0 and when 4x+3<0. Subsequently, the values of x for each case can be determined.	others	middle	medium
5424	Given that the point \(P\left( a + 1, - \frac{a}{2} + 1 \right)\) is symmetrical about the origin and lies in the fourth quadrant, the range of values for \(a\) is \ul{　 　}.	calculation	\(a < -1\)	Solve a system of linear inequalities in one variable.###The coordinate characteristics of points with respect to origin symmetry	nan	2024	middle	easy
2139	Utilize the properties of exponents for calculation: \(\left( 3^{\frac{3}{2}} \right)^{- \frac{1}{3}} \div \sqrt{27} \times \sqrt[3]{9^{2}}\).	calculation	\(3^{- \frac{2}{3}}\)	Multiplication of powers with the same base###Division of powers with the same base###Fractional exponentiation	nan	2024	middle	medium
3289	"If the solution of the system of binary linear equations concerning \(x, y\) 

\[
\left\{ 
\begin{array}{r} 
x + 2y = 4k \\ 
x - y = k 
\end{array} 
\right.
\]

is also the solution of the binary linear equation 

\[ 
2x + 3y = -7 
\]

find the solution of the system of equations."	calculation	"\(\left\{ \begin{array}{r}
x = - 2 \\
y = - 1
\end{array} \right.\ \)"	The solution of a linear equation in two variables###The solution of a system of linear equations in two variables###Elimination method to solve a system of linear equations in two variables	nan	2024	middle	medium
1872	"Observe the following two sequences of numbers:
1, 3, 5, 7, 9, 11, 13, 15, 17, \ldots{}
1, 4, 7, 10, 13, 16, 19, 22, 25, \ldots{}
Research reveals: the 1st common number is 1, the 2nd common number is 7, \ldots\ldots If the nth common number is 103, then n equals (   )
A. 18  B. 19  C. 20  D. 21"	calculation	A	Rules for mixed operations of addition, subtraction, multiplication, and division of rational numbers###Express the pattern of numerical changes using algebraic expressions.###Exploring Patterns - Counting Patterns	Solution: The 1st identical number is 1 = 0×6+1, the 2nd identical number is 7 = 1×6+1, the 3rd identical number is 13 = 2×6+1, the 4th identical number is 19 = 3×6+1, and so on. The nth identical number is 6(n-1)+1 = 6n-5. Thus, 6n-5=103, solving gives n=18. Therefore, the answer is: A. Analysis: According to the problem, observing that the nth identical number is 6(n-1)+1 = 6n-5 helps to solve the problem.	others	middle	medium
5511	Calculate: \(\left( 16m^{6}n^{4} - 8m^{4}n^{2} + 4m^{2}n^{2} \right) \div ( - 2mn)^{2}\).	calculation	\(4m^{4}n^{2} - 2m^{2} - 1\)	Polynomial divided by a monomial###The operation of raising a product to a power	nan	2024	middle	easy
5147	"Solve the following systems of equations:
(1) \(\left\{ \begin{array}{r} 2x - y = - 4 \\ 4x - 5y = - 23 \end{array} \right.\ \)

(2) \(\left\{ \begin{array}{r} \frac{x + y}{2} + \frac{x - y}{3} = 6 \\ 4(x + y) - 5(x - y) = 2 \end{array} \right.\ \)"	calculation	"(1) \(\left\{ \begin{array}{r}
x = \frac{1}{2} \\
y = 5
\end{array} \right.\ \)
(2) \(\left\{ \begin{array}{r}
x = 7 \\
y = 1
\end{array} \right.\ \)"	The substitution elimination method for solving a system of linear equations in two variables.###Elimination method to solve a system of linear equations in two variables	nan	2024	middle	easy
3531	"In a certain place, the village committee director organized villagers to establish an agricultural product sales online store through an e-commerce platform. The store sells only two types of agricultural products, A and B. The unit price of product B is 20 yuan less than twice the unit price of product A. It is known that the quantity of product A purchased for 900 yuan equals the quantity of product B purchased for 1200 yuan.

(1) Determine the selling prices of products A and B.

(2) If the online store sold a total of 100 items of both products A and B on a certain day, and the quantity of product A sold on that day was at least three times that of product B, calculate the maximum sales revenue for that day."	calculation	"(1) The selling price of agricultural product A is \(30\) yuan, then the selling price of agricultural product B is \(40\) yuan  
(2) 3250 yuan"	The practical application of rational equations###The application of linear inequalities with one variable###The Practical Application of Linear Functions - Sales Problems	nan	2023	middle	medium
4382	"We know that \(2x + 5x - 3x = (2 + 5 - 3)x = 4x\). Similarly, we can also treat \((a + b)\) as a whole, then \(2(a + b) + 5(a + b) - 3(a + b) = (2 + 5 - 3)(a + b) = 4(a + b)\). This holistic approach is an important method in mathematical problem-solving, and it has wide applications in the simplification and evaluation of polynomials. Based on the above hints and examples, solve the following problems:
(1) Consider \((x - y)\) as a whole, the result of combining \(4(x - y)^{3} - 5(x - y)^{3} + 2(x - y)^{3}\) is \ul{ }.
(2) Given \(3m - 5n = 23\"	calculation	"(1) \((x - y)^{3}\)  
(2) 56  
(3) \(- 3\)"	Rules of Removing Brackets and Their Application###The Rule of Adding Parentheses and Its Application###Law of Combining Like Terms and Its Applications###Finding the value of an algebraic expression - holistic substitution method for finding values.	nan	2024	middle	easy
5833	Given points \(A(a, -1)\) and \(B(2, b)\), if points \(A\) and \(B\) are symmetric with respect to the \(y\)-axis, then the value of \(a + b\) is \_\_\_.	calculation	-3	Characteristics of the coordinates of points symmetrical to coordinate axes	"Solution: Given the points \(A(a, -1)\) and \(B(2, b)\), points \(A\) and \(B\) are symmetric about the y-axis,  
thus \(b = -1\), \(a = -2\),  
therefore \(a + b = -3\).  
The answer is: -3  
Analysis: Based on the properties of coordinates symmetric about the y-axis (the y-coordinate remains unchanged, the x-coordinate becomes its opposite), we find \(b = -1\) and \(a = -2\), and adding them gives the solution."	2024	middle	easy
2791	"Given the following set of numbers: 1, \(\frac{3}{4}\), \(\frac{5}{9}\), \(\frac{7}{16}\), \(\frac{9}{25}\), ..., if the nth number is expressed in an algebraic expression, then the nth number is (     )
A. \(\frac{2n - 1}{3n - 2}\) B. \(\frac{2n - 1}{n^{2}}\) C. \(\frac{2n + 1}{3n - 2}\) D. \(\frac{2n + 1}{n^{2}}\)"	calculation	B	Express the pattern of numerical changes using algebraic expressions.###Exploring Patterns - Patterns in Sequences	[Solution] The original sequence can be expressed as \(\frac{1}{1}, \frac{3}{2^{2}}, \frac{5}{3^{2}}, \frac{7}{4^{2}}, \frac{9}{5^{2}}, \ldots\), thus it is easy to know that the nth term is \(\frac{2n - 1}{n^{2}}\). Therefore, the answer is: \(\frac{2n - 1}{n^{2}}\). [Analysis] Analyze from the numerators and denominators of each number (the 1 of the first number can be written as \(\frac{1}{1}\)), and thus derive the pattern.	others	middle	medium
1585	Calculate: \(\left( \frac{1}{2} + \frac{1}{3} + \frac{1}{4} + \cdots + \frac{1}{60} \right) + \left( \frac{2}{3} + \frac{2}{4} + \frac{2}{5} + \cdots + \frac{2}{60} \right) + \cdots + \left( \frac{58}{59} + \frac{58}{60} \right) + \frac{59}{60}\) .	calculation	"Solution: The original expression  
\[= \frac{1}{2} + \left( \frac{1}{3} + \frac{2}{3} \right) + \left( \frac{1}{4} + \frac{2}{4} + \frac{3}{4} \right) + \cdots + \left( \frac{1}{60} + \frac{2}{60} + \cdots + \frac{59}{60} \right)①.\]  
Let the original sum be S, then  
\[ S = \frac{1}{2} + \left( \frac{2}{3} + \frac{1}{3} \right) + \left( \frac{3}{4} + \frac{2}{4} + \frac{1}{4} \right) + \left( \frac{59}{60} + \frac{58}{60} +"	Rules for mixed operations of addition, subtraction, multiplication, and division of rational numbers###Comprehensive Real Number Olympiad Problems	[Analysis] The original expression can be transformed to \(\frac{1}{2} + \left( \frac{1}{3} + \frac{2}{3} \right) + \left( \frac{1}{4} + \frac{2}{4} + \frac{3}{4} \right) + \cdots + \left( \frac{1}{60} + \frac{2}{60} + \cdots + \frac{59}{60} \right)①.\) Let the original expression be \(S\), then \(S = \frac{1}{2} + \left( \frac{2}{3} + \frac{1}{3} \right) + \left( \frac{3}{4} + \frac{2}{4} + \frac{1}{4} \right) +\) \(\left( \frac{59}{60} + \frac	others	middle	hard
4149	"Find the non-negative integer solutions of the inequality \(1 - \frac{x - 2}{2} \geq \frac{2 + x}{3}\).

(2) Solve the system of inequalities \(\left\{ \begin{array}{r} 5x - 3 \leq 2x + 9 \\ 2 + 3x > \frac{x + 9}{2} \end{array} \right.\ \)."	calculation	(1) \(0,1\); (2) \(1 < x \leq 4\)	A special solution to a linear inequality with one variable###Solve a system of linear inequalities in one variable.	nan	2024	middle	easy
5432	Simplify and then evaluate: \(\frac{1}{3}x^{2} - 3\left( x^{2} + xy - \frac{1}{5}y^{2} \right) + \left( \frac{8}{3}x^{2} + 3xy + \frac{2}{5}y^{2} \right)\), where \(x = \frac{1}{2023}\), \(y = 1\).	calculation	\(y^{2}\), 1	Simplify and evaluate using addition and subtraction of polynomials.	nan	2023	middle	easy
1807	"We previously learned the perfect square formula \((a \pm b)^{2} = a^{2} \pm 2ab + b^{2}\). Now, having studied quadratic radicals, all non-negative numbers can be considered as the square of a number, such as \(3 = \left( \sqrt{3} \right)^{2}\) and \(5 = \left( \sqrt{5} \right)^{2}\).

Let's observe: \(\left( \sqrt{2} - 1 \right)^{2} = \left( \sqrt{2} \right)^{2} - 2 \times 1 \times \sqrt{2} + 1^{2} = 2 - 2\sqrt{2} + 1 = 3 - 2\sqrt{2}\).

Conversely, \(3 - 2\sqrt{2} = 2 - 2\sqrt{2} +"	calculation	(1) \(\sqrt{3} - 1\); (2) \(\sqrt{10} - 1\); (3) 0	Perfect Square Formula and Applications###Finding the value of an algebraic expression - holistic substitution method for finding values.###Observation and Experimentation	nan	2023	middle	medium
2958	"Given: In the plane coordinate system, point \(P(x,y)\) and point \(A(0,1)\), the distance from point \(P\) to point \(A\) is always equal to the distance from point \(P\) to the \(x\)-axis.
(1) Please find the function relationship that point \(P\) satisfies;
(2) If the function graph obtained in (1) is denoted as \(L\), and \(L^{'}\) is obtained by translating \(L\) horizontally, if point \(M\) is on \(L\), point \(N\) is the corresponding point of point \(M\) after the translation of \(L\), and point \(Q\) is a point on the \(x\)-axis. Does there exist such a point \(M\) so that the quadrilateral with vertices \(M\), \(N\), \(O\), and \(Q\) has one"	calculation	"(1) \(y = \frac{1}{2}x^{2} + \frac{1}{2}\);  
(2) There exist points \(Q\) with coordinates \(\left( 2\sqrt{3} + 2\sqrt{2},0 \right)\), \(\left( 2\sqrt{3} - 2\sqrt{2},0 \right)\), \(\left( - 2\sqrt{3} - 2\sqrt{2},0 \right)\), \(\left( - 2\sqrt{3} + 2\sqrt{2},0 \right)\)."	Pythagorean theorem###Properties of a rhombus###The properties of translation###Quadratic Function - Existence Problem of Special Quadrilaterals	nan	2024	middle	medium
937	"On October 1, 2021, the National Day coincided with the Mid-Autumn Festival. Tourist attractions across the country gradually opened. Changsha, a popular city among China's national civilized cities, became the top choice for National Day tourism. The highways around Changsha also experienced a peak in traffic flow. According to policy, during the ""Golden Week"" in early October, national highways implemented a free passage policy. The following table shows the changes in traffic flow on a section of highway in Changsha during the 7-day holiday (positive numbers indicate more traffic than the previous day, negative numbers indicate less).

Date | 1st | 2nd | 3rd | 4th | 5th | 6th | 7th
---|---|---|---|---|---|---|---
Change in Traffic Volume (10,000 vehicles) | +2.2 | +0.7 | -1.6 | -0.6"	calculation	(1) 37,000 vehicles; (2) The day with the highest traffic flow had 29,000 more vehicles than the day with the lowest traffic flow; (3) During the National Day period, the state will subsidize 7.71 million yuan for toll fees on this road section.	Practical applications of positive and negative numbers###Practical Application of Rational Number Subtraction###Practical Applications of Rational Number Multiplication	nan	2022	middle	easy
12	The maximum value of the function \(y=\sqrt{3 - 2x}-\sqrt{5x + 15}-\sqrt[3]{x - 5}\) is \ul{　 　}.	calculation	5	The condition for a quadratic radical to be meaningful###Function value	"Solution: Let \( y = \sqrt{3 - 2x} - \sqrt{5x + 15} - \sqrt[3]{x - 5} \). It is known that y is a decreasing function in terms of x.  
Since \( 3 - 2x \geq 0 \) and \( 5x + 15 \geq 0 \), it follows that \(-3 \leq x \leq \frac{3}{2}\).  
Thus, when \( x = -3 \), y reaches its maximum value of 5.  
The answer is: 5.

Analysis: The algebraic expression on the right side of the function is divided into three parts: \( \sqrt{3 - 2x} \), \(-\sqrt{5x + 15}\), and \(-\sqrt[3]{x - 5}\). Each part decreases as x increases, hence y is a"	2023	middle	hard
2646	"Xiaoming, who loves mathematics, went to a famous milk tea shop by West Lake, and looked at the price list.

(1) Xiaoming found that 2 cups of Watermelon Bobo and 3 cups of Energetic Fresh Orange cost 88 yuan; 3 cups of Watermelon Bobo and 5 cups of Energetic Fresh Orange cost 142 yuan. Then, the cost for purchasing 1 cup of Watermelon Bobo and 2 cups of Energetic Fresh Orange is \_\_\_\_ yuan.

(2) Xiaoming bought a total of 10 cups of three types of milk tea: Yangzhi Ganlu, Passion Fruit Pineapple, and Grape Cheese, spending a total of 187 yuan. If Yangzhi Ganlu is 18 yuan per cup, Passion Fruit Pineapple is 15 yuan per cup, and Grape Cheese is 20 yuan per cup, then he bought \_\_\_\_ cups of Grape Cheese"	calculation	54;5	Real-world Applications of Linear Equations: Sales Problem	nan	2024	middle	medium
37	"Given the real numbers \(m\), \(x_{1}\), and \(x_{2}\) satisfy: \((mx_{1} - 2)(mx_{2} - 2) = 4\).

① If \(m = \frac{1}{3}\) and \(x_{1} = 9\), then \(x_{2} =\)\ul{　 　}.

② If \(m\), \(x_{1}\), and \(x_{2}\) are positive integers, then there are \ul{　 　} ordered real number pairs \((x_{1}, x_{2})\) that satisfy the condition."	calculation	\(18\)；\(7\)	Applications of Factoring###Linear polynomial equation	"【解答】解：①将\(m = \frac{1}{3}，x_{1} = 9\)代入得\((\frac{1}{3} \times 9 - 2)(\frac{1}{3} \times x_{2} - 2) = 4\)，\\
∴\(x_{2} = 18\)，\\
故答案为：18；\\
②∵m、\(x_{1}\)、\(x_{2}\)为正整数，\\
∴\((mx_{1} - 2)\)和\((mx_{2} - 2)\)均为整数，\\
∵\(4 \times 1 = 1 \times 4 = 2 \times 2 = 4\)，\\
∴\(\left\{ \begin{array}{r}
mx_{1} - 2 = 2 \\
mx_{2} - 2 = 2
\end{array} \right.\ \)或\(\left\{ \begin{array}{r}
mx_{1} - 2 = 1 \\
mx_{2} - 2 = 4
\end{array} \right.\ \)或\(\left\{ \begin{array}{r}
mx_{1} - 2 = 4 \\
mx_{2} - 2 = 1
\end{array} \right.\ \)，\\
∴\(\left\{ \begin{array}{r}
mx_{1} = 4 \\
mx_{2} = 4
\end{array} \right.\ \)或\(\left\{ \begin{array}{r}
mx_{1} = 3 \\
mx_{2} = 6
\end{array} \right.\ \)或\(\left\{ \begin{array}{r}
mx_{1} = 6 \\
mx_{2} = 3
\end{array} \right.\ \)，\\
当\(\left\{ \begin{array}{r}
mx_{1} = 4 \\
mx_{2} = 4
\end{array} \right.\ \)时，m=1时，\(\left\{ \begin{array}{r}
x_{1} = 4 \\
x_{2} = 4
\end{array} \right.\ \)；m=2时，\(\left\{ \begin{array}{r}
x_{1} = 2 \\
x_{2} = 2
\end{array} \right.\ \)；m=4时，\(\left\{ \begin{array}{r}
x_{1} = 1 \\
x_{2} = 1
\end{array} \right.\ \)；故存在3组实数对；\\
当\(\left\{ \begin{array}{r}
mx_{1} = 3 \\
mx_{2} = 6
\end{array} \right.\ \)时，m=1时，\(\left\{ \begin{array}{r}
x_{1} = 3 \\
x_{2} = 6
\end{array} \right.\ \)；m=3时，\(\left\{ \begin{array}{r}
x_{1} = 1 \\
x_{2} = 2
\end{array} \right.\ \)；故存在2组实数对；\\
当\(\left\{ \begin{array}{r}
mx_{1} = 6 \\
mx_{2} = 3
\end{array} \right.\ \)时，m=1时，\(\left\{ \begin{array}{r}
x_{1} = 6 \\
x_{2} = 3
\end{array} \right.\ \)；m=3时，\(\left\{ \begin{array}{r}
x_{1} = 2 \\
x_{2} = 1
\end{array} \right.\ \)；故存在2组实数对；\\
∴符合条件的有序实数对\((x_{1}，x_{2})\)有7个，\\
故答案为：7\\
【分析】①将\(m = \frac{1}{3}，x_{1} = 9\)代入即可求解；\\
②先根据题意即可得到\((mx_{1} - 2)\)和\((mx_{2} - 2)\)均为整数，进而根据题意进行分类即可求解。"	2023	middle	hard
5502	"Calculate the following problems, simplify where possible:

\(\lbrack 1 - (\frac{2}{3} - \frac{1}{2})\rbrack \div \frac{5}{12}\) 

8×（36×1.25） 

\(\frac{11}{25}\)×99＋11÷25"	calculation	"(1) \([1 - (\frac{2}{3} - \frac{1}{2})] \div \frac{5}{12}\)  
Solution: \(= [1 - (\frac{4}{6} - \frac{3}{6})] \div \frac{5}{12}\)  
\(= [1 - \frac{1}{6}] \div \frac{5}{12}\)  
\(= \frac{5}{6} \div \frac{5}{12}\)  
\(= \frac{5}{6} \times \frac{12}{5}\)  
\(= 2\)

(2) \(8 \times (36 \times 1.25)\)  
Solution: \(= 8 \times 1.25 \times 36\)  
\(= 10 \times 36\)  
\(= 360\)

(3) \(\frac{11}{"	The multiplication rule of rational numbers###Rules for mixed operations of addition, subtraction, multiplication, and division of rational numbers###Mixed operations of rational numbers with parentheses###Four operations of fractions mixed calculation	"Analysis

(1) First, calculate the fractional subtraction inside the parentheses, then the subtraction inside the brackets, and finally perform the division operation. Convert fractions with different denominators to a common denominator for calculation, following the order of operations inside the brackets first, then outside.

(2) Use the associative and commutative properties of multiplication, first calculate 8 times 1.25, then multiply the result by 36 to make the calculation simpler.

(3) Convert division into multiplication, then notice the presence of common factors in the expression, and use the distributive property of multiplication for simplified calculation."	2024	middle	easy
67	Given \(|a - 1| + {(ab - 2)}^{2} = 0\), find the solution to the equation in terms of x: \(\frac{x}{ab} + \frac{x}{(a + 1)(b + 1)} + \frac{x}{(a + 2)(b + 2)} + \ldots + \frac{x}{(a + 2015)(b + 2015)} = 2016\).	calculation	"Solution: 

Because \(|a - 1| + {(ab - 2)}^{2} = 0\), 

Therefore, we have: 
\[
\begin{array}{r}
a - 1 = 0 \\
ab - 2 = 0
\end{array}
\]

Solving this yields:
\[
\begin{array}{r}
a = 1 \\
b = 2
\end{array}
\]

The original equation becomes:
\[
\frac{x}{1 \times 2} + \frac{x}{2 \times 3} + \frac{x}{3 \times 4} + \cdots + \frac{x}{2016 \times 2017} = 2016,
\]

Hence,
\[
(1 - \frac{1}{2} + \frac{1}{2} - \frac{1}{3} + \frac{1}{3} -"	The sum of non-negative numbers is 0.	[Analysis] First, determine the values of a and b based on the properties of non-negative numbers. Substitute the values of a and b into the equation, use the method of elimination by columns to combine like terms, and then solve the equation.	2020	middle	hard
2356	First simplify, then evaluate: \( x(x+1) - (x+1)(x-1) \), where \( x = 2015 \).	calculation	"Solution:  
x(x+1)-(x+1)(x-1)  
=x\textsuperscript{2}+x-(x\textsuperscript{2}-1)  
=x\textsuperscript{2}+x-x\textsuperscript{2}+1  
=x+1,  
when x=2015,  
x+1=2015+1=2016"	Simplify and evaluate using mixed operations of polynomials.	[Analysis] First, use the calculation method for multiplying a monomial by a polynomial (first multiply the monomial by each term in the polynomial, then add the resulting products) and the definition and calculation method of the difference of squares formula (the difference of squares of two numbers equals the product of the sum and the difference of these two numbers) to expand. Then, combine like terms, and finally substitute x=2015 into the calculation.	2024	middle	medium
3349	Given \(\frac{1}{x} - \frac{1}{y} = 3\), the value of the expression \(\frac{y + xy - x}{y - xy - x}\) is \ul{　 　}.	calculation	2	Common denominators of fractions###Addition and subtraction of fractions with different denominators###Simplifying and Evaluating Rational Expressions - Substitution as a Whole	"Solution: Given \(\frac{1}{x} - \frac{1}{y} = 3\),

Therefore, \(y - x = 3xy\),

Thus, \(\frac{y + xy - x}{y - xy - x} = \frac{3xy + xy}{3xy - xy} = \frac{3 + 1}{3 - 1} = 2.\)

Therefore, the answer is: 2.

Analysis: First find the relationship between \(y-x\) and \(xy\), then substitute the whole expression to find the value."	2022	middle	medium
735	"Nanjing Waterworks Company limits unit water usage by allocating a monthly quota of 300 tons to a certain unit. The water within the quota is charged at 3.4 yuan per ton, while any excess is charged at 4.6 yuan per ton.  
(1) Using algebraic expressions (simplified): Set the water usage to \(x\) tons. When the water usage is less than or equal to 300 tons, the payment required is \_\_\_\_ yuan; when the usage exceeds 300 tons, the payment required is \_\_\_\_\_ yuan;  
(2) When this unit uses 320 tons in a certain month, the water fee is \_\_\_\_ yuan; if the usage is 280 tons, the water fee is \_\_\_\_ yuan;  
(3) If the unit pays 1480 yuan for water in a certain month, how many tons of water did it use?"	calculation	"(1) \(3.4x\), \((4.6x - 360)\)  
(2) 1112, 952  
(3) This unit used 400 tons of water."	The Practical Application of Linear Equations: Billing Issues	nan	2023	middle	easy
4455	Factorization: \(m^{3} - m^{2}n - 4m + 4n\).	calculation	\((m - n)(m + 2)(m - 2)\)	Factorization - Comprehensive Application of the Common Factor and Formula Methods###Factorization - Grouping Method	nan	2024	middle	easy
190	Given \((b-c)^{2}=4(1-b)(c-1)\), find the value of \(b+c\).	calculation	"Solution: Given, we have
\(b^{2} - 2bc + c^{2} = 4c - 4 - 4bc + 4b\)\\
\(\therefore b^{2} + 2bc + c^{2} - 4b - 4c + 4 = 0,\)\\
thus \((b + c)^{2} - 4(b + c) + 4 = 0,\) which implies \((b + c - 2)^{2} = 0,\)\\
therefore, \(b+c=2.\)"	Factorization - Grouping Method###Application of Factorization - Simplification and Evaluation	[Analysis] First, use the rules of polynomial multiplication to remove the parentheses, then transpose and combine like terms, followed by the method of grouping and factoring, and finally use the perfect square formula to obtain \((b + c - 2)^{2} = 0.\) Based on the non-negativity of squares, you can determine the value of b+c.	others	middle	hard
1470	Solve the system of equations: \(\left\{ \begin{array}{r} x^{2} - 3xy - 4y^{2} = 0① \\ x + 2y = 6② \end{array} \right.\ \).	calculation	"Solution:
\[
\left\{ 
\begin{array}{r}
x^{2} - 3xy - 4y^{2} = 0 \quad (1) \\
x + 2y = 6 \quad (2)
\end{array} 
\right.
\]

From equation \((2)\), we have: \(x = 6 - 2y\). Substituting into equation \((1)\) gives:

\[
(6 - 2y)^{2} - 3(6 - 2y)y - 4y^{2} = 0
\]

\[
(36 - 24y + 4y^{2}) - 18y + 6y^{2} - 4y^{2} = 0
\]

\[
6y^{2} - 42y + 36 = 0
\]

\[
6(y^{2} -"	Solve the system of quadratic equations with two variables.	[Analysis] This question examines solving a system of quadratic equations in two variables. Given the characteristics of the equations, using the substitution method for solving is relatively straightforward.	2024	middle	hard
209	"Read the following material:

Generally, if from the second term of a sequence, each term minus its previous term equals a constant, the sequence is called an arithmetic sequence, and this constant is called the common difference of the arithmetic sequence, usually denoted by \(d\). We can use the formula \(S = na + \frac{n(n - 1)}{2} \times d\) to calculate the sum of the arithmetic sequence. (In the formula, \(n\) represents the number of terms, \(a\) represents the value of the first term.)

Example:  
3 + 5 + 7 + 9 + 11 + 13 + 15 + 17 + 19 + 21 = 10×3 + \(\frac{10(10 - 1)}{2}\)×2 = 120.

Use the above knowledge to solve the following problems:  
(1) Calculate: 2 + 8 + 14"	calculation	(1) 1180; (2) By 2017, all the barren slopes in the county can be entirely planted with trees.	Factoring Method for Solving Quadratic Equations###Exploring the Patterns of Numbers and Expressions###The Practical Application of Quadratic Equations in Engineering Problems	nan	2023	middle	hard
4943	"Write the result directly.
(1) \(3.7 + 0.3 =\) 4
(2) \(467 - 299 =\) 168
(3) \(\frac{2}{9} \div \frac{1}{6} =\) \(\frac{4}{3}\)
(4) \(\frac{1}{3} + \frac{1}{2} =\) \(\frac{5}{6}\)
(5) \(1 \div 7 \times \frac{6}{7} =\) \(\frac{6}{49}\)
(6) \(1.25 \times 3 \times 8 =\) 30
(7) \({0.2}^{3} =\) 0.008
(8) \(2 \div 0.02 =\) 100"	calculation	"(1) 4
(2) 168
(3) \(\frac{4}{3}\)
(4) \(\frac{5}{6}\)
(5) \(\frac{6}{49}\)
(6) 30
(7) 0.008
(8) 100"	Addition and subtraction of fractions with different denominators	nan	2024	middle	easy
357	"For a number \(m\) in which all digits are non-zero and distinct, square each digit and take the rightmost digit of each squared result to form a new number \(n\), referred to as the ""refined number"" of \(m\). It is defined as \(f(m) = am + bn\), where \(a\) and \(b\) are non-zero constants. For example, for \(m = 475\), the rightmost digits after squaring its digits are 6, 9, and 5, respectively, so the ""refined number"" \(n = 695\). Given that \(f(4) = -8\) and \(f(14) = -18\), then \(f(268) =\underline{ }\); for a two-digit number \(s\) (where all digits are non-zero and distinct), inserting a digit \(k\) between the tens and units digit of \(s\"	calculation	\(- 660\); \(236\)	The solution of a linear equation in two variables###Exploring the Patterns of Numbers and Expressions###Applications of Systems of Linear Equations - Number Problems	nan	2024	middle	hard
745	"Calculation Problems
(1) \(0 - ( - 6) + 2 - ( - 13) - ( + 8)\)
(2) \(( - 2.4) + ( - 3.7) + ( - 4.6) + 5.7\)
(3) \(13\frac{5}{6} - \left( - \frac{3}{4} \right) + \frac{5}{6} - \left( - \frac{7}{12} \right)\)
(4) \(\left( + 17\frac{3}{4} \right) - ( + 6.25) - \left( - 8\frac{1}{2} \right) - ( + 0.75) - 22\frac{1}{4}\)"	calculation	"(1) 13  
(2) \(- 5\)  
(3) 16  
(4) \(- 3\)"	Addition and subtraction of rational numbers###The addition rules of rational numbers	nan	2023	middle	easy
499	"Factorize:  
(1) \(4(3x^{2} - x - 1)(x^{2} + 2x - 3) - {(4x^{2} + x - 4)}^{2}\)  
(2) \((x^{2}+3x+2)(4x^{2}+8x+3) - 90\)"	calculation	"(1) Solution: Let \(3x^{2} - x - 1 = a, x^{2} + 2x - 3 = b\), then \(\left\{ \begin{array}{r} 4x^{2} + x - 4 = a + b \\ 2x^{2} - 3x + 2 = a - b \end{array} \right.\)

The original expression \(= 4ab - {(a + b)}^{2}\)
\(= 4ab - (a^{2} + 2ab + b^{2})\)
\(= - a^{2} + 2ab - b^{2}\)
\(= - {(a - b)}^{2}\)
\(= - {(2x^{2} - 3x + 2)}^{2}\);

(2) Solution: The original expression \(= \lbrack(x + 1)(x"	Factorization - Formula Method###Factorization within the real numbers	[Analysis] (1) Observe the expression by letting \(3x^{2} - x - 1 = a\) and \(x^{2} + 2x - 3 = b\), then use the complete square formula to simplify it, and finally replace a and b with algebraic expressions involving x; (2) First use the cross-multiplication method to factor \(x^{2} + 3x + 2\) and \(4x^{2} + 8x + 3\), then apply the commutative property of multiplication to find that both expressions contain \(2x^{2} + 5x + 2\). By using the substitution method, we obtain \(t^{2} + t - 90\), which can be factorized using the cross-multiplication method. Then, replace t with x and finally use the cross-multiplication method to factorize.	2020	middle	hard
400	"Solve the equation: \(|2x + 4| + |x - 1| = 4\)

(2) Calculate: \(\frac{3}{1 \times 2} - \frac{5}{2 \times 3} + \frac{7}{3 \times 4} - \frac{9}{4 \times 5} + \cdots - \frac{4041}{2020 \times 2021} + \frac{4043}{2021 \times 2022}\)"	calculation	"(1) Solution: When \(x < -2\), the original equation can be transformed into \(-2x - 4 - x + 1 = 4\), solving gives \(x = -\frac{7}{3}\); when \(-2 < x < 1\), the original equation can be transformed into \(2x + 4 - x + 1 = 4\), solving gives \(x = -1\); when \(x > 1\), the original equation can be transformed into \(2x + 4 + x - 1 = 4\), solving gives \(x = \frac{1}{3}\), which is less than 1, thus is discarded.

(2) Solution: The original expression is \( \left( 1 + \frac{1}{2} \right) - \left( \frac{1}{2} + \frac{1}{3} \right) + \left"	Solve linear equations with absolute value signs.###Simplification and Evaluation of Rational Expressions - Decomposition and Transformation Method	"Analysis: (1) Divide into three cases: ``x < -2'', ``-2 < x < 1'', ``x > 1''. Remove the absolute value and then solve the equation;\\
(2) Split each term into the sum of two terms, remove the parentheses, and solve."	2022	middle	hard
401	"According to actual needs, the results of calculations are sometimes expressed in decimals and sometimes in fractions. When comparing fractions and decimals, conversion between them is also required. We have already learned some basic conversion methods, but there are still many important concepts we may not have mastered.

For example, how do we convert \(0.\dot{6}\) and \(0.3\dot{6}\) into fractions?

Solution 1: Since \(0.\dot{6} \times 10 = 6.\dot{6}\), then \(0.\dot{6} \times 10 - 0.\dot{6} = 6\). Also, since \(0.\dot{6} \times 10 - 0.6 = 9 \times 0.\dot{6}\), it follows that \(9 \times 0.\dot{6} = 6\), thus \(0.\dot{6} = \frac{6}{9}\"	calculation	"(1) \(0.\dot{8} = \frac{8}{9}\), \(0.15\dot{4} = \frac{139}{900}\)
(2) \(\frac{55}{56}\)
(3) 567"	Decompose into prime factors.###Common denominator	nan	2023	middle	hard
453	If the fractional equation with respect to \(x\), \(\frac{3 - 2x}{x - 3} + \frac{2 + ax}{3 - x} = -1\), has no solution, then the real number \(a =\)\ul{　 　}.	calculation	\(- 1\) or \(- \frac{5}{3}\)	The concept of a fractional equation###Solve rational equations	Solution: Solve the fractional equation, \(\frac{3 - 2x}{x - 3} + \frac{2 + ax}{- (x - 3)} = - 1\), which simplifies to \(\frac{3 - 2x}{x - 3} - \frac{2 + ax}{x - 3} = - 1\). Combining gives \(\frac{1 - (2 + a)x}{x - 3} = - 1\), and clearing the denominator results in \(1 - (2 + a)x = 3 - x\), solving gives \(x = - \frac{2}{a + 1}\). When \(a=-1\), \(x\) has no real solution, and when \(x=3\), i.e., \(a = - \frac{5}{3}\), the fractional equation has no real solution. Therefore, fill in -1 or \(- \	2023	middle	hard
5630	"Calculate: \(\sqrt{{(-3)}^{2}} + |2 - \sqrt{5}| - \sqrt[3]{27}\);
(2) Find the value of x in the equation \((x-4)^{3} - 8 = 0\)."	calculation	(1) \(\sqrt{5} - 2\); (2) \(x = 6\)	Practical applications of cube roots	nan	2022	middle	easy
524	During a school's spring sports meeting, a rectangular formation consisting of 25 columns of students is formed. If 64 students are added to the original formation, it can become a square formation; if 64 students are removed from the original formation, it can also become a square formation. Thus, the original rectangular formation consists of students \_\_\_\_.	calculation	1025	Difference of squares formula and its applications.###Solve the system of linear equations	"Solution: Let x be the number of people in the original line, and let the side lengths of the two squares be a and b.

\[
\left\{ 
\begin{array}{r}
x + 64 = a^{2} \\
x - 64 = b^{2}
\end{array} 
\right.
\]

Thus, \(a^{2} - b^{2} = 128\).

Therefore, \((a + b)(a - b) = 128\).

Since a+b and a-b are either both odd or both even, we have:

\(128 = 1 \times 128 = 2 \times 64 = 4 \times 32 = 8 \times 16\).

Consequently:

\[
\left\{ 
\begin{array}{r}
a + b = 64 \\
a - b = 2
\end{array} 
\right. \ or\"	2024	middle	hard
5158	"Calculate:
(1) \(| - 1.25| \times ( - 8) \times 4\)
(2) \(\left( - \frac{3}{10} \right) \div \left( - \frac{3}{5} \right) \times 6\)"	calculation	"(1) \(- 40\)
(2) 3"	The rules of multiplication of rational numbers###The mixed operations of multiplication and division of rational numbers.	nan	2024	middle	easy
1581	"A transport company currently has 190 tons of epidemic prevention materials that need to be transported elsewhere. They plan to use two types of trucks, A and B, to transport all the goods in one trip (both types of trucks will be fully loaded). Recent transportation records of A and B trucks are known as follows:

|          | A Trucks (units) | B Trucks (units) | Epidemic Prevention Materials (tons) |
|----------|------------------|------------------|-------------------------------------|
| First    | 12               | 8                | 360                                 |
| Second   | 18               | 12               | ▄                                   |
| Third    | 5                | 4                | 160                                 |

(1) The number covered by the stain in the table is \_\_\_\_\_.  
(2) How many tons of epidemic prevention materials can each A and B truck transport per trip?  
(3) Please calculate and explain all feasible transportation plans."	calculation	"(1) 540  
(2) Each A truck can carry 20 tons per trip, each B truck can carry 15 tons per trip.  
(3) ① 2 A trucks, 10 B trucks; ② 5 A trucks, 6 B trucks; ③ 8 A trucks, 2 B trucks"	Practical Application of Systems of Linear Equations: Matching Problems###Formulate a system of two linear equations with two variables.###The Practical Application of Systems of Linear Equations in Two Variables - Problem of Option Selection	nan	2024	middle	hard
1396	Given point \emph{A} (\emph{m}, \emph{m}), where \emph{m} > 0, point \emph{B} is a point on the positive half of the \emph{x}-axis, and point \emph{P} is a point inside ∠\emph{AOB} with \emph{OP} = 5, the minimum perimeter of triangle △\emph{PAB} is \ul{   }.	calculation	\(5\sqrt{2}\)	Graphs and properties of directly proportional functions###Pythagorean theorem###Application of Axial Symmetry - Shortest Distance Problem	"Solution: Let E and F be the symmetric points of P with respect to OA and OB, respectively. Connect EF and construct OH perpendicular to EF, intersecting EF at point H, as shown in the diagram: 

Since E and F are symmetric to P about OA and OB, respectively, we have OE = OP = OF = 5, ∠EOA = ∠POA, ∠POB = ∠FOB, AP = AE, BP = BF. 

The perimeter of triangle PAB = PA + PB + AB = AE + BF + AB. 

The perimeter is minimized when E, A, B, and P are collinear, in which case the perimeter of triangle PAB is EF. 

Given ∠AOB = 45° (because point A (m, m) is on the line y=x), ∠EOF = 90°.

Thus, EF = \(\sqrt{5^{2} + 5^{2}}"	2023	middle	hard
1397	To attract customers during the May Day holiday, a shopping mall held a cash-back event worth a thousand yuan. Customers could get a chance to win a prize after purchasing a certain amount of goods. There were three prize tickets in the draw box, marked as first prize, second prize, and third prize. The first prize awarded a 30 yuan cashback, the second prize 20 yuan, and the third prize 10 yuan. After three days, the mall conducted a statistical analysis of the event. The statistics were as follows: On May 2, the number of first prizes drawn was three times that of May 1, the number of second prizes was twice that of May 1, and the number of third prizes was four times that of May 1. On May 3, the number of first prizes drawn was the same as on May 1, the number of second prizes was four times that of May 1, and the number of third prizes was twice that of May	calculation	460	The solution of a linear equation in two variables###The concept of inequality	nan	2022	middle	hard
1411	In an opaque cloth bag, there are 10 red balls, 10 black balls, and 10 white balls, all of the same size and texture. To ensure that at least 2 balls of the same color are drawn, at least \ul{　 　} balls must be drawn. To ensure that balls of all three colors are drawn, at least \ul{　 　} balls must be drawn.	calculation	4; 21	Pigeonhole Principle	"Solution: 3+1=4 (balls); 10+10+1=21 (balls).  
Thus, the answers are: 4; 21.  

Analysis: Consider the three colors as three drawers. In the worst case scenario, after picking one ball of each color and then picking one more, at least one drawer will have two balls of the same color, totaling 4 balls picked. To ensure that all three colors are picked, in the worst case, two colors could have been picked already, so picking one more ensures all three colors are present, totaling 21 balls picked."	2023	middle	hard
1451	\(\frac{2 \times 2}{1 \times 3} + \frac{4 \times 4}{3 \times 5} + \frac{6 \times 6}{5 \times 7} + \frac{8 \times 8}{7 \times 9} + \frac{10 \times 10}{9 \times 11}\)	calculation	"\(\frac{2 \times 2}{1 \times 3} + \frac{4 \times 4}{3 \times 5} + \frac{6 \times 6}{5 \times 7} + \frac{8 \times 8}{7 \times 9} + \frac{10 \times 10}{9 \times 11}\)\(= 1 + \frac{1}{1 \times 3} + 1 + \frac{1}{3 \times 5} + 1 + \frac{1}{5 \times 7} + 1 + \frac{1}{7 \times 9} + 1 + \frac{1}{9 \times 11}\)

\(= (1 + 1 + 1 + 1 + 1) + (\frac{1}{1 \times 3} + \frac{1}{3 \times 5} +"	Four operations of fractions mixed calculation###Conversion between mixed numbers and improper fractions	[Analysis] First, separate the integer part. Add the integers and fractions separately, then decompose the fractions for summation to obtain the result.	2024	middle	hard
1601	"It is known that the system of inequalities with respect to \(x\): \(\left\{ \begin{array}{r} 5x > 3x + 2 \\ 2x \leq 8 + 2a \end{array} \right.\ \) has exactly 4 integer solutions. Then the range of values for \(a\) is (       ).
A. \(1 < a \leq 2\) B. \(a > 2\) C. \(a < 1\) D. \(1 \leq a < 2\)"	calculation	D	Parameter-related problems in systems of linear inequalities	"Solution: Solve the system of inequalities \(\left\{ \begin{array}{r} 5x > 3x + 2 \\ 2x \leq 8 + 2a \end{array} \right.\ \) to get: \(1 < x \leq 4 + a,\)

Since the system of inequalities concerning \(x\) \(\left\{ \begin{array}{r} 5x > 3x + 2 \\ 2x \leq 8 + 2a \end{array} \right.\ \) has four integer solutions, which are 2, 3, 4, 5,

Thus, \(5 \leq 4 + a < 6,\)

Solving gives: \(1 \leq a < 2,\)

Therefore, the answer is: D.

Analysis: First, find the solution set of the inequality system, and based on the given information"	2024	middle	medium
1652	"A store sold two different shirts at the same price, making a 20% profit on one and incurring a 20% loss on the other. During this transaction, the store (  )  
A. made a profit  
B. incurred a loss  
C. broke even  
D. cannot be determined"	calculation	B	The practical application of addition and subtraction of polynomials	"Solution: Let the selling price be \(a\) yuan. 

Therefore, the cost for profit is \(\frac{a}{1 + 20\%} = \frac{a}{1.2}\), and the cost for loss is \(\frac{a}{1 - 20\%} = \frac{a}{0.8}\). 

Since \(2a - \frac{a}{1.2} - \frac{a}{0.8} = - \frac{a}{12} < 0\), 

it results in a loss. 

Thus, the choice is B.

Analysis: Let the selling price be \(a\) yuan. Calculate the costs for both profit and loss scenarios, and solve using \(2a - \frac{a}{1.2} - \frac{a}{0.8} = - \frac{a}{12} < 0\)."	2024	middle	medium
2031	First simplify, then evaluate: \((\frac{1}{x - 1} - \frac{x + 2}{x^{2} - 1}) \div \frac{1}{x - 1}\), where \(x = \sqrt{3} - 1\).	calculation	"Solution:  
The original expression \(= \left[\frac{x + 1}{(x + 1)(x - 1)} - \frac{x + 2}{(x + 1)(x - 1)}\right] \cdot (x - 1)\)  
\(= \frac{-1}{(x + 1)(x - 1)} \cdot (x - 1)\)  
\(= - \frac{1}{x + 1}\).  

When \(x = \sqrt{3} - 1\),  
the original expression \(= - \frac{1}{\sqrt{3} - 1 + 1} = - \frac{1}{\sqrt{3}} = - \frac{\sqrt{3}}{3}\)."	Denominator rationalization###Simplifying and evaluating rational expressions - direct substitution	[Analysis] First, simplify using the mixed operations of fractions, then directly substitute the values, and rationalize the denominator to solve.	others	middle	medium
1806	"Calculate:

(1) \(2.16 \times 10^{7} \div \left( 9 \times 10^{4} \right).\)

(2) \(- 2^{4} \div \frac{4}{9} \times \left( - \frac{3}{2} \right)^{2}.\)

(3) \(- 5^{2} - \left[ - 4 + \left( 1 - 0.2 \times \frac{1}{5} \right) \div ( - 2) \right].\)"	calculation	"(1) Solution: Original expression = (2.16÷9)×(10\textsuperscript{7}÷10\textsuperscript{4})  
= 2.4×10\textsuperscript{2}

(2) Solution: Original expression \(= -16 \times \frac{9}{4} \times \frac{9}{4}\)  
= -81

(3) Solution: Original expression \(= -25 - \left\lbrack -4 + \left( 1 - \frac{1}{25} \right) \div ( -2) \right\rbrack\)  
\(= -25 - \left\lbrack -4 + \frac{24}{25} \times \left( - \frac{1}{2} \right) \right\rbrack\)  
\(= -25 + 4\frac{12}{25}\)  
\("	Rules of Mixed Operations for Rational Numbers (Including Exponentiation)###Multiplication of numbers expressed in scientific notation	nan	others	middle	medium
3529	"Regarding the system of equations \(\left\{ \begin{array}{r} 3x + 2y = 12 \\ ax - by = 1 \end{array} \right.\ \) and \(\left\{ \begin{array}{r} y = 2x - 1 \\ bx + ay = 21 \end{array} \right.\ \) having the same solution:
(1) Find this common solution.
(2) Find the square root of \(a - b\)."	calculation	"(1) \(\left\{ \begin{array}{r} x = 2 \\ y = 3 \end{array} \right.\ \)
(2) \(\pm \sqrt{2}\)"	Elimination method to solve a system of linear equations in two variables###Square root (finding the square root)###The problem of common solutions for systems of linear equations in two variables	nan	2024	middle	medium
2192	"Calculate:
(1) \(\frac{10a^{3}bc}{- 5a^{2}b^{3}c^{2}}\);
(2) \(\frac{a^{3} - 4ab^{2}}{a^{2} - 4ab + 4b^{2}}\);
(3) \(\frac{- 3ab}{x} \cdot \frac{2x^{2}}{9a^{2}b}\);
(4) \(\frac{x^{2} - 9}{x^{2} - 6x + 9}\);
(5) \(\frac{9ab^{2}}{a^{2} - b^{2}} \cdot \frac{5a - 5b}{3a^{2}b}\);
(6) \(\frac{x^{2} - y^{2}}{4x^{2} + 12xy} \div \frac"	calculation	"(1) Solution: \(\frac{10a^{3}bc}{- 5a^{2}b^{3}c^{2}}\)=\(- \frac{2a}{b^{2}c}\).

(2) Solution: \(\frac{a^{3} - 4ab^{2}}{a^{2} - 4ab + 4b^{2}}\)
=\(\frac{a(a + 2b)(a - 2b)}{{(a - 2b)}^{2}}\)
=\(\frac{a(a + 2b)}{a - 2b}\)
=\(\frac{a^{2} + 2ab}{a - 2b}\).

(3) Solution: \(\frac{- 3ab}{x} \cdot \frac{2x^{2}}{9a^{2}b}\)
=\(\frac{- 1}{1} \cdot \"	The concept of common factors###Factorization - Formula Method###Multiplication and Division of Fractions###Simplify fractions	"[Analysis]
(1) Simplify by directly canceling the common factor or common divisor in the numerator and denominator of the fraction;

(2) First factor the numerator and denominator, then simplify by canceling common factors;

(3) To multiply two fractions, first simplify by canceling in the numerator and denominator, then multiply;

(4) First factor the numerator and denominator, then simplify by canceling common factors;

(5) To multiply two fractions, first factor the numerators and denominators respectively, then simplify by canceling common factors;

(6) To divide two fractions, first change division to multiplication, then factor the numerators and denominators, and simplify by canceling common factors;

(7) To divide two fractions, first change division to multiplication, then factor numerators and denominators, and simplify by canceling common factors;

(8) To multiply two fractions, first factor numerators and denominators respectively, then simplify by canceling common factors.

(1)"	2022	middle	medium
2238	"As living standards continue to rise, people's health awareness gradually increases, and more and more people regard fitness as a fashionable lifestyle. A merchant seizes the opportunity to launch a promotional activity, offering customers two discount options:
Option 1: Buy one sports jacket and get one sweatshirt for free;
Option 2: Buy both the sports jacket and the sweatshirt at an 80% discount off their respective list prices.

The list price for each sports jacket is 300 yuan, and each sweatshirt is 100 yuan. During the promotional period, a certain club plans to purchase 100 sports jackets and \( x \) sweatshirts (\( x \geq 100 \)) from the mall.
(1) The payment required for Option 1 is: \_\_\_\_\_\_ yuan, and for Option 2 is: \_\_\_\_\_\_ yuan;
(2) When \( x = 150 \), please calculate and compare which of the two options is more cost-effective;"	calculation	"(1) \(100x + 20000\), \(80x + 24000\)  
(2) Plan 1: 35,000 yuan, Plan 2: 36,000 yuan, Plan 1 is more cost-effective.  
(3) Plan 1: Purchase 100 sports jackets, Plan 2: Purchase 200 hoodies."	The Practical Application of Linear Equations: Scheme Selection Problem###Practical Application of Linear Functions - Solution Problem	nan	2024	middle	medium
5102	"Solve the equations:  
(1) \(\frac{2}{3}x = \frac{4}{5}\)  
(2) \(\frac{1}{4} + 4x = \frac{1}{2}\)  
(3) \(\frac{2}{3}x \div \frac{1}{4} = 8\)  
(4) \(3x - 4 \times \frac{2}{3} = \frac{1}{5}\)"	calculation	"(1) \(x = \frac{6}{5}\)  
(2) \(x = \frac{1}{16}\)  
(3) \(x = 3\)  
(4) \(x = \frac{43}{45}\)"	Solve the proportion	nan	2024	middle	easy
2645	"The number whose opposite is equal to itself is \ul{　 　}.
(2) The number whose reciprocal is equal to itself is \ul{　 　}.
(3) The number whose square root is equal to itself is \ul{　 　}.
(4) The number whose arithmetic square root is equal to itself is \ul{　 　}.
(5) The number whose cubic root is equal to itself is \ul{　 　}."	calculation	"(1) 0  
(2) ±1  
(3) 0  
(4) 0 and 1  
(5) ±1 and 0"	The reciprocal of a rational number###The properties of the arithmetic square root (double non-negativity)###Determine whether two numbers are opposites.###Properties of the Square Root###Using cube roots to find unknowns	"Solution:  
(1) The number whose opposite is equal to itself is 0,  
so the answer is: 0;  
(2) The number whose reciprocal is equal to itself is ±1,  
so the answer is: ±1;  
(3) The number whose square root is equal to itself is 0,  
so the answer is: 0;  
(4) The numbers whose arithmetic square root is equal to themselves are 0 and 1,  
so the answer is: 0 and 1;  
(5) The numbers whose cube root is equal to themselves are ±1 and 0,  
so the answer is: ±1 and 0.  

Analysis:  
(1) Solvable by the definition of opposite number;  
(2) Solvable by the definition of reciprocal;  
(3) Solvable by the definition of square root;  
(4) Solvable by the definition of arithmetic square"	others	middle	medium
3063	A certain pool has an inlet pipe A and an outlet pipe B. It is known that when pipe A is open alone, it takes 6 hours to fill the pool, and when pipe B is open alone, it takes 9 hours to drain the entire pool. When both pipe A and pipe B are open simultaneously, it takes \underline{ } hours for the pool to reach \(\frac{1}{3}\) of its full capacity.	calculation	6	The Practical Application of Linear Equations - Engineering Problems	nan	2024	middle	medium
2972	"The following numbers: \(\frac{22}{7}\), -3.17, 0, -0.4, 0.7, among them, the number of positive rational numbers is (     )
A. 2 B. 3 C. 4 D. 5"	calculation	A	The concept and classification of positive and negative numbers	"Answer: The positive rational numbers are \(\frac{22}{7}\) and 0.7.\\
Therefore, the answer is: A\\
Analysis: Definition of positive rational numbers: rational numbers that are greater than 0, including positive integers and positive fractions. Just judge based on the definition."	others	middle	medium
4670	"The following calculation is correct (      )
A. \(a^{3} \cdot a^{4} = a^{12}\) B. \(\left( - a^{- 1}b^{- 3} \right)^{- 2} = - a^{2}b^{6}\)
C. \(6a^{6} \div 2a^{3} = 3a^{2}\) D. \((a - b)\left( a^{2} + ab + b^{2} \right) = a^{3} - b^{3}\)"	calculation	D	Polynomial multiplied by polynomial###Monomial divided by monomial###Operations of integer exponents	nan	2023	middle	easy
3064	A small ball falls on a point \( P_0 \) on the number line. The first time, it jumps 1 unit to the left to point \( P_1 \), the second time it jumps 2 units to the right to point \( P_2 \), the third time it jumps 3 units to the left to point \( P_3 \), the fourth time it jumps 4 units to the right to point \( P_4 \), and so on. After 100 jumps following this pattern, it lands on a point \( P_{100} \) on the number line, which represents the number 2024. The number represented by the initial position point \( P_0 \) is \uline{\hspace{2em}}.	calculation	1974	Representation of rational numbers on the number line###Number line jump model (dynamic pattern model)	"Solution:

Let the initial position point \(P_{0}\) represent the number \(a\).

Since a small ball falls on a certain point \(P_{0}\) on the number line, the first time it jumps 1 unit to the left to \(P_{1}\), the second time it jumps 2 units to the right to \(P_{2}\), the third time it jumps 3 units to the left to \(P_{3}\), and the fourth time it jumps 4 units to the right to \(P_{4}\), and so on...

Thus, every two jumps, the ball effectively jumps 1 unit to the right.

Given that after 100 jumps, it lands on the point \(P_{100}\) which represents the number 2024.

From the problem, we know \(a + 50 = 2024\),

Solving this, we find \(a = 1974\).

Therefore, the number represented by the initial position"	others	middle	medium
3072	"Read the following materials:
From elementary school, we know that fractions can be divided into ""proper fractions"" and ""improper fractions"", and all improper fractions can be converted to mixed numbers. For example, \(\frac{8}{3} = \frac{6 + 2}{3} = 2 + \frac{2}{3} = 2\frac{2}{3}\).

We define that in algebraic fractions with only one variable, when the degree of the numerator is greater than or equal to the degree of the denominator, it is called an ""improper rational function""; when the degree of the numerator is less than the degree of the denominator, it is called a ""proper rational function.""

For example, \(\frac{x - 1}{x + 1}\), \(\frac{x + 1}{x - 2}\), \(\frac{x^{2}}{x + 2}\), \(\frac{x^{2}}{x"	calculation	"(1) True  
(2) \(2 - \frac{2}{x + 3}\), the value of \(x\) is \(0\), \(-2\), \(2\), or \(-4\);  
(3) The minimum value is \(8\)"	The concept of fractional expressions###The value of a fraction	nan	2023	middle	medium
3354	"A certain company’s e-commerce platform sells three types of jump ropes: A, B, and C. It is known that the selling price of one B jump rope is 5 yuan more than that of one A jump rope, and the selling price of one C jump rope is three times that of one A jump rope. The number of C jump ropes you can buy with 360 yuan is three times the number of B jump ropes you can buy with 60 yuan.  
(1) What are the selling prices of each jump rope A, B, and C?  
(2) The e-commerce offers the following sales plan: A total of 80 jump ropes consisting of A, B, and C types, where the number of B jump ropes is twice the number of C jump ropes, and the combined number of A and C jump ropes does not exceed three times the number of B jump ropes. Please calculate the minimum cost for a school gym teacher to purchase 80 jump ropes according"	calculation	"(1) The prices for skipping ropes A, B, and C are 10 yuan, 15 yuan, and 30 yuan each, respectively.  
(2) According to this plan, purchasing 80 skipping ropes requires at least 1100 yuan."	The practical application of rational equations###The application of linear inequalities with one variable###The Practical Application of Linear Functions - Sales Problems	nan	2024	middle	medium
3761	"Use a calculator to compute:
(1) 357 + (-154) + 26 + (-212);
(2) -5.13 + 4.62 + (-8.47) - (-2.3);
(3) 26 × (-41) + (-35) × (-17);
(4) 1.252 ÷ (-44) - (-356) ÷ (-0.196) (keep the result to three decimal places)."	calculation	"(1) Solution: The original expression = 357 - 154 + 26 - 212 = 17;
(2) Solution: The original expression = -5.13 + 4.62 - 8.47 + 2.3 = -6.68;
(3) Solution: The original expression = -26 × 41 + 35 × 17 = -1066 + 595 = -471;
(4) Solution: The original expression = -0.028 - 1816.327 = -1816.355."	Rules for mixed operations of addition, subtraction, multiplication, and division of rational numbers###Addition and subtraction of rational numbers###Calculator - Mixed Operations of Rational Numbers	"Analysis:

(1) First, use the rule of removing brackets to write the expression in a form that omits plus signs and brackets, then use a calculator to sequentially calculate the addition and subtraction of rational numbers.

(2) First, use the rule of removing brackets to write the expression in a form that omits plus signs and brackets, then use a calculator to sequentially calculate the addition and subtraction of rational numbers.

(3) First, calculate the multiplication; determine the sign of the product according to the rule of multiplication of rational numbers, then use a calculator for multiplication, and finally use a calculator for subtraction.

(4) First, calculate the division; determine the sign of the quotient according to the rule of division of rational numbers, then use a calculator for division, and finally use a calculator for subtraction."	others	middle	medium
5001	Calculate: \(2(\overrightarrow{a} - 2\overrightarrow{b}) - 3(\overrightarrow{a} + \overrightarrow{b}) =\)\ul{　 　}	calculation	\(- \overset{\rightarrow}{a} - 7\overset{\rightarrow}{b}\)	Linear operations of vectors	nan	2024	middle	easy
5016	"In 2021, the country implemented a national COVID-19 vaccine inoculation plan. To investigate the awareness of urban and rural residents regarding issues related to COVID-19 vaccination (scored out of 100), questionnaires from 25 residents each from two communities, A and B, were randomly selected. The summarized data is as follows:

Community A: 95, 85, 98, 86, 77, 87, 96, 88, 91, 89, 89, 91, 90, 79, 91, 91, 80, 91, 92, 80, 93, 95, 97, 98, 86

Community B: 90, 95, 69, 79, 98, 86, 89, 89, 96, 90, 92, 90, 79, 90, 90, 91, 87,"	calculation	"(1) 3, 10  
(2) \(c = 91, d = 90\)  
(3) Residents in Community A have a good understanding of issues related to COVID-19 vaccination. Reason: The median understanding level of residents in Community A regarding COVID-19 vaccination issues is relatively high."	Frequency (rate) distribution table###Median###Mode	nan	2024	middle	easy
5095	"Directly write the results.

\(320 + 60 =\) \(420 \div 70 =\) \(2.5 - 1.4 =\) \(2.5 \times 0.8 =\)  
\(0.48 \times \frac{3}{8} =\) \(\frac{1}{2} \div \frac{1}{6} =\) \(0.6 - \frac{1}{5} =\) \(\frac{4}{9} \times 3 \div \frac{4}{9} \times 3 =\)"	calculation	\(380\), \(6\), \(1.1\), \(2\), \(0.18\), \(3\), \(0.4\), \(9\)	Division of a fraction by an integer	nan	2024	middle	easy
5447	"The ancient Chinese mathematical book ""Siyuan Yujian"" records the ""Two Fruits Pricing"" problem: ""With 999 wen of money, buy 1,000 sweet and bitter fruits. Nine sweet fruits cost eleven wen, and seven bitter fruits cost four wen. How many sweet and bitter fruits are bought? Also, how much does each cost?"" The gist is: With 999 wen, a total of 1,000 sweet and bitter fruits are bought. Knowing that nine sweet fruits cost eleven wen and seven bitter fruits cost four wen, how many sweet and bitter fruits are bought? How many wen are needed to buy sweet and bitter fruits separately? Let \(x\) represent the number of sweet fruits bought and \(y\) the number of bitter fruits bought. Among the following systems of linear equations in two variables, which fits the meaning of the problem? 
A. \(\left\{ \begin{array}{r}
x + y = 1000 \\"	calculation	C	Application of Simultaneous Linear Equations with Two Variables - Ancient Mathematical Problems	nan	2024	middle	easy
