index	question	category	A	B	C	D	answer	knowledge	analysis	year	grade_level	difficulty_level
5452	Given that the quadratic equation \((a + c)x^{2} + 2bx + (a + c) = 0\) has two equal real roots, the correct statement among the following is (    )	single_answer_choice	1 may be a root of the equation \(ax^{2} + bx + c = 0\)	0 is definitely not a root of the equation \(ax^{2} + bx + c = 0\)	\(- 1\) cannot be a root of the equation \(ax^{2} + bx + c = 0\)	1 and \(- 1\) are both roots of the equation \(ax^{2} + bx + c = 0\)	C	The roots of a quadratic equation.	nan	2024	middle	easy
4567	The correct statement is (      )  	single_answer_choice	8 is a monomial  	The degree of the monomial \(2^{3}xy\) is 5  	The coefficient of the monomial \(- \frac{2x^{2}y}{5}\) is \(- 2\)  	\(a^{3} + 2a^{2} - 1\) is a quintic polynomial	A	The concept of a monomial###The degree and coefficient of a monomial.###Terms, coefficients, and degree of a polynomial	nan	2024	middle	easy
609	The correct statement is (      )  	single_answer_choice	\(ab\) has no coefficient  	\(\frac{x + 1}{3}\) is a monomial  	\(-xy^{2}\) is a monomial  	\(\frac{1}{3}\) is not a monomial	C	The concept of a monomial###The concept of polynomial###The degree and coefficient of a monomial.	nan	2024	middle	easy
3970	The following transformation is incorrect ( ):	single_answer_choice	If \(2 - 3x = 2x - 3\), then \(2 + 3 = 2x + 3x\)	If \(-2x = 3\), then \(\frac{-2x}{-2} = \frac{3}{-2}\)	If \(x^{2} = 2x\), then \(x = 2\)	If \(4x = 4y\), then \(x = y\)	C	The basic properties of equations	nan	2023	middle	easy
4956	The correct statement among the following is (     ):	single_answer_choice	It is suitable to use sampling inspections for checking the components of the Shenzhou 15 spacecraft.	Two people, A and B, each conducted 10 shooting tests with the same average score. Their variances are \(s_{A}^{2} = 3.2\), \(s_{B}^{2} = 1\), indicating that B's shooting scores are more consistent.	For the data set \(3\), \(6\), \(6\), \(5\), \(8\), \(2\), the mode is \(6\) and the median is \(5\).	If the probability of winning a certain lottery is \(\frac{1}{100}\), buying 100 tickets of this lottery will guarantee a win.	B	Comprehensive survey and sampling survey###Median###Variance###Mode	nan	2023	middle	easy
4046	If both \(x\) and \(y\) in the fraction \(\frac{xy}{x + y}\) (\(x\) and \(y\) are both not equal to \(0\) and \(x + y \neq 0\)) are increased to 5 times their original values, then the value of the fraction will (     )	single_answer_choice	become 5 times the original 	remain unchanged 	become \(\frac{1}{5}\) of the original 	become 10 times the original	A	The basic properties of fractions	nan	2023	middle	easy
898	In order to measure the depth of a mine shaft, a stone is dropped from the entrance, and the sound of it hitting the bottom is heard 6.5 seconds later. Given that the speed of sound is 330 meters/second and the distance \(s\) a stone falls from the entrance in time \(t\) is described by the equation \(s = \frac{1}{2}gt^{2}\) (where \(g\) is 10 meters/second\(^2\)). If it takes \(x\) seconds for the stone to reach the bottom from the entrance, the equation can be set up as:  	single_answer_choice	\(330x = 5x^{2}\)  	\(330(6.5 + x) = 5x^{2}\)  	\(330(6.5 - x) = 5x^{2}\)  	\(330 \times 6.5 = 5x	C	Other Applications of Quadratic Equations	nan	2024	middle	easy
901	The following statement is incorrect (    ):	single_answer_choice	A plane can cut a cube and the cross-section may be a triangle	A pentagonal prism has 10 vertices	A triangular prism has 3 faces	"Raindrops falling and forming rain streaks is a phenomenon of ""point moving to form a line"""	C	Points, lines, surfaces, bodies, and their interconnections###Cut a geometric solid###Characteristics of the vertices, edges, and faces of a rectangular prism	nan	2024	middle	easy
4037	The event that is a certainty among the following is ( ):	single_answer_choice	Usually, when the temperature drops below 0 degrees Celsius, pure water freezes.	Tossing a coin and it lands heads up.	Buying a random movie ticket and the seat number is 3.	A car approaching a traffic light and the light is green.	A	Classification of Events	nan	2024	middle	easy
1043	The correct transformation of the following equations is (     )	single_answer_choice	If \(\frac{x}{2} - 1 = \frac{x - 1}{3}\), then \(2x - 6 = 3(x - 1)\)	If \(2 - 3(x - 1) = 6\), then \(2 - 3x + 3 = 6\)	If \(6 - 4x = 2x + 8\), then \(4x - 2x = 8 - 6\)	If \(- 3x = 15\), then \(x = - \frac{1}{5}\)	B	Solve the linear equation with parentheses.###Solving a linear equation with fractional coefficients	nan	2024	middle	easy
1378	On the clock face from 3 o'clock to 4 o'clock, the times when the hour and minute hands form a \(60{^\circ}\) angle are:  	single_answer_choice	3:30 and 3\(\frac{80}{11}\)  	3\(\frac{60}{11}\) and 3\(\frac{280}{11}\)  	3\(\frac{80}{11}\) and 3\(\frac{240}{11}\)  	3\(\frac{60}{11}\) and 3\(\frac{300}{11}\)	D	Clock angle, azimuth angle	"[Answer] Solution: The clock face is divided into 12 large intervals, so each large interval is 30°. Each large interval is divided into 5 smaller intervals. Therefore, the hour hand moves one large interval per hour, which is 60°, and 0.5° per minute. The minute hand completes one full rotation per hour and moves one small interval per minute, which is 6°. There are two situations for the hour and minute hands to form an angle:

① Before the minute hand overlaps with the hour hand: Assume it is 3:x o'clock, and the angle between the hour and minute hands is 60°. According to the problem, 90 + 0.5x - 6x = 60°, solving gives: x = \(\frac{60}{11}\);

② After the minute hand overlaps with the hour hand: Assume it is 3:y o'clock, and the angle between the hour and minute hands is 60°. According"	2023	middle	hard
1708	When A was B's current age, B was 15 years old; when B was A's current age, A was 30 years old. Therefore, (     )	single_answer_choice	A is 5 years older than B	A is 10 years older than B	B is 10 years older than A	B is 5 years older than A	A	Other Applications of Systems of Linear Equations in Two Variables	nan	2024	middle	medium
5792	The following algebraic expression is incorrectly described in words (    )  	single_answer_choice	\(x^{2} - 2xy + y^{2}\) represents the sum of the squares of x and y minus twice their product  	\(a + 5b\) represents the sum of a and five times b  	\(x^{2} + y^{2}\) represents the square of the sum of x and y  	\((x - y)(x + y)\) represents the product of the sum and difference of x and y	C	The practical significance of algebraic expressions	nan	2024	middle	easy
1770	In △ABC with the following conditions, which one is not a right triangle?	single_answer_choice	∠A + ∠B = ∠C	∠A - ∠B = ∠C	∠A : ∠B : ∠C = 1 : 2 : 3	∠A = ∠B = 3∠C	D	The properties of a right triangle###Determination of Right Triangles	"Solution: A. If ∠A + ∠B = ∠C, then 2∠C = 180°, so ∠C = 90°, forming a right triangle;  
B. If ∠A - ∠B = ∠C, then 2∠A = 180°, so ∠A = 90°, forming a right triangle;  
C. If ∠A:∠B:∠C = 1:2:3, then ∠A = 180° ÷ 6 = 30°, ∠B = 30° × 2 = 60°, ∠C = 90°, forming a right triangle;  
D. If ∠A = ∠B = 3∠C, then 7∠C = 180°, so ∠C = \(\left( \frac{180}{7} \right)^{\circ}\), ∠A ="	2024	middle	medium
1877	Extend line segment AB to point C, which of the following statements is correct?  	single_answer_choice	Point C is on line segment AB  	Point C is on line AB  	Point C is not on line AB  	Point C is on the extension of line segment BA	B	The positional relationship between points and lines	"[Answer] Solution: ∵ Extend line segment AB to point C,\\
∴ Point C is on the extension of line segment AB, point C is on line AB,\\
∴ Options A, C, and D are incorrect, option B is correct.\\
Therefore, the answer is: B.\\
[Analysis] Extending line segment AB to point C, point C is on the extension of line segment AB, i.e., point C is on line AB but not on line segment AB, nor on the extension of line segment BA, because the extension of line segment BA is essentially the reverse extension of segment 4B. Hence, extending line segment AB to point C, point C is on the extension of line segment AB but not on the extension of segment BA."	others	middle	medium
1996	The correct statement is (   )	single_answer_choice	The smallest positive integer is 0.	\(-a\) is a negative number.	Two numbers with different signs are opposites.	The opposite of \(-a\) is \(a\).	D	The concept of rational numbers###The meaning and properties of opposites###Determine whether two numbers are opposites.	nan	2024	middle	medium
1999	Given that f(1)=2 (taken from the last digit of the result of 1×2), f(2)=6 (taken from the last digit of the result of 2×3), f(3)=2 (taken from the last digit of the result of 3×4), ..., the value of \(f(1) + f(2) + f(3) + \cdots + f(2020)\) is:	single_answer_choice	404	2020 	4040 	4042 	B	Exploring Patterns - Pattern of Terminal Digits	"Solution: According to the problem statement, we have:
f(1) = 2 (take the last digit of the result of 1×2),
f(2) = 6 (take the last digit of the result of 2×3),
f(3) = 2 (take the last digit of the result of 3×4),
f(4) = 0 (take the last digit of the result of 4×5),
f(5) = 0 (take the last digit of the result of 5×6),
f(6) = 2 (take the last digit of the result of 6×7),
f(7) = 6 (take the last digit of the result of 7×8),
...

Pattern found: 2, 6, 2, 0, 0 (a cycle of five numbers),
Therefore, 2020 ÷ 5 = 404,
Thus, 404"	others	middle	medium
2164	For real numbers a and b, the following judgments are given:  	single_answer_choice	 	 	 	 	B	Concept and Representation of Arithmetic Square Root###Properties of the Cube Root	"Answer Explanation:
① If \(|a| = |b|,\) then \(a = \pm b.\) When \(a\) and \(b\) have opposite signs, \(\sqrt{a}, \sqrt{b}\) may not be meaningful, so ① is incorrect.
② If \(|a| < |b|,\) when \(a\) and \(b\) are both negative numbers, \(a > b,\) so ② is incorrect.
③ If \(a = -b,\) then \(a\) and \(b\) are opposites, so \(a^2 = b^2,\) thus ③ is correct.
④ If \(a = -b,\) then \(a\) and \(b\) are opposites, so \(\sqrt[3]{a} + \sqrt[3]{b} = 0,\) thus ④ is correct.
In conclusion, the correct judgments are ③"	others	middle	medium
2217	A ship travels 90 kilometers downstream and 60 kilometers upstream in equal time. If the speed of the current is 2 km/h, find the speed of the ship in still water. Let the speed of the ship in still water be \(x\) km/h. Then the equation that can be established is (   )	single_answer_choice	\(\frac{90}{x + 2} = \frac{60}{x - 2}\) 	\(\frac{90}{x - 2} = \frac{60}{x + 2}\)	\(\frac{90}{x} + 2 = \frac{60}{x}\) 	\(\frac{60}{x} + 2 = \frac{90}{x}\)	A	Rational equation###The Practical Application of Rational Equations - Distance Problems	"[Answer] Explanation: Let the speed of the boat in still water be \(x\) km/h. According to the problem, we have:

\(\frac{90}{x + 2} = \frac{60}{x - 2}\)

Thus, option A is correct.

[Analysis] First, clarify that the speed downstream equals the speed in still water plus the current speed, and the speed upstream equals the speed in still water minus the current speed. Based on the problem, the downstream speed is \((x + 2)\) km/h, and the upstream speed is \((x - 2)\) km/h. Since the time taken for traveling 90 km downstream is equal to the time taken for covering 60 km upstream, we can set up the equation based on time = distance ÷ speed: \(\frac{90}{x + 2} = \frac{60}{x - 2}\)."	2024	middle	medium
2368	A shopping mall sells a product, which costs 40 yuan to purchase, at 50 yuan, selling 500 units. Market research reveals that if the price per product increases by 1 yuan, the sales volume will decrease by 10 units. To ensure a profit of 8,000 yuan, what should be the selling price per product? The equation formulated by Xiaoming based on the problem is (500-10x)(10+x)=8000. The incorrect understanding of this equation is:  	single_answer_choice	The meaning of the unknown x is that the price of each product increased by x yuan  	The meaning of the unknown x is that the price of each product is x yuan  	The meaning of the expression (500-10x) is the sales volume  	The meaning of the expression (10+x) is the profit per product	B	The Practical Application of Quadratic Equations - Sales Problems###Write a quadratic equation in one variable.	"Solution: Let each item's price increase by \( x \) yuan. According to the problem, we have (500 - 10\( x \))(10 + \( x \)) = 8000. Thus, the answer is \( B \).

Analysis: This problem tests the application of a quadratic equation. Let each item increase in price by \( x \) yuan, then the profit per item is (50 - 40 + \( x \)) yuan, and the sales volume is (500 + 10\( x \)) items. The equation of equal quantities is: profit per item × quantity = 8000, forming the equation (500 - 10\( x \))(10 + \( x \)) = 8000. From this, we can determine that \( x \) represents the amount each item increases in price, allowing us to select the correct answer."	2024	middle	medium
4274	Among the following shapes, which one is both centrally symmetric and axially symmetric?  	single_answer_choice	Equilateral triangle  	Trapezoid  	Regular pentagon  	Regular hexagon	D	Axially symmetric figure###Central symmetry and centrally symmetric figures	"Solution: 

A. It is an axisymmetric figure, not a point symmetric figure, so this option does not meet the requirements.

B. It is neither an axisymmetric nor a point symmetric figure, so this option does not meet the requirements.

C. It is an axisymmetric figure, not a point symmetric figure, so this option does not meet the requirements.

D. It is both an axisymmetric and a point symmetric figure, so this option meets the requirements.

Therefore, the answer is: D.

Analysis: Based on the definition of a point symmetric figure (a figure that can be overlapped with its original shape after a 180° rotation around a point) and the definition of an axisymmetric figure (a figure that can be folded along a line with both sides overlapping), options are analyzed one by one to solve it."	2023	middle	easy
2372	The following statement is incorrect (     ):	single_answer_choice	An angle is an axisymmetric figure, and the line of its angle bisector is its axis of symmetry.	The median on one side of a right triangle coincides with the altitude on that side.	The intersection point of the perpendicular bisectors on the three sides of a triangle is equidistant from the three vertices of the angles.	A triangle with two angles of \(60{^\circ}\) is an equilateral triangle.	B	The properties of a perpendicular bisector of a line segment###Criteria for Equilateral Triangle###Axially symmetric figure###The property of an isosceles triangle - three lines coincide	nan	2023	middle	medium
6020	The incorrect statement among the following is (      )	single_answer_choice	A parallelogram with one pair of adjacent sides equal is a rhombus.	The equation \(x^{2} - 2x + 2 = 0\) has no real roots.	If point C is the golden section point of line segment AB (\(AB = 8cm, AC > BC\)), then \(AC = 4(\sqrt{5} - 1)cm\).	Two right triangles are always similar.	D	Determination of a Rhombus###Golden Ratio###Determination of Similar Triangles	nan	2024	middle	easy
4618	The incorrect statement among the following is (     )  	single_answer_choice	A quadrilateral with two pairs of equal opposite sides is a parallelogram.  	A quadrilateral with all four sides equal is a rhombus.  	The diagonals of a rectangle are equal.  	A quadrilateral with equal diagonals is a rectangle.	D	Determination of a Parallelogram###Determination of a Rhombus###Properties of a Rectangle###Determination of a Rectangle	nan	2023	middle	easy
2670	The true statement among the following is (     )	single_answer_choice	Each interior angle of a regular hexagon is \(120{^\circ}\)	The sum of the exterior angles of a regular hexagon is greater than that of a regular pentagon	A triangle with one angle of \(60{^\circ}\) is an equilateral triangle	A quadrilateral with equal diagonals is a rectangle	A	Criteria and Properties of Equilateral Triangles###Interior and exterior angles of a polygon###Determination of a Rectangle###Properties of Regular Polygons###True Proposition and False Proposition	Solution: A. Each interior angle of a regular hexagon is \(120{^\circ}\), which is a true statement; B. The exterior angle sum of a regular hexagon is equal to that of a regular pentagon, which is a false statement; C. An isosceles triangle with one angle of \(60{^\circ}\) is an equilateral triangle, which is a false statement; D. A quadrilateral with equal and bisected diagonals is a rectangle, which is a false statement; Therefore, the answer is: A Analysis: The solution can be derived by combining the properties of regular polygons, exterior angles of polygons, the determination of equilateral triangles, and the identification of rectangles with the determination of true or false statements.	2023	middle	medium
6013	The correct statement is (     )	single_answer_choice	Congruent triangles refer to two triangles with the same shape.	Congruent triangles have equal areas.	Congruent triangles refer to two triangles with equal areas.	All equilateral triangles are congruent.	B	Congruence of Triangles and Their Properties	nan	2024	middle	easy
4756	The condition under which \(\bigtriangleup ABC ≌ \bigtriangleup DEF\) can be determined is ( )	single_answer_choice	\(AB = AE, AC = DF,\) \(\angle B = \angle E\)  	\(\angle A = \angle D\), \(\angle B = \angle E\), \(AC = DE\)  	\(\angle A = \angle D\), \(\angle B = \angle E\), \(AB = EF\)  	\(AB = DE\), \(\angle B = \angle E = 90{^\circ}\), \(AC = DF\)	D	Criteria for Triangle Congruence	nan	2023	middle	easy
3434	"Title: ""In \(\triangle ABC\), \(AB = 15\), \(AC = 13\), \(\sin B = \frac{4}{5}\), find the length of \(BC\)."" For the answers, A says: ""The length of \(BC\) is \(14\),"" B says: ""The length of \(BC\) is \(5\),"" and C says: ""The length of \(BC\) is \(4\),"" which one is correct (     )"	single_answer_choice	Only A's answer is correct	A and C's answers together are complete	A and B's answers together are complete	All three answers together are complete	B	Pythagorean theorem###Solve right triangle###Given the sine value, find the side length.	nan	2023	middle	medium
4054	The correct statement is ( )	single_answer_choice	If AC = BC, then point C is the midpoint of segment AB.	If ∠AOC = \(\frac{1}{2}\)∠AOB, then OC is the bisector of ∠AOB.	The length of the line segment connecting two points is called the distance between the two points.	Extend the straight line AB.	C	The properties of angle bisectors###Simple calculations of the sum, difference, multiplication, and division of line segments.	nan	2023	middle	easy
5319	Among the following propositions, the true statement is (　　)	single_answer_choice	If \(\sqrt{a^{2}} = \sqrt{b^{2}}\), then \(a = b\)	If \(a = b\), then \(ac = bc\)	Two parallel lines intersected by a third line have equal interior angles on the same side	In \(\bigtriangleup ABC\), if \(\angle A:\angle B:\angle C = 3:4:5\), then \(\bigtriangleup ABC\) is a right triangle	B	The basic properties of equations###Triangle Angle Sum Theorem###The concept of consecutive interior angles###True Proposition and False Proposition###Find the square root.	Solution: A. If \(\sqrt{a^{2}} = \sqrt{b^{2}}\), then \(a = \pm b\), so the original proposition is incorrect and is a false proposition, not meeting the requirements; B. If \(a = b\), then \(ac = bc\), which is correct and a true proposition, meeting the requirements; C. Two parallel lines intercepted by a third line have consecutive interior angles that are supplementary, so the original proposition is incorrect, not meeting the requirements; D. In \(\bigtriangleup ABC\), if \(\angle A:\angle B:\angle C = 3:4:5\), then \(\bigtriangleup ABC\) is not a right triangle, so the original proposition is incorrect and is a false proposition, not meeting the requirements; Therefore, the answer is: B. Analysis: Using the definition of square roots, the properties of equality, the properties of parallel lines, and the method	2024	middle	easy
5863	Under the following conditions, which cannot determine that \(\bigtriangleup ABC\) is a right triangle?  	single_answer_choice	\(\angle A = 40{^\circ}\), \(\angle B = 50{^\circ}\)  	\(AB = 3\), \(BC = 4\), \(AC = \sqrt{7}\)  	\(AB = AC\), \(\angle B = 45{^\circ}\)  	\(\angle A = 30{^\circ}\), \(AB = \frac{1}{2}AC\)	D	Triangle Angle Sum Theorem###The converse of the Pythagorean theorem###The properties of an isosceles triangle: equal sides opposite equal angles.	"Solution: 

A, because \(\angle A = 40{^\circ}\), \(\angle B = 50{^\circ}\), 
therefore \(\angle C = 180{^\circ} - 40{^\circ} - 50{^\circ} = 90{^\circ}\), 
thus \(\triangle ABC\) is a right triangle, this option does not meet the requirement;

B, because \(AB = 3\), \(BC = 4\), \(AC = \sqrt{7}\), 
therefore \(AB^{2} + AC^{2} = BC^{2}\), 
hence \(\angle A = 90{^\circ}\), 
thus \(\triangle ABC\) is a right triangle, this option does not meet the requirement;

C, because \(AB = AC\), \(\angle B = 45{^\circ}\), 
therefore \(\angle B = \angle C"	2025	middle	easy
5868	Estimate a circle with a diameter of 60 centimeters, in daily life it might be the surface of (    )  	single_answer_choice	A one-yuan coin  	A manhole cover  	A cup lid  	The area of a yurt	B	Mathematical knowledge	nan	2023	middle	easy
5882	Standard weight is an indicator used to measure physical health. The relationship between the standard weight \(m(\, kg)\) for males and height \(h(\, cm)\) is expressed as: \(m = (h - 80) \cdot 70\%\). The correct statement about \(m\) and \(h\) is (    ):	single_answer_choice	\(m\) is a constant, \(h\) is a variable	Both \(m\) and \(h\) are constants	\(m\) is a variable, \(h\) is a constant	Both \(m\) and \(h\) are variables	D	The concept of a function	nan	2023	middle	easy
