index	question	category	answer	knowledge	analysis	year	grade_level	difficulty_level
3959	"Calculate:  
(1) \(15 + (-4) - (-2)\) = ( );  
(2) \(\frac{7}{3} \div \frac{1}{6} - \frac{1}{2} \times (-4)^{2}\) = ( )."	fill_in_the_blank	13; -4	Addition and subtraction of rational numbers###Rules of Mixed Operations for Rational Numbers (Including Exponentiation)	nan	2023	middle	easy
794	For the quadratic equation \(2x^{2} + 3x + m = 0\) to have two unequal real roots, the range of values for m is ( ).	fill_in_the_blank	\(m < \frac{9}{8}\)	Discriminant of a Quadratic Equation and Its Applications	nan	2024	middle	easy
4366	It is known that in \(\bigtriangleup ABC\), \(\angle A = 2\angle B = 3\angle C\). This triangle is classified by angles as an ( ) triangle.	fill_in_the_blank	Obtuse	Triangle Angle Sum Theorem###Triangle-related concepts###The Practical Application of Linear Equations in One Variable - Geometric Problems	nan	2024	middle	easy
4532	"Calculations:  
(1) \(| - 3.2| + |0 - 5| - \left| 1 + 2\frac{1}{5} \right| = ( )\)  
(2) \(0 - ( + 2) - ( - 1) + ( + 4) - ( - 5) = ( )\)  
(3) \(- 4 + 3 - 2 - 6 = ( )\)  
(4) \(( - 3.125) + ( + 4.75) + \left( - 9\frac{7}{8} \right) + \left( + 5\frac{1}{4} \right) + \left( - 4\frac{2}{3} \right) = ( )\)"	fill_in_the_blank	5; 8; -9; -7⅔	Subtraction rule for rational numbers###Addition and subtraction of rational numbers###Simplify rational numbers containing absolute values.###Addition rule of rational numbers	nan	2024	middle	easy
2288	In the Cartesian coordinate system, find the coordinates of a point that simultaneously satisfies the following two conditions: ① The line \(y = -x + 2\) must pass through such a point; ② For any non-zero value of \(m\), the quadratic function \(y = -mx^{2} + (3 - 2m)x + 3m + 1\) does not pass through such a point. The coordinates of this point are ( ).	fill_in_the_blank	\(\left( \frac{1}{4},\frac{7}{4} \right)\)	Characteristics of the coordinates of points on a quadratic function graph###Characteristics of the coordinates of points on a linear function graph	"Solution: Let the point \((x_{0},y_{0})\) satisfy the above conditions, then \(y_{0} = - x_{0} + 2\). For any real number \(m\), it holds that \(y_{0} \neq - mx_{0}^{2} + (3 - 2m)x_{0} + 3m + 1\).

Eliminating \(y_{0}\) and simplifying gives \(m(x_{0} + 3)(x_{0} - 1) \neq 4x_{0} - 1\). Thus, when \(x_{0} = -3\), 1, or \(\frac{1}{4}\), it satisfies the condition.

Therefore, the points that meet the conditions are \((1,1)\), \((-3,5)\), or \(\left(\frac{1}{4}, \frac{7}{4}\right"	2024	middle	medium
4372	"Observe the following equations:  
① \(\frac{1}{2} + \frac{1}{4} = 1 - \frac{1}{4} = \frac{3}{4}\);  
② \(\frac{1}{2} + \frac{1}{4} + \frac{1}{8} = 1 - \frac{1}{8} = \frac{7}{8}\);  
③ \(\frac{1}{2} + \frac{1}{4} + \frac{1}{8} + \frac{1}{16} = 1 - \frac{1}{16} = \frac{15}{16}\);  
...  
Following this pattern, \(\frac{1}{2} + \frac{1}{4} + \frac{1}{8} + \frac{1}{16} + \frac{1}{32} + \frac{1}{64} =\ ( ) \)."	fill_in_the_blank	\(\frac{63}{64}\)	Exploring the Patterns of Numbers and Expressions###Addition and subtraction of rational numbers	nan	2024	middle	easy
4811	"Among the following propositions, the false one is (    )
A. Congruent triangles have equal areas B. The complements of equal angles are equal
C. The sum of two acute angles is always an obtuse angle D. Two parallel lines have supplementary interior angles on the same side"	fill_in_the_blank	C	Complementary angles, supplementary angles, and their properties###Congruence of Triangles and Their Properties###The concept of consecutive interior angles###True Proposition and False Proposition	nan	2025	middle	easy
3925	The degree of the monomial \(-5x^{3}y^{5}\) is \ul{   }.	fill_in_the_blank	8	The degree and coefficient of a monomial.	nan	2023	middle	easy
836	The numerator of a fraction is doubled, the denominator is reduced to \(\frac{1}{2}\) of its original value, and the fraction becomes ( ) times its original value.	fill_in_the_blank	4	The Fundamental Properties of Fractions	nan	2023	middle	easy
5818	The complement of an acute angle is always a ( ) angle.	fill_in_the_blank	right	Concept and Representation of Angles###Complementary angles, supplementary angles, and their properties	nan	2024	middle	easy
4062	If \(\alpha = 38{^\circ}\), then the complement of \(\alpha\) is ( ).	fill_in_the_blank	52{^\circ}	Complementary angles, supplementary angles, and their properties	nan	2024	middle	easy
4311	In rhombus \(ABCD\), one of the diagonals is \(8\) units long, and side \(AB\) has a length that is a root of the equation \(x^{2} - 8x + 12 = 0\). Then the perimeter of rhombus \(ABCD\) is \ul{　 　}.	fill_in_the_blank	(24)	Factoring Method for Solving Quadratic Equations###The relationship of the three sides of a triangle###Properties of a rhombus	nan	2024	middle	easy
4654	"The symbol \(\lbrack x\rbrack\) is defined to represent the integer part of a real number, for example, \(\left\lbrack \frac{1}{2} \right\rbrack = 0\), \(\left\lbrack \sqrt{10} \right\rbrack = 3\), \(\lbrack 1.23\rbrack = 1\), and it is stipulated that the decimal part of a real number is the real number minus its integer part. Based on this definition, solve the following problems:

(1) \(\left\lbrack \sqrt{14} \right\rbrack =\) ( ) and the decimal part of \(\sqrt{14}\) is ( );  
(2) If a and b are the integer part and the decimal part of \((2\sqrt{5} - 2\sqrt{2}) \times \sqrt{2}\), find \(a =\) ( ) and \(b =\) ( )."	fill_in_the_blank	3; \(\sqrt{14} - 3\); 2; \(2\sqrt{10} - 6\)	Valuation of irrational numbers###Mixed operations of quadratic radicals	nan	2024	middle	easy
4516	Given the inverse proportion function \(y = - \frac{6}{x}\), when \(- 6 \leq x \leq - 1\), the maximum value of the function is \(n\), then \(n =\)\_\_\_.	fill_in_the_blank	6	The concept of inverse proportional function###The properties of an inverse proportional function	nan	2024	middle	easy
998	"Calculate: \(\left| - \sqrt{3} \right| - (4 - \pi)^{0} - 2\sin 60{^\circ} + \left( \frac{1}{4} \right)^{- 1} = ( )\);

(2) Solve the system of equations \(\left\{ \begin{array}{r}
x - y = 4 \\
2x + y = 5
\end{array} \right.\ \) to find \(x = ( )\) and \(y = ( )\)."	fill_in_the_blank	3; 3; -1	Negative integer exponentiation###Find the trigonometric values of special angles.###Elimination method to solve a system of linear equations in two variables	nan	2023	middle	easy
5807	"The following conversion is correct ( )  
A. \(47.28{^\circ} = 47{^\circ}16^{'}48^{''}\)  
B. \(83.5{^\circ} = 83{^\circ}50^{'}\)  
C. \(16{^\circ}5^{'}24^{''} = 16.09{^\circ}\)  
D. \(0.25{^\circ} = 900^{''}\)"	fill_in_the_blank	A, C, D	Common Angle Measurement Units and Conversion	nan	2024	middle	easy
718	A classmate held a coin and spun it forcefully on the table, forming a \ul{　　} body, indicating \ul{　　}.	fill_in_the_blank	Sphere; solid of revolution	Points, lines, surfaces, bodies, and their interconnections	nan	2023	middle	easy
4138	A nine-sided prism has ( ) faces.	fill_in_the_blank	11	Characteristics of the vertices, edges, and faces of a rectangular prism	"Answer: A nine-sided prism has 9 + 2 = 11 faces, therefore the answer is: 11.  
Analysis: Based on the formula that the number of prism faces equals the number of sides of the prism plus the top and bottom surfaces, the answer can be determined."	2024	middle	easy
4368	Given that \(a\) and \(b\) are both natural numbers, the expression that is always a natural number among \(a + b\), \(a - b\), \(a \times b\), and \(a \div b\) is ( ).	fill_in_the_blank	a + b	Subtraction rule for rational numbers###The rules of multiplication of rational numbers###The division rule for rational numbers###Addition rule of rational numbers	nan	2024	middle	easy
696	"The following statement is incorrect ( )  
A. Infinite decimals are irrational numbers  
B. Infinite non-repeating decimals are irrational numbers  
C. 3 is an irrational number  
D. Pi (π) is an irrational number"	fill_in_the_blank	A, C	The concept of irrational numbers	Solution: A. Non-repeating infinite decimals are irrational numbers, this option aligns with the question; B. Non-repeating infinite decimals are irrational numbers, this option does not align with the question; C. 3 is a rational number, this option aligns with the question; D. Pi (π) is an irrational number, this option does not align with the question. Therefore, the answer is: AC. Analysis: Simply judge each item according to the definition of irrational numbers.	2021	middle	easy
5700	Calculate: \((a + 2b - c)(2b - a - c) = ( )\).	fill_in_the_blank	4b^{2} - 4bc + c^{2} - a^{2}	Perfect Square Formula and Applications###Difference of squares formula and its applications.	nan	2022	middle	easy
4594	First simplify and then evaluate: \((2m + 3)(2m - 3) - (m - 1)(m + 5)\), where \(m = -1\). Simplified expression is ( ) and the evaluated result is ( ).	fill_in_the_blank	3m^{2} - 4m - 4; 3	Polynomial multiplied by polynomial###Difference of squares formula and its applications.	nan	2024	middle	easy
4321	Simplify first, then evaluate: \(\left( 1 - \frac{a}{a^{2} + a} \right) \div \frac{a^{2} - 1}{a^{2} + 2a + 1}\), where \(a = \sqrt{2} + 1\). The simplified expression is ( ) and its evaluation for \(a = \sqrt{2} + 1\) is ( ).	fill_in_the_blank	\(\frac{a}{a - 1}\); \(\frac{2 + \sqrt{2}}{2}\)	Simplification and evaluation of rational expressions###Denominator rationalization	nan	2024	middle	easy
6117	If the vertex of the quadratic function \(y = 2(x + m)^{2} + k\) is in the second quadrant, then the ranges of \(m\) and \(k\) are ( ) and ( ).	fill_in_the_blank	\(m > 0\); \(k > 0\)	The relationship between the coordinates of a point and quadrants	nan	2024	middle	easy
3930	"Given \(A = x + 2 - \frac{4}{2 - x}\).

(1) Simplify \(A\): \(A = ( )\);  
(2) When \(x\) satisfies the system of inequalities \(\left\{ \begin{array}{r} x + 2 > 0, \\ x + 1 < 1 \end{array} \right.\), and \(x\) is an integer, find the value of \(A\): \(A = ( )\)."	fill_in_the_blank	\(\frac{x^{2}}{x - 2}\); \(-\frac{1}{3}\)	Simplification and evaluation of rational expressions###Special solutions of a system of linear inequalities	nan	2023	middle	easy
4369	"To demonstrate that the proposition ""If \emph{a+b} > 0, then \emph{a} > 0, \emph{b} > 0"" is a false proposition, then \emph{a} = __, \emph{b} = __."	fill_in_the_blank	2; -1 (The answer is not unique)	Provide a counterexample to determine the truth of a proposition.	"[Solution] Solution: When \(a = 2, b = -1\), \(a + b > 0\), but \(b < 0\), the original proposition is a false statement. \\
Thus, the answer is: 2, -1. \\

[Analysis] Set \(a = 2, b = -1\), substitute and judge."	2024	middle	easy
5898	"Given 2a + 3 = 0, please fill in the blanks according to the following requirements:  
(1) Does 2a = -3 hold true? ( ), Reason: ( );  
(2) a + 3 = ( ), Reason: ( );  
(3) Does 2(2a + 3) = 0 hold true? ( ), Reason: ( );  
(4) a = ( ), Reason: ( )."	fill_in_the_blank	True; Property of equality; -3; Property of equality; True; Property of equality; \(-\frac{3}{2}\); Property of equality	Use the properties of equations to transform the equation.	"Solution:

(1) According to property 1 of equations, adding -3 to both sides of the equation gives 2a = -3.

(2) According to property 1 of equations, adding -a to both sides of the equation gives a + 3 = -a.

(3) According to property 2 of equations, multiplying both sides of the equation by 2 gives 2(2a + 3) = 0.

(4) From (1), we know 2a = -3. According to property 2 of equations, dividing both sides of the equation by 2 gives a = \(-\frac{3}{2}\).

Thus, the answers are: 

(1) Holds, property 1 of equations.

(2) Holds, property 1 of equations.

(3) Holds, property 2 of equations.

(4) Holds, property of equations.

Analysis:

(1) According to the basic properties of equations"	others	middle	easy
5899	Given \(\sqrt{2a - 1} + \sqrt{b + 1} = 0\), then \(a^{2} - b^{2021} =( ) \).	fill_in_the_blank	\(\frac{5}{4}\)	The properties of the arithmetic square root (double non-negativity)###Find the value of the algebraic expression - direct substitution method.	nan	2023	middle	easy
5379	"Calculate:
(1) \(3\sqrt{2} - 2\sqrt{2}\);
(2) \(\left| 1 - \sqrt{3} \right| - \sqrt[3]{27}\)"	fill_in_the_blank	"(1) \(\sqrt{2}\)  
(2) \(\sqrt{3} - 4\)"	Addition and Subtraction of Quadratic Radicals###Simplify rational numbers containing absolute values.###Cube root (finding the cube root)	nan	2024	middle	easy
5758	The absolute value of \(-2\) is ( ), and the opposite number is ( ).	fill_in_the_blank	2; 2	The meaning and properties of opposites###Method for finding the absolute value of a rational number	nan	2023	middle	easy
905	If the function \(y = (m - 2) x^{m^{2} - 2} + 3\) is a quadratic function, then \(m =\_\_\_.\)	fill_in_the_blank	-2	The definition of a quadratic function	nan	2023	middle	easy
3571	The renowned Chinese mathematician Hua Luogeng saw a brain teaser in a magazine asking for the cube root of 59319 while on a trip and immediately gave the correct answer: 39. According to his method, if the cube root of 21952 is also an integer, then this integer is \ul{    }.	fill_in_the_blank	28	Cube root (finding the cube root)###Properties of the Cube Root	"Solution: 

Since \(10^{3} = {1000,100}^{3} = 100000,\)  
Thus, \(\sqrt[3]{21952}\) is a 2-digit number.

Since the unit digit of 21952 is 2,  
Thus, the unit digit of \(\sqrt[3]{21952}\) is 8.

When removing the last three digits (952) from 21952, the remaining number is 21, and \(2^{3} = 8, 3^{3} = 27\),  
Thus, the tens digit of \(\sqrt[3]{21952}\) is 2.

Therefore, \(\sqrt[3]{21952} = 28\).

Hence, the answer is 28.

Analysis: Based on the cube root and following the problem context, the solution can be obtained."	others	middle	medium
5275	"The supermarket has decided to hire an advertising planner. The scores of a candidate in three competency tests are shown in the table:

\[
\begin{array}{|c|c|c|c|}
\hline
\text{Test Item} & \text{Creative Ability} & \text{Comprehensive Knowledge} & \text{Language Expression} \\
\hline
\text{Test Score / Points} & 72 & 70 & 90 \\
\hline
\end{array}
\]

If the scores for creative ability, comprehensive knowledge, and language expression are weighted in a ratio of \(5:3:2\) to calculate the total score, the candidate's total score is ( )."	fill_in_the_blank	75	Weighted Average and Its Calculation	nan	2024	middle	easy
5468	Sixth-grade students planted 100 trees in the spring, and 91 survived, with a survival rate of \(91\%\). They planted 3 more trees, all of which survived, resulting in a survival rate of \(94\%\). ( )	fill_in_the_blank	Impossible (the total number of surviving trees would not yield a 94% survival rate with these numbers)	The Practical Application of Percentages###The practical application of rational number addition.###Practical applications of rational number division	nan	2023	middle	easy
4069	Given that \(x_{1}\) and \(x_{2}\) are the two real roots of the quadratic equation \(2x^{2} - 7x - 12 = 0\), then \(2x_{1}^{2} + 7x_{2} =\)\ul{　 　}.	fill_in_the_blank	36.5	The relationship between the roots and coefficients of a quadratic equation (Vieta's formulas)	nan	2024	middle	easy
5266	The exterior angle of a regular polygon is \(72{^\circ}\), then the number of sides of this regular polygon is \ul{　 　}.	fill_in_the_blank	5	Interior and exterior angles of a polygon	"Solution: Since the sum of the exterior angles of a polygon is \(360{^\circ}\), the number of sides \(= 360{^\circ} \div 72{^\circ} = 5\). Therefore, this regular polygon has 5 sides. Thus, the answer is: 5.

Analysis: According to the property that the sum of the exterior angles of a regular polygon is \(360{^\circ}\), and each exterior angle is equal, dividing \(360{^\circ}\) by the degree of one exterior angle gives the number of exterior angles in the sum, which is the number of sides of the polygon."	2024	middle	easy
4849	The graph of the linear function \(y = (m - 5)x + m - 4\) does not pass through the third quadrant, so the range of values for \(m\) is \ul{　 　}.	fill_in_the_blank	\(4 \leq m \leq 5\)	The relationship between the graph, properties, and coefficients of a linear function	nan	2023	middle	easy
1064	If \(- a^{3}b^{m}\) and \(3a^{n}b\) are like terms, then the value of \(2024m - n\) is ( ).	fill_in_the_blank	2021	The concept of like terms###Find the value of the algebraic expression - direct substitution method.	nan	2024	middle	easy
4324	"Define a new operation:

Observe the following expressions:  
1 ⊙ 3 = 1 × 4 + 3 = 7;  
3 ⊙ (-1) = 3 × 4 - 1 = 11;  
5 ⊙ 4 = 5 × 4 + 4 = 24;  
4 ⊙ (-3) = 4 × 4 - 3 = 13.

(1) Think about: a ⊙ b = ( );  
(2) If a ≠ b, then a ⊙ b ( ) b ⊙ a (fill in ""="" or ""≠"");  
(3) Simplify first, then find the value: (a - b) ⊙ (2a + b), where a = 1, b = 2. The value is ( )."	fill_in_the_blank	4a + b; ≠; 0	Addition and subtraction of polynomials###Practical Applications of Mixed Operations with Rational Numbers	nan	2024	middle	easy
844	"True or False:

(1) Line segment AB and ray AB are both part of line AB; ( )

(2) Line AB and line BA are the same line; ( )

(3) Ray AB and ray BA are the same ray; ( )

(4) Extending a line segment in one direction results in a ray, while extending it in both directions results in a line. ( )"	fill_in_the_blank	"(1) Correct  
(2) Correct  
(3) Incorrect  
(4) Correct"	Line, ray, line segment	"Solution: 

(1) Line segment AB and line segment BA are the same line segment, correct.  
(2) Ray AB and ray BA are the same ray, incorrect.  
(3) Line AB and line BA are the same line, correct.  
(4) Line segment BA and ray AB are both parts of line AB, correct.  

Analysis:  
(1) The conclusion can be determined according to the definitions of line segments and rays.  
(2) The conclusion can be derived based on the definition and representation method of lines.  
(3) According to the definition of rays, only rays with the same endpoint and direction are the same; hence, the conclusion can be determined.  
(4) The conclusion can be determined based on the definitions of line segments, rays, and lines."	others	middle	easy
4136	The area of a certain square green space is \(3.6 \times 10^{5}\). If its side length is expressed in scientific notation as \(a \times 10^{n}\), then \(n =\)\ul{　 　}.	fill_in_the_blank	2	Scientific notation represents numbers greater than 10.###Practical Applications of Arithmetic Square Roots	nan	2023	middle	easy
910	If three times the difference between \( x \) and 2 is 4 more than \( x \), then \( x = \underline{\quad\quad} \).	fill_in_the_blank	5	Form a linear equation in one variable.###Express the quantitative relationships of sum, difference, multiple, and division using algebraic expressions.	"Solution: Based on the given problem, we have:  
3(x-2)-x=4, solving gives: x=5  
Therefore, the answer is: 5  
Analysis: Formulate the equation based on the problem and solve the equation to find the answer."	others	middle	easy
4306	"Before the meeting, while the staff was setting up the venue, two people pulled a rope on the podium, and then used it as a ""guideline"" to arrange the teacups. The mathematical knowledge the staff relied on for this task is ( )."	fill_in_the_blank	Two points determine a straight line.	Two points determine a straight line.	Answer: Solution: According to the problem, we can conclude that the mathematical knowledge the staff relied on is that two points determine a straight line. Therefore, the answer is: two points determine a straight line. Analysis: Based on two points determining a straight line, the answer can be obtained.	others	middle	easy
5062	The square root of 25 is ( ) and the cube root of \(- \frac{8}{27}\) is ( ).	fill_in_the_blank	±5; -⅔	Square root (finding the square root)###Cube root (finding the cube root)	nan	2024	middle	easy
5610	"In a science museum's ""Math and Physics World"" exhibition hall, the Wi-Fi password is designed to be the math problem shown. When Xiaodong visited, he thoughtfully considered the problem, entered the password, and successfully connected to the network. The number at the ""?"" position is ( ).

Username: \(shulishijie\)  
Password: First four digits: \(SLSJ\)  
Last four digits: ?

\[
\begin{array}{r}
\left[ x^{19}y^{8}z^{8} \right] = 1988 \\
\left[ x^{2}yz \cdot x^{3}y \right] = 521
\end{array}
\]

\[
\left[ \left( x^{5} \right)^{5}y^{4}z^{3} \div x^{5}y^{2}z \right] =\ ( )
\]"	fill_in_the_blank	2022	Monomial multiplied by monomial###Monomial divided by monomial###Exponentiation of powers	nan	2024	middle	easy
4359	When \(m =\)\ul{　 　}, the equation \((m - 1)x^{m^{2} + 1} + mx + 5 = 0\) is a quadratic equation in terms of \(x\).	fill_in_the_blank	\(- 1\)	The definition of a quadratic equation and related quantities.	nan	2024	middle	easy
4604	"\(-2 + 3 - 5\) = ( );  
(2) \((-2.7) - (-2.5) + (-5.5) - (+7.3)\) = ( );  
(3) \(25 \div \frac{2}{3} - 25 \times \left(-\frac{1}{2}\right)\) = ( );  
(4) \((-3)^{2} \times \left(\frac{1}{2} - \frac{5}{6}\right) + |-4|\) = ( )."	fill_in_the_blank	-4; -13; 50; 1	Rules for mixed operations of addition, subtraction, multiplication, and division of rational numbers###Addition and subtraction of rational numbers###Rules of Mixed Operations for Rational Numbers (Including Exponentiation)	nan	2023	middle	easy
5901	The product of all integers on the number line that are greater than \(-2.1\) and less than 3.4 is ( ).	fill_in_the_blank	0	The rules of multiplication of rational numbers###Representation of rational numbers on the number line	nan	2023	middle	easy
5422	It is known that two different square roots of a certain positive number are \(m + 4\) and \(2m - 16\). Then this positive number is \ul{　 　}.	fill_in_the_blank	64	The concept and representation of square roots	nan	2024	middle	easy
5344	In the Cartesian coordinate system, \(A(1, n)\) and \(D(3, n)\) are two points on the parabola \(y = ax^{2} + bx + c\). The axis of symmetry of the parabola is ( ).	fill_in_the_blank	\(x = 2\)	Symmetry and Applications of Quadratic Functions	nan	2024	middle	easy
5061	If the coefficient of \(x\) in the expression \((x + 1)\left( 2x^{2} - mx + 1 \right)\) is \(-6\), then \(m =\) ( ).	fill_in_the_blank	7	Polynomial multiplied by polynomial###Law of Combining Like Terms and Its Applications	nan	2023	middle	easy
5972	Due to the continuous increase in market demand for a certain grape variety, a grape plantation has been expanding the cultivation of this variety for consecutive years. The production in 2022 was 200,000 jin, and the production in 2024 was 288,000 jin. Assuming the average annual growth rate is x, the equation can be set up as ( ).	fill_in_the_blank	\(200(1 + x)^{2} = 288\)	The Practical Application of Quadratic Equations - Percentage Problems	nan	2024	middle	easy
5977	It is known that \(\left\{ \begin{array}{r} x = 2 \\ y = -1 \end{array} \right.\ \) is a solution to the linear equation \(mx + ny = -2\), then the value of \(4m - 2n + 6\) is equal to ( ).	fill_in_the_blank	2	The solution of a linear equation in two variables###Finding the value of an algebraic expression - holistic substitution method for finding values.	nan	2024	middle	easy
5210	The radius of circle \(\odot O\) is 4, and the distance from its center \(O\) to the line \(l\) is a root of the equation \(x^{2} - 7x + 12 = 0\). The position relationship between line \(l\) and circle \(\odot O\) is ( ).	fill_in_the_blank	Tangent	Factoring Method for Solving Quadratic Equations###The positional relationship between a line and a circle	nan	2024	middle	easy
5476	Both \(A\) and \(B\) are greater than \(0\). If \(\frac{1}{2}\) of \(A\) is equal to \(\frac{1}{3}\) of \(B\), then \(A < B\). ( )	fill_in_the_blank	True	Fraction Division Word Problems###Comparison of fractions with different denominators	nan	2023	middle	easy
4554	"Among the following numbers: \(-4\), \(-2.5\), 0, \(|-1|\), the number smaller than \(-3\) is (      )
A. \(-2.5\) B. \(-4\) C. \(|-1|\) D. 0"	fill_in_the_blank	B	Method for finding the absolute value of a rational number	nan	2024	middle	easy
5369	"Calculate the following problems.

(1) \(\sqrt{\frac{1}{2}} \times \sqrt{24} \div \left( - 2\sqrt{3} \right) = ( )\);

(2) \(\left( \sqrt{24} + \sqrt{0.5} \right) - \left( \sqrt{\frac{1}{8}} - \sqrt{6} \right) = ( )\)."	fill_in_the_blank	-1; \(3\sqrt{6} + \frac{\sqrt{2}}{4}\)	Multiplication and Division of Square Roots###Addition and Subtraction of Quadratic Radicals	nan	2023	middle	easy
4580	There are a total of \ul{     } shapes that are both axisymmetric and centrosymmetric among line segments, isosceles triangles, equilateral triangles, parallelograms, squares, isosceles trapezoids, pentagrams, and circles.	fill_in_the_blank	\(3\)	Axially symmetric figure###Central symmetry and centrally symmetric figures	nan	2024	middle	easy
792	The lengths of the two equal sides of an isosceles triangle are \(6cm\) and \(8cm\). The perimeter of this triangle is \(\underline{ \ \ \ }\) \(cm\).	fill_in_the_blank	20 or 22	The concept of an isosceles triangle	nan	2023	middle	easy
4702	Our country is the earliest to use positive and negative numbers to represent quantities with opposite meanings. If a water level rise of \(3m\) is denoted as \(+3\), then a water level drop of \(2m\) is denoted as ( ).	fill_in_the_blank	\(-2\)	Quantities with opposite meanings###Use positive and negative numbers to represent quantities with opposite meanings.	nan	2023	middle	easy
707	Two triangles with equal bases and heights put together always form a ( ).	fill_in_the_blank	parallelogram	Determination of a Parallelogram	nan	2023	middle	easy
3992	"A bag of candy has the label ""total weight (500±5)g"" printed on it. Xiaohong weighed it and found that it weighed 498g. Therefore, this candy manufacturer ( ) fraudulent behavior."	fill_in_the_blank	does not have	The practical application of addition and subtraction mixed operations of rational numbers.	Answer: Explanation: Since the total mass is \((500 \pm 5)\) grams, the food is considered qualified if its weight is between \((500 + 5)\) grams and \((500 - 5)\) grams. The product weighs \(498\) grams, which falls within this range, so it is qualified. Therefore, the manufacturer has not committed fraud. Hence, the answer is: No. Analysis: The food's weight is \((500 \pm 5)\) grams, meaning it is qualified if it weighs between \((500 + 5)\) grams and \((500 - 5)\) grams.	others	middle	easy
5472	The number of team members in the formation is fixed, and the number of rows and the number of people per row are inversely proportional. This relationship can be expressed as (rows) × (people per row) = ( ), where ( ) is the fixed number of team members.	fill_in_the_blank	fixed number of team members	Quantities in inverse proportion and their significance.	nan	2024	middle	easy
5268	Using the rounding method, approximate the value of \(3.0759\) to the nearest \(0.01\), resulting in \underline{\ \ \ \ }.	fill_in_the_blank	3.08	Approximate Numbers and Exact Numbers	nan	2023	middle	easy
716	If a and b are opposites, c and d are reciprocals, and b≠0, then the value of \((a + b)^{2019} + (cd)^{2020} + \left( \frac{a}{b} \right)^{2021}\) is ( ).	fill_in_the_blank	0	The reciprocal of a rational number###The meaning and properties of opposites###Finding the value of an algebraic expression - holistic substitution method for finding values.	"[Answer] Solution: a and b are opposites, c and d are reciprocals, and b ≠ 0, 
∴ a + b = 0, cd = 1, \(\frac{a}{b} = - 1,\)
∴ (a + b)^{2019} + (cd)^{2020} + \left( \frac{a}{b} \right)^{2021}
= 0^{2019} + 1^{2020} + (- 1)^{2021}
= 0 + 1 + (-1)
= 0.
So the answer is: 0.
[Analysis] Based on the properties of opposites and reciprocals, we get \(a + b = 0, cd = 1, \frac{a}{b} = -1\), then substitute these into the algebraic expression and simplify to find the answer."	others	middle	easy
4781	"Calculate using simplified methods:  
(1) \(125^{2} - 50 \times 125 + 25^{2} = ( ) \);  
(2) \(65^{2} \times 11 - 35^{2} \times 11 = ( ) \)."	fill_in_the_blank	10000; 33000	Applications of Factoring	nan	2023	middle	easy
5057	A computer virus spreads very quickly. If one computer is infected, after two rounds of infection, 81 computers will be infected. On average, how many computers does one infected computer infect per round? Let \( x \) be the average number of computers one infected computer infects per round, then the equation can be expressed as ( ).	fill_in_the_blank	\((1 + x)^{2} = 81\)	The Practical Application of Quadratic Equations - Transmission Issue	nan	2024	middle	easy
1145	If \(\sqrt{18}\) can be combined with the simplest radical form \(\sqrt{m - 1}\), then the value of \(m\) is \(\underline{\quad}\).	fill_in_the_blank	(3)	The simplest quadratic surd###Similar quadratic surds	nan	2024	middle	easy
5956	Given that point \(C\) is the golden section point of line segment \(AB\), with \(AC < BC\), and \(AB = 4\), then \(AC =\) ( ).	fill_in_the_blank	6 - 2\(\sqrt{5}\)	Golden Ratio	nan	2024	middle	easy
1509	In the rectangular coordinate plane \(xOy\), points \(A(x_{A}, y_{A})\), \(B(x_{B}, y_{B})\), and \(C(x_{C}, y_{C})\) lie on the hyperbola \(y = \frac{k}{x}(k > 0)\), with \(x_{A} > 0\), \(x_{C} < x_{B} < 0\). The correct conclusions are (fill in the corresponding numbers): ① If \(x_{A} = y_{A}\) and \(x_{B} = y_{C}\), then \(\triangle ABC\) is an isosceles triangle; ② If \(x_{A} + x_{C} = 0\) and \(x_{B} = y_{C}\), then \(\triangle ABC\) is a right triangle; ③ If \(\triangle ABC\) is an ( ), then it is ( ), ( ).	fill_in_the_blank	isosceles; right; isosceles	The properties of an inverse proportional function###The distance between two points on a line segment###Determination of an Isosceles Triangle###The converse of the Pythagorean theorem	"Solution: 
1. \(x_{A} = y_{A}\) and \(x_{B} = y_{C}\) 
∴\(y_{A} - y_{C} = x_{A} - x_{B}\) 
Since \(x_{B} = y_{C}\) and \(y_{C} \cdot x_{C} = y_{B} \cdot x_{B} = k\) 
∴\(x_{C} = y_{B}\) 
∴\(x_{A} - x_{C} = y_{A} - y_{B}\) 
∴\(AB = \sqrt{{(x_{A} - x_{B})}^{2} + {(y_{A} - y_{B})}^{2}} = \sqrt{{(x_{A} - x_{C})}^{2} + {(y_{A} - y_{C})}^{2}} ="	2021	middle	hard
4972	"The correct statements are ( ):  
A. A parallel line to a given line can be drawn through any point.  
B. Two non-intersecting lines in the same plane are parallel lines.  
C. In the same plane, only one line can be drawn through a point outside the line that is perpendicular to the given line.  
D. Two lines parallel to the same line are parallel to each other."	fill_in_the_blank	B, C, D	Criteria and Properties of Parallel Lines	"【Answer】A: From any point outside a line, a parallel line to a known line can be drawn. A is incorrect and does not meet the requirements.  
B: In the same plane, two non-intersecting lines are parallel. B is correct and meets the requirements.  
C: In the same plane, only one line can be drawn through a point on a line that is perpendicular to the known line. C is correct and meets the requirements.  
D: Two lines parallel to the same line are parallel. D is correct and meets the requirements.  
Therefore, the answer is: B C B  
【Analysis】The answer can be determined based on the criteria and properties of line parallelism and perpendicularity.  
**3. True or false questions**"	2023	middle	easy
6119	If the ratio of the medians on the base of two similar isosceles triangles is 2:3, and the area of the larger triangle is 18, then the area of the smaller triangle is ( ).	fill_in_the_blank	8	Properties of Similar Triangles	nan	2024	middle	easy
715	"Determine whether the following statements are correct:
(1) -3 is an opposite number. ( )
(2) +3 is an opposite number. ( )
(3) 3 is the opposite number of -3. ( )
(4) -3 and +3 are opposites of each other. ( )"	fill_in_the_blank	"(1) Incorrect
(2) Incorrect
(3) Correct
(4) Correct"	Opposite numbers and the opposites of rational numbers	"Answer Analysis: 
(1) According to the definition of opposites, you cannot say a number is an opposite on its own, so it is incorrect.
(2) According to the definition of opposites, you cannot say a number is an opposite on its own, so it is incorrect.
(3) According to the definition of opposites, 3 is the opposite of -3, so it is correct.
(4) According to the definition of opposites, -3 and +3 are opposites of each other, so it is correct.
Therefore, the answers are: (1) incorrect; (2) incorrect; (3) correct; (4) correct.
Analysis: According to the definition of opposites, ""only two numbers with different signs are opposites of each other"" can be used to determine."	others	middle	easy
1720	Select a number randomly from 3, 0, \(- 1\), \(- 2\), \(- 3\) as the value of m. The probability that the graph of the function \(y = (5 - m)x\) passes through the first and third quadrants, and that the equation \((m + 1)x^{2} + mx + 1 = 0\) has real roots, is \_\_\_.	fill_in_the_blank	\(\frac{3}{5}\)	Probability formula###Graph of a direct proportion function	nan	2023	middle	medium
3647	Xiaoming wants to know the size of the classroom, so he measured it by pacing and found the classroom's length to be 12 steps and its width to be 9 steps. Given that each step is approximately 0.8 meters, the area of the classroom is approximately (to the nearest 0.1 m\textsuperscript{2}): ( ) m\textsuperscript{2}.	fill_in_the_blank	69.1	Accuracy and Significant Figures###The area of a polygon###Combination of numbers and shapes	nan	others	middle	medium
5748	Pie charts can clearly show the amount of data ( ).	fill_in_the_blank	no	Pie chart	nan	2023	middle	easy
3999	The maximum value of the function \(y = x^{2} - 6x + 8(0 \leq x \leq 4)\) is \ul{　 　}.	fill_in_the_blank	8	The maximum or minimum value of a quadratic function	nan	2024	middle	easy
4016	"Calculate: \(\left( \frac{4}{3}xy^{2} - 2xy \right) \cdot \frac{1}{2}xy = ( )\)

(2) Calculate: \(\left\lbrack (x + y) \cdot (x - y) - (x + y)^{2} \right\rbrack \div ( - 2y) = ( )\)

(3) Factor: \(8a^{3}b^{2} + 12ab^{3}c = ( )\);

(4) Factor: \((2x + y)^{2} - (x + 2y)^{2} = ( )\)."	fill_in_the_blank	\(\frac{2}{3}x^{2}y^{3} - x^{2}y^{2}\); \(y + x\); \(4ab^{2}\left( 2a^{2} + 3bc \right)\); \(3(x + y)(x - y)\).	The mixed operations of polynomials###Factorization - Comprehensive Application of the Common Factor and Formula Methods	nan	2024	middle	easy
2325	The bookstore is holding a book purchasing discount event: ① For books with an original price not exceeding 100 yuan, pay 90% of the original price; ② For books with an original price exceeding 100 yuan but not exceeding 200 yuan, pay 80% of the original price; ③ For books with an original price exceeding 200 yuan, pay 70% of the original price. During this event, Xiao Bin paid a total of 211.2 yuan for two book purchases. The original price of the second purchase was three times that of the first purchase. The sum of the original prices of Xiao Bin's two book purchases is ( ) yuan.	fill_in_the_blank	281.6	The Practical Application of Linear Equations: Sales Problems	nan	2023	middle	medium
4451	"First simplify and then evaluate: \(4x^{2} - (3x^{2} + 4x - 1) + 2(2x + 1)\), where \(x = 2\).

The expression simplifies to ( ); when \(x = 2\), the expression evaluates to ( )."	fill_in_the_blank	\(x^{2} + 3x + 3\); 17	Rules of Removing Brackets and Their Application###Law of Combining Like Terms and Its Applications###Find the value of the algebraic expression - Simplify and substitute to find the value.	[Analysis] Remove the parentheses, combine like terms, and then substitute x=2 to find the answer.	2025	middle	easy
5682	If the fractional equation \(\frac{mx}{x - 2} = \frac{4}{x - 2} + 1\) has no solution, then the value of \(m\) is ( ).	fill_in_the_blank	1	Extraneous roots of a fractional equation	nan	2024	middle	easy
2639	There is a pasture where grass grows at a constant rate every day (i.e., the amount of grass growing each day is equal). If 24 cows are grazing, they can finish the grass in 6 days; if 21 cows are grazing, they finish the grass in 8 days. Assuming each cow eats the same amount of grass daily, how many days can 16 cows finish the grass? ( ) days	fill_in_the_blank	18	Application of a System of Three Linear Equations	"Solution: Let each cow eat x kilograms of grass per day, and the pasture grass grows y kilograms per day. If 16 cows are grazing, the grass will be finished in m days. Based on the given conditions, we have the following equations:

\[
\left\{ 
\begin{array}{r}
24 \times 6x - 6y = 21 \times 8x - 8y \quad (1) \\
16mx - my = 24 \times 6x - 6y \quad (2)
\end{array} 
\right.
\]

From equation (1), we derive y = 12x (3). Substituting (3) into (2), we get:

16mx - 12mx = 24 \times 6x - 6 \times 12x,

Solving this gives: m = 18.

Therefore, the answer is: 18. 

Analysis: Let"	others	middle	medium
4227	Given \((x^{2} + y^{2} + 1)^{2} - 4 = 0\), the value of the algebraic expression \(x^{2} + y^{2}\) is ( ).	fill_in_the_blank	1	Direct Methods for Solving Quadratic Equations###The substitution method for solving quadratic equations.	nan	2024	middle	easy
4581	If the base radius of the cone is \(1\), and the lateral surface development is a sector with a central angle of \(120{^\circ}\), then the slant height of the cone is \ul{    }.	fill_in_the_blank	\(3\)	Calculation of a cone	nan	2024	middle	easy
5142	Given that points \(A(a, -3)\) and \(B(4, b)\) in a Cartesian coordinate system are symmetric with respect to the y-axis, then \(b - a =\) ( ).	fill_in_the_blank	1	Coordinates and Graph Transformations - Symmetry	nan	2024	middle	easy
5406	Make 101 parts, all qualified, the pass rate is ( )%.	fill_in_the_blank	100%	The Practical Application of Percentages	nan	2023	middle	easy
5544	Judgment: If the numerator and denominator of a fraction are consecutive odd numbers, then this fraction must be in its simplest form. ( )	fill_in_the_blank	False	Understanding Odd and Even Numbers###Simplest fraction	nan	2024	middle	easy
4912	There are \ul{    } integers greater than -2024.5 and less than 2024.5.	fill_in_the_blank	4049	Classification of Rational Numbers###Comparison of Rational Numbers - Direct Comparison Method	Answer: The integers that are greater than -2024.5 and less than 2024.5 are -2024, -2023, -2022, -2021, ..., 2022, 2023, 2024, totaling 4049. Therefore, the answer is 4049. Analysis: The solution is obtained by determining all integers that meet the criteria based on the comparison rules of rational numbers.	others	middle	easy
3938	"Given \(M = \frac{2a^{3}}{4ab}\).

(1) Simplify: \(M =\) ( ).

(2) If \(a = 1.6 \times 10^{7}\), \(b = 4 \times 10^{3}\), then \(M =\) ( ). (Express the result in scientific notation)"	fill_in_the_blank	\(\frac{a^{2}}{2b}\); \(3.2 \times 10^{10}\)	Simplification and evaluation of rational expressions###Scientific notation represents numbers greater than 10.###Exponentiation of powers	nan	2022	middle	easy
915	Given the graph of the function \(y = kx\) passes through the points \(A(2, -4)\), \(B\left(x_{1}, y_{1}\right)\), \(C\left(x_{2}, y_{2}\right)\), if \(x_{1} > x_{2}\), then \(y_{1}\) ( ) \(y_{2}\) (fill in ``>``, ``=`` or ``<``).	fill_in_the_blank	<	Method of Undetermined Coefficients to Find the Equation of a Linear Function###Properties of Direct Proportional Functions	nan	2024	middle	easy
5560	While doing his equation-solving homework, Xiao Ming accidentally smudged a constant in the equation, making it illegible. The equation is \(2y + \frac{1}{2} = - y - (\ )\). Xiao Ming checked the answers at the back of the book and learned that the solution to this equation is \(y = - \frac{1}{2}\). Therefore, the missing part is ( ).	fill_in_the_blank	1	The solution of a linear equation in one variable###Given the solution of a linear equation, find the parameter.	"Solution:

Let ""◼"" be x, then \(2y + \frac{1}{2} = - y - x\).

Substituting \(y = - \frac{1}{2}\) into the equation, we have: \(- 1 + \frac{1}{2} = \frac{1}{2} - x\).

Solving gives: x = 1.

Therefore, the answer is: 1.

Analysis:

Let ""◼"" be x, then \(2y + \frac{1}{2} = - y - x\). By substituting \(y = - \frac{1}{2}\) into the equation, you can solve the equation to find the answer."	others	middle	easy
643	Calculate: \(\sqrt{18} + | - \sqrt{2}| - ( - 2012 - \pi)^{0} - 4\sin 45{^\circ}\) = ( ).	fill_in_the_blank	2\sqrt{2} - 1	Zero exponentiation###Addition and Subtraction of Quadratic Radicals###Mixed operations of trigonometric functions of special angles	nan	2023	middle	easy
4642	If \(a = 2 \times 3 \times m\), \(b = 3 \times 5 \times m\) (m is a natural number and \(m \neq 0\)), and the greatest common divisor of \(a\) and \(b\) is 21, then the least common multiple of \(a\) and \(b\) is ( ).	fill_in_the_blank	210	The meaning of factors and multiples	nan	2024	middle	easy
3682	If \({(2a - 1)}^{2}\) and \(|b - 3|\) are opposites, then the value of \(ab\) is \ul{　 　}.	fill_in_the_blank	\(\frac{3}{2}\)	Non-negativity of even powers###The non-negativity of absolute value###The meaning and properties of opposites###Finding the value of an algebraic expression - holistic substitution method for finding values.	"Solution:

Given that \({(2a - 1)}^{2}\) and \(|b - 3|\) are additive inverses,

Therefore, \({(2a - 1)}^{2} + |b - 3| = 0\),

Thus, \(2a - 1 = 0\), \(b - 3 = 0\),

Solving these, we find \(a = \frac{1}{2}\), \(b = 3\),

Hence, \(ab = \frac{3}{2}\),

Therefore, the answer is: \(\frac{3}{2}\).

Analysis: From the conditions given, \((2a-1)^2 + |b-3| = 0\). Based on the non-negative nature of an even power and absolute value, we derive \(2a-1=0\), \(b-3=0\). Solving these equations gives the values of \("	2024	middle	medium
839	If \(5A = 2B\), then \(A:B = ( ):( )\).	fill_in_the_blank	2:5	The meaning and basic properties of proportion	nan	2024	middle	easy
5280	Xiao Ming went to the supermarket to buy stationery. Each water-based pen costs \(x\) yuan, and each exercise book costs \(y\) yuan. Xiao Ming bought 3 water-based pens and 5 exercise books, needing a total of \(\underline{\phantom{xxx}}\) yuan (expressed as an algebraic expression containing \(x\) and \(y\)).	fill_in_the_blank	\((3x + 5y)\)	Express the quantitative relationships in real-world problems using algebraic expressions.	"Solution: Since purchasing water-based pens requires \(3x\) yuan and purchasing exercise books requires \(5y\) yuan, the total cost is \((3x + 5y)\) yuan. Thus, the answer is \((3x + 5y)\).

Analysis: The answer can be obtained using the formula: total cost = unit price of water-based pens × quantity of water-based pens purchased + unit price of exercise books × quantity of exercise books purchased."	2024	middle	easy
4064	In an opaque cloth bag, there are small balls of three different colors: red, yellow, and blue, one of each. Aside from the color, they are completely identical. First, one ball is randomly drawn, and its color is recorded. It is then put back into the bag and mixed. Then, another ball is randomly drawn, and its color is recorded. The probability that the colors of the balls drawn both times are blue is ( ).	fill_in_the_blank	\(\frac{1}{9}\)	Calculate probability using the listing method or tree diagram method.###Probability formula	nan	2023	middle	easy
3223	"Observe the following equations:  
The solution to \(\frac{x}{4} + \frac{x - 1}{2} = 1\) is x = 2;  
The solution to \(\frac{x}{6} + \frac{x - 2}{2} = 1\) is x = 3;  
The solution to \(\frac{x}{8} + \frac{x - 3}{2} = 1\) is x = 4;  
Based on the observed pattern, the equation where the solution is x = 5 is ( );  
the equation where the solution is x = 2024 is ( )."	fill_in_the_blank	\(\frac{x}{10} + \frac{x - 4}{2} = 1\); \(\frac{x}{4048} + \frac{x - 2023}{2} = 1\)	Solving a linear equation with fractional coefficients###Exploring Patterns - Equations-type Patterns	nan	others	middle	medium
5750	An item originally priced at 100 yuan is now discounted by ( ) yuan, which means it's being sold at ( )% off.	fill_in_the_blank	20; 20	Discount issue	nan	2024	middle	easy
4248	Calculate: \(\left| - \sqrt{3} \right| - \left( \frac{1}{5} \right)^{- 1} + 2\sin 60{^\circ} - \sqrt{12}\) = ( ).	fill_in_the_blank	-5	Negative integer exponentiation###Properties and Simplification of Quadratic Radicals###Mixed operations of trigonometric functions of special angles	nan	2024	middle	easy
5686	The price of a pencil is equivalent to \(\frac{1}{3}\) the price of a compass. Ms. Liu brought just enough money to buy 2 compasses and 24 pencils. One compass can be exchanged for ( ) pencils; Ms. Liu's money could buy ( ) compasses.	fill_in_the_blank	3; 10	Multiplying Fractions by Integers###Fraction Division Word Problems	nan	2024	middle	easy
4551	Factorization: \(25a^{2} - a^{4} + 36 - 60a\) = ( ) ( ) ( ) ( )	fill_in_the_blank	-(a - 3)(a - 2)(a + 6)(a - 1)	Factorization - Formula Method###Factorization - Cross Multiplication Method###Factorization - Grouping Method	nan	2024	middle	easy
4226	Given that the solution to the equation \(2x + m - 1 = 0\) with respect to \(x\) is \(x = 2\), the value of \(m\) is \ul{　 　}.	fill_in_the_blank	\(- 3\)	The solution of the estimated equation	nan	2023	middle	easy
5781	First simplify, then evaluate: \(x(x + 1) - (x + 1)(x - 1)\), where \(x = 2024\). Simplified expression: ( ), Evaluated result: ( ).	fill_in_the_blank	2; 4048	Monomial multiplied by a polynomial###Difference of squares formula and its applications.	nan	2024	middle	easy
4439	A certain school organized a campus basketball league with 6 teams participating. These 6 teams will play a round-robin tournament (each team plays one match against every other team). A total of ( ) matches will be played.	fill_in_the_blank	15	Rules for mixed operations of addition, subtraction, multiplication, and division of rational numbers###The problem of counting line segments	"Answer: The calculation is \(\frac{6 \times (6 - 1)}{2} = 15\) matches. Therefore, the answer is: 15.

Analysis: According to the problem, 6 teams are in a round-robin tournament, where each team plays \((6 - 1)\) matches. This amounts to \(6 \times (6 - 1)\) matches. However, a match between Team A and Team B is counted twice, as both A vs. B and B vs. A, so the total is divided by 2 to correct for this duplication."	2024	middle	easy
3570	"Determine whether the following statements are correct.  
(1) The square root of 16 is 4. ( )  
(2) -4 is a square root of 16. ( )  
(3) The arithmetic square root of (-4)\(^2\) is -4. ( )  
(4) Since \(\sqrt{16}\)=4, ∴ the square root of \(\sqrt{16}\) is ±2. ( )."	fill_in_the_blank	Correct; Correct; Incorrect; Correct	Square root###Arithmetic square root	Answer: Solution: (1) ∵ (±4)\textsuperscript{2}=16, ∴ the square root of 16 is ±4, ∴ this statement is incorrect, hence the answer is: incorrect; (2) ∵ (-4)\textsuperscript{2}=16, ∴ -4 is a square root of 16, ∴ this statement is correct, hence the answer is: correct; (3) ∵ (-4)\textsuperscript{2}=16, ∵ 4\textsuperscript{2}=16, ∴ the square roots of 16 are ±4, i.e., the arithmetic square root of (-4)\textsuperscript{2} is 4, ∴ this statement is incorrect, hence the answer is: incorrect; (4) ∵ \(\sqrt{16}\) = 4, ∵ (±2)\textsuperscript{2} =	others	middle	medium
1151	If the equation \((k - 3)x^{|k - 2|} + 5k + 1 = 0\) in terms of x is a linear equation, then \(k = \underline{\quad}.\)	fill_in_the_blank	1	The concept of a linear equation in one variable	"Answer: According to the problem statement, we have \(k - 3 \neq 0, |k - 2| = 1\). Solving this, we find \(k \neq 3, k = 3 \text{ or } 1\). Thus, \(k = 1\). Therefore, the answer is: 1.

Analysis: Based on the concept of a linear equation, we obtain \(k - 3 \neq 0, |k - 2| = 1\). Solving this yields \(k = 1\)."	others	middle	easy
986	Arrange four numbers \(a\), \(b\), \(c\), \(d\) into two rows and two columns, with a vertical line on each side represented as \(\left| \begin{matrix} a & b \\ c & d \end{matrix} \right|\). Define \(\left| \begin{matrix} a & b \\ c & d \end{matrix} \right| = ad - bc\). If \(\left| \begin{matrix} x + 1 & 1 - x \\ 1 - x & x - 1 \end{matrix} \right| = 8\), then \(x =\) ( ).	fill_in_the_blank	5	Polynomial multiplied by polynomial###Solve a linear equation	nan	2023	middle	easy
5243	"Among the real numbers \(\sqrt{3}, \pi, \sqrt[3]{64}, -\frac{22}{7}, 0.\overset{˙}{3}\overset{.}{2}\), how many are irrational numbers? ( ) 
A. 1 B. 2 C. 3 D. 4"	fill_in_the_blank	B	The concept and classification of real numbers	nan	2023	middle	easy
5408	If \(a \div \frac{2}{3} = b \times \frac{3}{2}\) (a and b are both non-zero), then \(a > b\) is ( ).	fill_in_the_blank	False	Division of a number by a fraction in fraction division.	nan	2024	middle	easy
4012	"Simplify:  
(1) \(\frac{3ab^{2}}{4c^{2}} \cdot \left( - \frac{8c^{2}}{b} \right)\) = ( )  
(2) \(\frac{x^{2} - 2x + 1}{x^{2} - 1} \div \frac{x^{2} - x}{x + 1}\) = ( )."	fill_in_the_blank	-6ab; \(\frac{1}{x}\)	Multiplication and Division of Fractions	nan	2024	middle	easy
5350	Given that \emph{x} = 2 is a solution to the equation 1 - 2\emph{ax} = \emph{x} + \emph{a}, the value of \emph{a} is \ul{　 　}.	fill_in_the_blank	\(- \frac{1}{5}\)	The solution of a linear equation in one variable	Answer: By substituting \(x = 2\) into the equation \(1 - 2ax = x + a,\), we get \(1 - 4a = 2 + a,\) which solves to \(a = - \frac{1}{5}.\) Therefore, the answer is \(- \frac{1}{5}.\) Analysis: Substitute \(x = 2\) into the equation \(1 - 2ax = x + a,\) to obtain a linear equation in terms of \(a\) and solve it.	2023	middle	easy
3574	Write down two irrational numbers such that their sum is a rational number: ( ) and ( ).	fill_in_the_blank	\(\sqrt{2}\); -\(\sqrt{2}\)	Mixed operations of irrational numbers	[Answer] Solution: Since the sum of two irrational numbers is a rational number, the irrational parts of the two irrational numbers are opposites. Common forms of irrational numbers are: ① Non-terminating square roots, ② Expressions containing π, ③ Numbers in the form of 0.1010010001... (adding one more 0 each time). Thus, -\(\sqrt{2}\) + 1 + \(\sqrt{2}\) = 1. Hence, the answer is: \(\sqrt{2}\) and -\(\sqrt{2}\) + 1 (the answer is not unique). [Analysis] From the fact that the sum of two irrational numbers is a rational number, we deduce that their irrational parts are opposites. Further, based on the common forms of irrational numbers (as described), we arrive at the result.	2024	middle	medium
3263	"Compare the sizes (fill in with ``\textgreater'' or ``\textless''):

(1) -(-2) \ul{ } 3.

(2) -\textbar-3.5\textbar{} \ul{ } 0.

(3) \(- \frac{3}{4}\) \ul{ } \(- \frac{4}{5}\)."	fill_in_the_blank	(1) <{} (2) <{} (3) >{}	Comparison of Rational Numbers - Direct Comparison Method###Comparison of Rational Numbers - Absolute Value Comparison Method	"Solution: 

(1) \(- ( - 2) = 2\), and \(2 < 3\), so the answer is: <;

(2) \(- | - 3.5| = - 3.5\), and \(-3.5 < 0\), so the answer is: <;

(3) Since \(| - \frac{3}{4}| = \frac{3}{4}\), \(| - \frac{4}{5}| = \frac{4}{5}\), and \(\frac{3}{4} < \frac{4}{5}\), therefore \(- \frac{3}{4} > - \frac{4}{5}\), so the answer is: >.

Analysis: 
(1) First simplify, then compare the sizes;
(2) First simplify, then compare the sizes;
(3) Compare the sizes using the method for comparing two negative numbers."	others	middle	medium
5908	"Calculate:  
(1) \(2a^{3} \cdot a^{4} + a^{5} \cdot a^{2} - a^{9} \div a^{2}\) = ( )  
(2) \(\left( -2x^{2} \right) \cdot \left( -3x^{2}y^{2} \right)^{2}\) = ( )"	fill_in_the_blank	2a^{7}; -18x^{6}y^{4}	Multiplication of powers with the same base###Division of powers with the same base###Monomial multiplied by monomial###The operation of raising a product to a power	nan	2024	middle	easy
5762	Given that in the right triangle \(Rt \bigtriangleup ABC\), \(\angle C = 90{^\circ}\), \(\tan A = \frac{1}{2}\), and \(BC = 4\), then \(AC =\) ( ).	fill_in_the_blank	2	Finding the side length given a tangent value.	nan	2024	middle	easy
4134	The coordinates of point \(Q\), obtained by translating point \(P(-2, 3)\) 5 units to the right, are ( ).	fill_in_the_blank	(3, 3)	Coordinates and Graph Transformations - Translation	nan	2023	middle	easy
4035	"A. \( \left\{ \begin{array}{r} y - x = 20 \\ 6x + 4y = 960 \end{array} \right. \)  
Solve for x and y: x = ( ), y = ( )."	fill_in_the_blank	160, 180	Practical Application of Linear Systems of Equations - Distance Problems	nan	2023	middle	easy
2811	"A known aerospace enthusiasts' club has designed and made a small rocket. The moment the rocket is ignited is marked as \(0s\). During its flight, the distance \(h\) (m) from the rocket to the ground and the flight time \(t\) (s) approximately satisfy the function expression \(h = - t^{2} + 24t + 1\). The following conclusions are made about the rocket's flight process:  
① The distance between the rocket and ground is the same at \(9s\) and \(15s\) after ignition;  
② The rocket lands on the ground at \(24s\) after ignition;  
③ The second time the rocket is \(141m\) from the ground during its flight, the time is \(14s\);  
④ The maximum distance between the rocket and the ground during its flight is \(145m\).  

The correct conclusion is ( )."	fill_in_the_blank	①③④	Practical Application of Quadratic Functions - The Ball Throwing Problem	nan	2024	middle	medium
2991	The ratio of the areas of two similar polygons is 4:9, and the difference in their perimeters is 6. Then the perimeter of the smaller polygon is \ul{　 　}.	fill_in_the_blank	12	Properties of Similar Triangles - Corresponding Areas	"Solution: Since the area ratio of two similar polygons is 4:9, the ratio of their perimeters is 2:3. Assume the perimeter of the smaller polygon is 2x, then the perimeter of the larger polygon is 3x. Given that the difference in perimeter is 6, we have 3x - 2x = 6, solving for x gives x = 6. Therefore, the perimeter of the smaller polygon is 2 × 6 = 12. The answer is: 12.

Analysis: First, find the perimeter ratio based on the area ratio of similar polygons, then calculate based on the difference in perimeters."	2024	middle	medium
2769	The sides of ∠1 and ∠2 are respectively parallel, and the measure of ∠1 is 40° greater than that of ∠2. Therefore, the measure of ∠1 is ( ).	fill_in_the_blank	110°	Two lines are parallel, and corresponding angles are equal.###Two parallel lines have consecutive interior angles that are supplementary.	"Solution: Since the measure of ∠1 is 40° greater than ∠2, ∠1 and ∠2 cannot be equal. Therefore, ∠1 + ∠2 = 180°. Given that ∠2 = ∠1 - 40°, we have ∠1 + ∠1 - 40° = 180°, leading to ∠1 = 110°. Thus, the answer is 110°.

Analysis: Based on the fact that the sides of ∠1 and ∠2 are parallel, and according to the problem, ∠1 and ∠2 are supplementary. You can set up an equation to solve for the angles."	others	middle	medium
2862	In \(\triangle ABC\) with right angle at \(\angle C = 90^{\circ}\), where \(AB = 10\) and \(\cos A = \frac{4}{5}\), a circle is drawn with center at point \(B\) and radius 3. A tangent \(CM\) to the circle is drawn through point \(C\), with \(M\) as the point of tangency. Find the length of \(CM\): ( ).	fill_in_the_blank	\(3\sqrt{3}\)	Pythagorean theorem###The properties of a tangent line###Solve right triangle###Find the side length given the cosine value.	nan	2022	middle	medium
1058	After the resumption of work and production following the COVID-19 pandemic, malls began promotional activities. It is known that the selling price of a certain product is \(60\) yuan per unit. It is stipulated that if more than \(5\) units of this product are purchased, the excess part shall be paid at \(60\%\) of the selling price. If a customer buys \(x(x > 5)\) units, the amount payable is \(y\) yuan. The relationship between \(y\) and \(x\) is \(y = ( )x + ( )\).	fill_in_the_blank	36; 120	Express the relationship between variables using an equation.	nan	2024	middle	easy
4033	"Given \(x = \sqrt{5} + \sqrt{7}\) and \(y = \sqrt{5} - \sqrt{7}\), find the value of the following algebraic expressions:
(1) \(x^{2} + y^{2} = ( )\) 
(2) \(x^{2} - xy + y^{2} = ( )\)."	fill_in_the_blank	24; 26	Perfect Square Formula and Applications###Simplification and evaluation of square roots	nan	2023	middle	easy
3266	"The operation on point P on a number line is as follows: move point P horizontally along the number line at a speed of m units per second to the right for n seconds to obtain point \(P'\). This operation is called the ""m-speed shift"" of point P, and point \(P'\) is called the ""m-speed shift"" point of point P. It is known that point M on the number line represents the number 1, and the ""2-speed shift"" point of point C when moved to the right for 3 seconds is point \(C'\). If one of the points C, M, and \(C'\) is the midpoint of the line segment connecting the other two points, then the number represented by point C is ( )."	fill_in_the_blank	-11	The distance between two points on a number line###Conventional motion model of points on a number line###Midpoint formula in a coordinate system	"Solution:
Let the number represented by point C be t, then the number represented by point C' is t+6.
Since point M represents the number 1, and among the points C, M, and C', one point is the midpoint of the line segment connecting the other two points,
When C is the midpoint of line segment MC', 2t=1+t+6, solving gives: t=7.
When M is the midpoint of line segment CC', 2=t+t+6, solving gives: t=-2.
When C' is the midpoint of line segment CM, 3(t+6)=t+1, solving gives: t=-11.
In summary, the number represented by point C is -11, -2, or 7.
Therefore, the answer is: -11, -2, or 7.

Analysis:
Let the number represented by point C be t, then the number represented by point C' is t+6. According"	others	middle	medium
5239	"A certain merchant sells an air conditioner priced at 1200 yuan and a fan priced at 300 yuan. During the ""May Day"" period, the store decides to launch a promotion and offers customers two discount options:
Option 1: Buy one air conditioner and get one fan for free;
Option 2: Pay 90% of the list price for both the air conditioner and the fan.
Now, a customer wants to purchase 6 air conditioners and \(x\) fans \((x > 6)\).

(1) If the customer chooses option 1, the payment required is ( ) yuan (expressed as an algebraic formula with \(x\)); if the customer chooses option 2, the payment required is ( ) yuan (expressed as an algebraic formula with \(x\)). 

(2) If \(x = 10\), calculate to determine which option is more economical.

(3) When \(x = 10\), the total cost if using both options strategically is ( ) yuan."	fill_in_the_blank	(300x + 5400); (270x + 6480); 8280	Practical Applications of Rational Number Multiplication###Find the value of the algebraic expression - direct substitution method.	nan	2023	middle	easy
4065	If \(a^{2} + (m - 3)a + 4\) can be factored using the perfect square formula, then the value of the constant \(m\) is ( ).	fill_in_the_blank	7	Factorization - Formula Method###Complete square form	nan	2023	middle	easy
5494	Given that the coordinates of point A are (1,2), the coordinates of point A after translating 2 units to the right are ( ).	fill_in_the_blank	(3,2)	Express translation with coordinates	nan	2025	middle	easy
5271	An automobile manufacturer conducted a fuel consumption test on their Model A cars, where the car was driven at a constant speed. The relationship between the remaining fuel quantity in the tank \(y\) (L) and the driving time \(t\) (h) is shown in the table. From the relationship between \(y\) and \(t\) in the table, it can be determined that after the car has been driven for 6 hours, the remaining fuel in the tank is ( ) L.	fill_in_the_blank	31	Function expression###Express the relationship between variables using an equation.	nan	2023	middle	easy
4868	"Calculate:
(1) \(- 2^{2} \times \left( - \frac{1}{2} \right) + 4 \div ( - 2)\);
(2) \(( - 12) \times \left( \frac{2}{3} - \frac{1}{4} - \frac{7}{12} \right)\)."	fill_in_the_blank	"(1) 0  
(2) 2"	The multiplication rule of rational numbers###Rules of Mixed Operations for Rational Numbers (Including Exponentiation)	nan	2023	middle	easy
580	Calculate: \(\sqrt[4]{(-4)^{2}} - \sqrt[3]{3^{3}} - 2^{0} + \left(\frac{1}{2}\right)^{-3}\) = ( )	fill_in_the_blank	6	Zero exponentiation###Negative integer exponentiation###Definition of the Square Root	[Analysis] By calculating using the properties of square roots, zero exponent, and negative integer exponents, the answer can be obtained.	2019	middle	hard
5132	Given that the base of \(-2^{3}\) is \(a\) and the exponent is \(b\), for \((-1)^{2}\) the base is \(c\) and the power is \(d\), then \(a + 2b + 3c + 4d =\) ( ).	fill_in_the_blank	9	Concepts Related to Exponentiation###Find the value of the algebraic expression - direct substitution method.	nan	2024	middle	easy
3790	Given real numbers a, b, c satisfy \(\sqrt{a + b + c} + \sqrt{\left( a^{2} + 1 \right)(b - 6)} + |10 - 2b| = 2\), then \(ab + bc = \underline{ \quad }\).	fill_in_the_blank	-36	The mixed operations of polynomials###The condition for a quadratic radical to be meaningful###The absolute value of a real number	"Solution:

Given:

\((a^{2} + 1)(b - 6) \geq 0\),

Since \(a^{2} + 1 > 0\),

Therefore, \(b - 6 \geq 0\),

Thus, \(b \geq 6\),

Therefore, \(|10 - 2b| = 2b - 10\),

Hence, \(\sqrt{a + b + c} + \sqrt{(a^{2} + 1)(b - 6)} = 0\),

Since \(\sqrt{a + b + c} \geq 0\) and \(\sqrt{(a^{2} + 1)(b - 6)} \geq 0\),

Therefore, \(12 - 2b \geq 0\), solving gives \(b \leq 6\),

Thus, \(b=6\), which means \"	others	middle	medium
5562	If \(x^{3} + 5x^{2} - 7x - 3 = (x - 4)^{3} + a(x - 4)^{2} + b(x - 4) + c\), then (a, b, c) = ( ).	fill_in_the_blank	(17, 81, 113)	The mixed operations of polynomials###System of three linear equations and its solutions	nan	2023	middle	easy
5146	Solve the equation: \(x - \sqrt{2x - 3} = 3\). The value of \(x\) is ( ).	fill_in_the_blank	6	Irrational equation	nan	2024	middle	easy
97	"If (\emph{a}-5)\textsuperscript{2}+|\emph{b}\textsuperscript{3}-27|=0, then the value of \emph{a}-\emph{b} is ( ).  
A. 2 B. -2 C. 5 D. 8"	fill_in_the_blank	2	Cube root and cube extraction###Non-negativity of even powers###The non-negativity of absolute value	"Solution: Since \((a-5)^2 + |b^3-27| = 0\), \((a-5)^2 \geq 0\), and \(|b^3-27| \geq 0\), therefore both \(a-5 = 0\) and \(b^3-27 = 0\). Hence, \(a = 5\) and \(b = 3\). Thus, \(a-b = 2\). Therefore, the answer is: A.

Analysis: Based on the non-negativity of even powers and absolute values, when the sum of two non-negative numbers is zero, each must be zero. Find \(a\) and \(b\), then substitute into the algebraic expression for calculation."	2023	middle	hard
6045	The prime factorization of 24 can be written as \(2 \times 2 \times 2 \times 3 = ( )\).	fill_in_the_blank	24	Decompose into prime factors.	nan	2024	middle	easy
923	"Solve the following equations:
(1) \(\frac{2}{3}x + 3 = \frac{3}{4}x - 2\), so \(x = ( ) \)  
(2) \(0.4a - \frac{1}{4} = 8 - \frac{1}{5}a\), so \(a = ( ) \)"	fill_in_the_blank	60; \(\frac{55}{4}\)	Using combining like terms and transposing terms to solve linear equations in one variable.	"[Analysis] (1) Use the calculation method and steps for solving a linear equation in one variable (first transpose terms, then combine like terms, and finally make the coefficient ""1"") for analysis and solution. (2) Use the calculation method and steps for solving a linear equation in one variable (first transpose terms, then combine like terms, and finally make the coefficient ""1"") for analysis and solution."	others	middle	easy
4261	"Solve the equation: \(3\left( 2x - \sqrt{2} \right)^{2} = 54\).  
\(x = ( ) \) or \(x = ( ) \)."	fill_in_the_blank	-\(\sqrt{2}\); 2\(\sqrt{2}\)	Properties and Simplification of Quadratic Radicals###Using square roots to solve for the unknown	nan	2024	middle	easy
4712	The square root of \(2a - 1\) is \(\pm 3\), and the cube root of \(3a + b - 9\) is 4. Find \(a + 2b\) = ( ).	fill_in_the_blank	121	The concept and representation of square roots###The concept and representation of cube roots	nan	2024	middle	easy
791	A multiple-choice test consists of 25 questions, with each correct answer earning 4 points, and 1 point deducted for each question not answered or answered incorrectly. If a student scored 80 points, then they answered ( ) questions correctly.	fill_in_the_blank	21	The Practical Application of Linear Equations - Integration Problems	nan	2024	middle	easy
3847	For any non-zero real numbers \(a\) and \(b\), a new operation ``⊕'' is defined: \(2 \oplus 3 = - \frac{5}{6}\), \(3 \oplus 2 = \frac{5}{6}\), \((-3) \oplus 5 = \frac{16}{15}\), \(5 \oplus (-3) = - \frac{16}{15}\), etc., then \(4 \oplus (-2) =\)\ul{　 　}.	fill_in_the_blank	-\(\frac{3}{2}\)	Practical applications of finding the values of algebraic expressions###Exploring Patterns - Equations-type Patterns	"Solution: Given that \(2 \oplus 3 = -\frac{5}{6}\), \(3 \oplus 2 = \frac{5}{6}\), \((-3) \oplus 5 = \frac{16}{15}\), \(5 \oplus (-3) = -\frac{16}{15}\), etc.,  
thus, \(a \oplus b = \frac{a^{2} - b^{2}}{ab}\).  
Therefore, \(4 \oplus (-2) = \frac{4^{2} - (-2)^{2}}{4 \times (-2)} = -\frac{3}{2}\).  
So the answer is \(-\frac{3}{2}\).  

Analysis: Based on the results of the new operation, we obtain \(a \oplus b = \frac{a^{2} - b^{2}}{ab}\). Substituting \("	others	middle	medium
6057	The complement of an angle of \(62{^\circ}15^{'}\) is ( ).	fill_in_the_blank	\(27{^\circ}45^{'}\)	Complementary angles, supplementary angles, and their properties###Mixed operations of the four arithmetic operations on angles	nan	2024	middle	easy
4846	"In ""The Nine Chapters on the Mathematical Art,"" there is a problem: There are people buying a sheep together. If each person contributes 5 coins, there is a shortage of 45 coins; if each person contributes 7 coins, there is still a shortage of 3 coins. What are the number of people and the price of the sheep? This problem means: There are some people jointly buying a sheep. If each person contributes 5 coins, there is still a shortage of 45 coins; if each person contributes 7 coins, there is still a shortage of 3 coins. Find the number of people buying the sheep and the price of the sheep. Let the number of people buying the sheep be \(x\), then according to the problem, the equation can be set up as ( )."	fill_in_the_blank	\(5x + 45 = 7x + 3\)	Practical Applications of Linear Equations - Ancient Mathematical Problems	nan	2024	middle	easy
5616	Factor: \(2a^{2}b - 8ab - 8b\) = ( )	fill_in_the_blank	2b(a^{2} - 4a - 4)	Factorization - Common Factor Method	[Analysis] Factorize directly using the method of extracting the common factor.	2024	middle	easy
651	"Calculate:  
(1) \( 2m \left( \frac{1}{2}m - 1 \right) - m(m + 1) \) = ( )  
(2) Solve the equation \( \frac{x}{x + 1} - 1 = \frac{2x}{3x + 3} \); the value of \( x \) is ( )."	fill_in_the_blank	-3m; -\frac{3}{2}	The mixed operations of polynomials###Method of Clearing Fractions to Solve Fractional Equations	[Analysis] (1) Calculate according to the rule of multiplying a monomial by a polynomial; \ (2) Solve according to the method for solving rational equations.	2024	middle	easy
2708	"First simplify, then evaluate: \(\frac{a^{2} + 8a + 16}{a^{2} + 3a} \div (1 + \frac{1}{a + 3})\). Please choose an appropriate value from \(-4, -3, 0, 1\) to substitute into \(a\) for evaluation.  
The expression simplifies to ( ) when \(a = 1\)."	fill_in_the_blank	\(\frac{5}{1} = 5\)	The conditions under which a fraction is meaningless.###Simplification and Evaluation of Rational Expressions - Substitution Method	[Analysis] First, simplify using the mixed operations of rational expressions, and then substitute values based on the conditions for which the expressions are valid to solve the problem.	others	middle	medium
4520	Compare the sizes: \(- \frac{3}{4}\)\ul{　 　}\(- ( - 0.25)\)	fill_in_the_blank	<	Simplify multiple sign rational numbers.	nan	2024	middle	easy
27	"A cube with an edge length of 6 is cut into several smaller cubes with integer edge lengths. If the total surface area of these smaller cubes is \(\frac{10}{3}\) times the surface area of the original larger cube before cutting, then the number of smaller cubes with an edge length of 1 could be ( ).  
A. 15 B. 24 C. 42 D. 56 E. 60"	fill_in_the_blank	24	Area and isometric transformation	"[Solution] Explanation: The volume of the large cube is \( V_{\text{large}} = 6^3 = 216 \).  
The surface area of the large cube is \( S_{\text{large}} = 6 \times 6^2 = 216 \).  
Since the total surface area of the small cubes after cutting is \(\frac{10}{3}\) times the surface area of the large cube before cutting,  
the total surface area of the small cubes is \( S_{\text{small}} = 216 \times \frac{10}{3} = 720 \).  
Let there be \( x \) small cubes with edge length 1, and \( y \) small cubes with edge length 2.  
According to the volume equation: \( x + 2^3y = 216 \), and the surface area equation: \( 6x + 6 \times 2 \times 2y = 720"	2023	middle	hard
218	"Each of students A and B has a number of extracurricular books. A says to B: ""If you give me 2 books, I will have n times as many books as you."" B says to A: ""If you give me n books, I will have 2 times as many books as you."" Here, n is a positive integer. The number of possible values for n is ( ).  
A. 2 B. 4 C. 5 D. 6"	fill_in_the_blank	B	Application of Systems of Linear Equations: Sum, Difference, Multiples, and Division Problems	nan	2024	middle	hard
387	In the rectangular coordinate system \(xOy\), given \(A(8, a)\), \(B(3, b)\), and using the line segment \(AB\) as the diagonal to form square \(AOBC\), the coordinates of point \(C\) are ( ) or ( ).	fill_in_the_blank	(-11, 5) or (11, -5)	Coordinates and Properties of Figures###Properties of a Square###The solution of a system of quadratic equations in two variables	"Solution: Given that quadrilateral AOBC is a square, we have diagonals AB = OC and sides AO = OB = BC = CA.

Let A(8, a), B(3, b).

Thus, \(AO = \sqrt{8^{2} + a^{2}} = \sqrt{a^{2} + 64}\),

\(OB = \sqrt{3^{2} + b^{2}} = \sqrt{b^{2} + 9}\),

\(AB = \sqrt{(3 - 8)^{2} + (b - a)^{2}} = \sqrt{(b - a)^{2} + 25}\).

Since quadrilateral AOBC is a square, ∠AOB = 90°,

\(AB^{2} = AO^{2} + OB^{2} \Rightarrow (b - a)^{2} + 25 = a^{2} + b^{2} +"	2023	middle	hard
420	"If a four-digit natural number has its tens digit as the difference between twice the thousands digit and the hundreds digit, and its units digit as the sum of twice the thousands digit and the hundreds digit, then we call this four-digit number a ""dependent number."" For example, the natural number 2135, where \(3 = 2 \times 2 - 1, 5 = 2 \times 2 + 1\), makes 2135 a ""dependent number."" The smallest four-digit dependent number is \_\_\_\_; if the number represented by the last three digits of a four-digit ""dependent number"" minus three times the hundreds digit of this number yields a result that leaves a remainder of 3 when divided by 7, such a number is called a ""special number."" Given a positive integer \(m\) greater than 1 that can be factored into the form \(m = pq + n^{4}\) (\(p \leq q"	fill_in_the_blank	1022; \(\frac{63}{52}\)	Application of Factorization - Comparing Sizes	"Solution: 

1. Since there is the smallest four-digit dependency number, 
   the smallest digit in the thousands place of this dependency number is 1, and in the hundreds place is 0. 
   The digit in the tens place is twice the digit in the thousands place minus the digit in the hundreds place, and the digit in the units place is twice the digit in the thousands place plus the digit in the hundreds place,
   Therefore, the digit in the tens place is: 1×2-0=2, and in the units place is: 1×2+0=2,
   Therefore, the smallest four-digit dependency number is 1022.

2. Let the digit in the thousands place be \(x\), and in the hundreds place be \(y\), where \(x \neq 0\) and \(2x > y\).
   Therefore, the digit in the tens place is \((2x - y)\), and in the"	2024	middle	hard
547	"Decompose the following expressions into factors using the method of adding or subtracting terms:  
(1) \(x^4 + 4y^4\) = ( )  
(2) \(x^2 - 2ax - b^2 - 2ab\) = ( )"	fill_in_the_blank	\((x^{2} + 2y^{2} + 2xy)(x^{2} + 2y^{2} - 2xy)\); \((x + b)(x - 2a - b)\)	Factorization - Term Addition (or Decomposition) Method	"[Analysis] (1) Use the method of completing the square by adding \( 4x^2y^2 \) to the original expression to form a perfect square trinomial with two terms in the original expression, then use the perfect square formula for factorization. To keep the value of the original expression unchanged, subtract \( 4x^2y^2 \) from the original expression, and then use the difference of squares formula to continue factorization;\\
(2) Use the method of completing the square by adding \( a^2 \) to the original expression to form a perfect square trinomial with the first two terms, then use the perfect square formula for factorization. To keep the value of the original expression unchanged, subtract \( a^2 \) and form a perfect square trinomial with the last two terms in the original expression, then use the perfect square formula for factorization. Finally, use the difference of squares formula to continue factorization."	others	middle	hard
1209	If the graph of the linear function \(y = (a + 1)x + (a - 6)\) concerning \(x\) does not pass through the second quadrant and the fractional equation concerning \(x\), \(\frac{3 - ax}{x - 3} + 3 = \frac{x}{3 - x}\), has an integer solution, then the sum of all integer values of \(a\) that satisfy the condition is ( ).	fill_in_the_blank	15	The relationship between the graph, properties, and coefficients of a linear function###Finding parameters from the known solution of rational equations.	"Solution: Since the graph does not pass through the second quadrant,  
thus \(a+1>0\), and \(a-6\leq0\).  
Solving gives \(-1<a\leq6\).  

For the equation \(\frac{3 - ax}{x - 3} + 3 = \frac{x}{3 - x}\),  
we simplify to \(3 - ax + 3(x - 3) = -x\).  
This results in \((4-a)x=6\).  
Thus, \(x=\frac{6}{4-a}\).  
When both \(x\) and \(a\) are integers, the values of \(a\) are 1, 2, 3, 5, 6.  
However, when \(a=2\), \(x=3\) makes the original equation undefined due to a zero denominator.  
Hence, the valid \(a\)"	2024	middle	hard
1295	Given that point \(P\) is the midpoint of line segment \(MN\), point \(E\) is a point on line \(MN\), and \(ME:EN = 2:5\), point \(F\) is the midpoint of \(EN\), if \(EP = 6\, cm\), then the length of line segment \(MF\) is ( ) cm.	fill_in_the_blank	18 cm	Midpoint of a line segment###The Practical Application of Linear Equations in One Variable - Geometric Problems###Simple calculations of the sum, difference, multiplication, and division of line segments.###Segment n-division point model	nan	2024	middle	hard
1591	A certain company combined elderly care and medical services to create a health and wellness community. On the day of the property viewing, to facilitate customers, the company planned to rent a number of buses of three types: A, B, and C, to transport customers to the community. Each B-type bus can carry 35 people, and each C-type bus can carry \(\frac{3}{5}\) of what each A-type bus can carry. The capacity of each B-type bus is more than that of each C-type bus but less than that of each A-type bus. According to the pre-visit statistics, all buses were fully occupied, with B-type and C-type buses carrying a total of 291 people. During the actual visit, the number of visitors decreased, and the total number of people carried by A-type and B-type buses remained the same, but there was one less C-type bus and one C-type bus was 5 people short of full capacity, while the rest	fill_in_the_blank	741	The solution of a linear equation in two variables###The application of a linear inequality system	nan	2022	middle	hard
1464	"Reading material: Given \(\frac{x}{x^{2} + 1} = \frac{1}{3}\), find the value of \(\frac{x^{2}}{x^{4} + 1}\).

Solution: From \(\frac{x}{x^{2} + 1} = \frac{1}{3}\), we have \(\frac{x^{2} + 1}{x} = 3\), thus \(x + \frac{1}{x} = 3\).

Using this, we find \(\frac{x^{4} + 1}{x^{2}}\) is equivalent to \(x^{2} + \frac{1}{x^{2}} = {(x + \frac{1}{x})}^{2} - 2 = 3^{2} - 2 = 7\); therefore, \(\frac{x^{2}}{x^{4} + 1} = ( )\)."	fill_in_the_blank	\(\frac{1}{7}\)	The substitution method for solving rational equations###Define a new operation	[Analysis] Based on the material, it can be determined that \(\frac{120}{x} - 60 = \frac{120}{\frac{1}{3}} = 300\). Then find the reciprocal of \(\frac{x^{2}}{x^{4} + x^{2} + 1}\) and express it with a formula containing \(a\).	2019	middle	hard
4228	There are a kilograms of salt and b kilograms of water. The concentration of the mixed saline solution is ( ).	fill_in_the_blank	\(\frac{a}{a + b}\)	Use letters to represent numbers.	nan	2024	middle	easy
5469	The volume of a cone is directly proportional to the ( ) of its base.	fill_in_the_blank	radius squared	Characteristics of a Cone	nan	2023	middle	easy
1906	Congcong and Mingming went shopping at the supermarket, where a raffle event is taking place. For every 100 yuan spent in a single transaction, a raffle ticket is given. It is known that Congcong bought 5 boxes of cookies and received 3 raffle tickets; Mingming bought 5 boxes of cookies and 1 cake and received 4 raffle tickets. If the price of each box of cookies is x yuan and each cake costs 150 yuan, then the range of x is \ul{　 　}.	fill_in_the_blank	60≤x<70	Practical Application of a System of Linear Inequalities: Sales Problem	"Solution: From the problem statement, we have the system of inequalities:

\(\left\{ \begin{array}{r}
5x \geq 3 \times 100 \\
5x + 150 < 5 \times 100
\end{array} \right.\ \).

Solving this, we find \(60 \leq x < 70\).

Therefore, the answer is: \(60 \leq x < 70\).

Analysis: According to the problem statement, establish the system of inequalities:

\(\left\{ \begin{array}{r}
5x \geq 3 \times 100 \\
5x + 150 < 5 \times 100
\end{array} \right.\ \),

and then solve it."	2024	middle	medium
3997	In a machining workshop of a machinery factory, there are 34 workers, with each worker processing on average 20 large gears or 15 small gears per day. Given that 3 large gears and 2 small gears form a set, assuming x workers are assigned to process large gears, a suitable equation could be set up as ( ).	fill_in_the_blank	\(2 \times 20x = 3 \times 15(34 - x)\)	The Practical Application of Linear Equations - Allocation Problems	nan	2023	middle	easy
2225	"A mathematics interest group observed the equation \(ax^{3} + bx^{2} + cx + d = (x - 2)^{3}\) and found: when \(x=1\), \(a+b+c+d=(1-2)^{3}=-1\). Please carefully observe this equation and try to calculate the value of the following polynomials:
(1) \(-a+b-c+d=( )\).
(2) \(8a+4b+2c=( )\)."	fill_in_the_blank	-27; 8	Evaluate under polynomial conditions	"Solution: (1) When x = -1, -a + b - c + d = (-3)^3 = -27;  
Thus, the answer is: -27.  
(2) When x = 0, d = (-2)^3 = -8,  
When x = 2, 8a + 4b + 2c + d = 0,  
Therefore, 8a + 4b + 2c = -d = 8.  
Thus, the answer is: 8.  
Analysis: (1) Substitute x = -1 to find the answer;  
(2) First, substitute x = 0 to find the value of d, then substitute x = 2 to find the answer."	others	middle	medium
2860	If the opposite of a negative integer is less than 2, then this negative integer is \underline{　　}.	fill_in_the_blank	-1	Method for finding the opposite of a rational number.	Solution: Since the opposite of a negative integer is less than 2, therefore, this negative integer is -1. Thus, the answer is: -1. Analysis: Solve based on the definition of opposite numbers.	others	middle	medium
3228	At the beginning of last year, Xiaolong deposited his New Year money into the bank as a one-year fixed deposit, and at maturity, the total principal and interest amounted to 2,150 yuan. Given that the annual interest rate of this type of savings is 3.50%, let the amount of New Year money Xiaolong deposited be x yuan. According to the problem, the equation can be set up as ( ) (excluding interest tax).	fill_in_the_blank	x + 0.035x = 2150	Form a linear equation in one variable.###Practical Applications of Linear Equations - Interest Problems	Solution: According to the problem, Xiaolong deposited x yuan of gift money with an annual interest rate of 3.50% for 1 year. The total principal and interest at maturity is 2150 yuan. The equation can be set up as: x + 3.50%x × 1 = 2150, i.e., x + 3.50%x = 2150. Therefore, the answer is: x + 3.50%x = 2150. Analysis: The formula for interest and total principal and interest is: interest = principal × annual interest rate × time, total principal and interest = principal + interest. Based on the known annual interest rate and time, and the total principal and interest at maturity, let the principal be x and use the formula to set up the equation.	others	middle	medium
3262	"According to the problem, set up the equations:

(1) There are 12 chickens and rabbits in the yard, with a total of 34 legs. How many chickens and rabbits are there? Let the number of rabbits be x. The equation is: ( ).

(2) A company's credit score this month is 96 points, an increase of 20% from last month. Let the company's credit score last month be x. The equation is: ( )."	fill_in_the_blank	4x + 2(12 - x) = 34; (1 + 20%)x = 96	Other Applications of Linear Equations###Real-world Application of Linear Equations: The Chicken and Rabbit Cage Problem###Form a linear equation in one variable.	"Solution: (1) Let x be the number of rabbits, then there are (12-x) chickens. Based on the problem, we have: 4x + 2(12-x) = 34. (2) Let x be the company's credit score last month. Based on the problem, we have: (1+20%)x = 96. Thus, the solutions are: 4x + 2(12-x) = 34; (1+20%)x = 96.

Analysis: (1) Let x be the number of rabbits, then there are (12-x) chickens. Create an equation based on the total number of rabbit legs plus the total number of chicken legs equals 34. (2) Let x be the company's credit score last month, then this month's credit score is (1+20%)x. Create an equation based on this month's credit score being 96."	others	middle	medium
3267	"Given \(\frac{a}{2} = \frac{b}{3}\), the value of the algebraic expression \(\frac{a + b}{b}\) is \ul{    };

(2) Given line segments \(a = 8cm\), \(b = 2cm\), the geometric mean of segments \(a\) and \(b\) is \ul{    }."	fill_in_the_blank	\(\frac{5}{3}\); \(4cm\)	Simplification and evaluation of rational expressions###Properties of Proportions###The ratio of line segments	nan	2024	middle	medium
3269	Given that \(\bigtriangleup = ○ + ○ + ○\) and \(\bigtriangleup - ○ = 22\), then \(○ =\) ( ) , \(\bigtriangleup =\) ( ).	fill_in_the_blank	11; 33	The meaning and reading/writing of fractions	nan	2024	middle	medium
3344	If the inequality 5\emph{x} - 2\emph{m} < 3\emph{x} in terms of \emph{x} has only 3 positive integer solutions, then the range of values for \emph{m} is \ul{　 　}.	fill_in_the_blank	3 < m ≤ 4	Parametric problems in linear inequalities	"Solution: Move terms to obtain: \(5x - 3x < 2m,\) Combine like terms to get: \(2x < 2m,\) Normalize the coefficient to 1: \(x < m,\) Since the inequality has only 3 positive integer solutions, \(\therefore 3 < m \leq 4,\) Therefore, the answer is: \(3 < m \leq 4.\)

Analysis: First solve the inequality, then based on the inequality having only 3 positive integer solutions, derive an inequality about m to find the range of m."	2024	middle	medium
3383	"The correct statements are ( ).  
A. The data 0.80 is precise to the hundredths place.  
B. 14185, represented in scientific notation (precise to the hundreds place), is \(1.42 \times 10^{4}\).  
C. The data \(2.002 \times 10^{11}\) can be represented as 200.2 billion.  
D. 668,000 represented in scientific notation is \(6.68 \times 10^{5}\)."	fill_in_the_blank	A, B, D	Approximate Numbers and Significant Figures###Scientific notation represents numbers greater than 10.	[Answer] A: The data 0.80 is accurate to the percent digit, which is consistent with the statement; B: 14185 is expressed in scientific notation (accurate to the hundreds digit) as \(1.42 \times 10^{4}\), which is consistent with the statement; C: The data \(2.002 \times 10^{11}\) can be expressed as 200.2 billion, which does not match the statement; D: 668,000 is expressed in scientific notation as \(6.68 \times 10^{5}\), which is consistent with the statement; Therefore, the answer is: ABD. [Analysis] Use the definition of approximate numbers, the method of rounding, and the definition and writing requirements of scientific notation to judge each case. **Three, True or False**	2021	middle	medium
3848	"Under normal circumstances, \(\frac{m}{2} - \frac{n}{3} = \frac{m - n}{2 - 3}\) does not hold, but there are some numbers that make it true, for example: \(m = n = 0\). We call a pair of numbers \emph{m} and \emph{n} that make \(\frac{m}{2} - \frac{n}{3} = \frac{m - n}{2 - 3}\) true a ""magical pair,"" denoted as \((m,n)\).

(1) If \((8,n)\) is a ""magical pair,"" then the value of \emph{n} is ( );

(2) If at this time the solution to the equations \(3x - 6 = n\) and \(2x - 1 = 3k\) are equal, then the value of \(k\) is ( )."	fill_in_the_blank	9; 3	Solve the linear equation with parentheses.###Linear Equation - Equivalent Problems	nan	others	middle	medium
4132	Given that one root of the quadratic equation \(x^{2} - 5x + a = 0\) is 3, then \(a =\)\ul{　 　}	fill_in_the_blank	6	Given the roots of a quadratic equation, find the parameters.	nan	2024	middle	easy
5065	If \(x^{m - 2} - 2y^{n + 1} = 5\) is a linear equation in two variables x and y, then \(m + n =\)\_\_\_\_.	fill_in_the_blank	1	The concept of a system of linear equations in two variables	nan	2024	middle	easy
5495	Translate the parabola \(y = x^{2}\) 3 units to the right and then 2 units upward. The resulting parabola's expression is ( ).	fill_in_the_blank	\(y = (x - 3)^{2} + 2\)	Translation of the graph of a quadratic function	nan	2024	middle	easy
5543	"Determine which of the following statements are propositions and which are not (fill in ""Correct"" or ""Incorrect"").
(1) The solution of the equation 2x - 4 = 0 is x = 2. (　　)
(2) This small flower is red. (　　)
(3) In △ABC, if AB\textgreater AC, is ∠C\textgreater∠B? (　　)
(4) If ab\textgreater0, then a\textgreater0. (　　)
(5) The angle bisectors of two equal corresponding angles are parallel. (　　)
(6) The sum of two irrational numbers must be an irrational number. (　　)
(7) Please draw a pair of vertical angles. (　　)
(8) \(\sqrt{a^{2}} = a\) (a is a real number). (　　)"	fill_in_the_blank	"(1) Correct  
(2) Correct  
(3) Incorrect  
(4) Correct  
(5) Correct  
(6) Correct  
(7) Incorrect  
(8) Correct"	Definitions, propositions, theorems, and corollaries.	"Solution: 

(1) The solution to the equation 2x - 4 = 0 is x = 2, which can be judged as true or false, so (1) is a proposition.

(2) This little flower is red, which can be judged as true or false, so it is a proposition.

(3) In △ABC, if AB > AC, is ∠C > ∠B? This is a question and cannot be judged as true or false, so it is not a proposition.

(4) If ab > 0, then a > 0, which can be judged as true or false, so it is a proposition.

(5) The bisectors of two equal corresponding angles are parallel, which can be judged as true or false, so it is a proposition.

(6) The sum of two irrational numbers must be irrational, which can be judged as true or false, so it is a proposition.

(7) Please draw"	others	middle	easy
5957	A two-digit number has digits that add up to 5. When the digits are reversed and the resulting number is multiplied by the original number, the product is 736. The two-digit number is ( ).	fill_in_the_blank	23	Application of Quadratic Equations: Number Problems	nan	2024	middle	easy
5975	In the equation 2x + ▲ = 3x, the ▲ is a constant covered with ink. Given that the solution to the equation is x = 2, the constant at ▲ is \ul{　 　}.	fill_in_the_blank	2	Linear equations - error recovery problem	"Solution:
Let the constant at the ▲ position be y,
therefore, 2x + y = 3x,
since x = 2,
hence 4 + y = 6,
thus y = 2.
So the constant at the ▲ position is 2.
Therefore, the answer is: 2.

Analysis:
Set a parameter, substitute the value of x into the equation, convert it into a linear equation in terms of y, and solve for the answer."	others	middle	easy
