index	question	category	answer	knowledge	analysis	year	grade_level	difficulty_level
3054	"Among the following phenomena, which can indicate the presence of atmospheric pressure?  
A. When the small hole on a teapot lid is blocked, the water inside the teapot does not flow out easily.  
B. Using a vacuum pump to remove air from a light bulb.  
C. A doctor pulls up the piston in a syringe, causing the liquid to enter the syringe through the needle.  
D. A suction cup adhering tightly to a smooth glass brick can be used to hang clothes."	multiple_answer_choice	A, C, D	The existence of atmospheric pressure	"[Solution] A. By blocking the small hole, as part of the water flows out of the kettle, the air pressure inside the kettle decreases and becomes less than the external atmospheric pressure, causing the atmospheric pressure to press on the water inside, making it difficult to flow out. This demonstrates the existence of atmospheric pressure, so A is consistent with the question's intent.

B. Using a vacuum pump to remove air from a lightbulb is a phenomenon that takes advantage of the pressure difference. When the vacuum pump rotates at high speed, the air flow rate is very high and the air pressure becomes very low, creating a low-pressure area outside the bulb, which allows it to be evacuated. This is unrelated to atmospheric pressure, so B does not meet the question's intent.

C. When lifting the piston, the space inside the needle increases, and the air pressure decreases, becoming less than the external atmospheric pressure. The atmospheric pressure forces the liquid medicine into the syringe, demonstrating the existence of atmospheric"	2020	middle	easy
2545	"On June 2, 2024, the Chang'e 6 probe landed on the far side of the moon. After landing, the probe deployed its solar panels and completed the world's first sampling mission from the moon's far side (lunar soil) using both ""drilling"" and ""surface collection"" methods. The outer drill rod, made from aluminum-based composite material, was developed by a research institute in Liaoning Province. Its wear resistance and strength are comparable to steel, achieving a 65% weight reduction. The correct statements are:

A. The spatial scales of the sun, the moon, and the probe decrease in that order.
B. Solar energy is a non-renewable resource.
C. The density of aluminum-based composite material is less than that of steel.
D. There is friction between the rotating outer drill rod and the lunar soil in close contact with it during ""drilling."""	multiple_answer_choice	A, C, D	Density and its characteristics###Energy and its classification###Conditions for the generation of friction	"[Answer] A. The spatial scales of the Sun, Moon, and probe decrease sequentially. A is correct.  
B. Solar energy is a renewable energy source. B is incorrect.  
C. The outer drill rod made of aluminum-based composite material reduces weight by 65%, and the density of aluminum-based composite is smaller than that of steel. C is correct.  
D. There is friction between the rotating outer drill rod and the lunar soil in close contact with it during ""drilling"". D is correct.  
In summary, select ACD.  

[Analysis] Determine the options based on renewable energy, density, and friction.  
Renewable energy: Energy that can be restored shortly after use, such as wind energy and solar energy. Non-renewable energy: Energy that cannot be regenerated shortly after use, such as nuclear energy and fossil fuels.  
Density: Lighter density can reduce weight.  
Friction: It occurs when relative movement changes occur between objects,"	2024	middle	easy
1597	"Xiaoming and his friends went to the Moore Spring Plaza to buy sneakers. He stood on the steadily ascending escalator and heard the familiar voices of his friends from downstairs. Which of the following descriptions is correct?
A. With the escalator as a reference, Xiaoming is stationary.
B. The gravitational force on Xiaoming and the supporting force from the escalator are a pair of balanced forces.
C. Xiaoming's kinetic energy increases, and gravitational potential energy increases.
D. The sound made by his friends is transmitted to Xiaoming's ears through the air."	multiple_answer_choice	A, B, D	Changes in kinetic energy and potential energy magnitude###Distinguishing Balance Ability###Conditions for the propagation of sound###The relativity of motion and rest	"Answer: A. Using the escalator as a reference, there is no change in position between Xiaoming and the escalator, so Xiaoming is stationary, thus A is correct;  
B. Xiaoming is in a state of uniform linear motion, the gravitational force and the support force from the escalator on him are a pair of balanced forces, thus B is correct;  
C. When Xiaoming is ascending, his mass does not change, and his velocity is constant, so his kinetic energy remains unchanged; as his height increases, his gravitational potential energy increases, thus C is incorrect;  
D. Sound from human conversation is transmitted through air, thus D is correct.  
Therefore, the correct answers are ABD.  
Analysis: A. To determine whether an object is in motion or stationary, first identify the reference object, then determine whether there is a change in position between the object being studied and the reference object; if there is a change, the object is in motion; if"	2023	middle	easy
757	"Regarding the statements about electric work and electric power, which is correct? ( )
A. The faster the electrical appliance consumes energy, the greater its power.
B. The shorter the time the current does work, the greater the power.
C. When the work done by the current is the same, the longer the time used, the greater the power.
D. When the work done by the current is the same, the shorter the time used, the greater the power."	multiple_answer_choice	A, D	Calculation of Electric Work###Electric power###The relationship between electric power, electrical energy, and time.	"Answer:  
A: Electric power is a physical quantity that indicates the rate at which electrical work is done. The greater the power of an electrical appliance, the faster the consumption of electrical energy, therefore A is correct.  
In cases where the time of doing work is uncertain, an appliance that works faster does not necessarily consume more electrical energy, so A is incorrect.  
B: A shorter duration of electrical work does not necessarily mean greater power, because power also depends on the amount of work done, so B is incorrect.  
C: According to \(P = \frac{W}{t}\), when electrical work is the same, the longer the time used, the smaller the power, so C is incorrect.  
D: According to \(P = \frac{W}{t}\), when electrical work is the same, the shorter the time used, the greater the power, hence D is correct.  

Analysis: Electric work is the work done by the current in an appliance,"	2023	middle	easy
2654	"The incorrect statement about sound is (     )
A. All vibrating objects produce sound
B. Sound speed in the air is unrelated to pitch
C. The number of vibrations of an object is called frequency
D. ""Softly spoken"" refers to low pitch"	multiple_answer_choice	B, C, D	The production of sound###Conditions for the propagation of sound###Distinction between pitch, loudness, and timbre.	"Answer:  
A. Sound is produced by the vibration of objects, so all vibrating objects can produce sound. This option is correct.  
B. The speed of sound is related to the type of medium and the temperature of the medium, and is not related to the pitch of the sound. This option is incorrect.  
C. The number of vibrations an object makes in 1 second is called the frequency. This option is incorrect.  
D. In ""low whispers,"" ""low"" refers to the small loudness of the sound. This option is incorrect.  
Therefore, the answer is: BCD.  

Analysis: The occurrence of sound is due to the vibration of objects. When the vibration stops, the sound also stops.  
The three characteristics of musical tones are pitch, loudness, and timbre.  
(1) Pitch: refers to the high or low quality of sound, which is related to the frequency of the sound source.  
(2) Loudness:"	2018	middle	easy
2278	"Regarding pressure, the following statements are correct:

A. Railway sleepers are laid underneath train tracks to reduce the pressure on the ground.

B. Two ships sailing parallel and close to each other are prone to collision, demonstrating the existence of atmospheric pressure.

C. Cooking rice in a pressure cooker is faster because the pressure inside the pot is high, increasing the boiling point of the liquid.

D. Using a straw to drink can be explained by the relationship between fluid pressure and flow velocity."	multiple_answer_choice	A, C	Methods to Increase Pressure and Their Applications###Boiling Point and Its Relationship with Atmospheric Pressure###Comprehensive Applications of Atmospheric Pressure###The relationship between fluid pressure and flow velocity	"Answer: A. Sleepers are placed under train tracks to increase the force-bearing area and reduce the pressure on the ground, which aligns with the question's intent.   
B. Two ships sailing closely parallel are prone to collision because the pressure is lower where the flow speed is higher, which does not align with the question's intent.  
C. Cooking rice in a pressure cooker is faster because the pressure inside the cooker is high, raising the liquid's boiling point, which aligns with the question's intent.  
D. When using a straw to drink, the air inside the straw is sucked out, reducing the pressure inside the straw, and the beverage enters the mouth due to atmospheric pressure, which does not align with the question's intent.  
Therefore, the answer is: AC.  
Analysis: Increasing the force-bearing area reduces pressure when the force is constant; fluid pressure is lower where the flow speed is higher; using a straw to drink utilizes atmospheric pressure; an increase in pressure raises the"	2023	middle	easy
769	"The data closer to the actual situation is (      )
A. The lowest temperature in Jinan can reach -30℃.
B. The voltage of a dry cell is approximately 1.5V.
C. A current exceeding 10mA passing through the human body can be life-threatening.
D. The power of Xiaoming's newly purchased double-door refrigerator is about 2000W."	multiple_answer_choice	B, C	Temperature and the Use and Reading of Thermometers###Current and current unit conversion###Voltage and voltage unit conversion###Electric power	nan	2024	middle	easy
1280	"Standardized measurement is an essential scientific literacy for middle school students. The following statements are correct (    ):
A. When measuring length with a ruler, the ruler should be placed straight, and the scale line should be closely aligned with the object being measured.
B. When measuring the volume of water with a graduated cylinder, the reading should be taken at eye level with the lowest point of the meniscus.
C. Measuring the volume of a small brick: the brick can be directly placed into the graduated cylinder to measure its volume.
D. Measuring the density of saltwater: use a balance to measure the total mass of the beaker and saltwater before and after pouring into the graduated cylinder, and use the cylinder to measure the volume of the poured saltwater."	multiple_answer_choice	A, B, D	Use of the Graduated Cylinder###Measurement of solid density###Measurement of liquid density###The Use of a Ruler	nan	2023	middle	easy
177	"A strong earthquake can cause a large number of casualties and property damage. Which of the following statements do you think is correct? 
A. Infrasound waves are generated during an earthquake.
B. Earthquake waves are generated during an earthquake, and these waves cannot propagate in a vacuum.
C. The seismic waves generated during an earthquake are not produced by the vibration of objects.
D. Disaster victims use shouting and tapping to call for help mainly because sound can transmit information."	multiple_answer_choice	A, B, D	The production of sound###Conditions for the propagation of sound###Ultrasonic and infrasonic waves###Sound and Information	nan	2023	middle	easy
1894	"Atmospheric pressure is closely related to people's daily lives, and the following examples utilize atmospheric pressure:  
A. Using a straw to drink  
B. A nurse injects medicine into a patient's body with a syringe  
C. Cooking rice with a pressure cooker  
D. A ""suction cup"" hook attached to a vertical wall"	multiple_answer_choice	A,D	The existence of atmospheric pressure###Comprehensive Applications of Atmospheric Pressure	nan	2023	middle	easy
3342	"Chinese poetry contains rich knowledge of physics. The correct understanding of the following is (     ):
A. In the line ""Green mountains on both sides emerge, a lone sail comes at the edge of the sun,"" ""green mountains emerge"" is with the riverbank as a reference.
B. In the line ""A passerby inquires and waves from afar, afraid that the fish are startled and won't respond,"" ""fish startled"" is because sound can propagate in gas and liquid.
C. In the line ""The clear pond seems shallow, knowing the fish scatter when the lotus moves,"" ""shallow water"" is caused by the straight-line propagation of light.
D. In the line ""Red, orange, yellow, green, blue, indigo, violet, who holds a colorful ribbon dancing in the sky?"" it depicts the phenomenon of light dispersion."	multiple_answer_choice	B, D	The phenomenon of light refraction and its applications###Dispersion of light###Conditions for the propagation of sound###Reference objects and their selection	nan	2023	middle	easy
1781	"Student Xiaoming made estimations of some physical quantities, among which the ones close to reality are: 
A. Generally, the safe voltage for the human body is 36V.
B. The comfortable temperature in a classroom is approximately 23°C.
C. The rated power of a household energy-saving lamp is approximately 20W.
D. A current exceeding 10mA through the human body poses a life-threatening danger."	multiple_answer_choice	B, C, D	Temperature and the Use and Reading of Thermometers###Current and current unit conversion###Voltage and voltage unit conversion###Electric power	nan	2024	middle	easy
3049	"The following statements about the understanding of the physical quantities of work, power, and mechanical efficiency are incorrect (     ):
A. The greater the power of the machine, the faster the work is done.
B. Improving mechanical performance can achieve \(100\%\) mechanical efficiency.
C. As long as a force is applied to an object, the force is doing work on the object.
D. The higher the mechanical efficiency, the greater the ratio of useful work to total work, the better the mechanical performance."	multiple_answer_choice	B, C	The concept of power###Mechanical efficiency###Judgment of whether work is done	nan	2023	middle	easy
971	"From ancient times to the present, China has been a world-renowned country for its cuisine. The following statements are correct:  
A. Brown sugar glutinous rice cake is very hot when it enters the mouth because it contains a lot of heat.  
B. During the process of cooking glutinous rice balls, their temperature rises, and their internal energy increases.  
C. Sausages need to be hung in a ventilated place to speed up the evaporation of moisture.  
D. When stewing Dongpo pork, you can smell the aroma because there is attraction between molecules."	multiple_answer_choice	B, C	Factors affecting the rate of evaporation###The concept of heat###The relationship between temperature, heat, and internal energy###Intermolecular forces	nan	2023	middle	easy
534	"The following statements about evaporation and boiling are correct: 
A. Both evaporation and boiling require the absorption of heat. 
B. Both evaporation and boiling can occur at any temperature. 
C. Both evaporation and boiling are phenomena of vaporization. 
D. The speed of evaporation is not related to temperature, while the temperature remains constant during boiling."	multiple_answer_choice	A, C	Boiling and boiling conditions###Evaporation and its phenomena	"[Answer] A. Both evaporation and boiling are vaporization processes and require heat absorption; this is correct. Evaporation can occur at any temperature, whereas boiling only occurs at a specific temperature (boiling point); Statement B is incorrect. C. Evaporation and boiling are vaporization phenomena, but this statement is incorrect as presented. The evaporation rate is affected by temperature because a higher temperature results in faster evaporation, while during boiling, the temperature remains constant; D does not align with the question's intent.

[Analysis] Both evaporation and boiling are vaporization processes and require heat absorption. Boiling occurs only at the boiling point, and the rate of evaporation is related to temperature."	2022	middle	easy
1888	"Regarding magnetic phenomena, the following statements are correct: (    )
A. Magnetic field lines are imaginary curves, from the north pole to the south pole outside a magnet.
B. Changing the direction of the current can switch the N and S poles of a solenoid.
C. When a motor operates normally, it converts mechanical energy into electrical energy.
D. The principle of a generator is the magnetic effect of current."	multiple_answer_choice	A, B	Magnetic field lines and their characteristics###Construction Principles and Working Process of a DC Motor###The structure and principle of generators###Polarity and Current Direction Determination of an Energized Solenoid	nan	2024	middle	easy
445	"The correct statement among the following is (     )
A. When hitting a volleyball with the hand, the force the hand exerts on the volleyball and the force the volleyball exerts on the hand are always equal in magnitude.
B. As an apple falls from the tree to the ground, its kinetic energy increases.
C. A car moving on a flat road will stop after the engine is turned off, and its inertia decreases.
D. If a cotton thread used for sewing breaks when pulled and cannot return to its original state, it indicates that the cotton thread is not elastic."	multiple_answer_choice	A, B	Factors affecting kinetic energy###The reciprocity of forces###Elasticity###Inertia and its phenomena	nan	2024	middle	easy
3048	"Regarding magnetic fields, the correct statements are:

A. A magnetic field exists around the Earth.
B. A small magnetic needle will be acted upon by a force in a magnetic field.
D. The direction of the magnetic field at a point is determined by the direction in which the N pole of a small magnetic needle points when it is at rest at that point."	multiple_answer_choice	A, B	Magnetic field	Answer: A. The fact that a small magnetic needle can point south when stationary indicates the existence of a magnetic field around the Earth, making option A correct; B. A small magnetic needle will be influenced by forces in a magnetic field, due to the forces of like and unlike magnetic poles, making option B correct; C. Magnetic fields are real, whereas magnetic field lines do not actually exist; they are an imaginary construct for conveniently describing the properties of magnets, making option C incorrect; D. The direction of the magnetic field at a certain point is determined by the magnet itself, with bar magnet field lines extending from the N pole to the S pole, making option D incorrect. Therefore, the answer is: AB. Analysis: In physics, magnetic field lines are introduced to describe magnetic fields, where the density of the lines indicates the strength of the magnetic field, and the tangent direction indicates the direction of the magnetic field. Any magnet has two poles, namely the N pole and the S pole	2020	middle	easy
3203	"Regarding force, force, and motion, the following statements are correct:

A. The three elements of two forces that balance each other must be the same.
B. The resultant force on a car moving in uniform linear motion must be zero.
C. If an object is subjected to a force, its state of motion must change.
D. While a magnet attracts a nail, the magnet is also certainly attracted by the nail."	multiple_answer_choice	B, D	The three elements of force and the force diagram.###The reciprocity of forces###Determination of Equilibrium State###Synthesis and Application of Forces	nan	2022	middle	easy
1207	"The incorrect statement about optical phenomena is (     )
A. The speed of light in a vacuum is 3×10\textsuperscript{8} m/s
B. When reflection occurs, some light rays do not obey the law of reflection
C. A beam of light incident perpendicularly on a plane mirror has a reflection angle of 90°
D. Incident light rays are parallel, then the reflected light rays must also be parallel"	multiple_answer_choice	B, C, D	The speed of light and light-year###Law of reflection of light###Specular reflection and diffuse reflection	nan	2023	middle	easy
2817	"The statements about basic electrical knowledge that are correct are (   ):
A. The essence of static electricity from friction is the transfer of protons.
B. The direction of current in a circuit is the same as the direction of electron movement.
C. The function of a power source is to provide voltage across the two ends of a circuit.
D. The resistance of a conductor is determined by the material, length, and cross-sectional area of the conductor, and it is also related to temperature."	multiple_answer_choice	C, D	Two types of charges###Direction of current###Power supply and its energy conversion###Factors affecting resistance size	"[Answer] A. The essence of frictional electrification is not the creation of charge, but the transfer of electrons, not protons, so A does not meet the requirements of the question;
B. The direction of current in a circuit is opposite to the direction of the movement of free electrons, so B does not meet the requirements of the question;
C. The role of the power supply is to provide voltage to both ends of the circuit to power the electrical appliances, C meets the requirements of the question;
D. The resistance of a conductor is an inherent property of the conductor, determined by the material, length, and cross-sectional area of the conductor, and also related to temperature, so D meets the requirements of the question.
Therefore, the answer is: CD.
[Analysis] Frictional electrification achieves electron transfer to charge objects; the direction of current is opposite to the directional movement of negative charges; the resistance of a conductor is related to its material, length, and"	2022	middle	easy
2206	"The following statements about physical concepts are correct (    ):
A. Two forces of equal magnitude and opposite direction that act on the same straight line must be balanced forces.
B. The direction of sliding friction is always opposite to the direction of the object's relative motion.
C. As long as the state of motion of an object changes, the object must be under the action of a force.
D. Force is the interaction between objects; without objects, there is no force."	multiple_answer_choice	B, C, D	Concept and Unit of Force###The effect of force###Conditions and Applications of Two-Force Equilibrium###The direction of frictional force	nan	2024	middle	easy
2660	"Taut on the cardboard box are two rubber bands of different thicknesses; plucking them by hand can produce sound. Which of the following statements is correct?   
A. The sound produced by plucking the rubber band is not generated by vibration.  
B. The faster the hand plucks, the faster the sound from the rubber band propagates.  
C. The loudness of the sound may be the same when plucking the two rubber bands.  
D. Plucking different rubber bands can explore the relationship between pitch and vibration frequency."	multiple_answer_choice	C, D	The production of sound###Conditions for the propagation of sound###Pitch and the Relationship Between Pitch and Frequency###Loudness and the relationship between loudness and amplitude	nan	2024	middle	easy
3339	"Regarding optical phenomena, the following statements are correct:  
A. A counterfeit bill detector uses ultraviolet light to verify the authenticity of banknotes.  
B. When a person approaches a plane mirror, their image in the mirror becomes smaller.  
C. A red flower appears red because it reflects red light.  
D. The reflective effect of glass curtain walls in tall buildings is due to specular reflection of light."	multiple_answer_choice	A, C, D	Specular reflection and diffuse reflection###The color of the object###Ultraviolet light###Principles and Characteristics of Plane Mirror Imaging	nan	2023	middle	easy
97	"Xiaoming carries a watermelon home using a plastic bag, and the bag is hurting his hand. Which of the following actions can help alleviate the pain in his hand?
A. Lift the plastic bag simultaneously with the other hand
B. Place a towel under the bag's handle
C. Pull the bag's handle together so it forms a line
D. Spread open the bag's handle to make it wider"	multiple_answer_choice	A, B, D	Methods of Reducing Pressure and Their Applications	"Answer: 

A. Using the other hand to support the plastic bag upwards reduces the force and pressure; A meets the requirement.

B. Placing a towel at the bag's handle increases the contact area, reducing the pressure; B meets the requirement.

C. Closing the handle of the plastic bag to form a line increases the pressure; C does not meet the requirement.

D. Expanding the handle of the plastic bag to make it wider increases the contact area, reducing the pressure; D meets the requirement.

Therefore, the answer is: ACD.

Analysis: Increasing the contact area or reducing the force can reduce pressure."	2023	middle	easy
1602	"Chinese culture has a long history. The following poems relate to physical knowledge, and the correct explanations are (     ):
A. ""Cold weather makes red leaves rare"" - Red leaves are due to the leaves reflecting red light.
B. ""A bright mirror can reflect one's image"" - The image in a bright mirror is due to light refraction.
C. ""The clear pond makes one suspect it's shallow"" - The feeling of shallow water is due to light reflection.
D. ""The waterfall sprays rainbow"" - A rainbow forms due to light dispersion."	multiple_answer_choice	A, D	Reflection of Light###Law of Refraction of Light###Dispersion of light	"**Answer**  
A. The human eye can see objects because light reflects off them. The color of an object is determined by the light it reflects. Particular attention should be given to black objects, which absorb all light, and white objects, which reflect all light. ""In cold weather, red leaves are rare,"" as red leaves appear due to leaves reflecting red light, so A is correct.

B. The image of an object in a mirror is formed by light reflection. ""A clear mirror can reflect shapes,"" but the imaging by a mirror is due to light reflection. Therefore, B is incorrect.

C. When light travels from one medium to another, its direction changes, which is known as refraction. ""The clear pond makes one suspect shallow water"" describes the refraction of light entering the human eye from water into the air, making the bottom appear shallower than it actually is. Therefore, C is incorrect.

D. ""Waterfalls creating rainbows"" occur when sunlight refr"	2023	middle	easy
2665	"The following are common physical phenomena occurring around us, among which the incorrect explanation is (     )
A. When all external forces disappear, a lamp resting on the ceiling will fall
B. After a car brakes, its speed gradually decreases and finally stops because the car has inertia
C. An apple falls faster in the air mainly because the force acting on the apple increases
D. A book resting on a horizontal desk exerts pressure on the desk and receives a supporting force from the desk, forming a pair of action and reaction forces"	multiple_answer_choice	A, B, C	Change in the state of motion of an object###Investigation Experiment on the Influence of Resistance on Object Motion###Conditions and Applications of Two-Force Equilibrium	nan	2023	middle	easy
3051	"The following are estimates of some physical quantities in daily life, with the one closest to reality being (     ):
A. The length of a normal adult's shoe is about 42 cm
B. The length of a middle school physics textbook is about 0.26 m
C. The normal body temperature of the human body is about 36.5℃
D. The mass of a regular egg is about 0.6 kg"	multiple_answer_choice	B, C	Temperature and the Use and Reading of Thermometers###Estimation of length	"Answer:

A. The length of adult shoes is typically about 25-30 cm, so 42 cm is too large and unrealistic;

B. The length of a middle school physics textbook is approximately 0.26 m, or 26 cm, which is closest to the real value;

C. Normal human body temperature is about 36.5℃, which is accurate;

D. The mass of a chicken egg is around 60 g, or 0.06 kg, which is inaccurate.

Therefore, the answer is: BC

Analysis: Based on the common lengths, temperatures, and masses of everyday objects, make a reasonable choice by considering the data and units."	2019	middle	easy
439	"In the 1960s, a series of high-energy physics experiments confirmed the scientists' statements that (     )
A. Protons and neutrons are made of quarks
B. Atoms are composed of electrons and atoms
C. Atomic nuclei are made of protons and neutrons
D. Protons are positively charged, neutrons are uncharged"	multiple_answer_choice	A, C, D	Atomic structure	"Answer: A. Protons and neutrons can be divided into quarks, A matches the question's intent;
B. An atom consists of a nucleus and extranuclear electrons, B does not match the question's intent;
C. The atomic nucleus is composed of neutrons and protons, C matches the question's intent;
D. Protons are positively charged, neutrons are not charged, D matches the question's intent.
Therefore, the answer is: ACD.
Analysis: Analyze and answer based on the knowledge of atomic and nuclear structure."	others	middle	easy
363	"Regarding the transfer of energy and information, the following statements are correct:

A. Optical fiber communication is realized using the straight-line propagation or refraction of light.
B. Nuclear energy is a non-renewable energy source.
C. In a nuclear reactor, the nuclear energy contained in nuclear fuel is directly converted into electrical energy through nuclear fission reactions.
D. Microwave communication, satellite communication, optical fiber communication, and network communication can all be used to transmit information."	multiple_answer_choice	B, D	Energy and its classification###Nuclear fission###Network communication###Fiber optic communication	nan	2024	middle	easy
1600	"The incorrect statements below are (　　)
A. Force is the interaction between objects, without objects, there is no force.
B. Only objects in direct contact can exert force on each other.
C. A stone freely falling from the sky is not subject to force.
D. A moving object will gradually stop if no force is acting on it."	multiple_answer_choice	B, C, D	The relationship between force and motion	"[Answer] A. Force is the interaction between objects, and when a force is applied, there must be two objects involved; force cannot exist independently of objects. A is correct but does not match the question's requirement.  
B and C. Force can occur between objects in direct contact or between those not in direct contact, such as a falling rock experiencing gravitational force without contacting the Earth. B and C are incorrect, matching the question's requirement.  
D. According to Newton's first law, when an object is not under any force, a moving object will continue moving in a straight line at constant speed. D is incorrect, matching the question's requirement.  
Therefore, the answer is: BCD.  
[Analysis] Force is the interaction between objects, involving two objects: one exerting the force and one receiving it. Two objects can exert force on each other without contact, and contact does not always imply force interaction. The effects of force include changing an object's shape, like"	2021	middle	easy
51	"Among the following statements about temperature, internal energy, and heat, the correct one is (    )
A. When an object solidifies, its internal energy definitely decreases
B. An increase in an object's internal energy may be due to the absorption of heat
C. When an object melts, it definitely releases heat
D. If an object's temperature doesn't change, its internal energy certainly remains unchanged"	multiple_answer_choice	A, B	The relationship between temperature, heat, and internal energy###Doing work changes the internal energy of an object.	nan	2024	middle	easy
1825	"In the experiment exploring the imaging rules of a convex lens, if a candle is placed at a certain position in front of the convex lens and an image identical in size to the candle flame appears on the screen exactly \(20cm\) behind the lens, then:

A. The focal length of the convex lens is \(10cm\)
B. The focal length of the convex lens is \(20cm\)
C. When the object distance is \(15cm\), an enlarged image is formed, and projectors are made based on this principle
D. As the candle flame moves away from the lens from a distance of \(20cm\), the formed image gradually becomes larger"	multiple_answer_choice	A, C	Principal axis, optical center, focal point, and focal length###Application of Convex Lens Imaging	[Solution] AB. Placing the candle at a certain position in front of the convex lens results in an image of the same size as the flame on the screen located exactly 20 cm behind the convex lens. According to the imaging principle of convex lenses, this means the object distance and the image distance are twice the focal length, hence \(u = v = 2f = 20 cm\), which means \(f = 10 cm\). A meets the condition, while B does not. C. When the object distance is 15 cm, i.e., the object is between one and two focal lengths, the imaging principle of convex lenses indicates this results in an inverted magnified real image, similar to the imaging characteristic of a projector. C meets the condition. D. When the candle moves away from the convex lens at a distance of 20 cm, i.e., the object distance is greater than twice the focal length and increases, the image distance decreases, resulting in a	2024	middle	easy
2616	"The correct physical explanation for the following examples is (   ):
A. Sprinkling water indoors in summer to cool down ------ because water has a high specific heat capacity
B. Using copper or aluminum to make power lines ------ because copper or aluminum has a high density
C. Using liquid hydrogen as rocket fuel ------ because hydrogen has a high calorific value
D. Using steel wire to make springs ------ because steel has great elasticity"	multiple_answer_choice	C, D	Density and its characteristics###Specific heat capacity###The calorific value of the fuel###Resistance	nan	2024	middle	easy
1610	"The correct statements among the following are (    ):
Melting points of several substances in °C (at standard atmospheric pressure: Tungsten 3410, Iron 1535, Ice 0, Glauber's Salt 48)
A. According to the table, the melting point of Glauber's Salt is \(48^{\circ}C\), Glauber's Salt at \(48^{\circ}C\) must be in liquid state
B. Evaporation and boiling are both vaporization phenomena
C. Thermometers commonly used in laboratories are made based on the principle of thermal expansion and contraction of liquids
D. Temperature is a physical quantity representing the degree of hotness or coldness of an object"	multiple_answer_choice	B, C, D	The structure and working principle of a liquid thermometer###Characteristics of Vaporization and Endothermic Vaporization	[Answer] A. The melting point of mirabilite is 48°C. At 48°C, mirabilite may be solid, liquid, or in a solid-liquid coexistence state. Water at 0°C will freeze only when it continuously loses heat, so A does not meet the requirements. B. Evaporation and boiling are both processes where a substance changes from liquid to gas, categorized as vaporization phenomena, so B meets the requirements. C. Thermometers commonly used in laboratories are made based on the principle of thermal expansion and contraction of liquids, so C meets the requirements. D. Temperature is a physical quantity that indicates the hotness or coldness of an object, so D meets the requirements. Therefore, the answer is: BCD. [Analysis] A crystal at its melting point may be solid, liquid, or in a solid-liquid coexistence state. Vaporization includes evaporation and boiling. Thermometers are made based on the thermal expansion and contraction characteristics of liquids	2018	middle	easy
262	"The correct statement about research methods is:  
A. Deriving the concept of density from the concept of speed using the classification method  
B. Measuring the density of a cubic object using a balance and a ruler, utilizing the combination method  
C. Image formation by a convex lens can be divided into real and virtual images, using the comparison method  
D. Using a glass plate instead of a plane mirror to study the characteristics of plane mirror imaging, using the equivalent substitution method"	multiple_answer_choice	B, D	Methods of Physics###Method of Controlling Variables and Inquiry-Based Experimental Design	"Answer: A. Deriving the concept of density from the concept of speed using analogy; analogy method was used, A does not meet the question's intent.  
B. Measuring the density of a cube using a balance and a ruler; combination method was used, B meets the question's intent.  
C. Image formation by convex lenses can be divided into real and virtual images; classification method was used, C does not meet the question's intent.  
D. Using a glass plate instead of a plane mirror to study the characteristics of plane mirror imaging; equivalent substitution method was used, D meets the question's intent.  
Thus, the answer is: BD.  
Analysis: Answer based on each experiment and explanation, combined with the research methods used."	2023	middle	easy
850	"The correct statements among the following are ( ):
A. The molecular kinetic energy of 0℃ ice is zero.
B. The attractive and repulsive forces between molecules coexist.
C. Water freezing is a solidification phenomenon.
D. During the launch of a rocket, all internal energy is converted into gravitational potential energy."	multiple_answer_choice	B, C	Solidification and characteristics of exothermic reaction during solidification.###The concept of internal energy###Energy conversion or transfer###Intermolecular forces	"Answer: A. The molecules in ice at 0℃ do not stop moving, so the molecular kinetic energy is not zero. A does not meet the requirements.  
B. The attractive and repulsive forces between molecules exist simultaneously, B meets the requirements.  
C. The freezing of water is a solidification phenomenon; C meets the requirements.  
D. During the launch of a rocket, the combustion of fuel releases internal energy, which is converted into kinetic energy and gravitational potential energy, D does not meet the requirements.  
Therefore, the answer is: BC.  

Analysis:  
(1) Matter is composed of molecules, which are in a constant state of irregular motion and possess molecular kinetic energy due to their motion.  
(2) There are attractive and repulsive forces between molecules, and both exist simultaneously.  
(3) The process in which an object changes from a liquid to a solid state is called solidification.  
(4) Determine energy conversion based on the energy"	2018	middle	easy
969	"Luzhou, as a Chinese historical and cultural city and a national tourist city, has many impressive cultural and tourism resources. The following descriptions of the attractions are correct:

A. When the river water rises, the buoyancy on the pillar-shaped piers of the Longnao Bridge in Luxian County increases.

B. The air pressure at the peak of Xue Mountain Pass in Xuyong is lower than at the foot of the mountain.

C. The winding mountain road up to the Fawang Temple in Hejiang is equivalent to an inclined plane, making the ascent both labor-saving and distance-saving.

D. When a child bungee jumps at Jiucheng Paradise, the elastic rope is stretched, demonstrating that force can change the shape of an object."	multiple_answer_choice	B, D	The effect of force###The relationship between atmospheric pressure and altitude###Buoyancy and Its Causes###Axles and Other Common Simple Machines	"Answer: 
A. The lower part of the bridge pier is deeply embedded in the mud, and there is no water at the bottom, so the lower part of the pier is not subjected to liquid pressure. The pressure difference between the upper and lower surfaces of the object is the reason for buoyancy. Therefore, when the river water level rises, the buoyancy on the pier remains unchanged, and A does not meet the requirements of the question.
B. Atmospheric pressure decreases with increasing altitude, so the atmospheric pressure at the mountain top is lower than at the mountain foot; B meets the requirements of the question.
C. The winding mountain road to Hejiang Fawang Temple is equivalent to an inclined plane. It saves effort to climb up, but it requires more distance. C does not meet the requirements of the question.
D. Force can change the shape and motion state of an object. When the elastic rope is stretched, it shows that force can change the shape of an object; D meets"	2024	middle	easy
2364	"The correct statements about household circuits in our country are as follows:
A. The two incoming wires are the live wire and the neutral wire, and the voltage between them is 36V.
B. When the main circuit current is too large, the leakage protector will automatically cut off the circuit.
C. When using a test pen to check the circuit, do not touch the metal tip with your fingers to avoid electric shock.
D. A blown fuse may be due to a short circuit or excessive total power in the circuit."	multiple_answer_choice	C, D	Composition of a Household Circuit###Identification of household circuit working voltage, neutral line, and live line###The use of a test pencil###Fault Analysis of Household Circuits	nan	2023	middle	easy
771	"The following situations can cause the ""circuit breaker"" in a home circuit to automatically ""trip"" (   ):
A. Using high-power appliances simultaneously
B. Two wire ends in a two-pin socket touching each other
C. A light bulb filament breaking
D. Poor contact between the plug and socket"	multiple_answer_choice	A, B	Three states of a circuit###Fault Analysis of Household Circuits	nan	2024	middle	easy
317	"The correct statement regarding the change of states of matter is:

A. Heating water to 100°C does not necessarily make it boil.
B. Evaporation can occur at -20°C.
C. Placing 0°C ice in a 0°C room will not cause the ice to melt.
D. A solid absorbs heat and its temperature rises during melting."	multiple_answer_choice	A, B, C	The three states of water transformation	"【Answer】  
A. The conditions for water to boil are: reaching the boiling point (100°C under 1 standard atmosphere) and continuing to absorb heat; if it only reaches the boiling point but cannot absorb heat, the water will not boil. Therefore, A is correct.  
B. A liquid can evaporate at any temperature as long as it remains in a liquid state. Therefore, B is correct.  
C. Putting 0°C ice in a 0°C room means the ice, although reaching its melting point of 0°C, cannot absorb heat (since the surrounding temperature is also 0°C), so the ice will not melt. Therefore, C is correct.  
D. During the melting of a crystalline solid, it absorbs heat and the temperature remains unchanged. Therefore, D is incorrect.  
Thus, the answer is: ABC  

【Analysis】  
(1) The conditions for liquid boiling are twofold: reaching the boiling point and continuing to absorb heat;"	2023	middle	medium
2747	"Regarding knowledge of electricity and magnetism, the correct statements are:
A. An electric motor converts electrical energy into mechanical energy.
B. The essence of electrification by friction is the creation of electric charges.
C. Magnetic field lines truly exist around an electrified conductor.
D. Like magnetic poles repel each other, unlike magnetic poles attract each other."	multiple_answer_choice	A, D	Two types of charges###Magnetic field###Magnetic field lines and their characteristics###Construction Principles and Working Process of a DC Motor	nan	2023	middle	easy
252	"After learning about the concepts of quality and density, Xiaoming wants to use a balance, a graduated cylinder, and water to complete the following practical tasks. Which do you think can be completed?

A. Measure the density of milk
B. Determine the length of a bundle of copper wire
C. Measure the density of a small copper ball
D. Determine the number of a large pile of thumbtacks"	multiple_answer_choice	A, C, D	Experiment on Exploring the Properties of Density	[Answer] A. Measuring the density of milk: Use a balance to measure the mass of the milk, a graduated cylinder to measure the volume, and apply the density formula to find the density. This is feasible, thus A fits the description; B. Taking a small section of copper wire, one can measure its mass and volume to calculate its density, but cannot measure the diameter or total mass of the copper wire, hence the length cannot be determined, and the experiment cannot be completed, so B does not fit the description; C. A balance measures the mass of the small ball, a graduated cylinder and water measure its volume, and the density formula is used to calculate the density, fulfilling the requirement, thus C fits the description; D. Using a balance to determine the number of thumbtacks: First, measure the mass of 50 thumbtacks, calculate the mass of one thumbtack, then measure the total mass of a pile of thumbtacks to determine their total	2020	middle	easy
1206	"In life, we need to estimate certain physical quantities. The following estimates are realistic:

A. Picking up a physics textbook from the ground and placing it on a desk involves approximately 4J of work.
B. A middle school student standing on a flat surface exerts a pressure of about 10\textsuperscript{4} Pa on the ground.
C. The power output of an excellent cyclist during long-term riding is about 7W.
D. The buoyant force experienced by a middle school student while swimming, with a density close to water, is approximately 600N."	multiple_answer_choice	B, D	The concept of power###Pressure###Archimedes' principle###Calculation and Application of Work	"Solution: 

A. The weight of a physics textbook is about 2N, the height of the desk is about 0.8m. When a student picks up a physics textbook from the ground and places it on the desk, the work done on the book is approximately W=Gh=2N×0.8m=1.6J. 
A does not meet the question's intent.

B. A middle school student's weight is about 500N. When standing, the contact area between both feet and the ground is approximately 500cm²=0.05m². The pressure on the horizontal ground is p= F/S = 500N/0.05m² = 10⁴Pa. 
B meets the question's intent.

C. A cyclist rides at a speed of about 4m/s with an applied force of about 20N, and the power is approximately P=Fv=20N × 4m/s=80"	2021	middle	easy
849	"The Beijing Winter Olympics used the 24 Solar Terms for the countdown, accompanied by ancient poetry, proverbs, or sayings, intertwining the charm of the vast land of China and the scenes of winter sports athletes. The poems describing the 24 Solar Terms are rich in physical knowledge. The following statement is correct:

A. Beginning of Spring: ""Mud thaws as swallows fly, sand warms as mandarin ducks sleep,"" the increase in energy within the sand is achieved through the sun doing work.

B. Lesser Heat: ""Lotus breeze brings fragrance, bamboo dew drips clear sound,"" the fragrance of lotus indicates molecules are in random motion.

C. White Dew: ""Dew turns white tonight, the moon is bright over the homeland,"" dew is formed by sublimation of air.

D. Major Snow: ""The ground is white, the wind is cold, snowflakes as large as a hand,"" snow is formed by sublimation, a process that releases heat."	multiple_answer_choice	B, D	Liquefaction and exothermic heat of liquefaction###Deposition and deposition exothermic process###Heat transfer changes the internal energy of an object.###Molecular thermal motion	"[Answer] A. The increase of internal energy in the sand is achieved through heat transfer from the sun. Since it only involves energy transfer without energy transformation, A does not meet the requirements of the question;  
B. The fragrance of lotus flowers indicates that scent molecules are moving randomly, and our ability to smell various scents is due to these molecules undergoing random motion, B meets the requirements of the question;  
C. Dew forms from water vapor turning into small liquid water droplets, which is a phenomenon of liquefaction, C does not meet the requirements of the question;  
D. Snow is formed when water vapor directly turns into a solid upon cooling, which is a sublimation phenomenon, releasing heat during sublimation, D meets the requirements of the question.  
Therefore, the answer is: BD.  
[Analysis] Sensing a smell indicates that molecules are constantly moving randomly; gas turning into a solid is a sublimation phenomenon."	2022	middle	easy
2656	"The correct statements about information and energy are:  
A. Optical fiber communication transmits information through multiple refractions of light within optical fibers.  
B. Electromagnetic waves can transmit information without a medium.  
C. Wind energy, water energy, and solar energy are all primary and renewable energy sources.  
D. The transformation of energy is conserved, so energy is inexhaustible."	multiple_answer_choice	B, C	Energy conversion or transfer###Energy and its classification###Fiber optic communication###Applications of Electromagnetic Waves in Daily Life	nan	2024	middle	easy
1773	"Regarding the statements about safe electricity use, which one is incorrect?  
A. When a circuit or electrical device experiences a short circuit or severe overload, the air breaker will automatically disconnect.   
B. When someone receives an electric shock, rescue the person before disconnecting the power.  
C. Only high-power electrical appliances need to use three-pin sockets.   
D. Appliances with a three-pin plug can be used in two-pin sockets."	multiple_answer_choice	B, C, D	The structure and functioning of sockets###Principles of Safe Electricity Use	Answer: A. When a circuit or electrical equipment experiences a short circuit or severe overload, the current in the circuit becomes too large, and the air circuit breaker will automatically trip. A is correct, but does not fit the question. B. Upon discovering someone has been electrocuted, you should first cut off the power supply before taking other rescue measures. B is incorrect, fitting the question. C. Household appliances with metal casings must be grounded to prevent electric shock accidents if the metal casing leaks electricity, so a three-prong outlet should be used. C is incorrect, fitting the question. D. Appliances with a three-prong plug should not be used with a two-prong outlet to prevent the appliance casing from becoming energized, which can endanger personal safety. D is incorrect, fitting the question. Thus, the answer is: BCD. Analysis: When someone gets electrocuted, first cut off the power supply; for appliances with metal casings, use a three-pr	2022	middle	easy
3158	"The nation's significant tools ""can reach the moon in nine days and catch a turtle in five oceans,"" the following related statements are correct: 

A. When the C919 domestic large aircraft flies, the airflow speed above the wing is high and the pressure is low. 
B. When the Long March 3B carrier rocket is launched into space, mechanical energy is converted to chemical energy. 
C. As the ""Fendouzhe"" submersible dives, the pressure it withstands increases with depth. 
D. The ""Shandong"" aircraft carrier and Beidou satellites use electromagnetic waves to transmit information."	multiple_answer_choice	A, C, D	The magnitude of pressure and its calculation###Investigation Experiment on the Relationship Between Fluid Pressure and Flow Velocity###Propagation of electromagnetic waves	"[Answer] A. For the C919 domestic aircraft, when flying, the airspeed above the wings is high and the pressure is low, A is correct.  
B. When the Long March 3B carrier rocket is launched, it converts chemical energy into mechanical energy, B is incorrect.  
C. According to P=ρgh, when the ""Fendouzhe"" submersible dives, the pressure it withstands increases with depth, C is correct.  
D. Information is transmitted between the ""Shandong"" ship and the Beidou satellite using electromagnetic waves, D is correct.  
In summary, choose ACD.

[Analysis] Based on the relationship between pressure and flow rate,  
The relationship between pressure and flow rate: the greater the pressure, the lower the flow rate. This is applied as the aircraft wing is convex, causing fast airflow and resulting in lower pressure, creating an upward lift.  
Pressure calculation: the formula is P=ρgh,"	2024	middle	easy
1201	"The incorrect statement among the following is (   )
A. An atom is composed of a nucleus and electrons outside the nucleus.
B. Superconducting materials are materials with zero resistance.
C. The reason for the pervasive floral scent is that molecules are in constant random motion.
D. The Sun is the center of the universe."	multiple_answer_choice	B, D	Molecular thermal motion###Universe	"Answer: A. Atoms are composed of nuclei and extranuclear electrons, A meets the criteria; B. Superconducting materials are those that exhibit zero resistance under certain low-temperature conditions, B does not meet the criteria; C. Fragrance is emitted because molecules are in incessant random motion, C meets the criteria; D. The universe is boundless, the solar system is one of many galaxies, and the sun is the center of the solar system, so D does not meet the criteria. Therefore, the answer is: BD. 

Analysis: Atoms are composed of nuclei and extranuclear electrons; detecting a smell indicates molecules are in constant random motion; the sun is the center of the solar system."	others	middle	easy
1652	"Regarding physical knowledge about energy, materials, and information, the correct statement is (____)
A. Solar energy, wind energy, and natural gas are all renewable energy sources.
B. The LED light's light-emitting diode is made of semiconductor material.
C. The ""Beidou"" satellite navigation uses ultrasound for positioning and navigation.
D. Electromagnetic waves of different wavelengths have the same speed of propagation in a vacuum."	multiple_answer_choice	B, D	Energy and its classification###Characteristics and Functions of Semiconductors###The relationship between wave speed, wavelength, and frequency###Applications of Electromagnetic Waves in Daily Life	nan	2024	middle	medium
2032	"In physics experiments, multiple measurements of physical quantities are conducted sometimes to reduce errors and sometimes to identify patterns through repeated measurements. In the following four experiments, the one that involves finding patterns through repeated measurements is (   ):
A. When exploring the law of reflection of light, repeatedly change the angle of incidence to measure the angle of reflection.
B. When measuring the density of saline water, measure multiple sets of corresponding mass and volume of saltwater.
C. When exploring the imaging characteristics of a convex lens, repeatedly change the object distance to record the imaging characteristics.
D. When exploring the relationship between weight and mass, measure multiple sets of objects' gravity and mass."	multiple_answer_choice	A, C, D	Measurement of liquid density###Law of reflection of light###Imaging Rules of Convex Lenses and Their Experimental Investigation###Experiment on Factors Affecting the Magnitude of Gravity	nan	2023	middle	medium
2157	"Using a student balance to measure the mass of a grain of rice, the following method cannot be completed is (       )
A. First measure the mass \(m\) of \(100\) grains of rice, then calculate by \(\frac{m}{100}\)
B. Place a grain of rice in a cup, measure the total mass, then subtract the mass of the cup
C. Place a grain of rice on the balance pan, carefully measure using the rider
D. Place a grain of rice on the balance pan, measure repeatedly, then calculate the average"	multiple_answer_choice	B, C, D	Cumulative method for measuring small mass	"Answer:

A. First measure the mass \(m\) of \(100\) grains of rice, then calculate \(\frac{m}{100}\) to obtain the mass of a single grain. This is correct.

B. Place a grain of rice in a cup, measure the total mass, and subtract the mass of the cup. The mass of a single grain is extremely small, so the total mass and the mass of the cup are almost the same. This is incorrect.

C. Place a grain of rice on a balance and use a rider to measure carefully. The mass of a single grain is too negligible for the balance to measure. This is incorrect.

D. Place a grain of rice on a balance, measure repeatedly, and calculate the average. The mass of the rice cannot be measured. This is incorrect.

Summary: Select BCD

Analysis: Fill in based on physics methods.

Superposition Method (Accumulation Method): When measuring the mass of an object that is too"	2024	middle	easy
2323	"Regarding energy and the environment, the following statements are incorrect (   ):
A. The use of light does not cause environmental pollution, and urban buildings can freely use glass curtain walls.
B. Household appliances such as color TVs, air conditioners, and mobile phones will not have any adverse effects on people's environment during use.
C. The extraction and use of oil, coal, and natural gas will not cause environmental pollution and ecological damage.
D. Solar energy is a new energy source that is both non-polluting and inexhaustible."	multiple_answer_choice	A, B, C	The impact of the energy crisis and energy consumption on the environment.###Energy and Sustainable Development	"Answer: A. The mirror reflection of light can cause light pollution; therefore, glass curtain walls cannot be used indiscriminately in urban buildings. Incorrect, A does not meet the intent;  
B. Home appliances like color TVs, air conditioners, and mobile phones produce radiation during use, affecting the environment. Incorrect, B does not meet the intent;  
C. The extraction and use of oil, coal, and natural gas generate pollutants, leading to environmental pollution and ecological damage. Incorrect, C does not meet the intent;  
D. Solar energy is a renewable energy source that is both pollution-free and inexhaustible. Correct, D does not meet the intent.  
Therefore, the answer is: ABC.  
Analysis: Mirror reflection can cause light pollution; the use of appliances can produce radiation, affecting people; the use of fossil fuels can pollute the environment; solar energy is a clean energy source."	others	middle	medium
2541	"The correct statements about sound are as follows:  
A. Sound waves rely on a medium to propagate and do not propagate in a vacuum.  
B. The frequency range of sounds producible by a normal person is approximately 20 Hz to 20,000 Hz.  
C. The propagation speed of sound waves in air at 15℃ is about 340 meters per second.  
D. The speed of sound waves varies in different media."	multiple_answer_choice	A, C, D	Conditions for the propagation of sound###Speed of sound###How do humans hear sound?	Answer: A. Sound waves rely on a medium to propagate; all solids, liquids, and gases can serve as mediums for sound transmission, but vacuum cannot transmit sound, which makes option A correct. B. The frequency range audible to the normal human ear is approximately from 20 Hz to 20,000 Hz. The range of frequencies humans can perceive is different from the range they can produce, making option B incorrect. C. The speed of sound at 15°C is approximately 340 meters per second, making option C correct. D. The speed of sound varies in different media, generally fastest in solids, slower in liquids, and slowest in gases, making option D correct. Therefore, the answer is: ACD. Analysis: Sound propagation requires a medium, vacuum cannot transmit sound; the hearing range of the human ear is 20Hz-20,000Hz; the speed of sound in air at 15°C is 340 m/s; and the speed of sound differs	2022	middle	easy
2544	"Regarding energy, information, and materials, the following statements are correct (   ):
A. Wind energy, water energy, and solar energy are all renewable energies.
B. The law of conservation of energy indicates that usable energy in nature will not decrease.
C. The core component of LED lights, the light-emitting diode, is made of superconducting materials.
D. Spacecraft materials are made of low-density, high-strength alloy materials."	multiple_answer_choice	A, D	Energy conversion or transfer###Scientific exploration###Characteristics and Functions of Semiconductors###Wind energy and water energy	nan	2024	middle	easy
