index	question	category	answer	knowledge	analysis	year	grade_level	difficulty_level
2680	"The distance between locations A and B is 900 km. A train departs from location A at 7:30 AM heading to location B, stopping at several stations along the way, and arrives at location B at 4:30 PM the same day. While in transit, the train passes over a 900 m bridge at a constant speed of 144 km/h, taking 25 seconds for the entire train to pass the bridge. Determine:  
(1) What is the average speed of the train from location A to location B in kilometers per hour?  
(2) What is the length of the train in meters?"	calculation	(1) 100km/h; (2) 100m	Speed formula and its application	nan	2024	middle	easy
901	"The Moon also exerts gravitational force on objects near its surface. This force is approximately \(\frac{1}{6}\) of the gravitational force that Earth exerts on the same object near its surface. If an astronaut, along with their equipment, has a total mass of 90 kg and arrives on the Moon’s surface (with gravity considered as 10 N/kg), ask:

(1) What is the gravitational force on the astronaut and their equipment on Earth?
(2) Approximately how much gravitational force does the Moon exert on them in newtons?"	calculation	(1) 900N; (2) 150N	Calculation of gravity and its magnitude	nan	2024	middle	easy
281	A sonar buoy measures sea depth by emitting ultrasonic waves to the seabed. If the sonar buoy emits an ultrasonic wave vertically towards the seabed and receives the reflected echo after 4 seconds, what is the depth of the seabed at this location? (The speed of sound in seawater is 1500 m/s)	calculation	"Solution: The time for the ultrasonic wave to travel to the seabed \(t = \frac{1}{2} \times 4s = 2s\).  
Using \(v = \frac{s}{t}\), the depth of the seabed \(h = vt = 1500m/s \times 2s = 3000m\).  
Answer: The depth of the seabed is 3000m."	Application of Echo Distance Measurement	[Analysis] Calculate the distance using the product of sound speed and time, combined with the echo phenomenon.	2020	middle	easy
200	"A 80 kg object moves at a constant velocity on a horizontal surface under the influence of a horizontal force \( F \) directed to the right. The friction force from the ground is known to be 0.2 times the object's weight. (Given \( g = 10 \, \text{N/kg} \)). Find:

(1) The magnitude of the horizontal force \( F \).

(2) If the object is placed on a rougher surface where the friction force becomes 0.3 times its weight, and the pulling force is doubled, what is the net force acting on the object in the horizontal direction? What is the direction of this net force?"	calculation	"(1) Solution: Under the action of a horizontal rightward pull F, the object moves in uniform linear motion on a horizontal surface, achieving a state of equilibrium. The frictional force experienced by the object and the pull F form a pair of balanced forces with equal magnitudes.

Therefore, F = f = 0.2G = 0.2mg = 0.2 × 80kg × 10N/kg = 160N.

(2) Solution: If the object is placed on a rougher surface, the frictional resistance becomes 0.3 times its weight.

Thus, the frictional force f = 0.3G = 0.3 × 800N = 240N.

If the person's pull is doubled, then the pull F' = 2F = 2 × 160N = 320N.

The frictional force and the pull are in opposite directions, so the resultant force F\textsubscript{net"	Conditions and Applications of Two-Force Equilibrium###Synthesis and Application of Forces	[Analysis] Use the mass of the object to determine gravity, and calculate the resultant force using subtraction based on the opposite direction of forces.	2017	middle	easy
733	When watching fireworks from a distance, Xiao Ming saw the fireworks explode and heard the sound 1.5 seconds later. Calculate how far the fireworks are from Xiao Ming. (The speed of sound is 340 m/s)	calculation	Solution: The speed of sound is 340 m/s, and the travel time is 1.5 seconds. According to \(v = \frac{s}{t}\), the distance between Xiao Ming and the firework explosion point is \(s = vt = 340 \, \text{m/s} \times 1.5 \, \text{s} = 510 \, \text{m}\).	The speed of light and light-year###Speed formula and its application###Speed of sound	[Analysis] At a relatively short distance, the travel time of light can be disregarded; with the speed of sound at 340 m/s and a travel time of 1.5 seconds, the distance between Xiaoming and the firework explosion point can be calculated using \(v = \frac{s}{t}\).	2023	middle	easy
781	"At the 2015 Jiangnan Foreign Language School Sports Meeting: (Results rounded to one decimal place)

(1) Student Qiwen won first place in the women's 400 meters with a time of 1 minute and 16 seconds. What was Qiwen's average speed in meters per second?

(2) Yinlin completed 100 meters with an average speed of 6.25 m/s. What was the 100-meter time recorded by the timer? If the timer at the finish line started timing upon hearing the sound of the starting gun rather than seeing the white smoke from the gun, was the timing at the finish line in the 100-meter race accurate? Why?"	calculation	"Solution: 

(1) Given that Qiwen's distance during the competition is \(s = 400m\) and time \(t = 1\min 16s = 76s\), Qiwen's average speed \(v = \frac{s}{t} = \frac{400m}{76s} \approx 5.3m/s\).

(2) From \(v = \frac{s}{t}\), we can find that Yinlin's 100-meter time \(t^{'} = \frac{s^{'}}{v^{'}} = \frac{100m}{6.25m/s} = 16s\).

The finish line timer started timing when they saw the starter pistol smoke, rather than when they heard the gunshot, because the speed of sound is slower than the speed of light. Timing based on the sound would result in recording a shorter time, giving the athlete a seemingly better performance."	Speed formula and its application###Measuring the average speed of an object's motion	"[Analysis] 1) Student Qiwen achieved first place in the women's 400 meters with a time of 1 minute and 16 seconds. The distance is 400 meters, and the time is 76 seconds. The speed is calculated using v=s/t.  
2) Yinlin ran 100 meters at an average speed of 6.25 m/s. With the speed being 6.25 m/s and distance 100 meters, the time is calculated using t=s/v.  
The speed of sound is much slower than the speed of light, so timing starts upon hearing the gunshot, which reduces the recorded time."	2023	middle	easy
3232	The engine of a tractor is a four-cylinder, four-stroke diesel engine with a cylinder diameter of 95 millimeters and a piston stroke of 127 millimeters. In the third stroke, the average pressure exerted by the gas on the piston is 196 N/cm², and the flywheel rotates at 1200 revolutions per minute. What is the power of this engine in watts?	calculation	Solution: The area of the piston \( S = \pi r^2 = 3.14 \times \left(\frac{9.5 \text{ cm}}{2}\right)^2 = 70.85 \text{ cm}^2 \). The pressure on the piston \( F = PS = 196 \text{ N/cm}^2 \times 70.85 \text{ cm}^2 \approx 1.389 \times 10^4 \text{ N} \). The work done by the gas on the piston per cycle \( W = FL = 1.389 \times 10^4 \text{ N} \times 0.127 \text{ m} \approx 1764 \text{ J} \). Since the crankshaft performs work externally once every two revolutions of the cylinder, the number of work cycles per minute \( n = \frac{1}{2} \times 1200 \	Calculation of Power	**[Analysis]** Determine the piston area S, and knowing the average gas pressure, use F=pS to find the pressure during the engine's operation. Then use W=Fs to find the work done in one stroke. Since the crankshaft completes a power stroke once every two revolutions, the flywheel rotates 1200 times per minute, performing 600 power strokes. Calculate the total work done by each cylinder in 1 minute, and then use the power formula to determine the power of the four-cylinder gasoline engine.	others	middle	easy
1414	"There is obviously a defective thermometer, with a uniformly calibrated glass tube and scale, but the scale (minimum scale 1℃) is inaccurate. When measuring a mixture of ice and water with this thermometer, the reading is 5℃, and when placed in boiling water at standard atmospheric pressure, the temperature reading is 95℃. Based on this, calculate:

(1) What is the actual graduation value of this thermometer?
(2) When the measured temperature is 32℃, what is the actual temperature?"	calculation	"(1) Solution: From the problem, we know that 90 divisions on the inaccurate thermometer correspond to 100 divisions on the accurate thermometer, i.e., each division on the inaccurate thermometer represents 100/90℃ ≈ 1.1℃ on the accurate thermometer.

Answer: The actual division value of this thermometer is 1.1℃.

(2) Solution: If the inaccurate thermometer measures the temperature of a liquid as 32℃, then the actual temperature t = [32 - (+5)] × 100/90℃ = 30℃.

Answer: The actual temperature is 30℃."	Celsius Temperature and Its Calculation	[Analysis] For the issue of inaccurate readings on a thermometer, we first need to determine the temperature represented by one small division on the thermometer. Then, multiply by the number of divisions the mercury column has risen relative to 0℃ to calculate the actual temperature of the object.	2018	middle	hard
2018	The current through a conductor is 0.3 amps. What is the amount of charge passing through the cross-section of the conductor in 10 seconds?	calculation	"Solution: The amount of charge passing through the cross-section of the conductor in 10 seconds is: Q = It = 0.3A × 10s = 3C.  
Answer: The amount of charge passing through the cross-section of the conductor in 10 seconds is 3C."	Electric Charge and Its Calculation	[Analysis] By using the product of current magnitude and time, the amount of charge can be calculated.	2019	middle	easy
2186	"Xiao Ming wants to use items such as an electronic scale and a water cup at home to measure the density of his mother's bracelet. He first measured the bracelet's mass as \(38.6g\). Then he found a plastic cup and converted it into an overflow cup, placing it on the electronic scale and measuring its mass as \(22g\). He added water to the overflow cup until it overflowed, waited for a moment, and when the water stopped overflowing the scale showed \(122g\). Xiao Ming then slowly placed the bracelet into the overflow cup, and after the water stopped overflowing, the scale showed \(150.6g\). Calculate the following:

(1) The gravitational force on Xiao Ming's mother's bracelet \((g = 10N/kg)\).
(2) The volume capacity of the overflow cup. \((\)The density of water is \(1g/cm^{3})\).
(3) The density of the bracelet."	calculation	"(1) Solution: The weight of Xiaoming's mom's bracelet \(G_{bracelet} = m_{bracelet}g = 38.6g \times 10N/kg = 38.6 \times 10^{-3}kg \times 10N/kg = 0.386N\);

(2) Solution: After the overflow cup is filled with water, the mass of the water in the overflow cup \(m_{water} = m_{total} - m_{cup} = 122g - 22g = 100g\);
The volume of the overflow cup \(V_{cup} = V_{water} = \frac{m_{water}}{\rho_{water}} = \frac{100g}{1g/cm^{3}} = 100cm^{3}\);

(3) Solution: After placing the bracelet in, the mass of the water in the overflow cup \(m_{water}^{'} = m_{total}^{'}"	Density formula and its applications###Measurement of solid density###Design an experiment to measure density.	"[Analysis] **Measuring the bracelet's mass:** Use an electronic scale to directly measure the bracelet's mass.  
**Measuring the overflow cup's volume:** Place the overflow cup on the electronic scale to measure its mass. Then fill the overflow cup with water until it overflows, and measure the scale reading once the overflow stops. The mass of the water in the overflow cup is used, and according to the density formula (where is density, is mass, is volume), the volume of the overflow cup can be determined.  
**Measuring the bracelet's density:** Place the bracelet in the overflow cup, measure the scale reading once the overflow stops. After the bracelet is placed, the mass of water in the overflow cup is noted, and its volume is recorded. The volume of the bracelet is equal to the volume of the overflowed water. Finally, the bracelet's density can be calculated using the density formula."	2023	middle	hard
2307	"There is a model of a single-cylinder four-stroke diesel engine with the following technical specifications:

- Number of cylinders: 1
- Stroke (mm): 400
- Cylinder diameter (cm): 30
- Speed (r/min): 360
- Mean pressure (Pa): \(5 \times 10^5\)

Try to calculate the power of this diesel engine."	calculation	"Solution: The pressure acting on the surface of the piston is \( F = pS = p\pi R^2 = 5 \times 10^5 \times 3.14 \times \left(\frac{0.3}{2}\right)^2 = 35325 \, \text{N} \).

The work done during each stroke \( W = F \cdot L = 35325 \times 0.4 = 14130 \, \text{J} \).

The diesel engine rotates 360 times per minute, which is 6 times per second, doing external work 3 times per second.

Therefore, the power \( P = \frac{3W}{t} = \frac{3 \times 14130}{1} = 42390 \, \text{W} \)."	Pressure###Calculation and Application of Work	[Analysis] The pressure exerted on the surface of the piston F = pS = pπR², the work done per power stroke W = F·L. It operates once per two rotations, makes 360 rotations per minute, doing work 180 times. According to the power formula P = W\_total/t = 180W/60s.	others	middle	easy
2679	"Classmate Xiaoliang shouted from a small boat towards a tall mountain opposite, and heard the echo 5 seconds later. Given that the speed of sound in air is 340 m/s:  
(1) If the boat is stationary on the water, how far is it from the mountain?  
(2) If the boat is moving towards the mountain at a speed of 10 m/s, how far is the student from the mountain when shouting?"	calculation	"(1) Since the time it takes for sound to reach the mountain is half the time of hearing the echo, then  
\(t = \frac{1}{2} \times 5s = 2.5s\)  
The distance from the boat to the mountain is  
\(s=vt=340m/s \times 2.5s=850m\)  

(2) The distance sound travels is  
\(s_{1}=v_{\text{sound}}t_{1}=340m/s \times 5s=1700m\)  
The distance the boat travels is  
\(s_{2}=v_{\text{boat}}t_{2}=10m/s \times 5s=50m\)  
The distance from the student shouting to the mountain is  
\(s_{3} = \frac{1}{2} \times (s_{1} + s_{2}) = \frac{1}{2} \"	Speed formula and its application###Echo and Its Generation	"[Analysis] Calculate the object's speed using the motion speed formula.
1) The echo's travel time is half of the total time, so the time for sound to reach the mountain is t = 0.5s. With the speed of sound V_sound, calculate the distance from the boat to the mountain using the formula s = V_sound * t.
2) According to the speed formula, the distance of sound travel s_1 = v_sound * t_1, and the boat's travel distance s_2 = v_boat * t_2. The echo travel distance is twice the distance at which the student shouted away from the mountain, thus the distance at the time of shout is s_3 = (1/2) * (s_1 + s_2)."	2023	middle	easy
2688	Using a movable pulley to lift a 50N object uniformly to a height of 10m, calculate: the work done W.	calculation	500J	Movable Pulley and Its Working Characteristics###Calculation and Application of Work	nan	2024	middle	easy
