index	question	category	answer	knowledge	analysis	year	grade_level	difficulty_level
670	In order to prevent the temperature of a gasoline engine from rising too high during operation, a water jacket is designed around the cylinder during manufacturing, allowing the cylinder to be surrounded by water. This uses water for cooling because of its relatively high ( ). If the piston area of this gasoline engine's cylinder is \(30 \, \text{cm}^2\), the distance a piston moves in one stroke in the cylinder is 50 mm, the average pressure of the working stroke gas under full load is \(8.0 \times 10^{5} \, \text{Pa}\), and the speed is 3600 r/min, then the engine performs work externally ( ) times per second, the work done on the piston by the gas in one working stroke is ( ) J, and the average power of the gasoline engine is ( ) W.	fill_in_the_blank	specific heat capacity; 30; 120; 3600	Application of Power Calculation Formulas###The four strokes of an internal combustion engine	nan	2024	middle	easy
3014	"Complete the following unit conversions.  
(1) 5 nm = ( ) m;  
(2) 72 km/h = ( ) m/s;  
(3) 10 m/s = ( ) km/h;  
(4) 30 min = ( ) h."	fill_in_the_blank	5×10⁻⁹; 20; 36; 0.5	Time and Its Measurement###Length and its Measurement###Speed and Object Motion	nan	2022	middle	easy
3213	On October 31, 2023, the return capsule of the Shenzhou 16 manned spacecraft re-entered the atmosphere and descended. As it approached the ground, the retrorockets ignited, and the return capsule successfully landed at the Dongfeng Landing Site. When the return capsule first entered the atmosphere and descended, its mechanical energy decreased. Please explain the reason for this: The retrorockets are jet engines; they ( ) to the category of heat engines.	fill_in_the_blank	belong	Mechanical Energy and Its Transformation###Heat engine	nan	2024	middle	easy
896	"A gold commemorative coin has a mass of 17.8g and a volume of 2cm\textsuperscript{3}, with a density of ( )g/cm\textsuperscript{3}. It can be seen that this coin ( ) (choose ""is"" or ""is not"") made of pure gold. If an astronaut takes this commemorative coin to space, its mass ( ) (choose ""increases"", ""decreases"", or ""remains unchanged""). (\(\rho_{\text{gold}} = 19.3 \times 10^{3}\) kg/m\textsuperscript{3})"	fill_in_the_blank	8.9; is not; remains unchanged	Quality and its characteristics###Density formula and its applications###Application of Density and Identification of Substances	nan	2023	middle	easy
1290	Xiao Nan conducted multiple measurements of the width of the new physics book, recording the following data: 18.08 cm, 18.07 cm, 18.06 cm, 16.07 cm, 18.07 cm. The width of the physics book is \ul{　 　} cm, and the graduation value of the scale used is \ul{　 　}.	fill_in_the_blank	18.07; 1mm	The Use of a Ruler	nan	2024	middle	easy
540	Xiaoming's arm swings twice per second, and the sound waves generated by the arm swings are ( ) and the human ear ( ).	fill_in_the_blank	inaudible; cannot hear	Conditions for the propagation of sound###Ultrasonic and infrasonic waves	nan	2024	middle	easy
592	"At the Beijing World Horticultural Expo, an electric unmanned sweeper with a ground clearance of \(30cm\) moves uniformly on a flat surface, sucking garbage from the ground into the vehicle. During this process, the overall mass of the sweeper ( ), kinetic energy ( ), mechanical energy ( ) (choose from ""unchanged"", ""increases"", or ""decreases"")."	fill_in_the_blank	increases; decreases; decreases	Factors affecting kinetic energy###Factors affecting potential energy###Mechanical Energy and Its Transformation	"[Answer] An electric unmanned sweeper with a ground clearance of \(30cm\) moves uniformly on a straight road and sucks up trash, thereby increasing its mass while maintaining constant speed, thus increasing its kinetic energy and mechanical energy. \\
In summary, the answer for the first blank is ""increases""; for the second blank, ""increases""; and for the third blank, ""increases."" \\
[Analysis] Mechanical energy is the sum of kinetic energy and gravitational potential energy. When mass is constant, kinetic energy is directly proportional to speed; when speed is constant, kinetic energy is directly proportional to mass. When mass is constant, gravitational potential energy is directly proportional to height; when height is constant, gravitational potential energy is directly proportional to mass."	2024	middle	easy
723	"On April 8, 1984, China successfully launched its first geostationary satellite. Using the Earth as a reference, the satellite is ( ); if using the Sun as a reference, the satellite is ( ). In the lyrics ""The little bamboo raft floats in the river, towering green mountains move along both banks,"" the first line uses the ( ) as a reference, and the second line uses the ( ) as a reference."	fill_in_the_blank	Stillness; Movement; Riverbank; Bamboo Raft	Mechanical motion	nan	2024	middle	easy
718	The aroma of roasted sweet potatoes is due to molecular ( ) , while two smooth, clean lead cylinders stick together when pressed and require a certain external force to separate, indicating intermolecular ( ).	fill_in_the_blank	interaction; forces	Molecular thermal motion###Intermolecular forces	nan	2023	middle	easy
1215	"A student applies a force of 5N in the horizontal direction to push a cart initially at rest on a horizontal table. The cart moves in a uniform linear motion in the direction of the force. The frictional force acting on the cart is \_\_\_N. If the horizontal pushing force is increased from 5N to 6N, the frictional force acting on the cart will \_\_\_ (choose from ""increase,"" ""decrease,"" or ""remain unchanged"")."	fill_in_the_blank	5; unchanged	Conditions and Applications of Two-Force Equilibrium###An experiment exploring the factors affecting the magnitude of friction.	nan	2022	middle	easy
2668	On October 16, 2021, the Shenzhou 13 spacecraft was successfully launched by the Long March 2F carrier rocket at the Jiuquan Satellite Launch Center in China. During the rocket launch, high-temperature flames are ejected downward to the base of the launch pad. The steel supports at the base would ( ) when encountering such high temperatures. A large pool was constructed at the bottom of the launch pad to allow the flames to be ejected into the pool. At the instant the rocket lifts off, hundreds of tons of water disappear instantly; the water undergoes ( ) under high temperatures.	fill_in_the_blank	Melting; vaporization	The three states of matter###Liquefaction and exothermic heat of liquefaction	nan	2024	middle	easy
716	The total weight of the sand-filled box is 200N. Under a horizontal pull force F of 30N, the box does not move, and the frictional force from the ground on the box is ( )N. Under a horizontal pull force F of 50N, the box moves along the ground at a constant linear speed, and the frictional force from the ground on the box is ( )N. When the pull force increases to 70N, the frictional force from the ground on the box is ( )N. At this point, the box ( ) continue to move at a constant linear speed.	fill_in_the_blank	30; 50; 50; will	Conditions and Applications of Two-Force Equilibrium###The magnitude of friction###An experiment exploring the factors affecting the magnitude of friction.	nan	2023	middle	easy
2820	"Household electric shocks are mostly ( ) shocks, namely: live wire------human body------ground forms a circuit, and live wire---human body---neutral wire forms a circuit; in the ""sound and light control switch"" in the corridor, the sound control element and the light control element are connected in ( ) (choose to fill in ""series"" or ""parallel"")."	fill_in_the_blank	indirect; parallel	Design of Series and Parallel Circuits###Principles of Safe Electricity Use	nan	2023	middle	easy
987	Under sunlight, water from the ocean and land continuously evaporates into water ( ); when nighttime temperatures drop, the water vapor condenses into small droplets that adhere to airborne particulates, forming ( ).	fill_in_the_blank	vapor; fog	The three states of matter	nan	2023	middle	easy
2759	A plastic ruler rubbed against hair can attract paper scraps, which is a ( ) phenomenon. In dry weather, when a plastic comb is used to comb hair, the hair floats up with the comb because the comb and hair carry ( ) types of electric charge ( ). A plastic comb is an ( ).	fill_in_the_blank	Frictional electrification; different; mutual attraction; insulator	Two types of charges###The law of interaction between charges###Conductors and Insulators	nan	2023	middle	easy
2077	In the morning, when the sun is still below the horizon, people can see it; this is a phenomenon of light called ( ). In the afternoon, blue sky and white clouds can be seen on the calm surface of the lake; this is a phenomenon of light called ( ).	fill_in_the_blank	Refraction; Reflection	Reflection of Light###The phenomenon of light refraction and its applications	nan	2024	middle	easy
2378	China's space industry has developed rapidly, and the Long March series of rockets have made a huge contribution! The engines of the rockets belong to ( ). During rocket launches, a large amount of water is sprayed onto the launch tower; the ( ) property of the water is used to absorb a significant amount of heat to prevent the launch tower from being damaged by fire.	fill_in_the_blank	heat engines; high heat capacity	Heat engine	nan	2024	middle	easy
2374	"Smartphones have a feature called ""Smart Voice"", which allows unlocking the phone by recognizing the voice. This system mainly works based on the ( ). During meetings or studying, the phone should be set to ""silent"" mode to ( ) reduce noise. When using a phone to scan a product barcode, it primarily obtains product information through the ( ) part, which has a stronger ability to reflect light."	fill_in_the_blank	Timbre; sound source; white	The color of the object###Timbre###Ways to control noise	nan	2024	middle	easy
102	The British physicist ( ) discovered the relationship between heat and work conversion, proposed the law of conservation of energy, and later generations named the unit of work and energy after him.	fill_in_the_blank	Joule	Can###Achievement	"[Answer] The British physicist Joule discovered the conversion relationship between heat and work. \\
Summary for the first blank, Joule. \\
[Analysis] The unit for work and energy is the joule, remember based on this."	2024	middle	easy
3349	"The ""China Circulator No. 2M"" on Earth, aimed at exploring clean energy, is called the ""artificial sun."" It primarily facilitates hydrogen nuclei undergoing ( ) at ultra-high temperatures to obtain immense nuclear energy. This is the same method by which the ( ) obtains energy. Atoms are composed of atomic nuclei and ( )."	fill_in_the_blank	fusion; hydrogen bomb; electrons	Nuclear fusion###Atomic structure	"[Answer] The China Circulator No. 2M, also known as the artificial sun, involves controlled nuclear fusion to release energy. This process is where hydrogen nuclei undergo fusion at extremely high temperatures to gain massive nuclear energy. Both hydrogen bombs and this method use nuclear fusion to release energy, employing the same energy acquisition method.
Atoms are comprised of positively charged nuclei and negatively charged extranuclear electrons.

[Analysis] Solar energy utilizes nuclear fusion to release energy; hydrogen bombs use nuclear fusion; atomic nuclei are divided into atomic nuclei and extranuclear electrons."	2024	middle	easy
2670	In hospitals, B-ultrasound is used to examine the body, indicating that sound can transmit \_\_\_, and sound can also transmit \_\_\_.	fill_in_the_blank	Information; Energy	Sound and Information###Sound and Energy	nan	2023	middle	easy
894	When pulling a cart, the cart is the object of study; the object applying force is ( ) and the object receiving force is ( ).	fill_in_the_blank	Horse; Cart	Concept and Unit of Force	nan	2023	middle	easy
3178	Tracing the source of energy, most of the energy in our lives comes from \ul{　 　}, and the process of utilizing energy is the process of energy transfer and \ul{　 　}.	fill_in_the_blank	Sun; Transform	Energy conversion or transfer###Solar energy and its utilization and transformation	nan	2023	middle	easy
3219	"Over the weekend, Dad drove Xiaojun on a trip, and during the journey, they heard the car's navigation announcement: ""Traffic congestion ahead, estimated travel time is about 2 minutes."" The navigation uses ( ) to gather information; when they arrived at the tourist spot and Dad was reversing to park, Xiaojun heard the ""beep beep"" warning sound, which is produced by the reverse radar using ( ) to convey information. ""Self-heating hot pot"" has become a trendy fast food popular among young people. When eating, the aroma of the hot pot can be smelled from a distance, which is a phenomenon of ( ), and the ingredients inside the pot are heated through the ( ) method."	fill_in_the_blank	Electromagnetic waves; ultrasonic waves; diffusion; conduction	Heat transfer changes the internal energy of an object.###Ultrasonic and infrasonic waves###Applications of Electromagnetic Waves in Daily Life###Molecular thermal motion	nan	2024	middle	easy
1897	"As a new type of energy, hydrogen energy has a high calorific value and great potential for development and use. When 1 kg of hydrogen energy is completely burned, 21% of the heat released is absorbed by water, which can raise the temperature of \ul{　 　} kg of water from 20℃ to 70℃. Compared with fossil fuels, an advantage of ""hydrogen energy"" is \ul{　 　} (mention one advantage).
{[}\(c_{\text{water}} = 4.2 \times 10^{3} \text{J/(kg} \cdot ℃)\), \(q_{\text{hydrogen}} = 1.43 \times 10^{8} \text{J/kg}\){]}"	fill_in_the_blank	143; Clean and pollution-free	Specific heat capacity###The calorific value of the fuel###Energy and Sustainable Development	nan	2024	middle	easy
3058	The gravitational weight of 1 ton of steel compared to 1 ton of cotton is ( ). After making both into cubes and placing them on the same horizontal plane, the center of gravity of ( ) is higher.	fill_in_the_blank	equal; steel	Quality and its characteristics###Calculation of gravity and its magnitude###Center of gravity	nan	2023	middle	easy
2003	Construction workers use a plumb line to determine if walls are vertical because the direction of gravity is always ( ); the reason a roly-poly toy doesn't fall over is that its center of gravity is very ( ).	fill_in_the_blank	vertically downward; low	Center of gravity###Direction of gravity	nan	2024	middle	easy
1944	"Rubbing a rubber rod with fur, the rubber rod becomes \ul{ 　 　} charged, and the fur becomes \ul{ 　 　} charged. The rubber rod is an \ul{ 　 　} (choose ""conductor"" or ""insulator"")."	fill_in_the_blank	Negative; Positive; Insulator	Scientific exploration###Two types of charges	nan	2023	middle	easy
2494	During the process of soldering on the iron plate by the students of a school's radio group using a soldering iron, the physical state change of the solder is first \_\_\_\_, then \_\_\_\_.	fill_in_the_blank	Melting; Solidification	Melting and the Endothermic Characteristics of Melting###Solidification and characteristics of exothermic reaction during solidification.	"[Answer] Soldering: First, melt the tin into a liquid state. After soldering, wait for it to solidify into a solid state.\\
In summary: First blank, melting; Second blank, solidification.\\
[Analysis] 1. Solidification is the change from liquid to solid, releasing heat, as in snowing or freezing;\\
2. Melting is the change from solid to liquid, absorbing heat, as in snow melting."	others	middle	easy
776	In physics, to honor scientists, units of physical quantities are often named after them. For example, the unit of pressure is named after the French physicist ( ); another British physicist, ( ), has his name used as the unit for the physical quantity of force.	fill_in_the_blank	Pascal; Newton	Physics knowledge	nan	2024	middle	easy
