index	question	category	A	B	C	D	answer	knowledge	analysis	year	grade_level	difficulty_level
827	In two identical beakers, equal volumes of water and alcohol are added, with the density of water being greater than the density of alcohol. The relationship between the pressure at the bottom of the beaker containing water (p\textsubscript{1}) and the pressure at the bottom of the beaker containing alcohol (p\textsubscript{2}) is (   )	single_answer_choice	Cannot be determine	Cannot be determined    	p\textsubscript{1} = p\textsubscript{2}    	p\textsubscript{1} > p\textsubscript{2}    	C	Application of the Liquid Pressure Calculation Formula	nan	2022	middle	easy
2138	If half a bottle of alcohol is used, then the density, specific heat capacity, and calorific value of the remaining alcohol (     )	single_answer_choice	The density, specific heat capacity, and calorific value of the alcohol remain unchanged	The density, specific heat capacity, and calorific value of the alcohol all become two-thirds of the original	The calorific value remains unchanged, while the density and specific heat capacity become two-thirds of the original	The calorific value becomes two-thirds of the original, while the density and specific heat capacity remain unchanged	A	Density and its characteristics###Specific heat capacity###The calorific value of the fuel	"Answer: Density, specific heat capacity, and the calorific value of fuel are properties of a substance, unrelated to changes in mass or volume, but related to the state of the object. Therefore, when the mass and volume of alcohol change, its density, specific heat capacity, and calorific value remain unchanged. A is correct, B, C, and D are incorrect. Hence, choose A.

Analysis: 
1. Nature of density: Density is a fundamental attribute of matter, not changing with the mass and volume, but related to the material itself and its state.
2. Specific heat capacity is an inherent property of an object, unrelated to mass or volume.
3. Calorific value is the energy released by the complete combustion of a unit mass of fuel, a fundamental attribute of the substance. It depends only on the type of fuel, unrelated to the mass of the fuel or the extent of combustion."	2024	middle	easy
2142	The correct methods or practices used in the following measurements are:  	single_answer_choice	Measuring the thickness of one sheet of a physics textbook can directly use a ruler.  	Errors in measurements are caused by not following operational rules.  	When a graduated cylinder placed on a lower table surface is inconvenient for reading, lift the cylinder and align the concave liquid surface with the line of sight before reading.  	When measuring the length of a railway line on a map, use a non-elastic cotton thread to align with the curve, then straighten the thread and measure it with a ruler.	D	Use of the Graduated Cylinder###Length and its Measurement	nan	2024	middle	easy
170	A certain student made estimates for some physical quantities, the most accurate of which is (    )  	single_answer_choice	The normal body temperature is about 42℃  	It takes about 1 second for an adult's heart to beat once  	A student's desk is about 200cm high  	The normal walking speed is about 5m/s	B	Temperature and the Use and Reading of Thermometers###Estimation of time###Estimation of length###Speed and Object Motion	nan	2022	middle	easy
646	"Connect a lamp marked ""6V 6W"" (lamp A) and a lamp marked ""6V 3W"" (lamp B) in the same circuit, both lights up, then: "	single_answer_choice	Since lamp A has a higher rated power, it must be brighter	Since lamp A has a higher rated power, it must be brighter.	Since lamp A has a higher rated power, it must be brighte	If lamp A and lamp B are connected in series in the same circuit, lamp A is brighter.	D	Calculation of Electric Power###Actual power	nan	2024	middle	easy
46	At 02:25 Beijing time on December 15, 2022, China successfully launched the Yaogan-36 satellite from the Xichang Satellite Launch Center using the Long March 2D carrier rocket. The satellite successfully entered its predetermined orbit, marking the full success of the launch mission. The following statements about the rocket are correct (    ):	single_answer_choice	During the rocket's ignition and ascent, internal energy is converted into mechanical energy.	During the rocket's ignition and ascent, kinetic energy remains constant, and mechanical energy is conserved.	During the rocket's accelerated ascent, gravitational potential energy is converted into kinetic energy.	During the rocket's accelerated ascent, it is only subject to gravity and air resistance.	A	Mechanical Energy and Its Transformation###Determination of Equilibrium State	nan	2023	middle	easy
1198	Regarding resistance, the following statement is incorrect (      ):	single_answer_choice	The greater the resistance of the conductor, the greater the obstruction to the current.	The greater the resistance of the conductor, the more heat is necessarily generated when connected to a circuit.	The resistance of a conductor is related to factors such as the material, length, and cross-sectional area of the conductor.	The greater the rated power of an electric heating pot used in household circuits, the smaller the resistance of the heating plate.	B	Resistance###Factors affecting resistance size###Calculation of Electric Power###Applications of Joule's Law	nan	2022	middle	easy
1311	Among the following objects, which one is not a sound source?  	single_answer_choice	The bell struck by a clapper  	Harmonica placed on the table  	Buzzing bee flying in the air  	Chirping bird on the branch	B	The production of sound	nan	2024	middle	easy
1804	The following statements about the use of some experimental equipment are incorrect (    ):	single_answer_choice	"When using an ammeter, the current should flow in from the ""+"" terminal and out from the ""-"" terminal."	Before closing the switch, the slider of the variable resistor should be slid to the position of maximum resistance.	A voltmeter should not be directly connected across the two terminals of a power source.	The direction of the current in a circuit can be determined by whether a light-emitting diode lights up.	C	Measurement of Current and Use of Ammeters###Measurement of Voltage and Use of Voltmeters###Characteristics and Functions of Semiconductors###The principle and use of a sliding rheostat	nan	2022	middle	easy
3145	Poetry is one of the outstanding cultural heritages of our country. The correct analysis of the states of matter involved in the ancient poems is as follows:  	single_answer_choice	"""Dew like pearls, moon like a bow""------The formation of ""dew"" is a liquefaction phenomenon, requiring heat release  "	"""Already a hundred fathoms of ice on the cliff""------The formation of ""ice"" is a sublimation phenomenon, requiring heat release  "	"""The moon sets, crows cry, frost fills the sky""------The formation of ""frost"" is a solidification phenomenon, requiring heat absorption  "	"""About to climb Taihang, snow covers the mountain""------The formation of ""snow"" is a sublimation phenomenon, requiring heat absorption"	A	The three states of matter###Solidification and characteristics of exothermic reaction during solidification.###Sublimation and endothermic sublimation	nan	2024	middle	easy
2800	The following statements about basic electrical knowledge are correct (     ):	single_answer_choice	The working principle of an electroscope is that like charges attract each other.	As long as charges are moving, there will definitely be a current in the circuit.	The function of a power supply is to provide voltage to both ends of the circuit.	The magnitude of resistance is only related to the material and length of the conductor.	C	Principle and Use of the Voltage Tester###The formation of electric current###Composition of the Circuit and Circuit Diagram###Factors affecting resistance size	nan	2024	middle	easy
871	The correct statement is (    )	single_answer_choice	Putting melting ice into a room at 0°C will cause the ice to continue melting.	In summer, the classroom feels cool when the fan is on because the fan blows cool air.	In the cold winter of the northeastern region, frozen clothes still dry, which is a vaporization phenomenon.	After water reaches its boiling point, if it can't continue to absorb heat from the outside, it still won't boil.	D	The three states of matter###Solidification and characteristics of exothermic reaction during solidification.###Boiling and boiling conditions###Evaporation and its phenomena	nan	2023	middle	easy
1194	Which of the following options is an example of light reflection?  	single_answer_choice	Rainbow in the sky after rain  	Tree reflection seen through the lake's surface  	Enlarged text seen through a water-filled bottle  	Circular light spots on the ground as sunlight passes through leaves	B	The rectilinear propagation of light and its applications###Reflection of Light###Dispersion of light###Application of Convex Lens Imaging	nan	2024	middle	easy
3034	Among the following monochromatic lights, which is one of the primary colors of light?  	single_answer_choice	Green light  	Orange light  	Yellow light  	Violet light	A	The three primary colors of light and the three primary colors of pigments.	nan	2024	middle	easy
1586	The object that is not subjected to buoyancy is (   )	single_answer_choice	Leaves floating on the surface of river water	An eagle flying in the blue sky	A whale swimming in the deep sea	A ping pong ball submerged in water in space	D	Buoyancy and Its Causes	nan	2022	middle	easy
1986	The following estimations about physical quantities are consistent with reality (      ):	single_answer_choice	The household electrical voltage is 380V.	The voltage of a new dry cell is 1.5V.	The electrical resistance between dry human hands is about 10Ω.	The current of a classroom fluorescent lamp during normal operation is about 2A.	B	Current and current unit conversion###Voltage and voltage unit conversion###Resistance	nan	2024	middle	easy
2527	Regarding magnetic phenomena, the following statements are correct (     ):	single_answer_choice	The magnetism is strongest at the middle part of a bar magnet.	A magnetic field exerts a force on objects placed within it.	Magnetic field lines used to describe a magnetic field exist in reality.	When a small magnetic needle is placed in a magnetic field and is at rest, its N-pole points in the same direction as the magnetic field at that point.	D	Magnetic field###Magnetic field lines and their characteristics###The effect of a magnetic field on a current-carrying wire	nan	2024	middle	easy
1806	Regarding household circuits and electrical safety, the correct statements are:	single_answer_choice	Turning on one switch in the classroom causing three lamps to light simultaneously indicates that these three lamps are connected in series	A voltage not exceeding 220V is safe for the human body.	Turning on one switch in the classroom causing three lamps to light simultaneously indicates that these three lamps are connected in series.	As long as there is no contact with high-voltage transmission lines, there will be no electric shock accidents.	D	Composition of a Household Circuit###Connection of household circuits###Fault Analysis of Household Circuits###Principles of Safe Electricity Use	nan	2022	middle	easy
752	Regarding inertia, the correct statement is (     )	single_answer_choice	The purpose of a driver fastening a seatbelt is to reduce inertia.	A bullet continues to move at high speed after leaving the muzzle due to inertia.	A fighter jet reduces inertia in flight by discarding auxiliary fuel tanks.	A car can continue moving after turning off the engine because its inertia is greater than the resistance it encounters.	C	Inertia and its phenomena	nan	2022	middle	easy
2599	Regarding the law of conservation of energy, the incorrect statement is (　　)	single_answer_choice	The law of conservation of energy only applies to the conversion between mechanical energy and internal energy.	As long as there is energy conversion and transfer, it must follow the law of conservation of energy.	The law of conservation of energy is a powerful tool for understanding nature.	In the process of converting any form of energy into another form, the amount of energy consumed in one form is equal to the amount of energy obtained in another form, and the total amount of energy remains constant.	A	Conservation of energy	nan	2024	middle	easy
423	Physics is closely related to everyday life, and among the following data, the one consistent with real life is (   )	single_answer_choice	The suitable water temperature for an average person to bathe is about 0℃.  	The mass of an egg is about \(5g\).  	The voltage of a new dry cell battery is about \(1.5V\).  	The voltage of household circuits in China is \(380V\).	C	Temperature and the Use and Reading of Thermometers###Quality and its characteristics###Voltage and voltage unit conversion	nan	2024	middle	easy
3038	The following is class notes made by Xiao Li about electric work and power, among which is incorrect (   ):	single_answer_choice	The process of electric current doing work is the process of consuming electrical energy.	Electric power is the physical quantity representing how much work the electric current does.	The more electrical energy consumed by an appliance, the more work the electric current does.	Joules and kilowatt-hours are both units of electric work and energy.	B	Electrical Work and the Essence of Electrical Work###Electric power	nan	2024	middle	easy
2468	The following statements about optical phenomena are correct (     ):	single_answer_choice	In 1666, Newton used a glass prism to disperse sunlight, uncovering the mystery of light's color.	The rainbow after rain is a dispersion phenomenon of light, indicating that sunlight is composed of a mixture of red, green, and blue light.	A handheld infrared thermometer measures body temperature by emitting ultraviolet light.	Infrared light can kill microorganisms, and infrared lamps are commonly used for sterilization in operating rooms.	A	Dispersion of light###Infrared###Ultraviolet light	nan	2022	middle	easy
1593	Regarding buoyancy and conditions for floating and sinking, which of the following statements is correct? 	single_answer_choice	The buoyancy experienced by an object immersed in a liquid is independent of the density of the liquid.	The buoyancy experienced by an object immersed in a homogeneous liquid increases with depth.	Archimedes' principle applies only to objects immersed in liquids and not to objects in gases.	A submarine achieves ascent and descent by altering its own weight.	D	Archimedes' principle###The Utilization of Buoyancy###Exploring the Experiment on Buoyancy Magnitude	nan	2022	middle	easy
753	Regarding work, power, and mechanical efficiency, the correct statements are ( ):	single_answer_choice	The more labor-saving a machine is, the higher its mechanical efficiency.	The greater the power of the machine doing work, the faster the machine works.	The more useful work is done, the higher the mechanical efficiency.	The less extra work done, the higher the mechanical efficiency.	B	The concept of power###Mechanical efficiency	nan	2023	middle	easy
3024	The correct statement about optical phenomena is: (　　)  	single_answer_choice	The three primary colors of light are red, yellow, and blue  	Both real and virtual images can be received by a screen  	A solar water heater converts light energy into internal energy  	We can see the images on a projection screen because the screen is a light source	C	Light and Light Source###The rectilinear propagation of light and its applications###The three primary colors of light and the three primary colors of pigments.###Solar energy and its utilization and transformation	nan	2024	middle	easy
3039	The following statements reflect reality: (     )	single_answer_choice	The distance an adult covers in two steps is approximately \(1.5dm\).	The normal cycling speed is about \(5m/s\).	The time taken for 10 pulse beats is approximately 10 minutes.	The normal human body temperature is about \(25℃\).	B	Temperature and the Use and Reading of Thermometers###Estimation of time###Estimation of length###Speed and Object Motion	"[Answer] A. The distance of two steps for an adult is around 150 cm = 1.50 m, so A does not meet the question's requirements;  
B. The normal cycling speed is about \(5m/s\), so B is correct;  
C. Under normal circumstances, the time for a human heart to beat 10 times is close to 10 seconds, so C does not meet the question's requirements;  
D. Human body temperature is around 37°C, so D does not meet the question's requirements.  
Therefore, the answer is B.  
[Analysis] 1. Be familiar with common object weights in life, such as an egg weighing 50g, and a middle school student weighing 50kg;  
2. Be familiar with common temperatures in life, such as body temperature of 37°C and a comfortable temperature being 24°C;  
3. Memorize common lengths in life, a middle school student's height is"	2024	middle	easy
3315	The correct statements about thermal phenomena are as follows: 	single_answer_choice	When the temperature of an object increases, it does not necessarily absorb heat, but its internal energy definitely increases. 	When the temperature of an object increases, the internal energy does not necessarily increase, but it definitely absorbs heat. 	When an object absorbs heat, its internal energy definitely increases, and its temperature definitely rises. 	In the process of heat transfer, heat can only be transferred from an object with greater internal energy to one with lesser internal energy.	A	The relationship between temperature, heat, and internal energy###The concept and methods of heat transfer	nan	2023	middle	easy
1317	Regarding current and circuits, which of the following statements is correct?	single_answer_choice	Outside the power source, the current flows from the positive terminal to the negative terminal.	As long as the circuit is closed, there will be a current in the circuit.	The direction of the current is always from the positive terminal to the negative terminal of the power source.	If there is current in the circuit, there must be positive charges moving directionally.	A	The formation of electric current###Direction of current###Conditions for continuous current	nan	2024	middle	easy
2639	Among the following data, which conforms to real-life situations is ( )	single_answer_choice	The efficiency of a gasoline engine can reach 100%	The safe voltage for the human body is 220V	The voltage of a dry cell is 3.7V	The current of a household air conditioner is about 5A	D	Efficiency of heat engines###The magnitude of the current###Voltage and voltage unit conversion	Solution: A. When a gasoline engine operates, there is significant energy loss, with an efficiency of about 30%, thus A does not meet the criteria. B. The safe voltage for the human body should not exceed 36V, thus B does not meet the criteria. C. The voltage of a single dry battery is 1.5V, thus C does not meet the criteria. D. The electric power of a household air conditioner is about 1000W, and based on a working voltage of 220V, the calculated current is approximately 5A, thus D meets the criteria. Therefore, the correct choice is D. Analysis: The thermal efficiency of gasoline engines is around 30%; use common voltage values and data to solve the problem.	2024	middle	easy
2470	"By 2024, Chongqing has established a ""10+1+26+3"" wetland protection system. Wetlands are referred to as the ""kidneys of the Earth"" and can regulate air humidity and temperature. The main reason they can regulate temperature is due to the water's:  "	single_answer_choice	High specific heat capacity  	High calorific value  	Good thermal conductivity  	Good electrical conductivity	A	Basic properties of matter###Specific heat capacity	"[Answer] Water has a high specific heat capacity, so during the day, when water and sand absorb the same amount of heat, the temperature of the water increases less. At night, when the same amount of heat is released, the temperature of the water decreases less, resulting in smaller temperature differences between day and night, effectively regulating the temperature. 
Therefore, choose: A. 
[Analysis] Water has a high specific heat capacity, meaning that for the same mass of water and other substances, absorbing or releasing the same amount of heat will result in a smaller temperature change for water."	2024	middle	easy
738	Energy, information, and materials are the three main pillars of modern society. The correct statements among the following are:	single_answer_choice	The strength and hardness of objects made from nanomaterials will be greatly improved.	Satellite communications and the internet both rely on electromagnetic waves to transmit signals.	Under normal circumstances, copper, pencil lead, and pure water are all conductors.	The energy stored in coal, oil, dry cells, and food is chemical energy.	A	Energy and its classification###Network communication###Fiber optic communication###Satellite relay communication	"[Answer] A. Because nanomaterials made using nanotechnology are very small, the strength and hardness of objects made from these materials are greatly enhanced, which is consistent with the question; \\
B. Satellite communication uses microwaves to transmit information, and the internet can also use fiber optic communication, which does not use electromagnetic waves for information transmission. Thus, B does not meet the question's requirements; \\
C. Pure water is an insulator under normal circumstances, so C does not meet the question's requirements; \\
D. The energy stored in coal, oil, and dry batteries is chemical energy, whereas the energy stored in food is biological energy, so D does not meet the question's requirements. \\
Therefore, the answer is A. \\
[Analysis] Nanotechnology refers to the science and technology in the nanoscale range (0.1nm–100nm), focusing on small clusters of molecules or individual atoms and molecules; microwave communication, satellite communication, fiber"	2023	middle	hard
