index	question	category	answer	knowledge	analysis	year	grade_level	difficulty_level
1797	"A four-digit number where the thousands and units digits are both 5, and the other digits are 0, is (   ).  
A. 5050  B. 5005  C. 5500"	calculation	B	Reading, writing, and composing numbers within 10,000.	"Answer: A four-digit number where both the thousand's place and the unit's place are 5, and all other digits are 0. This number is 5005. Therefore, the answer is: B. 

Analysis: From right to left, integers are ordered as the unit, ten, hundred, thousand, and ten-thousand places, etc., with counting units as one, ten, hundred, thousand, ten-thousand, etc. Write this number from the highest to the lowest place."	2024	primary	medium
437	If the average of the five numbers 22, 28, 36, a, and 35 is 32, then a is \ul{　 　}.	calculation	39	Preliminary Understanding and Calculation of the Mean	Solution: 32×5 - (22 + 28 + 36 + 35) = 160 - 121 = 39. Thus, the answer is: 39. Analysis: a = average of five numbers × 5 - sum of the other four numbers.	2024	primary	medium
2842	"I can calculate.
6 + 7 = 12 - 7 = 7 + 8 = 14 - 8 =
9 + 6 = 16 - 8 = 5 + 6 = 12 - 8 =
9 + 5 = 13 - 7 = 11 - 4 = 14 - 6 =
18 - 4 = 11 - 6 = 12 + 5 = 15 - 6 =
12 + 6 = 15 - 7 = 7 + 13 = 19 - 8 ="	calculation	"6 + 7 = 13; 12 - 7 = 5; 7 + 8 = 15; 14 - 8 = 6;  
9 + 6 = 15; 16 - 8 = 8; 5 + 6 = 11; 12 - 8 = 4;  
9 + 5 = 14; 13 - 7 = 6; 11 - 4 = 7; 14 - 6 = 8;  
18 - 4 = 14; 11 - 6 = 5; 12 + 5 = 17; 15 - 6 = 9;  
12 + 6 = 18; 15 - 7 = 8; 7 + 13 = 20; 19 - 8 = 11."	Addition within 20 without carrying###Subtraction within 20 without regrouping###Addition with carrying for 9 plus a number###Addition with carrying for 8, 7, and 6.###Subtraction with borrowing for numbers 10 and above minus 8, 7, and 6.###Subtraction with regrouping for subtracting 5, 4, 3, 2 from a number in the teens.	[Analysis] Answer based on addition and subtraction within 20.	2019	primary	medium
2994	"Uncle Bartel rode a horse on the grassland, starting from the yurt, first traveling 2 kilometers east and then 2 kilometers north. At this point, the yurt is in the (   ) direction from him. 
A. 45° west of north B. 45° east of north 
C. 45° west of south D. 45° east of south"	calculation	C	Determine the position of an object based on direction and distance.	[Solution] Explanation: According to the information in the question, set the position of the yurt as the coordinate origin (0, 0), then Uncle Batel's position after cycling is (2, 2). Since Uncle Batel's position after cycling is (2, 2), the yurt is located in the direction of 45° south by west from there. This is because the direction from (2, 2) to (0, 0) forms a 45° angle, moving south and then west, resulting in a direction of 45° south by west. Therefore, the answer is: C Analysis: You can assist the analysis by constructing a plane coordinate system. Assume the yurt's position is the coordinate origin (0, 0). Uncle Batel's eastward cycling can be viewed as moving right along the x-axis, and northward cycling as moving up along the y-axis. In this way, we can determine Uncle Batel's	others	primary	medium
986	"Calculate  
8 + 7 =  
15 - 9 =  
8 + 8 =  
13 - 6 =  
65 - 60 =  
12 - 7 =  
16 - 8 =  
7 + 5 =  
12 - 9 =  
73 - 70 =  
14 - 5 =  
12 - 3 =  
13 - 9 =  
11 - 3 =  
3 + 60 =  
5 + 8 =  
16 - 6 =  
13 - 4 =  
17 - 8 =  
58 - 8 =  
18 - 9 =  
14 - 10 =  
12 - 5 =  
11 - 4 =  
49 - 9 ="	calculation	"8+7=15 15-9=6 8+8=16 13-6=7 65-60=5  
12-7=5 16-8=8 7+5=12 12-9=3 73-70=3  
14-5=9 12-3=9 13-9=4 11-3=8 3+60=63  
5+8=13 16-6=10 13-4=9 17-8=9 58-8=50  
18-9=9 14-10=4 12-5=7 11-4=7 49-9=40"	Subtraction with borrowing for numbers 10 and above minus 8, 7, and 6.###Two-digit minus one-digit subtraction###Subtraction of two-digit numbers minus multiples of ten.	"[Analysis] Calculating addition within 20 with carrying: use the ""make ten"" method, break down larger numbers, combine smaller numbers to make 10, and then calculate directly.

Calculating subtraction within 20 with borrowing: 
(1) ""Breaking ten"" method: Split the minuend into 10 and a few. Subtract the subtrahend from 10 first, then add the result to the remaining part of the original minuend.
(2) ""Level ten"" method: Divide the subtrahend into two numbers. After the minuend subtracts the first number, it equals 10, then use 10 to subtract the second number to get the final result.
(3) Calculate subtraction by thinking of addition: Use the relationship between addition and subtraction to calculate subtraction using addition.

Adding a single-digit number to a multiple of ten yields a number in the tens. Subtracting a single-digit number from a number in the tens yields a multiple of"	2022	primary	medium
595	"Calculate.
12 - 7 = 12 - 4 = 12 - 9 = 12 - 6 =
13 - 5 = 13 - 9 = 13 - 7 = 13 - 4 ="	calculation	Solution: 12-7=5; 12-4=8; 12-9=3; 12-6=6; 13-5=8; 13-9=4; 13-7=6; 13-4=9	Subtraction with regrouping: teens minus 9###Subtraction with borrowing for numbers 10 and above minus 8, 7, and 6.###Subtraction with regrouping for subtracting 5, 4, 3, 2 from a number in the teens.	[Analysis] For example, 12-7, split 12 into 10 and 2, first calculate 10-7=3, then calculate 2+3=5, so 12-7=5. You can calculate using this method.	others	primary	medium
368	0.24+0.24+0.24+0.24+0.24=\_\_\_×\_\_\_=\_\_\_	calculation	0.24；5；1.2	The meaning of decimals	【Solution】Solution: According to the problem, we have\\ 24 + 24 + 24 + 24 + 24\\ = 24 × 5\\ = 120\\ Therefore, the answer is: 0.24; 5; 1.2\\ 【Analysis】Using the concept of multiplication: Multiplication is a simplified operation of addition, an operation to find the sum of several identical addends is called multiplication. Solve it accordingly. \textbf{V. Calculation Problems}	others	primary	medium
371	"Convert the following fractions into decimals (retain two decimal places if they are non-terminating).
(1) \(\frac{21}{100}\)
(2) \(\frac{4}{25}\)
(3) \(\frac{5}{13}\)
(4) \(\frac{33}{15}\)"	calculation	"（1）\(\frac{21}{100}\) = 0.21
（2）\(\frac{4}{25}\) =4÷25
=0.16
（3）\(\frac{5}{13}\) =5÷13
≈0.38
（4）\(\frac{33}{15}\) =33÷15
=2.2"	Conversion between fractions and decimals	[Analysis] Converting fractions to decimals: (1) For fractions with denominators of 10, 100, 1000, etc., you can directly remove the denominator. Count how many zeros follow the 1 in the denominator, then count the same number of digits from the last digit of the numerator to the left and place the decimal point. (2) For fractions with denominators other than 10, 100, 1000, etc., divide the numerator by the denominator. Write the quotient in decimal form, and if the division is not exact, round to two decimal places as required.	2021	primary	medium
137	A group of 38 sixth-grade students and teachers went to the park for boating. They rented 8 boats which were exactly filled. Each large boat can seat 6 people and each small boat can seat 4 people. They rented \_\_\_ large boats and \_\_\_ small boats.	calculation	3; 5	Assuming Method to Solve Chicken and Rabbit in the Same Cage Problem	"Solution: Let the number of large boats be \(x\) and small boats be \(y\).

The total number of large and small boats is 8: \(x + y = 8\).

The total capacity of large and small boats is 38: \(6x + 4y = 38\).

Solving, we find \(x = 3\), \(y = 5\).

Therefore, the answer is: 3; 5.

Analysis: This problem is a variation of the classic ""chicken and rabbit in the same cage"" problem, replacing them with large and small boats. The task is to find how many large and small boats are rented, given the total number of people and boats, as well as the seating capacity of each type of boat. The key to solving such problems is to abstract the real-world problem into mathematical equations and then solve the equations. Here, by setting two unknowns (number of large and small boats), and"	2024	primary	medium
3509	"Directly write the results.
4.3 + 5.2 = 
200 × 40 = 
\(\frac{4}{5}\) - \(\frac{1}{5}\) = 
\(\frac{2}{11}\) + \(\frac{5}{11}\) = 
10 - 0.5 = 
2.9 - 0.5 = 
40 × 25 = 
1 - \(\frac{7}{15}\) = 
0 × 0.8 = 
15.9 - 5 ="	calculation	"4.3 + 5.2 = 9.5  
200 × 40 = 8000  
\(\frac{4}{5}\) - \(\frac{1}{5}\) = \(\frac{3}{5}\)  
\(\frac{2}{11}\) + \(\frac{5}{11}\) = \(\frac{7}{11}\)  
10 - 0.5 = 9.5  
2.9 - 0.5 = 2.4  
40 × 25 = 1000  
1 - \(\frac{7}{15}\) = \(\frac{8}{15}\)  
0 × 0.8 = 0  
15.9 - 5 = 10.9"	Addition and subtraction of decimals###Addition and subtraction of fractions with the same denominator###Multiplication involving 0	[Analysis] Addition and subtraction of decimals: Add or subtract the integer parts and the decimal parts separately; carry over ten if needed, and borrow one as ten if there isn't enough to subtract. Addition and subtraction of fractions with the same denominator: The denominator remains unchanged, and the numerators are added or subtracted. Multiplying 0 by any number results in 0. When multiplying two-digit or three-digit numbers by two-digit numbers, start from the units place and multiply each digit in sequence, carrying over ten when needed.	2020	primary	medium
3378	"When Mingming goes to school, he walks in a southeast direction. After school, he walks in the ( ) direction to return home.  
A. Northeast B. Southeast C. Southwest D. Northwest"	calculation	D	Northeast, Northwest, Southeast, Southwest directions	"[Answer] Explanation: Mingming walks southeast to school and northwest back home.  
Therefore, the answer is: D.  
[Analysis] This question mainly tests the relativity of directions. The commonly mentioned eight directions are north, northeast, east, southeast, south, southwest, west, and northwest. Southeast is between east and south, northeast is between east and north, northwest is between west and north, and southwest is between west and south. Northeast opposes southwest, northwest opposes southeast, and the directions for going to and from school are relative."	others	primary	medium
975	On the six faces of a uniformly textured cube, the numbers 1, 2, and 3 are written. When the cube is thrown randomly, to make the probability of 1 facing up the greatest, and the probabilities of 2 and 3 facing up equal, the number 1 needs to be written on \underline{} faces.	calculation	4	The magnitude of possibilities	"Solution: On a cube with six uniform faces, label them with numbers 1, 2, and 3. When thrown randomly, to maximize the probability of landing on 1, while keeping the probabilities of landing on 2 and 3 equal, assign one face each to 2 and 3. Thus, label the remaining four faces with 1. The answer is: 4.

Analysis: To make the probabilities of landing on 2 and 3 equal, they must each occupy the same number of faces. Assign one face each to 2 and 3, and label the remaining four faces with 1."	others	primary	medium
2459	"Calculate the following problems and simplify if possible.
(1) 18.2 - 8.2 × 1.5
(2) 0.2 × 8 × 10.3 × 1.25
(3) 1.23 × 9.4 + 0.77 × 9.4
(4) 96 ÷ (15.4 - 12.2)"	calculation	"(1) 18.2 - 8.2 × 1.5  
= 18.2 - 12.3  
= 5.9  
(2) 0.2 × 8 × 10.3 × 1.25  
= 0.2 × 10.3 × (8 × 1.25)  
= 2.06 × 10  
= 20.6  
(3) 1.23 × 9.4 + 0.77 × 9.4  
= (1.23 + 0.77) × 9.4  
= 2 × 9.4  
= 18.8  
(4) 96 ÷ (15.4 - 12.2)  
= 96 ÷ 3.2  
= 30"	The laws of multiplication for decimals###Decimal multiplication mixed operations###Decimal division mixed operations	【Analysis】 (1) First perform multiplication, then subtraction; (2) Use the commutative and associative properties of multiplication to get 0.2×10.3×(8×1.25) for simplified calculation; (3) Use the distributive property of multiplication to get (1.23+0.77)×9.4 for simplified calculation; (4) First compute the subtraction inside the parentheses, then perform the division outside the parentheses.	2020	primary	medium
2238	"Think about what to calculate first, then compute.  
① 6×7-5=  
② 5×3+5=  
③ 4+4×7=  
④ 29-(4+6)=  
⑤ 8+(60-9)=  
⑥ 9×9-80="	calculation	"① 6×7-5 = 42-5 = 37  
② 5×3+5 = 15+5 = 20  
③ 4+4×7 = 4+28 = 32  
④ 29-(4+6) = 29-10 = 19  
⑤ 8+(60-9) = 8+51 = 59  
⑥ 9×9-80 = 81-80 = 1"	Mixed addition and subtraction operations within 100###Multiplication-addition, multiplication-subtraction operations	[Analysis] Operations of the same level are calculated from left to right; for two-level operations, calculate multiplication and division first, then addition and subtraction; for expressions with parentheses, calculate the content inside the parentheses first, then outside.	2020	primary	medium
2001	"490 + 32 × 24  
(2) 42 × (365 - 298)"	calculation	"(1) Solution: 490 + 32 × 24  
= 490 + 768  
= 1258

(2) Solution: 42 × (365 - 298)  
= 42 × 67  
= 2814"	Mixed operations of addition, subtraction, multiplication, and division within 1000.	[Analysis] Observe the characteristics of the numbers and operators to determine the order of operations. For the first problem, calculate multiplication first, then addition; for the second problem, first calculate the subtraction inside the parentheses, then the multiplication outside the parentheses.	others	primary	medium
3515	Fold the rectangular paper once, then fold it again, open it, each part is \(\frac{1}{4}\) of the paper. A. \(\frac{1}{2}\) B. \(\frac{1}{4}\) C. \(\frac{1}{8}\)	calculation	B	Understanding and Reading/Writing Fractions with a Numerator of 1	Solution: 2×2=4, each part is \(\frac{1}{4}\) of the paper. Therefore, the answer is: B. Analysis: Folding the rectangular piece of paper several times means dividing the rectangle into several (2 multiplied) parts; dividing the rectangular piece of paper into several parts means each part is \(\frac{1}{number}\) of the rectangle.	2023	primary	medium
2090	"Think about what to calculate first for each problem, underline it, and then compute.

8×7+40  
50-4×9  
36+42÷6  
64-16÷2"	calculation	"\(8×7\)+40 = 56+40 = 96  
50-\(4×9\) = 50-36 = 14  
36+\(42÷6\) = 36+7 = 43  
64-\(16÷2\) = 64-8 = 56"	Mixed operations of division and addition/subtraction within 100	[Analysis] In an expression without parentheses, if there are both multiplication/division and addition/subtraction, multiplication and division should be done first, followed by addition and subtraction. Determine the order of operations accordingly, then calculate.	others	primary	medium
5664	\textsubscript{10} = (     )\textsubscript{2} = (     )\textsubscript{8} = (     )\textsubscript{16} = (     )\textsubscript{3} = (     )\textsubscript{5} = (     )\textsubscript{7}	calculation	(518)\textsubscript{10} = (1006)\textsubscript{8} = (1000000110)\textsubscript{2} = (206)\textsubscript{16} = (201012)\textsubscript{3} = (4033)\textsubscript{5} = (1340)\textsubscript{7}	Conversion between binary and decimal numbers###Other Number Base Problems	"[Analysis] Converting 518 from decimal to binary: Divide 518 by 2 using short division, write the remainder on the right, and note zero when divisible without remainder; read the final result from bottom to top.  
Converting 518 from decimal to octal: Divide 518 by 8 using short division, write the remainder on the right, and note zero when divisible without remainder; read the final result from bottom to top.  
Converting 518 from decimal to hexadecimal: Divide 518 by 16 using short division, write the remainder on the right, and note zero when divisible without remainder; read the final result from bottom to top.  
Converting 518 from decimal to ternary: Divide 518 by 3 using short division, write the remainder on the right, and note zero when divisible without remainder; read the final result from bottom to top.  
Converting 518 from decimal to quinary: Divide 518 by 5 using short division"	others	primary	hard
1215	When a worker is laying bricks, a reference line needs to be secured to check if the bricks are aligned in a straight line. He needs at least \ul{ } nails to secure this reference line at both ends of the wall.	calculation	2	Understanding and Representation of Line Segments###Understanding and Representation of a Straight Line	[Answer] If there is only one nail, the reference line cannot be fixed; if there are two nails, the reference line can be determined. Therefore, at least two nails are needed. Thus, the answer is: 2. [Analysis] Through one point, there are countless lines, but through two points, there is only one line. Therefore, at least two points, or two nails, are required to fix and determine a line.	others	primary	medium
142	When checking 376-135=241, you can use 376-\underline{\ \ } to see if the result equals \underline{\ \ }. You can also use \underline{\ \ }+\underline{\ \ } to see if the result equals 376.	calculation	241; 135; 241; 135	Subtraction without borrowing within ten thousand	Solution: When verifying 376 - 135 = 241, you can use 376 - 241 to see if the result equals 135. You can also use 241 + 135 to see if the result equals 376. Thus, the answer is: 241; 135; 241; 135. Analysis: When verifying subtraction, you can subtract the difference from the minuend to see if it equals the subtrahend, or add the difference to the subtrahend to see if it equals the minuend.	2024	primary	medium
1211	Three people start from the same starting point on a circular track at the same time, moving in the same direction. A completes 15 laps every 16 minutes, B completes 25 laps every 24 minutes, and C completes 35 laps every 48 minutes. After they set off, the first time all three return to the starting point simultaneously is after ___ seconds.	calculation	576	Circular Track Problem###Application of the Least Common Multiple###The relationship and application of speed, time, and distance	[Answer] Solution: 16 minutes = 960 seconds 24 minutes = 1440 seconds 48 minutes = 2880 seconds 960 ÷ 15 = 64 = \(\frac{64}{1}\) (seconds) 1440 ÷ 25 = \(\frac{288}{5}\) (seconds) 2880 ÷ 35 = \(\frac{576}{7}\) (seconds) Since {[}64, 288, 576{]} = 576, (1, 5, 7) = 1 So the least common multiple of \(\frac{64}{1}\), \(\frac{288}{5}\), \(\frac{576}{7}\) is: 576 ÷ 1 = 576, which means all three return to the starting point simultaneously after 576 seconds. Therefore, the answer is: 576 seconds after starting, the three first return to the starting point simultaneously.	2024	primary	medium
60	"How many zeros are there at the end of the result?

\(6\underset{50 zeros}{\underset{︸}{00\cdots 0}} + 2\underset{50 zeros}{\underset{︸}{00\cdots 0}}\)\ul{　 　} zeros

\(6\underset{50 zeros}{\underset{︸}{00\cdots 0}} - 2\underset{50 zeros}{\underset{︸}{00\cdots 0}}\)\ul{　 　} zeros

\(6\underset{50 zeros}{\underset{︸}{00\cdots 0}} \times 2\underset{50 zeros}{\underset{︸}{00\cdots 0}}\)\ul{　 　} zeros

\(6\underset{50 zeros}{\underset{︸}{00\cdots 0"	calculation	50; 50; 100; 0; 102	Mental division with a two-digit divisor.###Three-digit multiplied by two-digit mental arithmetic multiplication	"Solution:

\(6\underset{50 \text{ zeros}}{\underset{︸}{00\cdots 0}} + 2\underset{50 \text{ zeros}}{\underset{︸}{00\cdots 0}}\) results in a number with 50 zeros at the end;

\(6\underset{50 \text{ zeros}}{\underset{︸}{00\cdots 0}} - 2\underset{50 \text{ zeros}}{\underset{︸}{00\cdots 0}}\) results in a number with 50 zeros at the end;

\(6\underset{50 \text{ zeros}}{\underset{︸}{00\cdots 0}} \times 2\underset{50 \text{ zeros}}{\underset{︸}{00\cdots 0}}\) results in a number with 100 zeros at the end"	others	primary	medium
67	"Choose the appropriate symbols from +, -, ×, ÷, ( ) and insert them into the following equations to make each equation true.
① 6 6 6 6 6 = 19
② 7 7 7 7 7 = 20
③ 9 9 9 9 9 = 21
④ 9 9 9 9 9 = 22"	calculation	"① 6+6+6+6÷6=19
② 7+7+7-7÷7=20
③ (99+9)÷9+9=21
④ (99+99)÷9=22"	Fill in the symbols in the equation	"[Analysis] ① First, all the values given in the problem are 6. Whether they form 66 or perform addition, subtraction, or multiplication among several 6s, they will still be multiples of 6. Since 19 is not a multiple of 6, a division sign must have appeared in this equation. Generally, it would be either 6÷6=1 or 66÷6=11. Neither adding nor subtracting 11 from 19 results in a multiple of 6, but 19 = 18 + 1, and 18 is a multiple of 6. We can then construct the equation 6+6+6+6÷6=19; \\
② Similarly, for the second question, neither adding nor subtracting 11 from 20 results in a multiple of 7, but 20+1=21 is 3 times 7. Therefore, we can deduce 7+7+7-7"	others	primary	medium
68	"Use a calculator to solve the following problems.
41×6=
441×6=
4441×6=
44441×6=
Through calculation, what pattern did you discover?"	calculation	"Solution:  
41×6 = 246  
441×6 = 2646  
4441×6 = 26646  
44441×6 = 266646  
Through calculation, I found that each additional 4 in the first factor results in one more 6 in the second digit of the product."	Understanding and Using Calculators###The pattern of the equation	[Analysis] Pattern: The first factor increases by one digit of 4, the second factor remains unchanged, the first digit of the product is 2, the last two digits of the product are 46, the number of 4s is x, then the second digit of the product has (x-1) number of 6s.	others	primary	medium
3133	"\(\frac{3}{5}\)×\(\frac{1}{6}\)×5=\(\frac{3}{5}\)×5×\(\frac{1}{6}\) applies the (    ).
A. Distributive Law of Multiplication B. Commutative Law of Multiplication C. Associative Law of Multiplication D. Commutative Law of Addition"	calculation	B	Rules of Fraction Multiplication	"Solution: \(\frac{3}{5}\)×\(\frac{1}{6}\)×5=\(\frac{3}{5}\)×5×\(\frac{1}{6}\), which complies with the commutative law of multiplication;\\
Therefore, the answer is: B.\\
Analysis: Observing the expression, we can apply the commutative law of multiplication to swap the positions of 5 and \(\frac{1}{6}\), then proceed with the calculation."	2020	primary	medium
3511	"Calculate the following problems, simplifying where possible.
① 25×125×32  
② 24×(\(\frac{3}{8}\) - \(\frac{1}{6}\) + \(\frac{5}{12}\))  
③ 375 + 270 ÷ 18 × 14  
④ 25.36 - (17.36 - 6.25)  
⑤ 10.38 × 0.125 + 13.62 ÷ 8  
⑥ \(\frac{3}{8}\) × {[\(\frac{8}{9}\) ÷ (\(\frac{1}{2}\) - \(\frac{1}{3}\))]}"	calculation	"① 25×125×32=(25×4)×(125×8)=100×1000=100000  
② 24×(\(\frac{3}{8}\)-\(\frac{1}{6}\)+\(\frac{5}{12}\))=24×\(\frac{3}{8}\)-24×\(\frac{1}{6}\)+24×\(\frac{5}{12}\)=9-4+10=5+10=15  
③ 375+270÷18×14=375+15×14=375+210=585  
④ 25.36-(17.36-6.25)=25.36-17.36+6.25=8+6.25=14.25  
⑤ 10.38×0.125+13.62÷8=1.2975+1.7025=3  
⑥ \(\frac{3}{8}\)"	Mixed operations of decimals###Associative law of integer multiplication###Rules of Fraction Multiplication	"[Analysis]
① Observing the data, the number 32 is first split into the form of 4×8, then applying the commutative and associative laws of multiplication for simplification;  
② Observing the data, this problem applies the distributive law of multiplication for simplification;  
③ Observing the expression, this problem requires performing multiplication and division first, then addition, and is solved according to this order;  
④ Observing the data, a number minus the difference of two numbers equals subtracting the first number and adding the second number separately, simplifying the problem accordingly;  
⑤ Observing the expression, it contains multiplication, division, and addition. Perform multiplication and division simultaneously first, then perform addition, solving according to this order;  
⑥ Observing the expression, there are square brackets and parentheses. First calculate the subtraction inside the parentheses within the square brackets, then perform the division inside the square brackets, and finally calculate the multiplication outside the square brackets, solving"	2018	primary	medium
144	"Calculate the following problems, showing the simplified process where possible.  
(1) \(\frac{4}{11}\) + \(\frac{4}{9}\) + \(\frac{7}{11}\) + \(\frac{5}{9}\)  
(2) \(\frac{4}{5}\) + ( \(\frac{3}{8}\) - \(\frac{1}{4}\) )  
(3) 5 - \(\frac{3}{7}\) - \(\frac{4}{7}\)  
(4) \(\frac{7}{12}\) - ( \(\frac{1}{12}\) - \(\frac{1}{2}\) )"	calculation	"(1) \(\frac{4}{11}\)+\(\frac{4}{9}\)+\(\frac{7}{11}\)+\(\frac{5}{9}\)  
= (\(\frac{4}{11}\)+\(\frac{7}{11}\)) + (\(\frac{4}{9}\)+\(\frac{5}{9}\))  
= 1+1  
= 2  

(2) \(\frac{4}{5}\) + (\(\frac{3}{8}\)-\(\frac{1}{4}\))  
= \(\frac{4}{5}\) + (\(\frac{3}{8}\)-\(\frac{2}{8}\))  
= \(\frac{4}{5}\) + \(\frac{1}{8}\)  
= \(\frac{32}{40}\) + \(\frac{5}{40}\)  
= \(\frac{37}{"	Order of operations with parentheses###The rules of fraction addition###Simplified operations of subtraction.	"[Analysis] (1) Using the commutative and associative properties of addition, we get (\(\frac{4}{11}\)+\(\frac{7}{11}\)) + (\(\frac{4}{9}\)+\(\frac{5}{9}\)), simplifying the calculation accordingly; \\
(2) First calculate the subtraction within the parentheses, then calculate the addition outside the parentheses; \\
(3) Use the property of consecutive subtraction to get 5 - (\(\frac{3}{7}\)+\(\frac{4}{7}\)), simplifying the calculation accordingly; \\
(4) Remove the parentheses to get \(\frac{7}{12}\)-\(\frac{1}{12}\)+\(\frac{1}{2}\), and then calculate sequentially from left to right."	others	primary	medium
2610	"Estimation.
1.52×0.88≈ 798+403≈ 631÷69≈ 5.03×2.4≈
62.9÷9≈ 7.3×29≈ 24.8×19≈ 604−407≈
\(\frac{198}{199}\) ×18≈ 2403÷62≈ 42.3÷7≈ \(\frac{63}{8}\) × \(\frac{26}{5}\) ≈"	calculation	"1.52×0.88≈2  
798+403≈1200  
631÷69≈9  
5.03×2.4≈10  
62.9÷9≈7  
7.3×29≈210  
24.8×19≈500  
604−407≈200  
\(\frac{198}{199}\) ×18≈18  
2403÷62≈40  
42.3÷7≈6  
\(\frac{63}{8}\) × \(\frac{26}{5}\)≈40"	Estimating with a two-digit divisor	"[Solution] Explanation: 1.52×0.88≈2×1=2; 798+403≈800+400=1200; 631÷69≈630÷70=9; 5.03×2.4≈5×2=10;  
62.9÷9≈63÷9=7; 7.3×29≈7×30=210;  
24.8×19≈25×20=500; 604−407≈600−400=200;  
(198/199) ×18≈1×18=18 2403÷62≈2400÷60=40;  
42.3÷7≈42÷7=6; (63/8) × (26/5) ≈8×5=40.  
[Analysis] When estimating addition and subtraction, generally use the rounding method to convert the numbers in the question into integers or tens, hundreds for calculation.  
When"	others	primary	medium
3207	"I can calculate.

20+60= 17-8= 12-4= 60+9=

18-9= 5+40= 90-60= 11-7=

65-5= 13-6= 69-60= 10+30=

48-8= 13-4= 9+60= 100-40=

6+40-6= 30+10+8=

48-40+4= 32-30+9="	calculation	"20+60=80 17-8=9 12-4=8 60+9=69  
18-9=9 5+40=45 90-60=30 11-7=4  
65-5=60 13-6=7 69-60=9 10+30=40  
48-8=40 13-4=9 9+60=69 100-40=60  
6+40-6=40 30+10+8=48  
48-40+4=12 32-30+9=11"	Adding a single-digit number to a multiple of ten and the corresponding subtraction###Two-digit minus one-digit subtraction###Subtraction of two-digit numbers minus multiples of ten.###Addition and subtraction of consecutive numbers within 100###Mixed addition and subtraction operations within 100	[Analysis] Answer using addition and subtraction within 100.	2020	primary	medium
215	The least common multiple of 8 and 12 is \underline{   } times their greatest common divisor.	calculation	6	Common factor and greatest common factor###Common multiples and least common multiple	nan	2024	primary	medium
217	Find the integer part of \(x = \frac{1}{\frac{1}{1980} + \frac{1}{1981} + \cdots + \frac{1}{1997}}\).	calculation	"Solution: The midpoints between 1980 and 1997 are 1988 and 1989.\\
If the denominators of the fractions are all \(\frac{1}{1988}\), then the sum of the denominators is 18×\(\frac{1}{1988}\)=\(\frac{18}{1988}\).\\
If the denominators of the fractions are all \(\frac{1}{1989}\), then the sum of the denominators is 18×\(\frac{1}{1989}\)=\(\frac{18}{1989}\).\\
1÷\(\frac{18}{1988}\)≈110.4, 1÷\(\frac{18}{1989}\)=110.5\\
Therefore, the integer part of x is 110."	Clever Calculations of Fractions###Improper fraction	[Analysis] There are 18 numbers from 1980 to 1997, with the middle numbers being 1988 and 1989. Consider all these 18 numbers as \(\frac{1}{1988}\) or \(\frac{1}{1989}\), calculate the sum of the denominators; then, based on the relationship between fractions and division \(\frac{numerator}{denominator}\) = numerator ÷ denominator, convert the fraction into division to determine the range of values for x, and from the range, determine the integer part of x.	2023	primary	medium
3444	"Solve the following questions by using the simplest method possible.
(1) 307 - 98
(2) 145 + 39 + 161 + 55
(3) 540 ÷ 30 × 140
(4) 275 - 400 ÷ 16"	calculation	"(1) 307-98
= 307-(100-2)
= 307-100+2
= 209

(2) 145+39+161+55
= (145+55)+(39+161)
= 200+200
= 400

(3) 540÷30×140
= 18×140
= 2520

(4) 275-400÷16
= 275-25
= 250"	Commutative law of addition for integers###Associative property of integer addition	"[Analysis] (1) Consider 98 as 100; after subtracting 100, 2 is subtracted too much, so add 2; \\
(2) Use the commutative and associative laws of addition for simpler computation; \\
(3) Calculate in order from left to right; \\
(4) Perform division first, then subtraction."	2020	primary	medium
521	"Calculate the following questions, paying attention to using simplification methods.
① \(2 - \frac{2}{7} - \frac{5}{7}\)
② \(\frac{16}{11} - \frac{7}{12} + \frac{3}{11} - \frac{5}{12} - \frac{1}{11}\)
③ \(\frac{5}{12} + \frac{9}{13} + \frac{7}{12} + \frac{2}{13}\)
④ \(\frac{15}{28} + (\frac{7}{16} - \frac{13}{28}) + \frac{9}{16}\)
⑤ \(\frac{16}{9} - (\frac{7}{9} + \frac{7}{11})\)
⑥ 54.3×1.8 + 54.3×0.3 − 54.3×0.1"	calculation	"Solution:
① \(2 - \frac{2}{7} - \frac{5}{7}\)
\(= 2 - (\frac{2}{7} + \frac{5}{7})\)
= 2 - 1
= 1

② \(\frac{16}{11} - \frac{7}{12} + \frac{3}{11} - \frac{5}{12} - \frac{1}{11}\)
= \((\frac{16}{11} + \frac{3}{11} - \frac{1}{11}) - (\frac{7}{12} + \frac{5}{12})\)
= \(\frac{18}{11} - 1\)
= \(\frac{7}{11}\)

③ \(\frac{5}{12} + \frac{9}{13} + \frac{7}{12} + \frac{2}{13}\)
="	Mixed Operations of Fraction Addition and Subtraction and Applications###The laws of multiplication for decimals###The rules of fraction addition###Simplified operations of subtraction.	[Analysis] ① Observing the data, it is clear that this problem uses the property of subtraction: subtracting two numbers consecutively from a number is equivalent to subtracting the sum of these two numbers, making the solution simpler; ② Observing the data, it is clear that this problem changes the order of addition and subtraction, adding and subtracting terms with the same denominator first, making the solution simpler; ③ Observing the data, it is clear that this problem uses the associative property of addition for simplification; ④ Observing the data, it is clear that this problem changes the order of addition and subtraction, adding and subtracting terms with the same denominator first, making the solution simpler; ⑤ Observing the data, it is clear that this problem uses the property of subtraction: subtracting the sum of two numbers from a number is equivalent to subtracting these two numbers consecutively, making the solution simpler; ⑥ Observing the data, it is	2019	primary	medium
288	Shaanxi is one of the nation's important bird breeding and migration routes, hosting resident birds, passage migrants, and migratory birds. There are 200 species of resident birds, 96 fewer passage migrant species than resident ones, and 142 more migratory bird species than passage migrants. So, there are \(\boxed{}\) species of migratory birds.	calculation	246	Addition and subtraction mixed operations within 1000.	Solution: 200 - 96 + 142 = 104 + 142 = 246 (species) Therefore, the answer is: 246. Analysis: Subtract 96 from the number of resident birds to find the number of migratory birds, and then add the species that migratory birds exceed migratory birds to find the number of migratory birds.	others	primary	medium
294	Since January 1, 2006, the personal income tax standard changed from 800 yuan to 1600 yuan, meaning that the portion of the salary exceeding 1600 yuan is taxed at 20%. Mr. Li's monthly salary is 1800 yuan, so the tax Mr. Li should pay each month is 40 yuan.	calculation	40	Application of Percentages--Tax Rate	"Solution: \(1800 - 1600 = 200\) (yuan),  
\(200 \times 20\% = 40\) (yuan),  
Therefore, the answer is: 40.  

Analysis: The key to solving this problem is to find the taxable portion and then calculate the tax Mr. Li should pay each month based on the tax rate. The portion of the salary exceeding 1600 yuan is taxed at 20%. First, subtract 1600 yuan from the total salary to find the taxable portion, then multiply by 20% to calculate the monthly tax Mr. Li should pay."	2024	primary	medium
296	There is a sequence of numbers: \(\frac{1}{1}\), \(\frac{1}{2}\), \(\frac{2}{2}\), \(\frac{1}{2}\), \(\frac{1}{3}\), \(\frac{2}{3}\), \(\frac{3}{3}\), \(\frac{2}{3}\), \(\frac{1}{3}\), \(\frac{1}{4}\), \(\frac{2}{4}\), \(\frac{3}{4}\), \(\frac{4}{4}\), \(\frac{3}{4}\), \(\frac{2}{4}\), \(\frac{1}{4}\), \ldots From left to right, the \underline{\ \ \ }th number is \(\frac{9}{9}\), and what is the position of \(\frac{5}{14}\) in this sequence?	calculation	"Solution:

(1) The number of digits before \(\frac{9}{9}\):
1+3+5+7+9+11+13+15=64
64+9=73 (total);
\(\frac{9}{9}\) is the 73rd number.

(2) 1+3+5+7+9+...+25
= \(\frac{(1 + 25) \times 13}{2}\)
= 169
169+5=174.

Answer: \(\frac{5}{14}\) is the 174th number in this sequence.
So the answer is: 73."	Digital String Problem	[Analysis] (1) Observation reveals that there is 1 fraction with a denominator of 1, with a numerator of 1; there are 3 fractions with a denominator of 2, with numerators of 1, 2, 1; there are 5 fractions with a denominator of 3, with numerators of 1, 2, 3, 2, 1; there are 7 fractions with a denominator of 4, with numerators of 1, 2, 3, 4, 3, 2, 1. The number of fractions increases as consecutive odd numbers. \(\frac{9}{9}\) is the 9th fraction with a denominator of 9, so we only need to find the total number of fractions from denominators of 1 to 8, then add 9. (2) The denominator of \(\frac{5}{14}\) is 14, so we	others	primary	medium
299	"Calculate using simplified methods:
(1) 6.8 × 2.5 × 4
(2) 7.4 × 3.8 + 2.6 × 3.8
(3) 100 - 13.1 - 16.9"	calculation	"(1) 6.8×2.5×4
= 6.8×(2.5×4)
= 6.8×10
= 68
(2) 7.4×3.8 + 2.6×3.8
= (7.4 + 2.6)×3.8
= 10×3.8
= 38
(3) 100 - 13.1 - 16.9
= 100 - (13.1 + 16.9)
= 100 - 30
= 70"	Decimal addition law###The laws of multiplication for decimals	"Analysis:
(1) Associative property of multiplication: When multiplying three numbers, you can first multiply the first two and then multiply the result by the third number, or you can first multiply the last two numbers and then multiply the result by the first number. Their product remains unchanged, i.e., (a×b)×c=a×(b×c).
(2) Distributive property of multiplication: When the sum of two numbers is multiplied by another number, each addend can be multiplied by that number separately and then the results added together, i.e., (a+b)×c=a×c+b×c.
(3) Property of subtraction: When a number is consecutively subtracted by several numbers, it can be simplified by subtracting the sum of those numbers from the original number, keeping the difference unchanged, i.e., a-b-c=a-(b+c). With this in mind, you can solve the problem."	2020	primary	medium
2689	"Calculate the following problems. (Simplification must be applied if possible)
①266+385+134+415
②965-348-352
③125×(49×8)
④427×36+64×427
⑤268×99
⑥105×20-850÷17
⑦(320+43×12)÷19
⑧156÷[396÷(81-48)]"	calculation	"① 266+385+134+415  
= (266 + 134) + (385 + 415)  
= 400 + 800  
= 1200  

② 965-348-352  
= 965 - (348 + 352)  
= 965 - 700  
= 265  

③ 125 × (49 × 8)  
= 125 × 8 × 49  
= 1000 × 49  
= 49000  

④ 427 × 36 + 64 × 427  
= 427 × (36 + 64)  
= 427 × 100  
= 42700  

⑤ 268 × 99  
= 268 × (100 - 1)  
= 268 × 100 - 268 × 1  
= 26800 - 268  
= 26532  

⑥ 105 × 20 - 850 ÷ 17  
= 2100"	Commutative law of multiplication for integers###The distributive law of multiplication over addition for integers.	[Analysis] ① Use the commutative and associative laws of addition for simplified calculations; \\ ② Continuously subtracting two numbers from one number equals subtracting the sum of the two numbers from that number; \\ ③ Use the commutative law of multiplication for simplified calculations; \\ ④, ⑤ Use the distributive law of multiplication for simplified calculations; \\ ⑥, ⑦, ⑧ For mixed operations with integers, calculate inside parentheses first, then outside; without parentheses, calculate multiplication and division first, then addition and subtraction; when only the same level of operations is involved, calculate from left to right.	2019	primary	medium
361	A total of 64 fifth-grade students participated in the opening ceremony of the sports meet, forming a square formation. The outermost layer of this square formation consists of \ul{ } students.	calculation	28	Solid square matrix problem	"Solution: 64 = 8 × 8  
(8 - 1) × 4  
= 7 × 4  
= 28 (students).  
Therefore, the answer is: 28.  
Analysis: The number of students in the outermost layer of this square array = (number of people on each side - 1) × 4."	others	primary	medium
440	"Reasonable estimation.  
637÷8≈  
905÷3≈  
789÷4≈  
249÷5≈  
597÷6≈  
538÷9≈  
889÷9≈  
632÷7≈"	calculation	"637÷8≈80；905÷3≈300；789÷4≈200；249÷5≈50；\\
597÷6≈100；538÷9≈60；889÷9≈100；632÷7≈90。"	Estimation with a one-digit divisor	[Analysis] To estimate the division of a three-digit number by a one-digit number, first approximate the dividend to the nearest ten or hundred, and then perform the calculation.	2019	primary	medium
445	"Calculate the following problems. Simplify where possible.  
①\(\frac{2}{5} + \frac{12}{13} + \frac{3}{5}\)  
②\(\frac{2}{7} + \frac{5}{7} - \frac{1}{6} - \frac{5}{6}\)  
③\(\frac{29}{24} - (\frac{5}{24} - \frac{4}{9})\)  
④\(\frac{7}{8} - (\frac{3}{8} + \frac{2}{5})\)  
⑤\(2 - \frac{15}{19} - \frac{4}{19}\)  
⑥\(\frac{4}{13} + \frac{6}{7} + \frac{9}{13} + \frac{1}{7}\)"	calculation	"① \(\frac{2}{5} + \frac{12}{13} + \frac{3}{5}\)
= \((\frac{2}{5} + \frac{3}{5}) + \frac{12}{13}\)
= \(1\frac{12}{13}\)

② \(\frac{2}{7} + \frac{5}{7} - \frac{1}{6} - \frac{5}{6}\)
= \(\frac{2}{7} + \frac{5}{7} - (\frac{1}{6} + \frac{5}{6})\)
= 1 - 1
= 0

③ \(\frac{29}{24} - (\frac{5}{24} - \frac{4}{9})\)
= \(\frac{29}{24} - \frac{5}{24} + \frac{4}{9}\)
= \(1"	Mixed Operations of Fraction Addition and Subtraction and Applications###The rules of fraction addition	[Analysis] ① Adding fractions with the same denominator can simplify the calculation; ② Subtracting two numbers consecutively is equivalent to subtracting the sum of these two numbers, allowing for simplified calculation; ③ Subtracting the difference between two numbers is equivalent to subtracting the first number and adding the second, allowing for simplified calculation; ④ Subtracting the sum of two numbers is equivalent to subtracting each of these numbers separately, allowing for simplified calculation; ⑤ Subtracting two numbers consecutively is equivalent to subtracting the sum of these two numbers, allowing for simplified calculation; ⑥ Adding fractions with the same denominator can simplify the calculation.	2020	primary	medium
3132	"Calculate the following problems in the simplest way possible:
① 70 + 325 + 30
② 82 - 4 × 6 ÷ 3
③ 4.32 - 1.36 - 2.24
④ 240 ÷ [(180 - 165) × 4]
⑤ 37 × 201
⑥ 64 × 102 - 64 × 2"	calculation	"Solution:
① 70 + 325 + 30
= 70 + 30 + 325
= 100 + 325
= 425

② 82 - 4 × 6 ÷ 3
= 82 - 8
= 74

③ 4.32 - 1.36 - 2.24
= 4.32 - (1.36 + 2.24)
= 4.32 - 3.6
= 0.72

④ 240 ÷ [(180 - 165) × 4]
= 240 ÷ (15 × 4)
= 240 ÷ 60
= 4

⑤ 37 × 201
= 37 × (200 + 1)
= 37 × 200 + 37 × 1
= 7400 + 37
= 7437

⑥ 64 × 102 - 64 ×"	Decimal addition and subtraction mixed operations###The distributive law of multiplication over addition for integers.	[Analysis] ① Use the commutative property of addition to swap the positions of the last two addends, then calculate 70+30 first; ② Calculate multiplication first, then division, and finally subtraction; ③ Use the property of successive subtraction for simplified calculation; ④ First compute the subtraction inside the parentheses, then the multiplication inside the brackets, and finally the division outside the brackets; ⑤ Consider 201 as (200+1), then use the distributive property of multiplication for simplified calculation; ⑥ Use the distributive property of multiplication for simplified calculation.	2022	primary	medium
2468	"Among the following equations, the one whose solution is not equal to that of 1.8x - 1.2 = 2.4 is (     ).
A. 1.8x = 2.4 + 1.2
B. 1.8x - 2.4 = 1.2
C. 1.8x = 2.4 - 1.2
D. 18x - 12 = 24"	calculation	C	Use the properties of equations to solve equations comprehensively.	"Solution:  
1.8x - 1.2 = 2.4  
1.8x = 2.4 + 1.2  
1.8x = 3.6  
x = 3.6 ÷ 1.8  
x = 2  
  
A. 1.8x = 2.4 + 1.2  
1.8x = 3.6  
x = 3.6 ÷ 1.8  
x = 2  
  
B. 1.8x - 2.4 = 1.2  
1.8x = 2.4 + 1.2  
1.8x = 3.6  
x = 3.6 ÷ 1.8  
x = 2  
  
C. 1.8x = 2.4 - 1.2  
1.8x = 1.2  
x = 1"	2024	primary	medium
3584	"Find the ratio or unknown number.
① \(\frac{3}{4}\) kilometer : 500 meters (find the ratio)
② \(\frac{1}{0.25}\) (simplify the ratio)
③ 12.6 : 0.4 (simplify the ratio)
④ \(\frac{1}{4}\) = \(\frac{0.75}{x}\)
⑤ 2.8 : 4 = 0.7 : x
⑥ x : 21 = 5 : 63"	calculation	"Solution:  
① \(\frac{3}{4}\) kilometers: 500 meters  
= \(\frac{3}{4}\) × 1000 meters: 500 meters  
= 750: 500  
= 1.5  

② \(\frac{1}{0.25}\)  
= 1 ÷ \(\frac{1}{4}\)  
= 1 × 4  
= 4:1  

③ 12.6: 0.4  
= (12.6 × 10): (0.4 × 10)  
= 126: 4  
= (126 ÷ 2): (4 ÷ 2)  
= 63: 2  

④ \(\frac{1}{4} = \frac{0.75}{x}\)  
Solution: x = 4 × 0.75  
x = 3  

⑤ 2.8: 4 ="	Using the basic properties of proportions to solve proportions.###Simplification and Evaluation of Ratios	[Analysis] To find the ratio, divide the antecedent by the consequent; to simplify a ratio, convert both the antecedent and consequent to their simplest integer form based on the fundamental property of ratios; to solve a proportion, use the basic property that the product of the means equals the product of the extremes.	others	primary	medium
2399	"The result of the expression greater than 34.8÷0.12 is (      ).
A. 3.48÷0.12 B. 348÷0.12 C. 34.8÷12 D. 34.8×0.12"	calculation	B	Properties of Decimals###The movement of the decimal point to the left causes a change in the value of the decimal.###Moving the decimal point to the right causes a change in the size of the decimal.###Decimal multiplication of decimals###Division with a decimal divisor	nan	others	primary	medium
591	The innovative cook's pan can only bake 2 pancakes at a time, and both sides need to be baked, with each side requiring 3 minutes. To bake 7 pancakes, it takes at least \ul{    } minutes.	calculation	21	Optimization Strategy: Pancake Problem	"Solution:  
7×2÷2×3  
=7×3  
=21 (minutes)  
Therefore, the answer is: 21.

Analysis: The minimum time needed = number of pancakes × 2 ÷ number that can be cooked per pan × average time to cook each side."	2024	primary	medium
2989	"Grandma Wang's convenience store has two calculators with different purchase prices, both sold at 60 yuan. One yields a 20% profit, while the other incurs a 20% loss. Selling these two calculators, Grandma Wang (       ).

A. Neither profits nor loses 
B. Gains a profit 
C. Suffers a loss 
D. Cannot be determined"	calculation	C	Application of Percentages -- Profit###Set up equations to solve percent problems.	"Solution: Assume the cost of the profitable calculator is x yuan, and the cost of the loss-making calculator is y yuan.

For the profitable calculator, we have: 60 - x = 20% × x, that is, 60 - x = 0.2x,

Rearranging gives: 1.2x = 60, solving gives: x = 50.

For the loss-making calculator, we have: y - 60 = 20% × y, that is, y - 60 = 0.2y,

Rearranging gives: 0.8y = 60, solving gives: y = 75.

The total cost of the two calculators is: x + y = 50 + 75 = 125 yuan.

The total selling price of the two calculators is: 60 × 2 = 120 yuan.

Since 120 yuan is less than 125 yuan, Grandma Wang overall incurs a loss from selling the two"	2023	primary	medium
594	In the equation \(\overline{1abcde} \times 3 = \overline{abcde1}\), different letters represent different digits and the same letters represent the same digits. The number represented by \(\overline{abcde}\) is \ul{　 　}.	calculation	42857	Place value principle###Use letters to represent numbers.	"Solution: Let \(\overline{abcde} = x\), according to the integer multiplication rule, we obtain: 3(100000+x) = 10x + 1. Solving this gives: x = 42857. Therefore, the answer is: 42857.

Analysis: Let \(\overline{abcde} = x\), and according to the integer multiplication rule, we obtain 3(100000+x) = 10x + 1. Solving the equation provides the answer. This problem tests setting an equation with an unknown to solve a problem, applying integer multiplication rules, and understanding that ""different letters represent different numbers, and the same letter represents the same number"" is key to solving the problem."	others	primary	medium
2848	- (1 + 3 + 5 + 7 + ... + 2005) = \underline{    }	calculation	1003	Clever Calculations in Addition and Subtraction	"Solution: The original expression is (2-1) + (4-3) + (6-5) + ... + (2006-2005) = 1 + 1 + 1 + ... + 1 = 1 × (2006 ÷ 2) = 1003.\\
Therefore, the answer is: 1003.\\
Analysis: Observing the given numbers, it can be seen that subtracting the second number in each pair from the first number always results in 1. There are 2006 ÷ 2 = 1003 such pairs, so the result of the expression is 1003."	others	primary	medium
601	"Calculate.  
① 8 - 7 + 3 =  
② 9 - 4 + 3 =  
③ 7 - 2 + 4 =  
④ 4 + 4 - 5 =  
⑤ 10 - 2 - 8 =  
⑥ 5 + 5 - 5 =  
⑦ 8 - 3 - 2 =  
⑧ 3 + 4 - 5 ="	calculation	"① 8 - 7 + 3 = 1 + 3 = 4  
② 9 - 4 + 3 = 5 + 3 = 8  
③ 7 - 2 + 4 = 5 + 4 = 9  
④ 4 + 4 - 5 = 8 - 5 = 3  
⑤ 10 - 2 - 8 = 8 - 8 = 0  
⑥ 5 + 5 - 5 = 10 - 5 = 5  
⑦ 8 - 3 - 2 = 5 - 2 = 3  
⑧ 3 + 4 - 5 = 7 - 5 = 2"	Consecutive addition and subtraction within 10###Mixed addition and subtraction operations within 10	"[Analysis] Observing the equation, it is clear that it only involves addition and subtraction, calculated from left to right. 

You can solve it using the method for addition and subtraction within 10: 

For addition, keep the larger number in mind and count up by the smaller number. For example, for 5+3, keep 5 in mind and count up three numbers: 6, 7, 8, to get the result 5+3=8. 

For subtraction, keep the larger number in mind and count down by the smaller number. For example, for 9-4, keep 9 in mind and count down four numbers: 8, 7, 6, 5, to get the result 9-4=5. Solve accordingly."	2020	primary	medium
670	The party offers the following snack combinations for students to choose from: A. Bananas and sunflower seeds; B. Oranges and peanuts; C. Apples and sunflower seeds. 21 students chose combination A, 15 chose combination B, and 9 chose combination C (everyone participated in the vote and each person could only vote once), so the class decided to purchase the snacks: Bananas and sunflower seeds.	calculation	Banana; Sunflower seeds	Comparison of numbers within 20	"Solution: 21 > 15 > 9  
Therefore, the answer is: A  
Analysis: 21 people chose A, bananas and sunflower seeds, so the snacks decided by the class are bananas and sunflower seeds."	others	primary	medium
671	\(\frac{40}{16} = 5 \div\)\ul{　 　}=\(\frac{55}{()}\)\ul{　 　}=\(\frac{70 + ()}{28 + 4}\)\ul{　 　}=\ul{　 　}(For the last blank, fill in a mixed number).\)	calculation	2; 22; 10; \(2\frac{1}{2}\)	The relationship between integer division and fractions.	"[Answer] Solution: \(\frac{40}{16} = 2.5\); \(5 \div 2.5 = 2\)\\
55 ÷ 2.5 = 22\\
28 + 4 = 32; 32 × 2.5 = 80; 80 - 70 = 10\\
2.5 = 5 ÷ 2 = \(2\frac{1}{2}\)\\
Therefore, the answers are: 2; 22; 10; \(2\frac{1}{2}\).\\
[Analysis] Use fractions, divisors, dividends, and quotient relationships for calculations. First, find a number such that \(5 \div\) this number = \(\frac{40}{16}\). Since \(\frac{40}{16} = 2.5\), find a number such that \(5 \div\) this number = \(2"	others	primary	medium
674	"Follow the example and write out the estimation process.

2490-998
≈2500-1000
≈1500

(1) 4810+2190
(2) 6421+697
(3) 5470-2110
(4) 1970-998
(5) 6202-1203"	calculation	"(1) 4810 + 2190  
≈ 4800 + 2200  
≈ 7000  

(2) 6421 + 697  
≈ 6400 + 700  
≈ 7100  

(3) Omitted  

(4) 5470 - 2110  
≈ 5500 - 2100  
≈ 3400  

(5) 6202 - 1203  
≈ 6200 - 1200  
≈ 5000"	Estimation of addition and subtraction within ten thousand	[Analysis] Estimation of Sum (Difference): Consider each of the two numbers as whole hundreds, then calculate their sum (difference).	others	primary	medium
3522	"A cold wave hit, and one morning the temperature at Cloud Gai Dong was -2°C, while in the evening it was -5°C. The temperature difference between morning and evening is _______°C.  
A. -3  B. 3  C. 7  D. -7"	calculation	B	Operations of Positive and Negative Numbers	"Solution: Temperature difference between morning and evening = -2 - (-5) = 3 (℃). Thus, the answer is: B.

Analysis: Rules of addition and subtraction with negative numbers: When two negative numbers are added, the result is the negative of the sum of their absolute values; when the minuend is greater than the subtrahend, the result is positive; when the minuend is less than the subtrahend, the result is negative.

Temperature difference between morning and evening = morning temperature - evening temperature."	2024	primary	medium
750	Starting at 5:30, after ______ minutes, the hour and minute hands form a \(90^{\circ}\) angle.	calculation	\(19\frac{1}{11}\)	The problem of pursuit on a clock face	"Solution: (90° + 15°) ÷ (6° - 0.5°) = 105° ÷ 5.5° = \(19\frac{1}{11}\) (minutes). Therefore, the answer is \(19\frac{1}{11}\).

Analysis: First, determine the angle between the hour and minute hands at 5:30. At this time, the minute hand is on the 6, and the hour hand is between the 5 and 6. Since the hour hand moves 30° per hour and 0.5° per minute, by 5:30, the hour hand has moved 15° from its starting position at 5 (30° × 0.5). Thus, the angle between the hour and minute hands is 15°, and the minute hand needs to advance an additional 90° beyond this, for a total of 105° (90° + 15°)."	2023	primary	medium
759	"Estimate the following questions  
(1) 37×19  
(2) 22×38  
(3) 17×29  
(4) 511×69"	calculation	"(1) 37×19≈40×20=800  
(2) 22×38≈20×40=800  
(3) 17×29≈20×30=600  
(4) 511×69≈500×70=35000"	Estimation of a three-digit number multiplied by a two-digit number.	[Analysis] When rounding a number to the nearest hundred, examine the digit in the tens place. If the tens digit is 5 or greater, round up the hundreds digit and change both the tens and units digits to 0. If the tens digit is less than 5, that digit is dropped, and both the tens and units digits are changed to 0. To round a number to the nearest ten, round the units digit to the nearest ten and write a 0 in the units place.	others	primary	medium
768	"Calculate the following questions, simplify if possible.
① 17.5 ÷ 12.5 × 1.4
② 0.37 × 2.5 × 4
③ 2.47 × 99 + 2.47
④ 0.86 × 15.6 - 5.6 × 0.86
⑤ 12.5 × 0.32 × 0.5
⑥ 32.9 × 10.1"	calculation	"① 17.5 ÷ 12.5 × 1.4 = 1.4 × 1.4 = 1.96;  
② 0.37 × 2.5 × 4 = 0.37 × (2.5 × 4) = 0.37 × 10 = 3.7;  
③ 2.47 × 99 + 2.47 = 2.47 × (99 + 1) = 2.47 × 100 = 247;  
④ 0.86 × 15.6 - 5.6 × 0.86 = 0.86 × (15.6 - 5.6) = 0.86 × 10 = 8.6;  
⑤ 12.5 × 0.32 × 0.5 = 12.5 × 0.8 × 0.4 × 0.5 ="	The laws of multiplication for decimals###Simplified calculation of division	"[Analysis]
① Calculate division first, then multiplication;
② Use the associative property of multiplication to get 0.37 × (2.5 × 4) for simplified computation;
③ Use the distributive property of multiplication to get 2.47 × (99 + 1) for simplified computation;
④ Use the distributive property of multiplication to get 0.86 × (15.6 - 5.6) for simplified computation;
⑤ Split 0.32 into 0.8 × 0.4 to get 12.5 × 0.8 × 0.4 × 0.5, then use the associative property of multiplication to get (12.5 × 0.8) × (0.4 × 0.5) for simplified computation;
⑥ Split 10.1 into 10 + 0.1 to get 32.9 × (10 + 0.1), then use the distributive property of"	2021	primary	medium
830	"Using the given four numbers to calculate 24, write a comprehensive formula to calculate.  
(1) 3, 9, 4, 7 _____  
(2) 3, 4, 8, 6 _____  
(3) 1, 4, 7, 8 _____"	calculation	"(1) 3×9-(7-4)=24  
(2) 3×4×(8-6)=24  
(3) 4×8-(7+1)=24"	Mixed operations of the four basic arithmetic operations within 100	Solution: (1) 4×3×(9-7) = 12×2 = 24 (2) 4×3×(8-6) = 12×2 = 24 (3) 8×4-(7+1) = 32-8 = 24 Therefore, the answers are: (1) 3×9-(7-4)=24; (2) 3×4×(8-6)=24; (3) 4×8-(7+1)=24. Analysis: (1) Use mixed operations of addition, subtraction, multiplication, and division, 9-7=2, 4×3=12, 12×2=24. (2) Since the sum of these numbers doesn't equal 24, consider mixed operations, 3×4=12, 8-6=2, 12×2=24. (3) Consider mixed operations on 7	others	primary	medium
2246	"Two ropes of the same length, the first is cut into 5 equal parts, and the second is cut into 9 equal parts. Each part of the first rope is 10 meters longer than each part of the second rope. What was the original length of each rope in meters?  
A. 112.5 B. 115.5 C. 120.5 D. 125.5"	calculation	A	Profit and Loss Issue	"Solution: (10×5) ÷ (9-5) × 9  
= 50 ÷ 4 × 9  
= 12.5 × 9  
= 112.5 (meters)  
Answer: The original length of this rope was 112.5 meters.  
Therefore, the answer is: A.

Analysis: Comparing the 5 sections of the first rope with the 5 sections of the second rope yields a total length of 50 meters (10×5=50). Since the original lengths of the two ropes were the same, the remaining 4 sections of the second rope measure 50 meters. Thus, the length of one section is 12.5 meters, allowing us to determine the original total length of the rope."	2024	primary	medium
845	Calculate: \(2006 \times 20002000 - 2000 \times 20062006\)	calculation	"Solution: \(2006 \times 20002000 - 2000 \times 20062006\)
\(= 2006 \times 2000 \times 10001 - 2000 \times 2006 \times 10001\)
\(= 0\)"	Integer partition and decomposition	[Analysis] First, write the equations as 20002000 = 2000 × 10001 and 20062006 = 2006 × 10001, then proceed to calculate.	2022	primary	medium
2003	"Calculate.  
1 ÷ 1% = 0.75 × 0.4 = 10 - 0.86 = \(\frac{3}{4}\) + 0.25 =  
125% × 8 = 1 - 1 × \(\frac{4}{9}\) = 1 - 56% = 18.84 ÷ 31.4 =  
24 × (\(\frac{1}{3}\) - \(\frac{1}{8}\)) = \(\frac{3}{4}\) - \(\frac{3}{4}\) × 0 = (\(\frac{2}{3}\) - \(\frac{2}{3}\)) × 3.5 = \((\frac{1}{3})^{2}\) =  
199 + \(\frac{17}{19}\) × \(\frac{19}{17}\) = \(\frac{5}{3}\"	calculation	1÷1% = 100; 0.75×0.4 = 0.3; 10-0.86 = 0.14; \(\frac{3}{4}\)+0.25 = 1; 125%×8 = 10; 1-1×\(\frac{4}{9}\) = \(\frac{5}{9}\); 1-56% = 0.44; 18.84÷31.4 = 0.6; 24×(\(\frac{1}{3}\)-\(\frac{1}{8}\)) = 5; \(\frac{3}{4}\)-\(\frac{3}{4}\)×0 = \(\frac{3}{4}\); (\(\frac{2}{3}\)-\(\frac{2}{3}\))×3.5 = 0; \((\frac{1}{3})^{2	Clever Calculation of Powers###Multiplying Fractions by Fractions###Mixed operations of fraction multiplication and fraction addition and subtraction###Calculation involving percentages	"[Analysis] Rule for multiplying fractions: Multiply the numerators to get the numerator, and multiply the denominators to get the denominator. Simplify the fractions if possible.  
Method for exponentiation of fractions: The power of the numerator becomes the numerator, and the power of the denominator becomes the denominator.  
For calculations involving percentages, first convert the percentage into a decimal, then perform the calculation using the decimal method.  
Multiplying 0 by any number results in 0. Multiplying a number by its reciprocal results in 1.  
Estimation method for decimal calculations: Consider the dividend and divisor as integers close to them, e.g., view 63.2 as 63, and 6.9 as 7.  
Estimation method for integer calculations: Consider the two factors as numbers close to them in terms of tens, hundreds, thousands... before calculating."	2019	primary	medium
914	Calculate: 5 + 7 + 9 + 11 + ... + 97 + 99 =	calculation	"Solution: 5+7+9+11+\ldots+97+99,  
= (99+5) × {[} (99−5) ÷ 2 + 1 {]} ÷ 2,  
= 104 × {[} 94 ÷ 2 + 1 {]} ÷ 2,  
= 104 × {[} 47 + 1 {]} ÷ 2,  
= 104 × 48 ÷ 2,  
= 2496."	Gaussian summation	[Analysis] Through observation, it can be seen that the summands in the expression form an arithmetic sequence with a common difference of 2. Therefore, this problem can be calculated using the relevant formula for the sum of an arithmetic sequence: Sum of arithmetic sequence = (first term + last term) × number of terms ÷ 2, where the number of terms = (last term - first term) ÷ common difference + 1.	others	primary	medium
918	"Calculate the expressions:
(1) One factor is 64, and the other factor is twice the first factor. What is the product of these two factors?
(2) How much more is 2850 than 39 times 22?"	calculation	"(1) Solution: 64×2×64  
= 128×64  
= 8192  
Answer: The product of these two factors is 8192.  
(2) Solution: 2850-22×39  
= 2850-858  
= 1992  
Answer: 2850 is 1992 more than 22 times 39."	Solve real-world problems using multiplication.###Operations involving the four basic arithmetic operations above 1000	Analysis: (1) Another factor = this factor × 2, then multiply these two factors together; (2) To find how much one number is greater than a multiple of another number, use this number - another number × multiple.	2022	primary	medium
980	Xiaoming and Xiaoying live in the same building, with Xiaoying residing on the 6th floor. One day, after leaving Xiaoying's home, instead of walking down as usual, Xiaoming walked up. When he reached the top floor, he realized he had gone in the wrong direction and turned around to go down to his own home. The distance Xiaoming traveled was 1.5 times the usual distance he would walk directly downhill from Xiaoying's home to his own. How many floors does this building have?	calculation	7	Solving Distance Problems with Equations	"Solution: Let the total number of floors in the building be \( y \), and the difference in floors between Xiaoming's and Xiaoying's homes be \( x \) (\( 1 \leq x \leq 5 \)).

We have the equation: \( (y-6) \times 2 + x = 1.5x \).

Simplifying, we get: \( 4y - x = 24 \).

Since \( x \) and \( y \) must be integers, when \( x = 4 \), \( y = 7 \) satisfies the conditions.

Therefore, the answer is: 7.

Analysis: The core of this problem lies in understanding the relationship between Xiaoming's usual route and this specific route. Let Xiaoming's home be on the \( m \)-th floor, so normally he needs \( x \) floors of stairs to reach his home from the 6th floor (note that we consider"	2021	primary	medium
1058	From the natural numbers 1 to 9, three different digits are selected to form six different three-digit numbers. If the sum of these six numbers is 1776, find the smallest three-digit number that can be formed by these three different digits.	calculation	125	Place value principle###Numbers and questions	nan	2024	primary	medium
1059	On May 11, 2021, the results of the seventh national census were announced, showing the total population of the country as 1,443,497,378 people, approximately 14.4 billion (rounded to one decimal place).	calculation	14.4	Approximation and Rewriting of Numbers Over One Billion	"Solution: 1443497378 is approximately 1.44 billion. Therefore, the answer is 1.44.

Analysis: Place the decimal point after the billion digit, round off to one decimal place based on the digit in the hundredths position after the decimal point, and append the word ""billion""."	2024	primary	medium
2699	"A and B start simultaneously from point A in opposite directions, walking along a 300-meter circular track. A walks 60 meters per minute, and B walks 50 meters per minute. They will meet at point A after at least ( ) minutes.

A. 5 B. 30 C. 65 D. 155"	calculation	B	Application of the Least Common Multiple	"Solution:

Based on the problem, we have:

300 ÷ 60 = 5 (minutes)  
300 ÷ 50 = 6 (minutes)  
The least common multiple of 5 and 6 is 30.

Therefore, it takes at least 30 minutes for person A and person B to meet again at point A.

Thus, the answer is: B

Analysis:

Person A takes 300 ÷ 60 = 5 minutes to return to point A the first time, and then returns every 5 minutes. Person B takes 300 ÷ 50 = 6 minutes to return to point A the first time, and then returns every 6 minutes. Using the concept of least common multiple, we find that the first time both return to point A simultaneously is the least common multiple of 5 and 6."	2024	primary	medium
1224	"Directly write the answers.
29+31= 60
112×4= 448
700-300= 400
\(\frac{1}{8}\) + \(\frac{3}{8}\) = \(\frac{1}{2}\)
200×6= 1200
1- \(\frac{2}{7}\) = \(\frac{5}{7}\)
560-60= 500
303×8≈ 2424
\(\frac{7}{11}\) - \(\frac{3}{11}\) = \(\frac{4}{11}\)
25×6= 150
280+640= 920
599×7≈ 4193"	calculation	"29 + 31 = 60  
112 × 4 = 448  
700 - 300 = 400  
\(\frac{1}{8}\) + \(\frac{3}{8}\) = \(\frac{4}{8}\)  
200 × 6 = 1200  
1 - \(\frac{2}{7}\) = \(\frac{5}{7}\)  
560 - 60 = 500  
303 × 8 ≈ 2400  
\(\frac{7}{11}\) - \(\frac{3}{11}\) = \(\frac{4}{11}\)  
25 × 6 = 150  
280 + 640 = 920  
599 × 7 ≈ 4200"	Addition and subtraction of fractions with the same denominator###Estimation of Multiplying a Multi-digit Number by a One-digit Number###Three-digit by one-digit multiplication without carrying	"[Analysis]  
Integer addition calculation rule: Align the same digits, add from the lowest digit, if the sum in any digit reaches ten, carry over to the next higher digit.  
Integer subtraction calculation rule: Align the same digits, subtract from the lowest digit, if the number in any digit is not enough to subtract, borrow one from the preceding digit to become ten and combine it with the number in the current digit before subtracting.  
Integer multiplication calculation rule: Use each digit of one factor to multiply with each digit of the other factor. The result of multiplying a specific digit should align with that digit, then add together all the products.  
Addition and subtraction of whole hundreds and tens, first regard them as several tens, then add or subtract, and add a zero to the result, making the solution more straightforward.  
For multiplication estimation, first round the two factors to the nearest whole hundred, ten, or hundred, then multiply.  
Addition and subtraction of fractions with the same"	2019	primary	medium
2852	"Kiki surveyed some fourth-grade students about their favorite board games, and the statistics are as follows. To create a bar chart from the data, each unit should represent ( ) people appropriately.

| Game    | Chess | Go | Gomoku | Checkers |
|---------|-------|----|--------|----------|
| People  | 12    | 6  | 24     | 18       |

A. 1 B. 3 C. 5 D. 7"	calculation	B	Characteristics and Drawing of Simple Bar Graphs	"Solution: 12, 6, 24, and 18 are all multiples of 3; if each unit represents 3 people, the vertical axis can be divided into 8 sections, allowing the data to be accurately represented without the grid being too cumbersome to draw. 

Therefore, the answer is: B.

Analysis: When drawing a bar chart, we need to determine how much quantity a unit length represents based on the maximum value of the given data and the characteristics of the data, ensuring it is flexible, accurate, and appropriate. The number of units should not be too many, making it difficult to draw, nor too few, where the difference in bar heights is not easily observable."	others	primary	medium
1296	Some ducks, rabbits, and spiders are together. The total number of animal legs is six times the total number of heads. The number of spiders is five times the number of ducks. Then, the number of rabbits is \underline{ } times the number of ducks. (Note: A spider has 1 head and 8 legs.)	calculation	3	Use letters to represent numbers.###A large number of chickens and rabbits in the same cage.	"Solution: Let x be the number of ducks and y be the number of rabbits, then the number of spiders is 5x. According to the problem, we have: \(2x + 4y + 8 \times 5x = 6(x + y + 5x)\). Solving this gives: y = 3x \(3x \div x = 3\). Therefore, the answer is: 3.

Analysis: According to the problem, we can set up an equation to solve it. Assume x is the number of ducks and y is the number of rabbits, then the number of spiders is 5x. Based on the condition that the total number of legs of all animals is six times the total number of heads, set up the equation and solve it to get the answer."	2024	primary	medium
1298	"Write out the result.  
3 + 0 = 5 -- 0 = 0 + 4 = 4 -- 4 = 3 -- 2 ="	calculation	"3+0=3  
5-0=5  
0+4=4  
4-4=0  
3-2=1"	Addition and subtraction within 5 including 0	[Analysis] Adding 0 to a number results in the same number; subtracting 0 from a number results in the same number; if two numbers are equal, their difference is 0.	others	primary	medium
2922	"Calculate  
4428 ÷ 82 + 706 × 35"	calculation	"Solution: 4428 ÷ 82 + 706 × 35  
= 54 + 24710  
= 24764"	Order of operations without parentheses	"Solution: 4428 ÷ 82 + 706 × 35 = 54 + 24710 = 24764

Analysis: The rules for mixed arithmetic operations are: without parentheses, perform multiplication and division first, followed by addition and subtraction. When only multiplication and division are present, calculate from left to right; when only addition and subtraction are present, calculate from left to right. With parentheses, calculate the innermost parentheses first, then the middle ones, and finally the outermost ones."	others	primary	medium
3216	"The quotient of dividing two numbers is 0.21. If the decimal point of the dividend is moved three places to the right, to make the quotient 0.021, the decimal point of the divisor should be moved ( ) places to the right. 
A. one B. two C. three D. four"	calculation	D	Moving the decimal point to the right causes a change in the size of the decimal.###The law of business change	nan	others	primary	medium
3221	"If the numerator of the fraction \(\frac{a}{5}\) is increased to four times its original value, the fraction becomes 2\(\frac{2}{5}\). What was the original fraction?

A. \(\frac{1}{5}\) B. \(\frac{4}{5}\) C. \(\frac{2}{5}\) D. \(\frac{3}{5}\)"	calculation	D	Conversion between improper fractions and mixed numbers###The Fundamental Properties of Fractions	"Solution: \(2\frac{2}{5} = \frac{12}{5}\), \(\frac{4a}{5} = \frac{12}{5}\), solving gives: \(a = 3\). The original fraction is \(\frac{3}{5}\). Therefore, the answer is: D.

Analysis: First, convert the mixed number into a fraction. \(2\frac{2}{5} = \frac{12}{5}\), then express the expanded fraction using the equation with \(a\). Solving \(\frac{4a}{5} = \frac{12}{5}\) gives the value of \(a\), which leads to the answer."	others	primary	medium
5119	"Please perform simplified calculations.
(1) \(536 \times 5\)
(2) \(638 \times 15\)
(3) \(32 \times 25\)
(4) \(68 \times 75\)"	calculation	"(1) \(536 \times 5\)  
\(= 536 \times (5 \times 2) \div 2\)  
\(= 5360 \div 2\)  
\(= 2680\)  

(2) \(638 \times 15\)  
\(= (638 + 638 \div 2) \times 10\)  
\(= 9570\)  

(3) \(32 \times 25\)  
\(= 32 \times (25 \times 4) \div 4\)  
\(= 3200 \div 4\)  
\(= 800\)  

(4) \(68 \times 75\)  
\(= 17 \times 4 \times 25 \times 3\)  
\(= 17 \times 3 \times (4 \times 25)\)  
\(= 5100\)"	Clever Calculations in Multiplication and Division###Commutative law of multiplication for integers###Associative law of integer multiplication	[Analysis] Since 25×4=100 and 125×8=1000, by using the commutative and associative properties of multiplication, it is advisable to first combine 25 with 4, or 125 with 8 or 4 in the calculation, and then multiply with other numbers to simplify the computation.	others	primary	easy
2165	0.7+9.7+99.7+999.7+9999.7+99999.7+999999.7+9999999.7+99999999.7+999999999.7.	calculation	"Solution: 0.7 + 9.7 + 99.7 + 999.7 + 9999.7 + 99999.7 + 999999.7 + 9999999.7 + 99999999.7 + 999999999.7,
= (1 - 0.3) + (10 - 0.3) + (100 - 0.3) + (1000 - 0.3) + (10000 - 0.3) + (100000 - 0.3) + (1000000 - 0.3) + (1000000 - 0.3) + (100000000 - 0.3) + (1000000000 - 0.3),
= 1111111111 - 0.3 × 10,
= 1111111108."	Clever Calculation of Decimals	[Analysis] By observation, this equation is quite long, and using standard algorithms would be cumbersome. The numbers follow a clear pattern, so we apply the method of adding 1 and subtracting 0.3 to each number. Then, using the commutative and associative laws of addition, we simplify and quickly arrive at the answer.	others	primary	medium
3287	"Mathematical Thinking: Find the value of ★ and show your process.

(★ + 4×25) ÷ 24 = 125"	calculation	"Solution:  
(★ + 4 × 25) ÷ 24 = 125  
(★ + 100) ÷ 24 = 125  
★ + 100 = 125 × 24  
★ + 100 = 3000  
★ = 3000 - 100  
★ = 2900"	The meaning of addition and subtraction and the relationship between them.###The meaning of multiplication and division and their relationship	"[Analysis]
Step 1: Calculate 4×25=100.
Step 2: Dividend = Divisor × Quotient, which gives us ★+100=3000.
Step 3: One addend = Sum - Other addend, which gives us ★=2900."	2024	primary	medium
1861	"Find the greatest common divisor and least common multiple of the following pairs of numbers.
18 and 24
8 and 17
9 and 72
16 and 20"	calculation	"The greatest common divisor of 18 and 24 is 6, and the least common multiple is 72.  
The greatest common divisor of 8 and 17 is 1, and the least common multiple is 136.  
The greatest common divisor of 9 and 72 is 9, and the least common multiple is 72.  
The greatest common divisor of 16 and 20 is 4, and the least common multiple is 80."	Common factor and greatest common factor###Characteristics of Coprime Numbers###Common multiples and least common multiple	nan	others	primary	medium
1870	"The correct statement among the following is (   ).

A. An infinite decimal is always greater than a finite decimal.
B. The area of a parallelogram is always greater than the area of a triangle.
C. An equation containing unknowns is an equation.
D. Solving an equation is finding the solution of the equation."	calculation	C	Understanding Equations and Equivalent Relationships###Understanding Equations and Formulating Simple Equations	"Solution:  
A: An infinite decimal is not necessarily greater than a finite decimal; for example, 0.5 is greater than 0.4999...  
B: The area of a parallelogram is not necessarily greater than that of a triangle; the area depends on the lengths of the base and height.  
C: Definition of an equation: an equation that contains unknowns.  
D: Solving an equation refers to the process of finding the solution to the equation, and the solution to an equation refers to the value of the unknowns that satisfy the equation.  
Therefore, the answer is: C.  
Analysis: Testing the definition of an equation, which means an equation that contains unknowns."	2025	primary	medium
3058	"Estimate.  
815 ÷ 41 ≈  
636 ÷ 79 ≈  
51 × 89 ≈  
68 × 32 ≈"	calculation	"815÷41≈20  
636÷79≈8  
51×89≈4500  
68×32≈2100"	Estimating with a two-digit divisor###Estimating two-digit by two-digit multiplication	"[Analysis] 815 ÷ 41, consider 815 as 800 and 41 as 40, their approximate quotient is 20;  
636 ÷ 79, consider 636 as 640 and 79 as 80, their approximate quotient is 8;  
51 × 89, consider 51 as 50 and 89 as 90, their approximate product is 4500;  
68 × 32, consider 68 as 70 and 32 as 30, their approximate product is 2100."	2020	primary	medium
2091	"Solve the following equations.
(1) 7x + 26.8 = 72.3
(2) 4(x - 3.2) = 22.4"	calculation	"(1) 7x + 26.8 = 72.3  
Solution: 7x + 26.8 - 26.8 = 72.3 - 26.8  
7x = 45.5  
x = 45.5 ÷ 7  
x = 6.5  

(2) 4(x - 3.2) = 22.4  
Solution: 4(x - 3.2) ÷ 4 = 22.4 ÷ 4  
x - 3.2 = 5.6  
x - 3.2 + 3.2 = 5.6 + 3.2  
x = 8.8"	Use the properties of equations to solve equations comprehensively.###Solve the equation with parentheses	[Analysis] (1) According to the properties of equations, first subtract 26.8 from both sides, and then divide both sides by 7 to solve; (2) According to the properties of equations, first divide both sides by 4 to remove the parentheses, and then add 3.2 to both sides to solve.	2019	primary	medium
2179	"Which of the following four numbers is equal to the sum of 100 consecutive natural numbers (       )?
A. 1627384950 B. 2345678910 C. 3579111300 D. 4692581470"	calculation	A	Arithmetic sequence	"Solution: Let the sum of 100 consecutive natural numbers start from \( a+1 \), then the sum is 

\[ 100a + (1 + 2 + 3 + \cdots + 100) \]
\[ = 100a + \frac{100 \times 101}{2} \]
\[ = 100a + 5050 \]

Therefore, the last two digits of this sum of 100 consecutive natural numbers should be 50. Only the number 1627384950 has 50 as the last two digits; thus, the answer is A.

Analysis: Let these 100 natural numbers start from \( a+1 \), then the sum of these 100 consecutive natural numbers is 

\[ 100a + (1+2+3+\ldots+99+100) = 100a + \frac{100 \times 101}{2} \] 

Use this to solve the problem."	2023	primary	medium
2247	"Select 6 different numbers from 1 to 9 to fill in the equation: \(\square \div \square \times (\square + \square) \times (\square - \square)\), so that the result is the largest. What is the result ( )?

A. 190 B. 728 C. 702 D. 890"	calculation	B	Integral maximization problem	"[Solution] Solution: We can set this expression as: a ÷ b × (c + d) × (e - f). This expression can be broken down into three factors: a ÷ b, c + d, e - f. To maximize the values of these three factors, based on the meaning of division and subtraction, we know b = 1, f = 2. Thus, a, c, d, e should be as large as possible, which can be 9, 8, 7, 6. To maximize the result, this expression would be: 8 ÷ 1 × (7 + 6) × (9 - 2) = 8 × 13 × 7 = 728. Therefore, the answer is: 728.

[Analysis] We can set this expression as: a ÷ b × (c + d) × (e - f). Based on the meaning of multiplication, to make the"	2019	primary	medium
2248	"A rope is folded in half, then folded in half again, and folded in half once more. The current length is (    ) of the original length of the rope.
A. \(\frac{1}{4}\) B. \(\frac{1}{8}\) C. \(\frac{1}{16}\)"	calculation	B	Average Score and Application	"Answer: 1 ÷ 8 = \(\frac{1}{8}\).\\
Hence the answer is: B.\\
Analysis: A piece of rope is folded in half and evenly divided into 2 parts, then folded again, divided into 4 parts, and folded once more to divide into 8 parts. So the current length is \(\frac{1}{8}\) of the original rope length."	2019	primary	medium
2317	"Kiki has a habit of exercising every day. On the first day, he jumped rope 30 times, and then he jumps 5 more each day than the previous day. On which day is Kiki expected to jump 55 times?
A. 5 B. 6 C. 7"	calculation	B	Other interval issues	"Solution: 55 - 30 = 25 (units)  
25 ÷ 5 + 1  
= 5 + 1  
= 6 (days)  
Therefore, the answer is: B.  
Analysis: First, find the difference between 55 and 30, then divide by 5 to determine how many sets of 5 fit between 30 and 55. The number of 5s indicates the number of days needed, plus one more day, which gives the day on which Qiqi will jump 55 units."	others	primary	medium
3517	"There are 7 numbers with an average of 18. After removing one number, the average of the remaining 6 numbers is 19. After removing another number, the average of the remaining 5 numbers is 21. The product of the two removed numbers is (       ).
A. 78 B. 96 C. 108 D. 168"	calculation	C	Average problem	"Solution: The first number removed is: 7×18 - 6×19 = 12  
The second number removed is: 6×19 - 5×21 = 9  
These two numbers are 12 and 9, and their product is: 12×9 = 108  
Therefore, the answer is: C.  
Analysis: To solve this problem, we first need to understand the definition of the average: the average is the total sum of all numbers divided by the count of numbers. Next, using this definition, we'll compute the change in the total sum after removing a number in each step to identify the two numbers removed. Finally, we'll find the product of these two numbers."	others	primary	medium
2779	"Given \(a \neq 0\), and \(a \times \frac{5}{3} = \frac{9}{10} \times b = c \div \frac{1}{3}\), the correct order is:  
A. \(a < b < c\)"	calculation	C	Properties of equations	"Solution: a×\(\frac{5}{3}\) = \(\frac{9}{10}\)×b = c÷\(\frac{1}{3}\) = 1\\
Then a×\(\frac{5}{3}\) = 1, a = \(\frac{3}{5}\)\\
\(\frac{9}{10}\)×b = 1, b = \(\frac{10}{9}\)\\
c÷\(\frac{1}{3}\) = 1, c = \(\frac{1}{3}\)\\
So c < a < b.\\
Therefore, the answer is: C.\\
Analysis: To solve a×\(\frac{5}{3}\) = \(\frac{9}{10}\)×b = c÷\(\frac{1}{3}\), assume the equation equals 1, find the values of a, b,"	others	primary	medium
2987	"The liquefaction temperatures of several gases (at standard atmospheric pressure) are shown in the table: The gas with the lowest liquefaction temperature is (     ).

Gas | Oxygen | Hydrogen | Nitrogen | Helium  
---|---|---|---|---
Liquefaction Temperature °C | -183 | -253 | -195.8 | -268  

A. Helium  
B. Nitrogen  
C. Hydrogen  
D. Oxygen"	calculation	A	Comparison of the size of positive and negative numbers	Answer: Since -268 < -253 < -195.8 < -183, hydrogen is the gas with the lowest liquefaction temperature. Therefore, choose A. Analysis: Understand the concept of negative numbers, compare -183, -253, -195.8, -268 by comparing the magnitude of negative numbers, and then the answer can be obtained.	others	primary	medium
2993	"Number A is the largest nine-digit number, and number B is the ten-digit number closest to one billion. The correct statement is (     )
A. Number A is smaller than number B by 1
B. Number A is larger than number B by 1
C. Number A is smaller than number B by 2
D. Number A is larger than number B by 2"	calculation	C	Understanding Natural Numbers	Solution: The largest nine-digit number is 999,999,999, so number A is 999,999,999; the ten-digit number closest to one billion is 1,000,000,001, so number B is 1,000,000,001; number A is 2 less than number B. Therefore, the answer is C. Analysis: The largest nine-digit number is 1 less than one billion, and the ten-digit number closest to one billion is 1 more than one billion, so the difference between the two is 2.	others	primary	medium
3220	"After reducing \(\frac{18}{42}\) to its simplest form, its fractional unit is (   )
A. \(\frac{1}{42}\) B. \(\frac{1}{7}\) C. \(\frac{1}{21}\) D. \(\frac{1}{14}\)"	calculation	B	Understanding and Judging Fraction Units###The Fundamental Properties of Fractions###Characteristics of Simplest Fractions	nan	others	primary	medium
3374	"Among the following relationships, the one that is an inverse proportional relationship is (     ).  
A. The base and area of a triangle when its height remains unchanged.  
B. The base and height of a parallelogram when its area is constant.  
C. The radius and pi of a circle when its area is fixed.  
D. The height and weight of students when their age is certain."	calculation	B	Quantities in inverse proportion and their significance.	"Solution: A. Area ÷ base = 2 × height (constant), so a triangle’s base and area are in direct proportion; B. Base × height = parallelogram’s area (constant), so its base and height are in inverse proportion; C. With the circle’s area fixed, its radius is fixed, and since π is constant, its radius and π are not proportional; D. Height and weight are not two related quantities, hence not proportional. Therefore, the answer is: B.

Analysis: For two related quantities, if one changes and the other also changes, and if the ratio (quotient k) of the two corresponding numbers is constant, these quantities are called directly proportional, expressed as y/x = k (k is constant); if the product of the two corresponding numbers is constant, these quantities are called inversely proportional, expressed as yx = k (k is constant, k ≠ 0)."	2024	primary	medium
3583	"Directly write the results.
\(\frac{3}{8}\) × 3 = \(\frac{9}{8}\)
\(\frac{5}{12}\) × 24 = 10
\(\frac{1}{4}\) × \(\frac{1}{2}\) = \(\frac{1}{8}\)
\(\frac{1}{12}\) ÷ \(\frac{3}{4}\) × \(\frac{1}{12}\) ÷ \(\frac{3}{4}\) = \(\frac{1}{81}\)
\(\frac{5}{12}\) ÷ \(\frac{5}{6}\) = \(\frac{1}{2}\)
\(\frac{4}{5}\) × 0.375 = 0.3
\(\frac{5}{14}\) × \(\frac{7}{5}\) = \(\frac{1}{"	calculation	\(\frac{9}{8}\); 10; \(\frac{1}{8}\); \(\frac{1}{81}\); \(\frac{1}{2}\); \(\frac{3}{10}\); \(\frac{1}{2}\); \(\frac{7}{125}\)	Multiplying Fractions by Fractions###Multiplying fractions and decimals###Division of fractions by fractions###Mixed operations of fraction multiplication and division	"【Solution】 Based on the calculation rules, the answers are as follows:  
\(\frac{3}{8}\) ×3＝\(\frac{9}{8}\); \(\frac{5}{12}\) ×24＝10; \(\frac{1}{4}\) × \(\frac{1}{2}\) ＝\(\frac{1}{8}\); \(\frac{1}{12}\) ÷ \(\frac{3}{4}\) × \(\frac{1}{12}\) ÷ \(\frac{3}{4}\) ＝\(\frac{1}{81}\);  
\(\frac{5}{12}\) ÷ \(\frac{5}{6}\) ＝\(\frac{1}{2}\); \(\frac{4}{5}\) ×0.375＝\(\frac{3}{10}\); \(\frac{5}{14}\) × \(\"	others	primary	medium
5672	\(\frac{1}{1} + \frac{1}{1 + 2} + \frac{1}{1 + 2 + 3} + \cdots + \frac{1}{1 + 2 + \cdots + 100}\)	calculation	"Solution:  
\(\frac{1}{1} + \frac{1}{1 + 2} + \frac{1}{1 + 2 + 3} + \cdots\cdots + \frac{1}{1 + 2 + \cdots + 100}\)  
\(= \frac{2}{1 \times 2} + \frac{2}{2 \times 3} + \frac{2}{3 \times 4} + \cdots\cdots + \frac{2}{100 \times 101}\)  
\(= 2 \times (1 - \frac{1}{101})\)  
\(= \frac{200}{101}\)  
\(= 1\frac{99}{101}\)"	Clever Calculation of Fraction Sums	"[Analysis] This problem is a typical ""difference of fractions splitting type hidden behind the arithmetic series summation formula"" issue. Starting from the first term, applying the arithmetic series summation formula to the denominator gives \(\frac{1}{1} = \frac{1}{\frac{(1 + 1) \times 1}{2}} = \frac{2}{1 \times 2}\), \(\frac{1}{1 + 2} = \frac{1}{\frac{(1 + 2) \times 2}{2}} = \frac{2}{2 \times 3}\), and so on."	2022	primary	hard
6424	A section of the road and railway in Sichuan runs parallel, with two people, A and B, moving in the same direction on the road. A is walking at 5 kilometers per hour, and B is cycling at 15 kilometers per hour. A train comes from behind, taking 36 seconds to overtake A and 45 seconds to overtake B. The total length of the train is \ul{　 　} meters.	calculation	500	Train crossing bridge (tunnel) problem	"[Answer] Solution: 5 kilometers = 5000 meters, 15 kilometers = 15000 meters, 1 hour = 3600 seconds  
15000 ÷ 3600 = \(\frac{25}{6}\) (meters/second)  
5000 ÷ 3600 = \(\frac{25}{18}\) (meters/second)  
(\(\frac{25}{6}\) - \(\frac{25}{18}\)) × 36  
= 100 (meters)  
100 ÷ (45 - 36)  
= 100 ÷ 9  
= \(\frac{100}{9}\) (meters/second)  
\(\frac{100}{9}\) + \(\frac{25}{6}\) = \(\frac{275}{18}\) (meters/second)  
(\(\frac{275}{18}\) - \(\frac{25}{18}\)) × 36"	others	primary	hard
5525	At 3 PM, the hour hand and the minute hand form a 90° angle. Then, it will take another __ minutes for them to form a 90° angle again.	calculation	32 and 8/11	The problem of meeting on a clock face	"Solution: Since the minute hand makes a full circle, 360°, in one hour, it moves 360÷60=6° per minute. 

The hour hand makes a full circle in 12 hours, so it moves 360÷12=30° per hour, which equals 30÷60=0.5° per minute. 

Let x represent the minutes after which the hour and minute hands form a 90° angle again. Thus: 

6x = 90 + 0.5x + 90

6x - 0.5x = 180

5.5x = 180

x = 180 ÷ 5.5

x = \(32\frac{8}{11}\)

Therefore, the answer is: \(32\frac{8}{11}\). 

Analysis: By determining the degrees rotated by the hour and minute hands per minute, calculate the time after which they form a 90° angle again. The"	2023	primary	hard
5795	A boat travels between ports A and B, going with the current from A to B and against the current from B to A. The boat's speed in still water is known to be 8 kilometers per hour, and the usual time taken going against the current versus with the current is in the ratio of 2:1. On a certain day, due to heavy rain, the current speed doubles, and the total round trip takes 9 hours. The distance between ports A and B is \ul{   } kilometers.	calculation	20	Basics of Sailing on Flowing Water	"Solution: Let the original water speed be x km/h, and the distance between ports A and B be y km.  

\((8-x):(8+x) = 1:2\)  
\(8+x = 16-2x\)  
\(3x = 8\)  
\(x = \frac{8}{3}\)  

\(\frac{y}{8 + 2 \times \frac{8}{3}} + \frac{y}{8 - 2 \times \frac{8}{3}} = 9\)  
\(\frac{y}{\frac{40}{3}} + \frac{y}{\frac{8}{3}} = 9\)  
\(\frac{3}{40}y + \frac{3}{8}y = 9\)  
\(\frac{9}{20}y = 9\)  
y = 20  

Therefore, the answer is:"	2023	primary	hard
5867	Find the minimum value of \(|\frac{1}{2}x - 1| + |\frac{1}{3}x - 2| + |\frac{1}{4}x - 3|\).	calculation	"Solution: Identify the zero points for each absolute value term.  
For the first absolute value term \(\left| \frac{1}{2}x - 1 \right|\), the zero point is \(\frac{1}{2}x - 1 = 0\), solving gives \(x = 2\).  
For the second absolute value term \(\left| \frac{1}{3}x - 2 \right|\), the zero point is \(\frac{1}{3}x - 2 = 0\), solving gives \(x = 6\).  
For the third absolute value term \(\left| \frac{1}{4}x - 3 \right|\), the zero point is \(\frac{1}{4}x - 3 = 0\), solving gives \(x = 12\).  
The zero points are \(x = 2, x = 6, x = 12"	Maximum and minimum###Geometry and Functions	[Analysis] The function in the problem consists of three absolute value terms. The minimum value is typically obtained at the midpoint of the zero points. It is necessary to find the zero point of each absolute value term, then determine which zero point is in the middle to solve for the minimum value of the function.	2023	primary	hard
6223	Write numbers in order.	calculation	10; 9; 8; 7; 5; 3	Ordering of numbers within 10	"[Solution] Because 6 - 4 = 2, so 6 - 1 = 5, 4 - 1 = 3, 6 + 1 = 7, 7 + 1 = 8, 8 + 1 = 9, 9 + 1 = 10,

10 & 9 & 8 & 7 & 
6 & 5 & 
4 & 
3 

Therefore, the answer is: 10; 9; 8; 7; 5; 3.

[Analysis] By observing the sequence, we can identify the pattern: the previous number minus 1 equals the next adjacent number. Using this pattern, we solve the sequence."	2020	primary	hard
6430	Using an abacus, moving 7 beads against the beam represents an integer in the tens of thousands, with the largest being \ul{　 　} and the smallest being \ul{　 　}.	calculation	96,000,000; 10,190,000	Understanding and Use of the Abacus	"Solution: On an abacus, setting 7 beads close to the beam represents an eight-digit number in tens of thousands. When the number is at its maximum, the ten-million digit is 9, using up 5 beads (1 upper bead and 4 lower beads), leaving 2 beads at the million digit (1 upper bead and 1 lower bead), making the number 96,000,000. When the number is at its minimum, the ten-million digit is 1, leaving 6 beads to set 9 on the ten-thousand digit, using up 5 beads, leaving 1 bead at the hundred-thousand digit with a minimum of 1, making the number 10,190,000.

Therefore, the answers are: 96,000,000; 10,190,000.

Analysis: On an abacus, one upper bead represents 5, and one lower bead represents 1. The largest number aims to maximize the highest digit,"	2024	primary	hard
6892	Compare the values of \(\frac{1995}{1998}\) and \(\frac{1946}{1949}\).	calculation	"Solution: \(\frac{1995}{1998}\) = 1 - \(\frac{3}{1998}\)\\
\strut \\
\(\frac{1946}{1949}\) = 1 - \(\frac{3}{1949}\)\\
\(\frac{3}{1998}\) < \(\frac{3}{1949}\)\\
\(\frac{1995}{1998}\) > \(\frac{1946}{1949}\)"	Comparison of fraction sizes	[Analysis] Observing the two fractions, it can be noted that in both fractions the denominator is 3 greater than the numerator, so they can both be expressed as 1 minus a fraction where the numerator is 3; for fractions with the same numerator, the larger the denominator, the smaller the fraction; the larger the number subtracted from a number, the smaller the difference.	2022	primary	hard
6967	"To implement the development concept of ""clear waters and green mountains are as valuable as mountains of gold and silver,"" City A, B, and C construction teams completed an irrigation canal project in two phases. In the first phase, the ratio of work completed by teams A, B, and C was 4:3:5. In the second phase, team C completed \(\frac{9}{16}\) of the remaining workload, making the total work completed by team C across both phases account for \(\frac{19}{40}\) of the total workload. If the total work completed by team A in both phases is \(\frac{3}{4}\) of the total work completed by team B in both phases, then the ratio of the work completed by team B in the second phase to the total workload is \ul{　 　}."	calculation	3:20	Comprehensive Cooperation Issues	"Solution: Assume the total workload of the first stage is ""1"". Since the ratio of work completed by teams A, B, and C is 4:3:5, we have 4+3+5=12. Therefore, team A completed \(\frac{4}{12}\), team B \(\frac{3}{12}\), and team C \(\frac{5}{12}\).

Let the remaining workload in the second stage be x, then the work completed by team C is \(\frac{9}{16}x\). The sum of work completed by team C in both stages is \(\frac{19}{40}\)(x+1). Thus,

\(\frac{5}{12}\) + \(\frac{9}{16}\)x = \(\frac{19}{40}\)(x+1)

\(\frac{5}{12}\) + \(\frac{9}{16}\)x = \(\frac{"	2022	primary	hard
8356	Using 10 strips of paper of the same length to connect into a strip that is 31 cm long, if each joint overlaps by 1 cm, then each strip of paper is \ul{   } cm long.	calculation	4	Overlap issue	"Solution: (31+9) ÷ 10 = 4 (cm)  
Therefore, the answer is: 4.  
Analysis: When 10 strips of paper are connected, there are 9 joints, with each joint overlapping by 1 cm. The total overlap is 9 cm. Adding the length of the paper strips and 9 cm, then dividing by 10 gives the length of each strip of paper."	2022	primary	hard
