index	question	category	answer	knowledge	analysis	year	grade_level	difficulty_level
1923	"Calculate in the simplest way possible.  
(1) \(\frac{7}{24}\) ÷ \(\frac{7}{8}\) - \(\frac{1}{5}\) = ( )  
(2) 36% ÷ \(\frac{9}{10}\) - 0.36 × \(\frac{8}{9}\) = ( )  
(3) (\(\frac{1}{3}\) + \(\frac{11}{12}\) - \(\frac{5}{8}\)) ÷ \(\frac{1}{24}\) = ( )"	fill_in_the_blank	\(\frac{2}{15}\); 0.08; 48	Calculation involving percentages###Rules of Fraction Multiplication	[Analysis] (1) First perform division, then subtraction; (2) First convert the percentage to a decimal, change division to multiplication to get 0.36×\(\frac{10}{9}\)-0.36×\(\frac{8}{9}\), and according to the associative law of multiplication, obtain 0.36×(\(\frac{10}{9}\)-\(\frac{8}{9}\)), simplifying the calculation; (3) Change division to multiplication to get (\(\frac{1}{3}\)+\(\frac{11}{12}\)-\(\frac{5}{8}\))×24, and then use the distributive law of multiplication to get \(\frac{1}{3}\)×24+\(\frac{11}{12}\)×24-\(\frac{5}{8}\)×24, simplifying the calculation.	2019	primary	medium
2826	Ratio knowledge. As shown in the figure, there is a rectangular piece of land with a perimeter of 500 m, with a length to width ratio of 16:9. (1) The area of this piece of land is \ul{　 　} m\textsuperscript{2}. (2) Divide this rectangular piece of land into four parts as shown in the figure, and the area ratio of the shaded part to the blank part is \ul{　 　}.	fill_in_the_blank	"(1) 14400  
(2) 1:7"	Application of Fraction Multiplication###The area of a rectangle###Problem by distribution of score	"Solution: 

(1) Length: \(500 \div 2 \times \frac{16}{16 + 9} = 160\) (m)  
Width: \(500 \div 2 \times \frac{9}{16 + 9} = 90\) (m)  
Area: \(160 \times 90 = 14400\) (m²)  

(2) Observing the diagram, it's clear that the area ratio between the shaded and unshaded parts is 1:7.  

Therefore, the answer is: 14400; 1:7.  

Analysis:  
(1) Given the perimeter is 500, we know that the sum of length and width is \(500 \div 2\). Knowing the ratio of length to width, we can calculate the dimensions of the rectangle and then determine its area.  

(2) The shaded part occupies \(\frac{1}{2} \times \"	2025	primary	medium
1043	There are 400 boxes of milk to be transported to the supermarket. If a truck can carry 70 boxes at a time, it will take \underline{   } trips to transport all the milk, with the last trip carrying \underline{   } boxes of milk.	fill_in_the_blank	6;50	Long division where the divisor is a two-digit number.###Division with remainder within ten thousand.	"Solution: 400 ÷ 70 = 6 (times) ... 50 (boxes)  
6 + 1 = 7 (times)  
Therefore, the answer is: 7; 50.  
Analysis: Divide the number of milk boxes that need to be transported by the number of boxes one truck can transport in a single trip. If there is a remainder, then the quotient plus 1 is the number of trips needed, and the remainder is the number of boxes transported in the last trip. If there is no remainder, the quotient is the number of trips needed, and the last trip will transport the maximum number of boxes the truck can carry in one trip."	others	primary	medium
2975	"Write the answers directly.  
46 - 14 = ( )  
49 + 37 = ( )  
19 + 21 = ( )  
17 + 50 = ( )  
31 - 30 = ( )  
36 - 7 = ( )  
50 + 50 = ( )  
26 + 62 = ( )  
18 + 20 = ( )  
74 - 8 = ( )  
64 + 6 = ( )  
40 + 36 = ( )"	fill_in_the_blank	32; 86; 40; 67; 1; 29; 100; 88; 38; 66; 70; 76	Addition with carrying within 100.###Subtraction with Regrouping within 100	[Analysis] When performing pencil-and-paper addition and subtraction of two-digit numbers, it is important to align the same place values, starting calculations from the units place. If the sum of the units place reaches ten, carry over 1 to the tens place. If the units place is insufficient for subtraction, borrow 1 from the tens place as 10.	others	primary	medium
2909	If the height of a parallelogram is increased to 6 times its original while the base remains unchanged, the area will increase to \underline{ 6 } times the original.	fill_in_the_blank	6	Area of a parallelogram###The rule of change in the product	"[Answer] Solution: 6×1=6, the area increases by 6 times. 
Therefore, the answer is: 6.
[Analysis] Area of a parallelogram = base × height. According to the rule of product change, if one factor remains unchanged and the other factor increases by several times, the product increases by the same number of times (excluding 0). Therefore, if the base of the parallelogram remains the same and the height increases to 6 times the original, the area will increase to 6 times the original."	2024	primary	medium
2441	"Zhengzhou, abbreviated as ""Zheng,"" historically known as ""the center of heaven and earth,"" and formerly referred to as Shangdu, is one of the important birthplaces of Chinese civilization. It is the political, economic, scientific, educational, and cultural center of Henan Province. As of 2023, the resident population of Zhengzhou is approximately 13 million. The maximum number is ( ) and the minimum number is ( )."	fill_in_the_blank	13004999; 12995000	Reading, writing, and composing numbers within a hundred million	"[Solution] Answer: The maximum number is 13,004,999, and the minimum number is 12,995,000.  
Therefore, the answer is: 13,004,999; 12,995,000.  
[Analysis] A number rounded to the nearest ten thousand is approximately 13 million. The maximum number would be achieved by replacing the thousands digit to make it round to 13 million, with the largest digit being 4. For the hundreds, tens, and units digits, we choose the largest possible digit, which is 9, so the maximum number is 13,004,999. The minimum number is obtained by rounding up the thousands digit, where the smallest increment is 5. For the hundreds, tens, and units digits, we choose the smallest natural number, which is 0, so the minimum number is 12,995,000."	others	primary	medium
357	There is a four-digit integer. By placing a decimal point in front of one of its digits and adding it to the original four-digit number, the result is 2000.81. Therefore, the four-digit number is \ul{　 　}.	fill_in_the_blank	1981	Digits and units of integers	"Solution: Let the four-digit integer be ABCD.  
Since ABCD + AB.CD = 2000.81, it follows that CD = 81.  
AB81 + AB.81 = 2000.81, and ABAB = 1919, so AB = 19.  
Answer: The four-digit number is 1981.  
Thus, the answer is: 1981  
Analysis: Let the four-digit integer be ABCD. According to the problem's description, when a decimal point is placed in front of a certain digit and added to the four-digit number, the result is 2000.81. Hence, ABCD + AB.CD = 2000.81, meaning CD = 81. Thus, AB81 + AB.81 = 2000.81, with ABAB = 1919, so AB = 19, leading to the solution."	2019	primary	medium
2822	Both multipliers are 5, the product is \ul{     }; the sum of four 8s is \ul{     }.	fill_in_the_blank	25; 32	Multiplication Table of 5 and Its Applications###Multiplication Table of 8 and Its Applications	Solution: Both factors are 5, so the product is 5×5=25; the sum of four 8s is 8×4=32. Therefore, the answers are: 25; 32. Analysis: Factor × Factor = Product. Multiplication is a convenient operation to find the sum of several identical addends, and a multiplication expression can be set up for each calculation accordingly.	2024	primary	medium
1913	The minuend is 15, the subtrahend is 5, the difference is \ul{　 　}. Both addends are 7, the sum is \ul{　 　}.	fill_in_the_blank	10; 14	Subtraction within 20 without regrouping###Addition with carrying for 8, 7, and 6.###The meaning of addition and subtraction and the relationship between them.	nan	2023	primary	medium
5512	Xiaoming's running speed is \(\frac{5}{8}\) of Xiaolin's. They start running towards each other from opposite ends of a track at the same time and meet at a point 50 meters from the midpoint of the track. At the time of the meeting, Xiaoming has run ( ) meters.	fill_in_the_blank	\(\frac{500}{3}\)	Encounter problem###The application of ratios	"Solution: Assume Kobayashi's speed is 8, then Xiaoming's speed is 5. When they meet, the ratio of the distance Xiaoming runs to the distance Kobayashi runs is 5:8.  
Xiaoming's running distance:  
50 × 2 ÷ (8 - 5) × 5  
= 100 ÷ 3 × 5  
= \(\frac{500}{3}\) (meters)  
Therefore, the answer is \(\frac{500}{3}\).

Analysis: When they meet, the ratio of the distances run by Xiaoming and Kobayashi is 5:8. When they meet, Xiaoming runs 2 segments of 50 meters less than Kobayashi. Thus, divide the shorter distance by the fewer segments to find the length of each segment, and multiply the length of each segment by the number of segments Xiaoming runs to find the distance Xiaoming runs."	2022	primary	hard
740	The mother rabbit prepared more than 25 carrots and fewer than 30, and was able to evenly distribute them among 4 baby rabbits. The mother rabbit prepared \ul{ } carrots.	fill_in_the_blank	28	Multiplication Table and Applications for 4	"Solution: 4×7=28 (carrots).  
Therefore, the answer is: 28.  
Analysis: According to the multiplication table ""four sevens are twenty-eight,"" we know that the mother rabbit prepared 4×7=28 carrots."	others	primary	medium
3051	"Let's see who can calculate quickly and accurately.  
(1) 3 + 8 = ( ), 6 + 10 = ( ), 15 - 3 = ( ), 15 - 5 + 7 = ( )  
(2) 9 - 7 = ( ), 10 - 7 = ( ), 7 + 7 = ( ), 4 + 6 - 3 = ( )  
(3) 5 - 5 = ( ), 9 + 2 = ( ), 15 + 4 = ( ), 18 - 2 - 4 = ( )"	fill_in_the_blank	11, 16, 12, 17; 2, 3, 14, 7; 0, 11, 19, 12	Mixed addition and subtraction operations within 20###Addition with carrying: 5, 4, 3, 2 plus a number.	"[Analysis] Use the ""making ten method"" to calculate carrying addition for numbers 9, 8, 7, 6, 5. For non-borrowing subtraction within 20, first subtract the ones place and then add 10. For consecutive addition, consecutive subtraction, and mixed addition and subtraction operations, calculate in left-to-right order."	2023	primary	medium
208	A certain number is a multiple of 3, has four digits, the digit in the thousands place is twice that in the tens place, and the digit in the hundreds place is 0. There are ( ) such numbers.	fill_in_the_blank	16	Digital problem###The characteristics and methods of finding multiples###Characteristics of multiples of 3	"[Solution] Let the tens digit be \(a\), then the thousands digit is \(2a\).  
When \(a=1\), the thousands digit is 2, the hundreds digit is 0. Since the number is a multiple of 3, possible numbers are: 2010, 2013, 2016, 2019.  
When \(a=2\), the thousands digit is 4, the hundreds digit is 0. Since the number is a multiple of 3, possible numbers are: 4020, 4023, 4026, 4029.  
When \(a=3\), the thousands digit is 6, the hundreds digit is 0. Since the number is a multiple of 3, possible numbers are: 6030, 6033, 6036, 6039.  
When \(a=4\), the thousands digit is 8, the hundreds digit is 0."	2024	primary	medium
1051	On the table, there are three kinds of fruits: bananas, apples, and peaches. Pengpeng, Yueyue, and Tiantian each took one fruit. Yueyue doesn't like apples, and Tiantian ate neither apples nor peaches. By reasoning, we can determine: Pengpeng took ( ), Yueyue took ( ), and Tiantian took ( ).	fill_in_the_blank	Apple; Peach; Banana	Logical reasoning	nan	2024	primary	medium
3355	In an isosceles triangle, the ratio of the angle at the vertex to one of the base angles is 1:2, with the vertex angle being ( )°.	fill_in_the_blank	36	Understanding and Characteristics of Isosceles Triangles###The sum of the interior angles of a triangle###The application of ratios	"Solution: \(180° \times \frac{1}{1 + 2 + 2} = 36°\)

Therefore, the answer is: 36°.

Analysis: According to the problem statement, the sum of the interior angles of a triangle is 180°. The degree of the apex angle accounts for \(\frac{1}{1 + 2 + 2}\) of the sum. Multiply 180° by \(\frac{1}{1 + 2 + 2}\) to find the angle."	2024	primary	medium
203	Class 3(1) has 45 students. They all like animals from cartoons, 38 like Pleasant Goat, 36 like Pretty Goat, and \_\_\_\_ like both Pleasant Goat and Pretty Goat.	fill_in_the_blank	29	Principle of Inclusion-Exclusion###Two-set inclusion-exclusion (overlap) problem	Solution: 38 + 36 - 45 = 74 - 45 = 29 (people) Hence, the answer is: 29 Analysis: Add 38 and 36 to find the total number of people who like Pleasant Goat and Beautiful Goat, then subtract 45 to find how many people like both Pleasant Goat and Beautiful Goat.	2024	primary	medium
1846	Among the four numbers \(0.\overset{\bullet}{9}\overset{\bullet}{0}\), \(0.91\overset{\bullet}{9}\), \(0.\overset{\bullet}{9}\overset{\bullet}{1}\), and \(0.\overset{\bullet}{9}\overset{}{1}\overset{\bullet}{9}\), the largest number is ( ) and the smallest number is ( ).	fill_in_the_blank	0.919999...; 0.909090...	Comparison of the size of multiple decimal places###Understanding repeating decimals	"Solution: \(0.\overset{\bullet}{9}\overset{\bullet}{0}\) = 0.909090..., \(0.91\overset{\bullet}{9}\) = 0.919999..., \(0.\overset{\bullet}{9}\overset{\bullet}{1}\) = 0.919191..., \(0.\overset{\bullet}{9}\overset{}{1}\overset{\bullet}{9}\) = 0.919919..., so the largest number is \(0.91\overset{\bullet}{9}\) and the smallest number is \(0.\overset{\bullet}{9}\overset{\bullet}{0}\).

Thus, the answer is: \(0.91\overset{\bullet}{9}\); \(0.\overset{\bullet}{9}\overset{\bullet}{0}\).

Analysis: Express repeating decimals using standard notation, then determine the largest and smallest numbers by comparing the decimal"	2023	primary	medium
2750	If October 13 of a certain year is a Wednesday, then December 3 of that year is a ( ).	fill_in_the_blank	Friday	Calculation of year, month, day, and time	Solution: October has 31 days, 31 - 13 = 18 days, November has 30 days, December has 3 days, 18 + 30 + 3 = 51 days, 51 / 7 = 7 weeks with 2 days remaining, counting 2 days from Wednesday is Friday. Therefore, the answer is: Friday. Analysis: First, find the total number of days from October 13 to December 3. Total days / days in a week = weeks... remaining days, then count the remaining days from Wednesday.	others	primary	medium
1990	Kiki placed 10 numbered balls into an opaque bag and randomly picked one out. To make the probability of drawing a number 4 or 5 equal, the probability of drawing a number 9 the highest, and the probability of drawing a number 7 the lowest (but not zero), there are ( ) balls numbered 9.	fill_in_the_blank	5	The magnitude of possibilities###Determining the Probability of a Simple Event	"【Answer】Solution: 10 - 1 - 2 - 2 = 5 (balls).  
Thus, the answer is: 5.

【Analysis】The likelihood of an outcome is related to how many of a certain element exist in the total. The more there are in the total, the higher the probability of drawing that element; the fewer there are, the lower the probability. Since there are 10 numbered balls in total, in order to minimize the probability of drawing the number 7, there must be the fewest number of balls labeled with the number 7, which is 1. The likelihood of drawing the numbers 4 and 5 is stated to be equal, so the quantities of balls labeled with 4 and 5 must be the same, and they must each be more than 1 ball. If there are 2 balls each of 4 and 5, then the number of balls labeled 9 equals 5. If there are"	others	primary	medium
204	"A ÷ 0.9 is greater than A. (Fill in ""certainly"", ""possibly"", or ""impossible"") ( )"	fill_in_the_blank	certainly	Certainty and Uncertainty of Events###The magnitude of possibilities	"Answer: When A≠0, then A÷0.9>A. When A=0, then A÷0.9=0=A, so the result cannot be less than A. Therefore, the answer is: impossible.

Analysis: This question mainly tests students' understanding of the properties of division, especially the relationship between quotient and dividend when the divisor is less than 1. Students need to grasp basic mathematical logic and reasoning skills to understand how the results of mathematical operations change under specific conditions."	others	primary	medium
901	In October, Ming Ming's household's electricity consumption was reduced by 30% compared to September. The ratio of electricity consumption between September and October is \ul{　 　}.	fill_in_the_blank	10:7	Application of Percentages: Increase or Decrease by a Certain Percentage###Simplification and Evaluation of Ratios	"Solution: 

1: (1 - 30%)  
= 1: 70%  
= (1 × 100): (70% × 100)  
= 100: 70  
= (100 ÷ 10): (70 ÷ 10)  
= 10: 7;  

Therefore, the answer is: 10:7.

Analysis: Treat the electricity consumption in September as the unit ""1,"" then the consumption in October is 1 - 30%. Write the ratio of electricity consumption in September to October and simplify."	2024	primary	medium
431	The astronaut easily drank mango juice using a very long straw in the Wentian laboratory module. On the ground, a straw is \(\frac{4}{25}\) meters long. The straw the astronaut used in space is longer than the combined length of 12 such straws by \(\frac{2}{25}\) meters. The straw used by the astronaut in the Wentian laboratory module to drink mango juice is ( ) meters.	fill_in_the_blank	2	Multiplying Fractions by Integers###Application of Fraction Multiplication	"Solution: \(\frac{4}{25}\)×12+\(\frac{2}{25}\)=\(\frac{4 \times 12 + 2}{25}\)=2 (meters)  
Thus, the answer is: 2.

Analysis: The known length of a straw on the ground is multiplied by 12 to find the combined length of 12 such straws; then \(\frac{2}{25}\) is added to obtain the length of the straw in the test cabin."	others	primary	medium
1134	With a piece of iron wire that can form a square with each side measuring 6 centimeters, use this wire to form an isosceles triangle, and ensure that the lengths of the three sides of the triangle are whole centimeters. There are ( ) different isosceles triangles that can be formed.	fill_in_the_blank	5	The perimeter of a square.###Understanding and Characteristics of Isosceles Triangles###The perimeter of a triangle###List method	"[Answer] Solution: The side length of the square formed by the iron wire is 6 cm, so the length of the wire is 6×4=24 cm, which can be tabulated as follows:

\[
\begin{array}{|c|c|c|c|c|c|}
\hline
\text{Leg/cm} & 11 & 10 & 9 & 8 & 7 \\\hline
\text{Base/cm} & 2 & 4 & 6 & 8 & 10 \\\hline
\end{array}
\]

Therefore, 5 different isosceles triangles can be formed.
The answer is: 5\\

[Analysis] The triangles formed have sides that are whole centimeters in length, so the base must be an even number. According to the triangle inequality, the sum of the lengths of any two sides must be greater than the third side, and the difference must"	others	primary	medium
1361	The line segment from a point outside a straight line to the line is shortest at the ( ), and its length is called the ( ) from the point to the line.	fill_in_the_blank	perpendicular; distance	Distance from a point to a line and its application	[Answer] Solution: The perpendicular segment drawn from a point outside a line to the line is the shortest, and its length is called the distance from the point to the line. Therefore, the answer is: perpendicular; distance. [Analysis] This question mainly examines the distance from a point to a line. Among the segments drawn from a point outside a line to the line, the perpendicular segment is the shortest, and its length is called the distance from the point to the line.	others	primary	easy
1993	During the peak lunch delivery period, Delivery Person A has one order that is about to time out, so it is transferred to Delivery Person B, who already has two orders in delivery. After the transfer, Delivery Person A's current number of orders is twice that of Delivery Person B's current number of orders. Delivery Person A originally had ( ) orders.	fill_in_the_blank	7	Sum and difference problem###Double application	"[Solution] Solve: 2+1=3 (orders)\\
3×2=6 (orders)\\
6+1=7 (orders)\\
Therefore, the answer is: 7.\\
[Analysis] First calculate the number of orders received by delivery person B after the order transfer, which is the original number of orders of B + the orders transferred from delivery person A to B; then calculate the current number of orders for delivery person A after the transfer, which is the number of orders received by delivery person B after the transfer × 2. Finally, find out the original number of orders for delivery person A, which is the current number of orders for delivery person A after the transfer + the orders transferred from A to B, and solve based on this."	others	primary	medium
435	"When Xiaohong asked Mr. Wang's age, Mr. Wang said, ""When I was your age, you were only 3; when you reach my age, I will be 45."" Mr. Wang is \_\_\_ years old this year."	fill_in_the_blank	31	Age issue###Formulate equations to solve application problems containing multiple unknowns.	"Solution: Let Xiaohong's age be \(x\) years and Teacher Wang's age be \(y\) years.
\(2x - y = 3\)
\(2y - x = 45\)
Solving the equations gives: \(x = 17\), \(y = 31\)
Therefore, the answer is: 31

Analysis: Let Xiaohong's age be \(x\) years and Teacher Wang's age be \(y\) years. When Teacher Wang and Xiaohong are the same age, Xiaohong is 3 years old. Therefore, Teacher Wang is \(y - x\) years older than Xiaohong, which means at that time Xiaohong is 3 years old, i.e., \(y - x = x - 3\). When Xiaohong reaches Teacher Wang's current age, Teacher Wang is 45 years old. The age difference between Xiaohong and Teacher Wang remains unchanged,"	2023	primary	medium
1044	There are 22 utility poles in a section (including both ends), with a distance of 30 meters between adjacent poles. This year, with the large-scale urban road expansion and renovation to beautify the urban environment, the distance between the original utility poles will be changed to 45 meters. Therefore, a total of ( ) poles do not need to be moved.	fill_in_the_blank	8	Linear tree planting problem	"Solution: Based on the given information, we have

30 × (22 - 1)  
= 30 × 21  
= 630 (meters)  
630 ÷ 45 = 14 (poles)  
22 - 14 = 8 (poles)  

Therefore, the answer is: 8  

Analysis: This is a tree-planting problem with trees at both ends. The number of intervals equals the number of trees minus one. First, multiply the original spacing by (number of trees - 1) to find the total length. Then, divide the total length by the current spacing to find out how many poles there are now. Finally, subtract the number of poles that don't need to be moved from the original number of poles."	2024	primary	medium
511	( ) = \(\frac{3}{5}\) = ( ) ÷ 20 = ( ) % = ( ) discount	fill_in_the_blank	3/5; 12; 60; 60	Conversion between percentages and fractions###Application of Percentages -- Discount###The relationship between ratios and fractions, division	"Solution: 3:5 = \(\frac{3}{5}\); \(\frac{3}{5}\) = \(\frac{3 \times 4}{5 \times 4}\) = \(\frac{12}{20}\) = 12 ÷ 20; 3 ÷ 5 = 0.6; therefore, 3:5 = \(\frac{3}{5}\) = 12 ÷ 20 = 60% = 40% off.

The answer is: 3; 5; 12; 60; 40.

Analysis: The numerator of the fraction corresponds to the antecedent, and the divisor in division; the denominator corresponds to the consequent, and the dividend in division. Based on the relationship between fractions, ratios, and division, combined with the basic properties of fractions, determine the ratio and dividends; convert the fraction to a decimal by dividing the numerator by the denominator, then move the"	2024	primary	medium
2977	"Calculate and verify.  
(1) 900 - 690 = ( )  
(2) 26 + 689 = ( )  
(3) 940 - 652 = ( )"	fill_in_the_blank	210; 715; 288	Carrying addition within ten thousand###Subtraction with Borrowing for Numbers Within Ten Thousand	"Analysis: Rules for integer addition: Align the same digits, start adding from the lowest digit. If the sum of numbers in any place equals ten, carry over to the next higher place.

Rules for integer subtraction: Align the same digits, start subtracting from the lowest digit. If the number in a place is insufficient to subtract, borrow one from the next higher place to make it ten, combine with the current digit, then subtract."	2019	primary	medium
2518	In the sequence of numbers arranged according to a pattern: 2, 5, 9, 14, 20, 27, ..., the 2008th number in this sequence is ( ).	fill_in_the_blank	2019044	Patterns in sequences	"Solution: \(2 + 3 + 4 + 5 + \ldots + (2008 + 1) = \frac{(2 + 2009) \times 2008}{2} = \frac{2011 \times 2008}{2} = 2011 \times 1004 = 2019044;\) therefore, the answer is 2019044.

Analysis: The first number: 2, the second number: 2+3, the third number: 2+3+4, the fourth number: 2+3+4+5.... It can be observed that the nth number is \(2 + 3 + 4 + 5 + \ldots + (n+1)\). Substitute \(n=2008\) into the given expression to calculate and solve."	others	primary	medium
2910	Teacher Su deposited 20,000 yuan in the bank for three years at a fixed interest rate of 3.25% per annum. Upon maturity and withdrawal, Teacher Su will receive interest of \ul{     } yuan, and she will withdraw a total of \ul{     } yuan.	fill_in_the_blank	1950；21950	Percentage Application -- Interest Rate	nan	2025	primary	medium
2297	"Solve for the unknown:

① \(\frac{3}{8}\)x + 25% = \(\frac{3}{4}\)
x = ( )

② \(\frac{1}{2}\)x - \(\frac{1}{3}\)x = \(\frac{2}{3}\)
x = ( )

③ x : 10 = \(\frac{3}{5}\) : \(\frac{1}{3}\)
x = ( )"	fill_in_the_blank	\(\frac{4}{3}\); 4; 6	Mixed operations and applications of fractions###Calculation involving percentages###Use the properties of equations to solve equations comprehensively.###Using the basic properties of proportions to solve proportions.	[Analysis] ① Use the properties of equations, transpose terms, combine, and multiply both sides by \(\frac{8}{3}\) to solve. ② Based on the basic properties of proportions, factor out the common factor, combine and simplify, then multiply by 6 to solve. ③ Simplify and solve using the method of solving proportions.	2016	primary	medium
3582	"Use your preferred method to calculate.  
(1) 125 × 32 × 25 = ( )  
(2) 72 × 99 + 72 = ( )  
(3) 735 - 35 - 65 = ( )  
(4) 145 × (100 - 1) = ( )"	fill_in_the_blank	100000; 7200; 635; 14355	Commutative law of multiplication for integers###Associative law of integer multiplication###The distributive law of multiplication over addition for integers.###Simplified operations of subtraction.	"Analysis:  
(1) Observing the data, we first split 32 into 8×4, then apply the commutative and associative laws of multiplication for simplification;  
(2) Observing the data, it's apparent that this problem applies the distributive law of multiplication for simplification;  
(3) Observing the data, it's apparent that this problem applies the property of subtraction: subtracting two numbers consecutively from a number equals subtracting the sum of these two numbers, thus simplifying;  
(4) Observing the data, it's apparent that this problem applies the distributive law of multiplication for simplification."	others	primary	medium
2914	"See who can calculate accurately and quickly.  
\(\frac{3}{5}\) + \(\frac{2}{5}\) = ( )  
\(\frac{1}{3}\) - \(\frac{1}{4}\) = ( )  
4 - \(\frac{4}{5}\) = ( )  
\(\frac{15}{14}\) + \(\frac{3}{14}\) = ( )  
1 - \(\frac{5}{12}\) = ( )  
0.5 + \(\frac{1}{2}\) = ( )  
1 - \(\frac{5}{12}\) - \(\frac{1}{12}\) = ( )  
\(\frac{11}{18}\) + \(\frac{19}{72}\) = ( )  
\(\frac{3}{4}\) + \(\frac{5}{4}\) = ( )  
\(\frac{1}{3}\) - \(\frac{2}{7}\) + \(\frac{2}{3}\) = ( )  
\(\frac{11}{12}\) - \(\frac{7}{16}\) = ( )  
\(\frac{7}{2}\) + \(\frac{1}{2}\) - \(\frac{7}{2}\) + \(\frac{1}{2}\) = ( )."	fill_in_the_blank	1; \(\frac{1}{12}\); 3 \(\frac{1}{5}\); \(\frac{9}{7}\); \(\frac{7}{12}\); 1; \(\frac{1}{2}\); \(\frac{7}{8}\); 2; \(\frac{5}{7}\); \(\frac{23}{48}\); 1	Addition and subtraction of fractions with different denominators###Mixed Operations of Fraction Addition and Subtraction and Applications	[Analysis] Calculation method for addition and subtraction of fractions with the same denominator: For fractions with the same denominator, only the numerators are added or subtracted, and the denominator remains unchanged. For fractions with different denominators: first find a common denominator, then perform the addition or subtraction according to the rules for fractions with the same denominator. If the result can be simplified, reduce it to the simplest form. Use this methodology to solve the problem.	2019	primary	medium
2161	"Solve the following equations.  
(1) \(x + \frac{3}{7} = \frac{3}{4}\), therefore, \(x = ( )\)  
(2) \(x - \frac{5}{12} = \frac{3}{8}\), therefore, \(x = ( )\)  
(3) \(\frac{5}{9} + x = \frac{3}{5}\), therefore, \(x = ( )\)"	fill_in_the_blank	\(\frac{9}{28}\); \(\frac{19}{24}\); \(\frac{2}{45}\)	Addition and subtraction of fractions with different denominators###Use the properties of equality to solve equations.	[Analysis] According to the basic property of equations 1: If you add or subtract the same number from both sides of an equation, the two sides remain equal, allowing you to solve the equation.	2019	primary	medium
2908	Subtract \(\frac{1}{2}\) of 1997, then subtract \(\frac{1}{3}\) of the remainder, then subtract \(\frac{1}{4}\) of the remainder, and so on until finally subtracting \(\frac{1}{1997}\) of the remainder. The final remaining number is \ul{　 　}.	fill_in_the_blank	1	Clever Calculations of Fractions###The pattern of the equation	"[Answer] Solution: According to the problem, we have:

\(1997 \times (1 - \frac{1}{2}) \times (1 - \frac{1}{3}) \times (1 - \frac{1}{4}) \times \cdots \times (1 - \frac{1}{1997})\)

= \(1997 \times \frac{1}{2} \times \frac{2}{3} \times \frac{3}{4} \times \cdots \times \frac{1996}{1997}\)

= \(1997 \times \frac{1}{1997}\)

= 1

Answer: The final remaining number is 1.

Therefore, the answer is: 1

[Analysis] This problem involves a sequential decrement issue. Each time a portion of the remaining number is subtracted, which can be converted into continuous multiplication operations to solve—that is, each time the remaining number can"	2019	primary	medium
2160	"Can you calculate using a simple method?  
35×4×25×20 = ( )."	fill_in_the_blank	70000	Commutative law of multiplication for integers###Associative law of integer multiplication	"Solution: 35×4×25×20  
= (35×20)×(4×25)  
= 70000  

Analysis: To solve this problem, use the associative and commutative properties of multiplication to first multiply the two numbers whose product is a round ten or a hundred, then multiply their product."	others	primary	medium
200	A fraction, if the denominator is reduced by 1, simplifies to \(\frac{1}{3}\); if the numerator is increased by 4, it simplifies to \(\frac{1}{2}\). This fraction is \ul{　 　}.	fill_in_the_blank	\(\frac{7}{22}\)	The Fundamental Properties of Fractions###Characteristics of Simplest Fractions###Set up an equation to solve the fraction problem.	"Solution: Let the original numerator of the fraction be x, then the original denominator is (3x+1). According to the problem, x+4 = \(\frac{1}{2}\)(3x+1). Solving this gives x=7, 3x+1=22. Therefore, the answer is: \(\frac{7}{22}\).

Analysis: Assume the original numerator of the fraction is x, so the original denominator is (3x+1). By adding 4 to the numerator and simplifying, it results in \(\frac{1}{2}\). Set up and solve the equation."	2024	primary	medium
735	A store sells a certain product. Because the purchase price has decreased by 6.4% compared to the original, the profit margin increased by 10 percentage points. Find the original profit margin percentage for selling this product. The original profit margin was ( )%.	fill_in_the_blank	17	Linear equation in one variable###Application of Percentages -- Profit###Set up equations to solve percent problems.	Answer: Let the original cost price of the product be a yuan, and the original profit margin be x%. Then: \(a(1 + x\%) = a(1 - 6.4\%)(1 + x\% + 10\%)\). Solving yields x=17. Therefore, the answer is: 17. Analysis: Let the original cost price of the product be a yuan, and the original profit margin be x%. Profit margin = Profit ÷ Total income × 100%. The purchase price decreased by 6.4% from the original, resulting in an increase in the profit margin by 10 percentage points. An equation is set up based on this for solving.	2024	primary	medium
1284	Team A and Team B began repairing a 900-meter road simultaneously. It is known that both teams finished in exactly three days. Team A repaired a total of 510 meters, while Team B repaired ( ) meters each day.	fill_in_the_blank	130	Subtraction with Borrowing for Numbers Within Ten Thousand###Three-digit number divided by a one-digit number, resulting in a three-digit quotient division.###Three-digit number divided by a single-digit number, resulting in a quotient that contains 0.###The relationship and application of work efficiency, time, and total workload.	"Solution:  
900 - 510 = 390 (meters)  
390 ÷ 3 = 130 (meters)  
Therefore, the answer is: 130.  

Analysis: First, subtract the total distance completed by Team A from the combined distance completed by both Team A and Team B to find the total distance completed by Team B. Then divide the total distance completed by Team B by the time taken by Team B (3 days) to find the distance completed by Team B per day."	others	primary	medium
3042	The sum of two numbers is 2026. One addend has a unit digit of 0, and if the 0 is removed, it is 1 more than twice the other addend. The two addends are \ul{     } and \ul{     }.	fill_in_the_blank	1930; 96	Multiplication and doubling problem###Set up equations to solve application problems with one unknown.	"Solution: Let the other addend be x, then one addend is (2x + 1) × 10.

x + (2x + 1) × 10 = 2026

21x + 10 = 2026

21x = 2016

x = 96

2026 - 96 = 1930;

Thus, the answer is: 96; 1930.

Analysis: Let the other addend be x, then one addend is (2x + 1) × 10, then set up the equation based on the sum being 2026 to solve."	2024	primary	medium
1984	Players A, B, C, and D compete in badminton, with each pair playing one match. A defeated D, and A, B, and C each won the same number of matches. How many matches did D win? ( )	fill_in_the_blank	0	Sports competition issues	"Explanation: Since each pair of people plays one match, the total number of matches is \(4 \times (4 - 1) \div 2 = 6\).

Assume A, B, and C each win 1 match, then D would win 3 matches. However, this contradicts the condition that A defeated D, so this assumption is invalid.

Assume A, B, and C each win 2 matches, then D would win 0 matches, meaning D loses all. This is consistent with the conditions given, so this assumption is valid.

In conclusion, D won 0 matches.

Thus, the answer is: 0

Analysis: First, based on the problem description, it is known that there are 4 participants, and each pair of people plays one match. Therefore, the total number of matches can be calculated. Then, using the conditions given, namely that A defeated D and A, B, and C won the same number of matches"	others	primary	medium
2752	"Calculate.  
17 - 9 + 2 = ( )  
5 + 4 + 7 = ( )  
8 + 7 - 9 = ( )  
19 - 9 - 6 = ( )  
12 - 9 - 3 = ( )  
9 + 5 + 5 = ( )."	fill_in_the_blank	10; 16; 6; 4; 0; 19	Mixed addition and subtraction operations within 20###Continuous addition and subtraction within 20	[Analysis] In an expression with only addition and subtraction, calculate from left to right in order.	2018	primary	medium
2980	"4005 ÷ (398 - 353) = ( )  
(4972 + 1403) ÷ 15 = ( )"	fill_in_the_blank	89; 425	Long division where the divisor is a two-digit number.###Operations involving the four basic arithmetic operations above 1000	[Analysis] Observe the characteristics of numbers and operators. Both problems contain parentheses, and you must first calculate the operations inside the parentheses before calculating the operations outside.	others	primary	medium
3125	\(1993\frac{1}{2} - 1992\frac{1}{3} + 1991\frac{1}{2} - 1990\frac{1}{3} + \cdots + 1\frac{1}{2} - \frac{1}{3} = ( )\)	fill_in_the_blank	998	Decomposition of fractions	[Analysis] Divide the mixed number into the sum of its integer part and fractional part, add integers to integers and fractions to fractions, first split then group, and then perform a simple arithmetic series summation.	2022	primary	medium
3186	20% = 10 ÷ \_\_\_ = \_\_\_ : 25 = \_\_\_ (fill in decimal) = \_\_\_ (fill in fraction)	fill_in_the_blank	50; 5; 0.2; \(\frac{1}{5}\)	Conversion between percentages and decimals###Conversion between percentages and fractions###The relationship between ratios and fractions, division	"Answer: Because 20% \(= \frac{20}{100} = 20 \div 100\), dividing both the dividend and divisor by 2 gives 10 ÷ 50, dividing both the dividend and divisor by 2 again gives 5 ÷ 25, removing the percent sign from 20% and shifting the decimal two places to the left gives 0.2; simplifying \(\frac{20}{100}\) gives \(\frac{1}{5}\).

Therefore, the answer is: 50; 5; 0.2; \(\frac{1}{5}\).

Analysis: Use the conversion between fractions, decimals, and percentages to fill in the answer."	2024	primary	medium
3430	Calculate: \(1+3+3^2+3^3+\ldots+3^{100} = ( )\).	fill_in_the_blank	\(\frac{3^{101} - 1}{2}\)	Geometric sequence	[Analysis] The formula for the sum of a geometric series is: \( S_n = \frac{a(1-q^n)}{1-q} \) (where \( q \neq 1 \)). Substitute the data to calculate and solve.	others	primary	medium
213	"Connection to the Classroom · Application of Numbers

In recent years, China has continuously expanded its scale in the field of science and technology, and technology has empowered manufacturing.

(1) In recent years, the transaction value of the technology market has increased year by year. As of December 31, 2022, the total amount of national technology market transactions was 4,779.102 billion yuan, rounded off to the nearest tenth is ( ) billion yuan, rounded off to the nearest unit is ( ) billion yuan;

(2) In 2023, the number of international patent applications filed by China continued to rise, reaching 73,812. Rewriting 73,812 using ""ten thousand"" as a unit is ( ) ten thousand, rounded to the nearest hundredth is ( ) ten thousand, rounded to the nearest tenth is ( ) ten thousand."	fill_in_the_blank	4779.1; 4779; 7.3812; 7.38; 7.4	Approximate value of a decimal number###Approximation and rewriting of numbers within a hundred million###Approximation and Rewriting of Numbers Over One Billion	"Solution: (1) Explanation: 47791.02 ≈ 47791.0; 47791.02 ≈ 47791  
So the answer is: 47791.0; 47791  

(2) Explanation: 73812 = 73,812; 73,812 ≈ 73,800; 73,812 ≈ 74,000;  
When finding the approximate decimal, to retain one decimal place, it needs to be rounded to the tenths, check the hundredths place; to retain two decimal places, it needs to be rounded to the hundredths, check the thousandths place.  
So the answer is:  
73,812; 73,800; 74,000; tenths; hundredths place; hundredths; thousandths place  

Analysis: To find the approximate decimal, you can use the ""rounding"" method. To keep an integer, round to the units digit, check the tent"	others	primary	medium
3346	Using the cards numbered 0, 4, 9, and 0 to create a four-digit number, the largest number is ( ), the number closest to 4000 is ( ), and the numbers with no zero being read aloud are ( ).	fill_in_the_blank	9400; 4009; 4900	Reading, writing, and composing numbers within 10,000.###Comparison of numbers within 10,000	"[Answer] Solution: Arrange these four cards 0, 4, 9, 0 into a four-digit number. The largest number, when arranging these digits in descending order, is 9400. The number closest to 4000 has a 4 in the thousands place, a 9 in the units place, and 0 in the other places; this number is 4009. The number with none of the zeros read would place 0 in the units and tens places, giving 4900 and 9400.
Thus the answer is: 9400; 4009; 4900, 9400.

[Analysis] For comparing the size of four-digit numbers, the larger the number in the thousands place, the larger the number; if the thousands digits are the same, then the larger the number in the hundreds place, the larger the number; if the hundreds digits are the same, then the larger the number in the tens place, the larger"	2024	primary	medium
6062	There are ( ) of ( ) in 3.	fill_in_the_blank	15; \(\frac{1}{5}\)	Understanding and Judging Fraction Units###Conversion between integers and improper fractions	"[Solution] Explanation: 3 = \(\frac{15}{5}\), so there are 15 \(\frac{1}{5}\)'s in 3.\\
Thus, the answer is: \(\frac{1}{5}\).  
[Analysis] Convert 3 into a fraction with a numerator of 15, then determine the fractional unit."	others	primary	hard
3040	If each person saves 2 kilograms of water per day, Xiaomeng's family of five can save a total of ___ kilograms of water in one day. At this rate, Xiaomeng's family can save 1 ton of water in ___ days.	fill_in_the_blank	10; 100	Conversion and Comparison between Tons and Kilograms	"Solution: Answer to the first question: 2×5=10 (kilograms);  
Answer to the second question: 1 ton = 1000 kilograms, 1000÷10=100 (days).  
Thus, the answers are: 10; 100.  
Analysis: For the first question: Multiply the amount of water saved by each person per day by the number of people in the household to find the daily water savings.  
For the second question: 1 ton = 1000 kilograms. Divide 1000 kilograms by the daily water savings of the household to determine the number of days."	others	primary	medium
2911	"Mixed Operations.  
(1) 64 - (24 + 27) = ( )  
(2) 81 - 40 - 24 = ( )  
(3) 18 + 36 ÷ 9 = ( )"	fill_in_the_blank	13; 17; 22	Addition and subtraction of consecutive numbers within 100###Mixed operations of division and addition/subtraction within 100###Mixed operations with numbers within 100 including parentheses	"【Analysis】 (1) Observing the expression, it is noted that there are parentheses. First, calculate the addition inside the parentheses, then compute the subtraction outside the parentheses, following this sequence for calculation; \
(2) Observing the expression, it is noted that there are only consecutive subtractions. Calculate from left to right in order; \
(3) Observing the expression, it is noted that there are division and addition. First, perform the division, then the addition, following this sequence to solve."	2020	primary	medium
899	Miaomiao wrote a series of numbers with a pattern: -1, 3, 5, -7, 9, 11, -13, 15, 17... After stopping at the 49th number, the 49th number is \_\_\_, and among these numbers, there are \_\_\_ negative numbers.	fill_in_the_blank	-97; 17	Understanding and Reading/Writing Positive and Negative Numbers###Patterns in sequences	"Solution:  
1 + (49 - 1) × 2  
= 1 + 96  
= 97  
49 ÷ 3 = 16 (groups) remainder 1, meaning the 49th number is -97;  
16 + 1 = 17 (numbers).  
Therefore, the answer is: -97; 17.

Analysis: Observing the pattern, after removing the negative sign, this is a sequence of consecutive odd numbers with a difference of 2 between each pair—i.e., the first number is 1, the second is 1 + 1 × 2, the third is 1 + 2 × 2, the fourth is 1 + 3 × 2, and so on. The 49th number is 1 + (49 - 1) × 2. The pattern of positive and negative numbers is one negative number followed by two positive numbers, repeating in a cycle of three. Thus"	others	primary	medium
3358	"Fill in the correct result for each equation:  
1. 4 + 4 = ( )  
2. 5 + 4 = ( )  
3. 9 − 3 = ( )  
4. 4 + 5 = ( )  
5. 7 − 4 = ( )  
6. 6 − 4 = ( )  
7. 0 + 9 = ( )  
8. 5 − 0 = ( )  
9. 3 + 3 = ( )  
10. 7 − 2 = ( )  
11. 3 + 6 = ( )  
12. 8 + 1 = ( )  
13. 9 − 6 = ( )  
14. 8 − 4 = ( )  
15. 6 + 3 = ( )  
16. 3 + 5 = ( )"	fill_in_the_blank	8; 9; 6; 9; 3; 2; 9; 5; 6; 5; 9; 9; 3; 4; 9; 8	Addition and subtraction within 9	[Analysis] Answer by performing addition and subtraction within the numbers 9 and below.	2020	primary	medium
3433	"Decompose the following numbers into prime factors.  
(1) 30 = ( )  
(2) 91 = ( )  
(3) 24 = ( )"	fill_in_the_blank	2 × 3 × 5; 7 × 13; 2 × 2 × 2 × 3	Factorize into prime factors	[Analysis] Use short division to decompose into prime factors: Write the number to be decomposed within the short division sign, and write the divisor (which must be a prime number and generally arranged in ascending order) on the left of the dividend. If the resulting quotient is a composite number, continue dividing as described above until the quotient is a prime number. Finally, write all the divisors and the final quotient in the form of a product.	2019	primary	medium
2602	"Calculate the following problems, and simplify where possible.  
(1) 7.2 × 5.8 + 0.72 × 42 = ( )  
(2) 13.75 - (3.75 + 6.48) = ( )  
(3) 185 ÷ 0.8 ÷ 12.5 = ( )  
(4) 5.8 + 4.2 ÷ 2.8 = ( )"	fill_in_the_blank	72; 3.52; 18.5; 7.3	The laws of multiplication for decimals###Simplified calculation of division###Decimal division mixed operations	[Analysis] (1) Use the distributive property of multiplication for simplified calculation; (2) Use the properties of subtraction for simplified calculation; (3) Use simplified calculations for consecutive division; (4) Perform division first, then addition.	2021	primary	medium
3107	In recent years, shared bicycles have emerged in major cities across China. It is estimated that this year the number of users will be 2 million more than three times last year's number, and last year's number of users was \(\frac{1}{4}\) of this year's number. Therefore, last year's number of users was ( ) million.	fill_in_the_blank	2 million	Application of Fraction Division###Set up an equation to solve the fraction problem.	"Solution: Let the number of users last year be \( x \times 10,000 \).  
\( 3x + 200 = x \div \frac{1}{4} \)  
\( 3x + 200 = 4x \)  
\( x = 200 \)  
Therefore, the answer is: 200.  
Analysis: Assume the number of users last year is \( x \times 10,000 \). Based on the equation (users last year × 3 + 200 = users last year ÷ \(\frac{1}{4}\)), solve the equation."	others	primary	medium
2682	"Question to reformat: Fill in the results for the following calculations.  
3 + 2 = ( )  
5 - 4 = ( )  
10 - 7 = ( )  
8 + 2 = ( )  
6 - 3 = ( )  
7 - 5 = ( )  
5 - 5 = ( )  
3 + 3 = ( )  
9 - 2 = ( )  
8 - 4 = ( )  
9 - 5 = ( )  
8 - 5 = ( )"	fill_in_the_blank	5; 1; 3; 10; 3; 2; 0; 6; 7; 4; 4; 3	Addition and subtraction within 10	[Analysis] Methods for addition: To calculate addition within 10, methods such as counting, counting on, and number composition can be used. Among these, using number composition is the most commonly used method. Methods for subtraction: When calculating subtraction, methods such as counting backwards, number decomposition, and thinking of addition to calculate subtraction can be used.	2021	primary	medium
3113	"See who can calculate correctly and quickly.  
1700 + 300 = ( )  
900 - 400 = ( )  
810 + 300 = ( )  
920 - 100 = ( )  
560 + 80 = ( )  
270 - 90 = ( )  
650 - 200 = ( )  
740 - 30 = ( )."	fill_in_the_blank	2000; 500; 1110; 820; 640; 180; 450; 710	Addition and subtraction of whole hundreds and thousands.###Addition and subtraction of whole hundreds and tens.	[Analysis] Adding or subtracting two multiples of ten can be viewed as adding or subtracting several tens, and calculated accordingly. Adding or subtracting two multiples of a hundred can be viewed as adding or subtracting several hundreds, and calculated accordingly.	2022	primary	medium
3199	"(1) Calculate \(\left( \frac{1}{4} - \frac{1}{4} + 2 \right) \times \frac{8}{13} + 1 \div 6.5 + 0.2\) = ( )  
(2) Calculate \(\frac{567 + 345 \times 566}{567 \times 345 + 222}\) = ( )  
(3) Calculate \(\frac{11}{6} + \frac{11}{12} + \frac{11}{20} + \frac{11}{30} + \frac{11}{42} + \frac{11}{56}\) = ( )  
(4) Solve the equation: \(\frac{x - 1}{0.2} = 1 - \frac{x - 2}{3}\), x = ( )."	fill_in_the_blank	1\(\frac{38}{65}\); 1; \(\frac{2423}{420}\) or 5.7738; 1.9	Clever Calculations of Fractions###Mixed operations of fraction multiplication and fraction addition and subtraction###Mixed operations and applications of fractions###Use the properties of equality to solve equations.###Apply the properties of equality to solve equations.###Use the properties of equations to solve equations comprehensively.###Partial fraction decomposition	"【Analysis】(1) First perform operations within the fractions inside the parentheses, then convert the decimals into fractions and change division into multiplication: \(\frac{16}{13} + 1 \times \frac{2}{13} + \frac{1}{5}\), and finally perform the calculations.

(2) Convert the denominator 567 into: 566+1. Transform the fraction into: \(\frac{567 + 345 \times 566}{(566 + 1) \times 345 + 222}\), and then simplify.

(3) First extract the common factor 11, then split into partial fractions: \(11 \times (\frac{1}{2} - \frac{1}{3} + \frac{1}{3} - \frac{1}{4} + \frac{1}{4} - \frac{1}{5} + \frac{1}{5} - \frac{1}{6} +"	2024	primary	medium
824	On a map with a scale of 1:6,000,000, the distance measured from Shuifu to Kunming is 9 cm. The actual distance from Shuifu to Kunming is \underline{\ \ } km. Mr. Zhang drives a car from Shuifu to Kunming to attend training, traveling at a speed of 90 km/h, departing at 7:00 AM and resting for 1 hour along the way. Mr. Zhang's arrival time in Kunming is \underline{\ \ }.	fill_in_the_blank	540; 14:00	Use the scale to determine the map distance or actual distance.	"Solution: Actual distance: 9 ÷ \(\frac{1}{6000000}\) = 54,000,000 cm = 540 km;  
540 ÷ 90 = 6 hours, 7:00 + 6 hours + 1 hour = 14:00, so the arrival time in Kunming is 14:00.  
Thus, the answer is: 540; 14:00.

Analysis: Divide the map distance between the two places by the scale to find the actual distance, convert the actual distance into kilometers, divide by the car's speed to find the travel time, then add the departure time, travel time, and rest time to find the arrival time in Kunming."	2024	primary	medium
3497	"Perform or solve the equations (simplify where possible):

(1) \(4.2 \times 75\% - 5\frac{4}{5} \div 1\frac{1}{3} + \frac{3}{4} \times 2.4 = ( )\)

(2) \(\left[ 14.8 + \left( 6\frac{2}{7} - 4.5 \right) \times 1\frac{3}{25} \right] \div 2\frac{2}{3} = ( )\)

(3) \(1999\frac{1991}{1999} \times \frac{1}{4} - \frac{1997}{1999} = ( )\)

(4) Solve the equation: \(\frac{2x - 1}{3} - \frac{10x + 1}{12} = \frac{2x + 1}{4} - 1( )\)"	fill_in_the_blank	0.6; 5.8; -0.5; x = 1.	Clever calculations in mixed arithmetic operations###Substitution Method###Proportion equation	"[Analysis] (1) First, transform the original expression into: \(= 4.2 \times \frac{3}{4} - 5.8 \times \frac{3}{4} + \frac{3}{4} \times 2.4\), then use the associative law for simplified calculation.  
(2) First calculate inside the parentheses, then the multiplication inside the brackets, then the contents inside the brackets, and finally outside the brackets for the operations.  
(3) First, convert \(1999\frac{1991}{1999}\) into: \(\left( 2000 - \frac{8}{1999} \right)\), then perform addition, subtraction, multiplication, and division to solve.  
(4) Multiply both sides of the equation by 12, which can be transformed into: \(8x - 4 - 10x - 1 = 6x + 3 - 12\"	2022	primary	medium
3111	In the grid paper, there is an isosceles triangle ABC with AB=AC and ∠A being a right angle. If the position of point A is represented by the coordinates (2, 3), point B is (3, 6), and point C is in the 5th column, the position of point C is ( , ).	fill_in_the_blank	(5, 2)	Distance between two points and its application###Pairs and positions	nan	others	primary	medium
427	"Fill in the blanks with appropriate numbers.
1 minute 40 seconds = ( ) seconds
2300 kilograms - 300 kilograms = ( ) tons
600 meters + 400 meters = ( ) kilometers
1 hour - 30 minutes = ( ) minutes"	fill_in_the_blank	100; 2; 1; 30	Understanding and Conversion of Hours and Minutes###Conversion and Comparison between Kilograms and Grams###Conversion and Comparison Between Kilometers and Meters	"【Answer】Solution: 1 minute + 40 seconds = 60 seconds + 40 seconds = 100 seconds;  
2300 kilograms - 300 kilograms = 2000 kilograms = 2 tons;  
600 meters + 400 meters = 1000 meters = 1 kilometer,  
1 hour - 30 minutes = 60 minutes - 30 minutes = 30 minutes.  
Thus, the answer is: 100; 2; 1; 30.  

【Analysis】1 minute = 60 seconds, 1 ton = 1000 kilograms, 1 kilometer = 1000 meters, 1 hour = 60 minutes. Convert units according to these conversion rates and calculate."	2023	primary	medium
2757	"Let's see who gets all the answers correct.  
8 + 30 = ( )  
73 - 22 = ( )  
52 - 3 = ( )  
72 - 30 = ( )  
50 - 27 = ( )  
46 + 30 = ( )  
49 - 9 = ( )  
18 + 9 = ( )  
96 - 60 = ( )  
26 + 3 = ( )  
6 + 40 = ( )  
90 - 40 = ( )"	fill_in_the_blank	38; 51; 49; 42; 23; 76; 40; 27; 36; 29; 46; 50	Non-carry addition of numbers within 100###Subtraction with Regrouping within 100	[Analysis] Integer addition rule: Align the same digits and start adding from the lowest position. If the sum of numbers in that position reaches ten, carry over to the next higher position. Integer subtraction rule: Align the same digits and start subtracting from the lowest position. If the number in that position is insufficient for subtraction, borrow one from the previous position, convert it to ten, combine it with the number in the current position, and then subtract. Answer accordingly.	2019	primary	medium
3037	99999÷5 + 9999÷5 + 999÷5 + 99÷5 + 9÷5 = \ul{    }	fill_in_the_blank	22221	Method of Extracting Common Factors	"Solution:  
99999 ÷ 5 + 9999 ÷ 5 + 999 ÷ 5 + 99 ÷ 5 + 9 ÷ 5  
= (99999 + 9999 + 999 + 99 + 9) ÷ 5  
= 111105 ÷ 5  
= 22221;  
Therefore, the answer is: 22221.  

Analysis: By observing the given expression, it can be noted that it consists of a series of consecutive numbers divided by 5. To simplify the calculation, all the dividends can be added together and then divided by 5."	others	primary	medium
3110	"Write out the results directly.
50×60 = ___ 96÷3 = ___ \(1 - \frac{3}{8} =\)___"	fill_in_the_blank	3000; 32; \(\frac{5}{8}\)	Addition and subtraction of fractions with the same denominator within 10.###Division of a two-digit number by a one-digit number###Mental multiplication of two-digit numbers by two-digit numbers	nan	2024	primary	medium
3115	"Let's see who can calculate faster.  
50×8= ( )  23×3= ( )  320÷4= ( )  96÷3= ( )  
68÷2= ( )  0+800= ( )  0×88= ( )  532+168= ( )"	fill_in_the_blank	400; 69; 80; 32; 34; 800; 0; 700	Two-digit multiplication by a one-digit number without carrying###Multiplication and division of whole tens, hundreds, and thousands with single-digit numbers.###Division of a two-digit number by a one-digit number	Analysis: Adding 0 to any number results in that number; multiplying any number by 0 results in 0. When dividing a multi-digit number by a single-digit number, calculate directly using the multiplication table.	2020	primary	medium
360	Aunt Chen does household chores. It takes her 8 minutes to mop the floor, 25 minutes for the washing machine to wash clothes, 3 minutes to hang clothes, 6 minutes to wash dishes, and 10 minutes to tidy up the room. She needs at least ( ) minutes to finish.	fill_in_the_blank	52	Reasonably Arrange Time: The Tea Making Issue	"【Answer】Solution: 3 + 6 + 10 = 19 (minutes)\\
Therefore, while the washing machine is doing the laundry, you can mop the floor, wash the dishes, and tidy up the room;\\
At least needed: 25 + 3 = 28 (minutes);\\
Thus, the answer is: 28.\\
【Analysis】To minimize time, you should mop the floor, wash the dishes, and tidy up the room while the washing machine is washing clothes, then hang the clothes after they are done."	2024	primary	medium
201	A research team consists of 32 scientists from around the world, each of whom speaks at least one of Chinese or English. Among them, 16 speak Chinese, 28 speak English, and \underline{\ \ \ } speak both languages.	fill_in_the_blank	12	Overlap problem in sets	nan	2023	primary	medium
8725	In three cylinders of alcohol solutions A, B, and C, the pure alcohol content is 48%, 62.5%, and \(\frac{2}{3}\), respectively. It is known that the total amount of the three cylinders of alcohol solution is 100 kg, and the amount of alcohol solution in cylinder A is equal to the total amount of alcohol solution in cylinders B and C. After mixing the three solutions, the percentage of pure alcohol will reach 56%. Then, the content of pure alcohol in cylinder C is ( ) kilograms.	fill_in_the_blank	12	Concentration issue###Percentage and its application	"Solution: Let the mass of the alcohol solution in vat C be x kilograms, then the mass in vat B would be (50-x) kilograms.

50×48% + (50-x)×62.5% + x×(2/3) = 100×56%

24 + 31.25 - 0.625x + (2/3)x = 56

55.25 - (5/8)x + (2/3)x = 56

(1/24)x + 55.25 = 56

(1/24)x + 55.25 - 55.25 = 56 - 55.25

(1/24)x = 0.75

(1/24)x ÷ (1/24) = 0.75 ÷ (1/24)

x = 18

The pure alcohol content in vat C is 18×(2/3) = 12 kilograms.

Therefore,"	2023	primary	hard
2669	a, b, c, and d are four different natural numbers, and a × b × c × d = 2790. The minimum value of a + b + c + d is \_\_\_\_.	fill_in_the_blank	45	Maximum and minimum###Factorize into prime factors	"Solution: 2790 = 2 x 3 x 3 x 5 x 31. \\
To make the sum of the four natural numbers as small as possible, the numbers should be as close as possible: \\
Thus, 2790 = 3 x 5 x 6 x 31, \\
So, 3 + 5 + 6 + 31 = 45. \\
Therefore, the answer is: 45. \\
Analysis: This problem examines maximizing and minimizing. After factorizing 2790 into prime factors, the discussion can solve it."	2024	primary	medium
823	"The book ""The Wind in the Willows"" is wanted by Dingding, Dongdong, and Yuanyuan to borrow. Dingding says he can finish it in a week, Dongdong says he can finish it in half a month, and Yuanyuan says he can finish it in 5 days. To minimize the total waiting time for all three, ( ) should borrow it first, and ( ) should borrow it last."	fill_in_the_blank	Yuanyuan; Dongdong	Optimization problem: Solution design issue	"Solution: To minimize the total waiting time for the three people, Yuanyuan should borrow first, and Dongdong should borrow last. 
Therefore, the answer is: Yuanyuan; Dongdong.
Analysis: To minimize the total waiting time for the three people, the one with the shortest borrowing time should borrow first, followed by the second shortest, and finally the one with the longest borrowing time."	others	primary	medium
429	"Fill in the nearest ten-thousand number on the line.

Example: 430,000 < 436,800 < 440,000

\_\_\_ < 780,540 < \_\_\_

\_\_\_ < 9,296,500 < \_\_\_

\_\_\_ < 560,870 < \_\_\_

\_\_\_ < 819,420 < \_\_\_"	fill_in_the_blank	780,000; 790,000; 9,290,000; 9,300,000; 560,000; 570,000; 810,000; 820,000	Comparison of Numbers Within One Hundred Million###Express large numbers using units of ten thousand and one hundred million.	"[Answer] Solution: 780,000 < 780,540 < 790,000;  
9,290,000 < 9,296,500 < 9,300,000;  
560,000 < 560,870 < 570,000;  
810,000 < 819,420 < 820,000.  
Therefore, the answer is: 780,000; 790,000; 9,290,000; 9,300,000; 560,000; 570,000; 810,000; 820,000.

[Analysis] To find the closest ten-thousand number, look at the ten-thousand digit. If the number is greater, add 1 to the ""ten-thousand"" place and discard the other digits after. If the number is smaller, simply discard the digits after the ten-thousand place and add the ""ten-thousand"" unit."	others	primary	medium
133	The product of the expression \(1 \times 8 \times 15 \ldots \times 2010\) ends with ( ) consecutive zeros.	fill_in_the_blank	72	The unit digit of a product	nan	2024	primary	medium
746	A decimal, when the decimal point is moved one place to the right, becomes 11.7 greater than the original number. The original decimal is ( ).	fill_in_the_blank	1.3	Difference-multiple problem	Solution: 11.7 ÷ (10 - 1) = 11.7 ÷ 9 = 1.3. Therefore, the answer is 1.3. Analysis: If the decimal point of a number moves one place to the right, the number increases by 10 times. The original decimal = the larger number ÷ (10 - 1).	2023	primary	medium
5782	The remainder of \(12345^{54321} \div 11\) is \ul{　 　}.	fill_in_the_blank	3	Congruence Theorem	"Answer: Explanation: 11 is a prime number, and 12345 is coprime with 11 (i.e., no common factors other than 1), therefore:

\[12345^{10} \equiv 1\quad(mod\ 11)\]

Since \(54321 = 5432 \times 10 + 1\), it follows that:

\[12345^{54321} = 12345^{5432 \times 10 + 1} = (12345^{10})^{5432} \times 12345\]

Since \((12345^{10})^{5432} \equiv 1^{5432}\quad(mod\ 11) = 1\), then:

\[12345^{54321} \equiv 1 \times 12345\quad(mod\ 11) = 12345\quad(mod\ 11)\]

Now, calculate \(12345\quad(mod\ 11)\):"	2023	primary	hard
1050	The circumference of a lake is 1800m. Along the perimeter of the lake, a willow tree is planted every 12m, and two rose bushes are planted between every two willow trees. Around the lake, there are ( ) willow trees and ( ) rose bushes planted.	fill_in_the_blank	150; 300	Closed-type tree planting problem	"[Answer] Solution: Willow trees: 1800 ÷ 12 = 150 (trees)  
Roses: 150 × 2 = 300 (trees)  
Therefore, the answer is: 150, 300.  
[Analysis] In this closed-tree planting problem, the number of willow trees equals the number of intervals. To find the number of willow trees, divide 1800 by 12. Since 2 rose trees are planted between every two willow trees, multiply the number of intervals (willow trees) by 2."	2025	primary	medium
6065	Miaomiao and Tiantian are playing a counting game where they take turns saying numbers, each time only able to say 2 or 3. The sum of all the numbers said by both reaches 57, and the person who reaches this sum wins. If Miaomiao starts first, to ensure victory, she should first say \ul{  }.	fill_in_the_blank	2	Countermeasure Problem: Tian Ji's Horse Racing Problem	"Solution: 57 ÷ (2 + 3) = 57 ÷ 5 = 11 remainder 2, so she should report 2 first. Therefore, the answer is: 2.

Analysis: If Miaomiao calls out the numbers first, to ensure victory, the first number she should report is the remainder obtained from dividing 57 by the sum of the numbers reported by both persons each turn."	others	primary	hard
5841	"Determine True or False:  
(1) \(6\frac{1}{3} - 2.4 - 1\frac{1}{2} = 2\frac{13}{30}\) is ( )  
(2) \(7\frac{4}{15} - (2\frac{4}{15} + 1\frac{5}{8}) = 6\frac{5}{8}\) is ( )."	fill_in_the_blank	True; False	Conversion between decimals and fractions###Addition and subtraction of fractions with the same denominator###Addition and subtraction of fractions with different denominators	"[Solution] (1) \(6\frac{1}{3}-2.4-1\frac{1}{2} = 6\frac{1}{3}-2\frac{2}{5}-1\frac{1}{2} = 6\frac{10}{30}-2\frac{12}{30}-1\frac{15}{30} = 3\frac{28}{30}-1\frac{15}{30} = 2\frac{13}{30}\), this calculation is correct;  
(2) \(7\frac{4}{15} - (2\frac{4}{15} + 1\frac{5}{8}) = 7\frac{4}{15} - 2\frac{4}{15} - 1\frac{5}{8} = 5 - 1\frac{5}{8} = 3\frac{3}{8}\),"	others	primary	hard
3357	"Calculate in the simplest way possible.  
520 - 425 - 75 = ( )"	fill_in_the_blank	20	Subtraction of numbers within 1000 in sequence	[Analysis] Observing the characteristics of numbers and operators, this problem can utilize the nature of consecutive subtraction by subtracting the sum of the two following subtrahends from 520, making the calculation more convenient. The nature of consecutive subtraction: a-b-c=a-(b+c).	others	primary	medium
1919	"Read and fill in the appropriate units of mass or area.

On Saturday afternoon, Tiantian's family went to the park for a picnic. Dad laid out a picnic mat on the lawn with an area of about 4 \ul{　 　}; on it were 4 apples weighing about 1 \ul{　 　}; there was also a tea egg weighing approximately 100 \ul{　 　}. Tiantian was reading a picture storybook, and the cover of the picture storybook had an area of about 5 \ul{　 　}."	fill_in_the_blank	Square meter; kilogram; gram; square decimeter	Selection of units of measurement for quality###Choice of unit of area	nan	2024	primary	medium
1991	Yangliu Primary School held a book floating activity. For easy management, each student's shared book is encoded with the year of admission, class, and student number. If the code is 20200532, it means fourth grade, class 5, number 32. Therefore, the code 20190724 means ( ) grade, class ( ), number ( ).	fill_in_the_blank	Five; 7; 24	Digital Encoding Problem	"[Answer] Solution: If the code ""20200532"" represents Grade 4, Class 5, Student 32, then the code ""20190724"" represents Grade 5, Class 7, Student 24.  
Thus, the answer is: Grade 5; Class 7; Student 24.  
[Analysis] The first four digits from the left indicate the admission year, the next two digits indicate the class, and the last two digits indicate the student number. 2020 corresponds to Grade 4, so 2019 corresponds to Grade 5."	2024	primary	medium
1131	A piece of lumber is 36 meters long. It is cut into segments each 4 meters long, with each cut taking 2 minutes. Completing the cutting of this piece of lumber takes a total of \ul{ } minutes.	fill_in_the_blank	16	The problem of sawing wood into sections	"Solution: According to the problem, we have

(36÷4-1)×2 = (9-1)×2 = 8×2 = 16 (minutes).

Answer: It took a total of 16 minutes to saw through.

Therefore, the answer is: 16

Analysis: A piece of wood is 36 meters long and is to be sawed into segments each 4 meters long, resulting in (36÷4) segments. A total of (36÷4-1) sawing actions are needed, and each sawing action takes 2 minutes. Thus, the total time taken is (36÷4-1)×2, which is the basis for this solution."	2024	primary	medium
3426	A bottle contains 2000 grams of an alcohol solution with a concentration of 75%. Now, 50 grams of type A alcohol solution and 350 grams of type B alcohol solution are poured in. The concentration ratio of the two solutions is 3:1, and the concentration of the resulting mixed solution is 65%. Then, the concentration of type B alcohol is ( ).	fill_in_the_blank	12%	The application of ratios###Comprehensive Concentration Problem	"Answer: Let the concentration of type B alcohol be \(x\), then the concentration of type A alcohol is \(3x\).

\[2000 \times 75\% + 50 \times 3x + 350x = 2400 \times 65\%\]

Solving this, we get

\[x = 12\%\]

\[3x = 36\%\]

Therefore, the concentration of type B alcohol is \(12\%\), and the concentration of type A alcohol is \(36\%\).

Thus, the answer is: \(12\%\)

Analysis: First, set the unknown, which is the concentration of type B alcohol. According to the problem description, the original solution concentration is \(75\%\) with a total amount of \(2000\) grams. After adding type A and type B alcohol solutions, the concentration of the mixed solution becomes \(65\%\) with a total amount of \(2000 + 50 +"	2024	primary	medium
434	A ten and six ones combine to make \ul{　 　}, read as \ul{　 　}.	fill_in_the_blank	16; sixteen	Understanding and Reading/Writing of 11 to 20	[Answer] One ten and six ones make up 16, read as: sixteen. Therefore, the answer is: 16; sixteen. [Analysis] One ten is written as 1 in the tens place, and six ones are written as 6 in the units place. Write the number from higher to lower place value. When reading the number, read from higher to lower place value, reading the number first followed by the unit.	2024	primary	medium
657	The number of peaches in a basket is between 30 and 50. If they are arranged with 4 peaches per tray, there are ( ) leftovers. If they are arranged with 5 peaches per tray, there is ( ) leftover. How many peaches are in the basket? ( )	fill_in_the_blank	2; 1; 46	Double application###Yingying Problem	"Solution: If placing 5 peaches on each plate results in 1 leftover, the total number of peaches must be 1 more than a multiple of 5. Since the last digit of a multiple of 5 is either 0 or 5, the last digit of the total number of peaches must be 1 or 6. The numbers between 30 and 50 meeting this criterion are: 31, 36, 41, 46. If placing 4 peaches on each plate results in 2 leftover, the total number of peaches must be 2 more than a multiple of 4, which is an even number. As 36 is a multiple of 4, the only suitable number is 46. Therefore, the basket contains a total of 46 peaches.

Thus, the answer is: 46.

Analysis: Determine the possible number of peaches based on multiples of 5 and the given range of 30-50. Then, determine whether the number of"	2024	primary	medium
659	In ① x + 5 > 8; ② 1.3 + 2 = 3.3; ③ y - 5.2 = 1.4; ④ 4x, ( ) is an equation, ( ) is an equality. (Fill in the serial number)	fill_in_the_blank	3; 2	Understanding Equations and Equivalent Relationships###Linear equation in one variable###Inequality	"Answer:
Analysis of each expression given in the question:
① \(x + 5 > 8\)
This is an inequality because it uses the greater than sign (>), indicating the left side is greater than the right side. It is not an equation, nor is it an equation as it does not express an equal relationship between both sides, although it contains the variable x.
② \(1.3 + 2 = 3.3\)
This is an equation because it uses the equals sign (=), indicating both sides are equal. Since there is no variable in this equation, it is not an equation with a variable.
③ \(y - 5.2 = 1.4\)
This is an equation because it uses the equals sign (=), indicating both sides are equal. Additionally, it contains the variable y, so it is also an equation with a variable.
④ \(4x\)
This is not an equation because it does not use an equals sign to indicate both"	others	primary	medium
2369	\(0.8{m}^{2} =\) ( ) \({cm}^{2}\) \(200m/s =\) ( ) \(km/h\)	fill_in_the_blank	8000; 720	Understanding and Conversion of Hours and Minutes###Conversion and comparison between meters and centimeters###Conversion and Comparison Between Kilometers and Meters###Conversion and comparison among square centimeters, square decimeters, and square meters	"Solution:  
0.8m² = 0.8 × 10000 = 8000cm²  
200m/s = 200 × 3600 ÷ 1000 = 720km/h  
Therefore, the answer is: 8000; 720  

Analysis:  
(1) Convert square meters (m²) to square centimeters (cm²). This can be achieved using the conversion rate of 1 square meter equals 10,000 square centimeters.  
(2) Convert meters per second (m/s) to kilometers per hour (km/h). This can be done using the conversion rates that 1 hour equals 3600 seconds and 1 kilometer equals 1000 meters."	2019	primary	medium
2150	"Reading and Thinking. The basic principle ancient people followed in selecting terms for units of measurement was ""from afar, take from things; from near, take from the body."" This means that ancient people chose some nouns from their surrounding environment and their own bodies to use as units of measurement. For instance, the small seal script form of ""chi"" (a unit of length) is ""diao,"" which resembles a person extending their thumb and forefinger or middle finger to measure length. Below is a table comparing lengths from ancient to modern times. (Unit: cm)

\[
\begin{array}{lccccc}
& \text{Shang} & \text{Han Dynasty} & \text{Tang} & \text{Ming and Qing} & \text{Modern} \\
\text{One chi equals how many cm} & 16.95 & 23.1 & 30.7 & 31.1 & 33.33 \\
\]

The sum of all these cm measurements equals ( )."	fill_in_the_blank	135.18	Decimal multiplication of a decimal by an integer###Conversion between ancient and modern measurement units	"Solution: \(8 \times 23.1 = 184.8\) cm Therefore, the answer is: 184.8 Analysis: According to the comparison table of ancient and modern length units, one chi from the Han Dynasty converts to 23.1 cm. Zhuge Liang was ""eight chi tall,"" which converts to a height of today as: \(8 \times 23.1 = 184.8\) cm."	2024	primary	medium
3420	A tram departs from the tram terminus at regular intervals. Persons A and B walk in opposite directions on a street; A walks at 60 meters per minute in the same direction as the trams and is overtaken by a tram every 20 minutes, while B walks at 80 meters per minute and encounters an oncoming tram every 10 minutes. Therefore, a tram departs from the terminus every ( ) minutes.	fill_in_the_blank	14	Issue with departure intervals	nan	2024	primary	medium
4440	120 milliliters = \ul{ } cubic decimeters; 30 kilometers/hour = \ul{ } meters/minute.	fill_in_the_blank	0.12; 500	Conversion and Comparison of Hours, Minutes, and Seconds###Conversion of length units###Conversion rates and calculations between volume units###The relationship between volume and capacity###The relationship and application of speed, time, and distance	"Solution: 120 milliliters = 120 cubic centimeters  
120 ÷ 1000 = 0.12, so 120 milliliters = 0.12 cubic decimeters;  
(30×1000) ÷ 60  
= 30000 ÷ 60  
= 500 (meters/minute), which means 30 kilometers/hour = 500 meters/minute;  
Thus, the answers are: 0.12; 500.  

Analysis: 1 cubic decimeter = 1000 cubic centimeters, 1 cubic centimeter = 1 milliliter. First, convert 120 milliliters to cubic centimeters and then divide by the conversion rate to convert to cubic decimeters. 1 kilometer = 1000 meters, 1 hour = 60 minutes, so 30 kilometers/hour corresponds to covering 30000 meters in 60 minutes. Calculate the speed using the formula: speed = distance ÷ time."	2019	primary	easy
4589	When Little Careless calculated a division problem, he mistakenly viewed the divisor \(\frac{5}{6}\) as \(\frac{5}{9}\), resulting in an answer of 120. The correct result of this calculation is \ul{　 　}.	fill_in_the_blank	80	Mixed operations of fraction multiplication and division###Seeking solutions amidst mistakes	"Solution: 120×\(\frac{5}{9}\)÷\(\frac{5}{6}\)\\
=40×2\\
=80.\\
Therefore, the answer is: 80.\\
Analysis: The correct result of this expression = dividend ÷ correct divisor; where the dividend = obtained result × erroneous divisor."	2025	primary	easy
7887	The original plan was for 36 people to excavate a certain amount of earth. After working according to plan for 5 days, 6 people were reassigned, so the remaining workers had to dig 1 more cubic meter each per day than originally planned to complete the task on time. Each person was originally planned to dig ( ) cubic meters per day.	fill_in_the_blank	5	Variable-speed engineering	"Solution: (\(\frac{1}{5}\) - \(\frac{1}{6}\)) ÷ \(\frac{1}{6}\)\\
= \(\frac{1}{30}\) × 6\\
= \(\frac{1}{5}\)\\
1 ÷ \(\frac{1}{5}\) = 5 (unit)\\
Therefore, the answer is: 5.\\
Analysis: From the problem, we know that after moving 6 people, there are 36 - 6 = 30 people left, meaning these 30 people need to complete the work initially planned for 36 people. Therefore, 5 people have to complete the workload intended for 6 people, so each person has to do more than originally planned by (\(\frac{1}{5}\) - \(\frac{1}{6}\)) ÷ \(\frac{1}{6}\) = \(\frac{1"	2022	primary	hard
6267	In the range of three-digit numbers, how many numbers have exactly 9 divisors? The numbers that meet this condition are expressed as the eighth power of a prime or the product of the squares of two different primes. The numbers are ( ), ( ), ( ), ( ), ( ), and ( ).	fill_in_the_blank	256, 100, 196, 484, 676, 225	Factorize into prime factors###Arrange	"Solution: \(2145 = 3 \times 5 \times 11 \times 13\)

The number we are looking for has exactly these 4 prime factors: 3, 5, 11, 13. For each such number, the powers of these factors after prime factorization are exactly a permutation of 2 = (3-1), 4 = (5-1), 10 = (11-1), 12 = (13-1), so there are 4! = 24 possibilities.

Thus, the answer is: 24

Analysis: First, we factor 2145 into prime factors, so any number that divides 2145 must contain these 4 prime factors: 3, 5, 11, 13. Since such a number has exactly 2145 divisors, it can have at most 4 prime factors; otherwise, it would have at least 5, which would lead to a contradiction because the"	2022	primary	hard
7010	At the subway station, there is an upward escalator from the platform to the ground. When Xiaoqiang rides the escalator and steps up one step per second, he reaches the ground after covering 20 steps; if he steps up two steps per second, he reaches the ground after covering 30 steps. There are ( ) steps from the platform to the ground.	fill_in_the_blank	60	The problem of cows eating grass	"Solution: Xiao Qiang ascends one step per second, taking 20 ÷ 1 = 20 seconds; ascends two steps per second, taking 30 ÷ 2 = 15 seconds. Let the elevator rise x steps per second, then 20 + 20x = 30 + 15x, solving for x gives x = 2. Therefore, 20 + 20 × 2 = 60 steps. Thus, the answer is 60.

Analysis: First, calculate the time taken for the two instances of climbing by using the number of steps and the steps ascended per second. Use the equation visible steps of the elevator = steps climbed by the person + elevator speed × climbing time, and set up equations for the two instances to solve."	2023	primary	hard
8335	Two mothers and two daughters went to the supermarket to buy chickens. After buying them, each person had one chicken in hand. They bought at least ( ) chickens.	fill_in_the_blank	3	Intellectual issues	[Answer] They bought at least 3 chickens. \ Therefore, the answer is: 3. \ [Analysis] Grandmother, mother, and daughter can be understood as two mothers and two daughters; with 3 people, each holding 1 chicken, they must buy at least 3 chickens.	others	primary	hard
6417	The radius of the largest circle that can be cut from the remaining part, after cutting a circle tangent to three sides of a rectangular piece of paper that is 9 cm long and 8 cm wide, is ( ) cm.	fill_in_the_blank	1	Pythagorean Theorem and Chord Diagram	"Solution: \( r_1 = \frac{8}{2} = 4 \) (cm)

From the problem: \( EO_1^2 + EO_2^2 = O_1O_2^2 \),

where \( EO_1 = r_1 - r_2 = 4 - r_2 \),

\( EO_2 = CF - r_2 = 9 - 4 - r_2 = 5 - r_2 \),

\( O_1O_2 = r_1 - r_2 = 4 + r_2 \),

so \( (4 - r_2)^2 + (5 - r_2)^2 = (4 + r_2)^2 \)

Solving gives \( r_2 = 1 \) or \( r_2 = 25 \) (discarded)

Thus, the maximum radius of the remaining section that can be cut is 1 cm.

Therefore,"	2023	primary	hard
6784	The 183 bus route runs from Shapingba to Guanyin Bridge, departing every 5 minutes and taking 30 minutes for the entire journey. Someone rode a bicycle from Guanyin Bridge to Shapingba, leaving just as a bus arrived at Guanyin Bridge, and encountered ( ) buses on the road. Upon arrival at Shapingba, another bus was just departing. How many minutes did it take this person to travel from Guanyin Bridge to Shapingba?	fill_in_the_blank	50	Issue with departure intervals###Liuka Tu	"[Solution] The cyclist encountered a total of 1 + 15 + 1 = 17 buses, with the intervals being: 17 - 1 = 16.  
Elapsed time: 16 × 5 = 80 (minutes)  
Cycling time: 80 - 30 = 50 (minutes)  
As shown in the figure, red indicates buses, blue indicates cycling, and the intersections of red and blue indicate encounters with buses on the road.  
<image>  
Therefore, the answer is: 50.  

[Analysis] This problem involves elements such as time, speed, and distance and requires a comprehensive consideration of bus departure frequency, travel time, and cycling speed to solve. From the problem statement, we know: a bus takes 30 minutes to travel from Shapingba to Guanyinqiao, and departs every 5 minutes, meaning that on the 30-minute journey back from Guanyinqiao to Shapingba, a"	2020	primary	hard
6789	"Chinese SWAT conducted a counter-terrorism exercise on a certain international highway l. The Chinese SWAT stationed at the midpoint between points A and B on highway l received a notification: ""terrorist activities are occurring at points A and B on highway l."" They immediately dispatched two SWAT vehicles at the same speed towards points A and B. At the same time, terrorists at points A and B also drove along international highway l to flee the scene (assuming the terrorist vehicles at both locations have the same speed). As a result, one terrorist vehicle was blocked head-on by a SWAT vehicle after 20 minutes, while the other terrorist vehicle was chased down by the other SWAT vehicle after 2 hours. The speed ratio of the SWAT vehicles to the terrorist vehicles is ( )."	fill_in_the_blank	7:5	Proportional travel problem solution	"Solution: 20 minutes \(= \frac{1}{3}\) hours. Let the speed of the Chinese SWAT vehicle be a, and the speed of the terrorist vehicle be b.

\((a + b) \times \frac{1}{3} = (a - b) \times 2\)

\(\frac{1}{3}a + \frac{1}{3}b = 2a - 2b\)

\(\frac{1}{3}b + 2b = 2a - \frac{1}{3}a\)

\(\frac{7}{3}b = \frac{5}{3}a\)

a: b = 7: 5.

Thus, the answer is: 7: 5.

Analysis: First, convert units, 20 minutes \(= \frac{1}{3}\) hours. Let the speed of the Chinese SWAT vehicle be a, and the"	2023	primary	hard
6940	There are three pieces of grassland, with areas of 5, 6, and 8 hectares respectively. The grass on the grasslands is equally dense and grows at the same rate. The first piece can feed 11 cows for 10 days, and the second piece can feed 12 cows for 14 days. How many days can the third piece of grassland feed 19 cows? ( ) days.	fill_in_the_blank	8	Cows generally eat grass.	"Solution: Calculate the unified grassland area:

The least common multiple of 5, 6, and 8 is 240.

Because:  
5×6×8＝240, 120÷5＝24, 264×24＝6336; 120÷6＝20, 12×20＝240.  

The problem changes to: 120 hectares of grassland can feed 264 cows for 10 days, or 240 cows for 14 days. How many days can it feed 285 cows?  

Grass grown daily:  
(240×14－264×10) ÷ (14－10)  
＝48 (units)  

Original grassland grass:  
(264－180) × 10  
＝840 (units)  

Number of days it can feed 285 cows:  
840 ÷ (285－180)  
＝8 (days)  

Therefore, the answer is: 8  

Analysis: First, find the least"	2023	primary	hard
7749	On a double-track railway, two trains are approaching each other. Train A has a speed of 18 meters/second, and Train B has a speed of 24 meters/second. If Train A is 180 meters long and Train B is 156 meters long, the time it takes for the two trains to pass each other is \ul{　 　} seconds.	fill_in_the_blank	8	The problem of two trains meeting	"Solution: (180+156) ÷ (18+24)  
= 336 ÷ 42  
= 8 (seconds)  
Therefore, the answer is: 8  

Analysis: The time taken for the two trains to pass each other, from when their fronts meet to when their rears part, is the passing time. The distance for them to pass each other is the sum of their lengths. Use the formula ""time = distance ÷ sum of speeds"" for the calculation."	2023	primary	hard
7769	"Let \emph{x} be a real number. Use \(\lbrack x\rbrack\) to represent the largest integer not exceeding \emph{x}, and let \(\{ x\} = x - \lbrack x\rbrack\); then what is the result of \(\{\frac{1}{11}\} + \{\frac{4}{11}\} + \{\frac{7}{11}\} + ... + \{\frac{3k + 1}{11}\} + ... + \{\frac{2011}{11}\}\)?  
The result is ( )."	fill_in_the_blank	920	Gaussian notation for floor and ceiling.	[Analysis] First, compute the values of \(\{\frac{3k + 1}{11}\}\) when k = 0, 1, 2, 3, ..., until the results start to repeat. Identify the pattern in the changes of \(\{\frac{3k + 1}{11}\}\) values, then use this pattern to calculate the final result.	2022	primary	hard
7781	"The salary situation for all employees of a certain company is shown in the table below. The data that best represents the typical salary level of the company's employees is ( ).

\[
\begin{array}{c|c|c|c|c}
\text{Employee} & \text{General Manager} & \text{Deputy General Manager} & \text{Department Manager} & \text{Regular Employee} \\
\hline
\text{Number} & 1 & 2 & 3 & 32 \\
\hline
\text{Monthly Salary (RMB)} & 6000 & 5000 & 4000 & 2000 \\
\end{array}
\]

A. 2000 RMB B. 2500 RMB C. 40000 RMB D. 5000 RMB"	fill_in_the_blank	A. 2000 RMB	The meaning and solution method of mode	"Answer: Solution: The company has only 6 people at the level of general manager, deputy general manager, and department manager, which cannot reflect the general level. However, there are 32 employees with a monthly salary of 2000 yuan, so the data that can more reasonably reflect the general salary level of employees in the department is 2000 yuan. Therefore, the choice is: A.

Analysis: The company has only 6 people in the positions of general manager, deputy general manager, and department manager, which is a minority, while the general employees form a majority with many people. The data that best represents the general salary level in this company should be the employees' salary figure, based on which the solution is provided. This question mainly examines knowledge of statistics, including the meaning and practical flexible use of average, median, and mode."	others	primary	hard
8119	There is a pile of chess pieces arranged in an n×n square matrix, with 3 pieces left over; if one row is added in both horizontal and vertical directions to this square matrix, then 8 pieces would be lacking. Therefore, this pile contains ( ) pieces.	fill_in_the_blank	28	Hollow square matrix problem	Solution: Let the side length of the original square matrix be \(n\), then the original number of pieces is \(n^{2} + 3\). \((n + 1)^{2} = n^{2} + 3 + 8\) Solving for \(n\, we get: \(n = 5\). Substitute \(n = 5\) into the expression for the original number of pieces \(n^{2} + 3\), we get \(5^{2} + 3 = 28\). Therefore, there were originally 28 pieces in the pile. The answer is: 28. Analysis: When adding one row in both horizontal and vertical directions of this square matrix, the number of pieces should be \((n + 1)^{2}\), but in reality, 8 pieces are missing. Thus, the number of pieces after adding a row equals the original number plus three extra pieces and the eight missing pieces	2023	primary	hard
8740	[(\(\frac{35}{6}\) - \(\frac{49}{12}\) + \(\frac{63}{20}\) - \(\frac{77}{30}\) + \(\frac{91}{42}\) - \(\frac{105}{56}\)) - 1\(\frac{3}{8}\)] ÷ \(\frac{1}{8}\) = ( )	fill_in_the_blank	4	Decomposition of fractions###Greatest common divisor and least common multiple of fractions	[Analysis] First, simplify the numerators and denominators of each fraction within the original expression. Then, use the distributive property of multiplication to calculate \(\lbrack(\frac{5}{6} - \frac{7}{12} + \frac{9}{20} - \frac{11}{30} + \frac{13}{42} - \frac{15}{56}) \times 7 - \frac{11}{8}\rbrack \times 8\). Next, use partial fraction decomposition to get \(\lbrack(\frac{1}{2} + \frac{1}{3} - \frac{1}{3} - \frac{1}{4} + \cdots - \frac{1}{7} - \frac{1}{8}) \times 7 - \frac{11}{8}\rbrack \times 8\). Finally, calculate according to the order of mixed operations of	2020	primary	hard
