index	question	category	answer	knowledge	analysis	year	grade_level	difficulty_level
473	In a school's sixth grade, where 50 students participate, \(\frac{3}{5}\) joined the art club and \(\frac{7}{10}\) joined the calligraphy club, with every student in at least one club. The number of students who participated in both clubs is 20.	true_false	False	Principle of Inclusion-Exclusion###Mixed operations of fraction multiplication and fraction addition and subtraction###Two-set inclusion-exclusion (overlap) problem	"Answer: 

50 × \(\frac{3}{5}\) = 30 (people)

50 × \(\frac{7}{10}\) = 35 (people)

30 + 35 - 50

= 65 - 50

= 15 (people)

There are 15 people who participate in both clubs.

Hence, the answer is: B

Analysis: According to the problem, multiply the total number of sixth-grade students by the fraction of students participating in the painting club and calligraphy club to find the number of students in each club. Then, subtract the total number of sixth-grade students from the sum of the numbers of students in each club to find the number of students participating in both clubs."	others	primary	medium
187	64.2 ÷ 38 results in a quotient that is greater than 1, with the highest digit in the units place.	true_false	True	Decimal division where the divisor is an integer.	"Solution: 64.2 ÷ 38, the highest digit of the quotient is in the units place, and the quotient is greater than 1.  
Therefore, the answer is: Correct.  
Analysis: When a decimal is divided by an integer, if the integer part of the dividend is greater than or equal to the divisor, the quotient is greater than 1."	2020	primary	medium
939	A quadrilateral with at least one pair of parallel sides but no right angles could be a Parallelogram.	true_false	False	Characteristics and Classification of Quadrilaterals	"Solution: A trapezoid has one pair of parallel sides and can have two right angles; B, a parallelogram, has two pairs of parallel sides and no right angles; rectangles and squares both have right angles. Therefore, the answer is: AB.

Analysis: A trapezoid is a quadrilateral with only one pair of parallel sides, and a right-angled trapezoid has two right angles; a parallelogram has two pairs of parallel sides and can have right angles; both rectangles and squares have four right angles."	others	primary	medium
2799	The common point between a rectangle and a parallelogram is that all four angles are right angles. ( )	true_false	False	Characteristics and Properties of a Rectangle	"Answer: The common points between a rectangle and a parallelogram are that the opposite sides are equal, and the sum of the four angles is 360°.
Thus, choose: A, C
Analysis: The common points between a rectangle and a parallelogram are that the opposite sides are equal, and the sum of the four angles is 360°.
3. True or False Questions"	others	primary	medium
550	A trapezoid has an infinite number of heights.	true_false	False	Characteristics and Properties of a Square###Features and Properties of a Parallelogram###Characteristics and Drawing of Trapezoid Height	"[Answer] Explanation: The parallelogram has variability, so option A is incorrect. \\
Therefore, the answer is: A. \\
[Analysis] The parallelogram has variability, while the triangle has stability. \\
\textbf{II. Multiple-Choice Questions}"	2024	primary	medium
890	2.6 ÷ 0.01 = 2.6 × 100.（　　）	true_false	True	Division with a decimal divisor	"[Answer] \(2.6 \div 0.01 = 260\), \(2.6 \times 100 = 260\), so \(2.6 \div 0.01 = 2.6 \times 100\). \\
Therefore, the answer is: Correct. \\
[Analysis] Dividing a number by 0.01 is equivalent to multiplying that number by 100, allowing for the judgment."	2020	primary	medium
2660	The product of 1.26 and 3.5 results in a number with three decimal places.	true_false	True	Decimal multiplication of decimals	Solution: 1.26*3.5=4.410, the product has three decimal places. Therefore, the answer is: correct. Analysis: In decimal multiplication, the number of decimal places in the product is the sum of the decimal places in the factors.	2022	primary	medium
2895	A cotton thread roll of 25 meters can wrap a maximum of 41 zongzi, if each zongzi requires 0.6 meters of thread.	true_false	False	Division with a decimal divisor###Approximate number of quotient	"【Answer】Solution: 25 ÷ 0.6 ≈ 41 (pieces)\\
Therefore, the answer is: 41.\\
【Analysis】Divide the total length of the cotton thread by the length needed to wrap one dumpling, and round down to the nearest whole number to determine the maximum number of dumplings that can be wrapped."	2024	primary	medium
2500	Line segments and rays are both parts of a straight line, so both are shorter than a straight line. (    )	true_false	False	Understanding and Representation of Line Segments, Lines, and Rays	"[Answer] Solution: Both lines and rays are infinitely long and cannot be compared in size. \\
Therefore, the answer is: Incorrect. \\
[Analysis] A line segment has 2 endpoints, cannot extend infinitely in both directions, and its length can be measured. A line has no endpoints, can extend infinitely in both directions, and its length cannot be measured. A ray has 1 endpoint, can extend infinitely in one direction, and its length cannot be measured."	2023	primary	medium
397	"On the number line, -3 is on the (   ) side of -8.
A. Left B. Right C. North D. Cannot be determined"	true_false	False	Representing positive and negative numbers on a number line	"Answer: Explanation: -3 > -8, on the number line, -3 is to the right of -8.  
Therefore, the answer is: B.  
Analysis: On the number line, all negative numbers are to the left of the origin, and all positive numbers are to the right of the origin. The numbers on the number line increase from left to right. On the number line, the greater the negative number, the closer its position is to 0.  
II. True or False Questions"	2024	primary	medium
2815	"The table shows the preferences of children for the colors of pencil cases. From the table, it is known that blue pencil cases are the most popular. 

| Color   | Red | Yellow | Blue | White |
|---------|-----|--------|------|-------|
| People  | 9   | 6      | 15   | 8     |"	true_false	True	Single form statistical table	[Solution] Explanation: 6 < 8 < 9 < 15, so the blue pencil case is the most popular. The original statement is correct. Thus, the answer is: Correct. [Analysis] Compare the number of people who like each color to determine which color pencil case is the most popular.	others	primary	medium
2809	The method of drawing tally marks is used to record the weather conditions in May, with one tally mark representing one day. (      )	true_false	False	Data collection and organization	"[Answer] Solution: Use the method of drawing ""正"" marks to tally the weather conditions in May, where one ""正"" represents 5 days. Thus, the answer is: Incorrect. [Analysis] When collecting and organizing data using the ""正"" mark method, one ""正"" has 5 strokes and represents 5 days."	2023	primary	medium
413	Two wires of the same length have remaining parts that are equal if the first wire has \(\frac{3}{5}\) of its length used and the second wire has \(\frac{3}{5}\) meters used.	true_false	False	Multiplying Fractions by Integers	"[Answer] Solution: Both pieces of wire are the same length, with \(\frac{3}{5}\) used from the first and \(\frac{3}{5}\) meters from the second, making it impossible to compare the remaining lengths. The original question is incorrectly stated.
Therefore, the answer is: Incorrect.
[Analysis] Without knowing the length of the wire, it is impossible to calculate the length used from the first piece, thus the remaining lengths cannot be compared."	2023	primary	medium
409	One factor is 2, the other factor is 9, and the product is 81. (   )	true_false	False	Multiplication table of 9 and its application.	"[Solution] 2×9=18, the original statement is incorrect. \\
Therefore, the answer is: incorrect.

[Analysis] Multiplier × multiplier = product, solve according to this expression."	2021	primary	medium
1181	If \(3\frac{1}{2} \div a = 1 \div b = \frac{3}{8} \div c\) (a, b, c are all non-zero), then among the numbers a, b, c, the largest is a.	true_false	False	The application of ratios###Understanding of Ratios and Judgment of Composing Ratios	"Solution: A, \(3\frac{1}{2} > 1 > \frac{3}{8}\), so \(a > b > c\), this option is correct;  
B, 7 and \(a\) are the extreme terms, so 4 and \(b\) are the mean terms, this option is correct;  
C, assuming the circumference of the circle and the square is \(\pi\), then the area of the square is \((\pi ÷ 4)^2 = \frac{1}{16}\pi^2\); the area of the circle is \(\pi \times (\pi ÷ \pi ÷ 2)^2 = \frac{1}{4}\pi\); the ratio of the areas is \(\frac{1}{16}\pi^2 : \frac{1}{4}\pi = 1 : 4\); this option is correct;  
D, the minuend is"	others	primary	medium
1258	The number that is 1 less than 999 is 1000. (    )	true_false	False	Reading, writing, and composition of numbers within 1000.	"Solution: 999-1=998
Therefore, the answer is: Incorrect.
Analysis: The number that is 1 less than 999 equals 999-1."	2020	primary	medium
642	Extending both sides of an angle by 10 centimeters makes the angle larger. (     )	true_false	False	Preliminary Understanding of Angles	"[Answer] Solution: Extending the two sides of an angle by 10 centimeters does not change the size of the angle. The original statement is incorrect.  
Therefore, the answer is: Incorrect.  
[Analysis] The size of an angle is determined only by the opening between its two sides and is not affected by the length or thickness of the sides. This leads to the conclusion."	2022	primary	medium
198	Rectangles, circles, and parallelograms are all axisymmetric figures. (     )	true_false	False	Axial symmetry	"Answer: Rectangles and circles are axisymmetric figures, while parallelograms are not axisymmetric figures.  
Therefore, the answer is: False.  
Analysis: An axisymmetric figure is one where the two parts completely coincide when folded along a straight line, and this should be used to answer the question.  
Three, Fill-in-the-blank Questions"	2022	primary	medium
1106	The correct equation for the cost of each fountain pen is: 3x + 1.8×4 = 18	true_false	False	Set up equations to solve application problems with one unknown.	"[Solution] Let the price of each pen be x yuan, and establish the equation: 3x + 1.8×4 = 18 or 3x = 18 - 1.8×4. Therefore, the answer is: B; D. 

[Analysis] According to the problem, let the price of each pen be x yuan. Based on the equivalent relationship: the unit price of each pen × quantity + the unit price of each ballpoint pen × quantity = total amount spent, or the unit price of each pen × quantity = total amount spent - the unit price of each ballpoint pen × quantity. Based on this, set up the equation to solve."	others	primary	medium
551	The total length of the edges of a cube is 24m, then the surface area is 24m\textsuperscript{2}.	true_false	False	The surface area of a cube	"Solution: The edge length is: 24 ÷ 12 = 2 (meters)  
The area occupied is: 2 × 2 = 4 (square meters)  
The surface area is: 2 × 2 × 6 = 24 (square centimeters)  
Answer: Its occupied area is 4 square meters, and the surface area is 24 square meters.  
Therefore, the answer is: B, C.  

Analysis: Based on the characteristics of a cube, the lengths of all 12 edges are equal. The total length of the cube's edges = edge length × 12. From this, the edge length can be determined. Then, using the formula for the area of a square S = a × a and the cube's surface area formula: s = 6a², substitute the data into the formula to solve. This problem primarily tests the characteristics of a cube and the calculation of occupied area and surface area. First, calculate the"	others	primary	medium
2432	Xiaoming's home is to the northeast of the school, and the school is to the southwest of Xiaoming's home.	true_false	True	Determine the position based on the east, west, south, and north directions.	"[Answer] Xiaoming's home is northeast of the school, and the school is southwest of Xiaoming's home; this statement is correct.  
Therefore, the answer is: Correct.  
[Analysis] The positional relationship between objects is relative. The commonly mentioned eight directions are north, northeast, east, southeast, south, southwest, west, and northwest. Between east and south is southeast, between east and north is northeast, between west and north is northwest, and between west and south is southwest. Northeast is opposite to southwest, while northwest is opposite to southeast."	2021	primary	medium
2644	An isosceles trapezoid has two pairs of parallel opposite sides.	true_false	False	Features and Properties of a Parallelogram###Characteristics and Classification of Trapezoids	"[Answer] Solution: Option A: Some parallelograms have all equal heights, which makes the original statement incorrect;  
Option B: In an isosceles trapezoid, a line segment can divide it into two identical trapezoids, making the original statement correct;  
Option C: The distance between a set of parallel lines is equal everywhere, making the original statement correct;  
Option D: In an isosceles trapezoid, only one pair of opposite sides is parallel, making the original statement incorrect.  
Therefore, the answer is A and D.  
[Analysis] Option A: A square is a special kind of parallelogram where all heights are equal;  
Option B: Drawing a perpendicular line through the midpoint of the top and bottom bases in an isosceles trapezoid divides it into two identical right-angle trapezoids;  
Option C: The distances between parallel lines are all equal;  
Option D: Regardless of the type"	2021	primary	medium
3546	Xiaoming's seat is in the third column, fifth row, represented as the ordered pair (3, 5). ( )	true_false	True	Pairs and positions	Solution: Xiaoming's seat is in the third column, fifth row, represented as the pair (3, 5). Therefore, the answer is: correct. Analysis: When using a pair to represent a seat, the column number is written as the first number in the pair, and the row number is written as the second number.	2021	primary	medium
707	To calculate the surface area of the side label paper of a cylindrical chip packaging tube with a radius of 3cm and height 11cm, the formula is not 3.14×3×2×11.	true_false	False	Lateral surface area and total surface area of a cylinder	"Answer: Solution: The lateral surface area is: 3.14 × 3 × 2 × 11; \\
Thus, the answer is: A. \\
Analysis: The formula for the lateral surface area of a cylinder is: 2πrh. Based on this, you can set up the equation to solve it."	others	primary	medium
652	The width of a swimming pool is about 25 centimeters.	true_false	False	Conversion and comparison between meters and centimeters	"[Answer] The width of a swimming pool is approximately 25 meters. The original statement is incorrect. \\
Therefore, the answer is: Incorrect.
[Analysis] A swimming pool is relatively large, so its width should be measured in meters, where 1 meter = 100 centimeters.
\textbf{III. Fill-in-the-blank Questions}"	2020	primary	medium
1113	If \( a \times \frac{8}{9} = b \div \frac{7}{8} \) and both \( a \) and \( b \) are greater than 0, then \( a > b \).	true_false	True	Comparison of Fractions with the Same Denominator###Multiplying Fractions by Integers###Division of fractions by fractions	"Solution: Let \emph{a}×\(\frac{8}{9}\)=\emph{b÷}\(\frac{7}{8}\)=1, then a=1÷\(\frac{8}{9}\)=\(\frac{9}{8}\); b=1×\(\frac{7}{8}\)=\(\frac{7}{8}\);\\
\(\frac{9}{8}\) > \(\frac{7}{8}\), so a > b, the original statement is correct.\\
Therefore, the answer is: Correct.\\
Analysis: Let \emph{a}×\(\frac{8}{9}\)=\emph{b÷}\(\frac{7}{8}\)=1. Determine the values of a and b separately, and then compare their sizes to make a judgment."	2023	primary	medium
3556	0.3 hours is 3 minutes. ( )	true_false	False	Conversion of units with decimals###Understanding and Conversion of Hours and Minutes	"[Answer] Solution: 0.3×60=18 (minutes), so 0.3 hours is 18 minutes, indicating the original statement is incorrect. \\
Therefore, the answer is: incorrect.  
[Analysis] 1 hour = 60 minutes, converting a higher unit to a lower unit involves multiplying by the conversion rate. In this case, converting 0.3 hours into minutes allows us to determine the correctness."	2020	primary	medium
2056	Xiaoxin goes to school in the morning, leaves at 7:45, and reaches school at 8:00, taking a total of 10 minutes.	true_false	False	24-hour time calculation	"[Answer] Solution: 8:00 - 7:45 = 15 minutes, so a total of 15 minutes were used. \\
Therefore, the answer is: 15. \\
[Analysis] Total time used = Arrival time - Departure time; answer accordingly."	2024	primary	medium
2497	The product of an integer and a decimal is always a decimal. (      )	true_false	False	Decimal multiplication of a decimal by an integer	Solution: When an integer is multiplied by a decimal, their product is not necessarily a decimal. Therefore, the answer is: Incorrect. Analysis: For example, 10 * 0.5 = 5, where 10 is an integer and 0.5 is a decimal, but their product, 5, is an integer, not a decimal.	2023	primary	medium
488	The size of a sector is only related to the size of the central angle. (　　)	true_false	False	Area of a sector	"[Answer] Explanation: In the same or congruent circles, the size of a sector is only related to the size of the central angle. \\
Therefore, the answer is: Incorrect. \\
[Analysis] In the same or congruent circles, the size of a sector is only related to the size of the central angle; otherwise, the size of the sector is related to both the central angle and the radius."	2023	primary	medium
2891	Naughty is reading a 100-page storybook. On the first day, he read 32% of the book. On the second day, he should start reading from page 33.	true_false	True	Application of Percentages -- Using Multiplication to Find Partial Quantities	Answer: Solution: 100 * 32% + 1 = 33 pages, so he should start from page 33 on the second day. \ Therefore, the answer is: Correct. Analysis: The page where he should start reading on the second day = total pages of the storybook * the percentage read on the first day + 1. Answer accordingly.	2020	primary	medium
3548	The textbook is rectangular.	true_false	False	Classification and Identification of Solid Figures	"Solution: The textbook is a rectangular prism.  
Therefore, the answer is: Incorrect.  
Analysis: The textbook is a three-dimensional shape, a rectangular prism."	others	primary	medium
1271	At 8 o'clock on the clock, the angle formed by the hour hand and the minute hand is an acute angle. ( )	true_false	False	Characteristics of acute and obtuse angles	[Answer] At 8:00 on the clock, the angle between the hour and minute hands is obtuse. The original statement is incorrect. Therefore, the answer is: Incorrect. [Analysis] At 8:00, the hour hand points to 8, and the minute hand points to 12. There are 4 large divisions between the two hands, and the angle is obtuse.	2023	primary	medium
638	Judgment: Using 16 squares, each with an area of 1 square centimeter, to form a shape, regardless of how they are combined, the area is always 16 square centimeters. ( )	true_false	True	Cutting and Assembling Cubes	"[Answer] Solution: Using 16 squares, each with an area of 1 square centimeter, to form a shape, the area will always be 16 square centimeters regardless of how they are arranged. The original statement is correct. \\
Therefore, the answer is: Correct.
[Analysis] No matter how you arrange them, the area is still the sum of 16 squares of 1 square centimeter each, so the area is always 16 square centimeters."	others	primary	medium
1022	The ratio of circumference to diameter for two circles of different sizes is equal. (    )	true_false	True	Understanding circles, centers, radii, and diameters###The relationship between pi and the circumference and area of a circle.	"Answer: The ratio of the circumference of any circle to its diameter is a constant number, which we call pi, generally represented by ""π"". Thus, Circumference ÷ Diameter = π (constant), so the ratio of the circumference to the diameter of a larger circle is equal to that of a smaller circle. Therefore, the answer is: Correct. 

Analysis: Based on the meaning of pi, the ratio of the circumference of any circle to its diameter is a constant number, which we call pi. Therefore, the solution follows."	others	primary	medium
2659	Grandpa is 98 years old this year, which is 14 times Xiao Le's age. Xiao Le is 7 years old this year.	true_false	True	Double application	Solution: 98 / 14 = 7 years old, meaning Lele is 7 years old this year. So the answer is: Correct. Analysis: Lele's age this year = Grandfather's age this year / the multiple of grandfather's age that corresponds to Lele's age. Based on this, substitute the values to answer.	2020	primary	medium
2737	If \(a \div \frac{6}{7} = b \div \frac{1}{3} = c\), then the smallest number among a, b, and c can be determined.	true_false	False	Comparison of the size of fractions with different numerators and denominators.###Division of fractions by fractions	"Solution: Let \(a \div \frac{6}{7} = b \div \frac{1}{3} = c = 1\), then \(a = \frac{6}{7}\), \(b = \frac{1}{3}\), \(c = 1\). We have \(\frac{1}{3} < \frac{6}{7} < 1\), thus \(b < a < c\). Therefore, the answer is: B.

Analysis: According to the problem, assume \(a \div \frac{6}{7} = b \div \frac{1}{3} = c = 1\), calculate the values of \(a\), \(b\), and \(c\) separately, then compare their sizes."	2024	primary	medium
1961	A rectangle has a perimeter of 1 meter (10 decimeters) and a length of 4 decimeters. The correct method to find the width in decimeters is option B.	true_false	False	Perimeter of a rectangle	"Solution: 1 meter = 10 decimeters

Perimeter ÷ 2 = Length + Width

The equation to find the width is 10 ÷ 2 = 5 (decimeters)

5 - 4 = 1 (decimeter)

Perimeter minus twice the length equals twice the width

Another equation can be written as 4 × 2 = 8 (decimeters)

10 - 8 = 2 (decimeters)

2 ÷ 2 = 1 (decimeter)

Therefore, choose: B, D.

Analysis: First, convert all measurements to decimeters. 

Then use the formula Perimeter = (Length + Width) × 2 

Perimeter = Length × 2 + Width × 2

It is important to accurately and flexibly understand and use the relationship between the perimeter, length, and width."	others	primary	medium
1103	The number 40705000 has one zero read between the digits 4 and 7. ( )	true_false	False	Reading and Writing of Numbers Above One Hundred Million and Their Composition	"Solution:  
Option A: 407005000 is read as: Four hundred seven million five thousand;  
Option B: 40705000 is read as: Four million seventy thousand five thousand;  
Option C: 40700005 is read as: Four million seventy thousand and five.  
Therefore, the answer is: A and B.  

Analysis: Reading numbers in the billions: first segment the number, then read from the highest digit. After reading numbers in the billion or million sections, add the word ""billion"" or ""million."" Any zeros at the end of each section are not read, and any single zero or consecutive zeros in other positions are read as one zero."	2019	primary	medium
492	If you divide 3 cakes equally into 4 parts, each part is \(\frac{3}{4}\) of a cake.	true_false	True	Fractions and Their Meaning	"[Answer] Dividing 3 cakes into 4 equal parts, each part is \(\frac{3}{4}\) of one cake. The original statement is correct. Therefore, the answer is: correct.

[Analysis] Dividing 3 cakes into 4 equal parts, each part is \(\frac{3}{4}\) of one cake, or it can be said that each part is \(\frac{1}{4}\) of 3 cakes."	2023	primary	medium
399	When the hour hand moves from 5 to 6, the angle formed by the minute hand's rotation is a full 360 degrees.	true_false	True	Characteristics of a straight angle and a full angle	"[Answer] Solution: When the hour hand moves from 5 o'clock to 6 o'clock, the angle formed by the minute hand's rotation is a full angle, which confirms the statement in the original question as correct. \\
Therefore, the answer is: Correct. 
[Analysis] As the hour hand moves from 5 o'clock to 6 o'clock, it travels for one hour, and the minute hand completes a full rotation, forming a full angle."	2022	primary	medium
3031	Divide a 3-meter-long ribbon evenly into 7 segments to make bows, each segment is \(\frac{3}{7}\) of the total length. (　　)	true_false	False	Simple Application of Fractions -- What Fraction of the Total	"Solution: \(1 \div 7 = \frac{1}{7}\)\\
Therefore, the answer is: Incorrect\\
Analysis: First, based on the meaning of fractions, divide a whole (in this case, a 3-meter-long ribbon) into several equal parts (7 parts in this question). The proportion of each part should be the whole length divided by the number of parts, i.e., \(1 \div 7 = \frac{1}{7}\). If the 3-meter-long ribbon is evenly divided into 7 segments, then the length of each segment should be \(3 \div 7\) meters, meaning that each segment's length is \(\frac{1}{7}\) of the total length, not \(\frac{3}{7}\)."	others	primary	medium
2507	True or False: The tens digit of 78 is 8. (      )	true_false	False	Understanding and Reading/Writing Numbers 41-100	"【Solution】Explanation: The tens digit of 78 is 7.  
Therefore, the answer is: Incorrect.  
【Analysis】Starting from the right, the first place is the units, the second place is the tens, and the third place is the hundreds."	others	primary	medium
110	"An item being sold at a ""65% discount"" means the current price is 65% lower than the original price. (    )"	true_false	False	Application of Percentages: Increase or Decrease by a Certain Percentage###Application of Percentages -- Discount	"【Solution】Explanation: 1−65% = 35%,  
It has decreased by 35% compared to the original price.  
Therefore, the answer is: Incorrect.  
【Analysis】Consider the original price of this product as ""1"". Selling at a 65% discount means selling at 65% of the original price, which is 35% cheaper than the original price. Simply determine the result after solving."	2025	primary	medium
2427	80 meters less 20 meters is 60 centimeters. (　　)	true_false	False	Addition and subtraction of multiples of ten###Understanding and Using Centimeters###Understanding and Use of Rice	"[Answer] Solution: 80 - 20 = 60 (meters), so 20 meters less than 80 meters is 60 meters. \\
Therefore, the answer is: False. \\
[Analysis] To determine how much less one quantity is than another, subtract the second quantity from the first."	2022	primary	medium
3103	The school purchased 36 jump ropes and 24 soccer balls to be evenly distributed among a number of classes, with none left over. If the number of classes is between 10 and 15, then there are \ul{ } classes, each class receives \ul{ } jump ropes, and each class receives \ul{ } soccer balls.	true_false	False	Application of the Greatest Common Divisor	"Solution:  
The greatest common divisor of 36 and 24 is 2×2×3=12, so there are 12 classes;  
36÷12=3 (jump ropes per class)  
24÷12=2 (footballs per class).  
Therefore, the answer is: 12; 3; 2.  

Analysis: The number of these classes is the greatest common divisor of 36 and 24, calculated using short division;  
The average number of jump ropes per class = total number of jump ropes ÷ number of classes;  
The average number of footballs per class = total number of footballs ÷ number of classes."	2025	primary	medium
1968	Liangliang has 4 different pairs of pants and 2 different tops, resulting in 8 different matching combinations. (    )	true_false	True	Permutation and combination	Solution: 4*2=8 combinations, resulting in 8 different pairing methods. Thus, the answer is: Correct. Analysis: Since each pair of pants can be matched with 2 tops, and there are 4 different pairs of pants, there are a total of 2*4=8 different pairing methods.	2018	primary	medium
2739	Tiantian bought 2 kg of fruit candies and 1 kg of milk candies for a total of 91 yuan. The unit price of milk candies is \(\frac{5}{4}\) of the unit price of fruit candies. The price of fruit candies is \ul{  } yuan/kg, and the price of milk candies is \ul{  } yuan/kg.	true_false	False	"Application of Fraction Multiplication###Recognition and Identification of the Unit ""1""###Application of Fraction Division - Quantity and Rate Correspondence"	"Solution: Consider the unit price of fruit candy as ""1"". Fruit candy unit price: 91 ÷ (1 + 1 + \(\frac{5}{4}\)) = 28 (yuan/kg); Milk candy unit price: 28 × \(\frac{5}{4}\) = 35 (yuan/kg). Thus, the answers are: 28; 35. Analysis: By considering the unit price of fruit candy as ""1"", the rate corresponding to 91 yuan is 1 + 1 + \(\frac{5}{4}\) = \(\frac{13}{4}\). Hence, the unit price of fruit candy is 91 ÷ \(\frac{13}{4}\) = 28 (yuan/kg), and subsequently, the unit price of milk candy is 28 × \(\frac{5}{4}\) = 35 (yuan/kg)."	others	primary	medium
711	Two squares with equal perimeters must have equal side lengths.	true_false	True	The perimeter of a square.	Answer: Explanation: For two squares with equal perimeters, their side lengths must be equal. This statement is correct. Thus, the answer is: Correct. Analysis: The perimeter of a square divided by 4 equals the side length of the square, which is used to solve this.	2020	primary	medium
2065	Given ◆×6=42 and ●+●+●+●+●=40, then ◆×●=70.	true_false	False	Substitution problem###Multiplication Table of 5 and Its Applications###Multiplication Table of 6 and Its Applications	"Solution: (1) \(7 \times 6 = 42\)\\
\(8 \times 5 = 40\)\\
\(7 \times 8 = 56\);\\
(2) \(25 - 9 \times 2 = 7\)\\
\(9 - 7 = 2\)\\
\(7 \times 2 = 14\).\\
Therefore, the answers are: (1) 56; (2) 14.\\
Analysis: (1) Based on the multiplication tables ""six times seven equals forty-two"" and ""five times eight equals forty,"" find ◆=7 and ●=8, then multiply;\\
(2) First substitute ★ + ☆ = 9 into ★ + ★ + ☆ + ☆ + ☆ = 25 to find ☆=7, then ★ = 9 - 7 = 2, and then multiply."	others	primary	medium
404	One of the base angles of an isosceles triangle is 64 degrees; this is an obtuse triangle. (False)	true_false	False	Classification of Triangles###Understanding and Characteristics of Isosceles Triangles###The sum of the interior angles of a triangle	"[Answer]  
180° - 64° × 2  
= 180° - 128°  
= 52°  

This is an acute triangle, so the original statement is incorrect.  
Therefore, the answer is: incorrect.

[Analysis]  
In an isosceles triangle, the two base angles are equal, and the sum of the interior angles is 180°. First, calculate the angle at the apex of the isosceles triangle and then determine what kind of triangle it is. A triangle with all acute angles is called an acute triangle; a triangle with one right angle is called a right triangle; a triangle with one obtuse angle is called an obtuse triangle."	2023	primary	medium
4348	According to Miaoxiang's exchange rate of 10 toy cars for 4 dolls, Xiaoxiao should give Naughty 18 toy cars to exchange for 6 dolls.	true_false	False	Equivalent substitution geometry problem	"[Explanation] Solution: 10 ÷ 4 = 2.5 (toys); 6 × 2.5 = 15 (toys).

Miaoxiang traded 10 toy cars with Taoxi for 4 dolls. Taoxi has many dolls, and Xiaoxiao also wants 6 of them. According to Miaoxiang's exchange rate, Xiaoxiao should give Taoxi 15 toy cars. The original statement is incorrect.

Therefore, the answer is: incorrect.

[Analysis] First, determine how many toy cars Miaoxiang needs to trade for one doll with Taoxi, then multiply by 6 to find out how many toy cars Xiaoxiao needs to give Taoxi to trade for 6 dolls."	2024	primary	easy
2812	96-32+28=96. (   )	true_false	False	Mixed addition and subtraction operations within 100	Solution Explanation: 96 - 32 + 28 = 64 + 28 = 92 Therefore, the answer is: Incorrect. Analysis: In mixed addition and subtraction operations without parentheses, calculations are performed from left to right.	2021	primary	medium
1184	A 20 cm thin iron wire can be cut into 3 segments to form a triangle by cutting it into lengths 8 cm, 7 cm, and 5 cm.	true_false	False	The characteristics of a triangle	Answer: A, 7+5 > 8, so this group of sticks can form a triangle; B, 6+1 < 13, so this group of sticks cannot form a triangle; C, 4+7 > 9, so this group of sticks can form a triangle; D, 3+7 = 10, so this group of sticks cannot form a triangle; Therefore, choose: A, C. Analysis: According to the properties of triangles: the sum of any two sides must be greater than the third side, and the difference between any two sides must be less than the third side; analyze in sequence.	2015	primary	medium
5414	Determine true or false: In the Northern Hemisphere, if you stand facing the sun at noon, north is behind you.	true_false	True	Front, rear position###Determine the position based on the east, west, south, and north directions.	nan	others	primary	hard
723	The product of 125×80 ends with one 0. ( )	true_false	False	Three-digit multiplied by two-digit mental arithmetic multiplication	"Answer: 125×80=10000, so the product ends with four zeros.  
Therefore, the answer is: False.  
Analysis: First calculate the result of 125×80, then observe the number of zeros at the end of the product."	2020	primary	medium
2810	The sum of a two-digit number and another two-digit number is always a three-digit number. (    )	true_false	False	Carrying addition within ten thousand	[Answer] Solution: For example, 10 + 10 = 20, the sum is a two-digit number; 99 + 99 = 198, the sum is a three-digit number. Therefore, the answer is: false. [Analysis] The sum of two two-digit numbers can be either a two-digit or a three-digit number.	2022	primary	medium
3016	An equation with parentheses should be calculated by solving the contents inside the parentheses first.	true_false	True	Order of operations with parentheses	"[Answer] Explanation: In an expression with parentheses, calculate the inside of the parentheses first.\\
Therefore, the answer is: Correct.
[Analysis] In calculations with parentheses, you must first calculate inside the parentheses, then outside."	2020	primary	medium
2642	The simplified algorithm for calculating 148+77+52 is (148+52)+77.	true_false	False	Commutative law of addition for integers###Associative property of integer addition	Solution: Using the commutative and associative laws of addition, 148+77+52 = (148+52)+77 = (52+148)+77. Therefore, the answer is: CD. Analysis: By using the commutative and associative laws of addition, combine the two numbers that add up to a whole hundred for easier calculation.	others	primary	medium
2965	Huahua walks \(\frac{1}{10}\) km in \(\frac{4}{5}\) minutes, in half an hour she walks 3 km; she needs 4 minutes to walk \(\frac{4}{5}\) km.	true_false	False	Application of Fraction Division###Mixed operations of fraction multiplication and division	"Solution: Half an hour = 30 minutes  
\(\frac{1}{10}\) ÷ \(\frac{4}{5}\) × 30  
= \(\frac{1}{8}\) × 30  
= \(\frac{15}{4}\) (kilometers)  
\(\frac{4}{5}\) ÷ (\(\frac{1}{10}\) ÷ \(\frac{4}{5}\))  
= \(\frac{4}{5}\) ÷ \(\frac{1}{8}\)  
= \(\frac{32}{5}\) (minutes).  
Therefore, the answer is: \(\frac{15}{4}\); \(\frac{32}{5}\).  
Analysis: First, convert the unit: half an hour = 30 minutes. The distance she walks in half an hour = average walking speed per minute × walking time;  
The time needed for her to walk \(\"	others	primary	medium
3179	Given \(x \odot (4 \odot 1) = 7\), then \(x = 3\).	true_false	False	Define a new operation	"Solution: 

4⊙1 
= 3×4 - 2×1 
= 12 - 2 
= 10 

x⊙(4⊙1) = 7 
x⊙10 = 7 
3x - 2×10 = 7 
3x = 7 + 20 
3x = 27 
x = 27 ÷ 3 
x = 9 

Therefore, the answer is: 9

Analysis: According to the operation rule given by the problem, first calculate the number inside the parentheses and then set up an equation based on the operation rule to solve it."	others	primary	medium
2587	6 hectares > 600 square meters; 401 hectares < 400 square kilometers; 106×40 = 16×400; 74.6 billion = 74,600,000,000	true_false	False	Conversion and Comparison between Hectares, Square Kilometers, and Square Meters###Conversion of area units###Three-digit multiplied by two-digit long multiplication	nan	2024	primary	medium
2357	Tian Tian read the weight of high-gluten flour as 329 grams, not noticing the decimal point indicating a single-digit decimal. The difference between the mistaken weight and the actual weight is 320 grams.	true_false	False	Addition and subtraction of decimals	"[Solution] Solution: The actual weight is 32.9 grams,  
329 - 32.9 = 296.1 (grams)  
Therefore, the answer is: 296.1.  
[Analysis] The actual weight is a single decimal place number, so by moving the decimal point of 329 one place to the left, you get the actual weight. Then, subtract the incorrect weight from the actual weight to solve."	others	primary	medium
549	"Removing the decimal points from the two factors in \(4.6 \times 1.01\) enlarges the product to (       ) times the original.

A. 10 B. 100 C. 1000 D. 10000"	true_false	False	Moving the decimal point to the right causes a change in the size of the decimal.###The rule of change in the product	"Answer: Removing the decimal points from the two factors in 4.6×1.01 enlarges the product by 1000 times the original: 10×100=1000; \\
Therefore, the answer is: C. \\
Analysis: Pattern of product change: In a multiplication equation, if one factor remains unchanged and the other factor is multiplied by a certain number (not zero), the product is also multiplied by that number; if one factor remains unchanged and the other factor is divided by a certain number (not zero), the product is also divided by that number."	2024	primary	medium
2806	The product of 96×8 is approximately 800. (　　)	true_false	True	Estimation of Multiplying a Multi-digit Number by a One-digit Number	"Solution: 96×8≈100×8=800. \\
Therefore, the answer is: correct. \\
Analysis: When estimating 96×8, you can approximate 96 as 100 and calculate it as 100×8."	2020	primary	medium
1031	The school is located 40° northeast of the north direction from the park, which can also be described as 50° north of the east direction or the park is 140° southwest of the west direction from the school.	true_false	False	East, West, South, North directions and their corresponding relationships.	Answer: The school is 40° north of east from the park, which can also be described as 50° east of north from the park or the park is 40° south of west from the school. The original statement is incorrect. Therefore, the answer is: Incorrect. Analysis: 40° north of east and 50° east of north represent the same direction. The positional relationship where A is in a certain direction from B and B is in a certain direction from A is opposite in direction but maintains the same degree.	2020	primary	medium
641	The product of 40×5 ends with a 0. ( )	true_false	False	Multiplication and division of whole tens, hundreds, and thousands with single-digit numbers.	"[Answer] Solution: 40×5=200, so there are 2 zeros at the end of the product, meaning the original statement is incorrect. \\
Therefore, the answer is: Incorrect. \\
[Analysis] This problem can be solved by directly calculating the product of 40×5 and observing the end of the product."	2020	primary	medium
1108	2 is a composite number.	true_false	False	Odd and even numbers###Characteristics of Composite Numbers and Prime Numbers	"[Answer] Solution: Is 2 an even number or a prime number? \\
Thus, the answer is: B, C. \\
[Analysis] A number that has only two factors, 1 and itself, is a prime number. 2 has only the factors 1 and 2; numbers ending in 0, 2, 4, 6, 8 are even numbers, so 2 is even."	2021	primary	medium
3560	A proper fraction with the difference between the numerator and denominator being 14 reduces to \(\frac{11}{18}\).	true_false	False	The meaning and characteristics of proper fractions and improper fractions.###Understanding and Application of Simplification	"Solution: If both the numerator and denominator of a fraction are multiplied by the same factor, the value of the fraction remains unchanged. Thus, the difference between the numerator and denominator also becomes that many times larger. So, \(18 - 11 = 7, 14 \div 7 = 2, \frac{11 \times 2}{18 \times 2} = \frac{22}{36}.\)

Therefore, the answer is \(\frac{22}{36}\).

Analysis: According to the properties of fractions, if both the numerator and denominator of a fraction are multiplied by the same factor, the value of the fraction remains unchanged. The difference between the numerator and denominator also becomes that many times larger. Subtract 11 from 18, then divide 14 by (18-11) to find the expansion factor. Multiply this factor by both the numerator and denominator of the fraction \(\frac{11}{18}\) to solve."	others	primary	medium
336	1.3 decimeters is equal to 0.13 meters and not equal to 130 centimeters	true_false	False	Conversion of units with decimals###Conversion and comparison between meters, decimeters, centimeters, and millimeters.	"Answer: Option A, 0.13 meters = 0.13×10 = 1.3 decimeters;  
Option B, 1.30 decimeters = 1.3 decimeters;  
Option C, 1.03 decimeters < 1.3 decimeters;  
Option D, 130 centimeters = 130÷10 = 13 decimeters, which is not equal to 1.3 decimeters.  
Therefore, the answer is: C; D.

Analysis: This question mainly tests the conversion of length units. According to 1 meter = 10 decimeters, 1 decimeter = 10 centimeters, the number of higher units × conversion rate = the number of lower units, the number of lower units ÷ conversion rate = the number of higher units. Convert the units of numbers in each option to decimeters and then compare."	2020	primary	medium
721	A cube with a volume of 1 cubic decimeter can be divided into 1,000 smaller cubes with a volume of 1 cubic centimeter. ( )	true_false	True	Conversion and rates between units of volume	Solution: A cube with a volume of 1 cubic decimeter can be divided into 1,000 smaller cubes with a volume of 1 cubic centimeter each. The original statement is correct. Therefore, the answer is: Correct. Analysis: 1 cubic decimeter = 1,000 cubic centimeters, so a cube with a volume of 1 cubic decimeter can be divided into 1,000 smaller cubes with a volume of 1 cubic centimeter each.	others	primary	medium
407	6.363636 is not a repeating decimal. ( )	true_false	True	Understanding repeating decimals	"[Answer] Explanation: 6.363636 is a finite decimal, not a repeating decimal, so the statement in the original question is correct.\\
Therefore, the answer is: correct.

[Analysis] A repeating decimal is a decimal where, starting from a certain position, one or several digits repeatedly appear in succession."	2022	primary	medium
107	To finish the renovation within a week, Team A and Team B can be chosen to collaborate on the project.	true_false	False	Mixed operations of fraction multiplication and fraction addition and subtraction###The relationship and application of work efficiency, time, and total workload.	"[Solution] Answer: According to the problem, the efficiency of A is \(\frac{1}{10}\), B's efficiency is \(\frac{1}{12}\), C's efficiency is \(\frac{1}{15}\), and D's efficiency is \(\frac{1}{20}\);

So A and B complete in one week: \(7 \times (\frac{1}{10} + \frac{1}{12}) = \frac{77}{60} > 1\),
A and C complete in one week: \(7 \times (\frac{1}{10} + \frac{1}{15}) = \frac{7}{6} > 1\),
A and D complete in one week: \(7 \times (\frac{1}{10} + \frac{1}{20}) = \frac{21}{20} > 1\),
B and C complete in one week: \(7 \times (\frac{"	2020	primary	medium
718	The diameter of the base and the height of a cylinder are both 6 centimeters. When the lateral surface of this cylinder is unfolded, it is certainly a square. ( )	true_false	False	The unfolded view of a cylinder	Answer: Solution: The circumference of the cylinder's base is 3.14*6=18.84 (cm). Therefore, the cylinder's lateral surface development is a rectangle with a length of 18.84 cm and a width of 6 cm. Thus, the answer is: False. Analysis: The development of a cylinder is a rectangle, where the length equals the circumference of the cylinder's base and the width equals the height of the cylinder.	2023	primary	medium
3172	A product first increases in price by \(\frac{2}{5}\), then is discounted by 40%, making the current price equal to the original price. (     )	true_false	False	Application of Percentages -- Discount	"Solution:  
\[1 \times (1 + \frac{2}{5}) \times 60\% = \frac{7}{5} \times 60\% = \frac{21}{25}\]  
Since \(1 > \frac{21}{25}\), the current price is lower than the original price, making the statement in the original problem incorrect.  
Therefore, the answer is: Incorrect.  

Analysis: Treat the original price as ""1"". The increased price is the original price multiplied by \((1 + \frac{2}{5})\). First, calculate the increased price, and then multiply by 60% to find the current price. Finally, compare it with the original price."	others	primary	medium
3265	The fraction \(\frac{3}{4}\) of the number of apples is equal to the whole number quantity of oranges.	true_false	False	"Recognition and Identification of the Unit ""1"""	"Solution: The number of apples multiplied by \(\frac{3}{4}\) is equivalent to the number of oranges, considering the number of apples as unit ""1"". Apples × \(\frac{3}{4} =\) number of oranges. Thus, the answer is: apples; apples; ×; oranges. Analysis: According to the method for determining unit ""1"": typically, the quantity following ""ratio, occupying, is, equivalent to"" is considered unit ""1"", i.e., the quantity before the fraction's ""of"" is considered unit ""1""; number of apples × \(\frac{3}{4} =\) number of oranges."	others	primary	medium
2278	x=0.6 is the solution of the equation 10x=6. (    )	true_false	True	Apply the properties of equality to solve equations.	"Solution:  
10x = 6  
x = 6 ÷ 10  
x = 0.6.  
Therefore, the answer is: Correct.  

Analysis:  
Property of equations 2: If both sides of an equation are multiplied or divided by the same non-zero number, both sides remain equal; solve the equation based on this property of equations."	2023	primary	medium
1837	A five-digit number where the digit in the ten-thousands place is a prime and even number, the thousands place is the smallest composite number, the hundreds place is 1 greater than the smallest natural number, the tens place is both a multiple and a factor of 8, and the number itself is divisible by 2, 3, and 5 exists.	true_false	False	Characteristics and Methods of Finding Factors###Characteristics of multiples of 2 and 5###Characteristics of multiples of 3###Characteristics of Composite Numbers and Prime Numbers	"Solution: 

The digit in the ten-thousands place is both a prime number and an even number, which means it is 2.

The digit in the thousands place is the smallest composite number, which is 4.

The digit in the hundreds place is 1 greater than the smallest natural number 0, thus it is 1.

The digit in the tens place is both a multiple and a factor of 8, so it is 8.

Moreover, the number is divisible by 2, 3, and 5. For divisibility by 2, the unit digit must be one of 0, 2, 4, 6, or 8. For divisibility by 5, the unit digit must be 0 or 5. For divisibility by 3, the sum of the digits must be a multiple of 3: 2 + 4 + 1 + 8 + 0 = 15, and 15 is divisible"	others	primary	medium
2204	Komatsu and Lele's 50-meter race times are 9.2 seconds and 9.3 seconds respectively, with Lele running slightly faster. ( )	true_false	False	Comparison of decimal magnitudes###The relationship and application of speed, time, and distance	[Solution] Explanation: 9.2 seconds < 9.3 seconds, Xiao Song runs faster. Therefore, the answer is: Incorrect. [Analysis] Speed = Distance / Time. With equal distances, the one taking less time runs faster.	2023	primary	medium
2064	Observing a 45° angle with a magnifying glass that can enlarge objects by 2 times results in an angle of 90°.	true_false	False	Concept and Representation of Angles	"【Solution】 Observing a 45° angle with a magnifying glass that enlarges objects by 2 times, the angle remains 45°.  
Therefore, the answer is: 45.  
【Analysis】 Observing a 45° angle with a magnifying glass that enlarges objects by 2 times, the figure is enlarged, but only the sides of the angle are extended. Regardless of how much the sides are extended, the angle itself remains unchanged. Therefore, the angle is still 45°."	others	primary	medium
391	To ensure fairness, Tiantian and her sister should not choose game C. Each picks a card at random from a set of cards numbered 1, 3, 6, 8, 9, 10, replacing the card after picking. If an odd number is picked, Tiantian wins; if an even number, her sister wins.	true_false	False	The fairness of game rules	Answer: Option A: When flipping a coin, the probability of getting heads or tails is the same, making the game fair. Option B: In a game of rock-paper-scissors, the likelihood of either player winning is equal, making the game fair. Option C: From numbers 1, 3, 6, 8, 9, 10, picking odd (1, 3, 9) and even (6, 8, 10) numbers has equal probability, making the game fair. Option D: With different quantities of two types of chocolates in the box, the game is unfair, meeting the requirement. Therefore, the answer is: D. Analysis: Firstly, the task is to identify an unfair game choice, meaning the chances of winning for both sides are not equal. We analyze each option one by one.	others	primary	medium
804	Pair B, 10:9 and 0.2:0.18, can form a proportion.	true_false	False	Understanding of Ratios and Judgment of Composing Ratios	"[Answer] Option A, because 7×6=42, 5×8=40, and 42≠40, so 7:5 and 8:6 cannot form a proportion;  
Option B, because 10×0.18=1.8, 9×0.2=1.8, and 1.8=1.8, so 10:9 and 0.2:0.18 can form a proportion;  
Option C, because \(\frac{2}{3}\)×0.3=0.2, \(\frac{2}{5}\)×0.5=0.2, and 0.2=0.2, so \(\frac{2}{3}\):\(\frac{2}{5}\) and 0.5:0.3 can form a proportion;  
Option D, because \(\frac{3}{9}\)×0."	others	primary	medium
1912	The cost per picture book is 6 yuan.	true_false	False	Division of a two-digit number by a one-digit number###Normalization problem###Carrying multiplication of a three-digit number by a one-digit number	"Solution: 18 ÷ 3 = 6 (yuan)  
207 × 6 = 1242 (yuan)  
54 ÷ 6 = 9 (books)  
150 × 6 = 900 (yuan)  
308 × 6 = 1848 (yuan)  
Therefore, the answer is: 1242; 9; 900; 1848.  

Analysis: First, calculate the price of one picture book using ""unit price = total price ÷ quantity,"" and then substitute the values into ""total price = unit price × quantity"" and ""quantity = total price ÷ unit price"" to obtain the results."	others	primary	medium
30	The equation 38 ÷ 3 results in an answer without a remainder.	true_false	False	Characteristics of multiples of 2 and 5###Characteristics of multiples of 3###Properties and Applications of Divisibility	"Solution: 3 + 8 = 11, 11 ÷ 3 = 3 with a remainder of 2, meaning the sum of the digits of 38 is not a multiple of 3, so 38 ÷ 3 has a remainder; 2 + 9 + 7 = 18, 18 ÷ 3 = 6, meaning the sum of the digits of 297 is a multiple of 3, so 297 ÷ 3 has no remainder; since the last digit of 115 is 5, 115 can be divisible by 5, i.e., 115 ÷ 5 has no remainder. Therefore, the answer is: B, C.

Analysis: The key to solving this problem is to know that if the sum of a number's digits is a multiple of 3, the number is a multiple of 3. If the last digit is 0 or 5, the number is a multiple of"	others	primary	medium
3022	An object that appears square from above is always a cube.	true_false	False	Observing the geometric body from different directions.	"Solution: An object that appears square from the top is not necessarily a cube.
Therefore, the answer is: False.
Analysis: An object appearing square from the top could be a cube, a rectangular prism, or other shapes."	2022	primary	medium
2148	Mother Rabbit originally brought back 12 carrots.	true_false	False	Backward induction method###Multiplication Table of 6 and Its Applications	"Solution: 3×2=6 (roots)\\
6×2=12 (roots).\\
Therefore the answer is: 12.\\
Analysis: Originally, the total number of roots in this batch of carrots = half of half the roots, which is 3 roots × 2 × 2."	others	primary	medium
263	The school has 2 rows of poplar trees, with 5 trees in each row. The correct expression to find the total number of trees is 2＋5.	true_false	False	Multiplication Table of 2 and Its Applications	nan	others	primary	medium
559	If the youngest person's age added to the oldest person's age is 9 years more than the sum of the other two people's ages, then none of them could possibly be 37 years old.	true_false	False	Age issue	"Solution: Pair the youngest and the oldest together, and the other two together. The sum of the ages in the first group is 49, making the oldest person 39 years old. The sum of the ages in the second group is 40, with both ages between 10 and 30. Therefore, the answer is: ABCD

Analysis: First, divide the four people into two groups, pairing the youngest and the oldest in one group and the other two in the second group. Based on the problem, the sum of ages in the first group is 49, and since the youngest is 10 years old, the oldest is (49-10) years old. Subtracting the sum of the first group's ages from the total sum of all ages gives the sum for the second group, allowing for identification."	2020	primary	medium
2509	A two-digit number where the sum of the tens digit and the units digit is 9, and the maximum value of this two-digit number is 81. ( )	true_false	False	Composition of numbers within 100###Comparison of numbers within 100	"Solution: 9 + 0 = 9, the largest two-digit number is 90.  
Therefore, the answer is: False.  
Analysis: To maximize this two-digit number, the tens digit must be the largest, which is 9, and the units digit is 0. This number is 90.  
Three, Fill in the Blank Questions"	2023	primary	medium
2817	During the National Day holiday, if Xiaoming and three other classmates each exchange cards with one another, a total of 6 greeting cards will be sent.	true_false	False	Handshake problem	"Solution: \((3+1) \times 3 = 4 \times 3 = 12\) (cards). Therefore, the answer is: Incorrect.

Analysis: If they each send a greeting card to everyone else, each person needs to receive 3 cards from the other 3 people. The card from A to B and from B to A are not the same, requiring a total of \(3 \times 4 = 12\) cards to be sent."	2020	primary	medium
1969	One face of the 3D shape seen is a square, and this 3D shape could be a cube. (    )	true_false	True	Characteristics of a Rectangular Prism###Characteristics of a Cube	"Solution: The visible face of the solid figure is a square; this solid figure could be a cube or a rectangular prism. \\
Thus, the answer is: Correct. \\
Analysis: Every face of a cube is a square, and a rectangular prism can have two square faces."	2020	primary	medium
3029	Any natural number has at least 2 factors. (       )	true_false	False	Characteristics and Methods of Finding Factors	"[Answer] Explanation: The natural number 1 has only one factor. The original statement is incorrect.  
Therefore, the answer is: Incorrect.  
[Analysis] Natural numbers greater than 1 all have at least 2 factors, while 1 has only 1 factor."	2021	primary	medium
2361	At least 7 people must vote to ensure that at least four voters have the exact same voting pattern.	true_false	False	Pigeonhole Principle	"Solution: To select 2 singers from 3, there are 3 ways to choose. To ensure that 4 people vote identically for 2 selected singers, at least:  
3×3＋1  
＝9＋1  
＝10 (people)  
Therefore, at least 10 people need to vote to guarantee that at least 4 voters have exactly the same voting outcome.  
The answer is: 10  
Analysis: To select 2 singers from 3, there are 3 ways to choose. To ensure that 4 people vote identically for 2 selected singers, at least (3×3＋1) people need to vote; solve accordingly."	2024	primary	medium
554	Three swallows eat 600 pests in 4 days. One swallow eats 50 pests in 4 days, and three swallows eat 150 pests in 1 day.	true_false	False	Three-digit number divided by a single-digit number, resulting in a quotient that contains 0.	"Solution: 600 ÷ 3 = 200 (each)  
600 ÷ 4 = 150 (each)  
Thus, the answer is: B; C.  
Analysis: Based on the problem's conditions, divide the number of pests eaten by 3 swallows over 4 days by the number of swallows to find the number of pests eaten by 1 swallow over 4 days; divide the number of pests eaten by 3 swallows over 4 days by the number of days to find the number of pests eaten by 3 swallows in 1 day. This forms the basis for the solution."	others	primary	medium
2969	"2 hours 30 minutes = \ul{　 　} minutes  
6 centimeters 5 millimeters = \ul{　 　} centimeters  
135 seconds = \ul{　 　} minutes \ul{　 　} seconds  
4070 kilograms = \ul{　 　} tons \ul{　 　} kilograms"	true_false	False	Conversion and Comparison of Hours, Minutes, and Seconds###Conversion and Comparison between Tons and Kilograms###Conversion and comparison between meters, decimeters, centimeters, and millimeters.	"【Answer】Solution: 2 hours 30 minutes = 150 minutes; 6 centimeters 5 millimeters = 6.5 centimeters; 
135 seconds = 2 minutes 15 seconds; 4070 kilograms = 4 tons 70 kilograms. 
Therefore, the answer is: 150; 6.5; 2; 15; 4; 70. 
【Analysis】1 hour = 60 minutes; 1 centimeter = 10 millimeters; 1 minute = 60 seconds; 1 ton = 1000 kilograms; 
Convert higher units to lower units by multiplying the conversion rate, and convert lower units to higher units by dividing the conversion rate."	2023	primary	medium
2511	Qiqi's height is approximately 13 meters.	true_false	False	Understanding of tons###Understanding and Use of Millimeters###Understanding and Use of Decimeters###Understanding and Using Kilometers###Understanding Seconds	"[Answer] Solution: A deep breath takes about 5 seconds. Kiki's height is approximately 1.3 meters. The load capacity of a truck is about 5 tons. The thickness of a piece of glass is approximately 10 millimeters. The distance from Beijing to Shenzhen is about 2300 kilometers. Therefore, the answer is: seconds; decimeters; tons; millimeters; kilometers. 

[Analysis] This question mainly tests the understanding of units of length, time, and mass. Common length units are: meters, decimeters, centimeters, millimeters; common mass units are tons, kilograms, grams; common time units are hours, minutes, seconds. Choose the appropriate unit based on practical life experience and data size."	others	primary	medium
2423	The two diagonals of the rectangle are perpendicular. (     )	true_false	False	Vertical characteristics and properties###Characteristics and Properties of a Rectangle	"[Answer] Solution: The two diagonals of a rectangle are not perpendicular, while the two diagonals of a square are perpendicular. The original statement is incorrect. \\
Therefore, the answer is: incorrect. \\
[Analysis] When two lines intersect at 90 degrees, they are perpendicular to each other."	2023	primary	medium
2433	If a rectangular piece of paper can be folded ten times, the area of each small rectangle after folding is \(\frac{1}{1024}\) of the original rectangle.	true_false	True	Scaling of graphics	"Explanation: If a rectangular piece of paper can be folded ten times, each resulting smaller rectangle's area is \(\frac{1}{1024}\) of the original rectangle's area, which is correct.  
Thus, the answer is: Correct.  
Analysis: Folding once results in \(2^1\), folding ten times is \(2^{10}=1024\), so each smaller rectangle's area is \(\frac{1}{1024}\) of the original rectangle's area."	2022	primary	medium
1023	The area of this basketball court is really large, it covers 420 square kilometers. ( )	true_false	False	Understanding and Use of Hectares and Square Kilometers	"Answer: The area of this basketball court is indeed large; it is 420 square meters.  
Therefore, the answer is: Incorrect.  
Analysis: Square kilometers are units for measuring larger land areas, while the area of a basketball court is usually measured in square meters."	2023	primary	medium
1115	The divisor is 3, the dividend is 6, the quotient is 18.	true_false	False	Preliminary Understanding of Division	"Answer: 6 ÷ 3 = 2  
Therefore, the answer is: Incorrect.  
Analysis: Quotient = Dividend ÷ Divisor, so the correct equation is 6 ÷ 3 = 2."	2024	primary	medium
335	To represent the math scores of each student in the group, a bar chart is appropriate; to reflect the relationship between each student's donation amount and the total donations, a pie chart is more suitable.	true_false	False	Selection of statistical charts	"Answer: Based on the features of the statistical charts, to represent each student's math scores in the group, a bar chart can be used. To reflect the relationship between each student's donation amount and the total donation amount, a pie chart is more suitable.
Therefore, the answers are: A; C
Analysis: A bar chart can clearly represent the quantity, a line chart can not only represent the quantity but also clearly show changes in quantity, and a pie chart can represent the relationship between parts and the whole."	others	primary	medium
37	In all the faces of a rectangular prism, it is possible that there are 4 squares.	true_false	False	The unfolded diagram of a cuboid.	Solution: Among all the faces of a rectangular prism, there may be no square faces or there may be two square faces. However, there can be no more than two square faces. Therefore, the answer is: A, C. Analysis: A rectangular prism has at least 4 rectangular faces, so it can have at most two square faces.	others	primary	medium
323	The only correct equation representing a direct proportional relationship between x and y is \(y = kx\) (where k is a constant).	true_false	False	Direct Proportion Word Problems	"Solution: B. \(\frac{y}{x} = k\) (k is constant)  
C. y = kx (k is constant), which means \(\frac{y}{x} = k\)  
D. x = yk (k is constant), which means \(\frac{y}{x} = k\)  
Choose B, C, D."	others	primary	medium
706	"The school is holding a ""Principal's Cup"" soccer tournament in which each of the 7 classes in the sixth grade will play against every other class once. There will be 28 matches in total."	true_false	False	Combination	nan	2022	primary	medium
715	Class 3(1) has 8 students who are exemplary in three areas, which is half the number of such students in Class 3(2).	true_false	False	Understanding numbers within 20	[Answer] Solution: Class 3(1) has 8 model students, twice the number of model students in Class 3(2). Class 3(2) has 4 model students, so the original statement is incorrect. \ Therefore, the answer is: Incorrect. \ [Analysis] The number of model students in Class 3(2) = Number of model students in Class 3(1) / The multiple of model students in Class 3(1) relative to Class 3(2). Substitute the values to calculate.	2022	primary	medium
1109	"There are 6 points on a circle. Connecting each pair of points forms a line segment, known as a ""chord"", and these chords within the circle will have 15 intersection points."	true_false	False	Plot points and connect lines based on the table data.	"Solution:

As shown in Figure 1: Connecting every two points results in 12 intersection points within the circle.

As shown in Figure 2: Connecting every two points results in 15 intersection points within the circle. For every 4 points on the circumference, there can be one intersection point inside, so when these intersection points do not overlap, the most possible is as shown in Figure 2 with a total of 15.

Therefore, the answer is: BD

Analysis: On a circle, selecting any 6 points, the segments connecting them intersect inside the circle at certain points. By analyzing the properties of the segments and how they form intersection points, and using knowledge from combinatorial mathematics, the solution can be derived."	2020	primary	medium
1111	"The label on Hu Ji Hua traditional peanut oil is printed with ""Net content 5 liters,"" where ""5 liters"" refers to the volume of the oil. ( )"	true_false	True	Understanding Volume and Volume Units###Understanding Volume and Units of Volume	"[Answer] Solution: The label on Huji Flower Traditional Peanut Oil is printed with the words ""Net Content 5 liters."" The ""5 liters"" refers to the volume of the oil, so the original statement is correct. Therefore, the answer is: Correct. [Analysis] ""Net Content 5 liters"" refers to the volume of oil contained inside."	2021	primary	medium
1395	In a residential building, if each household subscribes to exactly 2 different newspapers (A, B, and C), and there are 30 copies of A, 34 copies of B, and 40 copies of C, then the number of households subscribing to both B and C is 26.	true_false	False	Three-set inclusion-exclusion (overlapping) problem	Solution: (30 + 34 + 40) ÷ 2 = 104 ÷ 2 = 52 (households); 52 - 30 = 22 (households); therefore, the answer is: B. Analysis: According to the problem's meaning, adding the number of copies for the three types of newspapers gives the total number of newspapers subscribed by all households. Since each household subscribes to 2 newspapers, dividing by 2 gives the number of households in the building. Using the principle of inclusion-exclusion, subtracting the number of copies of newspaper A from the total number of households gives the number of households that subscribe to both newspapers B and C.	others	primary	easy
1566	From one vertex of a parallelogram, an infinite number of altitudes can be drawn to the opposite side. ( )	true_false	False	Characteristics and Drawing Method of the Height of a Parallelogram	"Solution: As shown in the image, two heights can be drawn, therefore the original statement is incorrect. \\
Thus, the answer is: Incorrect. \\
Analysis: The definition of the height of a parallelogram: A perpendicular line is drawn from a point on one side of the parallelogram to its opposite side, and the distance between this point and the foot of the perpendicular is the height of the parallelogram. Since a vertex of the parallelogram has two opposite sides, two heights can be drawn from one vertex to the opposite sides."	2024	primary	easy
2143	The distance from Guangzhou to Zhongshan is more appropriately measured in kilometers.	true_false	False	Selection of units of measurement for quality###Choice of Length Units	nan	2023	primary	medium
2145	The smallest value of \( n \) for which \(\frac{1}{2} + \frac{1}{4} + \cdots + \frac{1}{2^n} > \frac{315}{412}\) is 9.	true_false	False	General term induction	"Solution: \(\frac{1}{2} + \frac{1}{4} + \cdot \cdot \cdot + \frac{1}{2^{n}} = 1 - \frac{1}{2^{n}}\), \(\frac{315}{412} = 1 - \frac{97}{412}\), \(\frac{1}{2^{n}}\) is minimized as \(\frac{1}{8} = \frac{512}{412}\), \(\frac{512}{412} > \frac{97}{412}\), \(n \geq 3\), so the smallest value of \(n\) that satisfies the condition is 3. Therefore, the answer is 3.

Analysis: Using term induction, we derive \(\frac{1}{2} + \frac{1}{4} + \cdot \cdot \cdot + \frac{1}{2^{n}} ="	2024	primary	medium
2283	Table 2, Table 3, and Table 4 are correctly extracted parts from Table 1 for the Digital Maze problem.	true_false	False	Sequence periodic pattern	"[Solution] Explanation: Table 2 is a consecutive arithmetic sequence from 20 to 22, with a difference of 2. Since 20 is 2 times 10, and 22 is 2 times 11, therefore, a should be 2 times 12, thus a = 2 × 12 = 24.

Determine the value of b:

In Table 3, 100 is 4 times 25, and 104 is 4 times 26. Since 125 is 5 times 25, b should be 5 times 26, hence b = 26 × 5 = 130.

In Table 4, 26 is 13 times 2, while 42 is 21 times 2. Considering that the series in Table 4 is an arithmetic sequence and the difference should be a multiple of 2, it is a multiple of 2 and matches the difference between 42 and 26. Since the difference between"	others	primary	medium
2422	Quadrilaterals of different sizes do not necessarily have an interior angle sum equal to twice that of a triangle. (    )	true_false	False	The sum of the interior angles of a polygon	"Solution: Regardless of the size of the quadrilateral, the sum of the interior angles is always 360°, which is twice the sum of the interior angles of a triangle, 180°.

Therefore, the answer is: Incorrect.

Analysis: The sum of the interior angles of a quadrilateral is always 360°, while that of a triangle is always 180°. The sum of the interior angles of a quadrilateral is twice that of a triangle."	2021	primary	medium
2434	30 minutes is equal to 3 yuan.	true_false	False	Currency units and their conversion###Comparison of currency sizes	"Solution: 30 cents = 3 dimes, 3 dimes < 3 yuan. \\
Therefore, the answer is: Incorrect.  
Analysis: 1 yuan = 10 dimes = 100 cents. First, convert 30 cents into dimes, then based on the principle that for the same numerical value, the larger unit is greater, the answer can be determined accordingly."	others	primary	medium
2513	The probability of the sum of points from rolling three dice being less than 16 is 1.	true_false	False	Understanding Probability	"Solution: The total possible outcomes are \(6 \times 6 \times 6 = 216\). The outcomes where the sum is less than 16 are:

\[36 \times 3 + 35 + 33 + 30 = 108 + 68 + 30 = 176 + 30 = 206\]

\[206 \div 216 = \frac{103}{108}\]

Therefore, the answer is \(\frac{103}{108}\).

Analysis: Based on the given, each die roll can result in 6 possible outcomes, so the total possible outcomes for one roll are \(6 \times 6 \times 6 = 216\). By hypothetically setting one die and examining the other two dice, we can find the number of combinations where the sum is less than 16:

1. Fixing one die at 1, other two dice have sum not exceeding 12, giving \(6 \times 6 = 36\"	2023	primary	medium
4121	The two objects have different units of mass, and it is possible that these two objects weigh the same. (     )	true_false	True	Conversion of units of mass	"[Answer] The units of mass for the two objects are different, but they may weigh the same. For example, 1 kilogram equals 1000 grams, so the original statement is correct.  
Therefore, the answer is: Correct.  
[Analysis] 1 kilogram = 1000 grams. Although the units of mass are different, the objects' mass may be equal, based on this determination."	others	primary	easy
4425	The Olympic rings can be seen as individual circles, not a circle obtained through rotation. ( )	true_false	False	Use translation and symmetry to design patterns.	"[Answer] Explanation: The Olympic rings can be seen as circles obtained through translation, making the original statement incorrect. \\
Therefore, the answer is: Incorrect. \\
[Analysis] The Olympic rings can be seen as circles obtained through translation, rather than through rotation."	2023	primary	easy
5016	6÷3 is read as: 6 divided by 3. ( )	true_false	True	Reading and writing division equations	"[Answer] Solution: 6 ÷ 3 is read as: 6 divided by 3.  
Therefore, the answer is: Correct.  
[Analysis] The division expression is read as: how many divided by how many equals how many; in a division expression, the number before the division sign is the dividend, the number after the division sign is the divisor, and the number after the equal sign is the quotient."	2023	primary	easy
5025	5×2 is read as five times two. (    )	true_false	True	Reading and writing multiplication equations	"Solution: 5×2 is read as ""five times two,"" and the original statement is correct.  
Therefore, the answer is: correct.  
Analysis: A multiplication expression is read as: ""number times number equals number."""	2022	primary	easy
6192	A, B, and C worked together to complete a project in a total of 12 days.	true_false	False	Engineering issue	"Solution: 

C's work efficiency:  
\( \frac{1}{3} \div 4 \times \frac{1}{1 + 2 + 3} = \frac{1}{12} \times \frac{1}{6} = \frac{1}{72} \)  

A's work efficiency:  
\( \frac{1}{72} \times 3 = \frac{1}{24} \)  

B's work efficiency:  
\( \frac{1}{72} \times 2 = \frac{1}{36} \)  

\(\left( 1 - \frac{1}{3} - \frac{1}{72} \times 5 - \frac{1}{24} \times 3 - \frac{1}{36} \times 2 \right) \div \left( \frac{1}{24} + \frac{1}{36} + \frac{1"	2015	primary	hard
6048	Cutting off a 20° acute angle from a triangle, the sum of the interior angles of the remaining figure is 160°.	true_false	False	The sum of the interior angles of a quadrilateral	"[Answer] Removing a 20° acute angle from a triangle, the remaining shape is a quadrilateral. Since the sum of the interior angles of a quadrilateral is 360°, the remaining part's interior angles sum to 360°. Therefore, the original statement is incorrect. 
Thus, the answer is: Incorrect. 
[Analysis] According to the problem, removing a 20° acute angle from a triangle results in a quadrilateral, whose interior angles sum to 360°. Hence the solution."	2018	primary	hard
6193	Sun Wukong uses the Somersault Cloud once and replenishes energy while running to reach a place 1,080,000 li away in 160 seconds.	true_false	False	Best method problem	Answer: Explanation: 108,000 miles = 1.08 million miles, 1,800 miles = 0.018 million miles. Since 100 ÷ 30 = 3 times ... 10 points, therefore 1.08 × 3 = 3.24 million miles. The distance Sun Wukong covers in the following 20 seconds is: 0.018 × 20 + 1.08 = 0.36 + 1.08 = 1.44 million miles. Each 30 seconds thereafter, Sun Wukong covers: 0.018 × 30 + 1.08 = 0.54 + 1.08 = 1.62 million miles. Since (10.8 - 3.24 - 1.44) ÷ 1.62 = 6.12 ÷ 1.62 ≈ 4 times, Sun Wukong needs a minimum of: 20 +	others	primary	hard
6490	Class 3(2) students are lined up for exercises. Liang Liang's position is the 5th from the left and the 6th from the right. There are 10 students in Liang Liang's row in total.	true_false	False	Queueing problem	"Solution: 5 + 6 - 1 = 10 (students)  
Therefore, the answer is: 10.  
Analysis: Liang Liang's repetitions need to be adjusted for, so by adding 5 and 6 and then subtracting 1, we find the number of students in this row. Drawing a diagram can also help with understanding."	2021	primary	hard
6614	Arranging the sequence 12472 repeatedly 100 times and repeatedly removing all digits in odd positions until one digit remains results in the final remaining digit being 2.	true_false	False	Digital problem###Digital grouping	"[Answer] The 500-digit number is labeled in order from left to right as the 1st digit, the 2nd digit, the 3rd digit, ..., up to the 500th digit, with the labeling unchanged. After the first deletion, numbers that are multiples of 2 remain. After the second deletion, numbers that are multiples of \(2^2\) remain. After the third deletion, numbers that are multiples of \(2^3\) remain, and so on. Since \(256 < 500 < 512\), the final remaining number is in the 256th position. 

\(256 \div 5 = 51\) remainder 1

The digit in the 1st position is 1, so the remaining number is 1. Therefore, the answer is: A.

[Analysis] By observing and analyzing, we find that the deletion process described in the problem is actually a continuous selection of numbers at positions that are multiples"	2022	primary	hard
7667	From a point outside a straight line, only one perpendicular can be drawn to this line. (　　)	true_false	True	Perpendicular to a straight line	"[Answer] Solution: Through a point outside a line, there can be only one perpendicular line drawn to the line. The original statement is correct.  
Therefore, the answer is: Correct.  
[Analysis] There is one and only one line through a point outside a line that is perpendicular to the given line."	2024	primary	easy
8033	Determine true or false. Xiao Cong uses a magnifying glass with a magnification of 15 to look at a 10° angle, and the angle seen is still 10°.	true_false	True	Comparison of angle size	"Using a magnifying glass to look at an angle does not change the size of the angle; the original statement is correct.  
Therefore, the answer is: correct.  
Analysis: The size of an angle is unrelated to the length of the sides, and a magnifying glass only enlarges the length of the sides."	others	primary	hard
8255	After school, Teacher Wang needs to quickly inform all 65 students in the class to wear school uniforms the next day. If using phone calls, it would take at least 65 minutes to notify all students.	true_false	False	Shortest time: Notify issue	"Explanation:  
1st minute: The teacher informs 1 person, a total of 2 people know.  
2nd minute: 2 people inform 2 more people, a total of 4 people know.  
3rd minute: 4 people inform 4 more people, a total of 8 people know.  
4th minute: 8 people inform 8 more people, a total of 16 people know.  
5th minute: 16 people inform 16 more people, a total of 32 people know.  
6th minute: 32 people inform 32 more people, a total of 64 people know.  
7th minute: Informing 1 more person makes 65 people.  
Thus, the answer is: 7.

Analysis: Starting from the second minute, those who know the information simultaneously inform others, which allows the quickest dissemination to everyone."	2023	primary	hard
416	Both the third and fourth quarters have 92 days. (　　)	fill_in_the_blank	True	Understanding and Calculating Year, Month, Day	"[Answer] Solution: Third quarter: 31 + 31 + 30 = 92 (days);  
Fourth quarter: 31 + 30 + 31 = 92 (days),  
So the statement in the original question is correct.  
Therefore, the answer is: correct.  
[Analysis] A year is divided into four quarters, each consisting of three months starting from January. Hence, the third quarter comprises July, August, and September, and the fourth quarter includes October, November, and December. July and August have 31 days each, September has 30 days, October and December have 31 days each, and November has 30 days. Summing these gives the solution."	2024	primary	medium
1130	Divide 832 apples into 4 groups, with each group containing exactly 208. ( )	fill_in_the_blank	False	Integer Averaging and Its Applications	"Answer: When 832 apples are evenly divided into 4 parts, each part is certainly 208 apples.  
Therefore, the answer is: Incorrect.  
Analysis: When a certain number of objects is evenly divided into several parts, the quantity represented by each part can be the same.  
IV. Fill in the blanks."	2024	primary	medium
571	The third number after 72 is 76. (     )	fill_in_the_blank	False	Sorting numbers within 100	Answer: Solution: 72 + 3 = 75. \ Therefore, the answer is: Incorrect. Analysis: The third number after 72 is 72 + 3 = 75.	2021	primary	medium
1040	On the same ruler, the distance between marks 1 to 3 is the same as the distance between marks 2 to 4. This statement is correct. (　　)	fill_in_the_blank	True	Measurement and Calculation of Object Length	"【Solution】Explanation: 3 - 1 = 2\\
4 - 2 = 2, on the same ruler, the distance between scale 1 to 3 and scale 2 to 4 is the same length.\\
Therefore, the answer is: Correct.
【Analysis】The length of an object = the scale at the end of measurement - the scale at the start of measurement."	2023	primary	medium
123	Place 18 flowers evenly in 3 vases, with 7 flowers in each vase. (     )	fill_in_the_blank	False	Use the multiplication table of 2 to 6 to find the quotient.	"[Answer] Place 18 flowers evenly in 3 vases, with 6 flowers in each vase. The original statement is incorrect.  
Therefore, the answer is: incorrect.  
[Analysis] Divide the number of flowers by the number of vases to find out how many flowers are in each vase using division."	2020	primary	medium
348	If 2×a=4×b, then 2:4=a:b. (　　)	fill_in_the_blank	False	The basic properties of proportion	"【Solution】 Solution: If 2×a=4×b, then 4:2=a:b. The statement in the original question is incorrect. \\
Therefore, the answer is: Incorrect.
【Analysis】 In proportions, the product of the two means equals the product of the two extremes. So, considering 2 and a as the means, then 4 and b are the extremes, and the proportion can be written accordingly."	2021	primary	medium
49	Using 6 small squares with an area of 1 square decimeter to form a shape (without overlapping), its area must be 6 square decimeters. ( )	fill_in_the_blank	True	Understanding and Comparing Areas	"Solution: 6×1=6 (square decimeters)\\
Therefore, the answer is: correct.

Analysis: Using 6 small squares each with an area of 1 square decimeter to form a shape (without overlapping), the total area is the sum of six 1 square decimeter areas, so it must be 6 square decimeters."	2021	primary	medium
1118	The reciprocal of an improper fraction is less than 1. ( ).	fill_in_the_blank	False	Understanding Countdown	"Solution: The reciprocal of an improper fraction is not necessarily less than 1.
Thus, the answer is: Incorrect.
Analysis: The reciprocal of an improper fraction is less than or equal to 1."	2022	primary	medium
578	The volume of the thermos is larger than that of the kettle, so the capacity of the thermos must be larger than that of the kettle. (     )	fill_in_the_blank	False	The relationship between volume and capacity	Answer: The volume of the thermos is greater than that of the kettle, but the capacity of the thermos is not necessarily greater than that of the kettle. The original statement is incorrect. Therefore, the answer is: Incorrect. Analysis: Based on the definitions of volume and capacity, the amount of space an object occupies is represented by volume, while the volume that items like boxes, oil drums, and warehouses can hold is called their capacity. An object with a large volume does not necessarily have a large capacity. This is the basis for the judgment.	others	primary	medium
807	Xiaomi can touch high and jump over 200 times in 2 minutes, while Xiaowei can do it over 300 times in 4 minutes. Xiaowei's touch and jump speed is slightly faster. ( )	fill_in_the_blank	False	Three-digit number divided by a one-digit number, resulting in a three-digit quotient division.###Three-digit number divided by a single-digit number, resulting in a two-digit quotient.	Answer: Solution: Over two hundred times / 2 = a three-digit number, over three hundred times / 4 = a two-digit number. \ Since a three-digit number > a two-digit number, it indicates that Xiaomi jumps faster. The original statement is incorrect. \ Therefore, the answer is: Incorrect. \ Analysis: Jumping times / jumping time = jumping speed. A larger quotient indicates a faster jumping speed.	2024	primary	medium
414	If I see one face of an object is a square, the object must be a cube. (   )	fill_in_the_blank	False	Determine the geometric body based on the observed pattern.	"[Answer] I see that one face of an object is a square, so the object could either be a cube or a rectangular prism. The original statement is incorrect.  
Therefore, the answer is: Incorrect.  
[Analysis] A cube has all six faces as squares, whereas a special rectangular prism has two faces that are squares. Seeing one face of an object as a square, the object could be either a cube or a rectangular prism, based on this judgment."	2021	primary	medium
1195	A square piece of paper, folded at least three times, can produce a 45° angle.	fill_in_the_blank	False	Comprehensive Study of Line Segments and Angles###Characteristics and Properties of a Square###The unfolding and folding of three-dimensional shapes.	nan	2025	primary	medium
1125	The opposite sides of a rectangle are parallel to each other. ( )	fill_in_the_blank	True	Characteristics and Properties of Parallelism###Vertical characteristics and properties	"[Answer] Solution: Opposite sides of a rectangle are parallel to each other, and adjacent sides are perpendicular to each other. \\
Therefore, the answer is: Correct. \\
[Analysis] In the same plane, two lines intersecting at a right angle are called perpendicular; two lines in the same plane that do not intersect are called parallel."	others	primary	medium
948	A is \(\frac{3}{5}\) more than B, which means B is \(\frac{3}{5}\) less than A. (　　)	fill_in_the_blank	False	Mixed operations of fraction multiplication and fraction addition and subtraction###Mixed operations of fraction division and fraction addition and subtraction	"Solution: \(1 \times (1+\frac{3}{5}) = \frac{8}{5}\), \((\frac{8}{5}-1) \div \frac{8}{5} = \frac{3}{8}\), so B is \(\frac{3}{8}\) less than A.  
Therefore, the answer is: Incorrect.  
Analysis: Consider B as ""1"", then A = B × (1 + the fraction A is more than B), the fraction B is less than A = (A - B) ÷ A."	2022	primary	medium
498	A number becomes 100 times larger after removing the decimal point, so the original number must be a two-digit decimal. (     )	fill_in_the_blank	True	The movement of the decimal point to the left causes a change in the value of the decimal.###Moving the decimal point to the right causes a change in the size of the decimal.	"[Answer] Explanation: When a number, after removing the decimal point and increasing it by 100 times, the original number must be a two-digit decimal. The original statement is correct.\\
Therefore, the answer is: Correct.

[Analysis] When a non-zero number is multiplied (or divided) by 10, the decimal point moves one place to the right (or left); when multiplied (or divided) by 100, the decimal point moves two places; when multiplied (or divided) by 1000, it moves three places. When a number is increased by 100 times after removing the decimal point, the decimal point has moved two places to the right, indicating that the original number is definitely a two-digit decimal."	2022	primary	medium
1204	7.09 and 7.090 are equal in value and have the same unit of measurement. ( )	fill_in_the_blank	False	Decimal Place Value and Units of Measure###Properties of Decimals	"Answer: 7.09 and 7.090 are equal in value, but their counting units are different. The counting unit of 7.09 is 0.01, and the counting unit of 7.090 is 0.001. Thus, the original statement is incorrect. 

Conclusion: Incorrect.

Analysis: According to the properties of decimals, adding or removing zeros at the end of a decimal does not change its value. A single decimal place has a counting unit of one-tenth, written as 0.1, two decimal places have a counting unit of one-hundredth, written as 0.01, and three decimal places have a counting unit of one-thousandth, written as 0.001, and so on. This judgment is based on that principle."	2022	primary	medium
581	There are infinitely many proper fractions larger than \(\frac{3}{8}\) and smaller than \(\frac{5}{8}\). ( )	fill_in_the_blank	True	Comparison of fractions with the same denominator within 10###Understanding and Judging Fraction Units	"Explanation: There are infinitely many proper fractions greater than \(\frac{3}{8}\) and less than \(\frac{5}{8}\).  
Therefore, the answer is: Correct.  
Analysis: There are infinitely many proper fractions between any two different proper fractions."	2022	primary	medium
1196	A cylindrical lead block is cast into a conical lead block, with its volume unchanged. (　　)	fill_in_the_blank	True	Isochoric deformation	"[Answer] Solution: When a cylindrical lead block is cast into a conical lead block, its volume remains unchanged. The original statement of the question is correct.
Therefore, the answer is: Correct.
[Analysis] Casting a cylindrical lead block into a conical lead block changes only the shape, not the space it occupies, meaning its volume remains unchanged."	2022	primary	medium
1278	A box of oranges contains 6 bags, 5 of which have the same weight, and 1 has less weight. To find the lighter bag, the appropriate method of grouping is (1, 1, 4). ( )	fill_in_the_blank	False	Optimal strategy: Identifying subpar products	"Solution: Step 1: Divide the 6 items evenly into groups of (2, 2, 2), weigh any 2 groups, if balanced, the defective item is in the remaining group;  
Step 2: Divide the 2 items into (1, 1) and weigh again, the lighter bag will be the defective one.  
All it takes is two weighings to find the defective item.  
Therefore, the answer is: Incorrect.  
Analysis: This problem tests a mathematical question about finding a defective item. The fastest way is to divide evenly and then weigh. According to the problem, first divide the total of 6 into three equal parts (if the total cannot be evenly divided, the difference between groups should not exceed 1). Place two equal groups on the scale; if they balance, the defective item is in the remaining group, if not, it's in the lighter group. Repeat this process until only 2 items remain, then you can find"	2023	primary	medium
8479	"On ""June 1st"" Children's Day, there was a string of colored lights at the school gate, arranged in the pattern ""red, yellow, white, blue."" The 22nd light is red. ( )"	fill_in_the_blank	False	Division with remainders of numbers within 100 and its applications.###Basic arrangement cycle	"Solution: \(22 \div 4 = 5 \) groups with a remainder of 2, meaning the 22nd light is yellow.  
Therefore, the answer is: Incorrect.  
Analysis: With ""red, yellow, white, blue"" as a cycle of four lights, the 22nd light completes 5 cycles and the remainder is 2, which is yellow."	others	primary	hard
957	Adding 1 gram of sugar and 10 grams of water (without overflow) to a 10% sugar solution, the sugar concentration remains unchanged. (   )	fill_in_the_blank	False	Percentage and its application###Application of Percentages -- Calculating Percentage Rate	"Answer: Solution: 10%: (1-10%) = 10%: 90% = 1: 9  
1 gram: 10 grams = 1: 10  
In sugar water with a 10% sugar concentration, the mass ratio of sugar to water is 1: 9; the mass ratio of added sugar to water is 1: 10; the sugar concentration will change.  
Therefore, the answer is: Wrong.  
Analysis: First, it is necessary to clarify the definition of sugar concentration, which is the percentage of total sugar mass in the total mass of sugar water. If the mass ratio of sugar to water in the original sugar water is the same as that of the added sugar and water, the sugar concentration remains unchanged."	2024	primary	medium
495	The sum of three 5s is 8. (   )	fill_in_the_blank	False	Preliminary Understanding of Multiplication	"[Solution] The sum of adding three 5s is 15. The original calculation is incorrect.  
Therefore, the answer is: Incorrect.  
[Analysis] The sum of adding three 5s can be calculated using multiplication, expressed as 3×5=15, which differs in meaning from adding 3 and 5."	2022	primary	medium
811	90 points = 9 yuan (     )	fill_in_the_blank	False	Currency units and their conversion	"Solution: 90 cents = 9 dimes, so the original statement is incorrect. \\
Therefore, the answer is: Incorrect. \\
Analysis: 1 yuan = 10 dimes, 1 dime = 10 cents; converting the units in the question will yield the answer."	2022	primary	medium
1126	The results of 24 + 26 and 68 - 18 are the same. (    )	fill_in_the_blank	True	Subtraction within 100 without regrouping	"Solution:  
24 + 26 = 50  
68 - 18 = 50  
24 + 26 = 68 - 18  

Thus, the answer is: Correct.

Analysis:  
For addition within 100, align the same place values, start adding from the ones place, and carry over any complete tens to the next place. For subtraction within 100, align the same place values, start subtracting from the ones place, and if the ones place is insufficient, borrow one from the tens place to proceed with the subtraction."	2020	primary	medium
965	The number of red balls and yellow balls in the bag is the same. After drawing 50 times (one each time), it is possible to draw a red ball more often than a yellow ball. ( )	fill_in_the_blank	True	Linguistic description of the likelihood of the event occurring	"Solution: There are equal numbers of red and yellow balls in the bag. Drawing 50 times (one ball each time), the number of red balls drawn could be more than yellow balls. The original statement is correct. 

Therefore, the answer is: Correct.

Analysis: Since there are equal numbers of red and yellow balls in the bag, drawing 50 times (one ball each time), it is possible to draw more red balls than yellow balls, or more yellow balls than red balls, or an equal number of each.

Fill-in-the-blank question."	others	primary	medium
577	The scale of a map is 1:1,600,000, meaning 1 cm on the map represents an actual distance of 160 km. ( )	fill_in_the_blank	False	Understanding the Scale	"Solution: 1 ÷ \(\frac{1}{1600000}\) ÷ 100000 = 1600000 ÷ 100000 = 16 (km). Therefore, the answer is: Incorrect. 

Analysis: Actual distance = Map distance ÷ Scale, then convert units."	2021	primary	medium
343	A basketball weighs 350 kilograms. ( )	fill_in_the_blank	False	Understanding and Using Kilograms	[Answer] Solution: A basketball weighs 350 grams, the original question statement is incorrect. Therefore, the answer is: incorrect. [Analysis] A basketball weighs 350 grams; if it were 350 kilograms, it would be too heavy and not realistic.	2021	primary	medium
273	The minute hand moves one notch, and the second hand makes one full circle. (    )	fill_in_the_blank	True	An Introduction to Clocks and Clock Faces	"[Answer] Explanation: The minute hand moves one small mark on the clock face, and the second hand completes one full circle. Therefore, the answer is: Correct.

[Analysis] On the clock face, the second hand completes one full circle in 60 seconds. 1 minute = 60 seconds, and one small mark on the clock face represents 1 minute. Therefore, when the minute hand moves one small mark, the second hand completes one full circle."	2020	primary	medium
952	In division, the remainder must be less than the divisor. ( )	fill_in_the_blank	True	The relationship between the remainder and the divisor	"[Answer] Explanation: In division, the remainder must be less than the divisor. \\
Therefore, the answer is: Correct.
[Analysis] In division calculations with a remainder, the remainder must be smaller than the divisor."	2020	primary	medium
960	A compound line chart is more conducive to comparing the increase and decrease of two sets of data. ( )	fill_in_the_blank	True	The characteristics and plotting of a multiple line chart	"[Answer] Solution: A compound line graph is more advantageous for comparing the increase and decrease of two sets of data, making the statement in the original question correct. \\
Therefore, the answer is: Correct. \\
[Analysis] A line graph clearly shows the increase and decrease in quantities."	2021	primary	medium
40	10×0=0, so, 10÷0=0. (    )	fill_in_the_blank	False	Division by zero	"Answer: 10×0=0, but for 10÷0, since multiplying 0 by any number results in 0, it's impossible to find a number that when multiplied by 0 yields 10, so 10÷0 has no quotient. The statement in the original question is incorrect. Therefore, the answer is: wrong.

Analysis: 0 multiplied by any number results in 0; 0 divided by any number other than 0 results in 0, thus 0 cannot be the divisor."	2024	primary	medium
8558	Chalk is the most common cylinder.	fill_in_the_blank	False	Features of a Cylinder	"[Answer] A cylinder consists of two bases and one curved surface, with the two bases being equal, whereas the two bases of a piece of chalk are not equal. \\ 
Therefore, the answer is: False.
[Analysis] The answer can be worked out based on the characteristics of a cylinder. 
**Part Three: Fill-in-the-Blank Questions**"	others	primary	hard
121	The meaning of 8 and eighth is the same. (      )	fill_in_the_blank	False	Ordering numbers within 9	"[Answer] The meanings of 8 and ""8th"" are different. The original statement is incorrect. \\
Therefore, the answer is: Incorrect. \\
[Analysis] 8 represents a specific quantity, while ""8th"" indicates sequence or position."	2023	primary	medium
582	One ten and two ones together make 21. (   )	fill_in_the_blank	False	The composition of numbers within 20	"[Answer] Solution: One ten and two ones together make 12.\\
Thus, the answer is: False.
[Analysis] The number in the tens place of a two-digit number represents how many tens, and the number in the units place represents how many ones.
\textbf{IV. Fill-in-the-blank questions}"	2023	primary	medium
5851	The tangram is composed of three types of shapes. (   )	fill_in_the_blank	True	Tangram	"[Answer] The tangram is composed of three types of shapes, thus this statement is correct.
Therefore, the answer is: Correct.
[Analysis] According to the composition of the tangram, it consists of 3 types of shapes: 1 square, 5 triangles, and 1 parallelogram, based on this judgment."	2021	primary	hard
3448	a\textsuperscript{3} is equal to a×a×a. (    )	calculation	True	Simplification and Evaluation of Algebraic Expressions Containing Letters	"Solution: \(a^3 = a \times a \times a\); \\
Thus, the answer is: Correct. \\
Analysis: The cube of \(a\) represents the product of three \(a\)'s, that is, \(a \times a \times a\)."	2023	primary	medium
3454	Calculating decimal addition is the same as integer addition; the digits must be aligned at the rightmost position.	calculation	False	Addition and subtraction of multi-digit decimals###Carrying addition within ten thousand###Addition of numbers within ten thousand without carrying	"[Solution] Explanation: When calculating addition of integers, you can align the last digits; when calculating addition of decimals, you need to align the corresponding place values. \\
Therefore, the answer is: Incorrect.
[Analysis] Answer based on the methods of addition for decimals and integers."	2021	primary	medium
3450	A multiple of a number is always greater than a divisor of that number. (    )	calculation	False	Common factor and greatest common factor###Common multiples and least common multiple	"Solution: The smallest multiple of a number is equal to the greatest divisor of this number.  
Therefore, the answer is: False.  
Analysis: The number of factors of a number is finite, with the smallest factor being 1 and the largest being the number itself; the number of multiples of a number is infinite, with the smallest multiple being the number itself and no largest multiple."	2023	primary	medium
