index	question	category	answer	knowledge	analysis	year	grade_level	difficulty_level
1886	"Each bus has 49 seats. How many passengers can 4 buses seat? The correct equation is (     )
A. 49+4 B. 49×4 C. 4×49 D. 4+49"	multiple_answer_choice	B, C	Two-digit multiplication by a one-digit number with carrying.	"Solution: The expression to calculate how many passengers 4 cars can seat is: 49×4, or 4×49. Therefore, choose: B, C. 

Analysis: According to finding how many times a number is, use multiplication to form the expression."	others	primary	medium
1888	"100 centimeters = ( )  
A. 1 meter  
B. 20 centimeters + 70 centimeters  
C. 50 centimeters + 30 centimeters  
D. 60 centimeters + 40 centimeters"	multiple_answer_choice	A, D	Understanding and Using Centimeters###Conversion and comparison between meters and centimeters	"1 meter = 100 centimeters  
Solution: 1 meter = 100 centimeters  
60 centimeters + 40 centimeters = 100 centimeters  
**III. True or False Questions**"	others	primary	medium
1011	A cylindrical wooden rod is carved into the largest possible cone, removing (\(\frac{1}{3}\)) of the cylinder. A. \(\frac{1}{3}\) B. \(\frac{2}{3}\) C. \(\frac{1}{2}\) D. \(\frac{3}{4}\)	multiple_answer_choice	B	The relationship between the volumes of a cylinder and a cone	"Solution: \(1 - \frac{1}{3} = \frac{2}{3}\). When a cylindrical wooden stick is carved into the largest possible cone, \(\frac{2}{3}\) of the cylinder is removed.  

Therefore, the answer is: B.

Analysis: A cylinder with the same base and height as a cone has a volume that is 3 times that of the cone. Thus, when a cylindrical wooden stick is carved into the largest possible cone, \(\frac{2}{3}\) of the cylinder is removed."	2024	primary	medium
1251	"The perimeter of an isosceles triangle is 120 cm, and the length ratio of two adjacent sides is 2:1. The base of this triangle is ( ) cm.  
A. 60 B. 48 C. 30 D. 24"	multiple_answer_choice	D	Problem by distribution of score	nan	2022	primary	medium
91	"This year during the National Day holiday, Intime Department Store launched a promotion of ""Get 40 yuan off for every 300 yuan spent."" Xiaojun's mother actually paid 580 yuan at checkout. What was the original total price of these items?

A. 620 yuan B. 640 yuan C. 660 yuan"	multiple_answer_choice	A	Addition and subtraction of whole hundreds and tens.	"Solution: 580 + 40 = 620 (yuan).  
Therefore, the answer is: A.  
Analysis: The total original cost of these items = the actual payment + the discount amount."	2023	primary	medium
1008	"Among the following fractions, the one with the largest fractional unit is (    ).  
A. \(\frac{5}{8}\) B. \(\frac{4}{5}\) C. \(\frac{1}{3}\) D. \(\frac{1}{2}\)"	multiple_answer_choice	D	Understanding and Judging Fraction Units###Comparison of Molecule Fractions	"[Solution] Solution: A. The fractional unit of \(\frac{5}{8}\) is \(\frac{1}{8}\); B. The fractional unit of \(\frac{4}{5}\) is \(\frac{1}{5}\); C. The fractional unit of \(\frac{1}{3}\) is \(\frac{1}{3}\); D. The fractional unit of \(\frac{1}{2}\) is \(\frac{1}{2}\); \(\frac{1}{8}\) < \(\frac{1}{5}\) < \(\frac{1}{3}\) < \(\frac{1}{2}\), The largest fractional unit is \(\frac{1}{2}\). Therefore, the answer is: D. [Analysis] A fractional unit is the number representing one part out of a division of the whole ""1"" into equal parts; if the numerator is 1, the"	2024	primary	medium
625	"The correct statement is (     ).
A. On the number line, \(\frac{6}{5}\) is to the left of 0
B. -2 is smaller than -1, so -2 is closer to 0
C. -4 and 4 are equidistant from 0
D. On the number line, the closest to the right of 0 is 1"	multiple_answer_choice	C	Understanding and Reading/Writing Positive and Negative Numbers###The meaning and application of positive and negative numbers	"【Solution】  
Option A: \(\frac{6}{5} > 0,\) is to the right of 0, so the original statement is incorrect.  
Option B: Counting leftward from 0, the sequence is -1, -2, -3, etc. Therefore, -1 is closer to 0, making the original statement incorrect.  
Option C: -4 is to the left of 0 and 4 is to the right of 0, both are 4 units away on the number line, so the statement is correct.  
Option D: There are infinite numbers on a line, and there are infinite decimals between 0 and 1, so 1 is not the closest number to the right of 0.  
Therefore, the answer is: C  
【Analysis】 Analyze and determine the position and size relationships of the numbers involved in each option."	others	primary	medium
1007	"Currently, there is a batch of clay that can be used to make exactly 60 bowls or exactly 40 plates. Now, using this batch of clay to make sets of 1 bowl and 1 plate, how many sets can be made?  
A. 24 B. 25 C. 26 D. 27"	multiple_answer_choice	A	Application of Fraction Division	"Solution: According to the problem, we have  

\(1 \div (\frac{1}{60} + \frac{1}{40})\)  
=\(1 \div (\frac{2}{120} + \frac{3}{120})\)  
=\(1 \div \frac{5}{120}\)  
=\(1 \times 24\)  
=24 (sets)  

Answer: Using this lump of clay, you can make 24 sets of one bowl and one plate.  
Therefore, the answer is: A  

Analysis: Determine the amount of clay needed for a single bowl or plate, then calculate the total amount needed for a set that includes one bowl and one plate. Finally, divide the total clay amount by the clay required for one set to find the total number of sets that can be produced."	others	primary	medium
866	"In a saline solution with a salinity of \(20\%\), if 6 grams of salt and 24 grams of water are added, what is the new salinity of the solution? 
A. Greater than \(20\%\) 
B. Equal to \(20\%\) 
C. Less than \(20\%\) 
D. Cannot be determined"	multiple_answer_choice	B	Application of Percentages -- Calculating Percentage Rate###Concentration fundamental issue	"Answer: \(\frac{6}{24 + 6} = \frac{1}{5} = 20\%\)\\
The salt concentration of the brine formed by the added salt and water is equal to the original salt concentration, so the salt concentration after adding salt and water remains 20\%.\\
Therefore, the answer is: B\\
Analysis: Salt concentration = \(\frac{\text{Weight of salt}}{\text{Weight of brine}} \times 100\%\). The calculated added salt concentration is equal to the original salt concentration, so the concentration remains 20\%."	2022	primary	medium
4934	"Which of the following statements are correct (     )?
A. In decimal division, the decimal part of the dividend and the decimal part of the quotient may have different numbers of decimal places.
B. 0.25 ÷ 0.15 = 1.6...1
C. Decimals are divided into finite decimals and infinite decimals.
D. 17.5 ÷ 2.5 × 4 = 17.5 ÷ (2.5 × 4) = 1.75"	multiple_answer_choice	A, C	Mixed operations of decimals###Understanding repeating decimals###Understanding and Distinguishing Finite Decimals and Infinite Decimals	"Answer: 

A: According to division where there is still a remainder at the end of the dividend, the decimal part of the dividend and the quotient may have different digits. Therefore, the original statement is correct.

B: 0.25 - 0.15 × 1.6 = 0.01, which makes the original statement incorrect.

C: Decimals are divided into terminating and non-terminating decimals. The original statement is correct.

D: 17.5 ÷ 2.5 × 4 = 28, while 17.5 ÷ (2.5 × 4) = 1.75. Thus, the results of the two expressions are not equal, making the original statement incorrect.

Therefore, the answers are: A; C.

Analysis: 

A: The decimal part of the dividend and the quotient may have different digit lengths.

B: In integer division with a remainder, if both the dividend and divisor are scaled up or"	others	primary	easy
629	"The fare standard for a certain taxi is as follows: the starting fare is 3 yuan (meaning if the distance traveled does not exceed 2 kilometers, a fare of 3 yuan is required). Beyond 2 kilometers, for each additional kilometer, an extra 0.9 yuan is charged (distances less than 1 kilometer are rounded up to 1 kilometer). A person took this taxi from point A to point B and paid a total fare of 12 yuan. The maximum distance from point A to point B is (   ) kilometers.  
A. 10  B. 11  C. 12  D. 13"	multiple_answer_choice	C	Tiered Pricing Problem	"Solution: 12 - 3 = 9 (yuan)  
9 ÷ 0.9 = 10 (kilometers)  
2 + 10 = 12 (kilometers)  
Therefore, the answer is: C.  
Analysis: First, calculate the amount paid for the distance exceeding 2 kilometers, then find the distance traveled beyond 2 kilometers, and the sum gives the maximum value. 

II. True or False Questions"	2023	primary	medium
1092	"180×4÷5 can solve the following (   ) problem.

A. A toy factory processed 180 toy cars in 4 days. At this rate, how many can be made in 5 days?
B. Entering a manuscript using a computer, 180 characters are entered per minute on average. The task can be completed in 5 minutes. If you want to finish in 4 minutes, how many characters need to be entered per minute on average?
C. Naughty bought 4 sets of books, with 5 books in each set, totaling 180 yuan. How much is each book?
D. Students are performing gymnastics, forming 4 columns with 180 people in each. If reorganized into 5 columns, how many people are in each column?"	multiple_answer_choice	D	Normalization problem###Summary issue	"Solution:   
Option A: \(140 \div 4 \times 5\);  
Option B: \(180 \times 5 \div 4\);  
Option C: \(180 \div 4 \div 5\);  
Option D: \(180 \times 4 \div 5\).  
Therefore, the answer is: D.  

Analysis:  
Option A: Number of units completed in 5 days = number of units completed in 4 days \(\div 4 \times 5\);  
Option B: If it needs to be recorded in 4 minutes, the average number of words per minute = original average number of words per minute \(\times\) original time \(\div\) current time;  
Option C: Price per book = total price \(\div\) number of sets bought \(\div\) average number of books per set;  
Option D: If arranged in 5 columns, the number of"	2024	primary	medium
