index	question	category	A	B	C	D	answer	knowledge	analysis	year	grade_level	difficulty_level
3527	If (a-b)÷b=30%, then which of the following statements is correct (    ):	single_answer_choice	30% of a is b	30% of b is a	b is 30% less than a	a is 30% more than b	D	Calculation involving percentages###Application of Percentages -- Calculating Percentage Rate	"Solution: According to the analysis, \((a - b) \div b = 30\%\) indicates that \(a\) is 30% more than \(b\).

Therefore, the answer is: D

Analysis: According to the problem, \((a - b) \div b = 30\%\). Consider \(a-b\) as a whole, which accounts for 30% of \(b\), and set up the equation: \(a-b=30\%b\). 30% of \(b\) means 30% of \(b\), so \(a-b\) is 30% of \(b\). Thus, \(a\) is 30% more than \(b\)."	others	primary	medium
2102	The correct statement is (     ).	single_answer_choice	There are 4 quarters in a year.	8 AM is represented as 20:00 in the 24-hour time format.	February 2600 has 29 days.	The hour hand completes exactly one full circle in a day.	A	Understanding and Calculating Year, Month, Day###Methods for Determining Common and Leap Years###Conversion between the 24-hour clock and the standard clock.###The relationship between the 24-hour time system and the gradations on a clock.	"Answer: 

Option A: There are four seasons in a year: spring, summer, autumn, and winter. The statement in the original question is correct.

Option B: 8 AM is expressed as 8 in the 24-hour clock system. The statement in the original question is incorrect.

Option C: 2600 ÷ 400 = 6...200. The year 2600 is a common year, and February has 28 days. The statement in the original question is incorrect.

Option D: The hour hand completes one full circle in 12 hours and completes exactly two circles in one day. The statement in the original question is incorrect.

Therefore, the answer is: A.

Analysis:

This question mainly tests knowledge related to time. A year consists of four seasons: spring, summer, autumn, and winter, each with three months.

The method to convert conventional time to the 24-hour clock system: Before noon, simply remove time of day indicators; after noon"	others	primary	medium
165	"During the ""Golden Week"" holiday, supermarkets A, B, and C each launched big promotions. Supermarket A offers 80 yuan cash back for every 200 yuan spent. Supermarket B offers a 40% discount. Supermarket C gives a shopping coupon worth 80 yuan for every 200 yuan spent. Lily plans to spend 830 yuan. Which store has the best deal?  "	single_answer_choice	Supermarket A  	Supermarket B  	Supermarket C  	Any of the supermarkets A, B, or C	B	Optimal solution: The most cost-effective issue	"Solution:  
Supermarket A: \(830 ÷ 200 = 4 \, (\text{times}) \ldots 30 (\text{yuan})\), thus the return is \(4 \times 80 = 320 \, (\text{yuan})\), so the actual cost is \(830 - 320 = 510 \, (\text{yuan})\);  
Supermarket B: \(830 \times 60\% = 498 \, (\text{yuan})\), hence the actual cost is 498 yuan;  
Supermarket C: \(830 ÷ 200 = 4 \, (\text{times}) \ldots 30 (\text{yuan})\), providing \(4 \times 80 = 320 \, (\text{yuan})\) in vouchers, actual cost is \(830 + 320 = 1150 \, (\text{yuan})\). \(1150 > 510 > 498\),"	2023	primary	medium
459	The correct statement is (    ).	single_answer_choice	The number A is \(\frac{5}{7}\) of the number B, so the number B is \(\frac{2}{7}\) more than the number A.	The reciprocal of a proper fraction is greater than 1, and the reciprocal of an improper fraction is less than 1.	Two circles with equal circumferences will also have equal areas.	When 6 grams of salt completely dissolves in 100 grams of water, the saltwater concentration is 6%.	C	"The meaning and characteristics of proper fractions and improper fractions.###Circumference of a circle###Area of a circle###Application of Percentages -- Calculating Percentage Rate###Recognition and Identification of the Unit ""1"""	"Solution:  
A: (7-5)÷5=\(\frac{2}{5}\), meaning B is \(\frac{2}{5}\) more than A. The original statement is incorrect and does not match the meaning.  
B: The reciprocals of proper fractions are all greater than 1, and the reciprocals of improper fractions are equal to or less than 1. The original statement is incorrect and does not match the meaning.  
C: If two circles have the same circumference, their areas must also be equal. This statement is correct and matches the meaning.  
D: 6÷(6+100)×100\%\(\approx\)5.7%, the original statement is incorrect and does not match the meaning.  
Therefore, the answer is C.  

Analysis:  
A: It is known that ""A is \(\frac{5}{7}\) of B,"" indicating B has 7 parts, and A has 5"	others	primary	medium
2022	The incorrect statement is (     ).	single_answer_choice	If neither of the two factors ends with 0, the product must not end with 0.	When calculating 800÷25, you can apply the rule of invariant quotient for simplified calculation.	The product of □81×95 must be a five-digit number.	A line has no endpoints, a line segment has 2 endpoints.	A	Understanding and Representation of Line Segments, Lines, and Rays###Three-digit multiplied by two-digit long multiplication###The law of business change###Multiplication involving 0	"[Answer] Solution:  
A: 25×44=1100, the original statement is incorrect;  
B: (800×4)÷(25×4)=3200÷100=32, the original statement is correct;  
C: 181×95=17195, 981×95=93195, the original statement is correct;  
D: A line has no endpoints, a line segment has 2 endpoints, the original statement is correct.  
Therefore, the answer is: A.  

[Analysis]  
A: When multiplying two numbers, if neither multiplier ends with 0, the product might still end with 0, as in the case of 25×44;  
B: When calculating 800÷25, you can use the property that the quotient remains unchanged if you multiply both the dividend and the divisor by 4, transforming it to (800×4)÷(25×4) for an easier calculation;  
C:"	2024	primary	medium
3068	Huahua accidentally soiled the workbook: \(\frac{1}{7}\)＜0.1◆2, the possible numbers for this soiled digit are (    ).  	single_answer_choice	1, 2, 3, 4  	1, 2, 3  	4, 5, 6, 7, 8, 9  	5, 6, 7, 8, 9	D	Comparison of Fractions and Decimals	"Solution: \(\frac{1}{7}\) = 1 ÷ 7 = \(0.\overset{\cdot}{1}4285\overset{\cdot}{7}\), \(\frac{1}{7}\) < 0.1◆2, so the smeared digit must be greater than 4 and could be 5, 6, 7, 8, or 9. Therefore the answer is: D.

Analysis: Convert a fraction into a decimal by dividing the numerator by the denominator. To compare decimals, first compare the integer parts; the number with the larger integer part is greater. If the integer parts are the same, compare the tenths digit; the number with the larger tenths digit is greater. If the tenths digits are the same, compare the hundredths digits, and so on until the greater number is determined.

Multiple Choice Questions"	others	primary	medium
3384	If a, b, and c are three distinct non-zero natural numbers, and a > b, then:  	single_answer_choice	\(\frac{a}{b} < 1\)  	\(\frac{1}{a} > \frac{1}{b}\)  	\(\frac{a}{c} > \frac{b}{c}\)  	\(bc < c\)	C	Comparison of Fractions with the Same Denominator	"Solution: A, \(\frac{a}{b}\) is an improper fraction, \(\frac{a}{b}\) > 1, this option is incorrect; B, a fraction with a larger denominator has a smaller value, so \(\frac{1}{a} < \frac{1}{b}\), this option is incorrect; C, a fraction with a larger numerator has a greater value, so \(\frac{a}{c} > \frac{b}{c}\), this option is correct; D, if b=1, then bc=c, this option is incorrect. Therefore, the answer is: C.
Analysis: Improper fractions are all greater than or equal to 1; among fractions with the same numerator, the one with the larger denominator has a smaller value; among fractions with the same denominator, the one with the larger numerator has a greater value. This allows for judgment."	others	primary	medium
3305	In the following expression, the most suitable way to estimate the value of \(5.9 \div 0.25 - 6\frac{11}{12}\) is (     ).	single_answer_choice	6×4-	6×4-6  	6×4-7  	6÷4-6  	B	Estimation and Comparison	"Answer: \((5.9 \div 0.25 - 6\frac{11}{12}) \approx 6 \times 4 - 7 = 24 - 7 = 17\). Therefore, the answer is: B.

Analysis: When estimating the value of \(5.9 \div 0.25 - 6\frac{11}{12}\), consider 5.9 as 6 and \(6\frac{11}{12}\) as 7, and calculate accordingly.

Multiple Choice Questions"	2022	primary	medium
164	Among the following relationships, which is a direct proportional relationship? (　　)	single_answer_choice	Base and height of a triangle with constant area	Length and width of a rectangle with constant area	Time and distance with constant speed	Number of boys and girls with constant total number of students in the class	C	Quantities in direct proportion and their significance###Quantities in inverse proportion and their significance.	"[Answer] Solution:  
A: The area of a triangle = base \(\times\) height ÷ 2. The area of the triangle is constant, so the base and height are inversely proportional.  
B: The area of a rectangle = length \(\times\) width. The area of the rectangle is constant, so the length and width are inversely proportional.  
C: Speed = distance ÷ time. When speed is constant, distance and time are directly proportional.  
D: The number of students in the class = the number of boys + the number of girls. The total number of students is fixed, but the sum of boys and girls is constant, and their numbers are not proportional.  
Thus, the answer is: B

[Analysis] To identify whether two related quantities are directly or inversely proportional, determine if the ratio (quotient) is constant or if the product is constant. If the ratio (quotient) of two related quantities"	2023	primary	medium
2784	The correct statement among the following is (     ).  	single_answer_choice	In 48 ÷ 6 = 8, 48 is a multiple, and 6 and 8 are factors.  	1 is a factor of all non-zero natural numbers.  	The smallest natural number is 1.  	The number of factors of 6 is infinite.	B	The relationship between factors and multiples	nan	2025	primary	medium
