index	question	category	answer	knowledge	analysis	year	grade_level	difficulty_level
2155	"The bowhead whale lives in the Arctic, with a subcutaneous fat thickness of up to 0.5 meters. Fat-rich animals in the desert are also crucial for survival. Which of the following statements about fat and other substances is incorrect? 
A. Fat, like nucleic acids, polysaccharides, and proteins, is a biological macromolecule.
B. Desert animals with high fat content are suited for desert survival because fats contain more oxygen than carbohydrates, resulting in more metabolic water.
C. In the early stages of germination, the dry weight of oilseed increases, and oilseeds should be sown deeply.
D. The initial hydrolysis of nucleic acids yields nucleotides, while complete hydrolysis produces phosphoric acid, pentose, and bases."	multiple_answer_choice	A, B, C	The basic unit of nucleic acids###Types of nucleic acids and their main locations###Types of Lipids and Their Functions	nan	2024	high	medium
3248	"Camels in the desert can have their body temperature rise to 41°C during the day, and at night it can drop to as low as 34°C. Research has found that increasing body temperature during the day can reduce water loss, and if the body temperature drops significantly the previous night, they can better endure the high temperatures the next day. Based on the above material, which of the following is correct?  
B. When the body temperature is high during the day, the amount of body moisture used for cooling is reduced."	multiple_answer_choice	B	Body temperature regulation###Water-salt balance regulation	"[Answer] A. Increasing body temperature during the day, higher than the ambient temperature, can reduce sweat production; A is incorrect. B. High body temperature during the day, higher than ambient temperature, can reduce sweat production, decreasing the amount of water used for cooling the body; B is correct. C. At night, when body temperature is low, camels cannot absorb moisture from the air; C is incorrect. D. The lower the body temperature at night, the longer it takes the next day to raise the temperature to what a camel can reach during the day

[Analysis] The structure of the skin consists of the epidermis and dermis. The skin has sweat glands, sebaceous glands, hair, and nails as its appendages. When the surrounding environmental temperature is high"	2022	high	medium
842	"Rhizobia are common bacteria in the soil that can form symbiotic nodules with leguminous plants. Rhizobia can convert nitrogen gas from the air into nitrogen-containing nutrients, while leguminous plants can provide habitat and organic nutrients for rhizobia. The correct statements are:

A. Rhizobia and plant root cells can be distinguished by the presence or absence of a nuclear membrane.
B. Rhizobia can provide nutrients to leguminous plants and are autotrophic organisms.
C. After being absorbed, nitrogen-containing nutrients exist in cells in the form of compounds.
D. Using soil that has grown leguminous plants for many years to plant crops can relatively reduce the amount of nitrogen fertilizer needed."	multiple_answer_choice	A, D	The similarities and differences in the morphology and structure of prokaryotic and eukaryotic cells###Elements and compounds that make up cells	nan	2024	high	medium
5355	"Mitosis of cells is a continuous process that includes interphase and mitotic phases. The correct statement about cell mitosis is:  
A. Factors that regulate nuclear DNA replication are present in cells during interphase.  
B. Structural and numerical chromosomal variations can occur during cell mitosis.  
C. Typically, mitosis and differentiation do not change the genotype of an individual.  
D. The process of mitosis in human cells is not regulated by proto-oncogenes and tumor suppressor genes."	multiple_answer_choice	A, B, C	The process, change patterns, and significance of mitosis	"Answer: A. Mitosis is a continuous process, and the interphase involves preparations including DNA replication and protein synthesis; thus, there are factors regulating nuclear DNA replication, A is correct;
B. During mitosis, chromosomes replicate to form sister chromatids, and later the centromeres separate, leading to the separation of sister chromatids, which can cause structural and numerical chromosome variations, B is correct;
C. Typically, mitosis involves the replication of genetic material, which is the inheritance of traits, and does not change the individual's genotype, C is correct;
D. Tumor suppressor genes can prevent abnormal cell proliferation and affect the cell division process, D is incorrect.
Therefore, the answer is ABC.
Analysis: Mitosis includes interphase, prophase, metaphase, anaphase, and telophase. Interphase involves the preparation of materials for division. Mitosis helps maintain the stability of genetic inheritance from parent to offspring cells but can be affected by onc"	2023	high	medium
4970	"The incorrect statement about molecules in cells is (       )
A. Glucose is the most commonly used substance for cellular respiration, and it can be derived from the hydrolysis of glycogen in plant cells.
B. In human cardiac muscle cells, there are 7 types of nucleotides composed of the bases A, G, C, and U.
C. Starch, proteins, and RNA are polymers formed by glucose, amino acids, and deoxynucleotides as monomers, respectively.
D. The basic units of biological macromolecules starch, glycogen, cellulose, and ribose are all glucose."	multiple_answer_choice	A, C, D	The basic unit of nucleic acids###Similarities and Differences Between DNA and RNA###Biomacromolecules have carbon chains as their backbone.###Carbohydrate synthesis in cells	nan	2023	high	medium
3813	"Ghrelin secreted by endocrine cells in the stomach of mice can bind with the GHSR-1a receptor in the hypothalamus, forming the Ghrelin---hypothalamus GHSR signaling pathway, which promotes growth hormone secretion and in turn raises blood glucose levels by regulating feeding behavior and glucose-lipid metabolism. When mouse blood glucose levels rise, Ghrelin synthesis decreases, which limits further increases in blood glucose. The incorrect statement is (   )
A. The cells where the GHSR-1a receptor is located are part of the receptor for the Ghrelin---hypothalamus GHSR signaling pathway.
B. After eating, the serum Ghrelin content begins to increase through the regulation of the Ghrelin-hypothalamus GHSR signaling pathway.
C. Under food stimulation, excitation is conducted to the hypothalamus, which promotes insulin production through the pituitary, limiting further increases in blood glucose.
D. Regulation through"	multiple_answer_choice	A, B, C	Composition and Function of the Reflex Arc###Characteristics of Hormonal Regulation###Blood sugar balance regulation###Hierarchical regulation of hormone secretion	nan	2024	high	medium
5360	"Carrier protein M involved in active Ca\textsuperscript{2+} transport is an enzyme that catalyzes ATP hydrolysis. In root tip cells, during the transport of Ca\textsuperscript{2+}, carrier protein M undergoes phosphorylation and dephosphorylation. The correct statements are:

A. After the phosphate group linked to adenosine in the ATP molecule detaches, it will phosphorylate the carrier protein.
B. After carrier protein M is phosphorylated, its spatial structure changes.
C. The ATP consumed during the phosphorylation of carrier protein M comes from cellular respiration.
D. Phosphorylation and dephosphorylation can cyclically occur and are two reversible reactions."	multiple_answer_choice	B, C	The chemical composition and characteristics of ATP###The process of interconversion between ATP and ADP###The role and significance of ATP###Active transport	nan	2024	high	medium
2196	"The table below shows the main physiological functions of several elements (inorganic salts) that make up plant cells, as well as the corresponding deficiencies. The correct statement is (     )

A. The above 4 elements are all essential for plant cells, with 2 of them in very small quantities.  
B. When boron is removed from artificially prepared mixed nutrient solutions to observe plant growth, it utilizes the principle of subtraction.  
C. Phosphorus deficiency will reduce the rate of photosynthesis but does not affect the absorption of other inorganic salts by root cells.  
D. Zinc deficiency will lead to insufficient synthesis of auxin, slowing leaf growth; applying potassium fertilizer is beneficial for increasing potato yield."	multiple_answer_choice	A, B, D	Environmental factors affecting photosynthesis###The production, distribution, and transport of auxin###Elements and compounds that make up cells	nan	2024	high	medium
1397	"The sub-magnetic field is a major environmental factor faced by astronauts during space exploration, different from the Earth's geomagnetic field. To investigate the effects of the sub-magnetic field on astronauts, a research group conducted continuous exposure tests on adult mice, measuring the contents of serotonin (5-HT) and norepinephrine (NA) in brain tissue, and thyroid hormone (T4) in blood. The results are shown in the table below. The following related statements are correct (     ).

A. In animals, NA can act both as a neurotransmitter and regulate biological activities in the form of a hormone.

B. In different magnetic field environments, the body can secrete 5-HT, NA, and T4 appropriately and timely according to its needs.

C. Experimental data indicate that the sub-magnetic field interferes with the mouse nervous system more than with the endocrine system.

D. It is speculated that long-term exposure to the sub-magnetic field leading to developmental and cognitive abnormalities"	multiple_answer_choice	A, D	Characteristics of Hormonal Regulation###Hormones and the endocrine system	nan	2023	high	medium
1891	"A genotype of AaXᵇY male Drosophila undergoes meiosis to produce two abnormal spermatids, Alpha and Beta. The chromosome composition of spermatid Alpha is aYY, and Beta is AXᵇY. Without considering other variations, the incorrect statement is:

A. The formation of abnormal spermatids Alpha and Beta is related to the abnormality of meiosis I in the spermatocyte.
B. Among the other three spermatids formed simultaneously with Beta, two have normal chromosomes.
C. Spermatid Beta contains 5 chromosomally distinct structures.
D. There can be at most 4 X chromosomes in the spermatogonia of the male Drosophila."	multiple_answer_choice	A, B, D	Formation process of sperm###Analysis of Abnormal Meiosis	nan	2024	high	medium
1514	"The following statement about meiosis and fertilization in higher animals is incorrect ( ):
A. Each egg cell inherits \(\frac{1}{2}\) of the genetic material from the primary oocyte nucleus.
B. The entire sperm enters the egg cell, completing the fertilization process.
C. Gametes produced by meiosis are diverse, and the combination of male and female gametes during fertilization is random, resulting in offspring with various phenotypes through sexual reproduction.
D. Fertilization results in the chromosome number in the offspring's cells being double that of the parents."	multiple_answer_choice	A, B, D	Regular changes in chromosomes and DNA during meiosis###The diversity of chromosome combinations during gametogenesis###Fertilization	"[Answer] A. Genetic material exists not only in the cell nucleus but also in the cytoplasm. During meiosis, the cell nucleus divides evenly, but the cytoplasm divides unevenly, so each egg cell inherits half of the genetic material from the primary oocyte's nucleus, along with cytoplasmic genetic material. A aligns with the question's intent.

B. Only the head of the sperm enters the egg cell to complete fertilization. B aligns with the question's intent.

C. During the tetrad stage, crossing over may occur between non-sister chromatids of homologous chromosomes. In the later stage of meiosis I, alleles on homologous chromosomes segregate while non-allelic genes on non-homologous chromosomes assort freely. This variability in gametes produced by meiosis leads to offspring with various phenotypes due to the random combination of male and female gametes during fertilization. C does not align with the question's intent.

D. Fertilization"	2023	high	medium
242	"The statements regarding pure microbial cultures that are incorrect are:

A. The higher the concentration of nutrients in the culture medium, the more beneficial it is for microbial growth.  
B. There is a difference in the degree of germicidal action between disinfection and sterilization.  
C. A pure microbial culture is a microbial culture that does not contain metabolic waste.  
D. The steps for obtaining a pure microbial culture are preparing the culture medium, sterilization, inoculation, isolation, and cultivation."	multiple_answer_choice	A, C	Components and Functions of Culture Medium###Sterilization technology###Comprehensive Study on the Cultivation and Application of Microorganisms	nan	2024	high	medium
3900	"The incorrect statement about genetic variation in organisms is (    )
A. An individual with genotype Aa undergoes self-pollination, resulting in trait segregation in the offspring due to gene recombination.
B. Triploid seedless watermelons cannot produce seeds; therefore, it is a non-heritable variation.
C. Mutations observable under an optical microscope are chromosomal variations and gene recombination.
D. Changes in gene structure all belong to gene mutations."	multiple_answer_choice	A, B, C	Gene recombination and its significance###Characteristics and Significance of Gene Mutation###Variation in chromosome structure	nan	2023	high	medium
2751	"Pulmonary edema refers to an imbalance between the production and return of tissue fluid within the lungs, resulting in a large accumulation of tissue fluid in the alveoli, lung interstitium, and small bronchi, leading to dysfunction in lung ventilation and gas exchange. This manifests as difficulty breathing, high fever, profuse sweating, and hypoxemia. The incorrect statement among the following is:
A. The patient's difficulty in breathing leads to an elevated concentration of CO\textsubscript{2} in the body, increasing blood plasma pH.
B. The regulation of respiratory movements is primarily determined by humoral regulatory factors such as CO\textsubscript{2}.
C. Profuse sweating can increase heat dissipation and help alleviate the patient's fever symptoms.
D. The return of lung tissue fluid mainly enters the pulmonary capillaries and lymphatic capillaries."	multiple_answer_choice	A, B	Composition of the Internal Environment###Physicochemical properties of the internal environment###Body temperature regulation	[Answer] A. Patient's difficulty in breathing leads to an increase in CO\textsubscript{2} concentration in the body. However, due to the presence of buffering substances, the plasma pH does not decrease. A is incorrect; B. The regulation of respiratory movements is primarily determined by neural regulation. B is incorrect; C. Profuse sweating can increase heat dissipation, which helps alleviate the patient's high fever symptoms. C is correct; D. Based on the relationship diagram of each component in the analysis, it can be seen that the return flow of interstitial fluid in the lungs mainly enters the pulmonary capillaries and lymphatic capillaries. D is correct. Therefore, the answer is: AB. [Analysis] 1. Body fluid includes intracellular fluid and extracellular fluid. The extracellular fluid, composed of plasma, interstitial fluid, and lymph, is also known as the internal environment. There is a bidirectional exchange of substances between intracellular fluid and interstitial fluid	2022	high	medium
3901	"The correct comparisons regarding the ratio of substance content within cells are as follows:

A. Free water/bound water in seed cells: during germination > during dormancy
B. O\textsubscript{2}/CO\textsubscript{2} in human cells: within mitochondria > within the cytoplasmic matrix
C. RNA/nuclear DNA in cells: in actively growing cells > in aging cells
D. C\textsubscript{3}/C\textsubscript{5} in chloroplasts: under light > when light is paused"	multiple_answer_choice	A, C	The forms and functions of water in cells###The process and significance of photosynthesis###The process and significance of aerobic respiration	"[Answer] A. During seed germination, cellular metabolism is vigorous, the content of free water increases, and the ratio of free water to bound water inside the cell is higher than during dormancy, so A is correct;  
B. Human cells consume oxygen and release carbon dioxide during aerobic respiration, which occurs in mitochondria. Therefore, compared to the cytoplasmic matrix, the oxygen concentration in the mitochondria decreases, while the carbon dioxide concentration increases. Thus, the O\textsubscript{2}/CO\textsubscript{2} ratio in human cells is lower in mitochondria than in the cytoplasmic matrix, so B is incorrect;  
C. Metabolically active cells need to synthesize a large amount of protein, and the amount of RNA produced through transcription is higher than in aging cells, while the DNA content in the nucleus of metabolically active and aging cells is essentially the same. Therefore, the RNA/DNA ratio in cells is higher in metabolically"	2023	high	medium
3409	"During the COVID-19 pandemic, medical staff and patients exercised together in Wuhan's ""Fangcang Hospital,"" engaging in activities such as Tai Chi, Wu Qin Xi, and square dancing. The correct statement is:

A. The ATP content in the body will significantly decrease during joint exercise by medical staff and patients.
B. The CO\textsubscript{2} produced during cellular respiration by medical staff and patients comes only from mitochondria.
C. If the calcium ion concentration in the blood is too high, there may be convulsions during exercise.
D. If blood glucose is below normal, glycogen breakdown may occur during exercise to supplement."	multiple_answer_choice	B, D	The process of interconversion between ATP and ADP###The process and significance of aerobic respiration###The process and significance of anaerobic respiration.###Blood sugar balance regulation	"[Answer] A: The conversion between ATP and ADP occurs continuously and is in dynamic equilibrium. During exercise, energy demand is higher, and conversion is faster; in a resting state, energy demand is lower, and conversion slows down. When healthcare workers and patients exercise together, the ATP level in the body does not significantly decrease; thus, A is incorrect.  
B: Human cells produce CO\textsubscript{2} during aerobic respiration and only produce lactic acid during anaerobic respiration. Therefore, the CO\textsubscript{2} produced from cellular respiration during exercise by healthcare workers and patients comes only from mitochondria; B is correct.  
C: Calcium deficiency can cause muscle spasms, and excessive calcium ion concentration in the blood can cause muscle weakness; C is incorrect.  
D: During exercise, energy is needed for limb movement. If blood glucose levels are below normal, liver glycogen can break down to produce glucose for timely supplementation; D is correct."	2021	high	medium
245	"Red fruit is dominant over yellow fruit, round fruit is dominant over long fruit, and the genes controlling these two traits assort independently. Now, a cross is made between red long fruit and yellow round fruit tomatoes. From a theoretical analysis, the possible genotype ratio of their offspring is (   )
A. 1:0 B. 1:2:1 C. 3:1 D. 1:1:1:1"	multiple_answer_choice	A, B, D	Traits of organisms, relative traits, and the dominance or recessiveness of traits.	[Solution] There are three situations for analysis: (1) If both are homozygous, the parental genotype can be represented as AAbb and aaBB, resulting in only one offspring genotype with a ratio of 1:0; (2) If both are heterozygous, the parental genotype can be represented as Aabb and aaBb, resulting in four offspring genotypes with a ratio of 1:1:1:1; (3) If one is homozygous and the other is heterozygous, the parental genotype can be represented as Aabb and aaBB or AAbb and aaBb, resulting in three offspring genotypes with a ratio of 1:2:1. [Analysis] According to the problem, the genotype of the hybrid red long fruit and yellow round fruit tomato is uncertain. If red and yellow are represented by A and a, respectively, and round and long fruit are represented by B and b, respectively, then the parental genotype	others	high	medium
3862	"""Tiangong Kaiwu"" categorizes domesticated silkworms (ZW type) into ""early and late types"" based on their phenology. Phenology refers to the number of generations a year for domesticated silkworms; the early type reproduces one generation, known as a single phenology, while the late type reproduces two generations, known as double phenology. Breeding experts have verified that ""crossing early male with late female produces an excellent type,"" which displays double phenology but has cocoon yield and silk quality as good as single phenology. Subsequent backcross experiments showed all offspring had single phenology. The following statement is unreasonable (____):
A. Phenology traits are controlled by a pair of alleles.
B. Phenology traits are determined jointly by both parents.
C. The gene controlling phenology traits may reside in mitochondria.
D. Reciprocal cross experiments can determine the precise location of the gene on chromosomes."	multiple_answer_choice	A, B, D	Method for determining the position of a gene on a chromosome	nan	2024	high	medium
5167	"The following statement about the regulation of bodily movement by the nervous system is incorrect ( ):
A. The pain from acupuncture and the absence of contraction during an injection both belong to reflex activities.
B. The respiratory center located in the hypothalamus is essential for sustaining life.
C. A person with a damaged cerebral cortex cannot complete the urination reflex.
D. Damage to the cerebellum can lead to imbalance in body equilibrium."	multiple_answer_choice	A, B, C	Composition and Function of the Reflex Arc###The process of reflection###The basic structure of the nervous system	"Answer:
A. Feeling pain from a needle prick is not a reflex activity; A is incorrect.
B. The respiratory center is located in the brainstem; B is incorrect.
C. The nerve center for urination is in the spinal cord. In the case of cerebral cortex damage, the urination reflex can still occur, but there is no sensation of urination; C is incorrect.
D. Cerebellum.

Analysis:
(1) Functions of various levels of centers
① Hypothalamus: Contains the temperature regulation center and the water balance regulation center, also involved in biological rhythm control.
② Brainstem: Houses many centers essential for life, such as the respiratory center.
③ Cerebral cortex: The highest center for regulating bodily activities.
④ Cerebellum: Contains the center for maintaining body balance.
⑤ Spinal cord: The lower center for regulating body movements.
(2) Hierarchical regulation of body movement by the nervous system
The relationship between lower and higher centers—"	2022	high	medium
3501	"Regarding the experiment ""Changes in the number of plant cell chromosomes induced by low temperatures."" The correct statements are:

A. Low temperature inhibits spindle formation during anaphase of mitosis.
B. The steps to prepare a slide are dissociation, rinsing, staining, and mounting.
C. Staining the chromosomes purple with gentian violet solution facilitates observation.
D. A change in the number of chromosomes in the cell indicates successful low-temperature induction."	multiple_answer_choice	B, C	The process, change patterns, and significance of mitosis###Chromosomal number variation###Low-temperature induced chromosome doubling experiment	nan	2024	high	medium
2157	"Changbai Mountain is not only beautiful and charming but also rich in resources with a wide variety of flora and fauna. It is one of the most representative typical natural complexes in the northern part of the Eurasian continent and is one of the rare ""species gene banks"" and ""natural museums"" in the world. The following related statement is incorrect:

A. Herbivores in Changbai Mountain are at the second trophic level and can accelerate material cycling.
B. All bacteria in Changbai Mountain are decomposers and are essential components of the ecosystem.
C. Compounds in Changbai Mountain can cycle back and forth between the abiotic environment and the biological community.
D. When drawing the energy pyramid of the Changbai Mountain ecosystem, decomposers should be placed at the top."	multiple_answer_choice	B, C, D	Structure of the ecosystem###The practical significance of studying energy flow###Material cycling in ecosystems	nan	2023	high	medium
5363	"A type of bioactive dressing called ""My Skin"" has brought good news to burn patients since its inception in the UK. The principle of this active dressing is to first collect some cell samples and then allow them to proliferate on a special membrane. After 5 to 7 days, the membrane is applied to the patient's wound, gradually ""releasing"" the cells onto the wound and promoting the growth of a new skin layer to accelerate wound healing. The following statements are correct:
A. It is best to choose cell samples from the patient themselves for growth on the membrane.
B. The acquisition of ""My Skin"" reflects the totipotency of animal cells.
C. After large-area burns, the human immune system's second line of defense may be compromised, leading to decreased immunity.
D. The ability of the membrane to successfully ""release"" cells onto the wound and accelerate the healing of the patient's own skin is related to the HLA on the cell membrane."	multiple_answer_choice	A, D	Structure and Function of the Immune System###Nonspecific immunity	nan	2023	high	medium
4927	"""Drunken oxygen syndrome"" refers to the discomfort experienced by people who have worked long-term at high altitudes and then return to the plains, manifesting symptoms such as dizziness, fatigue, drowsiness, lightheadedness, and diarrhea, similar to being intoxicated. The correct statements are:
A. ""Drunken oxygen syndrome"" indicates that the internal environment's homeostasis can be affected by the external environment.
B. ""Drunken oxygen syndrome"" is due to the excessively strong ability of hemoglobin to carry oxygen in the internal environment of people returning to the plains.
C. After experiencing severe diarrhea, patients with ""drunken oxygen syndrome"" should supplement water and also appropriately replenish inorganic salts.
D. The occurrence of ""drunken oxygen syndrome"" illustrates that there is a certain limit to the body's ability to regulate and maintain the stability of the internal environment."	multiple_answer_choice	A, C, D	The physiological significance of steady state###Composition of the Internal Environment###Physicochemical properties of the internal environment	nan	2024	high	medium
4201	"The principle of ""structure adapting to function"" is one of the basic perspectives in biology. Which of the following does not conform to this principle?

A. Chloroplasts and mitochondria increase membrane area in different ways, facilitating efficient chemical reactions.
B. Lysosomes contain hydrolytic enzymes, enabling the decomposition of aging and damaged organelles.
C. The cell wall is the boundary of the plant cell system and functions to control the entry and exit of substances into the cell.
D. The cytoskeleton is a network structure composed of cellulose, related to cell movement and division."	multiple_answer_choice	C, D	Functions of the cell membrane###Other Organelles and Separation Methods###Cytoskeleton	nan	2024	high	medium
4712	"The ATMYB44 and ATMYB77 genes of Arabidopsis thaliana are both involved in the regulation of plant drought resistance. It has been reported that researchers have successfully introduced the above genes into the mesophyll cells of wild rice individually, and drought-resistant rice has been obtained. The reasonable predictions are: 
A. The order of deoxynucleotides is different between the two genes mentioned above.
B. Genes from Arabidopsis thaliana can transfer across species and function effectively.
C. Rice with these two genes introduced may not necessarily be drought-resistant.
D. The two genes mentioned above follow the law of independent assortment during inheritance."	multiple_answer_choice	A, B, C	The essence and application of the law of independent assortment of genes###The relationship between genes, DNA, and genetic information.###Transcription of genetic information###Translation of genetic information	nan	2024	high	medium
4418	"The correct statements about human cell respiration are:  
A. In the process of cellular respiration, the chemical energy in organic matter is converted into heat energy and ATP.  
B. During intense exercise, the energy consumed mainly comes from anaerobic respiration of cells.  
C. In addition to providing energy, the intermediates of aerobic respiration can be converted into glycerol and amino acids.  
D. If the amount of O\textsubscript{2} absorbed by the cell is different from the amount of CO\textsubscript{2} released, it may be because the respiratory substrate contains non-carbohydrate substances."	multiple_answer_choice	C, D	The concepts, methods, and significance of cellular respiration###The process and significance of aerobic respiration###The process and significance of anaerobic respiration.	nan	2024	high	medium
2444	"Different levels of systems all exhibit the characteristics of homeostasis. The correct statements are as follows:

A. The homeostasis at the molecular level is often related to the regulation of gene expression.
B. Kidney dysfunction may lead to a disturbance in the body's internal environment homeostasis.
C. Ecosystems have the ability to maintain or restore stability in their structure and function.
D. Once succession reaches a relatively stable stage, the species composition of the community will no longer change."	multiple_answer_choice	A, B, C	The physiological significance of steady state###Stability of the ecosystem	"Answer: A. The homeostasis at the molecular level is often related to the regulation of gene expression. Gene expression is the process by which genes control protein synthesis. A is correct; B. The kidneys participate in the regulation of the body's water-salt balance. A dysfunction may lead to the disruption of the body's internal environment homeostasis. B is correct; C. The stability of an ecosystem is reflected in two aspects: one is resistance stability, and the other is resilience stability. Ecosystems have the ability to maintain or restore their structural and functional stability. C is correct; D. After succession reaches a relatively stable stage, the species composition of the community will also change, making D incorrect. Therefore, the answer is: ABC.

Analysis:
1. Homeostasis of the internal environment: (1) Essence: The chemical composition and physical-chemical properties of the internal environment maintain a relatively stable state. (2) Basis of homeostasis: Normal operation of organs and systems in a coordinated and"	2024	high	medium
1046	"Human papillomavirus (HPV) can lead to cervical cancer, and the HPV vaccine can prevent cervical cancer. Every person has a set of proteins on the surface of their cells, different from others, known as histocompatibility antigens, also called human leukocyte antigens, abbreviated as HLA. The statements below are correct (    ):
A. The HPV vaccine and cytokines can respectively act as the first and second signals for B cell activation.
B. The expression level of HLA molecules on the surface of HPV-infected cells often decreases.
C. Prophylactic HPV vaccines primarily resist HPV infection by inducing effective humoral immunity.
D. Therapeutic HPV vaccines primarily stimulate cellular immune response to eliminate virus infections or already mutated cells."	multiple_answer_choice	B, C, D	Cellular immunity###Humoral immunity###Applications of Immunology	nan	2024	high	medium
199	"Plant cell engineering can be used for haploid breeding and the industrial production of cell products. The following statement is incorrect (    ):
A. A purebred variety can be obtained by doubling the chromosome number of haploid plant seedlings after induction.
B. Haploid plants are ideal materials for somatic cell mutagenesis breeding and genetic mutation research.
C. Cells cultured in vitro are prone to mutations due to the influence of culture conditions and mutagenic factors.
D. Industrial production of cell products can obtain phenols, terpenes, and other metabolites essential for plant growth."	multiple_answer_choice	A, D	Haploid breeding###Application of Plant Cell Engineering	"[Answer] A. For diploid organisms, a pure line can be obtained after the chromosome number of haploid seedlings is doubled. If A and a represent a set of chromosomes, the haploid of the tetraploid AAaa might be Aa, and after inducing the chromosome number to double, the seedling becomes AAaa, which is a heterozygote. A fits the question's intent;  
B. Since most haploid plant cells contain only one set of chromosomes, recessive traits in the resulting plants easily manifest after chromosome doubling, making it ideal for somatic cell mutation breeding and genetic mutation research, but B does not fit the question's intent;  
C. During plant tissue culture, cultured cells keep proliferating, making them susceptible to mutations due to culture conditions and mutagenic factors, so C does not fit the question's intent;  
D. Phenolic and terpene compounds produced by plant factory production are secondary metabolites, which are not essential for plant growth."	2023	high	medium
3678	"Down syndrome, caused by three copies of chromosome 21, is a common genetic disorder. The correct statements are:

A. The main cause is the nondisjunction of chromosomes during meiosis in the mother's oocytes.
B. Prenatal diagnosis is carried out by analyzing the karyotype of cells in metaphase.
C. Synapsis disorder during meiosis in the patient's gametes prevents the formation of viable gametes.
D. Genetic counseling alone cannot determine if the fetus has Down syndrome."	multiple_answer_choice	A, B, D	Regular changes in chromosomes and DNA during meiosis###Types and Harms of Human Genetic Diseases###Monitoring and Prevention of Human Genetic Diseases	nan	2024	high	medium
897	"Corneal transplantation is the most successful organ transplantation because the cornea itself is avascular, placing it in an ""immune privilege"" position, making the success rate of corneal transplantation higher than other allogeneic organ transplants. The correct statements are as follows (    ):

A. There is an immune reaction between the transplanted cornea and the recipient.

B. The cornea itself is avascular, but the blood in the eyeball contains lymphocytes and immunologically active substances.

C. Immunological privilege can be achieved by using drugs to suppress B cell proliferation.

D. Transplanted corneas do not require HLA matching between donor and recipient due to ""immune privilege."""	multiple_answer_choice	A, B, D	Organ transplant	nan	2023	high	medium
3411	"The virus does not have a cellular structure and is generally composed of protein and nucleic acid; its existence depends on cells. Which of the following viewpoints support that the virus's life depends on cells?
A. Viruses need to rely on host cells to provide raw materials for synthesizing their own components.
B. Viruses and host cells share a set of genetic codes.
C. The virus's structure does not include organelles such as ribosomes and mitochondria.
D. The virus's genetic material is DNA or RNA."	multiple_answer_choice	A, C	Virus	"[Answer] Viruses need to rely on host cells to provide the raw materials for synthesizing their own components. They also need to use the host cell's ribosomes to synthesize proteins and the energy produced by the host cell's mitochondria for their own needs. Therefore, the viewpoints in options A and C support the idea that a virus's life depends on cells, and AC is consistent with the question.

B. The fact that viruses and host cells share a genetic code only indicates the unity of the biological world, not that a virus's life depends on cells. B is incorrect.

D. Viruses have only one type of genetic material, which is either DNA or RNA, while cellular organisms have two types of genetic material, DNA and RNA. This does not support the idea that a virus's life depends on cells. D is incorrect.

Therefore, the answer is: AC.

[Analysis] Viruses: (1) Lifestyle: parasitic on living cells (2) Classification:"	2021	high	medium
3242	"Lipids are present in all cells and are important organic compounds that make up cells and organisms. The correct statements about lipids are:

A. Common lipids include fats, phospholipids, and sterols, and they are usually insoluble in water.  
C. In addition to C, H, and O, phospholipids also contain P and sometimes N, and are the main components of cell membranes.  
D. Phospholipids are essential lipids for all cells."	multiple_answer_choice	A, C, D	Components of the cell membrane###Lipid synthesis in cells###Carbohydrate synthesis in cells	nan	2024	high	medium
1647	"""Aquaponics"" is a new type of integrated farming system that circulates water from aquaculture fish ponds to hydroponic plant cultivation systems for purification before returning it to the fish ponds. This achieves ecological symbiosis where fish farming doesn't require water changes and plant cultivation doesn't require fertilization, allowing both to grow normally. The following statements are incorrect (      )
A. This integrated system can conduct material cycles independently of other ecosystems.
B. Mark-recapture method is used for investigating a certain type of fish, while sampling inspection method is used for investigating a certain type of planktonic algae.
C. Producers, consumers, decomposers, as well as non-biological matter and energy, form the structure of the ecosystem.
D. In traditional aquaculture, the accumulation of fish waste increases nitrogen and phosphorus in water, causing algal blooms, which is a phenomenon of biological enrichment."	multiple_answer_choice	A, C, D	Methods for Estimating Population Density###Structure of the ecosystem###Material cycling in ecosystems###Integrated structure and function of ecosystems	nan	2024	high	medium
192	"In the following experiments, which one does not damage the activity and integrity of the cells?  
A. The experiment of extracting cell membranes using mature animal red blood cells  
B. The experiment of observing chloroplasts using elodea cells  
C. The experiment of plasmolysis and recovery using onion scale leaf epidermal cells  
D. The experiment of inducing chromosome number changes in cells by low temperature"	multiple_answer_choice	B, C	Components of the cell membrane###Plasmolysis and recovery###Low-temperature induced chromosome doubling experiment###Observation of chloroplasts, mitochondria, and cytoplasmic streaming experiment	nan	2024	high	medium
4721	"The formation of adaptation depends on the interaction between biological heredity and variation (internal factors) and the environment (external factors). The correct statements related to the formation of adaptation mechanisms are:

A. Adaptation refers not only to the organism's adaptation to the environment but also includes the adaptation of an organism's structure and function.

B. Individuals with favorable variations can successfully survive and reproduce; individuals with unfavorable variations may die prematurely and cannot leave offspring.

C. The fundamental reason for the relativity of adaptation is the contradiction between genetic stability and the constantly changing environment.

D. Changes in gene frequency are caused by gene mutation and gene recombination and are not influenced by the environment."	multiple_answer_choice	A, C	The concept and change of gene frequency###Natural Selection and Adaptation###Variation is the raw material of natural selection.	"Answer: A. Adaptation not only refers to adapting to the environment for survival but also includes the adaptation of biological structures and functions, A is correct; B. Variation is non-directional, and the advantages and disadvantages of variation are relative, being related to the environment, B is incorrect; C. The fundamental reason for the relativity of adaptation is the contradiction between genetic stability and the constantly changing environment, C is correct; D. Changes in gene frequency are caused by gene mutation and gene recombination, and are also influenced by the environment and its selection, D is incorrect; Therefore, the answer is: A, C.

Analysis: Universality and relativity of adaptation (1) Meaning of adaptation: One is that the morphology and structure of organisms are suited to fulfill certain functions, the other is that the morphology, structure, and function of organisms are suited for survival and reproduction in a certain environment. (2) Adaptation is universal and relative. (3) The reason for the"	2023	high	medium
4934	"It is known that Salmonella typhimurium can mutate into histidine auxotrophic strains after UV irradiation and cannot grow on minimal medium (a medium that only meets the growth requirements of wild-type strains). If these auxotrophic strains are affected by inducer X, they can revert to prototrophic (equivalent to wild-type) strains. A culture medium is prepared to detect whether a certain food contains inducer X using these auxotrophic strains. Without considering contamination, the following statements are correct:

A. A minimal medium containing the food should be prepared for detection.
B. As long as colonies appear on the medium, it indicates that the food contains inducer X.
C. The reversal of the auxotrophic strain to prototrophic by inducer X implies that the direction of gene mutation is fixed.
D. The appearance of histidine auxotrophic strains is essentially the result of changes in the base sequence."	multiple_answer_choice	A, D	Characteristics and Significance of Gene Mutation###Selective effects of culture media on microorganisms	"Solution:  
A. A basic culture medium containing the food should be prepared for testing to check for contamination by other bacteria, to avoid affecting the experimental results. A fits the context.  
B. If the medium contains histidine, colonies will also be detected in the medium. B does not fit the context.  
C. Gene mutation is non-directional. C does not fit the context.  
D. From the context, it can be understood that Salmonella Typhimurium can mutate into a histidine auxotroph strain after UV irradiation, and UV irradiation causes gene mutation in this strain, leading to changes in the nucleotide sequence. D fits the context.  
Therefore, the answer is: AD.  

Analysis: A change in the nucleotide sequence caused by the substitution, addition, or deletion of bases in a DNA molecule is called a gene mutation. Gene mutations are characterized by universality, randomness, low frequency, and non-directionality."	2023	high	medium
195	"Regarding the relationship between genes and chromosomes, the incorrect statement is:  
A. There are multiple genes on one chromosome  
B. Non-allelic genes are all located on non-homologous chromosomes  
C. The genes of lactic acid bacteria are arranged linearly on the chromosome  
D. There is a clear parallel relationship between the behavior of nuclear genes and chromosomes"	multiple_answer_choice	B,C	Experimental evidence of genes on chromosomes	nan	2024	high	medium
4461	"The following understanding of modern biological evolutionary theory is incorrect ( ):
A. All variations that occur in organisms can provide raw materials for evolution.
B. The role of geographic isolation is to prevent gene exchange between populations.
C. Co-evolution refers to the ongoing development and evolution among species as they influence each other.
D. Natural selection changes the gene frequency in a population and determines the direction of biological evolution."	multiple_answer_choice	A,C	The main content of modern biological evolution theory	"[Answer] A. Variation in organisms includes non-heritable variation and heritable variation, and only heritable variation can provide the raw materials for biological evolution. A is incorrect;  
B. The role of geographic isolation is to prevent gene flow between populations, but it does not necessarily lead to reproductive isolation. B is correct;  
C. Coevolution refers to the mutual influence and continuous evolution between organisms and organisms or organisms and the inorganic environment, not just interspecies evolution. C is incorrect;  
D. Natural selection changes the gene frequency of a population and determines the direction of biological evolution. D is correct.  
Therefore, the answer is: AC.  
[Analysis] The fundamental view of modern biological evolution theory is that the population is the basic unit of biological evolution, and the essence of biological evolution lies in the change of gene frequency in a population. Mutation and genetic recombination, natural selection, and isolation are the three basic processes in species formation. Through their combined effects,"	2022	high	medium
4195	"Different climates, terrains, and other conditions can nurture various biological communities. Regarding the descriptions of these communities, the correct statements are:

A. 90% of non-human primates live in tropical rainforests.
B. Birds that have lost the ability to fly can evolve on grasslands.
C. Desert animals generally enter hibernation in the rainy season and aestivation in the dry season.
D. The tundra has a sparse variety of vegetation, and only plants that can withstand strong winds can survive."	multiple_answer_choice	A, B, D	Main types of communities	"[Answer] 90% of non-human primates live in the tropical rainforest, option A is correct; due to the lack of large areas of trees, some grasslands have evolved birds that have lost the ability to fly, option B is correct; desert animals generally enter aestivation during the dry season and revive when the rainy season arrives, option C is incorrect; the vegetation structure of the tundra is simple, species are scarce, and growth is slow, only plants that can withstand strong winds and the impact of soil and ice particles can survive, option D is correct. Therefore, the answer is: ABD.

[Analysis] Main types of communities:
1. Desert biome: Distributed in extremely arid areas where annual precipitation is sparse and unevenly distributed, with few species and a very simple community structure. Organisms in the desert have drought-resistant characteristics.
2. Grassland biome: Mainly distributed in semi-arid regions and areas with uneven rainfall across different years or seasons. The grassland"	others	high	medium
2492	"The following statements about the material and structural basis of life are incorrect:

A. Lacking the N element will affect the synthesis of ribose, proteins, phospholipids, etc.
B. The basic units of starch, cellulose, glycogen, and chitin are glucose.
C. Ribosomes, DNA, and RNA are present in the cells of lactic acid bacteria, yeast, and chlamydia.
D. Cholesterol is an important component of animal cell membranes and also involved in the transport of lipids in the blood."	multiple_answer_choice	A, B	The similarities and differences in the morphology and structure of prokaryotic and eukaryotic cells###Types of Lipids and Their Functions###Carbohydrate synthesis in cells###Comprehensive Molecular Composition of Cells	nan	2023	high	easy
4549	"Aphids feed on the phloem sap of plants; their excrement, known as ""honeydew,"" contains sugars that provide nutrients like carbohydrates to organisms such as ants and Buchnera bacteria within aphids. The sources of amino acids that aphids cannot synthesize are shown in the table below. The statement that correctly describes aphids is:

A. Aphids, ants, and other organisms and their living environments together form an ecosystem.
B. Buchnera bacteria survive within aphids, and their interspecies relationship with aphids is parasitic.
C. Ants consume ""honeydew,"" and part of the energy assimilated by aphids flows to ants.
D. The types of amino acids obtained from Buchnera bacteria and plants complement each other."	multiple_answer_choice	A, D	Inter-species relationships###The concept of ecosystems and their types###Energy flow in ecosystems	nan	2024	high	easy
3815	"T\textsubscript{4} lysozyme tends to lose activity at higher temperatures. Scientists modified the gene encoding T\textsubscript{4} lysozyme, changing the isoleucine at position 3 to cysteine in the expressed T\textsubscript{4} lysozyme, thereby increasing the number of disulfide bonds to enhance the heat resistance of T\textsubscript{4} lysozyme. The following related statement is incorrect (　　):
A. To obtain heat-resistant T\textsubscript{4} lysozyme, its spatial structure must first be designed, and suitable sites selected for amino acid replacement.
B. The traits obtained from this research modification cannot be inherited by offspring.
C. This research can use gene site-directed mutagenesis to replace bases in the RNA guiding T\textsubscript{4} lysozyme protein synthesis.
D. The modification of T\textsubscript{4} lysozyme"	multiple_answer_choice	B, C, D	Protein engineering	nan	2024	high	medium
4581	"Using purple onions as the material for related experiments, the reasonable analysis of the experimental results is (　　)
A. Observing under a low magnification microscope, some cells of the purple scale leaf's outer epidermis appear colorless, possibly because the epidermal cells were torn.
B. If the homologous chromosome pairing behavior is not observed in the meristematic region cells of the root tip, it may be due to insufficient staining.
C. If cytoplasmic plasmolysis is not observed in the root tip, it may be because the root tip was not properly dissociated.
D. Observing fewer fibrous materials during the crude extraction of DNA may be due to adding too much distilled water to the 2 mol·L\textsuperscript{-1} NaCl solution."	multiple_answer_choice	A, D	Plasmolysis and recovery###Observing cell mitosis###Crude Extraction and Identification of DNA	"[Answer]  
A. Under a low-power microscope, some epidermal cells on the surface of the scale leaves appear colorless, possibly due to the epidermal cells being torn and pigment flowing out with the cell sap, A is correct;  
B. Cells in the root tip meristematic zone can only undergo mitosis, not meiosis, and homologous chromosome pairing cannot be observed, not due to insufficient staining, B is incorrect;  
C. Cytoplasmic streaming cannot be observed using the root tip, possibly observing the cells in the meristematic zone, which do not have large vacuoles, meaning plasmolysis will not occur. It could also be observing the root hair area, but if the external concentration is less than the cell sap concentration, the cell will not lose water. Cells used to observe plasmolysis are mature living plant cells and cannot be dissociated as this would kill the cells, C is incorrect;  
D. When observing the extracted DNA,"	2021	high	medium
1326	"The following are part of the neuron cell structure (   )
A. Cell body B. Dendrite C. Nerve center D. Axon"	multiple_answer_choice	A, B, D	The structure and function of the parts of a neuron	"[Answer] The basic structure of a neuron includes the cell body, dendrites, and axon, which aligns with options A, B, and D.

Therefore, the answer is: ABD.

[Analysis] The basic structure of a neuron includes the cell body, dendrites, and axon. The cell body is the enlarged part of the neuron containing the nucleus; dendrites are the branch-like projections extending from the cell body, usually short and thick, generally multiple, used to receive information and transmit it to the cell body; the axon is a long, thin projection, typically singular, that can transmit information from the cell body to other neurons, muscles, or glands."	others	high	easy
3239	"The unethical biotechnological application is (　　)  
A. Using in vitro fertilization technology to solve infertility issues  
B. Conducting research on human reproductive cloning experiments  
C. Using genetic recombination technology to produce biological weapons to eliminate enemies  
D. Prohibiting the birth of fetuses with genetic defects through genetic testing"	multiple_answer_choice	B, C, D	Biological weapon	"Answer: A. The use of in vitro fertilization to solve infertility issues is ethically acceptable, therefore A is incorrect; B. Human cloning seriously violates human ethics, making reproductive cloning research unethical, thus B is correct; C. Creating new pathogenic bacteria through recombinant gene technology, causing sudden illness with no treatment available, and leading to extreme panic and paralysis in the affected country, is unethical, therefore C is correct; D. Using genetic testing to prevent the birth of fetuses with genetic defects is unethical, therefore D is correct. Thus, the correct choices are BCD.

Analysis: 1. Reproductive cloning refers to using cloning technology for reproductive purposes, specifically to produce individual humans. Therapeutic cloning involves using cloning technology to produce specific cells and tissues (such as skin, nerve, or muscle) for therapeutic transplantation. The Chinese government prohibits reproductive human cloning, adhering to the four principles (oppose, disallow, not support, and not accept any reproductive human cloning experiments), but does not"	others	high	medium
4463	"The liver is an important metabolic organ in the body. When patients with liver failure lose the normal regulatory function of the liver, it is very easy for them to experience disruptions in internal environment such as water retention (excess fluid retention in interstitial spaces), acid-base imbalance, and nutritional metabolism disorders. The following related statement is correct (    ):  
A. The homeostasis of the internal environment is maintained through the regulation of the nervous, humoral, and immune systems.  
B. The internal environment in which liver cells live is tissue fluid, also known as interstitial fluid.  
C. Patients with liver failure show increased urine output, edema in the lower limbs, and weight gain.  
D. Homeostasis of the internal environment is an important guarantee for normal life activities of the organism."	multiple_answer_choice	A, B, D	The physiological significance of steady state###Composition of the Internal Environment###Steady-state regulatory mechanism	"[Answer] Homeostasis of the internal environment is maintained through the regulatory mechanisms of the neural-humoral-immune network, which makes statement A correct. The internal environment in which liver cells reside is interstitial fluid, also known as intercellular fluid, making statement B correct. Patients with liver failure exhibit symptoms such as reduced urine output and severe ascites, making statement C incorrect. Homeostasis of the internal environment is crucial for normal life activities, making statement D correct.  
[Analysis] 1. The fluid within the human body is collectively referred to as body fluid, which includes intracellular and extracellular fluids. Extracellular fluid, also called the internal environment, consists of interstitial fluid, plasma, and lymph, serving as the direct living environment for body cells. Interstitial fluid, found in the gaps between tissue cells, is also known as intercellular fluid and serves as the direct living environment for tissue cells. Plasma, found within capillaries, is the living environment for"	others	high	medium
198	"Among the following statements related to basic genetic issues, the incorrect one is (     )
A. Relative traits refer to different expressions of the same trait in the same species, such as long hair and gray hair in rabbits.
B. Phenotype refers to the traits expressed by a biological individual, and individuals with the same genotype always have the same phenotype.
C. The dominant parent of a recessive individual is usually a heterozygote.
D. Trait segregation refers to the phenomenon of different genotypes appearing in the offspring of hybrids."	multiple_answer_choice	A, B, D	Traits of organisms, relative traits, and the dominance or recessiveness of traits.###The relationship between genotype and phenotype	"Answer:  
A. Relative traits refer to different expression types of the same trait in the same species, such as long hair and short hair, white fur and gray fur in rabbits, which is incorrect.  
B. Due to environmental and other factors, identical genotypes may not result in the same phenotype, which is incorrect.  
C. Recessive genes in recessive individuals come from both parents, so dominant parents are usually heterozygous, which is correct.  
D. Trait segregation refers to the occurrence of individuals with different phenotypes in hybrid offspring, which is incorrect.  
Therefore, the answer is: ABD.

Analysis: Genes and traits are not always a one-to-one relationship: generally speaking, one gene determines one trait; sometimes a trait in an organism is influenced by multiple genes, such as the formation of chlorophyll in corn, which involves at least over 50 different genes; some genes can affect multiple traits; the traits of organisms result from the combined effects of"	2021	high	medium
3865	"The rapid development of biotechnology has sparked numerous debates regarding safety and ethics. Which of the following do you think are correct? 
A. Scientists should be responsible for their scientific research and to society. 
B. Scientists should disseminate scientific knowledge to the public. 
C. The public should address these issues rationally and responsibly. 
D. The public can adopt different attitudes based on their own values."	multiple_answer_choice	A, B, C	Ethical Issues in Biotechnology	"Solution:  
A. Scientists should be responsible for their scientific research and society, taking seriously issues such as the safety of genetically modified organisms; A is correct.  
B. Scientists should disseminate scientific knowledge to the public to help people correctly understand the safety and ethical issues of biotechnology; B is correct.  
C. The public should deal with these issues rationally and responsibly; C is correct.  
D. The public should deal with these issues rationally and responsibly, but cannot adopt different attitudes based on their own values; D is incorrect.  
Therefore, the answer is: ABC.  

Analysis:  
1. Safety issues of genetically modified organisms: food safety (delayed effects, allergens, changes in nutritional components), biosafety (impact on biodiversity), environmental safety (impact on ecosystem stability). The correct approach to genetically modified technology is to maximize benefits and minimize harms, not overreact.  
2. Regarding ethical debates in biotechnology, the Chinese government's stance is to prohibit reproductive cloning, adhering"	others	high	medium
1050	"Currently, only two female northern white rhinos remain, and researchers are attempting to save the species using modern biotechnology, utilizing a small amount of northern white rhino sperm preserved in laboratories. Which of the following statements is correct?

A. Researchers can use techniques such as in vitro fertilization and embryo transfer to breed test tube animals of the northern white rhino.

B. If a cloned animal of the northern white rhino is cultivated using somatic cell nuclear transfer technology, this animal will certainly be female.

C. To breed more offspring, the embryo at the gastrula stage obtained through artificial breeding technology can be divided.

D. During embryo transfer, female northern white rhinos treated for synchronized estrus will not experience an immune rejection reaction."	multiple_answer_choice	A, B, D	The process of animal embryonic development###The concept and technology of embryonic engineering	"Answer: A. Because there are two female individuals and a small amount of northern white rhino sperm, researchers can use in vitro fertilization, embryo transfer, and other techniques to breed test-tube northern white rhinos, thus saving the species. A is correct; B. Currently, there are only female individuals, meaning somatic cells are from female animals only. If cloning technology using somatic cell nuclear transfer is used to breed northern white rhinos, the cloned animals will certainly be female. B is correct; C. To breed more offspring, embryos at the morula or blastocyst stages obtained through artificial breeding techniques can be divided. C is incorrect; D. During embryo transfer, hormones are used to synchronize the estrus cycle of donors and recipients, providing a similar physiological environment for the embryo's implantation. A female northern white rhino treated with synchronized estrus will not experience immune rejection. D is correct. Therefore, the answer is ABD.

Analysis: 1. Embry"	2023	high	medium
1246	"Structure and function adaptation is an important concept of life. The following statement is correct:  
B. The inner surface of the small intestine folds has many villi, which can expand the surface area and facilitate the absorption of nutrients.  
C. Neurons have many protrusions that connect with other neurons, facilitating the reception and transmission of information.  
D. The walls of the alveoli and their surrounding capillaries are composed of only one layer of epithelial cells, which facilitates gas exchange."	multiple_answer_choice	B, C, D	People in the Biosphere	"Answer: A. The valve between the atrium and ventricle is called the atrioventricular valve. Normally, it only opens towards the ventricle, facilitating blood flow from the atrium to the ventricle. Option A is incorrect. B. The small intestine is the main site for food digestion and absorption. Its inner surface has many circular folds and intestinal villi, greatly increasing the surface area, which is conducive to nutrient absorption. Option B is correct. C. Neurons have many extensions, including dendrites and axons. The ends of these extensions connect with multiple other neurons, aiding in information reception and transmission, thus enabling response to stimuli. Option C is correct. D. The walls of the alveoli and the capillary walls outside the alveoli are composed of a single layer of epithelial cells. These characteristics facilitate gas exchange between the alveoli and the blood. Option D is correct. Therefore, the answer is: BCD.

Analysis: 1."	2023	high	medium
5308	"The green leaf sea slug is a fascinating creature. This mollusk consumes a single meal of algae in its lifetime, allowing it to absorb chloroplasts into its own cells, making the body full of chloroplasts and capable of photosynthesis, thus no longer needing to eat for the rest of its life. When the cells of the green leaf sea slug are observed under an optical microscope, the identifiable pure structures are:

A. Cell wall  
B. Cell nucleus  
C. Chloroplasts  
D. Vacuoles"	multiple_answer_choice	B, C	Animals in the biosphere	"Answer: A. Green-leaf sea slugs are animals and lack a cell wall. After feeding on algae, they can break down the algae's cell walls, so they cannot be seen under an optical microscope. Option A does not meet the criteria.

B. Green-leaf sea slugs are eukaryotic organisms with a nucleus, which can be observed under an optical microscope. Option B meets the criteria.

C. Green-leaf sea slugs can absorb chloroplasts into their own cells, filling them with chloroplasts, so these can be observed under an optical microscope. Option C meets the criteria.

D. After feeding on algae, green-leaf sea slugs can break down the algae's vacuoles, so they cannot be observed under an optical microscope. Option D does not meet the criteria.

Therefore, the answer is: BC.

Analysis: 1. The basic structure of animal cells includes: cell membrane, cytoplasm (cytosol and organelles),"	2023	high	easy
5328	"The following technologies should be strictly prohibited:  
A. Reproductive cloning  
B. Biological weapons  
C. Therapeutic cloning  
D. Monoclonal antibodies"	multiple_answer_choice	A, B	Biological weapon###The Pros and Cons of Cloning	"[Answer] AC, the prevailing view in contemporary society is to prohibit human cloning experiments, especially reproductive cloning, but therapeutic cloning is not opposed. A is correct, C is incorrect; B, biological weapons refer to weapons that deliberately use microorganisms, toxins, insects to attack an enemy's military, population, crops, or livestock to achieve warfare objectives, characterized by strong infectiousness and broad impact, and should be strictly banned. B is correct; D, monoclonal antibodies are highly specific and sensitive, and can be used for diagnosing and treating human diseases without needing prohibition. D is incorrect. Therefore, the answer is: AB.

[Analysis] 1. The safety issues of genetically modified organisms: food safety (delayed effects, allergens, changes in nutritional components), biological safety (impact on biodiversity), environmental safety (impact on ecosystem stability). 2. Chinese government: prohibits reproductive human cloning, adheres to the four-no principle (does not endorse, permit, support, or accept any"	2020	high	easy
2148	"Rice blast disease caused by the fungus Magnaporthe oryzae is one of the most severe fungal diseases, causing significant economic loss to rice production every year. Some microorganisms in the soil can synthesize and secrete chitinase, which inhibits the growth of Magnaporthe oryzae and can be used for the prevention and treatment of rice blast disease. Researchers are attempting to screen for strains from the soil that can efficiently degrade chitin and obtain chitinase through microbial cultivation. The correct statements related to this are:

A. To screen the target microorganisms in the soil, a medium using chitin as the sole carbon source is required.
B. For pure culture, the dilution plating method or streak plating on agar plates can be used for inoculation.
C. All colonies that grow on a medium with chitin as the sole carbon source are capable of secreting chitinase.
D. Using microorganisms that secrete chitinase for the prevention and treatment of rice blast disease constitutes"	multiple_answer_choice	A, B, D	Isolation and Cultivation of Microorganisms###Selective effects of culture media on microorganisms###Biological Pollution and Its Prevention and Control###Overview and Classification of Culture Media	"Answer: 

A. When selecting target microorganisms from soil that degrade chitin, a medium with chitin as the sole carbon source should be used for screening, which is correct.  
B. During purification culture, either the dilution spread plate method or the streak plate method can be used for inoculation, both of which can yield single colonies, which is correct.  
C. Colonies growing on a medium with chitin as the sole carbon source do not necessarily secrete chitinase; some may use chitin decomposition products as their carbon source, which is incorrect.  
D. Using microorganisms that can secrete chitinase for controlling rice blast disease is a form of biological control, which is correct.  

Therefore, the answer is: ABD  

Analysis: To isolate microorganisms from soil that can synthesize chitinase, use chitin as the sole carbon source to eliminate fungi that do not produce chitinase, achieving the screening effect. The hydrolysis zone is created by the microorganisms"	2024	high	medium
2501	"Regarding the statement about culture media, the incorrect one is (   )
A. An organic small molecule needs to be added to the culture medium inducing callus tissue
B. Adding Congo Red to the medium containing cellulose can be used as a selective medium for cellulose-decomposing bacteria
C. The medium for glutamic acid fermentation should have its pH adjusted to neutral or slightly acidic before sterilization
D. The nutrients for embryonic development during the cleavage stage mainly come from the culture solution it is in"	multiple_answer_choice	B, C, D	Isolation of cellulose-decomposing bacteria###The process of animal embryonic development###Factors Affecting Plant Tissue Culture###Basic aspects of fermentation engineering	nan	2024	high	easy
