index	question	category	answer	knowledge	analysis	year	grade_level	difficulty_level
4469	Tuberculosis patients can quickly eliminate invading pathogens and recover health solely through the action of antibodies.	true_false	False	Coordination of Humoral and Cellular Immunity	"[Answer] Mycobacterium tuberculosis, Mycobacterium leprae, and others parasitize inside host cells. Once pathogens enter the cells, antibodies become ineffective against them. When pathogens penetrate cell interiors, T cells must directly contact the target cells to ""combat"" them. Thus, tuberculosis patients cannot swiftly eliminate invading pathogens and restore health solely through the action of antibodies. Therefore, the answer is: incorrect. 

[Analysis] Humoral immunity relies primarily on antibodies in bodily fluids to combat threats, while cellular immunity depends mainly on T cells directly killing target cells. Humoral and cellular immunity cooperate to jointly regulate the body's homeostasis."	others	high	medium
791	For a certain animal (Aa), during the tetrad stage, an exchange occurs between A on one chromatid and a on another chromatid. Typically, the period when sister chromatids separate, causing alleles A and a to enter different cells, is the first meiotic division.	true_false	False	Behavioral changes of chromosomes during the first and second divisions of meiosis	"[Answer] According to the problem statement, ""In an animal (Aa), during the tetrad stage, the A on one chromatid and the a on another chromatid undergo an exchange,"" the A and a genes are thus located on two sister chromatids of the same chromosome. The period when sister chromatids separate, leading alleles A and a to enter different cells, is during the anaphase of the second meiotic division. The statement is incorrect.

[Analysis] Process of meiosis:

(1) Interphase before meiosis I: replication of chromosomes.

(2) Process of meiosis I:
    ① Prophase: homologous chromosomes pair up to form tetrads, and non-sister chromatids on homologous chromosomes may cross over;
    ② Metaphase: homologous chromosomes align in pairs on the equatorial plate;
    ③ Anaphase: homologous chromosomes separate, and non-homologous chromosomes assort independently;
    ④ Tel"	others	high	medium
2398	The O\textsubscript{2} produced by plant cells can only come from photosynthesis.	true_false	False	The process and significance of photosynthesis	"[Answer] In plant cells, it is generally believed that the production of oxygen mainly comes from photosynthesis. During photosynthesis, plants absorb light energy to convert carbon dioxide and water into organic matter and oxygen. However, it should be noted that there are other pathways in plant cells that produce oxygen. For example, the decomposition of hydrogen peroxide can also produce oxygen. Therefore, the answer is: Incorrect. 

[Analysis] Photosynthesis is the process by which chloroplasts in plant cells convert solar energy into chemical energy, transforming carbon dioxide and water into sugar and oxygen."	others	high	medium
1548	Humans have 22 pairs of autosomes and one pair of sex chromosomes. Meiosis produces only two types of gametes with different compositions. (     )	true_false	False	The diversity of chromosome combinations during gametogenesis	"Solution: Based on the analysis, although humans have only 22 pairs of autosomes and 1 pair of sex chromosomes, meiosis produces a variety of gamete types, not just 2 types.

Therefore, the answer is: ×

Analysis: There are many alleles on homologous chromosomes. During meiosis, alleles separate along with the homologous chromosomes. A pair of alleles Aa can produce 2 types of gametes (A, a); two pairs of alleles (AaBb) located on two pairs of homologous chromosomes can produce 4 types of gametes (AB, Ab, aB, ab); if there are n pairs of alleles, 2^n types of gametes can be produced."	others	high	medium
2387	Each primordial germ cell undergoes meiosis to form four mature germ cells. (True or False)	true_false	False	Similarities and Differences in the Formation of Sperm and Egg Cells	"[Solution] Explanation: Spermatogonia undergo meiosis to form 4 mature gametes, while oogonia only form one mature gamete (egg) through meiosis. 

[Analysis] Comparison of the processes of sperm formation and egg cell formation 

| | Sperm Formation | Egg Cell Formation |  
|---|---|---|  
| Differences | | |  
| Formation Location | Testes | Ovaries |  
| Process | Transformation phase | No transformation phase |  
| Number of Germ Cells | One spermatocyte forms four sperm | One oocyte forms one egg cell |  
| Cytoplasm Distribution | Equal division | Unequal division |  
| Similarities | | | Mature phase involves meiosis; sperm and egg cells have half the number of chromosomes compared to somatic cells |"	2016	high	medium
3516	The structural hierarchy of life systems includes various levels from atoms and molecules to the biosphere.	true_false	False	The structural levels of a life system	"Answer: The levels of biological organization include cells, tissues, systems, organs, individuals, populations, communities, ecosystems, and the biosphere. The most fundamental level is the cell, while atoms and molecules are part of systems but do not belong to biological systems. Therefore, the answer is: Incorrect.

Analysis: The levels of biological organization include: cells, tissues, systems, organs, individuals, populations, communities, ecosystems, and the biosphere. Among these, the cell is the most fundamental level of a biological system, and the biosphere is the largest. Macromolecules and viruses do not belong to the levels of biological organization."	2016	high	medium
3739	It is necessary to strictly regulate the discharge of genetically modified bacteria from genetic engineering or molecular biology laboratories. (True or False)	true_false	True	The safety issues of genetically modified organisms	"[Answer] Solution: Foreign genes of genetically modified organisms can hybridize with bacteria or viruses to recombine into harmful pathogens. Therefore, strict regulation is necessary for the discharge of genetically modified bacteria from genetic engineering or molecular biology laboratories.

[Analysis] Safety issues of genetically modified organisms include: Food safety (delayed effects, allergens, changes in nutritional content), Biological safety (impact on biodiversity), Environmental safety (impact on ecosystem stability). Biological safety: ① Genetically modified plants spreading outside planting areas and becoming wild species or weeds, ② Genetically modified plants having strong competitive ability, possibly becoming ""invasive alien species,"" ③ Foreign genes of genetically modified plants hybridizing with bacteria or viruses to recombine into harmful pathogens, ④ Potential for weeds to become ""super weeds"" with herbicide-resistant genes."	2016	high	medium
4476	The constituent elements of proteins and DNA both contain C, H, O, N and have the same spatial structure.	true_false	False	The structure of DNA molecules###Elemental composition of protein	Proteins and DNA both contain the elements C, H, O, and N, but their spatial structures are not the same. Proteins are polypeptide chains formed by amino acids linked through peptide bonds, folded into specific three-dimensional structures, while DNA is a double helix structure composed of deoxyribose, phosphate, and four nitrogenous bases. Therefore, the answer is: Incorrect. Analysis: Proteins are biological macromolecules composed with amino acids as basic units. DNA is a long chain formed by linked deoxynucleotides.	others	high	medium
3931	Human genome sequencing involves determining the base sequence of half of a person's 46 chromosomes, which is 23 chromosomes. (True or False).	true_false	False	The Human Genome Project and Its Significance	"Answer: Human genome sequencing involves determining the base sequences of a person's 24 chromosomes (22 autosomes + X chromosome + Y chromosome).

Analysis: 
The Human Genome Project (HGP) includes:
1. Concept: Sequencing human genes and understanding their composition, structure, function, and interrelationships.
2. Purpose of the Human Genome Project: To determine the complete DNA sequence of the human genome and interpret the genetic information it contains.
3. Countries involved: United States, United Kingdom, Germany, Japan, France, and China, with China undertaking 1% of the sequencing task.
4. Key dates related to the Human Genome Project:
   (1) Official launch: 1990.
   (2) Publication of the working draft of the human genome: February 2001.
   (3) Completion of the human genome sequencing task: 2003.
5. Data obtained: The human genome consists of approximately 3.16 billion base pairs, with about 20,"	others	high	medium
2905	The blooming and withering of flowers are associated with cell growth and apoptosis.	true_false	True	Cell apoptosis###Comprehensive Overview of the Life Cycle of Cells	nan	others	high	medium
