index	question	category	A	B	C	D	answer	knowledge	analysis	year	grade_level	difficulty_level
4190	The following statements regarding experimental topics and corresponding methods are incorrect (    ):  	single_answer_choice	Observing the nucleus under an electron microscope allows you to see structures such as the nuclear membrane, nucleolus, and chromatin.  	The synthesis and secretion process of secretory proteins is studied using isotope labeling.  	The common method for isolating various organelles in cells is differential centrifugation.  	In the experiment observing chloroplasts under a high-power microscope, garlic root tip cells can be used as material.	D	Other Organelles and Separation Methods###Coordination between organelles###The structure of the cell nucleus###Observation of chloroplasts, mitochondria, and cytoplasmic streaming experiment	nan	2024	high	medium
1875	Myoglobin (Mb) is an oxygen-storage protein found in the muscles of mammals, containing the elements C, H, O, N, and Fe, and is composed of a polypeptide chain and a heme group. The polar side chain groups in Mb are almost entirely distributed on the surface of the molecule, while non-polar side chain groups are buried inside the molecule. The correct statements are:	single_answer_choice	The polar side chain groups on the surface of Mb can bind with water molecules, making Mb soluble in water.	Fe, as a major element, participates in forming the heme group.	The formation of Mb's complex structure is only related to hydrogen bonds and disulfide bonds formed between amino acids in different positions.	If a fasting blood test reveals a significant increase in Mb in the plasma, it indicates sufficient oxygen supply within muscle cells.	A	Types of amino acids###The reasons for the diversity in protein molecular structures###The main functions of proteins in life activities	nan	2023	high	medium
4914	The characteristics of biological organs are quite peculiar. For example, hummingbirds are sensitive to red light, have long beaks, and have underdeveloped sense of smell; fuchsias have bright colors, with sepals forming long tubes and little fragrance; flowers pollinated by bees are often yellow and blue with fragrance. The following analysis is reasonable:  	single_answer_choice	Yellow and blue flowers with fragrance are the result of bees' directional selection.  	To attract hummingbirds for pollination, fuchsias have adopted the strategy of turning their petal colors bright.  	Hummingbirds and bees feed on nectar from different plants, with no overlap in their ecological niches.  	Pollinators and plants have co-evolved adaptive traits through genetic exchange.	A	Coevolution and the Formation of Biodiversity###The ecological niches of several species in the local natural community.###Information transmission in ecosystems###Natural Selection and Adaptation	nan	2024	high	medium
4910	Embryo splitting is a new biological technology that involves using micromanipulation or manual methods to divide early embryos into two, four, or more equal parts and then transfer them to recipient animals, resulting in monozygotic twins or multiples. Researchers have investigated the effects of different splitting methods on embryo splitting, with results shown in the table. Among the statements below, the incorrect one is (    ).	single_answer_choice	The trophoblast of a blastocyst can be cut with a micro-dissection needle for embryo gender determination	When using a micro-dissection needle to split blastocysts, the inner cell mass needs to be divided equally.	The trophoblast of a blastocyst can be cut with a micro-dissection needle for embryo gender determination.	Based on the experimental results, manually splitting embryos is less effective than using a micromanipulator.	D	Embryo segmentation	nan	2024	high	medium
4072	The Ujumqin White Goat is a breed used for both wool and meat. Currently, there is an urgent crisis concerning the breed's resources due to population reduction and inbreeding. It is necessary to utilize modern biotechnology to carry out germplasm resource conservation efforts, preserving the genetic material of the Ujumqin White Goat as a gene of a high-quality local breed in China. The following statements about embryo engineering are incorrect:	single_answer_choice	Fresh or thawed semen needs to be treated in a capacitation solution to capacitate the sperm	The nucleus removed from oocytes cultured in vitro to the MⅡ stage through micromanipulation is actually a spindle-chromosome complex.	Fresh or thawed semen needs to be treated in a capacitation solution to capacitate the sperm.	The sign of fertilization is observing two polar bodies or male and female pronuclei in the space between the egg cell membrane and zona pellucida.	D	Embryo transfer###Embryo segmentation###In vitro fertilization	nan	2024	high	medium
4415	The autumn leaf butterfly is an excellent breeding butterfly species, with a large annual breeding quantity, mainly used for crafts and ecological viewing. Researchers have studied the main nutritional components of the larvae and pupae of the autumn leaf butterfly to evaluate their nutritional value, with the relevant data shown in the table below. The nutritional value is mainly related to the protein content. The following statements are correct (　　):	single_answer_choice	The most abundant organic compound in the cells of the autumn leaf butterfly larvae and bamboo worm larvae is protein	The most abundant organic compound in the cells of the autumn leaf butterfly larvae and bamboo worm larvae is protein.	It is speculated that the saturated fatty acid content in butterfly pupae cells is higher than that in pork cells.	After burning each sample, the residual ash can be weighed to determine the inorganic salt content in the sample.	C	The main functions of proteins in life activities###Types of Lipids and Their Functions###Elements and compounds that make up cells	nan	2024	high	medium
4705	"Ancient Chinese books record ""early extremities and locusts."" Due to drought, exposed barren land is the best place for locusts to lay and hatch eggs, while a damp and rainy environment makes locusts prone to epidemics. Additionally, frogs prey on locusts. The following statement is incorrect: (    )"	single_answer_choice	A dry environment primarily affects the birth rate of locust populations.	Frogs affecting the population of locusts through predation is a biological factor.	During a locust plague, the environmental carrying capacity for locusts continually increases.	Locusts suffering from epidemics will lead to a decrease in population density.	C	Changes in population numbers and their causes###The change curve of population quantity	nan	2024	high	medium
2135	During a marathon, athletes consume a substantial amount of carbohydrates, water, inorganic salts, and other substances. The incorrect statement is:	single_answer_choice	During the exercise, the hypothalamus enhances the secretory activity of pancreatic islet A cells through the parasympathetic nervous system	During the exercise, thyroid hormone secretion increases, accelerating the rate of cellular metabolism.	After the exercise, skin blood vessels dilate, and heat dissipation increases to maintain stable body temperature.	During the exercise, the hypothalamus enhances the secretory activity of pancreatic islet A cells through the parasympathetic nervous system.	C	Physicochemical properties of the internal environment###Body temperature regulation###Water-salt balance regulation###Blood sugar balance regulation	nan	2024	high	medium
4960	The correct statements about auxin transport and function are as follows:  	single_answer_choice	The way auxin enters the agar block from the coleoptile tip is active transport.  	Microgravity in space can affect the distribution of auxin but does not affect the polar transport of auxin.  	If a certain concentration of auxin inhibits the stem of plant A, it will definitely inhibit the root of plant B.  	When rapeseed encounters heavy rain impacting pollination, treating it with an appropriate concentration of auxin can prevent yield reduction.	B	Discovery and Function of Plant Auxins###The production, distribution, and transport of auxin###The role of auxin and its dual nature###Application of auxin analogs in agricultural production	nan	2024	high	medium
2419	The incorrect statement about chemical bonds in the molecules that make up cells is:  	single_answer_choice	Hydrogen bonds can form both in mitochondria and on ribosomes  	Peptide bonds can form both in lysosomes and in mitochondria  	Phosphodiester bonds can form both in the cell nucleus and in the chloroplast stroma  	High-energy phosphate bonds can form both on the thylakoid membrane of chloroplasts and on the inner membrane of mitochondria	B	Other Organelles and Separation Methods###The process and significance of aerobic respiration###Replication of DNA molecules	nan	2023	high	medium
4710	Research has found that the modification of many proteins in cells requires the participation of MAP1, and unmodified proteins will exhibit dysfunction. MAP1 relies on zinc to function, and ZNG1 is the chaperone protein that transports zinc to MAP1. The incorrect statement below is (     ):	single_answer_choice	MAP1 may be a protein in cells that plays a modifying role, and zinc can activate its biological activity.	Even when the zinc content in the body is normal, cells may still exhibit characteristics of zinc deficiency.	Zinc is a basic element constituting ZNG1, indicating that inorganic salts participate in forming important compounds within cells.	The coordination between inorganic salts and organic matter in cells ensures the normal conduct of certain life activities.	C	The Nature of Enzymes and Their Discovery Journey###Elements and compounds that make up cells	nan	2024	high	medium
4965	"A research group conducted the following experiment to study the ""impact of using public chopsticks on the number of bacteria in dishes after meals"": ① Prepare the culture medium and sterilize it; ② Set up control and experimental groups for relevant operations; ③ Cultivate under suitable conditions for a period of time and count the average number of colonies on each group's plate. The correct statement is (    )  "	single_answer_choice	The culture medium used in process ① is selective medium.  	The plate streak method was used for inoculation in process ②.  	The number of colonies counted on the culture medium is less than the actual number of viable bacteria.  	The principle of using public chopsticks to prevent infectious diseases is to cut off the source of bacterial infection.	C	Isolation and Cultivation of Microorganisms###Overview and Classification of Culture Media###Sterilization technology###Isolation and Counting of Other Microorganisms	nan	2024	high	medium
3792	The incorrect statement regarding biological science methods and related experiments is: (　　)  	single_answer_choice	Both the isolation of various organelles and the experiment proving semiconservative replication of DNA used centrifugation.  	Mendel's acquisition of genetic laws and Sutton's demonstration that genes are on chromosomes both employed the hypothetico-deductive method.  	The DNA double helix structure model and the chromosome change model during meiosis made of clay are both physical models.  	The study of the conversion pathway of CO\textsubscript{2} into organic matter and the T\textsubscript{2} phage infection experiment of E. coli both used radioactive isotope labeling.	B	Bacteriophage Infection Experiment###The structure of DNA molecules###Experimental evidence of genes on chromosomes###The reasons for Mendel's success	nan	2024	high	medium
227	In nature, peach trees produce two types of phenotypes: red peaches and yellow peaches. A high school biology interest group wants to use peach trees to study biological knowledge and conduct biology experiments. The following related statements are correct (　　):	single_answer_choice	Yellow peaches and red peaches are contrasting traits, and contrasting traits must be controlled by a pair of alleles	Selecting one yellow peach tree and one red peach tree for a crossbreeding experiment will definitely determine whether red peaches are a dominant trait.	Yellow peaches and red peaches are contrasting traits, and contrasting traits must be controlled by a pair of alleles.	If pollinating a red peach tree with a yellow peach tree results in red peaches, and vice versa results in yellow peaches, it indicates that the gene controlling peach color is located on the sex chromosomes.	D	Traits of organisms, relative traits, and the dominance or recessiveness of traits.###The essence and application of the law of segregation of genes###Mendel's Genetic Experiment - Law of Segregation	nan	2024	high	medium
3838	In biological experiments, the proper selection of materials and research methods is a prerequisite for successfully completing the experiment. The following statements are correct:  	single_answer_choice	Use a sampler method to investigate the population density of earthworms and pill bugs in the soil.  	Perform paper chromatography on photosynthetic pigments based on differences in absorption spectrum.  	"The experiment ""comparing the decomposition of hydrogen peroxide under different conditions"" utilizes the ""addition principle.""  "	When exploring the respiration method of yeast, the aerobic condition serves as the control group, and the anaerobic condition serves as the experimental group.	C	Exploring the Factors Affecting Enzyme Activity###Experiment on the Extraction and Separation of Chloroplast Pigments###Exploring the Respiration Methods of Yeast###The concept and composition of a community	nan	2024	high	medium
5162	Transaminase is an essential substance for the normal functioning of the human liver, primarily distributed in liver cells. When liver cells experience inflammation, poisoning, necrosis, etc., it causes liver damage, and transaminase is released into the blood, increasing the serum transaminase levels. Which of the following is incorrect?	single_answer_choice	Liver damage patients may show symptoms of liver tissue edema.	An increase in serum transaminase levels indicates a possible occurrence of hepatitis in the body.	After a patient's serum transaminase increases, the internal environment homeostasis can still remain relatively stable.	Biochemical indicators such as transaminase can reflect the body's health condition and can be used as a basis for diagnosing diseases.	C	The physiological significance of steady state###Physicochemical properties of the internal environment	nan	2024	high	medium
2930	The silkworm (2\emph{n} = 28) has two types of sex chromosomes, ZW in female somatic cells and ZZ in male somatic cells. By using radiation, segments carrying egg color genes on autosomes are translocated to the W chromosome, allowing differentiation of ZW eggs and non-egg color gene ZZ eggs, thus enabling the distinction between male and female silkworms before hatching. Which of the following statements is incorrect? ( )	single_answer_choice	This breeding method utilizes the principle of chromosomal structural variation.	Radiation is used to increase the mutation rate of genes, making it easier to screen for egg color genes.	The above fertilized egg with egg color will develop into a female silkworm.	Male silkworms contain 4 Z chromosomes during the anaphase of mitosis.	B	Variation in chromosome structure###Mutagenesis breeding	"[Answer] The segment carrying the egg color gene on the autosome translocates to the W chromosome, which is a translocation within chromosomal structural variation. Therefore, the breeding principle is chromosomal structural variation; A is correct. According to the problem, radiation is used to translocate the segment carrying the egg color gene from the autosome to the W chromosome. The sex chromosome composition of the fertilized egg with egg color is ZW, meaning the egg color gene is expressed in the female egg, which will develop into a female silkworm; B is incorrect, C is correct. The male silkworm's sex chromosome composition is ZZ, so the chromosome number doubles during anaphase of mitosis, containing 4 Z chromosomes in its cells; D is correct. 
Thus, the answer is B.

[Analysis] Types and examples of chromosomal variations:
1. Chromosomal structural variation: 
① Deletion: Variation caused by the loss of a chromosomal"	others	high	medium
1880	Researchers investigated the soil organic carbon content and fungal species in pine forests of different ages in a certain area. The results are shown in the table below. The following statement is incorrect (    ).	single_answer_choice	Soil organic carbon is decomposed by fungi to provide nutrients for trees	The area, temperature, and other environmental factors of the selected three kinds of pine forests should be similar.	Soil organic carbon is decomposed by fungi to provide nutrients for trees.	All animals, plants, and microorganisms in the pine forest constitute a biological community.	D	The concept and composition of a community	nan	2024	high	medium
2354	Isotope labeling is an important method in biology for tracing the behavior and transformation rules of substances. The carbon element has two isotopes, \textsuperscript{13}C and \textsuperscript{14}C, where \textsuperscript{13}C is a stable isotope and \textsuperscript{14}C is a radioactive isotope. The following experiments can be conducted using \textsuperscript{13}C:	single_answer_choice	Investigating the synthesis and transport pathways of secreted protein	Investigating the synthesis and transport pathways of secreted proteins  	Calvin and others exploring the fate of carbon in photosynthesis  	Meselson and Stahl proving the semi-conservative replication of DNA  	C	Coordination between organelles###The History of the Discovery of Photosynthesis###Bacteriophage Infection Experiment###Replication of DNA molecules	nan	2023	high	medium
1751	The following statements about the structure of DNA molecules and DNA replication are incorrect (    ):	single_answer_choice	The pairing of purine and pyrimidine bases ensures the relative stability of the spatial structure of DNA molecules.	If in a certain double-stranded DNA segment, adenine (A) accounts for 23%, then in that DNA segment, guanine (G) accounts for 27%.	The sequence of base pairs in DNA molecules is incredibly diverse, forming the diversity of DNA molecules.	If a DNA molecule containing \textsuperscript{14}N is placed in a medium containing \textsuperscript{15}N and replicated three times, the DNA molecules containing \textsuperscript{14}N account for 1/8.	D	Base pairing principle###The structure of DNA molecules###The diversity and specificity of DNA molecules###Replication of DNA molecules	"[Answer] A. Purine bases and pyrimidine bases are linked through complementary pairing, which allows the two strands of a DNA molecule to stably entwine with each other, ensuring the relative stability of the DNA molecular structure. A does not meet the requirement.

B. In double-stranded DNA, bases follow the principle of complementary base pairing, i.e., A pairs with T, G pairs with C. Therefore, A+G = 50%. Given that A accounts for 23%, G then accounts for 50% - 23% = 27%. B does not meet the requirement.

C. DNA can store sufficient amounts of genetic information. Genetic information is embedded in the sequence of four bases. The ever-changing sequences of bases contribute to the diversity of DNA, while specific sequences form the specificity of each DNA molecule. C does not meet the requirement.

D. Place a DNA molecule containing \textsuperscript{14}N in a culture medium containing \textsup"	others	high	medium
4183	The following statements about the experiment are incorrect ( ):	single_answer_choice	The study of the human-mouse cell fusion experiment utilized the fluorescence labeling method.	Chara can be used as experimental material to observe plasmolysis and restoration.	The Hill reaction experiment can indicate that the oxygen element in the oxygen produced by photosynthesis entirely comes from water.	In the experiment of observing mitosis in root tip meristem cells, both the dissociation and squash steps facilitate cell dispersion.	C	The Exploration Journey of Biofilms###The History of the Discovery of Photosynthesis###Plasmolysis and recovery###Observing cell mitosis	nan	2024	high	medium
2308	The following comparison about tobacco mosaic virus and tobacco mesophyll cells is correct (    )	single_answer_choice	The types of nucleic acids contained in both are completely the same	The genetic materials of both are mainly located on the chromosomes	Among the four nucleotides that make up the genetic material of both, three are the same	Compared to tobacco mosaic virus, the nitrogenous base unique to tobacco mesophyll cells is thymine	D	Types of nucleic acids and their main locations###Similarities and Differences Between DNA and RNA###The journey of human exploration of genetic material###Experiments Proving RNA as Genetic Material	nan	2024	high	medium
5151	The establishment of cell theory is a process of scientific inquiry, exploration, inheritance, revision, and development. It is one of the fundamental theories of modern biology and holds a very important position. The following statements about cell theory and its content are correct (　　)	single_answer_choice	Nageli discovered with a microscope that the production of new cells is actually the result of cell divisio	"""The structural basis of the cell is various molecules"" is also a main content of cell theory"	Nageli discovered with a microscope that the production of new cells is actually the result of cell division	Cell theory shifted people's understanding of life from the cellular level to the molecular level	B	The establishment, content, and development of cell theory	nan	2024	high	medium
2926	The following statements about lipids are correct (　　)	single_answer_choice	All lipids are composed of the elements C, H, and O.	Phospholipids are important components of cell membranes and organelle membranes.	Both phospholipids and sex hormones belong to the class of sterols.	Lipids in cells can be converted into carbohydrates, but carbohydrates cannot be converted into lipids.	B	Types of Lipids and Their Functions###Elemental composition of lipids	nan	2024	high	medium
2922	"Ginkgo (XY, 2n=24) is a dioecious plant. Scientists conducted genome sequencing on 545 ginkgo trees collected from 51 populations worldwide, revealing the population evolutionary history and potential of the ""living fossil"" ginkgo. Which of the following statements is incorrect? "	single_answer_choice	The current morphological structure and fossil record of ginkgo can provide evidence for evolution.	Differences in morphology among ginkgo populations are the result of biological variation and natural selection combined.	Sequencing the ginkgo genome requires determining the entire DNA base sequence on its 12 chromosomes.	Studying differences in the genomes of ginkgo populations can provide molecular-level evidence for evolution.	C	The Human Genome Project and Its Significance###Organisms share a common ancestor.	nan	2024	high	medium
1503	Pathogen nucleic acid testing is one of the reliable methods for early diagnosis of infectious diseases. Which of the following statements is incorrect?  	single_answer_choice	Nucleic acids play an extremely important role in the heredity, variation, and biosynthesis of proteins in organisms.  	DNA and RNA both contain the five elements C, H, O, N, and P, with N present in the bases.  	The diversity in the types, numbers, and sequences of nucleotides forming nucleic acids is the direct reason for the diversity of nucleic acids.  	The genetic material of HIV and SARS viruses is composed of single-stranded RNA formed by ribonucleotide chains.	C	The basic unit of nucleic acids###Nucleic acids in biological activities.###The journey of human exploration of genetic material	nan	2023	high	medium
3397	The cytosol is the gel-like substance inside the cell, excluding organelles. Which of the following statements is incorrect?  	single_answer_choice	Various chemical reactions can occur in the cytosol.  	The cytosol contains abundant DNA, proteins, and other components.  	The cytosol is involved in the synthesis of certain lipids.  	The cytosol can exchange substances with organelles.	B	Cytosol	nan	2024	high	medium
3550	The correct statements about the experiment are (     ):	single_answer_choice	Proteins cannot be detected in the extract of mashed potato tuber.	Mixing starch and amylase before placing them under different temperature conditions can explore the effect of temperature on enzyme activity.	A 50% sucrose solution can cause plasmolysis in the meristematic region cells of root tips.	Human red blood cells cannot be used to observe amitosis.	D	Amitosis of cells	"[Answer] A. Potato tubers contain protein, so the extract from crushed potato tubers can detect protein, A is incorrect; B. In the experiment to investigate the effect of temperature on enzyme activity, the correct procedure is to preheat and then mix the starch and amylase under the same temperature conditions, B is incorrect; C. Cells in the root tip meristematic zone are immature plant cells and do not undergo plasmolysis, C is incorrect; D. Frog red blood cells can be used to observe amitosis, while human red blood cells are produced by mitosis, D is correct. The correct choice is: D.

[Analysis] 1. Mature plant cells have a large vacuole. When the concentration of cell sap is lower than that of the external solution, water in the cell sap passes through the protoplasmic layer into the external solution. Since the protoplasmic layer is more elastic than the cell wall, when the cell continuously"	others	high	hard
2418	The correct statements about the history of biological science are:	single_answer_choice	Schleiden and Schwann used scientific observation and complete induction methods in establishing the cell theory	Schleiden and Schwann used scientific observation and complete induction methods in establishing the cell theory.	Schleiden and Schwann used scientific observation and complete induction methods in establishing the cell theory	Overton prepared pure cell membranes from mammalian red blood cells and conducted chemical analysis, proving that cell membranes are composed of lipids.	D	The Exploration Journey of Biofilms###The establishment, content, and development of cell theory	nan	2024	high	medium
3396	The following statements about fermentation engineering and its related applications are correct (     ):	single_answer_choice	If the fermentation product is a metabolite, measures such as filtration and precipitation can be used to obtain the product.	The central step of fermentation engineering is the sterilization process after the preparation of the culture medium, which must be thorough.	In the industrial production process of beer, heating during roasting kills seed embryos but does not deactivate amylase.	Using the hydrolysate of cellulose as raw material, single-cell protein is extracted from microbial cells through fermentation engineering.	C	Basic aspects of fermentation engineering###Applications of Fermentation Engineering	nan	2024	high	medium
1034	Steady state is a characteristic of life systems and a condition for the survival of the organism. The correct statement regarding human body homeostasis is (     )	single_answer_choice	Some people often eat salted fish and pickles, yet the osmotic pressure of their extracellular fluid remains relatively stabl	Eating acidic or alkaline food causes disruption of blood plasma pH	Some people often eat salted fish and pickles, yet the osmotic pressure of their extracellular fluid remains relatively stable	Homeostasis of the internal environment refers to the dynamic balance of substances and energy between the internal and external environments	B	The physiological significance of steady state###Physicochemical properties of the internal environment###Regulation of homeostasis involving other body fluid components	nan	2024	high	medium
4413	The following statements about variation and breeding are correct (    ).	single_answer_choice	Breeding can cultivate new varieties and may also result in new species.	All superior varieties obtained through artificial selection can adapt to different natural environments.	The principle behind cultivating super rice using hybrid technology is chromosomal variation.	Crossing over during synapsis achieves the free combination of alleles on chromosomes.	A	Hybrid breeding###The Concept and Formation of Species###Natural Selection and Adaptation###Meiosis of cells comprehensive	nan	2023	high	medium
5381	The following statements about cell mitosis are incorrect (　　)	single_answer_choice	A spindle appears later during prophase of mitosis, and then the nuclear membrane begins to disintegrate.	During the division phase of a cell, chromatin in the nucleus undergoes spiraling to form rod-shaped chromosomes.	The period when the cytoplasm begins to divide is the late stage of mitosis.	Mitosis is the only way somatic cells proliferate in eukaryotic organisms.	D	Comprehensive cell proliferation	nan	2023	high	easy
