index	question	category	answer	knowledge	analysis	year	grade_level	difficulty_level
29	"The reaction \(3\text{Cl}_2 + 8\text{NH}_3 = 6\text{NH}_4\text{Cl} + \text{N}_2\) is often used to determine if there is a chlorine gas leak in pipelines. The correct statements about this reaction are:

A. \(\text{Cl}_2\) undergoes oxidation.
B. \(\text{NH}_3\) is the reducing agent.
C. For every 1 mol of \(\text{N}_2\) produced, 3 mol of electrons are transferred.
D. The molar ratio of oxidized to unoxidized \(\text{NH}_3\) is 1:3."	multiple_answer_choice	B,D	Redox reaction	"Solution: A. In the reaction, Cl\textsubscript{2} acts as the oxidizing agent and undergoes a reduction reaction, so A is incorrect.  
B. In the reaction, Cl\textsubscript{2} is the oxidizing agent, and NH\textsubscript{3} is the reducing agent, so B is correct.  
C. For every 1 mol of N\textsubscript{2} produced, there is a transfer of 6 mol × (1-0) = 6 mol electrons, so C is incorrect.  
D. In the reaction 3Cl\textsubscript{2} + 8NH\textsubscript{3} → 6NH\textsubscript{4}Cl + N\textsubscript{2}, 8 mol of ammonia participates, with 2 mol acting as the reducing agent and 6 mol remaining unoxidized. Thus, the ratio of oxidized to un"	2017	high	medium
3851	"The following experimental operation is completely correct (    ):
- A: Prepare a certain concentration of dilute sulfuric acid using concentrated sulfuric acid.
  Accurate measurement of concentrated sulfuric acid should be dissolved in water and cooled to room temperature before transferring to a volumetric flask.
- B: Measure acetic acid solution.
  Use a 25 mL graduated cylinder to measure 8.26 mL of 0.5 mol/L acetic acid.
- C: Remove a small amount of BaCO\textsubscript{3} from BaSO\textsubscript{4}.
  Add sufficient hydrochloric acid, react completely, then filter, wash, and dry.
- D: Retrieve the desired upper layer liquid from a separatory funnel.
  Release the lower layer liquid from the bottom outlet of the separatory funnel, close the stopcock, change the receiving container, and continue releasing the upper layer liquid from the bottom outlet of the separatory funnel.

A. A B. B"	multiple_answer_choice	A, C	Properties of concentrated sulfuric acid###Liquid-liquid separation and extraction###Impurity removal	"[Answer] A. When diluting concentrated sulfuric acid, heat is released and the solution exhibits thermal expansion and contraction properties. Therefore, when preparing a solution of precise molarity, the concentrated sulfuric acid should be accurately measured. After dissolving it in water, it must be cooled to room temperature before transferring to a volumetric flask, otherwise, it may result in a solution with a higher concentration than intended. A is consistent with the question.
B. The graduated cylinder has a sensitivity of 0.1 mL, so it cannot measure out 8.26 mL of acetic acid. B is not consistent with the question.
C. Barium carbonate reacts with dilute hydrochloric acid to produce soluble barium chloride, while barium sulfate is insoluble in dilute hydrochloric acid and dilute nitric acid. Therefore, dilute hydrochloric acid can be used to remove barium carbonate from barium sulfate. C is consistent with the question.
D. During the separation of liquids,"	2018	high	medium
296	"W, X, Y, and Z are short-period main group elements with increasing atomic numbers, and the sum of the group numbers of W and X equals the sum of the group numbers of Y and Z. W and X are in the same period, and the element W can burn in X to form two common substances, while the element Z is a gas at room temperature. Which of the following statements is correct?

A. Atomic radius: Z > Y > W > X

B. The highest oxidation state oxoanion of W can react with the highest oxidation state oxoanion of Y to form a precipitate

C. Boiling points of elements: Z\textsubscript{2} > X\textsubscript{2}

D. YZ\textsubscript{3} solid can be prepared by heating and evaporating the aqueous solution of YZ\textsubscript{3}"	multiple_answer_choice	B, C	The changing patterns of atomic structure and element properties in the periodic table of elements.###Comparison of particle radii sizes	"Solution: According to the problem statement, W, X, Y, and Z are identified as elements C, O, Al, and Cl respectively.

A. For elements in the same period, atomic radii decrease from left to right. For elements in the same group, atomic radii increase from top to bottom. Thus, the atomic radius size order is Al > Cl > C > O, which translates to Y > Z > W > X for atomic radii size. A does not fit the problem statement;

B. W is the element C, with its highest valence oxoacid radical being \(HCO_{3}^{-}\); Y is Al, with its highest valence oxoacid radical \(AlO_{2}^{-}\). These react in solution: \(HCO_{3}^{-}\) + \(AlO_{2}^{-}\) + H\textsubscript{2}O = Al(OH)\textsubscript{3}↓ +"	2021	high	medium
4261	"The correct conclusion based on the experimental operations or phenomena below is:

A. A  
B. B  
C. C  
D. D"	multiple_answer_choice	B, D	Comparison of the strengths of oxidizing and reducing properties###The dissolution equilibrium of slightly soluble electrolytes and the nature of precipitation conversion###Functional groups in organic compounds	"[Solution] A. To prove that the oxidizing power: Cl₂ > Br₂, based on the equation Cl₂ + 2KBr = 2KCl + Br₂, the oxidizing agent's oxidizing power is greater than the oxidation product. Excess Cl₂ can be introduced into KBr₂ solution. Then add a certain amount of benzene to the solution, let it fully react, and after standing, observe that the organic phase is orange, hence A does not meet the requirements.

B. Based on the same anion-to-cation ratio of silver chloride and silver iodide, the order of solubility is AgCl > AgI. Comparing the solubility product constants, add 1-2 drops of AgNO₃ solution into a 2.0 mL mixture with concentrations of 0.1 mol/L KCl and KI, shake well, and a yellow precipitate forms, indicating that K₍sp₎ (AgI"	2018	high	medium
113	"The valence shell electron pair repulsion (VSEPR) theory can predict the spatial structure of certain particles. The correct statement is as follows:

A. Both \({CF}_{4}\) and \({SF}_{4}\) are non-polar molecules.
B. \({CH}_{2}O\), \({BF}_{3}\), and \({SO}_{3}\) are all planar trigonal molecules.
C. The VSEPR models of \({CH}_{4}\) and \(H_{2}O\) are both tetrahedral.
D. The bond angle of \({BF}_{3}\) is 120°, and the bond angle of \({SnBr}_{2}\) is greater than 120°."	multiple_answer_choice	B,C	Formation of Covalent Bonds and Main Types of Covalent Bonds###Bond energy, bond length, bond angle and their applications###Determining the configuration of simple molecules or ions###Polar molecules and non-polar molecules	nan	2023	high	medium
3786	"Micro silver-zinc batteries can be used as a power source for electronic devices, with electrodes of \(Ag/{Ag}_{2}O\) and \(Zn\) and an electrolyte of \(KOH\) solution. The overall reaction of the battery is \({Ag}_{2}O + Zn + H_{2}O = 2Ag + Zn{(OH)}_{2}\). The correct statements are:

A. During battery operation, the concentration of the \(KOH\) solution decreases.
B. During battery operation, \({OH}^{-}\) ions migrate towards the negative electrode in the electrolyte.
C. The reaction at the negative electrode is \(Zn + 2{OH}^{-} - 2e^{-} = Zn{(OH)}_{2}\).
D. The reaction at the positive electrode is \({Ag}_{2}O + 2H^{+} + 2e^{-} = Ag + H_{2}O\"	multiple_answer_choice	B, C	Electrode reaction and battery reaction equations###Principles and Applications of Galvanic Cells	"Answer: A. During the operation of the battery, water is consumed, leading to an increase in c(KOH) in the solution, so A does not meet the requirement;  
B. In a galvanic cell, anions move to the negative electrode, so B meets the requirement;  
C. Analysis shows that the electrode reaction equation at the negative electrode is Zn－2e\textsuperscript{－}＋2OH\textsuperscript{－}=Zn(OH)\textsubscript{2}, so C meets the requirement;  
D. Analysis shows that the electrode reaction equation at the positive electrode is Ag\textsubscript{2}O＋H\textsubscript{2}O＋2e\textsuperscript{－}=2Ag＋2OH\textsuperscript{－}, so D does not meet the requirement;  
Therefore, the answer is: BC  

Analysis: In this galvanic cell, the electrode reaction equation"	2019	high	medium
339	"NH\textsubscript{3} and BF\textsubscript{3} can form a compound NH\textsubscript{3}·BF\textsubscript{3} through a coordination bond. Which of the following statements is correct? 
A. Both NH\textsubscript{3} and BF\textsubscript{3} have a trigonal pyramidal shape.
B. The central atoms of NH\textsubscript{3} and BF\textsubscript{3} have different hybridization methods.
C. In the compound NH\textsubscript{3}·BF\textsubscript{3} formed by NH\textsubscript{3} and BF\textsubscript{3}, all atoms achieve an 8-electron stable structure.
D. In the compound NH\textsubscript{3}·BF\textsubscript{3} formed by NH\textsubscript{3} and BF\textsubscript{"	multiple_answer_choice	B, D	Determining the configuration of simple molecules or ions###Methods and Types of Atomic Orbital Hybridization Determination	"[Answer] A. The central N atom in the NH₃ molecule contains 3 σ bonds, and the number of lone pairs on the central atom = ½ × (5 - 3 × 1) = 1, so the VSEPR model for NH₃ is tetrahedral; omitting the lone pair, its molecular geometry is trigonal pyramidal. The central B atom in BF₃ contains 3 σ bonds, and the number of lone pairs on the central atom = ½ × (3 - 3 × 1) = 0, so the VSEPR model for BF₃ is planar triangular. Since there are no lone pairs on the central atom, its molecular geometry is planar triangular, thus option A does not fit the problem statement.

B. The number of hybrid orbitals in the B atom of BF₃ is ½ × (3 - 3 × 1) + 3 = 3, adopting sp² hybrid"	2022	high	medium
2913	"Solid nitrates decompose easily upon heating and the products can be quite complex. A study group investigated the thermal decomposition of Mg(NO\textsubscript{3})\textsubscript{2} and proposed the following four hypotheses about the decomposition products, among which the one that does not hold is (     )
A. Mg, NO\textsubscript{2}, O\textsubscript{2} 
B. MgO, NO\textsubscript{2}, O\textsubscript{2}
C. Mg\textsubscript{3}N\textsubscript{2}, O\textsubscript{2} 
D. MgO, NO\textsubscript{2}, N\textsubscript{2}"	multiple_answer_choice	C, D	Comprehensive Application of Nitrogen-Containing Substances	"Answer: 

A. The valence of Mg and N elements is reduced, the valence of O element is increased, which can satisfy the condition that the number of electrons gained and lost by the oxidizing and reducing agents is equal, so option A is not chosen.

B. The valence of the N element is reduced, the valence of the O element is increased, which can satisfy the condition that the number of electrons gained and lost by the oxidizing and reducing agents is equal, so option B is not chosen.

C. The valence of the N element is reduced, the valence of the O element is increased, which can satisfy the condition that the number of electrons gained and lost by the oxidizing and reducing agents is equal. If Mg\textsubscript{3}N\textsubscript{2} is produced, the Mg and N atom relationship does not match the 1:2 ratio in Mg(NO\textsubscript{3})\textsub"	others	high	medium
1968	"The method to remove ethylene from ethane is:  
A. Ignition  
B. Passing through bromine water  
C. Passing through concentrated sulfuric acid  
D. Passing through lime water"	multiple_answer_choice	B, C	Physical and chemical properties of ethylene	"Answer: A. Both ethane and ethylene can combust to produce carbon dioxide and water, so A is incorrect.  
B. When passed through bromine water, ethylene is absorbed, while ethane does not react, allowing ethylene to be removed from ethane, so B is correct.  
C. When passed through concentrated sulfuric acid, it reacts with ethylene but not with ethane, so C is correct.  
D. When passed through limewater, neither ethane nor ethylene reacts, so D is incorrect.  
Therefore, the correct options are B and C.  

Analysis: To remove impurities, new impurities should not be introduced, and the substance to be purified must not react. Ethylene can undergo an addition reaction with bromine water, while ethane cannot."	others	high	medium
30	"The cation of element X and the anion of Y have the same electron configuration outside the nucleus. Which of the following comparisons is correct? 
A. Atomic number: X < Y 
B. Atomic radius: X < Y 
C. Ionic radius: X < Y 
D. Number of outermost electrons in the atom: X < Y"	multiple_answer_choice	C, D	The structure and applications of the periodic table of elements###Comprehensive Application of the Periodic Law and the Periodic Table of Elements	"[Answer] A. Atomic number: Na > F, so A is not suitable;

B. Na has 3 electron shells, F has 2 electron shells, so atomic radius Na > F, thus B is not suitable;

C. Na\textsuperscript{+} and F\textsuperscript{-} have the same electron configuration outside the nucleus, the more protons, the smaller the radius, so ionic radius: Na\textsuperscript{+} < F\textsuperscript{-}, therefore, C is suitable;

D. Na has 1 electron in the outermost shell, F has 7 electrons in the outermost shell, so the number of outermost electrons: Na < F, hence D is suitable;

Thus, the answer is: CD.

[Analysis] To solve this type of question, the special value method can be used. X can be considered as sodium, and Y can be considered as fluorine."	2020	high	medium
152	"The following statement is incorrect ( ):
A. An endothermic reaction does not necessarily require heating conditions.
B. An exothermic reaction only involves the formation of chemical bonds and not the breaking of chemical bonds.
C. A chemical reaction involves not only the formation of new substances but also the conversion of energy.
D. The heat released when dilute acid and dilute base undergo a neutralization reaction to produce 1 mol of water is called the heat of neutralization."	multiple_answer_choice	B, D	Endothermic reaction and exothermic reaction	"Answer: 

A. The reaction between barium hydroxide and ammonium chloride can occur at room temperature and is an endothermic reaction, so A is correct.

B. Every chemical reaction involves the breaking of old chemical bonds and the forming of new ones, so B is incorrect.

C. Every chemical reaction is accompanied by changes in energy, so C is correct.

D. The heat released when a dilute strong acid and a strong base precisely react to form 1 mol of water is known as neutralization heat, so D is incorrect.

Thus, the answer is BD.

Analysis:

From the perspective of chemical bonds: The energy released from the formation of new chemical bonds is less than the energy absorbed from breaking old chemical bonds.

From the perspective of energy conservation: For a chemical reaction where the total energy of the reactants is less than that of the products, this process is independent of the reaction conditions. This information helps solve the problem."	2016	high	medium
369	"The following experimental operation and phenomenon are incorrectly matched with the conclusion:
Option A: A certain gas is passed through a phenolphthalein solution, and the solution decolorizes - The gas is SO\textsubscript{2}.

A. A B. B C. C D. D"	multiple_answer_choice	A, D	The properties of sulfur dioxide###Testing for sulfate ions###Mutual transformation of ferric salts and ferrous salts###The sequence of operations in a chemistry experiment###Exploring the properties of sodium carbonate and sodium bicarbonate###Evaluation of Chemistry Experiment Plans	"Solution:
A. Not necessarily sulfur dioxide can cause fading of fuchsine; introducing chlorine gas into the fuchsine solution can also cause fading, making A incorrect.
B. Adding KSN first, if the solution does not change color, indicates there is no Fe\textsuperscript{3+}; adding chlorine water oxidizes Fe\textsuperscript{2+} to Fe\textsuperscript{3+}, which then reacts with KSCN and turns the solution red, indicating the presence of Fe\textsuperscript{2+}, making B correct.
C. Adding dilute hydrochloric acid shows no reaction, indicating no carbonate ions; then adding barium ions forms a white precipitate of barium sulfate, making C correct.
D. It could also be bicarbonate, and it similarly reacts with hydrochloric acid to produce carbon dioxide, making D incorrect.

Therefore, the answer is: A, D. 

Analysis: This question mainly tests experimental operations"	2023	high	medium
2339	"Dissolve iron filings in excess dilute hydrochloric acid, then add the following substances. Which one will result in the formation of Fe\textsuperscript{3+}?  
A. Bromine water B. Zinc sulfate C. Sodium nitrate D. Copper chloride"	multiple_answer_choice	C	Chemical properties of iron	"[Answer] Explanation: After dissolving iron filings in hydrochloric acid, the solution mainly contains H\textsuperscript{+}, Cl\textsuperscript{−}, and Fe\textsuperscript{2+}. To convert Fe\textsuperscript{2+} to Fe\textsuperscript{3+}, a strong oxidizing agent is needed.

A. Bromine water has strong oxidizing properties and can oxidize divalent iron ions to trivalent iron ions, so A is correct.
B. Zinc ions and sulfate ions in zinc sulfate do not have strong oxidizing properties and cannot oxidize ferrous ions, so B is incorrect.
C. Nitrate ions have strong oxidizing properties in an acidic environment and can oxidize Fe\textsuperscript{2+} to Fe\textsuperscript{3+}, so C is correct.
D. C\textsuperscript{u2+} does not have sufficient oxid"	2016	high	medium
881	"One of the possible side reactions in the industrial preparation of high-purity silicon is \({SiO}_{2} + 3C\begin{array}{r} \underset{\_}{\underset{\_}{high\: temperature}} \\ \end{array}Si + 2CO \uparrow\). This reaction is classified as (    )
A. Displacement reaction B. Decomposition reaction
C. Redox reaction D. Double decomposition reaction"	multiple_answer_choice	A, C	Redox reaction###Basic Types of Chemical Reactions	"[Answer] According to the chemical equation \({SiO}_{2} + 3C\begin{array}{r} \underset{\_}{\underset{\_}{high temperature}} \\ \end{array}Si + 2CO \uparrow\), it is known that this reaction involves an element and a compound producing another element and another compound, which is a displacement reaction. Moreover, the valences of Si and C change before and after the reaction, indicating it is a redox reaction. Therefore, the answer is: AC.

[Analysis] A displacement reaction involves an element reacting with a compound to produce another element and compound. Reactions that involve changes in valence are redox reactions."	2021	high	medium
1865	"Acid salts are a type of salt and can be considered salts formed when the hydrogen ions of a polyacid are not completely neutralized. Common examples include NaHCO₃, NaHSO₄, KH₂PO₄, and K₂HPO₄. It is known that H₃PO₂ (hypophosphorous acid) reacts with an ample amount of NaOH to produce only one salt, NaH₂PO₂. Which of the following statements is correct?

A. H₃PO₂ is a monoacid
B. H₃PO₂ is a triacid
C. NaH₂PO₂ is an acid salt
D. NaH₂PO₂ is a normal salt"	multiple_answer_choice	A, D	Simple Classification of Matter	Solution: A. Since H\textsubscript{3}PO\textsubscript{2} (hypophosphorous acid) reacts with excess NaOH to produce only one type of salt, NaH\textsubscript{2}PO\textsubscript{2}, H\textsubscript{3}PO\textsubscript{2} is a monobasic acid, A is correct; B. Since H\textsubscript{3}PO\textsubscript{2} (hypophosphorous acid) reacts with excess NaOH to produce only one type of salt, NaH\textsubscript{2}PO\textsubscript{2}, H\textsubscript{3}PO\textsubscript{2} is a monobasic acid, B is incorrect; C. Since H\textsubscript{3}PO\textsubscript{2} is a monobasic acid, NaH\textsubscript	2021	high	medium
3656	"The correct statements about industrial production are: 

A. In the Solvay process for soda production, carbon dioxide is first introduced into the saturated sodium chloride solution, followed by ammonia.  
B. In the sulfuric acid, ammonia synthesis, and nitric acid industries, recycling operations are employed to increase the utilization rate of raw materials.  
C. In the chlor-alkali industry, the electrolytic cell is divided into a cathode chamber and an anode chamber by an ion exchange membrane.  
D. In industry, aluminum metal is produced by electrolysis of molten aluminum chloride.  
E. Petroleum cracking is a chemical change, primarily aimed at obtaining short-chain unsaturated gaseous hydrocarbons."	multiple_answer_choice	B, C	Soda ash industry (Hou's process)	"Answer: 

A. Because ammonia has a very high solubility, introducing ammonia gas before carbon dioxide can increase the absorption of carbon dioxide, which is beneficial for producing soda ash, thus A is incorrect.  
B. In sulfuric acid, ammonia synthesis, and nitric acid industries, the main reactions are reversible, meaning raw materials cannot be fully converted into products. Using recyclable reactants can improve the utilization efficiency of raw materials, so B is correct.  
C. In the chlor-alkali industry, the electrolytic cell is divided into cathode and anode chambers by an ion exchange membrane, preventing the products at the two electrodes from coming into contact and reacting, so C is correct.  
D. Aluminum chloride is a covalent compound that does not conduct electricity when molten, and the industrial method for producing aluminum is electrolysis of molten aluminum oxide, so D is incorrect.  
E. The main purpose of petroleum cracking is to increase the output of light liquid fuels (gasoline"	others	high	medium
1868	"Based on the experimental operations and corresponding phenomena below, the incorrect conclusion is:

A. Conduct a flame test with a clean platinum wire dipped in a certain solution; the flame turns yellow. Conclusion: The solution must be a sodium salt solution.

B. Add BaCl2 solution acidified with dilute hydrochloric acid to solution X; a white precipitate forms. Conclusion: Solution X must contain SO4^2-.

C. Add NaOH solution to solution Y and heat slightly, then pass the produced gas into red litmus solution; the red litmus solution turns blue. Conclusion: Solution Y must contain NH4^+.

D. Pass CO2 into Na2SiO3 solution; a white gelatinous solid is produced. Conclusion: Carbonic acid is stronger than silicic acid.

A. A B. B C. C D. D"	multiple_answer_choice	A, B	Ammonium Ion Test###Testing for sulfate ions	nan	2023	high	medium
1403	"Adding copper powder to a sodium nitrate solution does not result in a reaction. However, if a certain salt is added, the copper powder can gradually dissolve. The salt that meets this condition is (    )
A. Na\textsubscript{2}SO\textsubscript{4} B. NaHCO\textsubscript{3} C. NaHSO\textsubscript{4} D. FeCl\textsubscript{3}"	multiple_answer_choice	C, D	The chemical properties of nitric acid###Mutual transformation of ferric salts and ferrous salts	"Solution:

A. Adding Na\textsubscript{2}SO\textsubscript{4} with copper powder does not produce a reaction, so A does not meet the requirements.

B. Sodium bicarbonate is a weak acid salt and cannot ionize into sufficient hydrogen ions to react with copper, so B does not meet the requirements.

C. NaHSO\textsubscript{4} = Na\textsuperscript{+} + H\textsuperscript{+} + SO\textsubscript{4}\textsuperscript{2-}. The H\textsuperscript{+} and NO\textsubscript{3}\textsuperscript{-} from sodium nitrate can react with copper and dissolve it, so C meets the requirements.

D. Copper can undergo a redox reaction with Fe\textsuperscript{3+} to produce ferrous ions and copper ions, so D meets the requirements.

Therefore, the answer is"	2018	high	medium
3788	"A student adds \(0.39g\) of potassium to \(25\, mL\, 0.1mol \cdot L^{- 1}{AlCl}_{3}\) solution and allows it to react fully. The incorrect statement is (     )
A. The number of \(K^{+}\) ions in the solution after the reaction is approximately \(6.02 \times 10^{21}\).
B. A white precipitate forms after the reaction is complete.
C. \(112\, mL\, H_{2}\) is generated under standard conditions.
D. The only solute in the solution after the reaction is \(KCl\)."	multiple_answer_choice	B, D	Important compounds of magnesium and aluminum###Molar volume of gas###Calculations related to the amount of substance	"Solution:

A. According to the conservation of potassium, after the reaction, the amount of K\textsuperscript{＋} in the solution is n(K\textsuperscript{＋}) = n(K) = 0.01 mol, thus the number of K\textsuperscript{＋} ions in the solution is \(0.01 \, \text{mol} \times 6.02 \times 10^{23} \, \text{mol}^{-1} = 6.02 \times 10^{21}\), so A does not meet the conditions of the problem.

B. Analysis indicates that Al\textsuperscript{3＋} and OH\textsuperscript{－} in the solution completely react with each other, with the ionic equation Al\textsuperscript{3＋}＋4OH\textsuperscript{－} \rightarrow AlO\textsubscript{2}\textsup"	2023	high	medium
2205	"The experimental procedure that cannot achieve the experimental goal is (     )

Experiment Number | Experimental Purpose | Experimental Procedure
--- | --- | ---
A | Prepare a 0.400 mol/L NaOH solution | Weigh 4.0g of solid NaOH, place it in a 250 mL volumetric flask, add water to dissolve and dilute to the mark.
B | Produce and purify hydrogen gas | Add zinc granules to dilute hydrochloric acid, pass the generated gas sequentially through NaOH solution and concentrated sulfuric acid.
C | Prepare dilute sulfuric acid | Add concentrated sulfuric acid to a beaker, then pour in distilled water.
D | Verify the bleaching property of chlorine water | Add chlorine water to red paper strips, causing them to fade.

A. A  B. B  C. C  D. D"	multiple_answer_choice	A, C	Chemical properties of chlorine gas###Principles and Apparatus Selection for Common Gas Preparation###Prepare a solution with a specific molarity.	"[Solution] A, The dissolution of solid NaOH should be carried out in a beaker, and the solution should be transferred to a volumetric flask after it returns to room temperature, instead of dissolving the solid directly in the volumetric flask. A is appropriate.  
B, Hydrochloric acid is volatile, which may cause HCl to mix with H\textsubscript{2}. NaOH solution can be used to absorb HCl, and concentrated sulfuric acid to dry H\textsubscript{2}. B is not appropriate.  
C, The density of concentrated sulfuric acid is greater than water, when diluting concentrated sulfuric acid, it should be slowly poured along the beaker wall into the water while continuously stirring with a glass rod. Adding water to concentrated sulfuric acid is not allowed to prevent splashes, C is appropriate.  
D, To test for the bleaching property of chlorine water, chlorine water can be dripped onto red paper strips. If"	2023	high	medium
3779	"The correct approach is (      )

A. Remove a small amount of ethylene from ethane: Mix with an appropriate amount of hydrogen and heat to convert ethylene to ethane  
B. Remove a small amount of hexene from benzene: Add concentrated bromine water, shake, let it settle and filter to remove hexene  
C. Ethylene can be produced by hydrogenation of acetylene  
D. Extract iodine from iodine water: Add CCl\textsubscript{4}, shake, let it settle and separate layers, then remove the organic layer for further separation"	multiple_answer_choice	C, D	Impurity removal	"Solution:
A. The addition reaction of ethylene with hydrogen should occur under catalytic conditions, which is challenging to complete in the laboratory and can easily introduce new impurities. Bromine water is used to remove impurities, so A is incorrect;
B. Bromine is very soluble in benzene, so when benzene and hexene are added to bromine water, hexene and bromine undergo an addition reaction to form dibromohexane. Dibromohexane, benzene, and bromine will dissolve together, making it impossible to separate the benzene, so B is incorrect;
C. When acetylene and hydrogen react in a molar ratio of 1:1, acetylene undergoes incomplete addition to form ethylene, thus C is correct;
D. Iodine is not easily soluble in water but is soluble in organic solvents. To extract the small amount of iodine dissolved in water, CCl₄ can be added, shaken, allowed to settle and separate, then the organic"	2016	high	medium
2034	"High School Second Year, Jiangxi Monthly Exam) \(N_{A}\) is the value of Avogadro's constant. Which of the following statements is correct?  
A. Under standard conditions, \(22.4 \, L \, HF\) contains \(10N_{A}\) electrons.  
B. The number of \(CH_{3}Cl\) molecules produced from the reaction of \(1 \, mol \, CH_{4}\) with \(1 \, mol \, Cl\) under light is \(N_{A}\).  
C. At normal temperature and pressure, a mixture of \(32 \, g\) of oxygen and ozone contains \(2N_{A}\) atoms.  
D. In \(4.6 \, g\) of ethanol molecules, the number of polar covalent bonds is \(0.7N_{A}\)."	multiple_answer_choice	C, D	Molar mass###Molar volume of gas###Calculations related to the amount of substance	"Solution:  
A. HF is in liquid state under standard conditions, so the amount of substance in \(22.4 \, L\) HF under these conditions is not \(1 \, mol\), and the number of electrons is not \(10N_{A}\), so A does not meet the requirements;  
B. The substitution reaction of \(CH_{4}\) and \(Cl_{2}\) in light proceeds stepwise, and the \(CH_{3}Cl\) produced will further react to produce \(CH_{2}Cl_{2}\), \(CHCl_{3}\), and \(CCl_{4}\). Therefore, the number of \(CH_{3}Cl\) molecules formed from the reaction of \(1 \, mol \, CH_{4}\) and \(1 \, mol \, Cl_{2}\) under light is less than \(N_{A}\), so B does not meet the requirements;  
C. \(O_{"	others	high	medium
660	"According to the periodic law of elements, the following properties of halogens decrease from top to bottom: ( )
A. Non-metallic property B. Atomic radius
C. Oxidizing power of simple substances D. Stability of hydrides"	multiple_answer_choice	A, C, D	Comparison of the Structure and Properties of Halogen Atoms	"Answer: The stronger the non-metallic property of an element, the stronger the oxidizing power of the simple substance, the greater the stability of its hydride, the easier it combines with hydrogen, and the stronger the acidity of its highest oxidation state oxyacid. Halogen elements are in the same group in the periodic table, and from top to bottom, their non-metallic properties decrease, atomic radii increase, oxidizing power of simple substances increase, and stability of hydrides decrease. Therefore, the correct choices are: ACD.

Analysis: Halogen elements are in the same group of the periodic table. Based on the gradual change in properties of elements in the same group and using criteria for judging the strength of non-metallic nature, the answer is derived."	2017	high	medium
338	"The gas that cannot be collected by air displacement is (       )
A. O\textsubscript{2} B. NH\textsubscript{3} C. NO D. CO"	multiple_answer_choice	C, D	Collection of gas	Solution: A. The density of oxygen is greater than that of air, so it can be collected by upward displacement of air, hence A is not selected; B. The density of ammonia is less than that of air, so it can be collected by downward displacement of air, hence A is not selected; C. Nitric oxide is unstable and can react with oxygen in the air to form nitrogen dioxide. Its density is close to that of air, so it cannot be collected by displacement method, hence C is selected; D. The density of carbon monoxide is not significantly different from that of air, so it cannot be collected by displacement method, hence D is selected; Therefore, the correct options are: CD. Analysis: The displacement method is suitable for collecting gases with a density significantly different from air. If the density is greater than air, use upward displacement, and if less, use downward displacement. Gases with a density close to air cannot be collected by displacement.	2015	high	medium
297	"The correct conclusions based on the experimental operations and phenomena are:

A. A B. B C. C D. D"	multiple_answer_choice	C, D	The structure and properties of organic compounds###Physical and chemical properties of ethylene###Laboratory preparation of ethylene###Introduction to Haloalkanes###Evaluation of Chemistry Experiment Plans	"[Answer] A. Acetaldehyde has reducing properties, and Br\textsubscript{2} is an oxidizing agent; they can undergo a redox reaction causing the solution to decolorize, thus option A does not meet the criteria.  
B. Ethylene can decolorize acidic potassium permanganate solution, and the volatilized ethanol can also decolorize it. This phenomenon does not indicate the generation of ethylene, so option B does not meet the criteria.  
C. Passing ethylene into a carbon tetrachloride solution of bromine, ethylene and Br\textsubscript{2} undergo an addition reaction forming 1,2-dibromoethane, which is colorless and soluble in carbon tetrachloride. So, option C meets the criteria.  
D. When halogenated hydrocarbon RX is mixed with a hot aqueous sodium hydroxide solution, a substitution reaction occurs forming \(X^{-}\). After cooling, dilute"	2020	high	medium
2954	"The correct statements about the application and composition of substances are:  
A. P\textsubscript{2}O\textsubscript{5} can be used to dry Cl\textsubscript{2} and NH\textsubscript{3}  
B. The main components of ""combustible ice"" are methane and water  
C. CCl\textsubscript{4} can be used to distinguish between bromine water and iodine water  
D. Both Si and SiO\textsubscript{2} are used in the manufacture of optical fibers"	multiple_answer_choice	B, C	Introduction to Carbon Group Elements###Identification of organic compounds###Fossil fuels and basic chemical raw materials###Gas washing	[Answer] Solution: A. Phosphorus pentoxide is an acidic desiccant and can dry chlorine gas but not the basic gas ammonia, so A is incorrect; B. Combustible ice is a compound of methane and water, so its main components are methane and water, hence B is correct; C. The color of iodine in carbon tetrachloride is purple, and the color of bromine in carbon tetrachloride is reddish-brown, so carbon tetrachloride can be used to distinguish between bromine water and iodine water, hence C is correct; D. SiO₂ is used to manufacture optical fiber materials, while Si is used as a semiconductor material, so D is incorrect; Therefore, the correct choices are B and C. Analysis: A. Phosphorus pentoxide is an acidic desiccant that can dry chlorine gas, but not the basic gas ammonia; B. Combustible ice is a compound formed by methane and water, mainly	2014	high	medium
2704	"The incorrect method for removing impurities is (　　)
A. Impurity gases SO\textsubscript{2} and CO\textsubscript{2} in ethylene can be removed through soda lime.
B. When acetic acid is mixed with ethyl acetate, add it to a separatory funnel containing sodium hydroxide solution, mix thoroughly, and allow to separate.
C. In industrial production of anhydrous ethanol, add quicklime to the aqueous ethanol, then filter and distill.
D. Ethylene in ethane can be removed by adding hydrogen to convert ethylene to ethane."	multiple_answer_choice	B, D	Physical and chemical properties of ethylene###Physical and chemical properties of ethanol.###Separation and Purification of Substances###Preparation of Ethyl Acetate	"Solution: A. Sulfur dioxide (SO₂) and carbon dioxide (CO₂) impurities in ethylene can be removed using soda lime, so A does not meet the requirements;
B. To purify ethyl acetate mixed with acetic acid, add it to a separatory funnel containing a saturated sodium carbonate solution, and let it stand to separate; ethyl acetate reacts with sodium hydroxide, so B meets the requirements;
C. In industrial preparation of anhydrous ethanol, after adding quicklime to aqueous ethanol and converting it to calcium hydroxide, you filter it and then distill it using ethanol's low boiling point; C does not meet the requirements;
D. Ethylene in ethane cannot be removed by adding hydrogen to convert ethylene into ethane, as it is difficult to control the amount of hydrogen used, so D meets the requirements;
Therefore, the answer is: BD.

Analysis: 
A. Both SO₂ and CO₂ are acidic oxides and can react"	2020	high	medium
2908	"The transformation relationship between organic substances X (CH\textsubscript{3}COOH), Y, and Z (CH\textsubscript{3}COOCH\textsubscript{2}CH=CH\textsubscript{2}) is shown in the diagram. The following statement is incorrect:

A. C---C---O bond angle: substance X < substance Y
B. NaHCO\textsubscript{3} solution can be used to test for the presence of X in Z
C. The maximum number of co-planar carbon atoms in Z is 4
D. Y and Z can react under certain conditions to form a polymer compound"	multiple_answer_choice	A, C	Saturated hydrocarbons and unsaturated hydrocarbons###Chemical properties of acetic acid###Esterification reaction	"Answer:
A. The central atom C in X is sp\textsuperscript{2} hybridized, while in Y it is sp\textsuperscript{3} hybridized, so the bond angle: substance X < substance Y, A fits the context;
B. NaHCO\textsubscript{3} solution can react with -COOH. If Z contains X, bubbles will form, and NaHCO\textsubscript{3} solution can be used to test whether Z contains X, B does not fit the context;
C. The carbon-carbon double bond and carbon-oxygen double bond in Z are both planar structures, connected by a single bond, which can rotate, so all C atoms can potentially be coplanar, with a maximum of 5 potentially coplanar carbon atoms, C fits the context;
D. Both Y and Z contain carbon-carbon double bonds, and can undergo addition polymerization to form polymers, D does not fit the"	2022	high	medium
3275	"Add a certain amount of Zn powder to a mixed solution where the molarity of \(Fe{(NO_{3})}_{3}\), \(Cu{(NO_{3})}_{2}\), and \(HNO_{3}\) are all 0.1 mol/L. After a complete reaction and filtration, solid A and solution B are obtained. The correct statements are:

A. Adding a few drops of KSCN solution to solution B, the solution may turn blood red.
B. If no bubbles are produced when solid A is put into dilute hydrochloric acid, then solution B may contain a large amount of \(H^{+}\) and \(Cu^{2 +}\).
C. If solution B is blue-green, then solid A certainly does not contain iron.
D. If solution B is colorless and transparent, then solid A may contain Zn powder."	multiple_answer_choice	C, D	Mutual transformation of ferric salts and ferrous salts###Comprehensive Applications of Common Metal Elements and Their Compounds	"Answer: A. If \(Fe^{3+}\) is present, a solid cannot form, so option A does not meet the requirements; B. Solution B must not contain a large amount of \(H^{+}\), otherwise solid A cannot exist, so option B does not meet the requirements; C. If solution B contains \(Cu^{2+}\), then solid A definitely does not contain iron elements, so option C meets the requirements; D. If solution B does not contain iron elements and copper elements, then solid A might contain \(Zn\) powder, so option D meets the requirements; Therefore, the answer is: CD.

Analysis: A. Potassium ferricyanide is soluble in water; B. Nitrate ions exhibit strong oxidizing properties under acidic conditions; C. Based on the principles of redox reactions; D. Judgment is made according to the activity series of metals."	2022	high	medium
3664	"The following statements about the principles of the chemical industry are correct (　　):
A. Electrolytic refining of copper: The decrease in anode mass is equal to the increase in cathode mass.
B. Chlor-alkali industry: Distilled water containing NaOH needs to be continually added at the cathode.
C. Ammonia synthesis industry: Using a catalyst only speeds up the reaction rate without affecting chemical equilibrium.
D. Sulfuric acid industry: The conversion rate of SO\textsubscript{2} is as high as 93.5% to 98%, so the tail gas after contact oxidation can be directly emitted."	multiple_answer_choice	B, C	Industrial production of sulfuric acid###Industrial ammonia synthesis###Electrolytic refining of copper###Introduction to Chemical Production Based on the Chlor-Alkali Industry	"Answer: A. In electrolytic refining of copper, metals such as Zn, Fe, Ni, and Cu on the anode lose electrons, while on the cathode, copper ions gain electrons. Under the same electron transfer conditions, the decrease in mass of the anode is greater than the increase in mass of the cathode, so A is incorrect.
B. In the chlor-alkali industry, the products at the cathode are hydrogen gas and sodium hydroxide. To enhance conductivity, distilled water containing NaOH can be continuously added, so B is correct.
C. The characteristic of a catalyst is that it only accelerates the reaction rate without causing a shift in equilibrium, so C is correct.
D. The tail gas sulfur dioxide in sulfuric acid production is toxic, and despite a high conversion rate, it still cannot be directly discharged, so D is incorrect.
Therefore, the correct choices are B and C.

Analysis:
A. In electrolytic refining of copper, metals such"	others	high	medium
370	"The following description of experimental phenomena is incorrect: 
A. Place Cu and Fe sheets together in dilute sulfuric acid, bubbles appear on the Cu sheet surface. 
B. Use a Zn sheet as the anode and an Fe sheet as the cathode to electrolyze saturated ZnCl\textsubscript{2} solution, a layer of zinc appears on the Fe sheet surface. 
C. Immerse a Cu sheet in FeCl\textsubscript{3} solution, a layer of iron appears on the Cu sheet surface. 
D. Put Zn granules into a test tube containing dilute hydrochloric acid, add a few drops of CuCl\textsubscript{2} solution, and the rate of bubble release slows down."	multiple_answer_choice	C	Electrode reaction and battery reaction equations###Principles and Applications of Galvanic Cells###Electroplating###Principle and Application of Electrolytic Cells	"Answer:
A. Placing copper and iron sheets together in dilute sulfuric acid forms a copper-iron-dilute sulfuric acid galvanic cell, with copper as the positive electrode where hydrogen ions in the solution gain electrons to produce hydrogen gas, which does not meet the question's requirements;
B. Using a zinc sheet as the anode and an iron sheet as the cathode to electrolyze zinc chloride solution forms an electroplating cell, with the zinc plating metal as the anode and the item to be plated (iron) as the cathode. The metal salt zinc chloride solution acts as the electrolyte, with the following reactions: Anode: Zn - 2e⁻ = Zn²⁺; Cathode: Zn²⁺ + 2e⁻ = Zn, which does not meet the question's requirements;
C. Placing a copper sheet into ferric chloride solution leads to a reaction between copper and ferric chloride, forming copper chloride and ferrous chloride"	2020	high	medium
3317	"Regarding starch and cellulose, the correct statements are (    )
A. They are isomers of each other. 
B. They are homologs of each other.
C. They are both macromolecular compounds.
D. The products of their hydrolysis reactions are the same."	multiple_answer_choice	C, D	Properties and Uses of Polysaccharides	"Solution: 

A. Starch and cellulose both have the molecular formula (C₆H₁₀O₅)ₙ, but with different n values, their molecular formulas differ, so A is incorrect.

B. Starch and cellulose have dissimilar structures and are not homologous, so B is incorrect.

C. The relative molecular mass of starch and cellulose is (12×6+1×10+16×5)×n=162n. Since n is uncertain, it can range from tens of thousands to hundreds of thousands, categorizing them as organic macromolecular compounds, so C is correct.

D. Both starch and cellulose hydrolyze to produce glucose, resulting in the same product, so D is correct.

Thus, options C and D are correct.

Analysis:

A. Isomers are compounds having the same molecular formula but different structural formulas.

B. Homologous compounds have similar structures and differ by one or more CH₂ groups in molecular"	others	high	medium
1614	"The following statement is incorrect (    ):
A. When active metals like potassium, sodium, and magnesium catch fire, foam fire extinguishers cannot be used; dry powder extinguishers can be used instead.
B. When investigating the effect of temperature on the reaction rate between sodium thiosulfate and sulfuric acid, if the solutions are mixed and timed first, then heated to the set temperature using a water bath, the measured reaction rate will be higher.
C. After distillation is complete, heating should be stopped first, and once the apparatus has cooled, water supply should be stopped before dismantling the distillation setup.
D. To accurately prepare a solution of a certain molar concentration, during the process of adjusting volume, when adding distilled water to the volumetric flask near the calibration mark, switch to using a dropper to add distilled water to the mark."	multiple_answer_choice	A, B	Disassembly of the experimental apparatus###Prepare a solution with a specific molarity.	"Answer: 
Solution:
A. Sodium peroxide and potassium peroxide react with carbon dioxide, and magnesium can burn in carbon dioxide, so when active metals like potassium, sodium, and magnesium catch fire, foam extinguishers and dry powder extinguishers cannot be used. Sand is generally used to extinguish such fires, hence A is correct.
B. This experiment requires the initial temperature to be the same, and then the temperature is changed to explore its effect on reaction rate. Sodium thiosulfate solution and sulfuric acid should be heated in a water bath to a certain temperature separately before mixing. If they are mixed first and then heated in a water bath, the lost heat will lead to a lower measured reaction rate, so B is correct.
C. During distillation, full condensation is necessary; heating should be stopped before cooling the apparatus and stopping the water flow to prevent impurities from mixing due to excessive temperature. C is incorrect.
D. When preparing solutions, the liquid level must not exceed"	2018	high	medium
1305	"After completely combusting 0.1 mol of a mixed gas composed of two gaseous hydrocarbons, 3.36 L (at standard conditions) of CO\textsubscript{2} and 3.6 g of H\textsubscript{2}O are obtained. The correct statements are:

A. Ethylene is definitely present.  
B. Methane is definitely present.  
C. Methane is definitely not present.  
D. Ethane is definitely not present."	multiple_answer_choice	B, D	Inference of organic matter	Solution: The amount of substance for 3.36L of carbon dioxide at standard conditions is: \( n(\text{CO}_2) = \frac{3.36L}{22.4L/mol} = 0.15mol \), and for 3.6g of water is: \( n(\text{H}_2\text{O}) = \frac{3.6g}{18g/mol} = 0.2mol \). When 1 mol of the gas mixture completely combusts, it produces 1.5 mol of carbon dioxide and 2 mol of water. The average chemical formula of the mixture is \( \text{C}_{1.5}\text{H}_4 \). Since it is a mixture of two gaseous hydrocarbons, it must contain a hydrocarbon with less than 1.5 carbon atoms, thus it must include methane. Since methane contains 4 hydrogen atoms, the other hydrocarbon also contains	others	high	medium
2587	"The incorrect equation among the following is (     )
A. The ionic equation for passing a small amount of chlorine gas into FeBr\textsubscript{2} solution: Fe\textsuperscript{2＋}＋Cl\textsubscript{2}＝ Fe\textsuperscript{3＋}＋2Cl\textsuperscript{－}
B. The ionic equation for the reaction of magnesium oxide with hydrochloric acid: MgO＋2H\textsuperscript{+}＝Mg\textsuperscript{2+}＋H\textsubscript{2}O
C. The reaction of a methane and chlorine gas mixture under light: CH\textsubscript{4} +2Cl\textsubscript{2}\(\overset{light}{\rightarrow}\) CCl\textsubscript{4} + 2H\textsubscript{2}
D. The ionization equation of acetic acid:"	multiple_answer_choice	A, C	Writing of ionic equations###Writing of the ionization equation	"Solution A: Introducing a small amount of chlorine gas into FeBr\textsubscript{2} solution, Fe\textsuperscript{2+} has a greater reducing ability than Br\textsuperscript{-}, so Fe\textsuperscript{2+} reacts first. The ionic equation is not charge balanced. The correct ionic equation is: 2Fe\textsuperscript{2+} + Cl\textsubscript{2} = 2Fe\textsuperscript{3+} + 2Cl\textsuperscript{-}. Therefore, A is consistent with the question.

Solution B: MgO is a metal oxide, and its chemical formula is retained in the ionic equation. Hydrochloric acid is a strong acid and is dissociated in the ionic equation. The ionic equation for the reaction between magnesium oxide and hydrochloric acid is: MgO + 2H\textsuperscript{+} = Mg\textsup"	2020	high	medium
3778	"When dry ice melts or sublimates, which of the following changes occur?  
A. Chemical bonds within molecules  
B. Distance between molecules  
C. Molecular configuration  
D. Intermolecular forces"	multiple_answer_choice	B, D	The influence of intermolecular forces on the state and other aspects of substances.	"Answer: Explanation: The sublimation of dry ice involves the transition of solid carbon dioxide into gaseous carbon dioxide. This process changes the intermolecular distance and forces between carbon dioxide molecules, and is a physical change. It is unrelated to the covalent bonds or chemical properties within the molecules.

Thus, the choices are BD.

Analysis: The sublimation of dry ice involves the transition of solid carbon dioxide into gaseous carbon dioxide. This process changes the intermolecular distance and forces between carbon dioxide molecules, and is a physical change. It is unrelated to the covalent bonds within the molecules."	others	high	medium
3948	"Place 5 mL of concentrated sulfuric acid with a mass fraction of 0.98 (ρ=1.84g/mL) and 1.92g of copper sheets into a test tube, heat together for full reaction. The following predictions about this experiment are reasonable:

A. The solution color approaches colorless after the reaction
B. Blue solid appears
C. White solid appears
D. The concentrated sulfuric acid becomes dilute sulfuric acid after the reaction ends"	multiple_answer_choice	A, C	Experiment on the Properties of Concentrated Sulfuric Acid	"[Answer] A. Since in concentrated sulfuric acid, the generated CuSO\textsubscript{4} is dehydrated and precipitates as a white anhydrous copper sulfate powder, and the liquid is colorless due to the absence of copper ions, A is correct; 
B. The post-reaction sulfuric acid can also dehydrate the pentahydrate copper sulfate, forming anhydrous copper sulfate, so B is incorrect; 
C. Cu + 2H\textsubscript{2}SO\textsubscript{4} = CuSO\textsubscript{4} + SO\textsubscript{2}↑ + 2H\textsubscript{2}O. The generated CuSO\textsubscript{4} in concentrated sulfuric acid is dehydrated and precipitates as a white anhydrous copper sulfate powder, so C is correct; 
D. The water content in concentrated sulfuric acid is approximately 0."	others	high	medium
103	"The following statement about organic compounds is incorrect (    ):
A. The molecular formula of homologous alkanes can be represented by the general formula C\textsubscript{n}H\textsubscript{2n+2}
B. Organic compounds that are homologous are also isomers
C. The difference in relative molecular mass between two homologous compounds is 14 or a multiple of 14
D. Isomers have similar chemical properties"	multiple_answer_choice	B, D	Isomerism and isomers###Homologs###Alkane	"Answer:

A. Alkanes are saturated hydrocarbons, and the molecular formula of homologous series can be expressed by the general formula C\textsubscript{n}H\textsubscript{2n+2}, which does not meet the requirements of the question.

B. The molecular formulas of organic compounds that are homologous cannot be the same, so they cannot be isomers, which meets the requirements of the question.

C. Homologous series differ by one or several CH\textsubscript{2} groups in molecular composition, so the relative molecular mass difference is 14 or a multiple of 14, which does not meet the requirements of the question.

D. Isomers can be classified into chain isomers, positional isomers, and functional isomers. Chain and positional isomers may have similar chemical properties, while functional isomers may have completely different chemical properties, which meets the requirements of the question.

Therefore, the answer is BD.

Analysis:

Isomers"	2018	high	medium
105	"To produce H\textsubscript{2}SO\textsubscript{4} through the following two methods (some reaction conditions and products are omitted), which of the following statements is incorrect?

Method ①: S \(\overset{\text{concentrated nitric acid}}{\rightarrow}\) H\textsubscript{2}SO\textsubscript{4}  
Method ②: S \(\overset{O_{2}}{\rightarrow}\) SO\textsubscript{2}\(\overset{O_{2}}{\rightarrow}\) SO\textsubscript{3}\(\overset{H_{2}O}{\rightarrow}\) H\textsubscript{2}SO\textsubscript{4}

A. In Method ①, the reaction only demonstrates the strong oxidizing property of concentrated nitric acid.  
B. In Method ②, by controlling the reaction conditions, S can be directly oxidized to SO\text"	multiple_answer_choice	A, B	Industrial production of sulfuric acid	"Answer: 

A. S reacts with concentrated nitric acid to produce sulfuric acid, nitrogen dioxide, and water. This reaction only demonstrates the strong oxidizing property of concentrated nitric acid and does not demonstrate its acidity. A meets the requirement.

B. The reaction of S with O₂ to produce SO₂ does not change with conditions such as the concentration of oxygen. B does not meet the requirement.

C. In pathways (i) and (ii), sulfur is used to prepare H₂SO₄, with the valence of sulfur increasing from 0 to +6. To produce 1 mol of H₂SO₄, theoretically, each consumes 1 mol of S and transfers 6 mol of electrons. C meets the requirement.

D. In pathway (i), S reacts with concentrated nitric acid to produce sulfuric acid, nitrogen dioxide, and water, with nitrogen dioxide as a by-product that can pollute the atmosphere. Therefore, pathway (ii) compared to pathway (i"	2020	high	medium
155	"The correct statements about hydrogen sulfide or hydrosulfuric acid are as follows (     ):
A. Hydrosulfuric acid, containing sulfur in the -2 oxidation state, only has reducing properties.
B. Passing hydrogen sulfide gas into ferrous sulfate produces a black precipitate.
C. In the laboratory preparation of hydrosulfuric acid, either dilute hydrochloric acid or dilute sulfuric acid can be used, but not concentrated sulfuric acid or nitric acid.
D. Adding magnesium powder to a hydrosulfuric acid solution will produce hydrogen gas."	multiple_answer_choice	C, D	Hydrogen sulfide	"Answer:
A. Hydrogen sulfide has reducibility due to the -2 oxidation state of sulfur, and the hydrogen element has a +1 oxidation state, so it also has weak oxidizability. Therefore, it is not only reducible, making A incorrect.

B. Introducing hydrogen sulfide gas into a ferrous sulfate solution does not result in a reaction. FeS is soluble in sulfuric acid, with no precipitate formed, making B incorrect.

C. Strong acids can produce weak acids. Hydrogen sulfide is reducible, while concentrated sulfuric acid or nitric acid has strong oxidizability. Thus, when preparing hydrogen sulfide in the laboratory, dilute hydrochloric acid or dilute sulfuric acid can be used, but not concentrated sulfuric acid or nitric acid, making C correct.

D. Mg + H\textsubscript{2}S (aqueous solution) = MgS + H\textsubscript{2}↑, meaning adding magnesium powder to a hydrogen sulf"	others	high	medium
301	"The correct statements about the materials are as follows:  
A. Cement is a common silicate product.  
B. The main component of optical fiber is silicon dioxide.  
C. The main component of silk is cellulose.  
D. An alloy certainly contains only metal elements."	multiple_answer_choice	A, B	The main chemical components of cement, its raw materials, and its uses.	Answer: A. Cement, ceramics, and glass are common silicate products, so A is correct; B. Silicon dioxide has excellent optical properties and can be used to manufacture optical fibers, so B is correct; C. The main component of silk is protein, so C is incorrect; D. An alloy refers to a substance with metallic properties composed of metal and metal or metal and non-metal, and does not necessarily contain only metal, so D is incorrect; Therefore, choose: AB. Analysis: A. Cement, ceramics, and glass are common silicate products; B. Silicon dioxide has excellent optical properties; C. The main component of silk is protein; D. Answer based on the concept of alloys.	others	high	medium
337	"Coal, oil, and natural gas are the main energy sources used by humans and also important chemical raw materials. The following does not belong to synthetic materials primarily produced from coal, oil, and natural gas:  
A. Plastic B. Glass C. Starch D. Synthetic fiber"	multiple_answer_choice	C	Synthetic materials	"[Answer] Solution: Coal, oil, and natural gas can be used as primary raw materials to produce chemical products, synthetic plastics, synthetic rubber, and synthetic fibers, etc.

Solution:
A. Plastics belong to synthetic materials, so A is incorrect;
B. Glass belongs to inorganic non-metallic materials, so B is correct;
C. Starch is a natural material, so C is correct;
D. Synthetic fibers are synthetic materials, so D is incorrect.

Therefore, the correct choices are B and C.

[Analysis] Synthetic materials, also known as artificial materials, are materials made by chemically processing or polymerizing different substances, such as plastics, synthetic rubber, and synthetic fibers. By analyzing and judging based on the properties and applications of fossil fuels, the correct conclusion can be drawn."	2016	high	medium
708	"Radioactive atoms play special roles in many aspects of human life and provide significant assistance in scientific research. Their main function is serving as tracer atoms. Recently, the medical field has discovered that by labeling with radioactive \textsuperscript{14}C, a carboxylic acid derivative of C\textsubscript{60} can kill cells by breaking DNA under certain conditions, thereby inhibiting AIDS. The following statement about \textsuperscript{14}C is incorrect (　　)
A. \textsuperscript{14}C and \textsuperscript{14}N have the same number of neutrons
B. \textsuperscript{14}C\textsubscript{60} and \textsuperscript{12}C\textsubscript{60} are isomers
C. \textsuperscript{14}C and \textsuperscript{12}C have almost identical chemical properties
D. \text"	multiple_answer_choice	A, B	Common valences of elements	"Answer: A. Because neutron number = mass number - proton number, 14 in \textsuperscript{14}C and \textsuperscript{14}N represents the mass number, and the proton numbers for C and N are 6 and 7 respectively, their neutron numbers are 8 and 7 respectively, so A is incorrect;
B. Because isomers are compounds with the same molecular formula but different structures, and \textsuperscript{14}C and C\textsubscript{60} are not compounds, B is incorrect;
C. Because the chemical properties of the same element are the same, the chemical properties of ordinary carbon atoms in \textsuperscript{14}C and C\textsubscript{60} are identical, so C is correct;
D. Because isotopes are atoms with the same number of protons but different numbers of neutrons, \textsuperscript{14}C and \textsuperscript"	others	high	easy
3366	"Chemistry is closely related to production, life, technology, etc. The correct statement is:

A. The purpose of petroleum cracking is to increase the yield and quality of light oils such as diesel.

C. Using CO\textsubscript{2} to synthesize polycarbonate degradable plastics can achieve the recycling of ""carbon"".

D. Coal can be converted into clean energy through the chemical processes of gasification and liquefaction."	multiple_answer_choice	C, D	The relationship among the composition, structure, and properties of matter.	"Answer: 

A. The purpose of petroleum cracking is to obtain ethylene, propylene, butadiene, butylene, acetylene, etc., whereas petroleum refining aims to improve the yield and quality of light oils like diesel, so A is incorrect.

B. Polytetrafluoroethylene does not contain carbon-carbon unsaturated bonds and consists only of carbon and fluorine elements without hydrogen, so it is not considered an unsaturated hydrocarbon. Thus, B is incorrect.

C. Using CO\textsubscript{2} to synthesize polycarbonate degradable plastics achieves ""carbon"" recycling and reduces carbon dioxide emissions, which fits the question's intent, so C is correct.

D. Coal gasification involves the partial oxidation of coal under oxygen-deficient conditions producing gases like H\textsubscript{2} and CO. Coal liquefaction transforms coal and H\textsubscript{2} into liquid fuels under catalyst action or through chemical synthesis of H\textsubscript"	2016	high	medium
462	"The correct applications of common chemical substances are as follows:
A. Dry ice can be used as a refrigerant.
B. Sodium chloride can be used as a water purifier.
C. Monosodium glutamate can be used as a food seasoning.
D. Baking soda is a leavening agent that can be used to make steamed buns and bread."	multiple_answer_choice	A, C, D	The main characteristics and significance of chemistry	"Answer:  
A. Dry ice is solid carbon dioxide, and when it vaporizes, it absorbs heat, leading to a decrease in the surrounding temperature, so it can be used as a refrigerant; thus, A is correct.  
B. Sodium chloride is a strong acid and strong base salt, and it does not hydrolyze to form a colloid, so it cannot be used as a water purifier; thus, B is incorrect.  
C. The components of monosodium glutamate (MSG) include sodium chloride and sodium glutamate and are considered food seasonings; thus, C is correct.  
D. Baking soda is sodium bicarbonate, which is alkaline and can neutralize acids; sodium bicarbonate can decompose upon heating to produce carbon dioxide gas, so it can be used as a leavening agent; thus, D is correct.  
Therefore, the correct choices are ACD.   
Analysis:  
A. Dry ice is solid carbon dioxide and can be used"	2018	high	easy
505	"The correct comparisons concerning the properties of \({Na}_{2}{CO}_{3}\) and \({NaHCO}_{3}\) are:

A. Alkalinity of solutions with the same concentration: \({Na}_{2}{CO}_{3}\) > \({NaHCO}_{3}\)

B. Solubility in water under the same conditions: \({Na}_{2}{CO}_{3}\) < \({NaHCO}_{3}\)

C. Rate of bubble release when reacting with sulfuric acid of the same concentration: \({NaHCO}_{3}\) > \({Na}_{2}{CO}_{3}\)

D. Thermal stability: \({NaHCO}_{3}\) > \({Na}_{2}{CO}_{3}\)"	multiple_answer_choice	A, C	Exploring the properties of sodium carbonate and sodium bicarbonate###Exploring the alkalinity and thermal stability of sodium silicate solution.	"Answer: A. At the same concentration, sodium carbonate is more alkaline than sodium bicarbonate, so A meets the requirements; B. Under the same conditions, the solubility of sodium carbonate is greater than that of sodium bicarbonate, so B does not meet the requirements; C. When reacting with acids of the same concentration, sodium bicarbonate has a faster reaction rate, so C meets the requirements; D. Sodium bicarbonate is less thermally stable than sodium carbonate, so D does not meet the requirements. Therefore, the answer is: AC.

Analysis: Both sodium carbonate and sodium bicarbonate are alkaline salts. Under the same conditions, sodium carbonate has a greater solubility and stronger alkalinity than sodium bicarbonate. When equimolar amounts of these two substances react with sufficient hydrochloric acid, sodium carbonate releases more carbon dioxide, while sodium bicarbonate reacts with acids at a faster rate and decomposes easily when heated."	2018	high	easy
2248	"Regarding the reaction between sucrose and concentrated sulfuric acid, the correct statements are:  
A. Releases CO\textsubscript{2}  
B. Concentrated sulfuric acid exhibits dehydrating properties  
C. Releases a large amount of heat  
D. Concentrated sulfuric acid exhibits reducing properties"	multiple_answer_choice	A, B, C	Properties of concentrated sulfuric acid###Experiment on the Properties of Sucrose and Starch	"Answer: A. Concentrated sulfuric acid has dehydrating and strong oxidizing properties; it can produce CO\textsubscript{2} in the reaction with sucrose, A matches the question; 
B. Concentrated sulfuric acid exhibits dehydrating properties, B matches the question; 
C. The reaction releases a large amount of heat, C matches the question; 
D. Concentrated sulfuric acid exhibits oxidizing properties, D does not match the question, 
The answer is ABC.

Analysis: Concentrated sulfuric acid has strong oxidizing properties that can oxidize sucrose into carbon dioxide; water is produced in the reaction, releasing a large amount of heat; sulfuric acid exhibits dehydrating properties."	2018	high	medium
885	"Chlorine has only two stable isotopes, \(_{}^{35}Cl\) and \(_{}^{37}Cl\), with an atomic ratio of \(_{}^{35}Cl\) : \(_{}^{37}Cl\) in chlorine gas of 3:1. The possible ratio of the number of chlorine gas molecules with relative molecular masses of 70, 72, and 74 is:

A. 5:2:1 B. 5:2:2 C. 9:3:1 D. 9:3:2"	multiple_answer_choice	A, D	Element, nuclide###Relative Atomic Mass and Its Calculation	"[Solution] Let the number of Cl\textsubscript{2} molecules with relative molecular masses of 70, 72, and 74 be X, Y, and Z respectively.

Cl\textsubscript{2} with a relative molecular mass of 70 consists of two \textsuperscript{35}Cl atoms, so the number of \textsuperscript{35}Cl atoms in X Cl\textsubscript{2} molecules is 2X. 

Cl\textsubscript{2} with a relative molecular mass of 72 consists of one \textsuperscript{35}Cl and one \textsuperscript{37}Cl atom, so in Y Cl\textsubscript{2} molecules, the numbers of \textsuperscript{35}Cl and \textsuperscript{37}Cl atoms are Y each.

Cl\textsubscript{2} with a relative molecular mass of 74 consists of two"	2016	high	medium
605	"Place a mixed solution of starch and potassium iodide in a semipermeable membrane bag and immerse it in a cup of distilled water. After a few minutes, conduct the following experiment and identify the correct phenomenon:

A. Adding AgNO₃ solution to the liquid outside the bag in the cup results in a yellow precipitate.
B. Adding chlorine water to the liquid inside the bag in the cup turns it blue.
C. Adding chlorine water to the liquid outside the bag in the cup turns it blue.
D. Adding iodine water to the liquid outside the bag in the cup turns it blue."	multiple_answer_choice	A, B	Dialysis	"[Answer] When a starch colloid and potassium iodide solution are mixed and placed in a bag made of a semi-permeable membrane, and this bag is immersed in distilled water, the starch colloid cannot pass through the semi-permeable membrane and remains in the bag, whereas potassium ions and iodide ions can pass through the membrane into the water in the beaker.

A. The starch colloid cannot pass through the semi-permeable membrane, but the smaller potassium ions and iodide ions can. Adding silver nitrate solution to the liquid outside the bag in the beaker results in the reaction Ag\textsuperscript{+}+I\textsuperscript{﹣}═AgI↓, producing a yellow precipitate. Therefore, A is correct.

B. Since the water is not flowing, the ion concentration inside and outside the semi-permeable membrane remains equal. Therefore, the liquid inside the bag and in the beaker both contain I\textsup"	others	high	medium
611	"The mutual influence between organic molecules or between atoms and atomic groups can lead to different chemical properties of substances. Which of the following facts cannot illustrate the above viewpoint?  
A. Ethylene can undergo addition reactions, while ethane cannot.  
B. Toluene can decolorize acidic potassium permanganate solution, whereas benzene cannot.  
C. Benzene undergoes substitution reactions with nitric acid under heating conditions, while toluene can react with nitric acid at room temperature.  
D. The hydroxyl groups of phenols and alcohols differ significantly in properties."	multiple_answer_choice	A, B	The relationship between groups in organic molecules	"Solution:

A. Ethylene contains a carbon-carbon double bond and can undergo an addition reaction with hydrogen, which alkanes cannot, as it is a property of its functional group and not a chemical property caused by interactions between atomic groups. Therefore, choose A.

B. Benzene cannot be oxidized by potassium permanganate solution, whereas toluene can decolorize potassium permanganate solution because its methyl group is oxidized to -COOH, not because the benzene ring is oxidized. Therefore, it does not reflect the interaction between groups. The correct statement should be: Toluene can decolorize acidic potassium permanganate solution, whereas methane (or other alkanes) cannot, which reflects the interaction between groups. Hence, choose B.

C. Toluene reacts more easily with nitric acid, indicating that the influence of the methyl group makes the hydrogen on the benzene ring more reactive and easily substituted. Therefore, C is not selected.

D."	others	high	medium
656	"Basic magnesium carbonate is a filler and reinforcing agent for rubber products, with the chemical formula xMg(OH)\textsubscript{2}∙yMgCO\textsubscript{3}∙zH\textsubscript{2}O. When 4.66g of basic magnesium carbonate is calcined at a high temperature to a constant weight, it yields 2g of solid and 0.0400mol of CO\textsubscript{2}. The correct statements are:

A. The 2g solid is Mg(OH)\textsubscript{2}
B. When 4.66g of basic magnesium carbonate is calcined at a high temperature to a constant weight, 0.900g of water is produced
C. The chemical formula of this basic magnesium carbonate is Mg(OH)\textsubscript{2}∙4MgCO\textsubscript{3}∙4H\textsubscript{2}O
D. When"	multiple_answer_choice	B, C	Determination of Complex Chemical Formulas	"Answer: 

A. Basic magnesium carbonate \([xMg(OH)_2 \cdot yMgCO_3 \cdot zH_2O]\) calcined to constant weight at high temperature yields MgO solid. Mg(OH)_2 decomposes upon heating, so option A is incorrect.

B. 4.66 g of basic magnesium carbonate calcined at high temperature to constant weight yields 2 g of solid and 0.0400 mol of CO\(_2\). The mass of the CO\(_2\) produced is 0.0400 mol × 44 g/mol = 1.76 g. According to the law of conservation of mass, the mass of water produced is 4.66 g - 2 g - 1.76 g = 0.900 g, so option B is correct.

C. 4.66 g of basic magnesium carbonate calcined at high temperature to constant weight yields 2 g of Mg"	2020	high	medium
1409	"Enzyme-added laundry detergent contains a small amount of alkaline protease, which has strong catalytic activity. Protein stains on clothing can be hydrolyzed and removed when they come into contact with it. The following fabric should not be washed with this enzyme-added laundry detergent: ( )

A. Cotton fabrics B. Woolen fabrics C. Acrylic fabrics D. Silk fabrics"	multiple_answer_choice	B, D	Structure and Properties of Enzymes	"[Answer] Enzyme-added laundry detergent contains enzyme biocatalysts that can catalyze the decomposition of proteins. According to the problem, this enzyme-added detergent can break down proteins, so any fabric made of protein should not be washed with it. Woolen and silk fabrics are protein-based, thus cannot be washed with enzyme-added detergent. The main component of cotton fabrics is cellulose, and that of acrylic fabrics is synthetic fibers; both can be washed with enzyme-added detergent. Therefore, choose BD.

[Analysis] Analyze whether the fabric contains protein. Enzyme-added detergent can break down and remove sweat stains, bloodstains, and proteins excreted by the human body on clothes. Products whose main component is protein should not use enzyme-added detergent."	others	high	medium
1411	"Methods for industrial production of ethanol are:
A. Starch fermentation
B. Ethylene hydration
C. Acetaldehyde reduction
D. Hydrolysis of ethyl acetate"	multiple_answer_choice	A, B	Scientific Inquiry Methods	"[Answer] Industrial Production Methods: Ethanol is generally produced industrially by starch fermentation or direct hydration of ethylene. Starch hydrolyzes into glucose, which decomposes to produce alcohol, and ethylene can add to water to obtain ethanol. Therefore, options A and B are selected.

[Analysis] Industrial production methods generally use starch fermentation or direct hydration of ethylene for ethanol production, which should be considered when solving the problem."	others	high	medium
1866	"The correct statements regarding the hydrolysis of the following substances are (   )
A. The final product of protein hydrolysis is polypeptides. 
B. The final product of starch hydrolysis is glucose. 
C. Cellulose cannot be hydrolyzed into glucose. 
D. One of the hydrolysis products of fats is glycerol."	multiple_answer_choice	B, D	Testing of starch, protein, and glucose in food###Properties, Composition, and Structure of Lipids	"Solution:  
A. The final product of protein hydrolysis is amino acids, therefore A is incorrect.  
B. Hydrolysis produces maltose, and maltose hydrolyzes to produce glucose; hence, the final product of starch hydrolysis is glucose. Therefore, B is correct.  
C. Cellulose is a polysaccharide that hydrolyzes to produce glucose; therefore, C is incorrect.  
D. Lipids are esters formed by higher fatty acids and glycerol, with the common product after hydrolysis being glycerol; therefore, D is correct.  
Thus, the correct answer is: BD.  

Analysis:  
A. Proteins first hydrolyze into polypeptides, and polypeptides further hydrolyze into the final product, amino acids. Therefore, the final product of protein hydrolysis is various amino acids.  
B. Starch, under the catalytic action of acid, hydrolyzes to produce maltose, and maltose further hydroly"	2014	high	medium
1925	"Among the following substances, which is considered a new type of inorganic non-metallic material (      )?
A. Tempered glass B. Silicon nitride ceramics C. Optical fiber D. Ceramics"	multiple_answer_choice	B, C	Inorganic non-metallic materials	"Answer: Explanation: 
A. Tempered glass has the same composition as ordinary glass and is a traditional inorganic non-metallic material, so A is incorrect.
B. Silicon nitride ceramics are a new type of inorganic non-metallic material, so B is correct.
C. Optical fibers are a new type of inorganic non-metallic material, so C is correct.
D. Ceramics are traditional inorganic non-metallic materials, so D is incorrect.
Therefore, the correct options are B and C.

Analysis:
Traditional inorganic non-metallic materials include cement, refractory materials, flat glass, instrument glass, ordinary optical glass, daily-use ceramics, sanitary ceramics, building ceramics, chemical ceramics, electrical ceramics, enamel, abrasives (silicon carbide, alumina), cast stone, carbon materials, and non-metallic minerals (asbestos, mica, marble, etc.).
New inorganic non-metallic materials mainly include advanced ceramics, amorphous materials, artificial crystals, inorganic coatings, and inorganic fibers."	others	high	medium
1931	"According to statistics, about 80% to 85% of chemical production processes use catalysts, and similarly, catalysts are also used in the preparation of substances in chemical laboratories. The following reactions require a catalyst to proceed smoothly:
A. Industrial ammonia synthesis
B. Industrial production of bleaching powder using chlorine gas
C. Industrial production of sulfuric acid
D. Laboratory preparation of chlorine gas"	multiple_answer_choice	A, C	Industrial production of sulfuric acid###Industrial ammonia synthesis###Catalyst###Laboratory preparation of chlorine gas###The bleaching action of chlorine compounds	Answer: A. The industrial synthesis of ammonia from nitrogen and hydrogen requires an iron catalyst, A is correct; B. The industrial production of bleaching powder from chlorine gas and lime slurry does not require a catalyst, B is incorrect; C. In the industrial production of sulfuric acid, the reaction of SO₂ and O₂ to form SO₃ requires a V₂O₅ catalyst, C is correct; D. The laboratory preparation of chlorine gas by reacting manganese dioxide with concentrated hydrochloric acid does not require a catalyst, D is incorrect; Therefore, the answer is: AC Analysis: A. The industrial synthesis of ammonia from nitrogen and hydrogen requires an iron catalyst; B. The industrial production of bleaching powder from chlorine gas and lime slurry does not require a catalyst; C. In the industrial production of sulfuric acid, the reaction of SO₂ and O₂ to form SO₃ requires a V₂O₅ catalyst; D. The laboratory preparation of chlorine gas by reacting manganese dioxide	2024	high	medium
2035	"The following statements about fossil fuel processing are correct (    ):
A. Kerosene can be obtained from petroleum fractionation, and can be used as fuel and for preserving small amounts of metallic sodium.
B. Petroleum is a mixture, and its fractionation product, gasoline, is a pure substance.
C. The main products of coal dry distillation are coke, coal tar, crude ammonia water, and coke oven gas.
D. Petroleum fractionation can yield acetic acid, benzene, and its derivatives."	multiple_answer_choice	A, C	Pros and Cons of Using Fossil Fuels and the Development of New Energy Sources	"[Solution] Analysis: A. Kerosene is a fraction of petroleum, does not react with sodium, and has a lower density than sodium. It can be used to preserve sodium by isolating it from air and preventing reaction with components in the air, so A is correct; B. Petroleum is a mixture whose fractionation product gasoline is a distillation fraction within a certain temperature range and is a mixture of various hydrocarbons, mainly octane, so B is incorrect; C. Coal carbonization involves complex chemical changes at high temperatures in isolation, primarily producing coke, coal tar, crude ammonia water, and coke oven gas, so C is correct; D. Petroleum is a mixture of various hydrocarbons, and benzene and its derivatives are mainly obtained through catalytic reforming of petroleum. There is no acetic acid in petroleum, so fractionation of petroleum cannot yield acetic acid, hence D is incorrect. Therefore, AC is selected. 

[Analysis] A. Kerosene is"	others	high	medium
3359	"The following statements of facts and explanations are all correct (      )

Option & Fact & Explanation \\
A & pH of freshly made chlorine water is 3 using pH paper & Freshly made chlorine water is acidic \\
B & Introducing SO\textsubscript{2} into BaCl\textsubscript{2} solution shows no obvious phenomenon & Does not meet the conditions for ionic reaction \\
C & When collected gas from reaction of copper and concentrated nitric acid is cooled with ice water, its color lightens & The produced reddish-brown NO\textsubscript{2} gas partially converts to a colorless gas \\
D & Toluene can decolorize acidic potassium permanganate solution & Extraction occurred \\
A. A B. B C. C D. D"	multiple_answer_choice	B, C	Homologs of benzene and their properties	"Answer: 

A. Chlorine water has strong oxidizing properties and can oxidize the test paper, so pH test paper cannot be used to measure the pH of chlorine water; therefore, A is incorrect.

B. When SO\textsubscript{2} is bubbled into BaCl\textsubscript{2} solution, there is no obvious phenomenon because hydrochloric acid has a stronger acidity than sulfurous acid; therefore, B is correct.

C. NO\textsubscript{2} gas is reddish-brown, while N\textsubscript{2}O\textsubscript{4} gas is colorless. The conversion of nitrogen dioxide to dinitrogen tetroxide is an exothermic reaction. Cooling the mixture with an ice-water bath shifts the equilibrium towards the formation of dinitrogen tetroxide, thus the gas color lightens; therefore, C is correct.

D. Toluene can be oxidized by acidic potassium permangan"	2015	high	medium
2589	"The table below shows the decomposition temperatures and cation radii of several carbonates. Analyzing the table, we can conclude that:

A. The larger the cation radius in the ionic crystal, the easier it decomposes
B. The smaller the cation radius in the ionic crystal, the easier it decomposes
C. The larger the cation radius in the ionic crystal, the more easily it combines with the oxygen ions in carbonate
D. The smaller the cation radius in the ionic crystal, the more easily it combines with the oxygen ions in carbonate"	multiple_answer_choice	B, C	Chemical bond###Measure the strength of ionic bonds in ionic crystals using lattice energy.	"[Solution] Since Mg\textsuperscript{2+}, Ca\textsuperscript{2+}, Sr\textsuperscript{2+}, Ba\textsuperscript{2+} are ions of elements in the same group, the ionic radius increases from top to bottom. The larger the radius, the higher the decomposition temperature, making it less likely to decompose. Conversely, the smaller the cationic radius, the more easily it decomposes. Therefore, B is correct. From the table, it can also be concluded that the larger the cationic radius, the easier it combines with the carbonate's oxygen ion, thus C is correct.

Therefore, the answer is B and C.

[Analysis] From the table, we can see that these substances have the same anion, which is carbonate. The larger the cationic radius, the higher the decomposition temperature. Based on this information, the answer can be deduced."	others	high	medium
2807	"Chemistry is closely related to production and life, energy development, environmental protection, and resource utilization. Which of the following statements is incorrect? 

A. The comprehensive utilization of coal and petroleum is entirely achieved through chemical changes.
B. The process of extracting bromine from seawater mainly includes: oxidation, blowing out, absorption, oxidation, and distillation (or extraction and distillation).
C. Direct landfill of used batteries reduces environmental pollution.
D. There are many sources of hydrogen, including electrolysis of water, coal gasification, and natural gas cracking."	multiple_answer_choice	A, C	Seawater Resources and Their Comprehensive Utilization###Common Environmental Pollution and Control in Daily Life###Comprehensive application of petroleum by-products###Coal carbonization and comprehensive utilization	"Solution: A. Distillation separates substances by taking advantage of different boiling points in the mixture, and no new substances are formed; thus, no new substances are created during the distillation of petroleum, it is a physical change, so A meets the requirements;

B. Chlorine is introduced into acidified seawater, causing Cl\textsubscript{2}+2Br\textsuperscript{-}=Br\textsubscript{2}+2Cl\textsuperscript{-}; bromine is expelled by hot air in the blowing column, absorbed in the absorption column with sulfur dioxide and water, leading to SO\textsubscript{2}+Br\textsubscript{2}+2H\textsubscript{2}O=2HBr+H\textsubscript{2}SO\textsubscript{4}; chlorine and steam are introduced again, causing Cl\textsubscript{2}+2Br\textsuperscript{-}=Br\textsub"	2022	high	easy
3314	"The following experiments generally require water bath heating (    ):
A. Silver mirror reaction
B. Preparation of ethyl acetate
C. Hydrolysis of ethyl acetate
D. Dehydration reaction of ethanol"	multiple_answer_choice	A, C	Ethanol elimination reaction	"[Answer] A. The silver mirror reaction requires a temperature not exceeding 100°C, so it can be heated using a water bath, thus A is correct; 
B. The preparation of ethyl acetate requires a higher temperature and needs to be heated directly with an alcohol lamp, not with a water bath, thus B is incorrect; 
C. The hydrolysis of ethyl acetate requires a relatively low temperature and is a mild reaction, requiring a water bath for heating, thus C is correct; 
D. The dehydration reaction of ethanol requires rapid heating to 170°C, so it must be directly heated and not with a water bath, thus D is incorrect; 
Therefore, select AC.

[Analysis] Since the boiling point of water is 100°C, when using a water bath for heating, the ""water bath"" heating temperature cannot exceed 100°C. The temperature using a water bath allows for even heating of reagents inside the reaction vessel, hence the answer is derived."	others	high	medium
3316	"The following statements about ionic compounds are correct (    )
A. Ionic compounds all contain ionic bonds.
B. The cations in ionic compounds can only be metal ions.
C. If ionic compounds are soluble in water, their aqueous solution must conduct electricity.
D. Compounds that conduct electricity when dissolved in water must be ionic compounds."	multiple_answer_choice	A, C	Structural Characteristics and Properties of Ionic Compounds	"Answer: The cation NH\(_{4}^{+}\) in the ionic compound NH\textsubscript{4}Cl is not a metal ion; HCl can conduct electricity when dissolved in water, but it is not an ionic compound.  
Analysis: A. The ions in ionic compounds can include ammonium ions containing covalent bonds,  
C. HCl can dissolve in water to conduct electricity."	2020	high	medium
3319	"Green vitriol has a wide range of uses. The following statement is incorrect:
A. It is commonly used in medicine to treat iron-deficiency anemia.
B. It is often used in industry as a sewage treatment agent, utilizing its reductive properties.
C. High-temperature decomposition produces \({Fe}_{2}O_{3}\), \({SO}_{2}\), and \({SO}_{3}\).
D. KSCN solution can be used to test if it has deteriorated."	multiple_answer_choice	B, C	Sulfate###Mutual transformation of ferric salts and ferrous salts###Detection of Ferrous and Ferric Ions	nan	2024	high	medium
3322	"Regarding guanine (G) and uracil (U), which of the following statements are incorrect?

A. Both are basic  
B. Both are cyclic organic compounds  
C. Both contain ---NH\textsubscript{2}  
D. Both can form base pairs in DNA molecules"	multiple_answer_choice	C, D	Nucleic acid	"Answer: A. Based on the common bases in nucleic acids, which are adenine (A), guanine (G), cytosine (C), uracil (U), and thymine (T), it is known that option A does not meet the question requirements.  
B. The structural formula of guanine (G) is <image>, and the structural formula of uracil (U) is <image>. Both are cyclic organic compounds, so option B does not meet the question requirements.  
C. From the structural formulas of both in option B, it can be seen that uracil (U) does not contain \(- {NH}_{2}\), which aligns with the question requirement for option C.  
D. Guanine (G) bases are present in both RNA and DNA, while uracil (U) is found only in RNA, which aligns with the question requirement for option D.  
Analysis: Analyzing the structural formulas and presence"	2021	high	medium
3954	"The three major synthetic materials based on modern petrochemicals are:  
A. Synthetic detergents  
B. Synthetic fibers  
C. Synthetic rubber  
D. Plastics"	multiple_answer_choice	B, C, D	Synthetic materials###Experiment on the Properties of Synthetic Organic Polymer Compounds	Answer: A. Synthetic detergents are not one of the three major synthetic materials; option A does not meet the question's intent. B. Synthetic fiber is one of the three major synthetic materials; option B meets the question's intent. C. Synthetic rubber is one of the three major synthetic materials; option C meets the question's intent. D. Plastic is one of the three major synthetic materials; option D meets the question's intent. Therefore, the answer is: BCD. Analysis: The three major synthetic materials are plastic, synthetic rubber, and synthetic fiber.	2018	high	medium
