index	question	category	A	B	C	D	answer	knowledge	analysis	year	grade_level	difficulty_level
2013	At room temperature, the following statements are correct:  	single_answer_choice	The pH of a mixture of equal volumes of hydrochloric acid with pH=2 and ammonia water with pH=12 is greater than 7.  	A vinegar solution with pH=4, after being diluted to 10 times its original volume, has a pH greater than 5.  	A \(0.2 mol \cdot L^{-1}\) vinegar solution mixed with an equal volume of water has a pH of 1.  	When water is heated to 100°C, its pH is 6, so water at 100°C is acidic.	A	Ionization equilibrium of a weak electrolyte in aqueous solution###Simple Calculation of pH###Experiment Comparing the Relative Strength of Weak Acids	nan	2024	high	medium
1351	The following group of ions can certainly coexist in the specified solution in large amounts:	single_answer_choice	In 75% alcohol solution: \({Mg}^{2+}\), \(H^{+}\), \({Cr}_{2}O_{7}^{2-}\), \({SO}_{4}^{2-}\)	In a neutral solution: \({Al}^{3+}\), \(K^{+}\), \({CO}_{3}^{2-}\), \({Br}^{-}\)	In a clear and transparent solution: \({Fe}^{3+}\), \({Ca}^{2+}\), \({NO}_{3}^{-}\), \({Cl}^{-}\)	In a solution produced by the ionization of water with \(c(H^{+}) = 1 \times 10^{-12} mol/L\): \({Na}^{+}\), \({NH}_{4}^{+}\), \({SO}_{3}^{2-}\	C	Ionization of water###Principles of Salt Hydrolysis###Ion coexistence	nan	2023	high	medium
3604	The following ionic equations are correctly written:	single_answer_choice	Dissolving magnetic iron oxide in hydriodic acid: \({Fe}_{3}O_{4} + 8H^{+} = 2{Fe}^{3+} + {Fe}^{2+} + 4H_{2}O\)	Adding \({BaCO}_{3}\) powder to sulfuric acid solution: \({BaCO}_{3} + 2H^{+} = {Ba}^{2+} + H_{2}O + {CO}_{2} \uparrow\)	Adding excess \({NaHCO}_{3}\) to clear lime water: \({Ca}^{2+} + 2{OH}^{-} + 2{HCO}_{3}^{-} = {CaCO}_{3} \downarrow + 2H_{2}O + {CO}_{3}^{2-}\)	Passing \(O_{	C	Iron oxides and hydroxides###Mutual transformation of ferric salts and ferrous salts###Writing of ionic equations	nan	2024	high	medium
587	"Sodium metal forms a ""breathable"" Na-CO\textsubscript{2} rechargeable battery with the principle \(3{CO}_{2} + 4Na = 2{Na}_{2}{CO}_{3} + C\). The incorrect statement is:"	single_answer_choice	This reaction belongs to a displacement reactio	C is a reduction product  	This reaction belongs to a displacement reaction  	Oxidizing ability: CO\textsubscript{2}＞Na\textsubscript{2}CO\textsubscript{3}  	D	Redox reaction###Comparison of the strengths of oxidizing and reducing properties###Basic Types of Chemical Reactions###Calculation of the number of electrons transferred in a redox reaction	nan	2024	high	medium
364	The following operations or facts cannot be explained by Le Chatelier's principle:	single_answer_choice	Adding iron powder to a red solution containing \(Fe(SCN)_3\), shaking, and the solution color lightens or fades.	Removing HCl from \({Cl}_{2}\) using saturated saltwater reduces \({Cl}_{2}\) loss.	Known equilibrium system: \({2NO}_{2}(g) \rightleftharpoons N_{2}O_{4}(g)\), reducing volume at constant temperature, the gas color after equilibrium is darker than the original.	Bubbles emerge when the cap of a carbonated beverage bottle is opened.	C	Principle of Chemical Equilibrium Shift	nan	2024	high	medium
2231	The correct analysis is as follows:	single_answer_choice	"In ""wood rubs against wood to ignite ('ignite')"", ""ignite"" refers to the conversion of thermal energy to chemical energy."	To build an ecological civilization, China vigorously develops nuclear, solar, wind, and hydroelectric power, and electrical energy belongs to primary energy.	China has proposed the strategy of becoming a strong cyber country; the total length of optical cable lines exceeds thirty million kilometers, and the main component of optical cable is crystalline silicon.	"In ""Fuling skillfully burns porcelain, the colors surpass jade ('porcelain')"", ""porcelain"" is a silicate product."	D	Common Energy Transformation and Application###Silicon and silicon dioxide	nan	2023	high	medium
1553	\(HNO_2\) is a weak acid \((K_a = 5.1 \times 10^{-4})\). The following statements about \(HNO_2\) and its salts are incorrect:	single_answer_choice	\(HNO_2\) has both oxidizing and reducing properties	The VSEPR model of \(NO_2^-\) is V-shaped	The hybridization type of the nitrogen atom in \(HNO_2\) is the same as in \(HNO_3\)	In the \(NaNO_2\) solution, the equilibrium exists: \(NO_2^- + H_2O \rightleftharpoons HNO_2 + OH^-\)	B	Determining the configuration of simple molecules or ions###Methods and Types of Atomic Orbital Hybridization Determination###Redox reaction###Principles of Salt Hydrolysis	nan	2024	high	medium
2026	W, X, Y, and Z are short-period elements whose atomic numbers increase in sequence. The total number of electrons outside the nuclei of these four elements satisfies the equation \(X + Y = W + Z\). The compound \({XW}_{3}\) and WZ meet to form white smoke. The correct statement is:	single_answer_choice	Non-metallic property: W > X > Y > 	Non-metallic property: W > X > Y > Z  	Atomic radius: Z > Y > X > W  	An excess of X's simple hydride and Z's simple substance also produce white smoke upon meeting  	C	The changing patterns of atomic structure and element properties in the periodic table of elements.###Comprehensive Application of the Periodic Law and the Periodic Table of Elements	nan	2023	high	medium
1297	The atomic numbers of short-period elements W, X, Y, and Z increase sequentially. The sum of the outermost electrons of atom W and atom Y is twice that of atom X's outermost electrons. The number of outermost electrons of atom Z equals its innermost electrons. The electronic shell structures of simple ions of X, Y, Z are identical, and the simple substance of W is the gas with the highest volume fraction in the air. The following statement is correct:	single_answer_choice	The valence electron configuration of element Y in its ground state is \(2s^{2}2p^{3}\)	The simple hydride of W is more stable than that of X	The size of the simple ion radius is: \(r(W) > r(X) > r(Y) > r(Z)\)	The simple substance Z can be obtained by electrolyzing the aqueous solution of Z's chloride	C	Electron configuration outside the atomic nucleus###The changing patterns of atomic structure and element properties in the periodic table of elements.###Comprehensive Application of the Periodic Law and the Periodic Table of Elements###Comparison of particle radii sizes	nan	2024	high	medium
2229	The following statement about hybrid orbitals is incorrect:	single_answer_choice	Hybrid orbitals can be used to form σ bonds as well as π bonds.  	Hybrid orbitals can accommodate lone pairs of electrons not involved in bonding.  	In NH\textsubscript{3}, the sp\textsuperscript{3} hybrid orbitals of the N atom are formed by the hybridization of three p orbitals of the N atom and one s orbital of the H atom.  	The central atom A in AB\textsubscript{2} type covalent compounds may adopt different hybridizations.	A	Methods and Types of Atomic Orbital Hybridization Determination	nan	2024	high	medium
1558	The following statement is incorrect:	single_answer_choice	Alum can purify water by forming \(Al{(OH)}_{3}\) colloid in water	\({NO}_{2}\) can react with \(NaOH\) and \({NO}_{2}\) is classified as an acidic oxide	\(S\) burns in air to produce \({SO}_{2}\)	\({CuSO}_{4}\) can be used for water disinfection in swimming pools	B	Properties of nitrogen oxides and their environmental impact###Important compounds of magnesium and aluminum###Structure and characteristics of amino acids and proteins	nan	2023	high	medium
1905	Chemistry originates from life and also serves life. The correct statement about chemistry in daily life is:	single_answer_choice	Chlorine gas can react with caustic soda solution or lime milk to produce a chlorine-containing disinfectant	Both chlorine gas and activated carbon can be used as bleaching agents; if used together, the bleaching effect will be significantly enhanced.	Chlorine gas can react with caustic soda solution or lime milk to produce a chlorine-containing disinfectan	Chlorine gas can react with caustic soda solution or lime milk to produce a chlorine-containing disinfectant.	B	The bleaching action of chlorinated water and chlorine gas	nan	2024	high	medium
601	N\textsubscript{A} represents Avogadro's number. The correct statements are:	single_answer_choice	At standard temperature and pressure, the number of oxygen atoms in the mixed gas of \(32\ \text{g}\ \text{O}_2\) and \(\text{O}_3\) is \(2\text{N}\)	The total number of ions in \(0.1\ \text{mol}\ \text{Na}_2\text{O}_2\) is \(0.4\text{N}\).	At standard temperature and pressure, the number of oxygen atoms in the mixed gas of \(32\ \text{g}\ \text{O}_2\) and \(\text{O}_3\) is \(2\text{N}\	At standard temperature and pressure, the number of oxygen atoms in the mixed gas of \(32\ \text{g}\ \text{O}_2\) and \(\text{O}_3\) is \(2\text{N}\).	B	Calculation of the number of electrons transferred in a redox reaction###Calculations related to the amount of substance###Avogadro's constant	"[Answer] A. Na\textsubscript{2}O\textsubscript{2} is composed of 2 Na\textsuperscript{+} ions and 1 \(O_{2}^{2-}\) ion, thus the total number of ions in \(0.1 \, \text{mol Na}_{2}O_{2}\) is \(0.3N\textsubscript{A}\), A is incorrect.  
B. At standard temperature and pressure, the amount of substance of O atoms in \(32 \, \text{g} O_{2}\) is \(\frac{32 \, \text{g}}{32 \, \text{g/mol}} \times 2 = 2 \, \text{mol}\), and in \(32 \, \text{g} O_{3}\) is \(\frac{32 \, \text{g}}{48 \, \text{g"	2024	high	medium
2319	The transformations of the following substances that can be achieved under the given conditions are:	single_answer_choice	\({CaCl}_{2}(aq)\overset{{CO}_{2}(g)}{\rightarrow}{CaCO}_{3}(s)\overset{HCl(aq)}{\rightarrow}{CO}_{2}(g)\)	\({Cl}_{2}\overset{Fe}{\underset{ignite}{\rightarrow}}{FeCl}_{2}\overset{NaOH}{\rightarrow}Fe{(OH)}_{2}\)	\({KClO}_{3}\overset{{MnO}_{2}}{\underset{\Delta}{\rightarrow}}KCl\overset{H_{2}O}{\underset{electrolysis}{\rightarrow}}{Cl}_{2}\)	\(Ca{(ClO)}_{2}(aq)\overset{{CO}_{2}}{\rightarrow}HClO(aq)\overset{light	C	Chemical properties of chlorine gas###The bleaching action of chlorinated water and chlorine gas	nan	2024	high	medium
2442	The group of ions that can coexist in large quantities in the following clear and transparent solutions is:	single_answer_choice	\({Na}^{+}, {Cu}^{2+}, {SO}_{4}^{2-}, {NO}_{3}^{-}\)	\(H^{+}, {Fe}^{3+}, {HCO}_{3}^{-}, {NO}_{3}^{-}\)	\({NH}_{4}^{+}, {Mg}^{2+}, {CO}_{3}^{2-}, {OH}^{-}\)	\({Ba}^{2+}, {Fe}^{2+}, {Cl}^{-}, {SO}_{4}^{2-}\)	A	Ion coexistence	nan	2024	high	medium
3348	The incorrect ionic equation is:  	single_answer_choice	The principle of bleaching powder: ClO\(^-\)+CO\(_2\)+H\(_2\)O=HClO+HCO\(_3^-\)  	The principle of a foam fire extinguisher: Al\(^{3+}\)+3HCO\(_3^-\)=Al(OH)\(_3\)↓+3CO\(_2\)↑  	Using Na\(_2\)CO\(_3\) solution to remove boiler scale with CaSO\(_4\): CaSO\(_4\)(s)+CO\(_3^{2-}\)(aq)\(\rightleftharpoons\)CaCO\(_3\)(s)+SO\(_4^{2-}\)(aq)  	Fresh chlorine water turns starch-KI test paper blue: Cl\(_2\)+2I\(^-\)=2Cl\	A	Principles of Salt Hydrolysis###The dissolution equilibrium of slightly soluble electrolytes and the nature of precipitation conversion###Writing of ionic equations	nan	2024	high	medium
2939	The following experimental operations, phenomena, and conclusions are incorrect:	single_answer_choice		A  	B  	C  	C	The dissolution equilibrium of slightly soluble electrolytes and the nature of precipitation conversion###Testing for sulfate ions###Introduction to Haloalkanes###Experiment on the Properties of Sucrose and Starch	nan	2024	high	medium
2017	The following statement is correct:	single_answer_choice	Fe is located in the ds block of the periodic table.	The motion states of electrons outside the nucleus of an excited boron atom are 3 types.	The electron configuration of a ground state carbon atom \({1s}^{2}{2s}^{2}{2p}_{x}^{2}\) violates Hund's rule.	The denser the small black dots in an electron cloud diagram, the more electrons are present in that space outside the nucleus.	C	Electron configuration outside the atomic nucleus###The motion state of electrons outside the atomic nucleus	nan	2023	high	medium
1389	Chloroacetic acid (\({CH}_{2}ClCOOH\)) is an important analytical reagent and organic synthesis intermediate. One method to prepare chloroacetic acid is \({CH}_{3}COOH + {Cl}_{2}\overset{I_{2}}{\rightarrow}{ClCH}_{2}COOH + HCl\). The correct statement is: 	single_answer_choice	In the \({CH}_{3}COOH\) molecule, the ratio of \(\sigma\) bonds to \(\pi\) bonds is \(6:1\	In the \({CH}_{3}COOH\) molecule, the ratio of \(\sigma\) bonds to \(\pi\) bonds is \(6:1\)  	The \(Cl - Cl\) bond is shorter and has lower bond energy compared to the \(I - I\) bond  	\({ClCH}_{2}COOH\) is more acidic than \({CH}_{3}COOH\)  	C	Formation of Covalent Bonds and Main Types of Covalent Bonds###Bond energy, bond length, bond angle and their applications###Polar molecules and non-polar molecules	nan	2024	high	medium
1850	The decay reaction of \({}_{6}^{14}C\) is \({}_{6}^{14}C \rightarrow_{Z}^{14}{X +}_{- 1}^{0}e\), with a half-life (the time it takes for the amount of reactant to reduce to half of its initial amount) of 5730 years. The correct statements are:	single_answer_choice	The amount of \({}_{6}^{14}C\) in an archaeological sample should be 1/8 of its amount 17190 years ago.	\({}_{6}^{14}C\) and \({}_{Z}^{14}X\) have the same number of neutrons.	The number of valence shell electrons in \({}_{6}^{12}C\) and \({}_{6}^{14}C\) differs by 2.	The atomic number of the element in the fourth period of the same group as \({}_{Z}^{	A	Quantitative relationships in atoms###Element, nuclide	nan	2023	high	medium
3882	The following experiment phenomena and the corresponding conclusions are correct:	single_answer_choice	Conclusion: Concentrated sulfuric acid is hygroscopic	Conclusion: \(K_{sp}(AgCl) < K_{sp}(AgI)\)	Conclusion: Concentrated sulfuric acid is hygroscopic.	Conclusion: The equilibrium shifts in the reverse direction.	B	Factors affecting chemical equilibrium###Main factors affecting the degree of salt hydrolysis###The dissolution equilibrium of slightly soluble electrolytes and the nature of precipitation conversion###Properties of concentrated sulfuric acid	nan	2024	high	medium
545	The incorrect application among the following is:	single_answer_choice	Diatomite soaked in acidic potassium permanganate solution can be used for fruit preservation.	The sacrificial anode method can use scrap zinc sheets to protect steel materials.	Carbon fiber used in producing aircraft models belongs to organic polymer materials.	Nano iron powder can be used to remove heavy metal ions such as \({Hg}^{2 +}\), \({Pb}^{2 +}\), \({Cd}^{2 +}\), \({Cu}^{2 +}\) from industrial wastewater.	C	The dissolution equilibrium of slightly soluble electrolytes and the nature of precipitation conversion###Corrosion and Protection of Metals	nan	2023	high	medium
328	The following reactions can be represented by the ionic equation ``\(H^{+} + {OH}^{-} = H_{2}O\)'':	single_answer_choice	Mixing \({NaHCO}_{3}\) solution with \(NaOH\) solution 	Mixing \({HNO}_{3}\) solution with clear lime water 	Mixing \({NH}_{2} \cdot H_{2}O\) solution with \(HCl\) solution 	Mixing \({NH}_{4}{HSO}_{4}\) solution with \(Ba(OH)_{2}\) solution	B	Ammonium salt###Writing of ionic equations	nan	2024	high	medium
1955	The atomic numbers of the main group elements \(X, Y, Z, W\) in the first four periods increase in order, with \(X\) being the most abundant element in the air. The period number and group number of \(Y\) are equal, and in the ground state, the \(3p\) orbital of \(Z\) has 5 electrons. \(W\) and \(Z\) are in the same main group. The following statement is incorrect:	single_answer_choice	Simple ion radii: \(Y < Z\	The first ionization energy of \(X\) is greater than that of the adjacent element in the same period.	Simple ion radii: \(Y < Z\)	The thermal stability of the simple gaseous hydride of \(Z\) is stronger than that of \(W\).	D	Industrial-produced aluminum metal###The meaning and application of ionization energy and electronegativity of elements###Atomic Structure and Element Properties###Comparison of particle radii sizes	nan	2024	high	medium
588	The correct statement about the chemical knowledge contained in the following scientific achievements is:	single_answer_choice	High-efficiency photocatalysts for water splitting can reduce the enthalpy change of chemical reactions.	"The weather-resistant, paint-free steel used for building the ""Fuzhou-Xiamen High-Speed Railway"" sea-crossing bridge is an alloy."	"The ""liquid hydrogen and liquid oxygen"" propellant used by launch vehicles can completely convert chemical energy into thermal energy."	Marine fungi can degrade polyethylene and other plastics, and the degradation rate increases with higher temperatures.	B	Factors Affecting the Rate of Chemical Reactions###Common Environmental Pollution and Control in Daily Life###Alloys and Their Applications	nan	2024	high	medium
2580	The incorrect ionic or thermochemical equation is:  	single_answer_choice	Using NaOH solution to absorb \({NO}_{2}\) gas: \(2{NO}_{2} + 2{OH}^{-} = {NO}_{3}^{-} + {NO}_{2}^{-} + H_{2}O\)  	Introducing a small amount of \({SO}_{2}\) gas into bleaching solution: \({SO}_{2} + H_{2}O + 2{ClO}^{-} = {SO}_{3}^{2 -} + HClO\)  	Introducing an excess of \({CO}_{2}\) into saturated sodium carbonate solution: \(2{Na}^{+} + {CO}_{3}^{2 -} + H_{2}O + {CO}_{2} = 2{NaHCO}_{3} \downarrow\)  	Thermochemical equation for the combustion heat of methane: \({	B	Heat of combustion###Writing of ionic equations	nan	2024	high	medium
2688	The incorrect statement is:	single_answer_choice	Diamond and graphite are allotropes of each other.	When Na is ignited in air, the main product formed is white Na\textsubscript{2}O.	Water can be used to test whether a Na\textsubscript{2}O sample contains Na\textsubscript{2}O\textsubscript{2}.	All basic oxides are metal oxides.	B	Allotrope###Simple Classification of Matter###Sodium oxide	nan	2024	high	medium
3894	The correct descriptions of the properties of substances are as follows:	single_answer_choice	\(Fe_{2}O_{3}(s) \xrightarrow{Al, \text{high temperature}} Fe(s) \xrightarrow{HCl(aq)} FeCl_{3}(aq)\)	FeO powder, when heated in air, is rapidly oxidized to \(Fe_{2}O_{3}\)	At room temperature, both \(Al\) and \(Cl_{2}\) can undergo redox reactions with \(NaOH\) solution	When sodium is added to an excess of \(CuCl_{2}\) solution, elemental copper is produced	C	Chemical properties of sodium###Chemical properties of aluminum###Chemical properties of iron###Iron oxides and hydroxides	nan	2024	high	medium
1599	The correct ionic equations are:	single_answer_choice	Reaction of acetic acid with sodium hydroxide solution: \( \text{CH}_3\text{COOH} + \text{OH}^- = \text{CH}_3\text{COO}^- + \text{H}_2\text{O} \)	Reaction of iron with hydrochloric acid: \( 2\text{Fe} + 6\text{H}^+ = 2\text{Fe}^{3+} + 3\text{H}_2 \uparrow \)	Reaction of ferric chloride solution with ammonia water: \( \text{Fe}^{3+} + 3\text{OH}^- = \text{Fe(OH)}_3 \downarrow \)	Addition of excess sodium hydroxide solution to aluminum chloride solution: \( \text{Al}^{3+} + 3\text{OH}^- = \text	A	Properties and Uses of Ammonia###Preparation and Investigation of Properties of Aluminum Hydroxide###Writing of ionic equations	nan	2024	high	medium
1230	Two beakers each with the same volume of 3 mol/L dilute sulfuric acid are placed on the left and right pans of a balance, which is balanced. Add 10.8g of Al to one beaker and 10.8g of Fe to the other. After the reaction is complete, the correct statement is: 	single_answer_choice	It's possible that the pan with Al rises. 	It's possible that the pan with Fe rises. 	Neither metal is definitely in excess. 	It's impossible for the balance to remain balanced.	A	Chemical properties of aluminum###Exploring the reactions of aluminum with acidic and alkaline solutions.###Calculations related to chemical equations	"【Solution】The substance amount of 10.8g Al is \( n(Al) = \frac{m}{M} = \frac{10.8g}{27g/mol} = 0.4 mol \); the substance amount of 10.8g Fe is \( n(Fe) = \frac{m}{M} = \frac{10.8g}{56g/mol} = 0.19 mol \). 

Assuming the volume of the dilute sulfuric acid used is 1L, it contains \( n(H^+) = 3 mol/L \times 1L \times 2 = 6 mol \), then Fe and Al completely react, thus:

\(\begin{matrix}
2Al & + & 6H^{+} & = & 2Al^{3+} & + & 3H_{2} \uparrow \\
0.4mol & & & & & & 0."	2019	high	hard
2444	The correct statements are:	single_answer_choice	Boiling point order: HI > HBr > HCl > HF	HF has strong stability because hydrogen bonds can form between its molecules.	Ice, water, and water vapor all contain hydrogen bonds.	The sublimation of solid iodine overcomes intermolecular forces.	D	Differences between Chemical Bonds and Intermolecular Forces###Substances containing hydrogen bonds###The influence of hydrogen bonds on the properties of substances	nan	2023	high	medium
289	Chemistry is an important scientific basis for humans to utilize natural resources and address environmental issues. The correct statement is:	single_answer_choice	The main process occurring in the dry distillation of coal is a physical change.	Long-term use of DDT will not cause residual pollution.	Electrolysis is commonly used in industrial smelting of Al.	The purpose of petroleum cracking and pyrolysis is to produce gasoline.	C	Industrial-produced aluminum metal###Cracking and pyrolysis of petroleum###Coal carbonization and comprehensive utilization###Green chemistry	nan	2023	high	medium
2241	In a book, there is the following passage: For many years chemists were unsuccessfully trying to prepare the perbromate ion, \({BrO}_{4}^{-}\). The first successful synthesis of perbromate involved an isoelectronic species as the starting material. The process is described as follows: \({}_{34}^{83}{SeO}_{4}^{2 -} \rightarrow_{35}^{83}{BrO}_{4}^{-} + e^{-}\). The correct statements are:	single_answer_choice	A chemical change occurred in this process.	\({}^{83}Se\) and \({}^{83}Br\) contain the same number of neutrons.	One \({}_{34}^{83}{SeO}_{4}^{2 -}\) contains 68 electrons.	\({}_{34}^{83}Se\) and \({}_{35}^{83}Br\) are isotopes of each other.	C	Quantitative relationships in atoms###The principles of atomic structure construction###Element, nuclide	nan	2023	high	medium
554	The number of incorrect statements is  	single_answer_choice	 	 	 	 	B	Formation of Covalent Bonds and Main Types of Covalent Bonds###Metallic bond###Definition of a Crystal	nan	2024	high	medium
363	In the process of using a NaOH standard solution to titrate edible white vinegar to determine the acetic acid content, the correct operation is:	single_answer_choice	Rinse the acid burette 2-3 times with the white vinegar solution before filling	Rinse the conical flask containing the white vinegar solution 2-3 times with the white vinegar solution before titration.	Rinse the acid burette 2-3 times with the white vinegar solution before filling.	To prepare the standard solution, weigh 4.0g of NaOH solid and place it in a 1000mL volumetric flask, then add water to the mark.	B	Prepare a solution with a specific molarity.###Neutralization titration###Use of Acid (Base) Burette	nan	2024	high	medium
3404	Given: Passing Cl\textsubscript{2} into an appropriate amount of NaOH solution may produce NaCl, NaClO, and NaClO\textsubscript{3}, and the value of \(\frac{c({Cl}^{-})}{c({ClO}^{-})}\) only depends on temperature. When n(NaOH)=6a mol, the following statement is incorrect (　　)	single_answer_choice	The amount of chlorine gas participating in the reaction is 3a mol	The amount of chlorine gas participating in the reaction is 3a mol.	The amount of chlorine gas participating in the reaction is 3a mo	Changing the temperature, the minimum theoretical yield of NaCl is 3a mol.	D	Calculations for scope discussion questions###Calculation of the number of electrons transferred in a redox reaction###Calculations related to chemical equations	"**Answer:** 
A. Based on the equation relationship, regardless of which reaction occurs, the ratio n(Cl\textsubscript{2}):n(NaOH) is 1:2. When n(NaOH)=6a mol, the amount of chlorine that participates in the reaction is 3a mol, so option A does not meet the requirements. 
B. When the temperature changes, and the first reaction occurs, the minimum theoretical yield of NaCl in the product is 3a mol, so option B does not meet the requirements.
C. When the temperature changes, during only the first reaction, 3a mol of electrons are transferred; during only the second reaction, 5a mol of electrons are transferred. Thus, the range of the amount of substance n of transferred electrons in the reaction is: 3a mol ≤ n ≤ 5a mol, so option C does not meet the requirements.
D. At a certain temperature, after the"	2020	high	hard
