index	question	category	answer	knowledge	analysis	year	grade_level	difficulty_level
1489	"""The waterfall plunges three thousand feet, as if the Milky Way is falling from the sky"" describes the beautiful scenery of \_\_\_, which is located in \_\_\_ Province."	fill_in_the_blank	Lushan Waterfall; Jiangxi	The connotation and characteristics of tourism resources	"【Analysis】 According to the knowledge learned, the verse ""Flying streams straight down three thousand feet, it seems to be the Milky Way falling from the ninth heaven"" is named ""Gazing at the Lushan Waterfall,"" describing the Lushan Waterfall located in Jiangxi Province. 

[Commentary] When the strong pressure and tension generated by tectonic movements exceed the rock's bearing capacity, the rock mass breaks. After the rock mass breaks, if there is significant displacement along the fracture surface on both sides of the rock mass, a fault is formed. If the fault's displacement is mainly horizontal movement, it will disrupt the existing landforms or generate several landforms near the fault, like the East African Rift Valley. If the fault’s displacement is mainly vertical movement, the relatively descending rock mass forms valleys or depressions, while the relatively ascending rock mass develops into ridges or highlands, such as Jiangxi's Lushan, Shandong's Taishan, and Shaan"	others	high	medium
332	In the image, the area suitable for constructing a high-end residential district is ( ) area. Please explain the reason ( ).	fill_in_the_blank	①; Located on the city outskirts, close to green spaces, with good environmental quality; positioned upwind of prevailing winds, ensuring good air quality.	Urban spatial structure model###Urban spatial form and change	"(Analysis) [Commentary] High-end residential areas are typically located in regions with beautiful environments, good air quality, a rich cultural atmosphere, and convenient transportation.

45. From the diagram, it is evident that location ① is near a green area with a beautiful environment; it is situated upwind of prevailing winds and is not affected by industrial pollution, thus having good air quality. It is close to a road, providing convenient transportation, and adjacent to an educational and cultural district, which offers a rich cultural atmosphere. Therefore, location ① is most suitable for building a high-end residential area."	others	high	medium
365	Characteristics of urban waste: \ul{    }; \ul{    }; \ul{    }.	fill_in_the_blank	Large quantity; wide variety; significant changes.	Solid Waste Pollution and Its Hazards	"【Analysis】 Urban waste is characterized by its large quantity, diverse types, and significant variability. 

【Commentary】 This question primarily examines the characteristics of urban waste, focusing on aspects such as quantity, variety, and updating cycle.

27. Among human activities such as building reservoirs, reclaiming lakes for farmland, destroying vegetation in watersheds, and clearing steep slopes in upstream mountainous areas, those that can induce or exacerbate floods include \ul{     }, \ul{     }, and \ul{     }."	others	high	medium
366	Human cultural tourism resources include: ____, ____, ____ and ____.	fill_in_the_blank	Memorial hall; Ancient architecture; Ancient tombs; Art treasury	Types of Tourism Resources	"[Analysis] [Explanation] Humanistic tourism resources are creations of humanity that reflect the political, economic, cultural, and social customs and conditions of various eras and ethnic groups, and possess tourism functions. These mainly include items like memorial halls, ancient buildings, ancient tombs, and art treasures. [Commentary] Humanistic landscape tourism resources include historical and cultural sites, ancient architecture, ethnic customs, modern achievements, cuisine, shopping, cultural arts, and sports entertainment, which can be categorized into four major types: humanistic scenery, cultural traditions, social customs, and sports entertainment.

29. Basic characteristics of the digital age: ____, trans-spatial and temporal nature, and ____."	others	high	medium
368	"The Connotation of Environmental Security Issues

(1) Environmental Security

① Meaning: Environmental security, also known as \ul{    }, refers to the state where the destruction and threats to the natural environment remain within a range that the environment or socio-economy can bear.

② Two Perspectives

From a natural perspective: Environmental security means that the natural environment and its \ul{    } are in good condition or have not suffered irreparable damage.

From a human social perspective: Environmental security means that the \ul{    } of environmental issues and the cost of solving these issues do not severely impact \ul{    } development.

(2) Environmental Security Issues

When the severity of environmental problems exceeds a certain \ul{    }, they become environmental security issues."	fill_in_the_blank	(1) Ecological safety; service capacity; degree of hazard; socio-economic	Service functions of the natural environment and their sustainable use###The interrelationship between humans and the environment###Overview of Environmental Issues	"(Analysis) (1) Environmental security, also known as ecological security, refers to the extent to which threats and damage to the natural environment can be kept within acceptable limits. Protecting the stability and health of ecosystems is crucial for the sustainable development of the socio-economy. Ecological security involves protecting biodiversity, maintaining ecological balance, preventing environmental pollution, and avoiding overexploitation of resources to ensure sustainable environmental development and human well-being. From a natural perspective: Environmental security means that the natural environment and its service capacity are in good condition or have not suffered irreparable damage. From a human society perspective: Environmental security means that the severity of environmental problems and the costs of addressing them do not significantly hinder socio-economic development. Environmental security requires solving environmental problems without severely impacting socio-economic growth. Addressing and solving environmental problems need to consider economic costs, social impact, and other factors to achieve coordinated development between environmental protection and socio-economics.

(2) When the severity of environmental problems exceeds a"	others	high	medium
460	In the layout of the transportation industry in urban and rural planning, by type, there are internal urban transportation, ( ) and intercity transportation.	fill_in_the_blank	external transportation	Characteristics of Urban Traffic	"The main focus of this question is on the knowledge of urban external transportation layout. When tackling this question, it is important to closely integrate the learned knowledge and conduct a thorough analysis.

."	others	high	medium
461	"Fill in the countermeasures for the problems in water resources listed in the table below.

Cause: Drought  
Countermeasure: ( )  

Cause: Flooding  
Countermeasure: ( )  

Cause: Population growth  
Countermeasure: ( )

Cause: Water pollution  
Countermeasure: ( )"	fill_in_the_blank	Inter-basin water transfer; construct reservoirs; control population growth, conserve water, improve water resource utilization; protect water sources, manage water pollution, recycle use.	Overview of Water Resources###Rational utilization of water resources###Resource Issues and Their Causes	"(Analysis) (Examination) Gap 1: Uneven spatial distribution of water resources requires inter-basin water transfer, as is the case with China's South-to-North Water Diversion Project;

Gap 2: Uneven temporal distribution of water resources necessitates the construction of reservoirs to store water and prevent flooding in wet seasons, and release water for irrigation in dry seasons;

Gap 3: Due to rapid population growth and expansion of industrial and agricultural production, the demand for water resources increases, requiring measures to control population growth, conserve water in industrial and agricultural use, and enhance water resource utilization to reduce waste;

Gap 4: Severe water pollution necessitates the protection of water resources, especially the safeguarding of water sources, as well as addressing water pollution and recycling.

(Commentary) As a country with critically scarce water resources, China's per capita amount is only 1/4 of the world average. Overall, the spatial and temporal distribution of water resources is uneven, the per capita amount is"	others	high	medium
669	Living environment refers to the habitat of humans, including both ( ) and ( ).	fill_in_the_blank	natural factors; artificial factors	Urban and rural living environment	"(Analysis) This question primarily tests the knowledge related to the human living environment in the concept of the unity of heaven and humanity.  
(Commentary) This question mainly examines the knowledge of the human living environment in the concept of the unity of heaven and humanity. When answering this question, it is essential to closely connect it with the learned knowledge and conduct a careful analysis.

78. \ul{    } is the ""foundation"" for making maps and is the main mathematical element of maps."	others	high	medium
1899	Basic elements of modern tourism: \_\_\_, with \_\_\_ being the core.	fill_in_the_blank	Eat, stay, travel, tour, shop, entertain; tour	Basic Elements of Tourism###The significance of tourism for regional development	"[Analysis] This question focuses on testing students' understanding of the formation of tourism resources and their grasp of the basic elements of modern tourism resources, with the emphasis still placed on travel.

[Comment] Students should pay attention to mastering the basic knowledge and distinguishing the different characteristics of the six elements.

27. Manifestations of environmental issues: ____, ____, ____, global environmental change."	others	high	medium
858	Soil erosion, degradation due to overgrazing, land desertification, and soil quality decline are all manifestations of ( ) and ( ).	fill_in_the_blank	Grassland degradation; soil salinization	Desertification and Its Comprehensive Management###Rational use and protection of renewable resources	"[Analysis] Land degradation is mainly manifested in pasture degradation, desertification of land, and the decline of soil quality.

[Comment] This question primarily examines the manifestations of land degradation. It is relatively simple, requiring students to understand.

27. Freshwater shortages mainly exist in \_\_\_\_ and \_\_\_\_ globally. In China, the Yellow River, \_\_\_\_, and \_\_\_\_ basins are the regions where water resources are most scarce."	others	high	medium
859	China's tourism resources are very abundant. According to predictions by the World Tourism Organization, by 2020, China will become the world's ( ) tourist destination and the ( ) largest source of outbound tourists.	fill_in_the_blank	largest; fourth	China's transportation, commerce, and tourism industries	"Analysis: Currently, China has become one of the most attractive tourist destinations for international travelers. According to predictions by the World Tourism Organization, by 2020, China will become the world's largest tourist destination country. With economic development, there are more travelers, and by 2020, China is expected to become the world’s fourth-largest source of outbound tourists.

Commentary: Tourism resources refer to attractions and locations with tourism development value. These mainly include cultural and historical sites, buildings, inscriptions, and revolutionary relics as humanistic tourism resources, as well as natural resources such as mountains, bodies of water, and trees. China has become one of the most attractive tourist destinations for international travelers."	others	high	medium
861	Tourism planning is the reasonable development of the tourism industry through \ul{　 　} and \ul{　 　} to meet various needs of tourists such as food, accommodation, transportation, sightseeing, shopping, and entertainment.	fill_in_the_blank	Tourism resource development; attraction construction	Tourism Planning	"Analysis: The main content of tourism planning includes two aspects. First, it involves the development of tourism resources based on the current state of resources. Second, it involves the construction of tourist attractions, including infrastructure, service facilities, and more. The ultimate goal is to meet the diverse needs of tourists, such as food, accommodation, transportation, sightseeing, shopping, and entertainment.

Comment: Tourism planning relies on the tourism resources and internal and external conditions of the planning area to optimize the configuration of tourism industry elements and scientifically plan for the future development of the tourism industry.

42. \ul{　 　} is an important component of GIS and is the soul and essence of the GIS system."	others	high	medium
1900	"According to the characteristics of the geographical features in the table, fill in the corresponding geographical feature names:

Characteristics of Geographical Features | Geographical Feature Names
------------------------------------------|----------------------------
The activity cycle of the sun is approximately| ( )
The main and direct heat source of the near-surface atmosphere| ( )
Weather system causing ""Meiyu"" in early summer in the middle and lower reaches of the Yangtze River| ( )
Strong cold air activity on a large scale during the winter half-year| ( )
Depositional landform formed by sediment carried by rivers at river mouths| ( )
The main way of shaping the earth's surface under internal forces| ( )
Significant displacement occurs along the fracture surface of rock masses forming| ( )
Fold has two basic forms| ( ) and ( )"	fill_in_the_blank	11 years; ground; (Jianghuai) quasi-stationary front; cold wave; delta; crustal movement; fault; anticline; syncline	The impact of solar activity on Earth###The process of atmospheric heating###Fluvial geomorphology###Quasistationary front###Fold	"[Analysis] According to relevant textbook knowledge, the solar activity cycle is approximately 11 years; the primary and direct heat source for the near-surface atmosphere is long-wave radiation from the Earth's surface; the weather system forming the ""Meiyu"" in the early summer of the Yangtze River middle and lower reaches is the Jianghuai quasi-stationary front; a cold wave refers to the large-scale intrusion of cold air from the polar or frigid zones like a tide into middle and low latitudes during the winter half-year, causing a sharp drop in temperature, often accompanied by strong winds and rain or snow, significantly impacting industrial and agricultural production, public life, and human health. Silt and other impurities carried by rivers, when encountering low salinity freshwater at estuaries, flocculate and accumulate, gradually forming new wetlands at the river mouth edges, eventually creating a delta plain; in endogenous processes, the primary method for shaping the Earth's surface is crustal movement; rock"	others	high	medium
2458	The value of tourism resources includes: ______, ______, ______, and ______;	fill_in_the_blank	Historical and cultural value; economic value; aesthetic value; scientific value	Evaluation of Conditions for Tourism Resource Development	"[Analysis] [Review] The value of tourism resources includes historical and cultural value, economic value, aesthetic value, and scientific value. [Comment] Evaluation of conditions for tourism resource development:

1. Tourist value: resource quality, regional combination, clustering
2. Transport accessibility
3. Market distance
4. Regional reception capacity
5. Environmental carrying capacity"	others	high	easy
