index	question	category	answer	knowledge	analysis	year	grade_level	difficulty_level
514	"The different location choices of Anshan Iron and Steel and Baosteel illustrate that:

A. The influence of raw material locations on factory locations is gradually strengthening.

B. The influence of raw material locations on factory locations is gradually weakening.

C. The influence of the market on factory locations is gradually strengthening.

D. The influence of the market on factory locations is gradually weakening."	multiple_answer_choice	B, C	Factors of Industrial Location and Their Changes	"(Explanation) (Analysis) Anshan Iron & Steel developed relying on the local abundant coal and iron resources, while Baoshan Iron & Steel developed by leveraging the convenient local transportation. This indicates that the influence of raw materials on industrial location selection has weakened, while the market's role has strengthened, making options BC correct. Thus, the answer is: BC. 

(Commentary) This primarily examines the main factors of industrial location. These factors vary across different industrial sectors and periods of industrial development, and even the same factor can change. As technology and productivity levels improve, the overall market influence on industrial layout is continuously strengthening."	others	high	medium
380	"The formation of the following natural resources is accompanied by natural disasters (     )

A. Earthquake-prone areas are often rich in geothermal resources

B. The low temperatures from cold waves can kill some overwintering pests

C. Planting trees and grass on the edges of suitable desert areas

D. Volcanic eruptions can create fertile soil resources"	multiple_answer_choice	A, D	Main Types and Characteristics of Natural Disasters	"[Analysis] In regions prone to earthquakes, the earth's crust is active, and geothermal resources are abundant, so A is correct. The question emphasizes the correlation between ""the formation of natural resources"" and natural disasters, not just the beneficial aspects of natural disasters. Option B is incorrect. Afforestation is a result of human activities, so C is wrong. Volcanic eruptions can create fertile soil resources, so D is correct. Therefore, choose AD."	others	high	medium
864	"The positive impacts of the West-East Gas Pipeline on China are ( )

A. Improving the energy consumption structure B. Eliminating atmospheric environmental pollution

C. Promoting the utilization of economic and technological advantages D. Eliminating the urban heat island effect"	multiple_answer_choice	A,C	Cross-regional allocation of resources in our country	"(Analysis) The West-to-East Gas Pipeline Project can increase the proportion of natural gas in the energy consumption mix and improve the energy consumption structure, which is correct for point A. It can alleviate atmospheric environmental pollution but cannot eliminate it, making point B incorrect. It can promote the advantages of economic technology, which is correct for point C. The urban heat island effect is not solely caused by the energy consumption structure, and increasing the use of natural gas cannot eliminate the urban heat island effect, making point D incorrect. Thus, the correct choices are A and C.

Therefore, the answer is: AC.

(Review) It alleviates the energy shortage in the eastern region, optimizes the energy consumption structure, and promotes economic development in the east; at the same time, it utilizes the economic and technological advantages of the east to promote coordinated development between the eastern and western regions."	others	high	medium
2124	"The reasons for the formation of the South Asian monsoon climate are (   )

A. Differences in thermal properties between land and sea
B. Differences in latitude
C. Seasonal movement of pressure belts and wind belts
D. Influence of higher elevation in the north and lower in the south"	multiple_answer_choice	A, C	Seasonal movement of pressure belts and wind belts###The impact of land and sea distribution on pressure belts and wind belts.###Monsoon circulation	(Explanation) [Analysis] South Asia is located in the southern part of the Eurasian continent. In summer, due to the northward movement of the sun's direct point, the southeast trade winds from the Southern Hemisphere cross the equator and, influenced by the Coriolis force in the Northern Hemisphere, form the southwest monsoon. This is the seasonal shift of pressure belts and wind belts. In winter, South Asia is located south of the Asian high pressure, and the wind blows from land to ocean, formed due to the thermal properties difference between land and sea, with the prevailing northeast monsoon. Choosing AC is correct.	others	high	medium
1606	"""Urban returnees"" refer to individuals who return from the city to the countryside to start businesses. On December 1, 2016, the State Council issued the ""Opinions on Supporting the Entrepreneurship and Innovation of Returnees to the Countryside to Promote the Integration and Development of Rural Primary, Secondary, and Tertiary Industries."" This has significant importance in encouraging ""urban returnees"" to engage in ""mass entrepreneurship and innovation,"" adding new vitality to rural economic development. Therefore, the appearance of ""urban returnees"" is beneficial for:

A. Improving the environmental carrying capacity of cities  
B. Promoting coordinated economic development between urban and rural areas  

C. Mitigating the problem of population aging  
D. Fully utilizing the productive potential of rural areas"	multiple_answer_choice	B, D	The impact of population migration	"The analysis reveals that ""urban returnees"" have added new vitality to rural economic development, thus promoting coordinated urban-rural economic growth. ""Urban returnees"" increase rural labor force and fully utilize rural production potential, so BD is correct. The return of ""urban returnees"" to rural areas does not affect urban environmental carrying capacity, so A is incorrect. The return of labor can alleviate the issue of population aging in rural areas but does not affect the aging population of the entire country, so C is incorrect. Therefore, the correct answers are BD.

Review: The impact of population migration on the areas of emigration and immigration."	others	high	medium
333	"The reason for the population capacity of the northwest region of our country being much smaller than that of the southeast region is ( ).

A. Arid climate in the northwest region B. Inconvenient transportation in the northwest region

C. Long history of the northwest region D. Resource scarcity in the northwest region"	multiple_answer_choice	A, B	Regional Resource and Environmental Carrying Capacity	[Analysis] This question examines the environmental population capacity of our country. Option C states that the development of the southeastern region is more long-standing than the northwestern region; incorrect. Option D states that the northwestern region is resource-rich while the southeastern region lacks resources; incorrect.	others	high	medium
464	"Compared with developed countries, the characteristics of urbanization in developing countries include ( )

A. High level of urbanization B. Currently low total urban population

C. Early start of urbanization D. Currently fast urbanization speed"	multiple_answer_choice	A,D	Urbanization in developed countries###Urbanization in developing countries	[Analysis] In comparison to developed countries, developing countries started urbanization later and have a lower level of urbanization. Currently, their urbanization is progressing rapidly, so AD is correct. Due to their large populations, developing countries currently have a large total urban population.	others	high	medium
1253	"The main natural causes of flood disasters in the middle and lower reaches of the Yangtze River Plain in China are ( )

A. Complex and uneven terrain B. Fertile and loose soil quality

C. Uneven distribution of precipitation over time and space D. River and lake siltation leading to poor drainage"	multiple_answer_choice	C, D	Flood disaster	"[Analysis] Examining the causes of flooding disasters.  
A, B: Complex and rugged terrain, loose soil leading to soil erosion, and high sediment content in rivers are not the main causes of flooding disasters, so A and B do not meet the criteria.  
C: The main natural causes for frequent flooding disasters in the middle and lower Yangtze River Plain include uneven spatial and temporal distribution of precipitation, concentration of rainfall in summer, and frequent heavy rain, which aligns with the criteria.  
D: Frequent flooding disasters occur due to sediment deposition in riverbeds and siltation in rivers and lakes causing poor drainage, thus D fits the criteria.  
Therefore, the answer is CD.  
[Commentary] Causes of flooding disasters can be analyzed as ""more incoming water, less outgoing water.""  
""More incoming water"": High precipitation, large river catchment areas, and ice jams.  
""Less outgoing water"": Flat terrain causing poor drainage; weak evaporation; extensive permafrost"	others	high	medium
168	"The following human activities may be related to global warming (   ):

A. Large-scale burning of coal  
B. Large-scale land reclamation in lakes  
C. Large-scale deforestation  
D. Large-scale extraction of groundwater"	multiple_answer_choice	A, C	Global Climate Change: Impacts and Countermeasures	[Analysis] The reasons for global warming: on one hand, there is a high release of greenhouse gases like carbon dioxide; on the other hand, there is a reduced capacity to absorb carbon dioxide. This leads to an increase in the concentration of carbon dioxide in the environment. Therefore, items A and C are correct.	others	high	medium
863	"When Earth is at the aphelion of its orbit, at this time:

A. Earth's orbital speed is relatively fast B. Earth's orbital speed is relatively slow

C. It is early January each year D. It is early July each year"	multiple_answer_choice	B, D	The Earth's Revolution and Its Characteristics	(Analysis) The Earth orbits the sun, and around early July each year, it is near the aphelion, moving relatively slowly. In early January each year, it approaches the perihelion, moving faster. Therefore, options B and D are chosen.	others	high	medium
1599	"Since the 1960s, the Ruhr area has undertaken targeted comprehensive restructuring. The following measure pertains to adjusting the economic structure: ( )

A. Developing financial services and industrial tourism  
B. Reducing the number of coal and steel enterprises

C. Strictly controlling the discharge of wastewater and exhaust gas  
D. Planting trees and grass, expanding the green space within the area"	multiple_answer_choice	A, B	Traditional industrial area###The Rise, Fall, and Rehabilitation of the Ruhr Area	(Analysis) Developing financial services and industrial tourism, reducing the number of coal and steel enterprises, fall under economic restructuring. Strictly controlling wastewater and exhaust emissions belongs to environmental management, while planting trees and grass, expanding green areas within the region, belong to beautifying the environment. Therefore, the answer is: AB. (Review) Management measures: optimizing the industrial structure, adjusting industrial layout, developing transportation technology, energy conservation and emission reduction, eliminating pollution, and beautifying the environment.	others	high	medium
1001	"Compared to rivers south of the Qinling Mountains and Huai River, the notable characteristics of northern rivers include (    )

A. Higher sediment content B. Greater water volume C. Longer flood season D. Longer freezing period"	multiple_answer_choice	A, D	Rivers and Lakes of China	"[Analysis] Compared to the south, the area north of the Qinling Mountains and Huai River experiences less precipitation, concentrated rainy seasons, lower winter temperatures, and lower vegetation coverage. Therefore, rivers in this region have smaller water volumes, shorter flood periods, higher sediment content, and longer freezing periods. 

Key roles of the Qinling Mountains and Huai River as a dividing line: 
1. Division between the subtropical and warm temperate zones: The 0-degree Celsius isotherm in January passes through the Qinling-Huai River area. North of this line, the average January temperature is below 0°C, classifying it as a warm temperate zone. South of this line, the average January temperature is above 0°C, classifying it as a subtropical zone. 
2. Boundary between humid and semi-humid regions, based on precipitation differences. 
3. Distinctive differences in river characteristics, based on whether rivers have freezing periods, flood"	others	high	medium
1496	"The banks of some major rivers in the world are often filled with cities of various sizes. The main reason for this is that the riverbanks (   ).

A. have abundant rainfall B. have sufficient water supply C. have a mild climate D. offer convenient water transportation"	multiple_answer_choice	B,D	The Impact of River Landforms on Settlement Distribution	"(Analysis) Some of the world's major rivers are frequently lined with cities of various sizes. The main reasons for this are the convenient water transportation and ample water sources along the riverbanks.

Thus, the answer is: BD. 

(Commentary) The functions of rivers in providing water and transportation were more prominent in ancient times, and the establishment of cities along rivers is a general pattern of city distribution in southern China. Typical locations of cities along rivers include: ① the starting or ending point of river transport, such as Ganzhou in Jiangxi; ② confluence points of rivers, such as Yibin, Wuhan, and Chongqing, which are respectively located at the confluences of the Min River, Jialing River, and Han River with the Yangtze River; ③ river mouths, such as Shanghai and Guangzhou.

139."	others	high	medium
1648	"Currently, the continents with the highest and lowest natural population growth rates in the world are (     )

A. Africa B. Europe C. Latin America D. North America"	multiple_answer_choice	A, B	Inhabitants and Settlements of the World	(Analysis) This question examines global population growth. Currently, the continent with the highest natural population growth rate is Africa; the lowest is Europe (which consists of developed countries, and some nations exhibit zero or negative growth). Therefore, the answer is: AB. (Commentary) This question examines global population growth. It is simple and requires memorization.	others	high	easy
167	"""Blue tears"" are caused by the mass reproduction of bioluminescent algae and other organisms like sea sparkles. After a large number of bioluminescent algae die, in the water (　　)

A. Dissolved oxygen decreases B. Microorganisms decrease C. Nutrient levels increase D. Carbon fixation levels increase"	multiple_answer_choice	A, C	Marine Environment Issues and Protection	"[Analysis][Explanation] ""Blue tears"" is a poetic description of the bioluminescence phenomenon in the ocean. According to the information provided, ""blue tears"" are caused by the massive reproduction of marine plankton such as Noctiluca and sea sparkle algae. After a large die-off of Noctiluca, they are oxidized and decomposed by microorganisms, consuming a large amount of dissolved oxygen in the process, leading to a decrease in dissolved oxygen in the water, thus A is correct. After the death of a large number of Noctiluca, a substantial amount of nutrients is released, providing a material basis for the reproduction of microorganisms (such as bacteria and viruses), causing a massive increase in microorganisms in the water, so B is incorrect. The death of numerous Noctiluca produces organic matter that serves as nutrients for microorganisms, which decompose it into water, inorganic salts, and carbon dioxide, leading to increased nutrients in the water and a decrease in carbon"	others	high	medium
466	"The phenomenon of saltwater intrusion often occurs in certain river sections of the Pearl River estuary, mainly caused by:

A. Seawater backflow  
B. Decrease in upstream water flow  
C. Saline water discharge from factories  
D. Increased evaporation at the estuary"	multiple_answer_choice	A, B	Water Pollution and Its Causes	"[Analysis] Examining the ecological environment pollution issue.

During the winter and spring seasons, the Pearl River estuary experiences low water levels due to scarcity of rainfall and high upstream water usage. This results in seawater backflow, forming a saline tide. Therefore, options A and B align with the question's intent, while C and D do not.

The answer is AB.

[Commentary] When the freshwater river flow is insufficient, it allows seawater to flow back, mixing saltwater with freshwater, which makes the upstream river water saline, thus forming a saline tide. This usually occurs in winter or during dry seasons, appearing at river-sea intersections, such as the Yangtze River Delta and the Pearl River Delta. Major factors affecting saline tides include weather changes and tidal movements.

Differentiating between seawater backflow and seawater intrusion:

Seawater backflow refers to seawater reaching land via the surface.

Seawater intrusion refers to seawater reaching land via underground."	others	high	medium
335	"Regarding the transfer of global industries, the correct statements are (     )

A. The biggest beneficiaries are developed countries

B. It promotes economic development in developing countries

C. This industrial transfer mainly involves moving from developing countries to developed countries

D. It aggravates poverty and environmental deterioration in developing countries"	multiple_answer_choice	A, B	General Patterns of Industrial Relocation	"(Analysis) World industrial transfer mainly shifts from developed countries to developing countries, promoting reduced production costs and industrial structure adjustment in developed countries. With the transfer of industries, the economies of developing countries develop. Therefore, the answer is AB.

Therefore, the answer is: AB.

(Commentary) Examines the impact of industrial transfer on regional geographical environments."	others	high	medium
1414	"The correct statements are (multiple choice):

A. The age of seafloor rocks is very young, generally not exceeding 200 million years.

B. The age of seafloor rocks is symmetrically distributed with the mid-ocean ridge as the axis, gradually aging from the mid-ocean ridge towards both sides."	multiple_answer_choice	A, B	The distribution of submarine topography###Formation of Seabed Topography	"(Analysis) A: According to the seafloor spreading theory, the age of seafloor rocks is generally no more than 200 million years; B: The age of seafloor rocks is symmetrically distributed with the mid-ocean ridge as the axis, and ages from new to old moving away from the ridge; C: Trenches are zones where oceanic crust disappears; D: Mid-ocean ridges are zones where oceanic crust grows, so options A and B are correct.
(Comment) This examines the formation of seafloor topography; seafloor spreading theory explains the reasons for the formation of seafloor topography."	others	high	hard
1909	"The following four regions are matched reasonably with their agricultural development directions (     )

A. Northeast Plain------Reclaiming marshlands B. Southeast Hills------Developing tea and fruit orchards

C. North China Plain------Developing rice cultivation D. Hengduan Mountains------Developing vertical agriculture"	multiple_answer_choice	B,D	The impact of landforms on agricultural production###Adaptation to local conditions and regional development	[Analysis] The Northeast Plain, especially the Sanjiang Plain, has many wetlands. However, wetlands have significant ecological effects, and during development, they have been largely destroyed. Therefore, it is not advisable to further develop wetlands in the Northeast Plain. Statement A is incorrect. The Southeast Hills run in a northeast-southwest direction, with many river valleys and basins between the hills and low mountains. Due to the predominance of red soil, it is suitable for developing economic forest agriculture. Statement B is correct. The North China Plain is in a temperate monsoon climate zone with relatively low rainfall, and local production and living water use make it a typical water-scarce region in China, unsuitable for rice cultivation. Statement C is incorrect. The terrain of the Hengduan Mountains is complex, with vertical climate zones ranging from tropical at the base to subalpine at higher elevations, displaying marked vertical stratification. Due to the significant vertical climate changes in the high mountain and canyon areas	others	high	medium
