index	question	category	answer	knowledge	analysis	year	grade_level	difficulty_level
469	At the stage of agricultural civilization, the quantity and quality of land became important factors affecting human survival and development.	true_false	True	The impact of natural resources on human activities###The interrelationship between humans and the environment	[Analysis] During the agricultural civilization stage, humans primarily relied on cultivated land to obtain means of subsistence. The quantity and quality of land became important factors influencing human survival and development.	others	high	medium
666	In our country, the region south of the Yangtze River is rich in water resources and does not have issues with water scarcity.	true_false	False	Rational utilization of water resources	(Analysis) The southern region of the Yangtze River in our country has abundant water resources, but some areas suffer from severe water pollution, leading to water scarcity due to poor quality. The statement in the question is incorrect, hence it is false. 74.	others	high	medium
1560	The world's population is mainly distributed in the middle and low latitudes of the Northern Hemisphere, with few people living near the poles.	true_false	True	Distribution of the world's population	"(Analysis) The world's population is primarily distributed in the mid to low latitudes of the Northern Hemisphere, where the climate is relatively suitable. The polar regions, due to their extremely harsh and cold environments, are sparsely populated.

Therefore, the answer is: Correct.
(Commentary) This mainly examines the distribution patterns of the world's population.

21."	others	high	medium
1453	The motion of the atmosphere is the primary driving force of ocean water movement.	true_false	True	The influence of ocean currents on the geographical environment	"(Analysis) Atmospheric movement is the main driving force of ocean water movement, primarily formed by directional winds.

Therefore, the answer is: Correct.

(Comment) This mainly tests the source of ocean current movement. Students need to understand the main reasons for the formation of ocean currents."	others	high	medium
820	The solar noon elevation decreases on both the north and south sides from the latitude where the sun directly shines.	true_false	True	Changes in solar noon altitude	"【Explanation】【Analysis】 The solar altitude at noon at the latitude where the sun is directly overhead is 90°, so the solar altitude at noon decreases from the latitude of direct sunlight towards both the north and south sides. The statement in the question is correct. Thus, the answer is: correct. 【Comment】 This question examines the spatial distribution of solar altitude at noon. The solar altitude at noon decreases from the latitude of direct sunlight towards both the north and south sides.

27. Counterclockwise ocean current systems are only distributed in the Southern Hemisphere."	others	high	medium
191	In a sustainable development complex system, ecological sustainability is the foundation, and economic sustainability is the goal.	true_false	True	The concept, connotation, principles, and approaches of sustainable development	[Analysis] In a sustainable development composite system, ecological sustainability is fundamental, economic sustainability is a condition, and social sustainability is the objective. Correct.	others	high	medium
193	The agglomeration of different industrial activities can not only save transportation costs but also share infrastructure, thereby reducing production costs.	true_false	True	Conditions for the Formation and Development Characteristics of Industrial Regions	Analysis: The significance of industrial clustering is that it can enhance information exchange and technological collaboration among enterprises, reduce transportation costs and energy consumption for intermediate products, thereby lowering production costs, and increasing production efficiency and profits to achieve economies of scale. It also allows for the shared use of infrastructure, saving on production and construction investment.	others	high	medium
350	Floods and droughts are the most common and widespread natural disasters in our country.	true_false	True	Flood disaster###Drought disaster###Cold wave disaster	"Analysis: China's climate is strongly continental with a significant monsoon influence. There is considerable seasonal and interannual variation in precipitation across the country, making droughts and floods common. These often occur as either dry and wet extremes at different times in the same region or simultaneously in different regions. For example, in the eastern monsoon area, a strong summer monsoon leads to flooding in the north and drought in the south, while a weak summer monsoon results in southern flooding and northern drought. Within a year, northern regions often experience spring droughts and summer floods, while the middle and lower reaches of the Yangtze River frequently face spring and summer floods and summer droughts. Hence, floods and droughts are the most common and widespread natural disasters in China. This statement is correct.

Commentary: Meteorological disasters affecting China include droughts and floods (spring droughts in North China, summer droughts in the Yangtze region), heavy rain, typhoons, cold waves, sand"	others	high	medium
1564	The most widespread land use in the city is for industrial purposes.	true_false	False	The spatial structure of the town	[Analysis] This question examines urban functional zoning. There are no clear boundaries between different functional zones. The most extensive land use in a city is residential areas. Commercial areas are often located in city centers, along major transportation routes, or at street intersections, typically appearing in a point or strip pattern. Industrial zones are generally located in areas with convenient transportation, but to reduce costs and protect the urban environment, urban industries are moving to suburban areas. Therefore, the statement in this question is incorrect.	others	high	medium
2092	Heavy rainfall and the loose loess soil are the main reasons for the severe soil erosion in the Loess Plateau.	true_false	False	Soil Erosion and Its Comprehensive Management	(Analysis) The main reason for severe soil erosion on the Loess Plateau is human-induced rather than natural causes. Therefore, the statement in the question is incorrect.	others	high	medium
1876	The urban architectural landscape and pattern often reflect the influence of regional culture on the city.	true_false	True	The Influence of Regional Culture on Urban and Rural Landscapes	(Analysis) Regional culture can influence the architectural landscape and pattern of a city.	others	high	medium
158	We can find angiosperm fossils in some coal seams.	true_false	False	Fossils and Strata	[Analysis] Based on the knowledge learned, it is known that the main coal-forming periods in geological history were during the Paleozoic and Mesozoic eras. During this time, angiosperms were mainly in the Cenozoic era, which is incorrect. Therefore, the answer is: incorrect. [Comment] This question mainly tests the knowledge related to fossils and strata. Earth's history transitioned from no life activity to simple cell organisms, then to invertebrates, vertebrates, reptiles, and finally to the emergence of humans. Plants evolved from ferns to gymnosperms and then to angiosperms, with angiosperms experiencing significant prosperity in the Cenozoic era. The Late Paleozoic and Mesozoic eras were important periods for coal formation.	others	high	medium
719	Earth is a special planet, mainly because of the presence of an atmosphere.	true_false	False	The Universality and Particularity of Earth	[Analysis] The Earth is a special planet, primarily because of the existence of life; it is currently the only known celestial body with life in the solar system. The meaning of the question is incorrect.	others	high	medium
1459	Diversification, speed, and networking of transportation make urban forms diverse.	true_false	True	Modes of Transportation and Their Characteristics	"[Analysis] The construction and development of transportation affects the configuration of a city. Therefore, when transportation becomes more diverse, fast, and networked, it results in the city's configuration becoming more diverse. Thus, it is correct.

[Comment] The difficulty of this question is moderate. The key to solving it is understanding that transportation lines can affect a city's configuration."	others	high	medium
1578	There are differences between regions, and there are no differences within a region.	true_false	False	Region and its types	"There are differences between regions, and there are also differences within a region; complete uniformity does not exist.

Therefore, the answer is: False.

(Commentary) This mainly examines the differences in regional characteristics; differences exist not only between regions but also within regions. Overall consistency is relative, but not absolutely identical, only relatively consistent.

8. The main reason for ""cold at high altitudes"" is that the atmosphere is thin at high altitudes, absorbing less solar radiation."	others	high	medium
190	Urbanization is the main driver of industrialization, and a series of environmental issues will inevitably arise during the development process.	true_false	False	Regional Industrialization and Urbanization	[Analysis] Industrialization is the main driving force of urbanization, and during the development process, environmental problems should be prevented. Therefore, the answer is: False. [Comment] Industrialization is the main driving force of urbanization development, and urbanization promotes the development of industrialization. Rational urbanization can improve the environment, guiding it towards a direction more conducive to human survival and development.	others	high	medium
206	The alternation of day and night, time differences, and the deflection of objects moving horizontally along the Earth's surface are geographical phenomena primarily caused by Earth's rotation.	true_false	True	Day and night alternate###Determination and Calculation of Local Time and Zone Time###Deflection of horizontal motion of surface objects	"[Analysis] According to the geographical significance of Earth's rotation, the alternation of day and night, different local times at different longitudes, and the time difference between various longitudes are significant. The deflection of objects moving horizontally along the Earth's surface – to the right in the Northern Hemisphere and to the left in the Southern Hemisphere – is also a geographical phenomenon mainly caused by Earth's rotation.

[Commentary] The geographical significance of Earth's rotation: Remember the characteristics of Earth's movement. Whether seen as rotating clockwise or counterclockwise depends on the observer's position, but in reality, the Earth rotates from west to east. The main geographical significances of Earth's rotation are the alternation of day and night, local time differences, and the impact of the Coriolis effect on horizontally moving objects."	others	high	medium
316	Regions with high-value agricultural types have very low population density.	true_false	False	Concept, Characteristics, and Classification of Agriculture###An agricultural region type primarily based on crop farming.	[Analysis] [Explanation] The commodity rate is not directly proportional to population density, as seen in regions with developed dairy industries such as Western Europe and the Great Lakes region of North America, where the population is dense. Therefore, the statement in this question is incorrect.	others	high	medium
1588	Inappropriate irrigation measures in the northwest region of our country may lead to secondary salinization of the soil.	true_false	True	The Emergence of Contemporary Environmental Issues and Their Characteristics	"(Analysis) Inappropriate irrigation measures in the northwest region of China cause groundwater to rise and surface salt to accumulate, which may lead to secondary soil salinization.

Thus, the answer is: Correct.

(Comment) This mainly examines the environmental issues caused by the unreasonable use of water resources in agricultural production in the northwest region of China."	others	high	medium
813	The level of urbanization in developed countries is generally higher than in developing countries.	true_false	False	Urbanization in developed countries###Urbanization in developing countries	"Analysis: This question examines the differences in urbanization levels between developed and developing countries. Characteristics of developed countries: early start, high urbanization level (over 70%), slow growth, and occurrence of counter-urbanization. Characteristics of developing countries: late start, rapid growth, low urbanization level (below 50%), and unreasonable urban development (abnormal growth in certain large cities). In some developing countries, the abnormal urban development can lead to urbanization levels surpassing those of developed countries, hence the statement in the question is incorrect.

Commentary: Developed countries began urbanizing early, have high urbanization levels (large proportion of urban population), slow development speed, and have entered the late mature stage of urbanization, often experiencing counter-urbanization, resulting in numerous satellite cities. Developing countries, on the other hand, started urbanizing late, have low urbanization levels (small proportion of urban population), rapid development speed, and are in the mid-stage of urbanization, often experiencing"	others	high	medium
348	In recent years, succulents have become popular due to their low water requirements, making them highly suitable as excellent sand-fixing plants for desertification control in the northwest regions of China.	true_false	False	The distribution of terrestrial natural zones in the world.###Desertification and Its Comprehensive Management	"(Analysis) In recent years, succulent plants have become popular because they do not require much water. Many are suitable for growing in deserts as drought-resistant plants. However, some succulents do not grow in deserts, such as the genus Echeveria, most of which grow in high-altitude areas. Some also grow in coastal deserts and may not be suitable as excellent sand-fixing plants for desertification control in China's northwest region. The statement is incorrect.

Therefore, the answer is: Incorrect.

(Review) This question examines measures for desertification control. Understanding the rules of biological regional distribution is key to answering this question. It tests knowledge comprehension and application skills. It is slightly difficult."	others	high	medium
1894	Assuming the obliquity of the ecliptic changes to 30°, the impact would be a reduced range of the sun's direct point oscillating north and south.	true_false	False	The obliquity of the ecliptic and its impact	"[Analysis] The latitude of the Tropic of Cancer and Capricorn is equal to the obliquity of the ecliptic. Therefore, if the obliquity of the ecliptic changes to 30°, the range of the sun's direct point movement increases. This statement is incorrect.

Therefore, the answer is: Incorrect.

[Commentary] This question examines the geographic significance of Earth's movements. Due to the obliquity of the ecliptic, the solar direct point undergoes a regressive movement, and the latitudinal range of this movement is equal to the size of the obliquity of the ecliptic. If the obliquity changes to 30°, the range of the sun's direct point movement increases.

21. The purpose of dividing regions is to understand the differences between them and to develop and utilize the regions according to local conditions."	others	high	medium
361	Compared to other types of agricultural regions, the economic income from mixed farming is relatively stable.	true_false	True	Mixed farming	"[Analysis] Compared to other types of agricultural regions, mixed farming combines crop cultivation and livestock husbandry, allowing for flexible production arrangements according to different market needs, resulting in relatively stable economic income. Hence, the answer is: correct.

[Commentary] Mixed farming forms a positive agricultural ecosystem: land within the farm alternates between planting wheat, grass, or lying fallow, fully maintaining the fertility of the wheat fields. Additionally, feed crops are grown to raise sheep, and sheep manure can be used as fertilizer for the wheat fields; farmers can effectively use their time to arrange agricultural activities: wheat cultivation and sheep farming activities alternate within a year. The busy seasons for wheat planting are in autumn and spring, while winter is the growing season for wheat, leading to a relatively relaxed farming period, whereas winter is the peak season for sheep farming activities. It offers better flexibility and market adaptability: farmers can decide whether to plant more wheat or raise more sheep based on market demand, thus providing great flexibility and"	others	high	medium
439	Great attention must be paid to regional ecological environment protection in the development and utilization of resources.	true_false	True	Ecological Civilization and Its Construction###Environmental management	"(Resource Analysis) The development and utilization of resources must not come at the expense of the ecological environment; therefore, great emphasis must be placed on regional ecological environmental protection.
(Review) This mainly examines the relationship between regional resource development and ecological environmental protection."	others	high	medium
472	Population aging can lead to a shortage of labor and an excessive burden on the young and middle-aged, among a series of social issues.	true_false	True	Judgment of the population's gender and age composition chart	"(Analysis) The phenomenon of population aging indicates a low birth rate, slow population growth, and a high proportion of elderly population. This can lead to excessive burdens on the working-age population, a severe labor shortage, a shortage of defense personnel, increased social support costs, and a slowdown in economic development. Therefore, this statement is correct.

(Commentary) Population aging refers firstly to the increase in the elderly population relative to the total population, and secondly to the aging status of the social population structure, leading to heavier social dependency ratios and labor shortages."	others	high	medium
481	From the hunter-gatherer civilization stage to the agricultural civilization stage and then to the industrial civilization stage, with the improvement of productivity and advancements in science and technology, the relationship between humans and the land has gradually moved towards harmony, and sustainable development has become a consensus among humanity.	true_false	False	The Historical Evolution of Human-Land Relationship Thought	"(Analysis) Since the emergence of humans, the relationship between humans and nature has existed. This relationship has continually evolved as humans' understanding and transformation of the natural world have deepened. Particularly in modern times, when the environment that humans depend on for survival and development poses a threat to that survival and development, the relationship between humans and nature has become a pressing issue of widespread concern.

Therefore, the answer is: incorrect.
(Comment) This primarily examines the changes in human-environment relations across different development periods within a region."	others	high	medium
486	The Qinling-Huai River line roughly coincides with the 0-degree isotherm of January temperature and the 800-millimeter precipitation line in China, becoming an important dividing line between the northern and southern regions within the eastern monsoon area.	true_false	True	Southern regions of China###Northern regions of China	The boundary line between the northern and southern regions in the eastern monsoon area of China is the Qinling Mountains-Huai River. This is because this line roughly coincides with the January 0-degree Celsius isotherm and the 800-millimeter precipitation isohyet in China.	others	high	medium
493	The higher the city level, the more comprehensive the functions and the larger the service area.	true_false	True	City classification###Central Place Theory	"[Analysis] This question examines the urban system. The relationship between city hierarchy, number of cities, and service area is: the higher the city level, the fewer there are, the more types of services they provide, and the larger the service area. Therefore, this statement is correct. 

[Review] This question is low difficulty; as long as students grasp the basic content of central place theory and can judge the relationship between the central place's level, service area, and types of services, they can solve it."	others	high	medium
648	Digital Earth refers to the digitization of the Earth, a technological system that manages all Earth's information digitally through computer networks.	true_false	True	Digital Earth	"(Explanation) Digital Earth is a virtual earth system based on earth coordinates, featuring massive multi-resolution data and multi-dimensional displays. Digital Earth refers to a digitized version of the earth, a technological system where all information about the earth is digitized and managed through computer networks.

(Comment) The role of Digital Earth.

54."	others	high	medium
810	Population density is determined by natural factors, while population distribution is determined by socio-economic factors.	true_false	False	Factors Influencing Population Distribution	"[Analysis] In contemporary society, population density and distribution are primarily determined by socio-economic factors, making the statement incorrect.

Therefore, the answer is: Incorrect.

[Commentary] The main factors influencing population distribution are socio-economic, while natural factors are secondary.

16. The differences between regions are absolute, while their overall coherence is relative."	others	high	medium
664	Only on the days of the spring equinox and autumn equinox are the areas of the daylight and nighttime hemispheres equal. ( )	true_false	False	Interpretation of the Equinoxes and Solstices in Earth's Orbit Diagram	"[Analysis] On the equinoxes, day and night are of equal length worldwide, but the equinoxes are not the only times when the illuminated and dark halves of the Earth are equal in area. Since the Earth neither emits light nor is transparent, the Sun can only illuminate one half of it. Therefore, demarcated by the terminator line, at any given moment, the illuminated and dark hemispheres of the Earth have equal areas. 

Conclusion: Incorrect

[Comment] The Earth neither emits light nor is transparent. Sunlight can only illuminate half of the Earth's surface, and the boundary between the illuminated and dark hemispheres is called the terminator. During the vernal and autumnal equinoxes, day and night are of equal length globally."	others	high	medium
1590	The phenomenon of industrial transfer reflects the characteristic of regional openness.	true_false	True	Characteristics of the region	"(Analysis) Openness refers to the certain connections between natural elements in different regions, as well as between natural elements and socio-economic elements. Industrial transfer is a form of regional connection. Therefore, the statement is correct.

(Commentary) Regional characteristics include integrity, variability, openness, stratification, and variability. Integrity refers to the interactions and influences between geographical elements within a region, forming a unified whole. Variability indicates that differences are ubiquitous between regions and also exist within a region. Openness refers to the certain connections between natural elements in different regions, as well as between natural elements and socio-economic elements. Industrial transfer is a form of regional connection. Stratification refers to the hierarchical nature of regions. Variability first refers to the ambiguity of regional boundaries. Secondly, the same surface space can yield different regional schemes based on the research purpose, perspective, and indicators. Finally, changes over time in the division of natural regions can also result in the shifting of geographical boundaries."	others	high	medium
2443	The internet has improved communication efficiency and significantly reduced the cost of user information exchange.	true_false	True	The importance and main methods of regional connections in production activities.	"(Analysis) The internet has improved the efficiency of communication and greatly reduced the cost of user information exchange. The statement in the question is correct.

Therefore, the answer is: Correct.

(Comment) The main ways of regional contacts in human activities include transportation, commercial activities, and postal communications. The internet is just the flow of information, enabling instant calls and reading, which enhances the efficiency of people's interactions and exchanges."	others	high	easy
1544	Generally speaking, transportation methods in mountainous areas are relatively limited, and the density of commercial outlets is relatively low.	true_false	True	The impact of landforms on transportation	"(Analysis) In mountainous areas, due to terrain changes affecting the landscape, the investment in infrastructure construction is significant. As a result, the modes of transportation are relatively limited, there are fewer transportation routes, and the density of commercial outlets is also relatively low.

Therefore, the answer is: Correct.

(Commentary) This mainly examines the impact of terrain on the layout of commercial outlets and transportation."	others	high	medium
1552	In mountainous areas, people typically prioritize building lower-cost, less challenging railways first, followed by roads.	true_false	False	The impact of mountains on transportation	"(Analysis) In mountainous areas, people typically prioritize building roads, which have lower costs and are less challenging, while railway construction is more difficult and costly. Therefore, roads are built first, followed by railways. This statement is incorrect.
(Commentary) Examining the impact of terrain on transportation."	others	high	medium
1831	The distribution of renewable resources is uneven, while the distribution of non-renewable resources is even.	true_false	False	Rational development and utilization of non-renewable resources###Rational use and protection of renewable resources	The distribution of renewable and non-renewable resources is uneven, and this uneven distribution is a common characteristic of natural resources.	others	high	easy
1890	Nanjing has only one opportunity for direct sunlight each year.	true_false	False	Five-zone division	"(Analysis) The point of direct sunlight is only between the Tropics of Cancer and Capricorn. Nanjing's latitude is higher than the Tropic of Cancer, so there is no direct sunlight phenomenon.

Therefore, the answer is: Incorrect.

(Commentary) This question examines the geographical significance of Earth's movement and aims to test students' ability to apply related knowledge."	others	high	medium
2450	A tsunami is a natural disaster, and its level of harm is unrelated to human activities.	true_false	False	Marine Disasters and Prevention	(Analysis) A tsunami is a natural disaster, but its severity is related to human activities; unreasonable human activities can increase its frequency and intensity. The statement in this question is incorrect. Thus, the answer is: incorrect. (Comment) This question examines the human-nature relationship. Reasonable economic activities by humans can harmonize this relationship, while unreasonable economic activities can increase the frequency and intensity of natural disasters.	others	high	easy
