index	question	category	A	B	C	D	answer	knowledge	analysis	year	grade_level	difficulty_level	image
1962	"One Earth is a whole, and a natural zone is also a whole. The integrity of the natural geographical environment is the result of the interconnection and interaction of various natural elements. Based on this, complete the following question.

Which of the following statements about the integrity of the natural geographical environment is incorrect? ( )"	single_answer_choice	Production function	Balance function	A coordinated unified process of change for each geographical element	The overall function is less than the sum of the functions of each natural geographical element on its own	D	The integrity of the natural environment	nan	others	high	medium	nan
829	"On July 26, 2024, at 19:30 local time, the Paris Olympics opening ceremony was held on the Seine River in Paris. China Central Television Sports Channel broadcasted the opening ceremony live at 1:30 Beijing time on July 27. The Paris Olympics will end on August 11. Complete the small question below.

88. When China Central Television Sports Channel started live broadcasting the Paris Olympics opening ceremony (   )"	single_answer_choice	Vienna (48°13'N, 16°22'E) local time was 19:30 on the 26th	Adelaide (34°52'S, 138°30'E) local time was 2:30 on the 26th	Lima (12°06'S, 76°55'W) local time was 12:30 on the 26th	Vancouver (49°13'N, 123°06'W) local time was 9:30 on the	C	The Earth's Revolution and Its Characteristics###Determination and Calculation of Local Time and Zone Time	nan	others	high	medium	nan
220	"All across the Horn of Africa, people are starving. Conflicts, high food prices, and droughts have plunged over 11 million people into extreme poverty. For months, the United Nations has been sounding the alarm. We did not want to use the word 'famine' initially, but we have acknowledged this rapidly worsening reality. Parts of Somalia are indeed experiencing famine, and it is spreading."" This is the opening paragraph of ""Somalia's Famine,"" written by then-UN Secretary-General Ban Ki-moon in the Los Angeles Times. Somalia's economy is dominated by livestock, making it one of the countries with the highest number of livestock per capita in the world. Based on this, complete the following question.

56. The stage of regional development in Somalia is (     )"	single_answer_choice	The primary stage with a focus on traditional agriculture	The growth stage dominated by industrialization	The transformation stage focused on structural optimization and overall enhancement	The stage of efficient comprehensive	A	Stage of regional development	nan	others	high	easy	nan
644	"According to the report on October 20, 2023, the sun experienced three X-class solar flares accompanied by coronal mass ejections (CME) of high-energy charged particles in the last four days. Experts indicate that the particle streams from these ejections will reach Earth and cause significant impacts. Complete the following question.

24. Which of the following descriptions is correct?"	single_answer_choice	X-class solar flares occur in the photosphere.	During the X-class flare explosion, CME is also particularly intense.	CME occurs in the solar chromosphere.	The temperature of the CME occurrence area is lower than that of the X-class flare occurrence area.	B	The impact of solar activity on Earth###The layered structure of the Sun	nan	others	high	medium	nan
2226	"The Perseids meteor shower is one of the three major meteor showers in the Northern Hemisphere, with the peak date in 2023 occurring on August 13 (the 27th day of the sixth month of the lunar calendar) from 15:00 to 22:00. Complete the following small task.

101. The Perseids meteor shower (   )"	single_answer_choice	Has a shorter tail when near the sun	The meteoroids most likely originate from comet debris within the solar system	The parent body is composed of hard rock	The meteoroids originate from asteroids between Mars and Jupiter	B	Celestial bodies and celestial systems###Lunar Phases and Tidal Changes	nan	others	high	medium	nan
297	Regarding the statements about the Indus River, which is correct:	single_answer_choice	Originates in northern India, flows through central India, and empties into the Bay of Bengal	Originates in Pakistan, flows through India and Bangladesh, and empties into the Bay of Bengal	Originates in China, flows through Kashmir and Pakistan, and empties into the Arabian Sea	Originates in China, flows through Kashmir and India, and empties into the Arabian Sea	C	South Asia	(Analysis) Based on regional understanding, we know that the Indus River originates in China, mainly flows through Kashmir and Pakistan, and empties into the Arabian Sea. Thus, C is correct. Therefore, the answer is: C. (Commentary) The Indus River is Pakistan's main river and an important agricultural irrigation source. Before the partition of India and Pakistan in 1947, the Indus River was second only to the Ganges and was the cultural and commercial center of the region. The river's total length is 2,900 to 3,200 kilometers. The Indus River civilization was one of the earliest major civilizations to enter agricultural society and settled society in the world.	others	high	easy	nan
1991	The correct statement is (    )	single_answer_choice	"""Experiencing Mount Huangshan, there is no other mountain"" indicates that Mount Huangshan is a tourism resource that organically combines natural and cultural landscapes."	"""Confucius ascended Mount Tai and deemed everything else small"" indicates that Mount Tai is purely a cultural tourism resource."	"""He who has never been to the Great Wall is not a true hero"" indicates that the Great Wall is a cultural tourism resource of religious significance embodying people's beliefs."	"""The solitary smoke on the desert straight, the sun setting over a long river round"" indicates that tourism resources can reflect a place's historical culture."	A	Aesthetic Characteristics of Tourist Landscapes###Methods of Appreciating Tourist Attractions	"(Analysis) Option A: Huangshan has its unique geological and meteorological landscapes, as well as a profound cultural heritage, making it a typical combination of natural and cultural tourism resources. Therefore, option A is correct.  
Option B: Mount Tai is a world natural and cultural heritage, a combination of natural and cultural tourism resources, so option B is incorrect.  
Option C: The Great Wall is an ancient site of historical and cultural significance, not a religious building, so option C is incorrect.  
Option D: The phrase ""In the vast desert, a lone smoke straight, the long river sunset round"" reflects that tourism resources have aesthetic qualities, so option D is incorrect.  
In summary, the correct answer to this question is A.  
(Comment) Students should pay attention to understanding and accumulating knowledge about the famous mountains of China."	others	high	hard	nan
2021	The problems in the utilization of tidal flat resources in our country are (     )	single_answer_choice	Some reclaimed farmland lacks freshwater for irrigation, leading to salinization.	The creation of salt fields has been very successful, completely avoiding seawater intrusion.	There is basically no hindrance to flood prevention and flood retention.	There are basically no instances of improper use.	A	Development and utilization of marine space###Development and utilization of coastal zones###The relationship between the ocean and humanity	"[Analysis] The main issues in the utilization of mudflats are: A. Reclamation of farmland lacks freshwater irrigation leading to salinization; B. Creation of salt fields induces seawater intrusion, causing large areas of farmland to become barren; C. Severe blockage of estuaries obstructs flood prevention and retention, resulting in widespread flooding, etc. Therefore, choose A. 

[Comment] This examines the current status and existing issues of mudflat resource utilization in China; in coastal areas, the reclamation of farmland faces serious land salinization due to excessive flooding."	others	high	hard	nan
