index	question	category	answer	knowledge	analysis	year	grade_level	difficulty_level
3920	"Generate 10 unique random integers, store them in array a, and sort them in ascending order. The VB program implementing the algorithm is as follows.
Dim a(1 To 10) As Integer, f(1 To 20) As Boolean
' Set the initial value of each element of the f array to False, code omitted
For i = 1 To 10
t = Int(Rnd() * 20 + 1)
If Not f(t) Then
a(i) = t: \ul{⑴}
For j = i To 2 Step -1
If \ul{⑵} Then
tmp = a(j): a(j) = a(j - 1): a(j - 1) = tmp
End If
Next j
Else
\ul{⑶}
End If
Next i
The program code to fill in the three underlined sections above is (　　)
A．⑴f(t) = True"	true_false	False	Control structure of algorithms###Sorting algorithms and program implementation	"Solution: (1) To ensure the generated data is not duplicated, use an array `f` to mark whether a number has appeared. The array `f` is initially set to false. If a number `t` appears, mark `f(t) = true`;  
(2) According to the requirements, the sequence needs to be in ascending order, meaning each subsequent element should be larger than the previous one. If not, a swap is performed using the statement `a(j) < a(j-1)`;  
(3) If `f(t) = true`, it indicates the integer has already appeared and must be regenerated, hence using `i = i - 1`. You cannot use `t = int(rnd() * 20 + 1)` because changes in `i` will affect changes in `j`.  
Therefore, option A is the correct answer.  
Analysis: This question tests the application of arrays, loop structures, and sorting algorithms."	2019	high	medium
3044	The binary representation of the decimal number (-125)₁₀ is \ul{　 　}. Its one's complement is \ul{　 　}, and its two's complement is \ul{　 　}.	true_false	False	Base and Number System Conversion###Original code, one's complement, and two's complement	nan	2023	high	medium
3533	"The related software from the options below that is primarily used for spreadsheet data processing are (     )
C. Excel, SPSS software"	true_false	False	System software, application software, and their functions.###Data processing and statistical analysis tools	"[Answer] Notepad, recorder, PowerPoint, and Word are not data processing software. Therefore, the answer is C.  
[Analysis] This question tests the understanding of data processing software."	others	high	medium
369	"The correct statements about multimedia technology and applications are as follows:  
A. Multimedia technology is an organic combination of various media forms, such as a billboard with mixed graphics and text.  
C. In an image, the surface physical characteristics of regular objects and a regular background are correlated, which pertains to spatial redundancy.  
D. The more complex the content of an uncompressed bitmap image, the larger its storage capacity."	true_false	False	The concept and characteristics of multimedia technology###Multimedia Data Compression Technology###Concepts of Graphics and Images, Bitmaps and Vector Graphics	nan	2020	high	medium
5453	"Use enumeration to fill in the same digits in the two □ to make the expression ``□3×6528＝3□×8256'' hold true. 

for i in range(1):
    if :
        print(i, ``3×6528＝3'', i, ``×8256'', sep='')

The correct choice is (    ):  
A．(i*10＋3)*6528 == (30＋i)*8256  
B．(i*3)*6528 == (30＋i)*8256  
C．(i*10＋3)*6528 == (30*i)*8256  
D．(i*3)*6528 == (3*i)*8256)"	true_false	False	Enumeration Algorithm and Program Implementation	"【Answer】 The empty space in the first expression is in the tens digit, and the empty space in the second expression is in the units digit, so the if condition is (i*10 + 3) * 6528 == (30 + i) * 8256. Therefore, the answer is option A.
【Analysis】 This question tests the enumeration algorithm."	2021	high	medium
425	"A binary search algorithm in VB has the following code segment:

```
i = 1: j = 6: k = 0
key = Val(Text1.Text)
Do While i <= j
    k = k + 1
    m = Int((i + j) / 2 + 0.5)
    If key = a(m) Then Exit Do
    If key < a(m) Then j = m - 1 Else i = m + 1
Loop
```

If 27 is entered into the text box Text1 and the program segment is executed, the value of k is 2. The possible values of elements from a(1) to a(6) are:

A. 12, 45, 27, 31, 78, 95  
B. 15, 27, 56, 61, 73, 89  
C. 89, 73, 61,"	true_false	False	Constants, variables, and variable assignment.###Search algorithms and program implementation	nan	2019	high	medium
5888	"The following Python code segment cannot output the result (    )
```python
import random
import math

a = random.randint(0, 10)
if (math.sqrt(a))**2 == a:
    a = a + 1
print(a)
```
A. 2  
B. 3  
C. 4  
D. 5"	true_false	False	Branch structure statements and program implementation###Module	"Answer: The statement a=random.randint(0,10) needs to be on a new line. The value of variable a is within [0,10]. For the condition math.sqrt(a)**2==a to hold, the value of a is 3. So, further adjust with a=a+1. Thus, the correct answer is C.

Analysis: This question tests the application of the math module and branching structures."	2022	high	medium
3389	"The following statement is not a function of the sound card (　　).
D. Integration of video and audio"	true_false	False	Computer hardware and its functions	nan	2021	high	medium
201	Doing a good job in information security mainly refers to preventing theft, fire, static electricity, lightning strikes, and electromagnetic leakage.	true_false	False	Information System Security Protection	"[Answer] Anti-theft, fireproofing, anti-static, lightning protection, and prevention of electromagnetic leakage relate to external environmental protection. Information security not only includes the safety of the external environment but also data security. Therefore, the answer is: incorrect.

[Analysis] This question examines the scope of information security. Network information security primarily refers to the protection of the hardware, software, and data within the network system to prevent accidental or malicious damage, alteration, or leakage, ensuring the continuous, reliable, and normal operation of the system, and the uninterruptedness of network services."	2023	high	medium
5452	"In Visual Basic, if you want to display the text ""Sorted"" on the list box List1, which of the following is correct?
A. List1.Caption = ""Sorted"" B. List1.AddItem = ""Sorted""
C. List1.Text = ""Sorted"" D. List1.AddItem ""Sorted"""	true_false	False	Classes, objects, attributes, methods, events, and event handling concepts and applications	nan	2020	high	medium
1302	"The following methods can be used to insert a table in Word (   ):
A. Set up in the ""Insert Table"" dialog box
B. Draw a table
C. Convert text to a table
D. Insert an Excel spreadsheet"	true_false	False	Handling images and tables in text	nan	2023	high	medium
4873	"The correct statement about databases and data tables is (      ):  
A. The field value of the ""AutoNumber"" type can only increment  
B. The ""Yes/No"" type field can only be checked or unchecked, so the field value occupies 2-bit storage space  
C. In the data table view, new records cannot be inserted in the middle, but fields can  
D. In the data table view, deleting a field value cannot be undone"	true_false	False	Data type of the field###Datasheet View and Design View	nan	2021	high	medium
1250	"The application of QR codes in daily life is becoming more and more widespread, and the following statement is correct (    ):
D. QR codes can store information such as text, numbers, and links."	true_false	False	Barcode, QR code	nan	others	high	medium
6197	"In the Windows operating system, which of the following statements about file naming conventions is incorrect?  
A. A file name can have a maximum of 256 characters  
B. A file name can include spaces  
C. A file name can use special symbols such as +, /, :   
D. A file name can be a mix of Chinese characters, English letters, and numbers"	true_false	False	Naming and Basic Operations of Files and Folders	nan	2021	high	medium
3049	"Among the following arguments, those that do not support the viewpoint that ""big data is omnipotent"" are:   
① Big data has very high costs  
② There is a bubble in big data  
③ Internet finance has broken traditional concepts and behaviors  
④ Concerns about personal privacy breaches and information security"	true_false	False	The impact of big data on society	nan	others	high	medium
6204	"Computer simulation experiments, also known as ""dry experiments,"" not only save on equipment costs but are also more effective and can eliminate the dangers and impossibilities associated with conducting certain real experiments."	true_false	True	Digital learning	"[Answer] Computer simulation experiments, also known as ""dry experiments,"" not only save material costs but are also more effective, and can eliminate the dangers and impossibilities of conducting certain real experiments. Therefore, the answer is: correct. \\
[Analysis] This question examines computer simulation experiments."	others	high	medium
1882	"The correct description of the following information encoding is (    ):
A. The smallest storage unit is the bit.
B. The color bit depth of a black and white image is 2 bits.
C. There are a total of 127 basic ASCII codes, encoded using the lower 7 bits of 1 byte.
D. If the quantization bit number of an audio file is 4 bits, then its quantization value range is 0 to 3."	true_false	False	Character encoding###Audio, image, video encoding###Data storage units and calculation	nan	2023	high	medium
1025	"The following statement about information is incorrect (　　)
A. Matter, energy, and information are the three main elements of human society.
B. The value of information is sure to improve after processing and treatment.
C. Information can be stored, preserved, and transmitted independently of the things it reflects.
D. WeChat Moments primarily reflects the transmissibility and shareability of information."	true_false	False	Information and its characteristics	"[Answer] Option A: Matter, energy, and information are the three essential elements that constitute the world, none of which can be omitted. The ""sensory deprivation experiment"" is a strong proof of this. A is correct; Option B: Information may appreciate or depreciate after processing. B is incorrect; Option C: Information can be stored and transmitted independently of the things it reflects. For example, information about the Wenchuan earthquake on May 12 can be spread through various means and channels. C is correct; Option D: Information displayed in WeChat Moments can be received and used multiple times by different recipients, demonstrating the transmissibility and shareability of information. D is correct. Therefore, the answer is B.

[Analysis] This question examines the general characteristics of information, including its dependence on a carrier, value, timeliness, and shareability."	2019	high	medium
4832	"The purpose of Bluetooth technology is to provide a short-range, low-cost wireless transmission application technology. The incorrect description about Bluetooth technology is ( ).  
A. Bluetooth technology can be used for networking laptops  
B. Bluetooth technology can be used for long-distance computer networking  
C. Bluetooth technology can be used for connecting mobile phones and laptops  
D. Bluetooth technology is a wireless communication standard"	true_false	False	Network Communication Principles	nan	2023	high	medium
208	Among a large amount of raw information, there are inevitably some false and misleading data; only through careful screening and evaluation can the mix of true and false be avoided.	true_false	True	Evaluation of Internet Information Resources	"[Answer] Information comes from a wide range of sources. Some people deliberately provide false information to defraud, some information is outdated, and there is also a large amount of genuine information, such as announcements from authoritative departments. Therefore, it is necessary to identify and filter through a large volume of information to find genuine and useful information. Thus, the answer is correct.  
[Analysis] This question assesses the judgment of information value. Humans cannot live without information, and its sources are diverse: the things themselves, other people, and the media. Methods to identify and evaluate information:  
① Is the information true and reliable?  
② Is the source of information authoritative?  
③ Is the information usable?  
④ Does the information have a time limit?  
⑤ What emotional components does the information contain?  
⑥ Does the information have practicality?"	others	high	medium
2731	"Research a set of power function graph problems using Python programming. The program is as follows.

```python
import matplotlib.pyplot as plt
import numpy as np
# np.linspace(start, stop, num=50)
# Generates an arithmetic sequence from start to stop, with 'num' being the number of elements, default is 50
x = np.linspace(-1, 1, 50)
for n in [1/3, 1/2, 1, 2, 3]:
    y = x**n
    plt.show()
```

Please answer the following questions:
(1) The statement that should be filled in the blank line is \_\_\_\_.
(2) After running the program, \_\_\_\_ function graphs are drawn, namely \_\_\_\_."	true_false	False	Module###Programming for data processing and visualization	nan	others	high	medium
3516	"Currently, what better antivirus software can achieve is (      )
A. Completely prevent viruses from harming the computer
B. Check if the computer is infected with viruses and eliminate all infected viruses
C. Detect all viruses the computer has been infected with and delete infected files
D. Check if the computer is infected with known viruses and take appropriate measures"	true_false	False	Virus and its prevention and treatment	nan	others	high	medium
1306	"Teacher Zhang frequently contributes to a magazine that is relocating to a new office, resulting in changes to its contact address, phone number, and other details. Teacher Zhang needs to update the electronic spreadsheet storing this contact information. The better approaches include:

A. Open the original electronic address book, search for the magazine's record, modify it, and overwrite the original record.
B. Open the original electronic address book, add a new contact entry for the magazine with the new address, and note the date the new address becomes effective.
C. Open the original electronic address book, search for the magazine's record, and delete the original record.
D. Re-enter both the original and modified data to ensure accuracy."	true_false	False	Methods of resource management	nan	2022	high	medium
5892	"Wenwen plans to conduct research on several aspects: comparing the prices of legitimate and pirated software; analyzing and comparing software export situations in China with India, the United States, and other countries; and examining the consequences of pirated software. She can obtain information through (    )
① Internet search ② Using other students' research results
③ Consulting relevant newspapers and magazines ④ Survey experience
A. ①②③ B. ①②④ C. ②③④ D. ①③④"	true_false	False	Stages and Methods of Information Acquisition	nan	2022	high	medium
1297	"Regarding the world's first electronic computer, which statements are incorrect ( ).  
A. The main function of the world's first electronic computer was data processing.  
B. The world's first electronic computer was large in size, consumed little power, and had a fast computing speed.  
C. The world's first electronic computer used transistor logic components.  
D. The name of the world's first electronic computer was ENIAC."	true_false	False	The development of computers	nan	2021	high	medium
155	"In recent years, incidents of virtual currency and equipment being stolen by hackers in online games have occurred frequently, prompting people to reflect on these events. Which of the following statements do you think is incorrect? ( )
A. The legitimate rights and interests of online game players should be protected.
B. Hackers on the internet are too powerful, so stop going online altogether.
C. Some virtual items in the network can be exchanged for real currency, which is one of the reasons for this phenomenon.
D. Both we and network operators should strengthen the concept of protecting our information security."	true_false	False	Impact and Proper Use of Information Technology###Information literacy, internet ethics, and laws and regulations	nan	2022	high	medium
4879	"Xiao Qiang developed a ""Noise Detection System"" program using the Python language based on the Flask Web framework. This system can collect noise data every 10 seconds, display it in real-time on a web page, and store the noise data in an SQLite database. The import commands for the following external Python libraries are:
① import sqlite3 ② import web ③ import numpy ④ from * import Flask
Which of the above commands are needed when writing the program (   )
A. ①③ B. ①④ C. ③④ D. ③⑤"	true_false	False	System documentation and writing	"[Solution] The problem requires using the Flask framework to write the system, and the system's data needs to be stored in a database. Therefore, the system needs to use the commands ``from * import Flask'' and ``import sqlite3'' to open external connection libraries for Flask and sqlite3. So the answer is B. 
[Analysis] This question tests program writing for information systems."	others	high	medium
372	"Among the following descriptions about the print command, the incorrect one is \ul{　 　}.  
① Printing relevant text or numbers in a printer  
② Can be used for drawing  
③ Outputs corresponding text or numbers on the screen  
④ An error will occur when executing the statement print('python', 3.7)"	true_false	False	Common standard functions###Basic statements	nan	others	high	medium
4370	"Open the file ""ReverseThreeDigit.py"" located under ""Y:101"" with a Python editor, perform the following operations, and save the results.

① Please fill in the blanks to complete the program and achieve the functionality: input any three-digit integer and output it in reverse order, for example, 369 reversed becomes 963.

② After completion, save it with the original name and close the application software.

x = \_\_(input(""Please input any three-digit integer: ""))
ge = \_\_
shi = x // 10 % 10
bai = \_\_
\_\_ = ge * 100 + shi * 10 + bai
print(y)"	true_false	False	Operators, Basic Operations, and Expressions###Sequential Structure and Program Implementation	nan	2022	high	medium
206	"When creating a site with FrontPage, select the ""Single Page Site"" template. The new site will include two folders (""_private"" and ""images"") and an index.htm file."	true_false	True	Site and site folder	nan	others	high	medium
207	"Some hackers believe that ""it is when they discover vulnerabilities, only through hacking can they highlight security flaws."""	true_false	False	Information literacy, internet ethics, and laws and regulations###Vulnerabilities, Hackers, and Their Prevention and Control	"[Answer] If a vulnerability is discovered, you can inform the system administrator of the security flaw, but you must not hack into the system as hacking is illegal. Therefore, the answer is: False.   
[Analysis] This question examines network security and internet laws and regulations."	2020	high	medium
429	"Given a download bandwidth of 8kbps, how much can be downloaded in one minute?  
A. 8kbit B. 48kbit C. 60KB D. 480KB"	true_false	False	Bandwidth and network transmission rate	nan	2021	high	medium
4564	The extension for project files is \ul{     }, the extension for form files is \ul{     }, and the extension for standard module files is \ul{     }.	true_false	False	Form files, project files, and their extensions	nan	2021	high	medium
1759	"Each presentation is composed of several slides, and each slide consists of some objects, which include: 
A. Text objects 
B. Visual objects 
C. Multimedia objects 
D. Graphic objects"	true_false	False	Application of Media Materials	nan	2021	high	easy
1879	"Using the internet to publish information, the following statements are incorrect (     ):
A. To upload a created homepage to an internet website, an FTP upload software tool must be used.
B. To publish webpages on the internet, there must be space to store the homepage on the internet.
C. To make information in a local network's folder available in network neighborhood, the folder should be set to ""Share.""
D. After installing IIS, the computer can be set up as a server to publish information within the network."	true_false	False	Website launch	[Answer] Upload the prepared homepage to an internet website, but it's not necessary to use FTP upload tool software, thus option A is incorrect; options B, C, and D are correct regarding using the internet to publish information, so the answer is option A. [Analysis] This question mainly examines the requirements for publishing information on the internet. Methods of publishing information online include: publishing your own webpage, forum bulletin boards, email, instant messaging, network drives, online surveys, etc. Utilizing the internet to publish information can be done by sharing with network neighbors within a local area network, publishing through the internet, and even publishing within a network.	others	high	medium
2580	The English abbreviation ISP describes \ul{　 　}.	true_false	False	Internet management organizations and service organizations	nan	2020	high	easy
3145	In Powerpoint 2010, the master view includes \ul{   }, \ul{   }, and \ul{   }.	true_false	False	Presentation view modes	nan	others	high	medium
3397	"The incorrect statement about information is (   ):
A. Data is the symbolic representation of information, and information is the connotation of data, a semantic interpretation of data.
B. Data processing is the process of converting raw data into information needed by people.
C. The purpose of data processing is to transform information into useful data to meet user needs.
D. A complete data processing process generally includes six stages: data collection, processing, transmission, storage, retrieval, and output."	true_false	False	The relationship between data, information, knowledge, and wisdom###The general process of data processing	nan	2023	high	medium
4828	"A sound card is a device that performs the analog-to-digital and digital-to-analog conversion of sound signals. The correct statements about recording and playing sound on a computer are:

① The recording process is the digitalization of analog signals through sampling and quantization.
② In the playback process, there is no need to convert digital signals to analog signals.
③ Increasing the sampling frequency during recording will increase the storage capacity of the audio file.
④ Lowering the sampling frequency during recording will improve the audio quality of the resulting file.

A. ①② B. ②④ C. ①③ D. ③④"	true_false	False	Collection of audio materials###Basic Processing of Audio Materials###Audio, image, video encoding	"[Answer] The recording process is converting analog sound signals into digital signals, primarily through ""sampling"" and ""quantization,"" so ① is correct, ② is incorrect. Audio storage capacity = sampling frequency × quantization bits × number of channels × time ÷ 8. Increasing the sampling frequency increases the file storage capacity and improves sound quality. Therefore, ③ is correct, ④ is incorrect. Hence, the answer is option C. 

[Analysis] This question examines the sound collection process and the calculation of audio file storage capacity. Audio storage capacity = sampling frequency × quantization bits × number of channels × time ÷ 8."	others	high	medium
5457	"Here is the routing function code for a web application:

```python
@app.route('/t1')
def index_t1():
    # Code omitted
```

```python
@app.route('/t2', methods=['GET', 'POST'])
def index_t2():
    # Code omitted
    if request.method == 'GET':
        return render_template('t2.html')
    else:
        # To implement: When a user sends a POST request, the webpage redirects to the ""/t1"" page
        # The code within the parentheses should be:
```

A. `return render_template('/t1.html')`

B. `return redirect('/t1')`

C. `return redirect('index_t1')`

D. `return request('index_t1')`"	true_false	False	Software and Development of Information Systems	"[Solution] Option A: The `render_template` function is used to render and display web templates, but the web templates must be stored in a specified directory, and the path cannot be specified in the `render_template` function. Option C: The `redirect` function is used for web page redirection, but its parameter is a route, not a view function. Option D: The `request` object is used for form data submission, not for web page redirection. Therefore, the answer is option B.

[Analysis] This question mainly examines the implementation of web page redirection and display in the Flask framework."	others	high	medium
5999	Bus cards, access cards, etc., use radio frequency identification technology for wireless communication to achieve their intended functions.	fill_in_the_blank	True	RFID Technology and Its Applications	nan	others	high	medium
1327	The Levels command can only adjust the brightness and contrast of an image, not its color.	fill_in_the_blank	False	Image Basic Properties Settings	"[Answer] The Levels command can change colors and brightness. As long as you manage the adjustment of the three primary colors and the three complementary colors, you can use Levels to produce any color you want. Therefore, the answer is: Incorrect.  
[Analysis] This question tests the use of the Levels command in Photoshop. Click ""Image -> Adjustments -> Levels"" in the Photoshop menu bar to open the ""Levels"" dialog box and set the appropriate parameters."	2019	high	medium
6218	Photoshop can edit video files.	fill_in_the_blank	False	Multimedia authoring tool	"【Answer】 Photoshop is an image processing software that can add and edit text in images but cannot edit video files. Therefore, the answer is: False. \\
【Analysis】 This question mainly tests the functions of image processing software. Photoshop primarily handles digital images made up of pixels. By using its numerous editing and drawing tools, effective image editing can be conducted."	2019	high	medium
6007	Cloud computing is a model of providing computing resources to users via the internet without charging fees.	fill_in_the_blank	False	New Internet Technology	nan	others	high	medium
1321	Due to the complexity of the system itself, there may still be differences in understanding between information system developers and system users regarding system requirements and workflow organization. This may result in risks of errors and losses in the design's standardization and rationality.	fill_in_the_blank	True	Development of Information Systems	nan	2023	high	medium
