index	question	category	A	B	C	D	answer	knowledge	analysis	year	grade_level	difficulty_level
7272	Among the following operations, which one is lossless compression?  	single_answer_choice	"Open ""China Impressions.psd"" with Photoshop software and save it as ""China Impressions.jpg""  "	"Open ""Narration.wav"" with GoldWave software and save it as ""Narration.mp3""  "	"Edit ""Motion.avi"" with Corel VideoStudio software, and create the work as ""Motion.mpg"" in the ""Share"" step  "	"Compress ""User Guide.doc"" into ""User Guide.zip"" with WinZip software"	D	Elements and File Formats of Multimedia###Multimedia Data Compression Technology	nan	others	high	medium
405	The incorrect statement about multimedia technology is (　　)	single_answer_choice	The system structure of a work describes the composition, workflow, and main interface of the entire work.	For images of the same size and color depth, the richer the color gradation, the greater the redundancy, and the smaller the capacity after compression.	Modifying a bitmap essentially means changing the color and brightness attributes of the pixels in the image.	When processing sound with GoldWave software, inserting 5 seconds of silence will definitely increase the total sound duration by 5 seconds.	B	Multimedia Data Compression Technology###Audio, image, video encoding	[Answer] For images with the same size and color bit depth, the simpler the color levels, the greater the spatial redundancy, resulting in a smaller compressed size. Therefore, the answer is B. [Analysis] This question examines the understanding of multimedia information storage and compression technology.	2020	high	medium
2302	The following statement is incorrect (    ):	single_answer_choice	The elements of an algorithm include data, computation, and control transfer.	Common ways to describe algorithms include natural language, flowcharts, pseudocode, and computer programming languages.	Algorithm control structures include sequential structures, branch structures, tree structures, and loop structures.	"The general process of solving problems with algorithms is ""abstraction and modeling → algorithm design and description → program implementation of the algorithm."""	C	Common representation methods of algorithms###The process of problem-solving by computers###Control structure of algorithms###Elements of Algorithms	nan	2023	high	medium
3014	Regarding encoding, the following statements are correct (     ):  	single_answer_choice	ASCII code uses a 7-bit binary encoding, totaling 128 codes, with a binary range from 0000001 to 1111111.  	Chinese character encoding includes external codes, exchange codes, internal codes, and font codes, where exchange codes and internal codes are actually the same.  	Barcodes are graphic identifiers consisting of multiple black and white bars of equal width, and China commonly uses EN13.  	Compared to barcodes, QR codes have larger storage capacity and more powerful functionalities.	A	Character encoding###Barcode, QR code	nan	2022	high	medium
4632	Among the following applications, which one uses Optical Character Recognition (OCR) technology?  	single_answer_choice	Electronic police automatically photograph and recognize the license plate of a violating vehicle  	"Use the ""Translate"" function on WeChat to translate foreign languages into Chinese  "	Use a video surveillance system to monitor the exam discipline of students in the examination room  	Use a computer to automatically perform inference and prove mathematical theorems	A	Character recognition	"[Answer] Optical Character Recognition (OCR) is mainly used for recognizing printed text. Recognizing license plate numbers falls under image recognition, so option A is correct. Therefore, the answer is A.  
[Analysis] This question primarily examines the application of Optical Character Recognition (OCR) technology."	others	high	medium
1227	The following statement about the composition and functions of information systems is incorrect (　　)	single_answer_choice	The users of an information system include the users of the system, but not programmers.	Users entering information such as ID numbers reflects the data collection and input functions of an information system.	The arithmetic unit and controller in computer hardware are responsible for information processing.	A complete information system generally has data processing functions.	A	The composition and functions of information systems	nan	2023	high	medium
6099	The correct statements about the internet and browsers are (   ):	single_answer_choice	The address of a website is identified by a URL (Uniform Resource Locator), meaning all webpages of that website have the same URL.	The protocol used to send emails from the sender's server to the recipient's client is the SMTP protocol.	In a search engine, you can expand the search range by adding keywords.	"When a webpage is saved by selecting ""Webpage, complete,"" the URL of the webpage cannot be seen in the address bar when opened."	D	Network Protocol###Web address and Uniform Resource Locator###Types of Internet Resources, Downloading and Saving###Retrieval of online resources	nan	2022	high	medium
6673	The correct statements about web pages and browsers are as follows:  	single_answer_choice	The three basic elements of a web page are text, graphics, and audio.  	The abbreviation for the language that describes web pages is HTML.  	The protocol used for information transmission between browsers and web servers is SMTP.  	"The ""Favorites"" in browsers save all the content of the bookmarked web pages."	B	Network Protocol###Browser###Web Markup Language and Basic Components###Web page components	nan	others	high	medium
2681	The following statement about IE Favorites is incorrect (     ).	single_answer_choice	IE Favorites corresponds to a specific folder on the local hard drive	IE Favorites corresponds to a specific folder on the local hard drive.	"The ""Organize Favorites"" command can rename, delete, and move the bookmarked URLs."	"The ""Add to Favorites"" command can save the current webpage's address, text, images, and other information to the Favorites."	C	Browser	nan	others	high	medium
6100	The following statement about the principles of computer operation is incorrect:  	single_answer_choice	In the 1930s, three computing mechanisms—primitive recursive functions, lambda calculus, and Turing machines—were successively proposed.  	"Most modern computers use the ""stored-program"" architecture.  "	Computer information processing mainly includes input, processing, storage, and output.  	The performance of a computer is primarily determined by the performance metrics of components like the CPU and memory.	C	Computer attributes and performance indicators###The working principles of computers and mobile devices.	nan	2022	high	medium
7214	The following statements about information and its processing are correct:  	single_answer_choice	The computing speed of a computer is only related to the performance of the hardware.  	The essence of computer information processing is completed through computation.  	"Using Ultra Edit software to view an internal code of a character as ""D5 BD"" shows that the character is encoded in hexadecimal in the computer.  "	With technological advancements, computers can now independently make all decisions on behalf of humans.	B	The concept of information processing and handling###Computer attributes and performance indicators###Character encoding	nan	2021	high	medium
4291	During the 2020 Double Eleven period, the sales of E-commerce Platform A exceeded 490 billion yuan, a year-on-year increase of 26.7%; the sales of E-commerce Platform B exceeded 270 billion yuan, a year-on-year increase of 33%. Upon analyzing this data, the correct statements are:	single_answer_choice	Upon analysis, it is known that the sales growth rate of E-commerce Platform B is lower than that of E-commerce Platform A	Upon analysis, it is known that the sales growth rate of E-commerce Platform B is lower than that of E-commerce Platform A.	"Words like ""Double Eleven"" and ""E-commerce platform"" are not data."	490 billion and 270 billion are approximate numbers, not exact data.	D	Data Analysis	nan	others	high	medium
6968	The following statements about data, information, knowledge, and wisdom are incorrect (     ):	single_answer_choice	Data is a symbolic representation of objective things, such as graphics, numbers, letters, etc.	Information has characteristics such as carrier dependency, timeliness, and shareability, and no loss occurs after sharing information.	"A body temperature of ""37°C"" belongs to normal body temperature, which is a manifestation of knowledge."	Wisdom is the sum of understanding and experience acquired by humans in social practice.	D	Information and its characteristics###Definition and Characteristics of Data, Knowledge, and Wisdom	nan	2023	high	medium
4634	The incorrect statement among the following is (      ).  	single_answer_choice	"Single-computer systems achieve communication between ""computer-computer.""  "	The hardware composition of a computer local area network includes servers, workstations, network cards, transmission media, and hubs.  	The fundamental feature of a wide area network is its extensive geographic distribution.  	Local area networks are typically owned and used by a single organization.	A	Concepts, Functions, and Components of Computer Networks###Classification of Computer Networks	nan	2021	high	medium
7319	The incorrect statement about smart sensors is (    )	single_answer_choice	Smart sensors are sensors with information processing capabilities.	Smart sensors are equipped with microprocessors and have functions such as data collection, processing, and information exchange.	Smart sensors are the product of the integration of sensors and microprocessors.	Smart sensors are the nerve endings of artificial intelligence but cannot be used to fully perceive the external environment.	D	Sensor definition and composition###Types and Functions of Sensors	nan	2021	high	medium
6172	The correct statement is (　　)	single_answer_choice	The main function of a router is for the conversion between analog and digital information.	Mr. Wang used the DingTalk shared printer function, allowing all office members to use it, which mainly reflects the network's data communication function.	In the Browser/Server architecture (B/S), the client does not need to install a dedicated application; the user interface can be accessed through the browser.	A DNS server can assign dynamic IP addresses and gateway information to hosts in the network environment.	C	Concepts, Functions, and Components of Computer Networks###Information carriers, communication lines, and connecting devices in the network	"[Solution] Option A: The main function of a router is to facilitate data transmission between different subnets in a network. It forwards data and selects routes based on network addresses, not involving the conversion between analog and digital information. Option B: While the shared printer function is a feature of DingTalk, it mainly represents the collaborative work function of office software rather than the data communication function of a network. Option C: In the Browser/Server architecture (B/S architecture), clients do not need to install dedicated applications; the user interface can be accessed via a browser, which is a key characteristic of B/S architecture. Option D: DNS servers are primarily used to convert domain names into IP addresses, providing domain name resolution services to hosts in a network environment, and do not involve the allocation of dynamic IP addresses and gateway addresses. The answer is C.

[Analysis] This question tests basic network knowledge and requires candidates to understand the functions and characteristics of commonly used devices and protocols in computer networks, along"	2022	high	medium
2772	The correct statement is (   )	single_answer_choice	Information can be stored, preserved, and transmitted independently of a medium.	Sharing interesting stories from one's surroundings on WeChat Moments is a common way of expressing information.	Microelectronics technology, optoelectronics technology, broadcasting and television technology, and computer networks all belong to modern information technology.	The positive feedback rate of products on Taobao shopping pages belongs to statistical evaluation.	D	Information and its characteristics###The concept and key technologies of information technology###Evaluation of Internet Information Resources###Information Expression Methods and Expression Techniques	nan	others	high	medium
5952	The correct statement about multimedia technology and its creation is (    ):	single_answer_choice	All multimedia contains interactivity	When drawing model aircraft design diagrams, vector image creation software is more suitable	Temporal redundancy only exists in motion images, not in sound	Once a BMP image is converted to JPEG format, then back to BMP, it can be restored to its original quality	B	The concept and characteristics of multimedia technology	"[Answer] Option A: Illustrated promotional posters are a form of multimedia, but lack interactivity, so this option is incorrect. Option B: The characteristic of vector graphics being less prone to distortion when enlarged is due to their design, so this option is correct. Option C: Temporal redundancy refers to the presence of the same information over a period of time, which exists not only in images but also in sound, thus this option is incorrect. Option D: Converting BMP format images to JPEG format involves lossy compression, which cannot be reversed, so this option is incorrect. Therefore, the answer is B.

[Analysis] This question tests the characteristics of multimedia, the difference between vector and bitmap images, temporal redundancy, and image conversion. Multimedia features include integration, control, interactivity, non-linearity, real-time capabilities, interaction, ease of information use, and dynamic information structure. Vector graphics files are composed of commands that create points and lines, characterized by maintaining clarity when scaled, whereas"	others	high	medium
8064	The following descriptions about information and information technology are correct (    ):	single_answer_choice	Information can experience loss during transmission and sharing.	Information cannot be stored, preserved, and disseminated independently of the objects it reflects.	The invention of the computer prompted the emergence of information technology.	Information pertains to the state of motion of objects and the description of this state.	D	Information and its characteristics###The Development History of Information Technology	nan	2021	high	medium
4920	"People often say ""first-hand information should be personally acquired,"" which indicates (     )"	single_answer_choice	The larger the volume of information, the more true and reliable the collected information	Information obtained through investigation is more reliable	Information downloaded from the internet is the most reliable	Information obtained through a single channel is the most reliable	B	Selection and Assessment of Information Sources	"[Answer] Option A: The size of the information has nothing to do with its accuracy. A is incorrect; Option B: ""First-hand data must be personally grasped,"" indicating that information obtained through investigation is more authoritative and reliable. B is correct; Option C: Information downloaded from the internet is not necessarily objective or accurate and therefore not necessarily the most reliable. C is incorrect; Option D: ""First-hand data"" does not refer to information obtained through a single channel. The reliability of information is not related to whether it comes from a single channel. D is incorrect. Therefore, the answer is B.

[Analysis] This question assesses the judgment of information value. The value of information is judged based on five aspects: accuracy, objectivity, authority, timeliness, and applicability."	2019	high	medium
5926	The correct statements about artificial intelligence are as follows (   ):	single_answer_choice	Behaviorism-based artificial intelligence is based on rule learning and includes a knowledge base and an inference engine.	Deep learning enables computers to learn knowledge from the data itself.	In hybrid augmented intelligence, machine intelligence is the dominant factor.	Artificial intelligence can improve human life, promote economic development, and will not pose a threat to humans.	B	The Concept and Characteristics of Artificial Intelligence###Development and Current Status of Artificial Intelligence	nan	2023	high	medium
2767	The following statement about mobile terminals is incorrect (   ):	single_answer_choice	The working principle of mobile terminals is basically the same as that of computers, including input, processing, storage, and output	"The ""intelligence"" of mobile terminals is mainly based on the integration of sensors in hardware"	Android, Apple iOS, HarmonyOS are common mobile terminal application software	The main performance indicators affecting smartphones include CPU, storage, and screen resolution	C	Mobile terminals and concepts###Hardware and software of mobile terminals###Performance indicators of mobile terminals	nan	2023	high	medium
2303	Xiao Hong's parents each have a laptop with a wireless network card, while Xiao Hong uses a desktop computer with a wired network card. Due to work and study needs, everyone needs to access the internet at home. Please choose a reasonable home internet solution for them.	single_answer_choice	Pre-set internet ports in every room at home	Apply for an internet access account provided by the ISP for each person.	Apply for a wired internet account provided by the ISP and connect each computer through a self-provided wireless router.	Pre-set internet ports in every room at home.	B	Common Internet Access Methods and Configuration	nan	others	high	medium
4645	The correct statement about website creation is (     ).	single_answer_choice	It is best to use absolute paths for referencing materials in a webpage.	All webpage layouts within the same website should be identical.	Correct links and the ability for main pages to return to each other is an important indicator of website performance testing.	File names for materials and webpages should be in Chinese for easier identification.	C	Web page layout design###Application of images, sounds, and animation in web pages###Website debugging	"[Solution] It is best to use relative paths when referencing materials in web pages. Using absolute paths can lead to incorrect material links when the website is moved, making option A incorrect. Different pages within the same website can have different layouts, making option B incorrect. Ensuring correct links and that major pages can navigate back and forth is an important indicator of website performance, making option C correct. File names for materials and web pages should be in English for software recognition, making option D incorrect. Therefore, the correct answer is option C.

[Analysis] This question examines the use of materials in web design, page layouts, and website testing."	others	high	medium
341	The correct statement is (　　)  	single_answer_choice	"The same shortcut key combination may have different functions in different software. For example, ""Shift+F5"" is the shortcut for the ""Fill"" command in PowerPoint, while in Photoshop it is the shortcut for the ""Play from Current"" command.  "	Programs are collections of commands written in computer language to achieve all goals or solve all problems.  	The main design philosophy of Von Neumann is stored programs and program control.  	A computer system is mainly composed of hardware and system software.	C	Composition of Computer Systems###The working principles of computers and mobile devices.###Program and instruction	nan	2021	high	medium
2783	"Currently, the domestic epidemic situation remains severe and complex, with frequent outbreaks in the province. Our city's ""external prevention of importation"" pressure is immense. The Wenzhou health code plays a very important role in epidemic prevention and control. Recently, the Wenzhou health code launched the ""family member management"" function, allowing relatives to display the code on behalf of children under 18 and elderly over 60 years old. The following statement is incorrect (　　)"	single_answer_choice	Social development must be people-centered; only by being people-oriented can the inclusiveness of the information society be reflected.	When the information society index is in the intermediate stage of development, the main task is to focus on vulnerable groups and implement universal services.	The technical threshold of information systems may exacerbate the digital divide.	The Wenzhou health code includes data such as health codes and travel codes, requiring the integration of a large amount of data, and according to information system classification, it	B	Definition and Connotation of the Information Society###The main characteristics of the information society###Application and Classification of Information Systems	"[Answer] Option A: Emphasizes that social development must be people-centered, which is one of the fundamental principles of information society development and an important guarantee for the inclusivity of the information society. Option B: Claims that when the information society index is at an intermediate stage of development, the main task is to focus on vulnerable groups and implement universal services, which is incorrect. Option C: Points out that the technical threshold of information systems may worsen the digital divide, which is a significant challenge in the development of the information society, requiring measures to enhance digital inclusivity and reduce the digital divide. Option D: Explains that the Wenzhou epidemic prevention code is a data processing system requiring the integration of large amounts of data, which is one of the basic functions of an information system. Thus, the answer is B.

[Analysis] This question tests the basic concepts and development stages of the information society, as well as digital inclusivity and the basic functions of information systems. In the"	2022	high	medium
1394	The following statements about big data are correct (    ):	single_answer_choice	Big data requires analysis of all data.	In the era of big data, sample data analysis has become obsolete and is no longer used.	Data validation can improve data confidentiality.	When processing data with big data, it is necessary to ensure that each piece of data is completely accurate.	A	The basic approach to big data processing	nan	2023	high	medium
4403	Due to the need for pandemic prevention and control, the school requires homeroom teachers to report the following data by 5 PM today: the number of people with a red health code, the number with a yellow health code, the number of people who have had fewer than three nucleic acid tests, and the number of people currently not in the city. Which homeroom teacher's approach is the most efficient for completing the above task?	single_answer_choice	Teacher Zhang calls each student in the class to ask and record the statistics one by one	Teacher Zhang calls each student in the class to ask and record the statistics one by one.	Teacher Li posts the reporting task in the class group and asks students to reply and report directly in the group, compiling the statistics afterward.	Teacher Wang designs a statistical form based on the school's requirements, posts it in the class group, and asks students to download and fill it out sequentially, then compiles and reports the data.	D	Data collection methods	nan	2022	high	medium
1901	The correct statements about information and information technology are as follows (　　)	single_answer_choice	Broadcasting and television are common forms of information expression.	Information can only be processed by people after being digitized.	In the process of information transmission, its carrier can change.	Information technology was born with the development of computer and internet technology.	C	Information and its characteristics###Development trends of information technology###Information Expression Methods and Expression Techniques	nan	2021	high	medium
4426	In the OSI reference model, the network structure is divided into seven layers from top to bottom: ① Application layer ② Presentation layer ③ Session layer ④ Transport layer ⑤ Network layer ⑥ Data link layer ⑦ Physical layer. During operation:	single_answer_choice	The sender transmits data from the upper layer to the lower layer, adding protocol control information at each layer	The sender transmits data from the lower layer to the upper layer, adding protocol control information at each layer.	The receiver transmits data from the lower layer to the upper layer, adding protocol control information at each layer.	The sender transmits data from the upper layer to the lower layer, adding protocol control information at each layer.	C	Network architecture	nan	others	high	medium
2298	With the proliferation of smartphones, mobile communication security issues have attracted significant attention. The behavior with the smallest security risk is (     ).  	single_answer_choice	Using free WIFI in public places and entering your Alipay account and password for online shopping  	Promptly opening links sent by others on WeChat  	Arbitrarily downloading and installing mobile client software  	Downloading the mobile client from the bank's official website for online payment	D	Personal Information and Security Precautions	"Answer: Option A: Be cautious about accessing free WIFI in public places, as criminals can use various software or programs to steal personal information through free WIFI. Option A carries significant security risks and can easily lead to information leakage. Option B: Do not click on WeChat links easily to prevent them from containing trojans and other virus programs. Option B's practice can easily lead to virus intrusion. Option C: Randomly downloading and installing software is the most likely to cause devices to be infected by viruses and trojan programs. Option C involves great operational risks. Option D: Downloading and installing applications through official websites is safe and reliable. Option D has the least security risks. Therefore, the answer is D.

Analysis: This question examines network information security.
(2023 second-year high school in Ningbo end of term) Read the following material and answer the questions. Global climate warming and rising sea temperatures have led to large-scale coral reef bleaching. Coral bleaching is caused by the increase in sea"	2020	high	medium
4322	SELECT statement selects the top 10% of records from the student table. Which of the following statements is correct?	single_answer_choice	SELECT TOP 10 PERCENT * FROM student table	SELECT TOP 10% * FROM student table	SELECT TOP 10 * FROM student table	SELECT TOP 10 FROM student table	A	Query of system data	nan	2022	high	medium
4014	Regarding speech technology, the incorrect statement is (    ).  	single_answer_choice	The key technologies in speech technology are speech recognition and speech synthesis  	Speech synthesis is converting text information into speech data  	Speech recognition enables computers to understand spoken words  	Speech technology is multimedia technology	D	Speech recognition	"Answer: Option A: Key technologies in the computer field involving voice technology include Automatic Speech Recognition (ASR) and Text-to-Speech (TTS). A is correct; Option B: Text-to-speech technology refers to converting text information into speech data for playback. B is correct; Option C: Speech recognition technology refers to converting spoken voice signals into text information recognizable by computers, to identify the speaker's voice commands and content. C is correct; Option D: Multimedia technology involves the integrated processing of text, graphics, images, sound, animations, and video using computers, establishing logical relationships, and enabling human-computer interaction. Multimedia technology doesn't only include voice technology. D is incorrect. Therefore, the answer is D.

Analysis: This question examines the application of voice technology. High-performance voice technology allows convenient human-computer voice interaction, meeting the needs for the popularization of information technology. Voice input is an example application of voice technology."	2019	high	medium
7357	Accessing the homepage of Baidu's website using IE browser at http://www.baidu.com, the following statement is incorrect:	single_answer_choice	The URL of the webpage is ``http://www.baidu.com'	The URL of the webpage is ``http://www.baidu.com''  	During the access, information between the browser and the WEB server is transmitted via HTTP  	The elements of the webpage, including text, images, and hyperlinks, are described using HTML language  	D	Web address and Uniform Resource Locator###Browser###Web Markup Language and Basic Components	nan	2020	high	medium
7247	The following statement about images is incorrect (     ):	single_answer_choice	When creating web pages, images are usually in GIF or JPEG format.	The main features of images are rich information, intuitive visuals, and ability to transcend language barriers.	Photoshop can process old photos with rotation, cropping, color adjustment, and filter adjustments.	Converting a BMP format image to JPEG format will result in higher image quality.	D	Concepts of Graphics and Images, Bitmaps and Vector Graphics###Image format conversion	【Answer】 Option A: Since web pages require small-sized files, they use GIF or JPEG compressed formats, which is correct for this option. Option B: Images, compared to text, are characterized by being information-rich, visually intuitive, and can transcend language barriers, which is correct for this option. Option C: Photoshop is an excellent image processing software that can perform operations such as rotating, cropping, color correction, and filter adjustments on photos (including old photos), which is correct for this option. Option D: JPEG is a compression format, and converting BMP to JPEG results in quality loss, which is incorrect for this option. Therefore, the answer to this question is option D. 【Analysis】 This question mainly tests the characteristics of images and image formats, and image processing. Image processing requires specialized software such as Photoshop, FireWorks, etc. To achieve high compression ratios and save storage space, images need to be compressed, with common formats being GIF and JPEG.	others	high	medium
1905	The following statement about programming languages is incorrect (      ).	single_answer_choice	Machine language is the earliest programming language	"Machine language is a series of binary codes composed of ""0"" and ""1"""	High-level language is a programming language close to natural language	Machine language is the earliest high-level programming language	D	Natural Language Processing	nan	2021	high	medium
5295	The following statement about big data security is incorrect ( ).	single_answer_choice	Protecting data security requires safeguarding the storage media of data.	Protecting data security requires enhancing the security of the data itself.	Data verification can improve data integrity.	Data encryption can increase the value of data.	D	Overview of Information System Security	nan	2022	high	medium
5943	The following problem is suitable for solving using an analytical algorithm:  	single_answer_choice	Arrange 40 students in order of height from shortest to tallest  	Find a duck egg in a basket of eggs  	Calculate the total resistance value of 5 resistors in parallel  	Count the number of even numbers within 3000 whose digits sum to 20	C	Common algorithms	nan	2020	high	medium
6133	The following statements about data and big data are incorrect (      ):	single_answer_choice	The value density of big data is directly proportional to the total amount of data.	Based on users' purchasing behavior, websites deeply mine big data to achieve personalized recommendations.	Big data brings convenience to life but also causes social issues such as information leakage and data security.	Data visualization allows users to browse and observe data in an intuitive way.	A	The Concept and Characteristics of Big Data###The impact of big data on society###Definition and Role of Data Visualization	nan	2022	high	medium
6132	"Design a ""Staff Basic Information"" data table using Access software for a personnel management system to store the data as shown in the figure."	single_answer_choice	This personnel management system is a database management system	This personnel management system is a database management syste	This personnel management system is a database management system.	"The ""Staff ID"" column can be set as ""AutoNumber"" in the corresponding field type in the data table."	D	Classification and Application of Databases###Editing of tables, fields, and records	nan	2021	high	medium
7680	Li Tao wants to input a printed Chinese test paper into the computer for re-editing. The fastest available method for him is: 	single_answer_choice	Use a digital camera to capture and input into the computer 	Use a scanner to scan and OCR software to recognize it 	Input them into the computer via the keyboard 	Use a handwriting board to write them into the computer	B	Collection of text materials	"[Answer] The fastest method is to scan the test paper into images using a scanner, and then automatically recognize the text through OCR software. Photos taken with a digital camera may be distorted and are more difficult to recognize. Therefore, the answer is option B.

[Analysis] This question examines the methods of collecting text materials. There are five ways to obtain text materials: keyboard input, handwriting input, voice input, scanner input, and internet retrieval. Among them, using a scanner to input and then utilizing OCR software to recognize the text in the image and convert it into a text file is both fast and accurate."	others	high	medium
406	"In March 2015, Premier Li Keqiang first proposed the ""Internet Plus"" action plan in the government work report. Subsequently, many local governments partnered with renowned internet companies to create a new image of the most beautiful smart city. The ""Internet Plus"" will also bring more convenience to people's lives. The following description of ""Internet Plus"" is incorrect (　　):"	single_answer_choice	Traditional department store exclusives plus the internet resulted in online malls, traditional plus the internet facilitated electronic payments, traditional transportation plus the internet resulted in online ride-hailing	"Under the background of ""Internet Plus,"" new consumption models will emerge."	"""Internet Plus"" simply utilizes information and communication technology and internet platforms to allow the internet and traditional industries to fuse simply, creating a new development ecosystem."	Traditional department store exclusives plus the internet resulted in online malls, traditional plus the internet facilitated electronic payments, traditional transportation plus the internet resulted in online ride-hailing.	B	"The Application and Impact of ""Internet+"""	nan	others	high	medium
2799	A large shopping website collects data on users browsing the site for personalized real-time ad recommendations. Which of the following approaches is reasonable?	single_answer_choice	Real-time computing for streaming data should be selected	Statistical analysis software should be used for data analysis.	Real-time computing for streaming data should be selected.	Graph computing for graph-structured data should be selected.	B	Types of Big Data Processing and Computation Methods	nan	2021	high	medium
7646	A car R&D team, through monitoring and analyzing social media (forums, WeChat, etc.), discovered many discussions about how the automatic opening method affects the trunk opening, a topic not noted in previous regular online surveys. Regarding the above case, the following description is incorrect:	single_answer_choice	The data in the survey questionnaire database can be shared, lacking independence	Compared to online survey data, analyzing social media data is more complex.	Social media data is large in volume, diverse in type, and low in value density, which aligns with big data characteristics.	The data in the survey questionnaire database can be shared, lacking independence.	C	The Concept and Characteristics of Big Data###The form of data	nan	others	high	medium
1927	The following statements about artificial intelligence are incorrect ( ):	single_answer_choice	Deep learning is a typical representation of connectionism.	The Turing test is a method to test whether a machine has intelligence.	Artificial intelligence that relies on domain knowledge and data is called cross-domain artificial intelligence.	Artificial intelligence technology has a significant driving effect on economic development and social progress.	C	Applications of Artificial Intelligence###The impact of artificial intelligence on society	nan	2022	high	medium
1013	The following statements about data management and big data are incorrect: ( )	single_answer_choice	Data management is the process of effectively collecting, storing, processing, and applying data using computer hardware and software technology	Data management is the process of effectively collecting, storing, processing, and applying data using computer hardware and software technology.	Data management is the process of effectively collecting, storing, processing, and applying data using computer hardware and software technolog	Large amounts of data are not necessarily big data.	D	The Concept and Characteristics of Big Data###The concept of data management	nan	2021	high	medium
1019	The correct statement regarding webpages and email is (     ):  	single_answer_choice	A webpage is identified by its URL on the internet.  	The SMTP protocol can directly send emails to the recipient's computer.  	HTML files contain text, hyperlinks, and images, videos.  	Using the same search engine at different times will definitely yield the same search results.	A	Network Protocol###Retrieval of online resources###Concepts and Connections of Web Pages and Websites###Web page file format	nan	2021	high	medium
3428	The correct statement about web pages and browsers is (     ):	single_answer_choice	"Executing the ""Add to Favorites"" command in a browser can save the webpage's address."	Notepad software cannot edit hyperlinks in webpage files.	Using different search engines to search for the same keyword will always yield the same results.	"Saving a webpage as ""Webpage, Complete (*.htm; *.html)"" type in the IE browser saves the images within the webpage."	A	Browser###Retrieval of online resources###Common web editing and development tools###Creating and Saving Webpages	"[Answer] Option A: Executing the ""Add to Favorites"" command in a browser can save the web page address, which is correct. Option B: Notepad software can edit hyperlinks in web files, which is incorrect. Option C: Using different search engines to search for the same keyword may yield different results, which is incorrect. Option D: In the IE browser, saving a webpage as ""Webpage, complete (*.htm; *.html)"" will save images in a folder. Therefore, the correct answer is A.

[Analysis] This question tests knowledge of browser favorites, web editing software, web resource retrieval, and webpage saving types. Software that can be used to edit web files includes Notepad, FrontPage, and DreamWeaver."	2021	high	medium
3432	The following statement about animation is incorrect (     ):	single_answer_choice	The formation of animation utilizes the persistence of vision phenomenon.	Adobe ImageReady software cannot create animations.	Animation is formed by continuously presenting several static frames using certain technical means.	Flash is a common two-dimensional animation creation software.	B	The Basic Concepts of Computer Animation###Multimedia data acquisition and editing software	nan	2021	high	medium
6704	In the following code, the function curve generated by (  ) is smoother.	single_answer_choice	import numpy as np; x = np.arange(0, 2*np.pi, 0.1); y = np.sin(x)	import numpy as np; x = np.arange(0, 2*np.pi, 0.01); y = np.sin(x)	import numpy as np; x = np.arange(0, 3*np.pi, 1); y = np.sin(x)	import numpy as np; x = np.arange(0, np.pi, 0.5); y = np.sin(x)	B	Data visualization tool	nan	2022	high	medium
6426	The following statement about data is correct (    ):	single_answer_choice	The speed of data processing mainly depends on computer hardware, and software has little impact.	In big data, the value of each piece of data is very high and cannot be treated casually.	In computers, all data is structured.	Data security not only involves protecting data from damage but also considers the risk of data being hacked or stolen.	D	Data organization and its purpose###The form of data	nan	2021	high	medium
6453	Regarding website construction, which of the following statements is not entirely correct? (　　)	single_answer_choice	Website content should be concise to allow users to capture the core content of the site in a short time.	"Website management and maintenance should be strengthened to ensure the content remains consistently ""fresh""."	Website layout design should be ingenious and unique in style to reflect the cultural depth of the site owner.	The design of the website layout should extensively use audio, video, and other multimedia information to create a visual impact.	D	Website maintenance and evaluation	nan	others	high	medium
