index	question	category	answer	knowledge	analysis	year	grade_level	difficulty_level
1364	"In Excel, sometimes using functions cannot solve problems, and we need to manually create formulas. The steps for creating a formula are (　　).
① Press Enter key ② Enter ``='' in the formula bar ③ Input the formula ④ Click the cell where the formula is to be created
A. ④③②① B. ④②③① C. ①②③④ D. ④②①③"	multiple_answer_choice	B	Basic Operations of Table Data	"[Answer] In Excel, the steps to create a formula are: ④ Click on the cell where you want to create the formula, ② Enter ""="" in the formula bar, ③ Input the formula, ① Press the Enter key. Therefore, the answer is B. \\
[Analysis] This question examines the use of formulas in Excel."	others	high	medium
6184	"DHCP is the Dynamic Host Configuration Protocol. The main functions of DHCP are:
A. To centrally manage and allocate IP addresses
B. To enable hosts in a network environment to dynamically obtain IP addresses
C. To enable hosts in a network environment to dynamically obtain the default gateway address
D. To enable hosts in a network environment to dynamically obtain the DNS server address"	multiple_answer_choice	A, B, C, D	Information carriers, communication lines, and connecting devices in the network###IP Address and Configuration	"[Answer] DHCP is the Dynamic Host Configuration Protocol. The main function of DHCP is to centrally manage and allocate IP addresses; enable hosts in the network environment to dynamically obtain IP addresses; enable hosts in the network environment to dynamically obtain a default gateway address; and enable hosts in the network environment to dynamically obtain a DNS server address. Therefore, the answer is ABCD.

[Analysis] This question tests the setting of IP addresses."	2021	high	medium
1374	"Design the management database for a certain app using Access software. The pre-established ""Basic Information"" data table is used to store the data as shown in the diagram.

The description about the ""Basic Information"" data table that is incorrect is (     ):

A. The field order in the ""Basic Information"" table can be different from the column order of the data in the diagram.

B. The field values for ""ID"" in the data table can be discontinuous.

C. The data above can be imported in Excel format to create a data table.

D. The data type for the corresponding field in the data table for the ""Network"" column in the diagram must be ""Yes/No""."	multiple_answer_choice	D	Editing of tables, fields, and records###Import and Export of Database Files	"[Solution] In the figure, the data type of the ""Yes/No Network"" column in this data table may be ""Yes/No"" or it may be text. Therefore, the answer is D. [Analysis] This question mainly examines fields. The main field data types provided by Access include: text, number, date/time, currency, auto-number, and yes/no. Auto-number is a unique sequence number (incremental or random) that users cannot directly modify. The ""Yes/No"" type stores logical values and can only take two values. The ""Currency"" type stores monetary data, such as amounts and prices."	2021	high	medium
4792	"The following are part of the preliminary preparation process for building an information system:  
A. Requirements Analysis → Feasibility Analysis → Hardware Selection → System Test Design → Detailed Design  
B. Requirements Analysis → Feasibility Analysis → Development Model Selection → Outline Design → Detailed Design  
C. Data Collection and Input → Program Design → Hardware Selection → Detailed Design → Data Query Design  
D. Data Collection and Input → Data Storage → Data Transmission → Data Processing → Data Query Design"	multiple_answer_choice	B	Preparations for Building an Information System	[Answer] The question involves the basic process of system construction, which mainly includes: requirements analysis, feasibility analysis, selection of development model, high-level design, detailed design, etc. Therefore, the answer is B. [Analysis] This question assesses the preliminary preparation for building an information system.	others	high	easy
