index	question	category	answer	knowledge	analysis	year	grade_level	difficulty_level
5912	"Correct statements about the relationship between tables are:

1) The fields set up for relationships between two tables can have different names, but the field type and content must be the same.  
2) A relationship requires two fields (or multiple fields) to be determined.  
3) An auto-number type field can establish relationships with long integer type numeric fields.

Choose the correct statements: ( )  
A. 1) 2)  
B. 1) 2) 3)  
C. 2) 3)  
D. 1) 3)"	fill_in_the_blank	B	Concepts of tables, fields, and records###Data type of the field	nan	others	high	medium
6116	"The correct statements about artificial intelligence and its applications are:  
A. Symbolic artificial intelligence consists of two parts: a knowledge base and an inference engine.  
B. Connectionist artificial intelligence is a trial-and-error learning guided by problems.  
C. Behaviorist artificial intelligence performs cognitive reasoning by imitating the complex interactions between neurons in the human brain.  
D. AlphaGo's crossover from Go AI to the field of power control belongs to hybrid augmented intelligence.  
The correct answer(s) are: ( )."	fill_in_the_blank	A	Development and Current Status of Artificial Intelligence###Applications of Artificial Intelligence	Answer: A: Symbolic artificial intelligence utilizes symbol representation and information processing, where a knowledge base stores domain knowledge, and an inference engine is used for reasoning and decision-making based on this knowledge. It consists of both a knowledge base and an inference engine. Option A is correct. B: Connectionist artificial intelligence is based on neural network learning models, solving problems through learning data patterns and connections, not just trial-and-error learning. Option B is incorrect. C: Behaviorist artificial intelligence emphasizes learning and inference through behavioral observation and feedback, interaction with neurons is not its main feature. Option C is incorrect. D: AlphaGo is an intelligent system based on deep reinforcement learning, primarily applied in the Go domain, and has not crossed over into the field of power control. Option D is incorrect. Therefore, the answer to this question is: A. Analysis: This question examines knowledge related to artificial intelligence. To solve this question, one must have a clear understanding of the three main streams of artificial intelligence	2023	high	medium
6531	"The Boolean expression representing the condition ""variable X is an even number that is divisible by 5"" is: ( )"	fill_in_the_blank	X Mod 5=0 And X Mod 2=0	Operators, Basic Operations, and Expressions	[Answer] The variable X being divisible by 5 is represented as X Mod 5=0, and X being an even number is represented as X Mod 2=0. Therefore, the Boolean expression for these conditions is X Mod 5=0 And X Mod 2=0. Thus, the answer is: X Mod 5=0 And X Mod 2=0. [Analysis] This question examines the comprehensive use of arithmetic and logical operators in Boolean expressions.	others	high	medium
2432	"Linlin and Lili both enjoy chatting online. Linlin trains his English writing skills in the ""English Corner"" chatroom opened in a web browser, while Lili discusses math problems with friends using QQ chat software. The network application software models used by Linlin and Lili for chatting are (     ).  
A. B/S and C/S  
B. C/S and B/S  
C. Both are B/S  
D. Both are C/S"	fill_in_the_blank	A	Composition of Computer Systems	"Answer: B/S is the abbreviation for Browser/Server, which is a web application architecture involving a browser and server. C/S stands for Client/Server, an application architecture involving a client and server. Therefore, the network application software mode used in the ""English Corner"" chat opened in a browser is B/S, while the one used in chatting via QQ client is C/S. Thus, option A is correct. 

Analysis: This question examines the difference between the two commonly used network application software models: B/S and C/S."	2019	high	medium
5918	When the custom function `ugly(30)` is called, the correct statement is: ( ).	fill_in_the_blank	B. An iterative algorithm is applied in the program at the box.	Process and Custom Functions###The complexity and efficiency of algorithms	nan	2022	high	medium
859	After executing this program segment, the text displayed in the text box Text1 is: ( )	fill_in_the_blank	D	Debugging and running the program.###Constants, variables, and variable assignment.	"[Solution] Analyzing the execution process of the program segment:  
Initial values: s = ""Hello world"", s1 = """", n = Len(s), n = 11;  
The initial value of the For loop is 1, and the end value is n/2 = 5, with a default step of 1.  
When i = 1, Mid(s, 1, 1) = ""H"", Mid(s, 11, 1) = ""d"", ""H"" > ""d"" is false, execute s1 = Mid(s, n-i+1, 1) + s1, s1 = ""d"";  
When i = 2, Mid(s, 2, 1) = ""e"", Mid(s, 10, 1) = ""l"", ""e"" > ""l"" is false, execute s1 = Mid(s, n-i+1, 1) + s1,"	2019	high	medium
5901	"The correct conversion among the following storage capacity units is (   )
C. 1MB=1024KB"	fill_in_the_blank	C	Audio, image, video encoding	"Answer: Based on the conversion of computer storage capacity units, 1GB = 1024MB, 1MB = 1024KB, 1KB = 1024B. Options A, B, and D are incorrect, and option C is correct. Therefore, the answer is C.
Analysis: This question mainly tests the conversion between computer storage capacity units. Computer hard drive storage capacity is usually measured in bytes, kilobytes, megabytes, gigabytes, terabytes, etc. Conversion method: 1TB = 1024GB, 1GB = 1024MB, 1MB = 1024KB, 1KB = 1024B."	2018	high	medium
6126	"The design of this report in the multimedia production process is part of ( ).  
A. Creative needs analysis  
B. Application needs analysis  
C. System structure design  
D. Functional module design"	fill_in_the_blank	A	Planning and design of multimedia works	"[Answer] The table in the question involves the themes, structural types, and release methods of the work, which all fall under creative needs analysis. Therefore, the answer is A.  
[Analysis] This question mainly examines the planning and design of multimedia works. Multimedia work design is divided into three parts: needs analysis, planning design, and script writing. Needs analysis includes application needs analysis and creative needs analysis; analyzing social needs, user situations, and work benefits falls under application needs analysis, while analyzing themes, content, structural types, software and hardware needs, and release methods falls under creative needs analysis. Planning design includes system structure design and functional module design; analyzing the components, workflows, and main interfaces of multimedia works falls under system structure design, while designing the main interface in modules belongs to functional module design. Script writing describes the production process in words, including writing the script outline, text script, and production script."	others	high	medium
717	"The email sent by the child to his friend, who was not online at the time, will ( ).  
A. be returned to the sender  
B. be stored on the mail server  
C. be unable to open because time has exceeded  
D. be discarded"	fill_in_the_blank	B	Email, electronic bulletin boards, and other information exchange methods.	"[Answer] When we send an email, it is dispatched by the mail sending server, which determines the recipient's mail receiving server based on the recipient's address. The email is then sent to that server. The recipient can access the server to retrieve the email. Therefore, sent emails are stored on the mail server. Hence, the answer is B.

[Analysis] This question mainly tests the use of email. The main protocol for sending emails is SMTP, while the main protocols for receiving emails are POP3 and IMAP. When sending an email, it is sent by the mail sending server, and the recipient can read it from the mail server when receiving it."	others	high	medium
4493	Xiaolin filmed many short clips with a camcorder while traveling, and now she wants to edit these clips and add background music. She should use software ( ) to complete this production.	fill_in_the_blank	Premiere	Multimedia data acquisition and editing software	nan	2021	high	medium
3067	"A student wants to create a FLASH animation of a seed gradually growing into a big tree. To simplify production, which type of animation should he choose? ( )  
A. Frame-by-frame animation B. Shape animation C. Motion animation D. Mask animation"	fill_in_the_blank	B	Type of animation	nan	2022	high	medium
2757	"Processing video information primarily involves three aspects ( ).  
A. Video information shooting, video information storage, video information playback  
B. Video information collection, video information editing, video information publishing  
C. Video information collection, video information editing, video information synthesis  
D. Video information shooting, video information organizing, video information synthesis"	fill_in_the_blank	C	The general process of information processing###Basic video processing	"Answer: Option A: Recording video information is part of video collection but not all of it, as collecting video materials online also counts as video collection. Storing video information is not part of the editing process. Playing video information is the release of the video and not part of the processing stage. This option is incorrect. 

Option B: The release of video information is the final stage of video production and not part of the processing stage. This option is incorrect. 

Option C: The processing of video information includes three stages: collection, editing, and synthesis. This option is correct. 

Option D: Recording video information is part of video collection but not all of it. Organizing video information is a type of video editing but not the entirety of it. This option is incorrect. Therefore, the answer is C.

Analysis: This question tests the steps of video information processing. Information processing involves a series of processes like identifying, screening, classifying, sorting, analyzing, and reinventing to"	others	high	medium
4834	"The correct statements about the database are as follows ( ).  
A. Pictures or videos cannot be stored in the database.  
B. The database management system is responsible for establishing, using, and maintaining the database. Access and DB2 are examples of small database management systems.  
C. In the Access datasheet view, if you accidentally delete a value in a field, you can immediately restore it through the ""undo"" operation.  
D. After entering data into an Access datasheet, no field can be set as the primary key."	fill_in_the_blank	C	Utilize database management information###Database, database systems and their characteristics	"Answer: Option A: The database links images or videos using OLE, which is incorrect. Option B: The database management system is responsible for establishing, using, and maintaining the database. Examples like Access and FoxPro are small database management systems, whereas SQL and DB2 are large database management systems. This option is incorrect. Option C: The Access Datasheet View supports the ""undo"" operation, which is correct. Option D: Setting the primary key can be done before or after entering data, but primary keys cannot have duplicate field values, making this option incorrect. Therefore, the correct answer is C.

Analysis: This question tests the concept of database management systems and field operations. A Database Management System (DBMS) is a large software for manipulating and managing databases. It is used to establish, use, and maintain databases. It provides unified management and control of the database to ensure its security and integrity."	2018	high	medium
5474	"Regarding the methods for adding a new presentation, which of the following statements are feasible?

A. Use the shortcut Ctrl+M  
B. Click ""File → New""  
C. Use the ""New"" button in the ""Quick Access Toolbar""  
D. Use the shortcut Ctrl+N

Answers that are feasible: ( ), ( ), ( )"	fill_in_the_blank	B, C, D	Application of slides	nan	2023	high	medium
3941	"In EXCEL, the following statements are correct:  

A. The number of worksheets included when creating a new workbook can be set by the user. ( )  

B. Numbers exceeding 11 digits are automatically displayed in scientific notation. ( )  

C. Data must be sorted before performing a subtotal. ( )  

D. Blank cells are sorted at the end in EXCEL. ( )"	fill_in_the_blank	True; True; False; True	Workbook, Worksheet, and Cell###Processing and calculation of tabular data	nan	2021	high	medium
6844	"The following code introduces Python's math module and uses the floor function from the math module to round down a real number input from the command line:
```python
n = input(""Please enter a real number: "")
n2 = math.floor(float(n))
print(n2)
```
The code that should be filled in the ( ) of this code segment is ( )."	fill_in_the_blank	import math	Common standard functions###Basic statements	nan	2020	high	medium
860	"Among the following options, the statement that is incorrect is (    )
A. When sending E-Mail, SMTP protocol is used for sending mails, and POP3 protocol is used for receiving mails.
B. The function of a web bookmark is to save the URL of a webpage, rather than the actual content of the webpage.
C. The content of a webpage can be edited using Notepad and can also be modified using the IE browser.
D. Computer viruses and hackers can both cause losses to users, so we must pay high attention to computer security."	fill_in_the_blank	C	Email, electronic bulletin boards, and other information exchange methods.###Common web editing and development tools###Information system security risk	"[Answer] Web pages are hypertext files, so they can be modified using Notepad. However, the IE browser can only view web pages and cannot be used to modify web page files, thus option C is incorrect. Therefore, the answer is C.  
[Analysis] This question tests basic knowledge of computer networks and computer security."	others	high	medium
4845	"When Xiaoming entered the campus, the automatic temperature measuring device showed ""36.4℃"", and when he went through it after school, it showed ""36.7℃"". The correct statement is ( ).  
   
A. The different data of Xiaoming’s two temperature readings indicate that information has authenticity and falsity.  
  
B. The process of the automatic temperature measuring device collecting Xiaoming's body temperature reflects that information can be transmitted and shared.  
  
C. The automatic temperature measuring device will automatically sound an alarm when it detects a student's temperature is too high, which involves artificial intelligence technology.  
  
D. The process by which the automatic temperature measuring device obtains the temperature through a sensor and displays it on the monitor is a process of analog-to-digital conversion."	fill_in_the_blank	D	Information and its characteristics###Concept and Role of Digitization###Sensor technology, control technology, and functionality	"[Answer] Option A: Human body temperature is dynamic, and differing temperature data cannot indicate the authenticity of information; Option B: Collecting body temperature is about obtaining information, not demonstrating the transmission and sharing of information; Option C: An automatic temperature measuring device sounding an alarm when detecting a student's high temperature involves control technology, not artificial intelligence technology; Option D: The process of an automatic temperature measuring device obtaining temperature through a sensor and displaying it on a screen is a process of analog-to-digital conversion. Therefore, the correct answer is D.

[Analysis] This question examines the characteristics of information, information technology, and the digitization of information. Characteristics of information include medium dependence, timeliness, shareability, processability, authenticity, and value. Information digitization means converting information into 0s and 1s, which a computer can directly process before using the computer to handle the information. It is also a method of information encoding."	2020	high	medium
3080	"Which of the following options is not a common wireless local area network standard? ( )  
A. Bluetooth standard  
B. HiperLAN standard  
C. IEEE802.3 standard  
D. IEEE802.11 standard"	fill_in_the_blank	C	Setup of a Local Area Network	nan	2021	high	medium
4899	"Xiao Zhang woke up in the morning feeling a bit of a sore throat and slight dizziness. His mother measured his temperature and found it was 38℃, initially judging that Xiao Zhang had a cold and fever. The following descriptions related to data, information, knowledge, and wisdom are correct:

A. The number ""38"" shown on the thermometer is merely data and does not contain any information.
B. The initial judgment of a cold and fever based on ""sore throat, dizziness, and a temperature of 38℃"" is a reflection of ( ).
C. Drinking more water and getting more rest is beneficial for rapid recovery, which reflects human wisdom.
D. After drinking a cup of hot water and resting for half an hour, Xiao Zhang's temperature measured 37.2℃, indicating that information has authenticity."	fill_in_the_blank	knowledge	Information and its characteristics###The relationship between data, information, knowledge, and wisdom	nan	2021	high	medium
3082	"The programming language that computers can directly recognize and execute is: ( )
A. Machine Language B. High-Level Language C. Assembly Language D. Language"	fill_in_the_blank	A	Computer language	nan	2019	high	medium
2438	"The correct statements about algorithms are ( ).  
A. The general process of solving problems by algorithms is ""designing the algorithm --- abstraction and modeling --- describing the algorithm"".  
B. Data, operations, and control transfer are the three major elements of an algorithm.  
C. Any algorithm must have at least one input data and one output data.  
D. A single algorithm can be represented only by one method."	fill_in_the_blank	B	The basic concepts and characteristics of algorithms###Common representation methods of algorithms###The process of problem-solving by computers###Elements of Algorithms	nan	2023	high	medium
4006	"A classmate uses the IE browser to access the website ""http://www.xyjyjt.com"" The correct statement is (    )
C. The webpage's URL and its title are not necessarily the same."	fill_in_the_blank	C	Concepts and Connections of Web Pages and Websites###Common web editing and development tools	"[Answer] Option A: `http://www.xyjyjt.com` is the homepage of a website. Generally, when a website is set up, its homepage domain will include `/index.html`. With the development of web technology and for security considerations, the homepage filename of many websites is hidden, but you can still use a browser to normally access `www.qq.com`. A is incorrect; Option B: Web page content is described using HTML language. B is incorrect; Option C: When building a website, the webpage URL and webpage title are set independently, and for most websites, these two differ. C is correct; Option D: The HTTP protocol is used for data exchange between the browser and the WEB server. D is incorrect. Therefore, the answer is C.  
[Analysis] This question tests web page creation tools and understanding of web pages. A URL is a Uniform Resource Locator, representing the name of the WWW server where the web page is located and the storage path."	others	high	medium
1894	Regarding this app, the correct statement is: ( ).	fill_in_the_blank	B. The software uploads information to the cloud without the user’s knowledge, infringing on personal privacy.	Information and its characteristics###Information literacy, internet ethics, and laws and regulations###System software, application software, and their functions.	nan	2020	high	medium
3553	"The correct statement regarding intellectual property is ( ).  
A. A website publishing others' works in the form of links definitely does not constitute an infringement.  
B. Selling pirated software is illegal, but purchasing and using pirated software is not illegal.  
C. Providing downloads of others' decrypted software on a website does not constitute an infringement of the author's rights.  
D. Copying and sharing someone's software without the consent of the copyright owner constitutes infringement."	fill_in_the_blank	D	Intellectual property	nan	2019	high	medium
4380	"The following statements about webpages and browsers are incorrect ( ).  
A. When editing a webpage, hyperlinks can be created for text and images within the page.  
B. Information is transmitted between the browser and server via the HTML protocol.  
C. Webpage files can be edited using Notepad software.  
D. Bookmarks can save webpage URLs."	fill_in_the_blank	B	Network Protocol###Browser###Common web editing and development tools###Web page interaction design	nan	2020	high	medium
221	Translation between Chinese and English belongs to the transformation of ( ).	fill_in_the_blank	information	The concept of information processing and handling	"[Answer] Chinese-English bidirectional translation involves information processing. Fill in this question: Processing.
[Analysis] This question examines information processing. Information processing technology describes, classifies, sorts, transforms, condenses, expands, and innovates information. Chinese-English bidirectional translation is an information transformation."	others	high	medium
6113	"The correct statements about web pages and emails are ( ).  
A. Notepad cannot edit web page files.  
B. Hyperlinks can only achieve navigation between web pages.  
C. The protocol used for transferring emails between email servers is SMTP.  
D. The function of the POP3 protocol is to send emails to the recipient's email inbox."	fill_in_the_blank	C	Information Expression Methods and Expression Techniques###Email, electronic bulletin boards, and other information exchange methods.###Common web editing and development tools	nan	2023	high	medium
3063	"Information systems achieve control and coordination of workflows through effective control of (    ).
A. Equipment B. Data C. Software D. Network"	fill_in_the_blank	B	Concept of Systems and Information Systems	nan	others	high	medium
3933	"The following may lead to network security vulnerabilities:   
A. Not installing antivirus software and firewall  
B. Lack of network security knowledge by administrators  
C. Purchasing legitimate software  
D. Lack of strict and reasonable network management systems  

The correct options are ( ), ( ), and ( )."	fill_in_the_blank	A; B; D	Information system security risk	nan	2022	high	medium
3062	"The suffix .gov in a domain name indicates the type of organization as (      )
A. Military Institution B. Government Institution C. Educational Institution D. Commercial Company"	fill_in_the_blank	B	Domain Names and Their Management	"[Answer] In domain names, ""com"" represents commercial organizations, ""edu"" is for educational institutions, ""gov"" is for government departments, and ""mil"" is for military departments. Thus, the suffix "".gov"" in a domain name indicates that the entity belongs to a government agency, so the answer is B.

[Analysis] This question primarily tests the concept and function of domain names. A domain name consists of two or more words separated by dots, with the rightmost word being the top-level domain. ""COM"" is used for commercial organizations and is the most common top-level domain. "".NET"" was originally intended for network organizations, and "".ORG"" is for various organizations including non-profits; anyone can register a domain ending in "".ORG"". Domain names distinguished by organization type include: com (commercial organizations), net (network service providers), gov (government agencies), mil (military agencies), org (non-profit organizations), edu (educational departments), imt ("	2019	high	medium
382	"During the 2018 FIFA World Cup in Russia, there were many interesting sidelines while teams from various countries competed: the defending champions, Germany, lost their opening match to Mexico. German astronaut Alexander Gerst, who was still on the International Space Station, sent encouragement from space. He wrote on the social media platform ""Twitter"": ""The first match is just to get used to things, and I'm sending blessings from the International Space Station."" He also included a photo of himself wearing a German team jersey and watching the game aboard the space station.

(1) The medium of information dissemination for the ""Twitter"" encouragement in this case is ( );  
(2) In this case, the main form of information carrier used by the astronaut to send ""Twitter"" to the players is ( );  
(3) The fact that the astronaut can send ""Twitter"" to the players from space reflects the trend of information technology development as ( )."	fill_in_the_blank	Online media; Text and graphics; Networking	Information and its characteristics###Development trends of information technology###Transmission and dissemination of information	"【Answer】 (1) Sending ""Twitter"" blessings is transmitted through Internet media. Therefore, the answer is: Internet media;  
(2) The tweets sent by astronauts include words and images, indicating that the main forms of information carriers are text and graphics. Therefore, the answer is: text and graphics;  
(3) ""Twitter"" is sent via the Internet, reflecting the trend of informatization (broader scope) in the development of information technology. Therefore, the answer is: networked.  
【Analysis】 This question examines the characteristics of information, the dissemination of information, and trends in the development of information technology."	2018	high	medium
2144	A large number of databases and servers in virtual spaces are connected through various networks, becoming a mapping of the real space. In this mapping process, people utilize the core industries of the information age, namely ( ) and ( ).	fill_in_the_blank	Information technology industry; Information content industry	Definition and Connotation of the Information Society	nan	others	high	medium
6843	The sensor can simulate the coordinated actions of human senses and the brain; it is a type of sensor with ( ) functions. Smart sensors come equipped with ( ), possessing the ability to collect, process, and exchange information. They are the result of integrating sensors with ( ).	fill_in_the_blank	intelligent; information processing; microprocessors	Types and Functions of Sensors	nan	others	high	medium
7241	The conversion of insert/edit status can be achieved by pressing the \ul{   } key on the keyboard.	fill_in_the_blank	Insert	The application of multimedia technology	[Answer] Pressing the Insert key on the keyboard can toggle between insert/overwrite modes, so the answer to this question is Insert. [Analysis] This question mainly tests the functions of some keys on the keyboard and belongs to the category of general application questions. The Insert key toggles between insert and overwrite modes. When set to insert mode, each character entered is inserted at the current cursor position, and the character at the cursor and all following characters move one space to the right. When set to overwrite mode, each character entered replaces the current character at the cursor position.	others	high	medium
4599	"The following statements about information and information technology are incorrect (    ):
A. The representation, storage, and dissemination of information must rely on a medium; information without a medium does not exist.
B. People can use information technology to convert information from one form to another.
C. The ability to forward files from QQ to WeChat suggests that the expression of information does not need to be standardized.
D. Weather data from a specific day last week is usually not useful for planning tomorrow's travel, indicating that information has timeliness."	fill_in_the_blank	C	Information and its characteristics###Information Expression Requirements	[Answer] Files in QQ can be forwarded to WeChat, indicating that the expression of information is standardized. Therefore, the answer is C. [Analysis] This question mainly examines the characteristics of information and its expression. Information characteristics include dependency on a carrier, timeliness, shareability, processability, authenticity, and value.	2021	high	medium
2496	The International Telecommunication Union defines the Internet of Things as a network that connects any object to the internet through information sensing devices such as ( ) and ( ), among others. This is done according to agreed protocols to facilitate the intelligent recognition, positioning, tracking, monitoring, and management of these objects.	fill_in_the_blank	QR code; radio frequency identification devices	The Internet of Things and Its Development History	nan	others	high	medium
853	The time complexity of the given code segment is ( ).	fill_in_the_blank	O(N^2)	Loop structure statements and program implementation###The complexity and efficiency of algorithms	nan	2023	high	medium
3409	"In the Internet, https is called (    )
B. Hypertext Transfer Protocol Secure"	fill_in_the_blank	B	Common Types of Network Services	"[Answer] HTTPS stands for Hyper Text Transfer Protocol over Secure Socket Layer or Hypertext Transfer Protocol Secure. Therefore, the answer is B. \\
[Analysis] This question mainly tests the types of transmission protocols. File Transfer Protocol is TCP, Hypertext Transfer Protocol is HTTP, Hypertext Transfer Protocol Secure is HTTPS, and Local Area Network Communication Protocol is UDP."	2019	high	medium
1313	"The correct statements are:  
A. From the birth of the first computer to today, computer development has gone through ( ) generations.  
C. Using computers to create advertising graphics, architectural drawings, and fashion design styles is called ( ).  
D. Computers have already been used in many fields such as ( ), banking, and transportation."	fill_in_the_blank	four; computer-aided design (CAD); postal services	The development of computers###Functions and Features of a Computer	nan	others	high	medium
6525	"E-R diagram uses \_\_\_ to represent entities and \_\_\_ to represent relationships between entities.  
A. Rectangle  
B. Diamond  
C. Oval  
D. Undirected edge"	fill_in_the_blank	A; B	E-R Diagram and Entities with Attributes	nan	others	high	medium
1806	The purpose of system testing is to compare \ul{　 　} and \ul{　 　}, and to correct any discrepancies.	fill_in_the_blank	Test Results; System Requirements	System testing	nan	others	high	easy
1560	"The class needs to announce the specific arrangements for the spring outing next Sunday. Reasonable methods to disseminate the information include:  
A. Sending an email to each classmate  
B. Announcing it verbally in class  
C. Placing an advertisement in the newspaper  
D. Posting a notice on the school website  
Select the most appropriate options: ( ), ( ), ( )."	fill_in_the_blank	A, B, D	Information release	nan	others	high	easy
864	The correct order is ( ).	fill_in_the_blank	③②①④	Web page production technology	nan	others	high	medium
3942	"To copy files within the same folder in the ""Computer"" window, after selecting the files, you can:  

A. Directly drag the files you want to copy with the left mouse button  
B. Use the shortcut keys Ctrl+C and Ctrl+V  
C. Use the ""File → Copy"" command and ""File → Paste"" from the menu  
D. Hold down the Ctrl key and drag the files you want to copy with the left mouse button

Select the correct options: ( ) ( )."	fill_in_the_blank	B, D	The use of mouse and keyboard in documents###Naming and Basic Operations of Files and Folders	"[Answer] To copy files within the same folder in the ""Computer"" window, after selecting the files, you can use the shortcuts Ctrl+C and Ctrl+V, or hold the Ctrl key and drag the files you want to copy with the left mouse button. Therefore, the answer is BD.

[Analysis] This question tests the basic operations of computer system files."	2020	high	medium
4508	"While information systems bring many conveniences to people, they also show some limitations. The option below that is not a limitation of information systems is (   ).  
A. Dependence on the external environment  
B. Technical barriers that may exacerbate the digital divide  
C. Inherent security risks  
D. Overcoming time and space limitations, providing services anytime and anywhere"	fill_in_the_blank	D	Advantages and Limitations of Information Systems	nan	2022	high	medium
2147	"The following options are functions of the ""fill handle"":  
A. Copy cells  
B. Fill series  
C. Fill format only  
D. Fill without format  
Select all correct options: ( )"	fill_in_the_blank	A, B, C, D	Menu bar, toolbar functions	nan	2021	high	medium
3076	Among the following software, the one suitable for writing research study reports is ( ). A. Photoshop B. Word C. Flash D. Storm Video Player	fill_in_the_blank	B	The main purpose of information processing	"[Answer] Option A: Photoshop is an image editing software; Option B: Word is a text processing software; Option C: Flash is an animation processing software; Option D: Storm Media Player is a video playback software. Writing a research study report requires text processing, so the answer is B.
[Analysis] This question primarily tests the role of word processing software and the understanding of commonly used software."	2017	high	medium
1032	"The correct statement is (    ):  
A. Multiple types of redundancy may exist simultaneously in an image.  
B. Sound files can only undergo lossy compression.  
C. Converting a file from BMP to JPG and then from JPG back to BMP will not result in any color loss.  
D. Lossless compression has a higher compression ratio than lossy compression."	fill_in_the_blank	A	Multimedia Data Compression Technology###Image format conversion###Audio format conversion	"Answer: Option A: There are types of image data redundancy, such as spatial redundancy, structural redundancy, and knowledge redundancy. Multiple types of redundancy may exist simultaneously in an image. A is correct; Option B: Sound files can undergo both lossy and lossless compression. B is incorrect; Option C: Converting a file from BMP to JPG reduces the storage size, which is a form of lossy compression. Lossy compressed files result in information loss, and even if converted back to BMP, there will be color loss. C is incorrect; Option D: Lossless compression preserves the image quality better, but compared to lossy compression, the compression rate is relatively low. D is incorrect. Therefore, the answer is A.

Analysis: This question examines concepts of data redundancy and data compression. Data redundancy refers to the repeated occurrence of the same data in a system. In file systems, since files are not related, data may appear in multiple files, but databases overcome this defect of file"	2019	high	medium
3931	"To ensure tables created in FrontPage or Dreamweaver have invisible borders when viewed, incorrect operations include ( ).  
A. Set cell spacing to 0  
B. Set cell padding to 0  
C. Set the table border thickness to 0  
D. Set both table width and height to 0"	fill_in_the_blank	A, B, D	Forms and Their Applications	nan	others	high	medium
3929	"The statements about big data that are incorrect include:  
A. In many cases, the source of big data can be independent of human intervention.  
B. The speed at which big data is generated is fast, so the processing speed can be somewhat slower. ( )  
C. Big data can be processed using Excel spreadsheets or databases. ( )  
D. When the data volume is large, a portion of the data can be extracted as the data source of big data. ( )  
E. Big data can make our lives more convenient, but it can also potentially create new social issues."	fill_in_the_blank	B, C, D	Big Data Thinking###The impact of big data on society	nan	2021	high	medium
172	"A. The content of a static webpage does not automatically change; when the webpage file is not modified, the content returned each time it is accessed remains the ( ).
B. The content returned by a dynamic webpage changes according to different user ( ).
C. When accessing a dynamic webpage, users can ( ) the source code of the dynamic webpage through the method of viewing source files in Internet Explorer.
D. Dynamic webpages have characteristics of ( ), personalization, and automation."	fill_in_the_blank	same; selections; not view; interactivity	Dynamic web pages and static web pages	nan	others	high	medium
