index	question	category	A	B	C	D	answer	knowledge	analysis	year	grade_level	difficulty_level
1629	Let \(m\) and \(n\) be two different lines, and \(\alpha\) and \(\beta\) be two different planes. Which of the following propositions is correct?	single_answer_choice	If \(m \parallel \alpha\) and \(n \parallel \alpha\), then \(m \parallel n\).	If \(\alpha \parallel \beta\), \(m \subset \alpha\), and \(n \subset \beta\), then \(m \parallel n\).	If \(\alpha \cap \beta = m\), \(n \subset \alpha\), and \(n \bot m\), then \(n \bot \beta\).	If \(m \bot \alpha\), \(m \parallel n\), and \(n \subset \beta\), then \(\alpha \bot \beta\).	D	Criterion for a Line to be Perpendicular to a Plane###Determining the Perpendicularity of Planes###Properties of perpendicular planes	"[Answer] For A, since \(m \parallel \alpha\) and \(n \parallel \alpha\), line \(m\) and \(n\) can be parallel, intersecting, or skew, thus A is incorrect.  
For B, since \(\alpha \parallel \beta\), \(m \subset \alpha\), and \(n \subset \beta\), line \(m\) and \(n\) can be parallel, intersecting, or skew, thus B is incorrect.  
For C, only when \(\alpha \bot \beta\) by using the perpendicular theorem, can we deduce \(n \bot \beta\), thus C is incorrect.  
For D, since \(m \bot \alpha\) and \(m \parallel n\), we can deduce \(n \bot \alpha\), and since \(n \subset \beta\), it follows that \(\alpha \bot \beta\), thus D"	others	high	medium
3181	Among the following functions, which has a period of \(\frac{\pi}{2}\) and is monotonically increasing in the interval (\(\frac{\pi}{4}\), \(\frac{\pi}{2}\))?	single_answer_choice	\(f(x) = |\sin 2x|\	\(f(x) = \sin|x|\)  	\(f(x) = |\sin 2x|\)  	\(f(x) = \cos|x|\)  	D	Graph of the sine function###Properties of the Sine Function###The graph of the cosine function###Properties of the Cosine Function	"Solution: 

A. The graph of the function \(y = \sin|x|\) is as shown: From the graph, it is clear that the function is not periodic; hence, A is not correct.

B. The graph of the function \(f(x) = \left| \sin 2x \right|\) is as shown: From the graph, its period is \(\frac{\pi}{2}\), and it is monotonically decreasing in the interval \((\frac{\pi}{4},\frac{\pi}{2})\); hence, B is not correct.

C. The function \(y = \cos|x| = \cos x\) has a period of \(2\pi\); hence, C is not correct.

D. The graph of the function \(y = |\cos 2x|\) is as shown: From the graph, its period is \(\frac{\pi}{2}\), and it is monotonically increasing"	2024	high	medium
6453	Let \(a, b\) be non-coincident lines and \(\alpha, \beta\) be distinct planes. The correct statements are:	single_answer_choice	If \(\alpha \parallel \beta\), \(a \subset \alpha\), \(b \subset \beta\), then \(a \parallel b\)	If \(\alpha \parallel \beta\), \(a \subset \alpha\), \(b \subset \beta\), then \(a \parallel b\).	If \(\alpha \parallel \beta\), \(a \subset \alpha\), \(b \subset \beta\), then \(a \parallel b\	If \(a \parallel b\), \(a \parallel \alpha\), \(b \parallel \beta\), then \(\alpha \parallel \beta\).	D	Basic Properties and Corollaries of a Plane###The spatial relationship between lines###The positional relationship between a line and a plane in space.###The positional relationship between planes in space.	"Solution: 

For option A: If \(\alpha//\beta\), \(a \subset \alpha\), \(b \subset \beta\), then lines a and b can be either parallel or skew, so option A is incorrect.

For option B: If \(a//b\), \(a//\alpha\), \(b//\beta\), then planes \(\alpha\) and \(\beta\) can be either parallel or intersect, so option B is incorrect.

For option C: If \(a//b\), \(b//\alpha\), then a can either be parallel to \(\alpha\) or belong to plane \(\alpha\), so option C is incorrect.

For option D: If \(a//\alpha\), \(b \subset \alpha\), then \(a//b\) or \(a\) is skew to \(b\), so option D is correct.

The answer is: D.

Analysis: Use"	2024	high	medium
509	It is known that \(m, n\) are two different lines, \(\alpha, \beta, \gamma\) are three different planes. The incorrect statement among the following is:	single_answer_choice	If \(m\bot\alpha, m\bot\beta\), then \(\alpha\)∥\(\beta\)	If \(\alpha\)∥\(\gamma\), \(\beta\)∥\(\gamma\), then \(\alpha\)∥\(\beta\)	If \(m \subset \alpha, n \subset \beta, m\)∥\(n\), then \(\alpha\)∥\(\beta\)	If \(m, n\) are skew lines, \(m \subset \alpha, n \subset \beta, m\)∥\(\beta\), \(n\)∥\(\alpha\), then \(\alpha\)	C	Criteria for Determining Parallel Planes###The properties of parallel planes	"Solution: 

For A, using the principle that two planes perpendicular to the same line are parallel, A is correct; 
For B, using the principle that two planes parallel to the same plane are parallel, B is correct; 
For C, when α and β intersect, if m and n are parallel to the line of intersection, then m∥n, so C is incorrect; 
For D, if m and n are skew lines, m⊂α and m∥β, n⊂β and n∥α, 
two intersecting lines in α are parallel to β, hence α∥β, so D is correct. 

Therefore, the correct answer is C. 

Analysis: According to the problem statement, determine using line-plane positional relationship theorems and properties to solve each item."	2024	high	medium
354	The given line \(l\) passes through points \(A(1, 1, 2)\) and \(B(0, 1, 0)\), and a normal vector to the plane \(\alpha\) is \(\overrightarrow{n} = (-2, 0, -4)\). Then:  	single_answer_choice	\(l \parallel \alpha\)  	\(l \bot \alpha\)  	\(l \subset \alpha\)  	\(l\) intersects \(\alpha\) but is not perpendicular	B	Vector method for proving the theorem on the positional relationship between lines and planes###Study the angle between a line and a plane using spatial vectors.	"【Solution】 Explanation: The line \(l\) passes through points \(A\) and \(B\), which gives the direction vector of line \(l\) as \(\overset{\rightarrow}{AB} = ( - 1, 0, - 2)\). Since \(\overset{\rightarrow}{n} = ( - 2, 0, - 4)\), it follows that \(\overset{\rightarrow}{n} = 2\overset{\rightarrow}{AB}\), thus \(\overset{\rightarrow}{AB} \parallel \overset{\rightarrow}{n}\), meaning line \(l\) is perpendicular to plane \(\alpha\). Therefore, option B is correct. Hence the answer is: B.

【Analysis】 Determine the direction vector of line \(l\) from two points on the line, \(\overset{\rightarrow}{AB} = ( - 1, 0, - 2)\), then"	2023	high	medium
3539	The following propositions are correct (   ):	single_answer_choice	If \(\overrightarrow{a} // \overrightarrow{b}\), \(\overrightarrow{b} // \overrightarrow{c}\), then \(\overrightarrow{a} // \overrightarrow{c}\)	If vectors \(\overrightarrow{AB}\) and \(\overrightarrow{CD}\) are collinear, then points A, B, C, D are on the same straight line	\(\overrightarrow{AB} - \overrightarrow{BD} + \overrightarrow{BO} - \overrightarrow{CB} + \overrightarrow{OD} = \overrightarrow{AC}\)	A quadrilateral ABCD satisfying \(|\overrightarrow{AB} + \overrightarrow{AD}| = |\overrightarrow{AB} - \overrightarrow{AD}|\) is a square	C	Magnitude of a vector###Collinear (parallel) vectors###Addition operation of planar vectors###Vector subtraction operation in a plane	"Answer:

A: When \(\overrightarrow{b} = \overrightarrow{0}\), \(\overrightarrow{a}\) and \(\overrightarrow{c}\) are not necessarily parallel, so A is incorrect.

B: For example, in a parallelogram \(ABCD\), the vectors \(\overrightarrow{AB}\) and \(\overrightarrow{CD}\) are collinear, but the points A, B, C, and D are not on a single straight line, so B is incorrect.

C: Because \(\overrightarrow{AB} - \overrightarrow{BD} + \overrightarrow{BO} - \overrightarrow{CB} + \overrightarrow{OD} = \overrightarrow{AB} + \overrightarrow{BO} + \overrightarrow{OD} + \overrightarrow{DB} + \overrightarrow{BC} = \overrightarrow{AC}\), C is correct.

D: For example, in"	2024	high	medium
2931	The correct statement among the following is (　　)	single_answer_choice	Angles in the second quadrant are all obtuse angles.	Angles in the second quadrant are greater than angles in the first quadrant.	If angle α does not equal angle β, then their terminal sides cannot coincide.	If the terminal sides of angle α and angle β are on the same line, then \(\alpha - \beta = k \cdot 180^\circ(k \in Z)\)	D	Angles with the same terminal side	nan	2024	high	medium
2347	Given the proposition \(p: \forall x > 0, x + \frac{4}{x} \geq a\), and the proposition \(q: \exists x \in R, x^{2} + ax + 1 = 0\), if both propositions \(p\) and \(q\) are true, then the range of the real number \(a\) is:	single_answer_choice	\(2 \leq a \leq 4\	\(2 \leq a \leq 4\)  	\(-2 \leq a \leq 2\)  	\(a \leq -2\) or \(2 \leq a \leq 4\)  	C	Intersection and its operations###Determining the Truth Value of Propositions and Their Applications###Application of Basic Inequalities in Optimization Problems	"Answer: Solution: Both propositions \(p\) and \(q\) are true propositions. From proposition \(p:\forall x > 0\), \(x + \frac{4}{x} \geq a\), we get,

∴\(a \leq \min{(x + \frac{4}{x})}\),

also, since \(x > 0\), ∴\(x + \frac{4}{x} \geq 2\sqrt{x \cdot \frac{4}{x}} = 4\),

the equality holds only when \(x = \frac{4}{x}\), i.e., \(x = 2\),

∴\(a \leq 4\).

From proposition \(q:\exists x \in R\), \(x^{2} + ax + 1 = 0\), we get,

∴\(\Delta = a^{2} - 4 \geq"	2023	high	medium
6623	Given that the sequence of positive terms \(\{ a_{n}\}\) has a sum of the first \emph{n} terms \(S_{n}\), and that \(a_{1} = 2\), with the relation \(S_{n + 1}^{2} - 3^{n}a_{n + 1} = S_{n}(S_{n} + 2 \cdot 3^{n})\), then \(S_{2023} =\)	single_answer_choice	\(\frac{3^{2023} + 1}{2}\	\(3^{2023} - 1\)  	\(\frac{3^{2023} - 1}{2}\)  	\(\frac{3^{2023} + 1}{2}\)  	C	The sum of the first n terms of a geometric series.###Recursive formula of a sequence###The relationship between the general term and the sum of the first n terms.	"[Solution] 

\[ S_{n + 1}^{2} - 3^{n}a_{n + 1} = S_{n}(S_{n} + 2 \cdot 3^{n}) \]

\[ \Rightarrow S_{n + 1}^{2} - S_{n}^{2} = 3^{n}a_{n + 1} + 2 \cdot 3^{n} \cdot S_{n} \]

\[ \Rightarrow \left( S_{n + 1} + S_{n} \right)\left( S_{n + 1} - S_{n} \right) = 3^{n}\left( a_{n + 1} + S_{n} \right) + 3^{n} \cdot S_{n} \]

\[ \Rightarrow \left( S_{n + 1} + S_{n} \right"	2023	high	medium
1715	The correct statement is (    )	single_answer_choice	If \(\left| \overset{⃑}{a} \right| = \left| \overset{⃑}{b} \right|\), then \(\overset{⃑}{a} = \pm \overset{⃑}{b}\)	The length of the zero vector is 0	Vectors with equal lengths are called equal vectors	Collinear vectors are vectors on the same straight line	B	Magnitude of a vector###Zero vector###Collinear (parallel) vectors###Equal vectors	Answer: A: \(\left| \overset{⃑}{a} \right| = \left| \overset{⃑}{b} \right|\) only indicates that \(\overset{⃑}{a}\) and \(\overset{⃑}{b}\) have equal magnitude, but their direction is uncertain, so \(\overset{⃑}{a} = \pm \overset{⃑}{b}\) is not necessarily true, thus A is incorrect; B: Based on the definition of the zero vector, B is correct; C: Vectors with equal length do not necessarily have the same direction, so C is incorrect; D: Collinear vectors are not necessarily on the same line, they can also be parallel, so D is incorrect. Therefore, the correct choice is: B. Analysis: According to the definition of vector magnitude, A is incorrect; based on the definitions and properties of zero vectors, equal	2024	high	easy
2081	"Thomas said, ""Functions are the flower of modern mathematical thought."" Based on the concept of functions, determine which of the following expressions can establish a functional relationship from set \(A = \{0,1,2\}\) to set \(B = \{-1,1,3\}\):"	single_answer_choice	\(y = x\	\(y = x\)  	\(y = x^{2}\)  	\(y = 2x\)  	D	The concept of a function and its components###Mapping	nan	2024	high	easy
3544	If the power function \(f(x) = (a^{2} - 2a - 2)x^{a}\) is monotonically increasing on \(R\), then the graph of the function \(g(x) = b^{x + a} + 1(b > 1)\) passes through the fixed point:	single_answer_choice	\((-3, 2)\	\((1, 1)\)  	\((-3, 2)\)  	\((-3, 1)\)  	B	Concept and Representation of Exponential Functions###The graph and properties of exponential functions###The concept and representation of power functions###The graphs of power functions and their relationship with exponents	"Solution: Since \(f(x) = (a^{2} - 2a - 2)x^{a}\) is a power function, we have \(a^{2} - 2a - 2 = 1\)①. Also, because the function is monotonically increasing on \(R\), \(a > 0\)②. Combining ① and ②, we find \(a = 3\). Therefore, \(g(x) = b^{x + a} + 1 = b^{x + 3} + 1(b > 1)\).

Since the exponential function \(y = a^{x}\) always passes through the fixed point \((0, 1)\), \(g(x) = b^{x + 3} + 1(b > 1)\) always passes through the fixed point \((-3, 2)\).

Thus, the answer is: B.

Analysis: Based on the definition and properties"	2023	high	medium
4599	The equation of the line on which the reflected light lies is:  	single_answer_choice	\(3x - 2y + 18 = 0\)  	\(2x - 3y + 7 = 0\)  	\(3x + 2y + 30 = 0\)  	\(2x + 3y + 25 = 0\)	B	The two-point form equation of a line###Equation of a circle symmetric with respect to a point and a line	"Solution: Let the point \(A(-6,3)\) be symmetric to the line \(2x - y + 10 = 0\) and denote the symmetric point as \(C(x,y)\), we then have the system of equations:

\[
\left\{
\begin{array}{r}
(x - 6) - \frac{y + 3}{2} + 10 = 0 \\
\frac{y - 3}{x + 6} = - \frac{1}{2}
\end{array}
\right.
\]

Solving, we find:

\[
\left\{
\begin{array}{r}
x = -2 \\
y = 1
\end{array}
\right.
\]

Thus, \(C(-2,1)\) and the equation of the line on which the reflective light ray lies is \(y - 1 = \frac{-3 - 1}{-8"	2024	high	medium
5793	Given \(a < 0\), the solution set for the inequality \(x^{2} - 4ax - 5a^{2} < 0\) with respect to \(x\) is:	single_answer_choice	\(\{ x|x < 5a\) or \(x > - a\}\	\(\{ x|x > 5a\) or \(x < - a\}\)  	\(\{ x|x < 5a\) or \(x > - a\}\)  	\(\left\{ x| - a < x < 5a \right\}\)  	D	The solution set of a quadratic equation	"Solution: The solutions to the equation \(x^{2} - 4ax - 5a^{2} = 0\) are \(x = -a\) or \(5a\). Since \(a < 0\), the solution set for the inequality \(x^{2} - 4ax - 5a^{2} < 0\) is \(\left\{ x \mid 5a < x < -a \right\}\). Therefore, the answer is: D.

Analysis: First, find the roots of the equation \(x^{2} - 4ax - 5a^{2} = 0\), then solve the inequality using the method for quadratic inequalities."	2024	high	medium
5794	The negation of which of the following propositions is a false proposition?  	single_answer_choice	There exists a real number such that \(-2x^{2} + x - 4 = 0\)  	All prime numbers are odd  	There exists a rhombus that is not a parallelogram  	There exist two non-congruent triangles with equal area	D	Four types of propositions	"[Solution] Explanation: If the negation of a proposition is false, then the proposition is true.

For A: Because \(- 2x^{2} + x - 4 = 0\), the discriminant \(\mathrm{\Delta} = 1 - 4 \times (-2) \times (-4) = -31 < 0\), indicating the equation has no solution, so the proposition is false.

For B: For example, 2 is a prime number but is even, making the proposition false.

For C: A rhombus is a special type of parallelogram, so the proposition is false.

For D: For example, triangles with the same base and height have equal area but are not necessarily congruent, so the proposition is true.

Thus, the answer is: D.

[Analysis] According to the problem, if the negation of a proposition is false, the proposition is true. Analyze each part based on the problem statement"	others	high	medium
