index	question	category	answer	knowledge	analysis	year	grade_level	difficulty_level
1824	The current in the transformer coil is relatively large, so the wire used should be relatively thick. The enameled wire of the primary coil of a step-up transformer is ( ) than that of the secondary coil. For long-distance power transmission, a step-up transformer is used to increase the transmission voltage to n times the original voltage. When the power transmitted is constant, the power loss on the transmission line due to heating will be reduced to ( ) of the original.	fill_in_the_blank	coarse; \(\frac{1}{n^{2}}\)	Transformer Principle	[Solution] Voltage is directly proportional to the number of turns, with more turns on the secondary coil of a step-up transformer, i.e., \(n_{1} < n_{2}\). Current is inversely proportional to the number of turns, therefore, \(I_{1} > I_{2}\). Since the current in the primary coil is larger, the wire of the primary coil needs to be thicker. When the transmitted electric power is constant, using \(P = UI\), we find \(I = \frac{P}{U}\). Hence, the power loss in the transmission line is \(P_{loss} = I^{2}R_{line} = {(\frac{P}{U})}^{2}R_{line}\). When the transmission voltage is increased by \(n\) times, the new power loss is \({P_{loss}}^{'} = I^{2}R_{line} = {(\frac{P}{nU})}^{	2022	high	medium
1367	A train moves in a circular motion with a radius \(r = 1800m\) at a constant speed \(v = 54km/h\) on a horizontal plane. An experimenter with a mass \(m = 50kg\) is seated on the train, stationary relative to it. Based on the experimental data provided, calculate the angular velocity of the experimenter's circular motion \(\omega =\)\ul{　 　}\(rad/s\), the centripetal acceleration \(a =\)\ul{　 　}\({m/s}^{2}\), and the net force \((F_{n}) =\)\ul{　 　}\(N\) they experience. (Express all results as fractions.)	fill_in_the_blank	\(\frac{1}{120}\); \(\frac{1}{8}\); \(\frac{25}{4}\)	Centripetal force###Centripetal acceleration	"Solution: According to \(\omega = \frac{v}{r}\), solve to get \(\omega = \frac{1}{120} \, \text{rad/s}\). Using \(a = \frac{v^{2}}{r}\), we find \(a = \frac{1}{8} \, \text{m/s}^2\). According to the centripetal force formula \(F_{n} = m\frac{v^{2}}{r}\), we get \(F_{n} = \frac{25}{4} \, \text{N}\).

Analysis: The magnitude of the angular velocity can be determined using the linear velocity and radius; the magnitude of acceleration can be found using the expression for centripetal acceleration, and combined with the mass, the magnitude of the net force can be calculated."	2021	high	medium
1059	A car is traveling at a constant speed of 10 m/s on a straight and flat road. After braking, its speed changes to 6 m/s in 2 seconds. Therefore, the distance covered in the 2nd second after braking is \ul{　 　} m, and the distance covered in the 8 seconds after braking is \ul{　 　} m.	fill_in_the_blank	7; 25	The relationship between speed and time in uniformly accelerated linear motion###The relationship between displacement and velocity in uniformly accelerated linear motion.	"Answer: Solution: Car acceleration \(a = \frac{\bigtriangleup v}{\bigtriangleup t} = \frac{6 - 10}{2} m/s^{2} = -2 m/s^{2} \)

Displacement after 2 seconds of braking \(x_{2} = \frac{v_{2}{}^{2} - v_{0}{}^{2}}{2a} = \frac{6^{2} - 10^{2}}{(-2)} m = 16 m \)

Displacement after 1 second of braking \(x_{1} = v_{0}t_{1} + \frac{1}{2}at_{1}{}^{2} = 10 \times 1 + \frac{1}{2} \times (-2) \times 1^{2} m = 9 m \)

Distance covered during the second second after braking is \(x_{2} - x"	2016	high	medium
1386	A power source, when its load resistance is 1Ω and 4Ω respectively, has the same output power, then the internal resistance of the power source is \ul{　 　}Ω.	fill_in_the_blank	2	Power and energy of the entire circuit###Electromotive force and internal resistance of the power supply	"Answer: Let the electromotive force of the power supply be E and the internal resistance be r. According to Ohm's law for a closed circuit, I = \( \frac{E}{r + R} \). According to the power formula, P = I²R. Substituting the data, we get: \( \frac{E^{2}}{(1 + r)^{2}} \times 1 = \frac{E^{2}}{(r + 4)^{2}} \times 4 \). Solving this gives r = 2Ω. Therefore, the answer is 2.

Analysis: First, use Ohm's law for a closed circuit to find the current in the circuit, and then, according to the condition that the power output of the power supply is equal when two different resistors are connected, set up an equation to find the internal resistance of the power supply."	2017	high	medium
747	A system formed by two celestial bodies that are relatively close to each other is called a binary star system. They revolve in uniform circular motion around a point on the line between them as the center, preventing them from being attracted to each other due to gravitational force. If the mass distribution of the two celestial bodies is m\textsubscript{1} and m\textsubscript{2}, then the ratio of their orbital radii is R\textsubscript{m1}:R\textsubscript{m2} = ( ); and the ratio of their velocities is V\textsubscript{m1}:V\textsubscript{m2} = ( ).	fill_in_the_blank	m\textsubscript{2}:m\textsubscript{1}; m\textsubscript{2}:m\textsubscript{1}	Applications of the Law of Universal Gravitation###Two-body (multi-body) problem	"Explanation: The angular velocities of the binary stars are the same. The centripetal force is provided by gravity and is also equal in magnitude, so we have: \( G\frac{Mm}{L^{2}} = m_{1}\omega^{2}R_{m1}=m_{2}\omega^{2}R_{m2} \), thus \( R_{m1}: R_{m2} = m_{2}:m_{1} \). With constant angular velocity, the linear velocity is proportional to the radius, so the ratio of velocities \( V_{m1}: V_{m2} = R_{m1}: R_{m2} = m_{2}:m_{1} \).

Analysis: This question examines the binary star problem. It's important to grasp the characteristics of the binary star problem: the angular velocities of the binary stars are the same, the centripetal force is also provided by gravity, and the magnitudes of the centrip"	others	high	medium
1555	"In the described nuclear processes, the equation belonging to α decay is ( ), the one belonging to β decay is ( ), the one belonging to fission is ( ), and the one belonging to fusion is ( ). (Fill in the correct answer labels)  
A. \(_{6}^{14}C \rightarrow_{7}^{14}N +_{-1}^{0}e\)  
B. \(_{15}^{32}P \rightarrow_{16}^{32}S +_{-1}^{0}e\)  
C. \(_{92}^{238}U \rightarrow_{90}^{234}Th +_{2}^{4}He\)  
D. \(_{7}^{14}N +_{2}^{4}He \rightarrow_{8}^{17}O +_{1}^{1}H\)  
E. \(_{92}^{235}U +_{0}^{1}n \rightarrow \text{{fission products}}\)"	fill_in_the_blank	C; A or B; E; D	Artificial transformation of atomic nuclei	"[Answer] Among the equations describing nuclear processes below, the one representing \(\alpha\) decay is \(_{92}^{238}U \rightarrow_{90}^{234}Th +_{2}^{4}He\), with the answer labeled as C; 

The ones representing \(\beta\) decay are \(_{6}^{14}C \rightarrow_{7}^{14}N +_{- 1}^{0}e\) and \(_{15}^{32}P \rightarrow_{16}^{32}S +_{- 1}^{0}e\), with the answers labeled as AB; 

The one representing fission is \(_{92}^{235}U +_{0}^{1}n \rightarrow_{54}^{140}Xe +_{38}^{94}Sr + 2_{0}^{1}n\), with the answer labeled as E; 

The one representing fusion is \(_{1}^{3}H +_{1}^{2"	2020	high	medium
161	Bringing two unlike charges closer, the electric field does ( ) work; the electric potential energy of the charges ( ).	fill_in_the_blank	positive; decreases	Electric potential difference, electric potential, electric potential energy	"Explanation: Opposite charges attract each other and move closer together. Since the direction of the electric field force and movement are the same, the electric field force does positive work, and the electric potential energy decreases. 
Therefore, the answer is: Positive, decreases.

Analysis: The potential energy level can be determined by the electric potential: a negative charge has lower potential energy in high potential areas, while a positive charge is the opposite. It can also be evaluated by the work done by the electric field force: when the electric field force does positive work, potential energy decreases; when it does negative work, potential energy increases. The positive or negative nature of the work can be determined by the angle between velocity and direction of the electric field force."	2016	high	medium
2292	Two equal and opposite point charges, each with a charge of 8.0×10⁻⁸ C, are 20 cm apart. The electric field intensity at the midpoint between them is \_\_\_ N/C, and the magnitude of the electric field intensity at a point 20 cm away from each of these point charges is \_\_\_ N/C.	fill_in_the_blank	1.44×10^5; 1.8×10^4	Electric field strength and electric field lines	"Solution: The electric field intensity produced at the midpoint by two equal but opposite point charges is equal in magnitude and direction. The magnitude is \( E_1 = E_2 = k \frac{Q}{r^2} = 9 \times 10^9 \times \frac{8 \times 10^{-8}}{0.1^2} = 7.2 \times 10^4 \, \text{N/C} \). Therefore, the resultant field intensity is \( E = 2E_1 = 1.44 \times 10^5 \, \text{N/C} \).

For a point at a distance of 20 cm from both charges, the electric field intensity produced by equal but opposite point charges is equal in magnitude, with the angle between the directions being 120°. The field intensity is \(
E' = k \frac{Q}{{r'}^2} = 9 \times 10"	2016	high	medium
998	A coil with an area S is placed in a uniform magnetic field with magnetic induction intensity B. When it is perpendicular to the magnetic field direction, the magnetic flux through the coil is \ul{___}; when it rotates around a certain edge to be parallel to the magnetic field direction, the magnetic flux through the coil is \ul{___}. During this rotation process, \ul{___} (“will” or “will not”) generate induced current.	fill_in_the_blank	BS; 0; will	Magnetic flux###Faraday's law of electromagnetic induction	"Solution: When the magnetic field and the coil are perpendicular to each other, the magnetic flux is BS; when they are parallel, the magnetic flux is zero. Since the magnetic flux changes during the entire rotation process, the coil will definitely generate an induced current. Therefore, the answer is: BS; 0; it will.

Analysis: For a uniform magnetic field, the magnetic flux Φ=BSsinθ, and the magnetic flux in the coil can be determined based on the angle. Whether an induced current is generated can be determined by the conditions for producing an induced current."	others	high	medium
157	When a car turns on a level surface, it is the \ul{    } force providing the centripetal force; the car's speed cannot be too fast when turning. When the speed is v, the minimum radius for a safe turn is R. If the turning radius is \(\frac{1}{2}\) R, the car's maximum safe turning speed is \ul{    }.	fill_in_the_blank	Friction; \(\frac{\sqrt{2}}{2}v\)	Centripetal force###Centripetal acceleration	"[Solution] When a car turns on a flat surface, it has a tendency to move outward due to centrifugal force, so static friction provides the centripetal force. For a safe turn at speed v, the minimum turning radius is R. According to the centripetal force equation: \(f_{\max} = m\frac{v^{2}}{R}\). When the turning radius is \(\frac{1}{2}\) R, \(f_{\max} = m\frac{v'^{2}}{\frac{1}{2}R} = m\frac{2v'^{2}}{R}\). Solving the equations together, we get: \(v' = \frac{\sqrt{2}}{2}v\).

[Analysis] For an object in circular motion, an external force must provide the centripetal force. If the force acting on the object has a component directed towards the center of the circle, then that force can"	2019	high	medium
343	A car is moving in a straight line at a constant speed of 10 m/s on a flat road. It notices a situation ahead and brakes, obtaining an acceleration of -2 m/s\textsuperscript{2}. After 3 seconds, the speed of the car is \_\_\_ m/s; after 10 seconds, the speed is \_\_\_.	fill_in_the_blank	4; 0	Speed and velocity###The relationship between speed and time in uniformly accelerated linear motion	"[Solution] Explanation: Define the initial direction of the car's velocity as the positive direction. Since the car is undergoing uniform deceleration in a straight line, \( a = -2 \, \text{m/s}^2 \). According to \( v = v_0 + at \), when \( t = 5 \, \text{s} \), \( v = 0 \). This indicates that the car stops after 5 seconds. 

When \( t = 3 \, \text{s} \), using \( v = v_0 + at \), we find: \( v = 4 \, \text{m/s} \). Since the car stops after 5 seconds, and \( t = 10 \, \text{s} > 5 \, \text{s} \), the speed of the car after 10 seconds is 0. Thus, the answer is: 4, 0.

[Analysis] After braking,"	2016	high	medium
2299	An astronaut throws a small ball vertically upward with an initial velocity \( v_0 \) from the surface of a certain planet. After time \( t \), the ball falls back to the point where it was thrown. Given that the planet's radius is \( R \), air resistance on the planet's surface is negligible, the planet's rotation is ignored, and the gravitational constant is \( G \). Then the mass of the planet is ( ) and the escape velocity of the planet is ( ).	fill_in_the_blank	\(\frac{2R^{2}v_{0}}{Gt}\); \(\sqrt{\frac{2v_{0}R}{t}}\)	Vertical upward motion###First, second, and third cosmic velocity	"[Solution] By the symmetry of vertical projection, we know \(v_{0} = g \cdot \frac{t}{2}\). Solving gives \(g = \frac{2v_{0}}{t}\). Ignoring the planet's rotation, on the planet's surface \(mg = G\frac{Mm}{R^{2}}\). Solving gives \(M = \frac{2R^{2}v_{0}}{Gt}\). The linear velocity of a satellite close to the Earth is the first cosmic velocity, so \(m\frac{v^{2}}{R} = G\frac{Mm}{R^{2}}\). Solving gives \(v = \sqrt{\frac{2v_{0}R}{t}}\).

[Analysis] Using the velocity formula, the magnitude of gravitational acceleration can be determined. Combining gravitational force allows us to calculate the planet's mass. Using gravitational force as the centripetal force, the first cosmic"	2022	high	medium
1370	A body approaches with a horizontal speed of 0.5 m/s and is bounced back in the opposite direction at a horizontal speed of 0.5 m/s when it hits a vertical wall. Taking the initial direction as positive, the change in the speed of the body before and after the bounce is ( ) m/s. If the duration of contact between the object and the vertical wall is 0.1 s, then the magnitude of the object's acceleration is ( ) \(\frac{m}{s^{2}}\).	fill_in_the_blank	1; 10	Acceleration	"[Solution] Choosing the rebound direction as the positive direction, the initial velocity of the object is \( v_0 = -0.5 \, \text{m/s} \) and the final velocity is \( v = 0.5 \, \text{m/s} \). The change in velocity of the object before and after the rebound is \( \Delta v = 0.5 - (-0.5) = 1 \, \text{m/s} \). The direction of the change in velocity is the same as the rebound direction. The acceleration of the object in the horizontal direction is

\[ a = \frac{\Delta v}{\Delta t} = \frac{1}{0.1} \, \text{m/s}^2 = 10 \, \text{m/s}^2 \]

The direction of acceleration is the same as the rebound direction.

[Analysis] The change in velocity can be determined using the initial"	2019	high	medium
592	The particle moves from the origin O along the y-axis to y = 4m, then along the negative x-axis to point B at coordinates (-3, 4). The distance traveled by the particle from O to B is \ul{　 　}m, and the magnitude of the displacement is \ul{　 　}m.	fill_in_the_blank	7;5	Displacement and Distance	"Solution: Based on the particle's trajectory, we can determine x = -3m, y = 4m, so the distance traveled by the particle is: L = |x| + y = 7m, and the displacement of the particle is: \(s = \sqrt{x^{2} + y^{2}} = 5m\).

Analysis: The length of the particle's trajectory can be used to find the magnitude of the distance traveled; the distance between the initial and final positions can be used to find the magnitude of the displacement."	2023	high	medium
1553	China's high-speed rail technology is at the forefront globally. The Harmony series trains consist of powered cars and trailers; powered cars are called 'motor cars' and non-powered cars are called 'trailers'. Assuming all cars have equal mass and the motor cars have the same rated power, and that resistance during operation on a level straight track is proportional to the car weight, a certain train set consists of 8 cars where the 1st and 5th cars are motor cars, and the rest are trailers. During uniform acceleration, the force ratio between the 5th and 6th cars and between the 6th and 7th cars is \ul{　 　}; the maximum speed ratio between this train set and a modified set with 4 motor cars and 4 trailers is \ul{　 　}.	fill_in_the_blank	3:2; 1:2	Application to a single object (particle)	"[Solution] Let the power of each train car be \(P\), the traction force be \(F\), the mass of each car be \(m\), and the resistance be \(kmg\). For the entire train:

\[2F - 8kmg = 8ma\]

For cars 6, 7, and 8:

\[F_{1} - 3kmg = 3ma\]

For cars 7 and 8:

\[F_{2} - 2kmg = 2ma\]

Solving simultaneously, we find:

\[\frac{F_{1}}{F_{2}} = \frac{3}{2}\]

When there are only two powered cars, the maximum speed is \(v\), then:

\[2P = 8kmgv\]

When changed to a train set with 4 powered cars and 4 trailers:

\[4P = 8kmg \cdot v^{"	2019	high	medium
1063	When a fighter jet enters combat mode, it needs to drop the auxiliary fuel tanks, which will ( ) its inertia, making its motion ( ).	fill_in_the_blank	reduce; easy to change	Newton's First Law	"[Answer] Inertia is only related to the mass of an object. To more easily change its state of motion, the object's mass must be reduced. When a fighter jet enters combat, it discards external fuel tanks to reduce the aircraft's mass and thereby reduce its inertia, making it easier to change its state of motion and enhancing the jet's agility.

[Analysis] Mass is the sole determining factor of inertia; the greater the mass, the greater the inertia, and vice versa. The smaller the inertia, the better the object's agility. The primary concern for a fighter jet is combat agility."	others	high	medium
589	"In 1911, Rutherford proposed the nuclear model of the atom based on the observation that α particles underwent ( ) (choose ""large"" or ""small"") angle scattering in the α particle scattering experiment. When α particles with kinetic energy of 1 MeV bombard gold foil, their speed is approximately ( ) m/s. (The mass of both protons and neutrons is 1.67 × 10\textsuperscript{−27} kg, 1 MeV = 10\textsuperscript{6} eV)"	fill_in_the_blank	Large; 6.9×10\textsuperscript{6}	Scattering of α particles	"Solution: Let the speed of the α particle be v, \( E_k = \frac{1}{2} mv^2 \), thus \( v = \sqrt{\frac{2E_k}{m}} = \sqrt{\frac{2 \times 1 \times 10^6 \times 1.6 \times 10^{-19}}{4 \times 1.67 \times 10^{-27}}} \approx 6.9 \times 10^6 \) m/s.

Analysis: The α particle scattering experiment discovered that a very small number of particles undergo large-angle deflections. The speed is calculated based on the definition of kinetic energy."	others	high	medium
21	The river is 420m wide. The boat's speed in still water is 3m/s, and the water current's speed is 4m/s. The shortest time for the boat to cross the river is \ul{     } s, and the shortest displacement is \ul{     } m.	fill_in_the_blank	140; 560	Composition and Decomposition of Displacement###Composition and Decomposition of Velocity###Analysis of the Small Boat Crossing Problem	"Solution: When the still water velocity is perpendicular to the riverbank, the crossing time is shortest.

Then \( t = \frac{d}{v_{c}} = \frac{420}{3} \) s = 140 s;

When the resultant velocity is perpendicular to the velocity of the boat in still water, the boat's displacement is shortest, thus:

\(\frac{d}{s} = \frac{v_{c}}{v_{s}}\), which gives \( s = \frac{4}{3} \times 420 = 560 \text{m}\);

Therefore, the answer is: 140, 560.

Analysis: When the still water velocity is perpendicular to the riverbank, the velocity in the direction perpendicular to the riverbank is maximized. Based on the concept that uniform and resultant motion are isochronous, the crossing time is shortest. When the resultant velocity of the boat is perpendicular to the still water velocity, the crossing displacement"	2017	high	medium
726	An object with a charge of 1.0×10\(^-8\) C and a mass of 2.5×10\(^-3\) kg moves in a straight line along the x-axis on a smooth insulating horizontal surface, with a uniform electric field parallel to the x-axis. Starting from t=0, the relationship between the displacement x and time t is given by x = 0.16t - 0.02t\(^2\), where x is in meters and t is in seconds. The speed of the object at the end of t=5.0 s is ( ) m/s, and the electric field strength of the uniform electric field is ( ) V/m.	fill_in_the_blank	0.04; 10\(^4\)	The relationship between potential difference and field strength in a uniform electric field.	"[Answer] According to \( x = 0.16t - 0.02t^2 = v_0t + \frac{1}{2} at^2 \), we know \( v_0 = 0.16m/s \), \( \frac{1}{2} a = -0.02 \), \( a = -0.04m/s^2 \). \\
Velocity at the end of 5 seconds: \( v = v_0 + at = 0.16 + 5 \times (-0.04) = -0.04m/s \), \\
The negative sign indicates the velocity direction at 5.0s is opposite to the initial velocity direction. \\
According to Newton's second law: \( F = ma = Eq \). \\
Therefore, the electric field strength \( E = 10^4V/m \). \\
[Analysis] The displacement formula can be used to find the magn"	2019	high	medium
2186	The mass ratio of cars A, B, and C is 1:2:3. If their kinetic energies are equal and the coefficient of kinetic friction between the tires and the horizontal ground are the same, then the ratio of their coasting distances after turning off the engine is ( ).	fill_in_the_blank	6:3:2	Friction work	"Solution: For the car, by the work-energy theorem, we have: -μmgx = 0 - E\textsubscript{K},

The sliding distance of the car: \(x= \frac{E_{K}}{\mu mg}\),

Since E\textsubscript{K}, μ, and g are equal, the sliding distance of the car is inversely proportional to its mass,

Thus, \(x_{1}:x_{2}:x_{3}= \frac{1}{m_{1}}: \frac{1}{m_{2}}: \frac{1}{m_{3}}\) = \(\frac{1}{1}: \frac{1}{2}: \frac{1}{3}\) = 6:3:2.

Therefore, the answer is: 6:3:2.

Analysis: Use the work-energy theorem to find the displacement of the car, and then find the ratio of their displacements."	2017	high	medium
20	When rubbing a rubber rod with fur, when the rubber rod carries a charge of 2.7×10\textsuperscript{﹣9}C, \ul{　 　} electrons move from \ul{　 　} to \ul{　 　}. (Keep the result to two significant figures.)	fill_in_the_blank	1.7×10\textsuperscript{10}; fur; rubber rod	Law of conservation of charge	"[Answer] Solution: When a rubber rod is rubbed with fur, the rubber rod gains electrons transferred from the fur, becoming negatively charged. The fur loses electrons and becomes positively charged. This is a phenomenon of triboelectric charging. The number of electrons transferred from the fur to the rubber rod is \( n = \frac{q}{e} = \frac{2.7 \times 10^{-9}}{1.6 \times 10^{-19}} = 1.7 \times 10^{10} \).

Therefore, the answer is: \( 1.7 \times 10^{10} \), fur, rubber rod.

[Analysis] The essence of triboelectric charging is the transfer of electrons. The object losing electrons becomes positively charged, and the object gaining electrons becomes negatively charged; the elementary charge \( e = 1.6 \times 10^{-19} \) C."	others	high	medium
1310	"Center of gravity: All parts of an object are subject to gravity, and gravity can be considered to act at one point, namely the object's center of gravity.

① Factors affecting the position of the center of gravity: the geometric shape of the object; the ( ) distribution of the object.  
② The center of gravity of a regularly shaped object with uniform mass distribution is at its ( ).  
③ Method for determining the center of gravity of irregular thin plate-shaped objects: ( ) method."	fill_in_the_blank	mass; geometric center; suspension	Gravity and Center of Gravity	Answer: ① Factors affecting the position of the center of gravity: the geometric shape of the object; the mass distribution of the object. ② The center of gravity of a regular object with uniform mass distribution is at its geometric center. ③ The method to determine the center of gravity of an irregular thin-plate object: the suspension method. Analysis: (1) The factor affecting the center of gravity is the mass distribution of the object; (2) The center of gravity of a regular object with uniform mass distribution is at the geometric center; (3) Use the suspension method to determine the center of gravity of an irregular thin plate.	2023	high	medium
2355	The total solar eclipse that occurred on July 22 this year was the most spectacular in 2132 years, with the best observation conditions, and it was also the longest total solar eclipse visible this century. The National Astronomical Observatories confirmed Tongling City, Anhui Province as the best observation spot in China. A solar eclipse occurs when the \_\_\_ orbits around the Earth and comes between the \_\_\_ and the \_\_\_. If the Sun, Moon, and Earth are aligned or nearly aligned in a straight line, a solar eclipse happens.	fill_in_the_blank	Moon; Earth; Sun	Reflection of Light	"Answer: Eclipses, both solar and lunar, are caused by the straight-line propagation of light. A solar eclipse occurs when the moon blocks the light from the sun reaching the earth, so we cannot see or can only partially see the sun. Therefore, the answer is: Moon; Earth; Sun.

Analysis: A solar eclipse occurs when the sun is not visible or only partially visible because the moon blocks the sunlight reaching the earth, so we cannot see or can only partially see the sun."	others	high	medium
2071	Point masses and point charges are both \ul{　 　} models; stationary charges will generate \ul{　 　} fields around them.	fill_in_the_blank	Ideal; Static electricity	Ideal Model Method###Electric field of a point charge	"[Answer] A point mass and a point charge are both idealized models; a stationary charge will generate an electrostatic field around it. \\
Therefore, the answer is: ideal electrostatic \\
[Analysis] Knowing that a point mass and point charge are idealized physical models, and that a stationary charge generates an electrostatic field."	2023	high	easy
342	When a rubber rod is rubbed with fur, the rubber rod becomes \_\_\_\_ charged. When the rubber rod has a charge of 2.7×10\textsuperscript{－9}C, \_\_\_\_ electrons move from \_\_\_\_ to \_\_\_\_. (Result retains two significant figures)	fill_in_the_blank	Negative; 1.7×10\textsuperscript{10}; fur; rubber rod	Charge and Three Methods of Electrification	"When a rubber rod is rubbed with fur, the rubber rod gains electrons transferred from the fur and acquires a negative charge, while the fur loses electrons and acquires a positive charge. This is the phenomenon of triboelectricity. The number of electrons transferred from the fur to the rubber rod is \(n = \frac{q}{e} = \frac{2.7 \times 10^{-9}}{1.6 \times 10^{-19}}\) ≈ \(1.7 \times 10^{10}\).

Analysis: During the rubbing process, the rubber rod gains electrons and becomes negatively charged. The number of electrons can be calculated by dividing the amount of charge by the elementary charge."	2020	high	medium
632	Human understanding of atomic structure and the development and utilization of atomic energy have undergone a very complex process. Please answer the following questions as required. Scientists such as Rutherford, Bohr, and Chadwick have made outstanding contributions in the research of atomic structure or atomic nuclei. Please choose two of them and state their main achievements. ①\ul{　 　}. ②\ul{　 　}.	fill_in_the_blank	Bohr proposed Bohr's atomic model; Chadwick discovered the neutron.	Bohr's Theory and Energy Level Transition of the Hydrogen Atom###History of Physics	[Answer] Rutherford proposed the nuclear model of the atom (or other achievements). Bohr introduced quantum theory into the atomic model and successfully explained the hydrogen spectrum (or other achievements). Chadwick discovered the neutron (or other achievements). Therefore, the answer is: ① Bohr proposed Bohr's atomic model; ② Chadwick discovered the neutron. [Analysis] The answer can be based on the contributions of physicists in the history of physics.	others	high	medium
1040	The half-life of \(_{82}^{210}Pb\) is 5 days. After 10 days, 20g of \(_{82}^{210}Pb\) will have ( ) g remaining.	fill_in_the_blank	5	Nuclear decay, half-life	nan	2024	high	medium
848	In the Bubble Fish game, a bubble fish releases a bubble that captures a large treasure fish. If the gas inside the bubble is considered an ideal gas, and the bubble rises for a period of time to reach the location of the large treasure fish, while the temperature of the seawater remains unchanged, then during the bubble's ascent, the gas inside the bubble does ( ) work on the external environment and ( ) to the external environment.	fill_in_the_blank	positive; absorbs heat from the external environment	The First Law of Thermodynamics (Law of Energy Conservation)	"[Solution] During the ascent of the bubble, the pressure of the gas inside the bubble decreases. According to Boyle's law, the volume of the gas increases during this process, and the gas does work on the external environment. Since the temperature of the gas inside the bubble remains unchanged, the internal energy of the gas remains unchanged. According to the first law of thermodynamics, the gas absorbs heat from the external environment during this process.

[Analysis] As the gas rises, the pressure gradually decreases. Considering the constant temperature of the gas, it can be determined that the volume increases. In conjunction with the first law of thermodynamics, it can be determined that the gas absorbs heat from the external environment."	2022	high	medium
1549	A force diagram accurately and vividly represents the three elements of a force's ( ), ( ), and ( ) using a line segment with an arrow.	fill_in_the_blank	magnitude; direction; point of application	Force and Force Diagrams	"Answer: The three elements of force are magnitude, direction, and point of application. A force diagram uses a line segment with an arrow to represent force. The length of the segment represents the magnitude, the direction of the arrow represents the direction of the force, and the starting point of the segment represents the point of application. Therefore, a single arrowed line segment can represent the magnitude, direction, and point of application of a force.

Analysis: A force diagram represents the magnitude, direction, and point of application of a force using an arrowed line segment."	2020	high	medium
993	The film of a laser hologram records the interference fringes of light, containing all the information of the light reflected from the object being photographed, achieving the stereoscopic nature of the photo. If part of the object being photographed is blocked during photography, the blocked part can still be seen by adjusting the viewing angle; if the photo is cut in half, the whole image of the object can still be seen from one half, with the photo serving merely as a window for observing the object. Laser holography utilizes the property of laser ( ).	fill_in_the_blank	Good coherence	The characteristics and applications of lasers	[Answer] Solution: Laser holograms use the interference of light to record the three-dimensional image information of objects, so laser holography utilizes the property of good coherence of lasers. Therefore, the answer is: good coherence. [Analysis] Lasers have good coherence, good parallelism, and high brightness; laser holography records intensity, frequency, and phase through light interference; laser holography utilizes the property of good coherence of lasers.	others	high	medium
1556	If -273℃ is approximately taken as absolute zero, the thermodynamic temperature of water's boiling point at one standard atmosphere is \ul{　 　}K. If the Celsius temperature of an object increases by 10℃, then its thermodynamic temperature increases by \ul{　 　} K.	fill_in_the_blank	373; 10	The internal energy of an object	"Solution: From the problem, we know that when t = -273°C, T = 0, so the conversion relationship between thermodynamic temperature T and Celsius temperature t is T = 273 + t. When t = 100°C, T = (273 + 100)K = 373K. When △t = t₂ - t₁ = T₂ - T₁ = 10, the temperature rises by 10K. Therefore, the answer is: 373; 10.

Analysis: (1) Based on the conditions given in the problem: The lower limit of temperature in the universe is -273°C, which is called absolute zero. Absolute zero is equal to -273°C in Celsius, thus determining the relationship between T and t. (2) By substituting the known conditions into the relationship formula, the thermodynamic temperature can be calculated."	others	high	medium
16	The discovery of \ul{   } indicates that the atom has structural issues; the discovery of \ul{   } indicates that the atomic nucleus also has structural issues.	fill_in_the_blank	Electrons; natural radioactivity phenomenon.	Composition of the Atomic Nucleus	"**Solution**: After the discovery of the electron, scientists began to believe that atoms could be further divided, indicating that atoms have structural issues. Rutherford proposed the nuclear model of atomic structure: the atom is composed of a nucleus located at the center of the atom and electrons revolving around it. The phenomenon of natural radioactivity shows that the atomic nucleus can also be divided.

Thus, the answer is: electron, natural radioactivity phenomenon.

**Analysis**: To solve this problem, one should understand the discovery process of atomic structure and the contents of the nuclear structure model."	others	high	medium
597	Research indicates that a spherical object experiences resistance when moving through a liquid, expressed by the formula: \(F_{\text{resistance}} = k\eta rv^{x}\). In this formula, \(\eta\) is the viscosity coefficient with units of \(kg/(m \cdot s)\), r and v are the radius and velocity of the sphere, and k is a dimensionless constant. According to the International System of Units, deduce the value of the exponent x for velocity v as \ul{　 　}; qualitatively describe the motion of a small sphere falling from rest in a sufficiently long cylinder filled with liquid as \ul{　 　}.	fill_in_the_blank	1; The ball undergoes accelerated motion with decreasing acceleration until it falls at a constant speed.	Newton's Second Law###System of units in mechanics	"Answer: According to Newton's second law \(F = ma\), i.e., \(N = kg\frac{m}{s^{2}}\), substituting all units into \(F_{r} = k\eta rv^{x}\), we have \(kg\frac{m}{s^{2}} = \frac{kg}{ms}m{(\frac{m}{s})}^{x}\), solving gives \(x = 1\). A ball is released from rest and accelerates downward under gravity. From the problem statement, the resistance on the ball is proportional to its falling speed, so as the speed increases, the resistance also increases, reducing the net force on the ball, and decreasing the acceleration. When the ball's falling speed reaches the maximum, the resistance equals the gravitational force, and the forces on the ball are balanced, so it falls at a constant maximum speed.

Analysis: Using Newton's second law in combination with the expression, we can determine the value"	2023	high	medium
903	In physics, physical quantities that have only magnitude and no direction are called ( ); those that have both magnitude and direction are called ( ). Currently, the rule we use for vector operations is the ( ).	fill_in_the_blank	Scalar; Vector; Parallelogram Law	Vectors and Scalars	"[Answer] In physics, a quantity that has only magnitude and no direction is called a scalar; a quantity that has both magnitude and direction is called a vector. The rule used for vector operations is the parallelogram law.  
[Analysis] A scalar has only the magnitude factor without direction, whereas a vector possesses both magnitude and direction factors. The currently used vector rule is the parallelogram law."	2019	high	medium
2452	The leaves fall from a height of about 5 meters, starting from rest and landing in approximately 8 seconds. To estimate the air resistance encountered by the leaves and their landing speed, a student observed and analyzed the process, considering the leaf's fall as uniform linear motion. This reflects the physical methods and thoughts of ( ), mainly based on ( ).	fill_in_the_blank	Galileo; the assumption of uniform motion without acceleration	Ideal Model Method	"【Answer】 The falling process of leaves is considered as uniform linear motion. To study a particular physical process, a physical model needs to be established. This approach reflects the physical methods and concepts of building a physical model. Leaves fall from a height of approximately 5 meters, starting from rest, and take about 8 seconds to reach the ground. To estimate the air resistance on the leaves and their landing speed, the acceleration time can be ignored due to its brevity, and the leaves are assumed to undergo uniform linear motion during the fall.

【Analysis】 There are many experimental methods used in physics. The concepts of particle and point charge are based on the same idea. Physical quantities such as acceleration, electric field intensity, and electric potential are defined using a ratio method. The concepts of center of gravity, resultant force and components of force, and total resistance all reflect the idea of equivalent substitution."	2020	high	medium
2040	Human understanding of the properties of matter is a process of moving from the macroscopic to the microscopic level. The fact that water striders can stay on the water's surface and dew on leaves forms into spherical shapes both indicate that the molecules in the surface layer of a liquid are more sparse than those inside the liquid, forming a ( ). Liquid ( ) are a special kind of matter between solids and liquids, with strong intermolecular forces. When their ( ) changes, the effects of these forces need to be considered, showing that molecular potential energy is related to intermolecular distance.	fill_in_the_blank	surface tension; crystals; volume	Solids and liquids###Capillary phenomenon and surface tension of liquids	"[Answer] The fact that a water strider can stand on the water surface and that dewdrops on leaves are spherical indicates that the molecules in the surface layer of a liquid are more sparse than those inside the liquid. The attractive forces between the molecules are greater than the repulsive forces, resulting in surface tension. Liquid crystals are a special type of substance existing between liquid and solid states, with relatively strong intermolecular forces. When volume changes, the intermolecular forces must be considered to account for whether molecular forces do positive or negative work, indicating that molecular potential energy is related to volume. Therefore, the answer is: surface tension, crystals and liquids, volume.

[Analysis] In the surface layer of a liquid, there are both attractive and repulsive forces between molecules. Because the intermolecular distance in the surface layer is greater than in the interior, the attraction is greater than the repulsion. We usually classify matter as solid, liquid, or gaseous, but some organic compounds have a"	others	high	medium
17	The distance between the candle and the screen is \(1.8m\). Starting from the candle, after moving the lens, a clear image appears on the screen for the first time. After moving forward \(0.72m\), another clear image appears. The focal length of the lens \(f\) is \ul{　 　}m.	fill_in_the_blank	0.378	Optics	nan	2024	high	medium
405	The experimental measurement of the limit wavelength for the Balmer series in the hydrogen atom spectrum is 364.6 nm. Based on this, the wavelength of the first line H\textsubscript{α} in the Balmer series is \ul{   }.	fill_in_the_blank	656.3nm	Spectra and Spectral Analysis	[Answer] The Balmer series in the hydrogen atomic spectrum refers to spectral lines emitted when transitioning from energy levels n > 2 to n = 2, expressed as \(\frac{1}{\lambda} = (\frac{1}{2^{2}} - \frac{1}{n^{2}})R\). According to the problem, the limiting wavelength of the hydrogen atomic Balmer series is 364.6 nm, thus \(\frac{1}{\lambda_{\min}} = (\frac{1}{2^{2}} - 0)R\). Therefore, the wavelength of the first line in the Balmer series is \(\frac{1}{\lambda_{1}} = (\frac{1}{2^{2}} - \frac{1}{3^{2}})R\). Solving these equations gives \(\frac{\lambda_{1}}{\lambda_{\min}} = \frac{\frac{1}{4} - \frac{1	2023	high	medium
1439	"During the severe winter, ""boiling water turns to ice."" The hot water thrown into the air cools rapidly and freezes. In the process of cooling, the average kinetic energy of the water molecules ( ): During the process where water at \(0{^\circ}C\) turns into ice at \(0{^\circ}C\), the internal energy ( ), and the average distance between molecules ( ). Please briefly state the basis for judging the change in the average molecular distance combining natural phenomena or learned knowledge ( )."	fill_in_the_blank	decreases; decreases; increases; Ice can float on water, which indicates that the density of ice is smaller than that of water, and the molecular spacing is larger than that of water.	Temperature###The internal energy of an object	"【Answer】 Temperature is an indicator of the average kinetic energy of molecules. During the cooling process of hot water, the average kinetic energy of the water molecules' thermal motion decreases. The process of water at \(0{^\circ}C\) turning into ice at \(0{^\circ}C\) is solidification, and solidification releases heat, thus water releases heat, the temperature remains unchanged, and the internal energy decreases. In the process of water at \(0{^\circ}C\) turning into ice at \(0{^\circ}C\), the volume increases, thus the average distance between molecules increases. Ice can float in water, indicating that the density of ice is smaller than that of water; the mass remains unchanged, the volume increases, and the molecular spacing is larger than in water.

【Analysis】 Temperature determines the size of average kinetic energy; if the temperature decreases, the average kinetic energy decreases; when the temperature remains constant, its average kinetic energy"	2021	high	medium
896	When simultaneously measuring the position and momentum of an electron with an energy of 1 keV moving in one dimension, if the uncertainty in position is within 0.1 nm, then the percentage of the uncertainty in momentum \(\frac{\Delta p}{p}\) is at least ( )%. (Using the uncertainty relation \(\Delta p\Delta x \geq \frac{\hslash}{2}\))	fill_in_the_blank	3.1	Uncertainty relation	"Answer: According to the uncertainty principle \(\Delta p\Delta x \geq \frac{\hslash}{2}\), we have \(\Delta p \geq \frac{\hslash}{2\Delta x} = \frac{h}{4\pi\Delta x}\). According to the relationship between energy and momentum, \(E = \frac{1}{2m}p^{2}\), we have \(p = \sqrt{2mE}\). Thus, \(\frac{\Delta p}{p} = \frac{h}{4\pi\Delta x\sqrt{2mE}}\), solving gives \(\frac{\Delta p}{p} = 3.1\%\).  

Analysis: Using the uncertainty principle and the relationship between energy and momentum, the percentage of the uncertainty in momentum is derived."	2023	high	medium
1389	To plot the \(I-U\) curve of a small light bulb with a rated voltage of \(2.8V\) and a power of approximately \(0.8W\) using the volt-amp method, the following equipment should be selected: Voltmeter ( ), Ammeter ( ), and Sliding rheostat ( ).	fill_in_the_blank	A; D; E	Depict the voltage-current characteristic curve of a small light bulb.	"Answer: 

① The rated voltage of the bulb is 2.8V, so select voltmeter A; the rated current of the bulb is \(I = \frac{P}{U} = \frac{0.8}{2.8}A \approx 0.29A\), so select ammeter D; the sliding rheostat should be connected as a voltage divider circuit, so a smaller resistance E should be selected.

② The resistance of the bulb \(R = \frac{U^{2}}{P} = \frac{{2.8}^{2}}{0.8}\Omega = 9.8\Omega\). It can be seen that the internal resistance of the voltmeter is much larger than that of the bulb, so the ammeter is connected externally; the sliding rheostat is used in a voltage divider circuit, as shown in the diagram.

Analysis: Choose a small range meter within the allowed range. To obtain more data, use the"	2020	high	medium
1899	The small magnetic needle points north because the Earth is a giant magnet. The geomagnetic ( ) pole is near the geographic north pole, and the geomagnetic ( ) pole is near the geographic south pole.	fill_in_the_blank	South; North	Geomagnetic field	"【Answer】 Explanation: The Earth itself is a giant magnet, with the geomagnetic north pole near the geographic south pole, and the geomagnetic south pole near the geographic north pole. Hence, the answer is: south, north. 

【Analysis】 The Earth is a large magnet, with the geomagnetic south and north poles being the opposite of, and not coinciding with, the geographic south and north poles."	others	high	medium
2297	"The scientific method of thought is very important in the study of physics problems. Inspired by Newton's law of universal gravitation, Coulomb used the ""( )"" method to discover the laws of interaction between charges, which is known as ""( )."""	fill_in_the_blank	Analogy; Coulomb's Law	Analogy method###Law of Universal Gravitation	"[Solution] Newton's law of universal gravitation studies the interaction between any two objects, while Coulomb's law examines the interaction between two stationary point charges in a vacuum. Both laws study interactions and can be compared. In 1785, Coulomb proposed Coulomb's law through experiments. \\
[Analysis] Coulomb's law was discovered using the analogy method to identify the interaction between charges and is known as Coulomb's law."	2023	high	medium
2472	Any moving object, ranging from electrons and protons to planets and the sun, is associated with a wave. The wavelength is given by λ = \(\frac{h}{p}\), where p is the momentum of the moving object, and h is the Planck constant. This wave is known as the de Broglie wave. Given an object 1 with a de Broglie wavelength of λ\textsubscript{1} and an object 2 with a de Broglie wavelength of λ\textsubscript{2}, if they collide and stick together, and it is known that \textbar p\textsubscript{1}\textbar\textless\textbar p\textsubscript{2}\textbar, then the de Broglie wavelength of the combined object is \ul{    }.	fill_in_the_blank	\(\frac{\lambda_{1}\lambda_{2}}{\lambda_{1} - \lambda_{2}}\)	Compton Effect	"【Solution】The momentum of object 1 is \(p_{1} = \frac{h}{\lambda_{1}}\). The momentum of object 2 is \(p_{2} = \frac{h}{\lambda_{2}}\). Choosing the direction of \(\vert p_{2} \vert\) as the positive direction, based on the conservation of momentum, we get that the momentum of the objects stuck together after the collision is \(p_{3} = p_{2} - p_{1}\). The de Broglie wavelength of the combined objects is \(\lambda_{3} = \frac{h}{p_{3}} = \frac{\lambda_{1}\lambda_{2}}{\lambda_{1} - \lambda_{2}}\).

【Analysis】Based on the expressions for the momentum and wavelength of matter waves, we find the overall momentum after the collision, thereby obtaining the de Broglie wavelength of the combined objects."	2022	high	medium
2475	Experimental errors are divided into accidental errors and ( ) errors. 0.0243 cm has ( ) significant figures.	fill_in_the_blank	systematic; 3	Basic Experimental Knowledge and Experimental Errors	"[Answer] Solution: From the source, experimental errors can be divided into systematic errors and random errors; in the measurement result, significant figures start from the first non-zero digit. For 0.0243 cm, there are 3 significant figures, so the answer is: systematic, 3.

[Analysis] To solve this problem, the following must be understood: 1. The difference between the measured value and the true value is called error. Due to the limitations of instruments, experimental conditions, and environment, measurements cannot be infinitely precise, and there will always be a certain difference between the measured value of a physical quantity and the true value that objectively exists, which is the measurement error. Errors differ from mistakes; mistakes should and can be avoided, whereas errors cannot be entirely avoided. 2. Random error is caused by accidental or uncertain factors resulting in irregular changes in each measured value. Under determined measurement conditions, the method to reduce random errors is to increase the number of measurements."	others	high	medium
