index	question	category	answer	knowledge	analysis	year	grade_level	difficulty_level
1973	"An astronaut arrives at the surface of a planet with a radius \emph{R} and conducts the following experiment to determine the planet's mass: a small ball is thrown vertically upwards from a certain position on the planet's surface with an initial speed \emph{v}. After traveling in the air for some time, the ball returns to the original position where it was thrown. The time the ball is in the air is measured as \emph{t}. Given that the gravitational constant is \emph{G} and air resistance is negligible, determine:
(1) the magnitude of the ""gravitational"" acceleration \emph{g} on the planet's surface;
(2) the mass \emph{M} of the planet;"	calculation	"(1) Solution: According to the kinematic formula, we have  
\(t = \frac{2v}{g}\)  
Solving this, we find the magnitude of gravitational acceleration on the surface of the planet  
\(g = \frac{2v}{t}\)

(2) Solution: The gravitational force acting on an object with mass \(m\) on the planet's surface is approximately equal to the weight of the object. According to Newton's second law and the law of universal gravitation for objects on the planet's surface, we have  
\(\frac{GMm}{R^{2}} = mg\)  
Solving this, we find the mass of the planet  
\(M = \frac{2vR^{2}}{Gt}\)"	Vertical upward motion###Applications of the Law of Universal Gravitation	[Analysis] (1) Using the velocity formula for vertical upward motion, calculate the magnitude of gravitational acceleration g on the surface of the planet; (2) By equating gravitational force to gravity, determine the mass of the planet.	2024	high	medium
1392	"Jupiter is the largest planet closest to Earth, and it is precisely because Jupiter is nearest to Earth that it deflects many celestial objects from outer space. For instance, asteroids or meteorites; therefore, Jupiter is known as Earth's protector. Imagine a few years later when Chinese astronauts land on Jupiter. An astronaut throws a small ball vertically upward with an initial speed of v, which returns to the throwing point after time t. Given that Jupiter's radius is R and the gravitational constant is G (ignoring air resistance), find:

(1) The gravitational acceleration on Jupiter's surface,
(2) The average density of Jupiter,
(3) Jupiter's orbital period is 12 years. Then, Jupiter's orbital radius is how many times the Earth-Sun distance (\(\sqrt[3]{18} = 2.6\))."	calculation	"(1) According to the problem statement, we have  
\(v = g \cdot \frac{t}{2}\)  
Solving for \(g\), we get  
\(g = \frac{2v}{t}\)

(2) According to the problem statement, we have  
\(G\frac{Mm}{R^{2}} = mg\)  
\(M = \rho \cdot \frac{4}{3}\pi R^{3}\)  
Solving for \(\rho\), we get  
\(\rho = \frac{3v}{2\pi GRt}\)

(3) According to Kepler's third law, we have  
\(\frac{r_{Jupiter}^{3}}{{(12T_{0})}^{2}} = \frac{r_{Earth}^{3}}{T_{0}^{2}}\)  
Solving for the ratio, we get  
\(\frac{r_{Jupiter}}{"	Vertical upward motion###Kepler's Laws###Applications of the Law of Universal Gravitation	Analysis: (1) For a ball thrown vertically upward, determine the time required to reach the highest point based on the problem's context and the symmetry of motion, then solve using the laws of vertical projectile motion; (2) The gravitational force on an object on the surface of a planet equals the weight of the object, solve using the law of universal gravitation and the relationship between mass and density; (3) Jupiter and Earth both perform uniform circular motion around the Sun, solve according to the problem's context and Kepler's third law.	2024	high	medium
23	Using the relationship between fringe spacing and wavelength, Δx = λ, to predict the characteristics of the interference pattern in a double-slit experiment with white light.	calculation	"As shown in the figure, the total distance of light transmitted from the double slits to point O is equal, so the light of various colors is reinforced at point O. Therefore, point O, as the central bright fringe, is white.

When monochromatic light emitted from the double slits reaches point P, and the path difference is an integer multiple of the wavelength of this light, point P displays the color of this monochromatic light. Since red light has the longest wavelength, and the fringe spacing is <image>, the red fringe spacing is the largest, placing red on the outermost side."	Double-slit interference of light	[Analysis] Based on the formula for the spacing of double-slit interference fringes, <image> determine the change in fringe spacing to solve the problem.	others	high	medium
1070	In the natural ecosystem, snakes, mice, and other organisms form a food chain through nutritional relationships, playing an important role in maintaining ecological balance. Snakes are the natural enemies of mice and detect mice by receiving thermal radiation. Assuming the body temperature of a mouse is approximately 37°C, the wavelength of its strongest thermal radiation is λ\textsubscript{m}. According to the theory of thermal radiation, the relationship between λ\textsubscript{m} and the absolute temperature T of the radiation source is approximately Tλ\textsubscript{m}＝2.90×10\textsuperscript{－3} m·K. Find: the wavelength of the strongest thermal radiation emitted by the mouse?	calculation	Answer: From the meaning of the question, Tλ\textsubscript{m} = 2.90×10\textsuperscript{−3} m·K can be obtained:	Emission, propagation, and reception of electromagnetic waves	[Analysis] According to different wavelengths, the electromagnetic spectrum can be roughly divided into: radio waves, microwaves, infrared, visible light, ultraviolet, X-rays, and gamma rays.	others	high	medium
2042	"A certain planet can be approximately regarded as a sphere with a radius of \emph{R}. It has a stable atmosphere (with an atmospheric thickness much smaller than the planet's radius), and the atmospheric pressure near its surface is \emph{p}. The average molar mass of the air is \emph{M}, and the average distance between air molecules is \emph{d}. It is known that atmospheric pressure is produced by the gravity of the atmosphere, and the gravitational acceleration on the planet's surface is \emph{g}. The Avogadro constant is \emph{N\textsubscript{A}}. The space occupied by each air molecule is considered to be a cube. Find the following for the atmosphere at the planet's surface:
(1) The average density \emph{ρ} of air molecules;
(2) The total number \emph{n} of air molecules;
(3) The thickness \emph{h}."	calculation	"(1) Solution: Each molecule occupies a small cube with an edge length of d, and these small cubes are closely packed. Assuming the molar volume of air is V, we have: V=Nₐd³ and: \(\rho = \frac{M}{V}\) Solving gives: \(\rho = \frac{M}{Nₐd³}\)

(2) Solution: Let the mass of the gas in the planet's atmosphere be m, and the surface area of the planet be S, then: S=4πR² From the cause of atmospheric pressure, we know: mg=pS The total number of air molecules in the atmosphere: \(n = \frac{mNₐ}{M}\) Solving gives: \(n = \frac{4\pi R²pNₐ}{Mg}\)

(3) Solution: Since the thickness of the planet's atmosphere is much smaller than its radius, we have \(Sh"	Calculations related to Avogadro's constant	[Analysis] (1) Consider the average space occupied by each air molecule as a cube, determine the molar volume of air using Avogadro's constant, and then determine the average density of molecules based on the relationship between molar mass and molar volume; (2) Assume the planet is a spherical model, determine its surface area. Determine the mass of air molecules in the atmosphere using the pressure formula, and then determine the number of molecules based on the relationship between mass and molar mass; (3) The atmosphere's thickness is much smaller than the planet's radius, so it can be viewed as being formed by numerous molecules closely packed together. Solve using the relationship between the total volume of the gas layer, the volume of a single gas molecule, and the number of atmospheric molecules.	2024	high	medium
