index	question	category	answer	knowledge	analysis	year	grade_level	difficulty_level
2467	"On a smooth horizontal surface, there is a stationary wooden block. A bullet comes flying from the horizontal direction and enters the wooden block, remaining inside as they slide together. During the above process (　　)
A. The impulse exerted by the bullet on the wood is equal to the impulse exerted by the wood on the bullet.
B. The work done by the bullet on the wood is equal to the work done by the wood on the bullet.
C. The decrease in momentum of the bullet is equal to the increase in momentum of the wood.
D. The decrease in kinetic energy of the bullet is equal to the increase in kinetic energy of the wood."	multiple_answer_choice	A,C	Functional relationship###Law of Conservation of Momentum###Impulse	nan	2023	high	medium
894	"When Xiaoming arrives at the bus station, the bus is departing at a constant speed of 8 m/s along a straight road. The driver hears a shout, and after a 0.5-second reaction time, immediately begins braking with a uniform deceleration of 2 m/s². When the driver hears the shout, Xiaoming is 8 meters away from the bus and is running towards the bus at a constant speed of 4 m/s. Regarding the time it takes for Xiaoming to catch up to the bus after the driver hears the shout, the correct statements are:

A. After 2 seconds, the distance between Xiaoming and the bus is at its maximum.
B. Xiaoming catches up to the bus after 6 seconds.
C. The maximum distance between Xiaoming and the bus is 14 meters.
D. The displacement of the bus is 20 meters."	multiple_answer_choice	C, D	Pursuing and encounter problem	nan	2023	high	medium
291	"In our country, whenever the re-entry capsule of the Shenzhou spacecraft returns to an altitude of h above the ground, the buffer engines of the capsule begin to emit thrust downward, decelerating the capsule. This process can be regarded as uniform deceleration motion in a vertical direction, with an acceleration magnitude of a. If the speed of the capsule when the engines start to thrust downward is v, and the speed just reaches zero when the capsule reaches the ground, the time for the capsule's motion in this process can be expressed as: 

A. \(\frac{v}{g}\) B. \(\frac{2h}{v}\) C. \(\sqrt{\frac{2h}{a}}\) D. \(\frac{v}{a}\)"	multiple_answer_choice	B, C, D	Average speed###The relationship between speed and time in uniformly accelerated linear motion###The relationship between displacement and time in uniformly accelerated linear motion.	"Answer: The cabin makes a uniformly decelerating linear motion. According to the velocity formula:

\(v = at\)

we can derive the time of motion as:

\(t = \frac{v}{a}\)

Hence, option A is incorrect, and option D is correct;

B. According to the displacement formula:

\(h = \frac{v}{2}t\)

we can derive the time displacement of motion as:

\(t = \frac{2h}{v}\)

Hence, option B is correct;

C. According to the displacement formula:

\(h = \frac{1}{2}at^{2}\)

we can derive the time of motion as:

\(t = \sqrt{\frac{2h}{a}}\)

Hence, option C is correct.

Thus, the correct options are BCD.

Analysis: The cabin undergoes uniformly decelerating linear motion. Using the velocity and displacement formulas, we can calculate the corresponding time of motion."	2024	high	medium
292	"Which of the following statements are correct? ( )
A. A speed of 2 m/s is faster than a speed of 7 km/h.
B. A road speed limit of 40 km/h refers to average speed.
C. The speed of a bullet exiting the muzzle is 800 m/s, referring to average speed.
D. When the traffic light turns green at an intersection, an electric motorcycle starts quickly, indicating its starting acceleration is large."	multiple_answer_choice	A, D	Acceleration###Speed and velocity	nan	2023	high	medium
198	"In the significant discoveries of physics, scientists have created many conceptual methods such as ideal experiment method, controlled variable method, limit method, ideal model method, ratio definition method, etc. Which of the following statements about the physics research methods used is correct?  
A. When the size and shape of an object do not need to be considered, using a particle to replace the object is called the assumption method.  
B. The point of action of gravity is at the center of mass, which is a form of equivalent substitution thought.  
C. Demonstrating the slight deformation of an object by squeezing a glass bottle uses the amplification principle.  
D. Considering the speed at a moment as equal to the average speed over an extremely short time before and after that moment is a limit method."	multiple_answer_choice	B, C, D	Equivalent method###Limit method###Ideal Model Method###Magnification Method	nan	2023	high	easy
2177	"The correct statements among the following are (    )
A. All curved motions are accelerated motions
B. The direction of the resultant force on an object in curved motion changes continuously
C. The horizontal component of velocity for an object in oblique projectile motion remains constant
D. The change in velocity over equal time intervals for an object in horizontal projectile motion is the same"	multiple_answer_choice	C,D	Curvilinear motion###Projectile motion###Projectile motion	nan	2024	high	medium
1657	"The following statements are correct (     )
A. There is a gap between the molecules in solids and liquids without dispersion, and they can maintain a certain volume, indicating there is attraction between molecules.
B. Air convection is the macroscopic manifestation of the thermal motion of gas molecules.
C. When ink is dripped into water, carbon particles slowly disperse in the water. The higher the temperature, the shorter the time taken to mix evenly, indicating that Brownian motion becomes more intense at higher temperatures.
D. Sprinkle some pepper in water, and when heated, the pepper in the water quickly rolls and disperses, indicating that Brownian motion becomes more intense at higher temperatures.
E. Under vacuum and high-temperature conditions, molecular diffusion can be used to dope other elements into semiconductor materials."	multiple_answer_choice	A, C, E	The basic content of molecular kinetic theory###Brownian motion###Intermolecular forces	nan	2024	high	medium
1039	"The following statement is correct (    ):
A. The electromagnetic waves used in remote sensing technology are infrared.
B. It is impossible to distinguish between polycrystals and amorphous substances based on anisotropy.
C. Hearing music through a door crack is caused by diffraction.
D. A person standing on the shore cannot see the fish in the lake due to total internal reflection."	multiple_answer_choice	A, B, C	The phenomenon of wave diffraction###Electromagnetic spectrum###Total internal reflection of light###Crystal and amorphous solid	nan	2024	high	medium
1547	"The correct statements are (   )
A. Faraday discovered the phenomenon of electromagnetic induction and was the first to capture electromagnetic waves through experiments.
B. Planck proposed the concept of energy quantization, suggesting that the energy of microscopic particles is discrete (not continuous).
C. Maxwell proposed that light is an electromagnetic vibration that propagates in the form of waves.
D. Ørsted believed that electromagnetic interaction is realized through a medium called a field, and he creatively introduced magnetic field lines to visually represent the physical picture of this field."	multiple_answer_choice	B, C	Magnetic phenomena and magnetic fields, magnetic field lines###The discovery of electromagnetic induction and the conditions for generating induced current###Generation of Electromagnetic Fields and Electromagnetic Waves###Quantum energy and quantization phenomena	"Answer: 

A. Hertz was the first to capture electromagnetic waves through experiments, while Faraday discovered electromagnetic induction phenomena; A is incorrect.  
B. Planck's proposition of energy quantization suggests that the energy of microscopic particles is discrete, which aligns with historical facts; B is correct.  
C. Maxwell indicated that light is a type of electromagnetic wave; C is correct.  
D. Faraday believed that electromagnetic interaction was realized through a medium called a field and introduced magnetic lines of force; D is incorrect.  

Therefore, B and C are the correct choices.  

Analysis: Answer based on the history of physics and common knowledge by remembering the contributions of famous scientists."	2023	high	medium
604	"The following statement is correct (     ):
A. When the attractive and repulsive forces between molecules are balanced, the molecular potential energy is minimal.
B. In the ""oil film method for estimating molecular size"" experiment, the diameter of the oleic acid molecule equals the volume of a drop of oleic acid alcohol solution divided by the area of the corresponding oleic acid film.
C. Temperature always transfers from the object with a larger average molecular kinetic energy to the object with a smaller average molecular kinetic energy.
D. When a certain amount of water evaporates into water vapor at the same temperature, the absorbed heat exceeds the increase in its internal energy.
E. For a certain mass of ideal gas, when the pressure remains unchanged, the average collision frequency of molecules against the unit area of the container wall per second increases as the temperature decreases."	multiple_answer_choice	A, D, E	Estimate the size of oleic acid molecules using the oil film method.###Microscopic explanation of gas pressure###Molecular potential energy###The First Law of Thermodynamics and Its Applications###Thermal Equilibrium and the Law of Thermal Equilibrium	nan	2024	high	medium
423	"Scientific research methods have facilitated people's understanding of the nature and laws of things. The correct statement about research methods is:  
A. The concept of component and resultant forces was established using the observation method.  
B. The magnification method was used to observe the slight deformation of the table surface through a plane mirror.  
C. Aristotle's conclusion that heavier objects fall faster and lighter objects fall slower used the equivalent substitution method.  
D. Galileo's conclusion that heavier and lighter objects fall at the same speed used the scientific reasoning method."	multiple_answer_choice	B, D	History of Physics###Galileo's inclined plane experiment	nan	2023	high	easy
1298	"Regarding the following experiments, the correct statements are:

A. ""In the experiment of measuring oleic acid molecule size using the oil film method,"" if a few drops are undercounted when measuring the number of drops in \(1mL\) of oleic acid alcohol solution, it will lead to an overestimation of the measurement result.
B. ""In the experiment of using a pendulum to measure gravitational acceleration,"" the stopwatch should be started when the pendulum ball reaches the highest point.
C. ""In the experiment to explore the characteristics of projectile motion,"" a smooth curve should be used to connect all the points marked on the paper to obtain the trajectory.
D. ""In the experiment of double-slit interference to determine the wavelength of light,"" a filter can be added between the convex lens and the single slit to obtain an interference pattern of monochromatic light."	multiple_answer_choice	A, D	Use double-slit interference to measure the wavelength of light waves.###Estimate the size of oleic acid molecules using the oil film method.###Study the motion of a projectile###Measuring Gravitational Acceleration Using a Pendulum	"[Explanation] A. In the ""experiment using oil film method to estimate the size of molecules,"" we applied some idealizations, assuming no gaps between oleic acid molecules and that the oleic acid film is a single molecular layer. In the experiment ""measuring the size of oleic acid molecules using the oil film method,"" if a few droplets are undercounted when measuring the drops of the 1mL oleic acid alcohol solution, the calculated volume of oleic acid will be overestimated, leading to an overestimation of the measurement result. Therefore, A is correct; B. In the ""experiment using a simple pendulum to measure gravitational acceleration,"" timing should begin when the pendulum’s bob reaches the equilibrium position, making B incorrect; C. In the ""experiment exploring characteristics of projectile motion,"" a smooth curve should be used to connect the points plotted on the paper to form a trajectory, and points with significant errors should be discarded, making C incorrect; D. In"	2023	high	medium
74	"EUV lithography machines are the most advanced lithography machines in the world. This machine uses extreme ultraviolet light as a light source. According to available information, extreme ultraviolet light is ultraviolet light with a wavelength of \(\lambda\), and given that Planck's constant is \(h\) and the speed of light is \(c\), the following statements are correct:

A. The propagation speed of extreme ultraviolet light in a vacuum is greater than that of red light.

B. The energy of extreme ultraviolet light is discrete.

C. The frequency of extreme ultraviolet light is \(\frac{c}{\lambda}\).

D. If the luminous power of the extreme ultraviolet light source is \(P\), then the number of photons emitted per unit time is \(\frac{P}{h\lambda}\)."	multiple_answer_choice	B, C	The period, frequency, and wave speed of electromagnetic waves.###Photon and its momentum	nan	2024	high	medium
518	"The correct statement is (    ):
A. The theory that ""a changing electric field generates a magnetic field, and a changing magnetic field generates an electric field"" was first proposed by Maxwell.
B. Maxwell was the first to experimentally confirm the existence of electromagnetic waves based on electromagnetic field theory.
C. Joule concluded through extensive experimental research that work and heat transfer are equivalent in changing the internal energy of a system.
D. American physicist Maiman was the first to create a laser in the laboratory."	multiple_answer_choice	A, C, D	History of Physics###Two Ways to Change Internal Energy	nan	2024	high	easy
1084	"The following unit does not belong to the base units of the International System of Units: (   )  
A. N B. m/s C. W D. m"	multiple_answer_choice	A, B, C	Unit system	Answer: The seven base units in the International System of Units are: meter, kilogram, second, ampere, kelvin, mole, and candela. The question asks for a unit that is not a base unit in the International System of Units, so the answer is: ABC. Analysis: The seven base units in the International System of Units are: meter, kilogram, second, ampere, kelvin, mole, and candela.	2024	high	easy
