index	question	category	A	B	C	D	answer	knowledge	analysis	year	grade_level	difficulty_level
11	During a physical education class, a student is doing push-up exercises. As the student's body descends, which of the following statements is correct?	single_answer_choice	The impulse from the ground on the student is not zero	The student is in a state of weightlessness.	The impulse from the ground on the student is not zero.	The support force from the ground on the student does negative work.	B	"Overweight and Weightlessness###The concept of ""gong""###Power and its calculation###Impulse"	nan	2024	high	medium
1289	A certain brand of self-driving car undergoes a brake performance test on a level surface. The change in position with time during the braking process is given by \(x = - t^{2} + 5t + 6.25(m)\). Assuming the initial velocity direction is the positive direction, then:	single_answer_choice	The average velocity during the 3rd second is 0.5 m/	The average velocity during the 3rd second is 0.5 m/s	The change in velocity during the 1st second is 1 m/s	The displacement within the first 2 seconds is 12.25 m	D	The relationship between speed and time in uniformly accelerated linear motion###Comprehensive Application of Uniformly Accelerated Linear Motion Laws	nan	2024	high	medium
2345	As shown in the table, the nameplate information of a certain eye massager indicates that when the remaining battery power is 20% of the total capacity, the massager will stop working. If this massager operates continuously at its rated power, then (　　)	single_answer_choice	mA·h is a unit of energy	The massager can work continuously for about 5 hours when fully charged.	The time for the battery to charge from 20% to full is about 2 hours.	mA·h is a unit of energy.	B	Electrical power and electrical work###Concept of current and power sources###Electromotive force and internal resistance of the power supply	nan	2023	high	medium
172	The correct statements about force are as follows (　　):  	single_answer_choice	The exerting object of the gravitational force on an object is the Earth, and its direction is always vertically downward toward the ground.  	The elastic force exerted by a rod on an object is always along the direction of the rod.  	The position of an object's center of gravity is related to its shape, and for objects with regular shapes, the center of gravity is always at the geometric center.  	The pressure exerted by a box on the ground is due to the slight deformation of the box.	D	Gravity and Center of Gravity###Deformation and Elastic Force	"Answer: 

A. The gravitational force on an object is always vertically downward and not necessarily perpendicular to the ground, so A is incorrect.

B. The elastic force exerted by a rod on an object can be along the direction of the rod or not. For example, when a ball is at rest on an inclined rod, the elastic force exerted by the rod equals the gravitational force and is vertically upward, so B is incorrect.

C. The position of an object's center of gravity is related to its shape. Only objects with uniform mass distribution and regular shape have their center of gravity at the geometric center, but the center of gravity of regularly shaped objects is not necessarily at the geometric center, so C is incorrect.

D. Elastic force is the force exerted by an object on the contacted object due to deformation. Therefore, the pressure the box exerts on the ground is due to the slight deformation of the box, so D is correct.

The answer is D.

Analysis: The direction"	2024	high	medium
1290	Regarding the thought methods reflected by the definition of physical concepts, the following statements are correct (     )	single_answer_choice	The effective value of alternating current reflects the idea of equivalence.	The concept of average speed reflects the idea of limits.	The concept of resistance reflects the idea of controlling variables.	The concept of the center of gravity reflects the idea of an ideal model.	A	The generation and principles of alternating current###Equivalent method###Average speed###The content, expression, and simple applications of Ohm's Law.	nan	2024	high	medium
838	Regarding accelerated linear motion, the following statements are correct (    )  	single_answer_choice	If the displacements are equal over any equal time intervals, the object is undergoing uniformly accelerated linear motion.  	If the object's acceleration increases uniformly, the object must be in uniform accelerated linear motion.  	If the object's acceleration is increasing, the object's speed must be increasing, and the speed increases at an accelerating rate.  	If the object's speed is decreasing, the direction of acceleration and velocity must be opposite.	D	Uniform linear motion###The definition and characteristics of uniformly accelerated linear motion.###The relationship between speed and time in uniformly accelerated linear motion	nan	2023	high	medium
1961	The Qinshan Nuclear Power Base has a total of 9 nuclear power units, with a total installed capacity of 6.564 million kilowatts and an annual power generation of about 50 billion kilowatt-hours, including China's first 300,000-kilowatt pressurized water reactor designed, constructed, and operated independently. Assuming one ton of standard coal can generate 3,000 kilowatt-hours, and each household uses 200 kilowatt-hours of electricity per month on average, the following analysis is correct (　　):	single_answer_choice	The mass of nuclear fuel used is reduced by approximately \(2kg\) annuall	The mass of nuclear fuel used is reduced by approximately \(2kg\) annually	The annual power generation of the Qinshan Nuclear Power Plant can supply electricity to \(2.5 \times 10^{8}\) households for one year	The Qinshan Nuclear Power Plant utilizes immense nuclear energy generated by nuclear fusion	D	Mass deficit and the mass-energy equation###Law of Conservation of Energy###Nuclear fission	nan	2023	high	medium
624	"When studying the motion of objects, the concept of a ""point mass"" is introduced. The following statements about point mass are correct:"	single_answer_choice	When studying the movement trajectory and exertion actions of a marathon runner, the runner can be considered a point mass	The atomic nucleus is very small and can definitely be considered a point mass, but the Earth is very large and therefore cannot be regarded as a point mass.	When studying the movement trajectory and exertion actions of a marathon runner, the runner can be considered a point mass.	An object can only be considered a point mass when its size and shape are the main factors in the study.	D	Particle	nan	2023	high	medium
733	The correct statement is (     )	single_answer_choice	Light waves are longitudinal waves because light has polarization.	The Doppler effect indicates that the frequency of waves changes during propagation.	Cathode rays are a stream of high-speed protons.	Special relativity posits that physical laws are the same in different inertial frames.	D	Doppler Effect###The Relativistic View of Space-Time and the Limitations of Newtonian Mechanics###Phenomenon of light polarization###Cathode Rays and Cathode Ray Tube	nan	2023	high	medium
1813	At 8:30 a.m. on September 23, 2024, the military training for the first-year high school students at Chongqing Bashu Secondary School officially began. During a certain formation training, a column of students took 2 minutes to walk 120 meters along a straight path and then 30 meters along a curved path. Which of the following statements is correct?	single_answer_choice	The average speed of the column of students on the straight path is 1 m/s	Both 8:30 a.m. and 2 minutes refer to specific points in time.	The average speed of the column of students on the straight path is 1 m/s.	The instantaneous speed of the students entering the curved path is 1 m/s.	B	Time and moment###Displacement and Distance###Average speed	nan	2024	high	medium
152	The correct statements are: (      )	single_answer_choice	The center of gravity of an object is the equivalent action point of the gravitational forces on all its parts, so the center of gravity must be on the object.	According to the definition of velocity \(v = \frac{\Delta x}{\Delta t}\), when \(\Delta t\) is extremely small, \(\frac{\Delta x}{\Delta t}\) can represent the instantaneous velocity of the object at time t; this definition applies the method of limits.	Galileo used experimental methods to confirm that the distance of motion beginning from rest is proportional to the square of the time, thus directly confirming that free-fall velocity is proportional to time.	"Aristotle proposed that ""heavier objects fall faster than lighter objects,"" and Galileo proved this theory wrong through experiments."	B	Gravity and Center of Gravity###Instantaneous velocity###Galileo's Study of Free Fall Motion	"Answer:

A. The center of gravity of an object is not necessarily on the object itself. For example, the center of gravity of a uniformly distributed circular ring is at its center, so A is incorrect.

B. According to the definition of velocity:
\[ v = \frac{\Delta x}{\Delta t} \]
When \(\Delta t\) is extremely small, the average velocity can represent the instantaneous velocity of an object at time \(t\). This definition uses the concept of limits, so B is correct.

C. In Galileo's time, there were no tools to directly measure velocity, so he did not directly prove that the velocity of free fall is proportional to time. Instead, he directly verified that displacement is proportional to the square of time, thereby proving that free-fall velocity is proportional to time. Thus, C is incorrect.

D. Aristotle proposed that ""heavier objects fall faster than lighter ones,"" which Galileo disproved through experiments with falling stones of different sizes"	2024	high	medium
196	In the process of the development of physics, scientists have summarized many important physical concepts and methods. Among the following descriptions of physics concepts and methods, which are correct (　　)	single_answer_choice	The concept of the center of mass employs the ideal model method.	Demonstrating that the area under a \(v - t\) graph is the displacement of an object uses the concept of equivalence.	Cavendish, when measuring the gravitational constant, used the method of magnifying small quantities.	In the experiment studying the relationship between acceleration, net external force, and mass, the concept of equivalent substitution was used.	C	Method of controlling variables###Equivalent method###Infinitesimal method###Magnification Method	nan	2024	high	easy
2341	As shown in the figure, water droplets spread on a clean glass surface to form a thin layer adhering to the glass; on a wax surface, they can roll back and forth without spreading into a thin layer. The correct statement is (    )	single_answer_choice	The intermolecular forces between water molecules on the wax surface manifest as attraction	Water not wetting paraffin is determined solely by the properties of paraffin, and is unrelated to the properties of water.	Water on paraffin has surface tension, while water on glass does not.	The intermolecular forces between water molecules on the wax surface manifest as attraction.	C	Surface tension of a liquid###Infiltrating and non-infiltrating	nan	2024	high	medium
363	Which of the following statements about the magnetic field is correct? ( )	single_answer_choice	The direction of the magnetic field at a point is indicated by the direction of the S pole of a small magnetic needle at that point.	The direction of the force on the N pole of a small magnetic needle at a point is consistent with the direction of the magnetic field at that point.	The direction of the magnetic force on a small segment of a current-carrying straight conductor at a point is consistent with the direction of the magnetic field at that point.	Outside a current-carrying solenoid, the force direction on the N pole of a small magnetic needle is consistent with the magnetic field direction; inside, the force direction on the N pole is opposite to the magnetic field direction.	B	Magnetic phenomena and magnetic fields, magnetic field lines	nan	2023	high	medium
362	The following statement is correct (     )	single_answer_choice	When a spring elongates, the spring's force does positive work; when a spring shortens, the spring's force does negative work	A rod moving at super high speed perpendicular to its direction shortens in length as observed by a person on the ground	The orbital period of binary stars is determined by the distance between them and their total mass, independent of the mass of individual stars	Kepler's third law \(\frac{a^{3}}{T^{2}} = k\), where the constant k is the same for planets orbiting the sun and for satellites of the Earth	C	"Kepler's Laws###Two-body (multi-body) problem###The Relativistic View of Space-Time and the Limitations of Newtonian Mechanics###The concept of ""gong"""	nan	2024	high	medium
301	Decorative stone usually has a certain level of radiation, mainly because it contains the radioactive element radon. When a radon nucleus (\({}_{86}^{222}Rn\)) undergoes a single decay, it generates a new polonium nucleus (\({}_{84}^{218}Po\)), releasing a particle X and a \(\gamma\) photon. The half-life of radon is \(3.8\) days. The correct statement is:	single_answer_choice	X is a \(\beta\) particl	X is a \(\beta\) particle	Both X and the \(\gamma\) photon are physical particles	The specific binding energy of the polonium nucleus is greater than that of the radon nucleus	C	Nuclear decay, half-life###Wave-particle duality of light###α, β, γ rays and their characteristics###Binding energy and specific binding energy	nan	2023	high	medium
1207	Regarding resistance, voltage, and current, which of the following statements is correct? (    )	single_answer_choice	From \(R = \frac{U}{I}\), it is understood that resistance is related to both voltage and current.	The resistivity of a conductor is generally related to the conductor's length, shape, and size.	The resistivity of metals generally decreases with increasing temperature.	From \(R = \rho\frac{L}{S}\), it is understood that the resistance of a conductor is related to the type of conductor, its length, and cross-sectional area.	D	Resistivity###Study the factors affecting conductor resistance.	nan	2024	high	medium
600	X-ray photoelectron spectrometer is a scientific instrument that uses X-rays to irradiate the surface of a material, exciting photoelectrons and analyzing them. When a certain frequency of X-ray is used to irradiate the surface of a metal, photoelectrons are emitted. If the intensity of this X-ray is increased, then (    )	single_answer_choice	The work function of the metal increases	The energy of X-ray photons increases	The maximum initial kinetic energy of the emitted photoelectrons increases	The number of photoelectrons emitted per unit time increases	D	Quantum energy and quantization phenomena###Photoelectric effect	nan	2024	high	medium
506	The correct statements about the methods used in the following physics research are:	single_answer_choice	When deriving the displacement formula for uniformly accelerated linear motion, the entire motion process is divided into many small segments, each approximated as uniform linear motion, and then the displacements of each segment are added together, mainly reflecting the method of limit thinking	When deriving the displacement formula for uniformly accelerated linear motion, the entire motion process is divided into many small segments, each approximated as uniform linear motion, and then the displacements of each segment are added together, mainly reflecting the method of limit thinking.	When deriving the displacement formula for uniformly accelerated linear motion, the entire motion process is divided into many small segments, each approximated as uniform linear motion, and then the displacements of each segment are added together, mainly reflecting the method of limit thinkin	In the experiment exploring the composition law of two forces at an angle, the method of controlling variables was used.	D	Equivalent method###Infinitesimal method###Ratio definition method	nan	2024	high	easy
732	The correct statements about energy are:  	single_answer_choice	Solar energy is the most important energy source on Earth  	The hydropower of the Pearl River is inexhaustible  	Natural gas is a renewable energy  	The motion laws of fundamental particles do not follow the law of conservation of energy	A	Classification and Application of Energy	Answer: A. Solar energy is indeed one of the main energy sources on Earth. The sun generates massive amounts of energy through nuclear fusion, which radiates to Earth in the form of light and heat, becoming an essential foundation for the survival of life and the development of human society on the planet. Thus, A is correct; B. The hydropower of the Pearl River is not inexhaustible, so B is incorrect; C. Natural gas is a non-renewable energy source, so C is incorrect; D. The motion laws of elementary particles follow the law of conservation of energy, so D is incorrect. Therefore, option A is correct. Analysis: Renewable energy refers to resources like hydropower, wind energy, and solar energy that can be provided continuously or regenerated over time; energy sources that cannot be replenished in the short term from nature are called non-renewable energy sources.	2024	high	medium
