index	question	category	answer	knowledge	analysis	year	grade_level	difficulty_level
906	The organ responsible for forming urine is \ul{　 　}. In humans, the production of urine is continuous, but urination is intermittent because \ul{　 　} serves the function of temporarily storing urine.	fill_in_the_blank	Kidney; bladder	Composition of the urinary system	nan	2024	middle	medium
6913	The basic structural unit for the formation of urine in the human body is ( ), and the formation of urine mainly includes processes such as ( ). The structure that completes the urination reflex in the human body is called ( ), and the most numerous cells in the blood are ( ).	fill_in_the_blank	nephron; filtration by the glomerulus and Bowman's capsule, reabsorption by renal tubules; reflex arc; red blood cells	Formation and Excretion of Urine###Reflection and Its Structural Basis	Solution: The urinary system is composed of the kidneys, ureters, bladder, and urethra, with the kidneys being the main organ whose primary role is to form urine. The basic structural and functional unit of the kidneys is the nephron, which consists of the glomerulus, Bowman's capsule, and renal tubule. The bladder functions to store urine. The formation of urine involves the filtration by the glomerulus and Bowman's capsule wall and reabsorption in the renal tubule. When blood flows through the glomerulus, everything except blood cells and large proteins filters into Bowman's capsule to form the primary urine, which consists of water, inorganic salts, urea, and glucose. As primary urine flows through the renal tubule, most of the water, some inorganic salts, and all of the glucose are reabsorbed back into the blood, while the remaining urea, some inorganic salts, and water form the components of urine. The basic method of neural regulation is	2017	middle	medium
3516	When observing with a microscope, when the light is dim, \ul{　 　} and \ul{　 　} should be used to adjust the intensity of the light.	fill_in_the_blank	Concave mirror; large aperture.	Structure and Use of a Microscope	"[Answer] When using a microscope, the brightness of the field of view needs to be adjusted as required:

① Large Aperture: A large aperture allows more light to enter the tube, making the field of view brighter. It is used when the light is too weak and strong light is needed. Small Aperture: A small aperture allows less light to enter the tube, making the field of view darker. It is used when the light is too strong and weak light is needed.

② Plane Mirror: Reflects weaker light and is used when the light is too strong and weak light is needed. Concave Mirror: A concave mirror can concentrate light and reflects stronger light. It is used when the light is too weak and strong light is needed.

Therefore, when observing with a microscope and the light is dim, a concave mirror and large aperture should be used to adjust the light intensity.

The answer is: concave mirror, large aperture.

[Analysis] This question tests the use of"	2017	middle	medium
3507	Respiration mainly occurs in the \_\_\_\_. Its essence is the decomposition of \_\_\_\_, releasing \_\_\_\_.	fill_in_the_blank	Mitochondria; organic matter; energy	The essence of respiration	[Answer] The energy converters in plant cells are chloroplasts and mitochondria. Chlorophyll in chloroplasts can absorb light energy, convert it into chemical energy, and store it in the organic matter it produces. Mitochondria are the site of respiration, where organic matter in the cell is broken down into carbon dioxide and water with the involvement of oxygen, releasing the chemical energy in the organic matter for the cell to use. Therefore, the answer is: mitochondria; organic matter; energy. [Analysis] Respiration refers to the process where organic matter in the cell is broken down into carbon dioxide and water with the involvement of oxygen, releasing energy simultaneously.	others	middle	medium
3515	"A. Root B. Stem C. Leaf D. Flower E. Fruit F. Seed  

Broad bean ( )  
Potato ( )  
Peach ( )  
Sweet potato ( )  
Onion ( )  
Cabbage ( )  
String bean ( )  
Daylily ( )"	fill_in_the_blank	F; B; E; A; B; C; E; D	The structural hierarchy of a plant body	"Answer: Explanation: Broad beans are seeds; the edible part of potatoes is tubers; peaches and snap beans are fruits; sweet potatoes are roots; onions and Chinese cabbage are leaves; daylilies are flowers.

Analysis: A complete individual of green flowering plants consists of six major organs: roots, stems, leaves, flowers, fruits, and seeds. The roots, stems, and leaves of a plant are related to plant nutrition and are therefore classified as vegetative organs; flowers, fruits, and seeds are related to plant reproduction, thus they are classified as reproductive organs."	2018	middle	medium
8643	In ecosystems, \ul{\ \ \ } and \ul{\ \ \ } flow along the food chain and food web.	fill_in_the_blank	Matter; Energy	Functions of the ecosystem	"Answer: In an ecosystem, matter continuously circulates, while the flow of energy is unidirectional and decreases at each level. Both the energy flow and matter cycling in ecosystems are achieved through food chains and food webs. Matter serves as the carrier of energy, enabling its flow along the food chains (webs), while energy acts as the driving force, allowing matter to cycle repeatedly between the ecosystem and the inorganic environment; both are inseparable.

Analysis: In ecosystems, matter and energy flow along food chains and food webs. As energy flows along the food chain, it decreases at each level; the higher the trophic level, the less energy it contains, and the fewer animals it includes. The energy flow in the ecosystem drives the cycling of various substances between biological communities and the inorganic environment."	2017	middle	medium
7321	When making a temporary mount of the inner epidermal cells of an onion scale leaf, first wipe the slide clean, then add a drop of \_\_\_ in the center; when making a temporary mount of human oral epithelial cells, the liquid to be added in the center of the slide is \_\_\_.	fill_in_the_blank	Clean water; saline solution	Observe plant cells.###Observe animal cells	"Solution: To easily remember the steps for preparing temporary slides of plant and animal cells, remember: wipe, drop, tear (or scrape), spread (or smear), cover, and stain. In the ""drop"" step, when making a temporary slide of onion epidermal cells, drop clean water onto the slide and use iodine solution for staining, since the chromosomes in the nucleus are easily stained dark by alkaline dyes. When preparing a temporary slide of human cheek epithelial cells, physiological saline with a concentration of 0.9% must be used on the slide to maintain the normal shape of the cheek epithelial cells, as it matches the concentration of body fluids.

Analysis: The basic steps for preparing temporary slides of onion epidermal cells and human cheek epithelial cells can be summarized as: wipe → drop → tear (or scrape) → spread (or smear) → cover → stain → absorb. Since onion cells are plant cells with cell walls, they won't burst from absorbing water, so you can use clean water"	2019	middle	medium
5930	The Hami melons and grapes from Xinjiang are particularly sweet because the low night temperatures in the Xinjiang region reduce the plant's ( ) rate, facilitating the accumulation of organic matter.	fill_in_the_blank	respiration	Differences and Connections between Photosynthesis and Respiration	"[Answer] Xinjiang has a large temperature difference between day and night. During the day, the temperature is high, and photosynthesis is vigorous, producing more organic matter. At night, the temperature is low, and respiration is weaker, resulting in less decomposition of organic matter. Therefore, the organic matter accumulated through photosynthesis exceeds the consumption from respiration, leading to an increase in accumulated organic matter within the plant. This is why Xinjiang's Hami melons and grapes are particularly sweet, as ""the temperature in Xinjiang is low at night,"" reducing the plants' respiration rate, which ""favors the accumulation of organic matter."" Therefore, the answer is: respiration.

[Analysis] The relationship between photosynthesis and respiration is as follows:

\[
\begin{array}{|c|c|c|}
\hline
& \text{Difference} & \text{Connection} \\
\hline
& \text{Location} & \\
\hline
\"	others	middle	medium
4210	"Antibiotics are the most familiar and easily ""abused"" drugs among the people in our country. A study by Fudan University on the urine of over 1,000 school children in Jiangsu, Zhejiang, and Shanghai showed that antibiotics were present in nearly 60% of the children's urine. Food and drugs are likely one of the main pathways. The preventive use of antibiotics is a typical form of antibiotic ""abuse,"" which can produce toxic side effects on the human body; individuals with specific physical constitutions may experience allergic reactions leading to shock. Furthermore, excessive use of antibiotics undoubtedly ""trains"" pathogens' antibiotic resistance, enhancing their resistance. ""Superbugs"" are largely spawned by the ""abuse"" of antimicrobial drugs. If this situation continues to worsen, it could potentially lead to a future where humans have no effective treatments for infections.

(1) Antibiotic drugs are divided into prescription and over-the-counter drugs, and purchases can be confirmed by checking the special symbols on the ( )."	fill_in_the_blank	packaging	The theory of biological evolution###Infectious Diseases and Their Causes###Preventive measures for infectious diseases###Nonspecific immunity and specific immunity of the human body###Safe medication use	"Answer:

(1) Medications are classified into prescription and over-the-counter (OTC) drugs. Prescription drugs require a professional medical practitioner to prescribe, purchase, and use; these cannot be self-purchased and taken according to the instructions. Over-the-counter drugs do not require a prescription and can be self-assessed, purchased, and used.

(2) Immunity refers to the body's physiological function that identifies self and non-self components to destruct and reject antigens entering the body or damage and tumor cells produced by the body itself, maintaining internal balance and stability.

(3) Antibiotics cannot fight viruses; the eradication of viruses relies on the body's immune ability. Enhancing it requires a balanced diet.

(4) Antibiotics cannot kill drug-resistant bacteria. These bacteria survive and pass on their traits to the next generation. Thus, genetic variation is the basis of biological evolution. Some bacteria have strong drug resistance, some weak. Antibiotics kill those with weak resistance, leading to ""sur"	2022	middle	medium
6991	Some bacteria shrink in size and thicken their cell walls during the late growth stage to form ( ) in order to resist adverse environments.	fill_in_the_blank	Spore	Morphology and Nutritional Modes of Bacteria	nan	2024	middle	medium
7911	The microorganisms used in the steaming of mantou and the making of pickles are respectively ( ) and ( ).	fill_in_the_blank	Yeast; lactic acid bacteria	The relationship between bacteria and humans###The relationship between fungi and humans	"Microbial fermentation technology plays an important role in food production, such as using yeast in making steamed buns, bread, and brewing. Yeast can decompose glucose in flour, producing carbon dioxide, which is a gas that expands when heated, forming small holes, making the buns or bread soft and porous. Lactic acid bacteria are used in making pickles; under anaerobic conditions, they ferment to produce lactic acid, giving the vegetables a special flavor. Therefore, the answer is: yeast, lactic acid bacteria. 

Microbial fermentation is widely used in food production, like using yeast for steamed buns, bread, and brewing, and lactic acid bacteria for making pickles."	others	middle	medium
1109	"The COVID-19 pandemic continues to spread globally. To curb the spread of the virus, our country has implemented free COVID-19 vaccinations for the entire population. The coronavirus significantly harms the human respiratory system. Please answer the following questions:

(1) As of 18:09 Central European Summer Time on June 10, 2022 (00:09 Beijing Time on June 11), there have been a total of 532,201,219 confirmed COVID-19 cases worldwide, with 6,305,358 deaths. The structure the novel coronavirus travels through to enter the human lungs in sequence is: Virus → Nose → Pharynx → Larynx → ( ) → ( ) → Lungs.

(2) During the pandemic, wearing a mask when going out is necessary. Wearing it for long periods causes the mask to become damp, demonstrating that the respiratory tract can ( ) gases.

(3) ""Do not speak while eating, do not..."	fill_in_the_blank	Trachea; Bronchus; Moist	The function of the respiratory tract###Composition of the digestive system###Composition of the Respiratory System	"Answer: (1) The respiratory tract includes the nasal cavity, pharynx, larynx, trachea, and bronchi, which serve as the passage for external air to enter the lungs. Therefore, the novel coronavirus passes through the nasal cavity, pharynx, larynx, trachea, and bronchi, then enters the lungs.  
(2) The respiratory tract includes the nasal cavity, pharynx, larynx, trachea, and bronchi. The nasal cavity can pre-warm the inhaled cold air, its mucus can kill some bacteria and moisten the inhaled air, while nasal hair and mucus can block and trap dust and bacteria, thus acting as a filter. Therefore, the respiratory tract plays a role in warming, moistening, and cleaning the inhaled air. Prolonged mask-wearing can cause it to become damp, indicating that the respiratory tract can moisten the air.  
(3) Air inhaled"	2023	middle	medium
8633	The main characteristics of mammals: body covered with hair, ( ) and ( ), teeth differentiated into ( ), ( ), and ( ).	fill_in_the_blank	Viviparous; Mammary glands; Incisors; Molars; Canines	Characteristics of Mammals and Their Relationship with Humans	Answer: Explanation: Mammals generally have body hair covering for insulation, are viviparous (give birth to live young), nurse their young, have a diaphragm in the body cavity, teeth differentiated into incisors, molars, and canines, a four-chambered heart, breathe with lungs, and maintain a constant body temperature. Analysis: Mammals possess features such as body hair, viviparity, nursing, and differentiated teeth; analyze and respond accordingly.	2015	middle	medium
2592	"To protect wetland water sources, a certain city continuously expanded the planting areas of wetland plants such as lotus, reeds, water lilies, and sweet flags to purify water quality, creating more habitats for waterfowls like muscovy ducks, bar-headed geese, and swans. Please analyze and answer the following questions:

(1) In terms of ecosystem components, lotus belongs to ( ) producers, and muscovy ducks belong to ( ) consumers.
(2) The diverse vegetation of this wetland brings fresh air, which demonstrates the relationship between organisms and the environment as ( ).
(3) In this wetland, small fish, muscovy ducks, zooplankton, and phytoplankton form a food chain; please write out this food chain: ( ). The organisms in this food chain have ( ) relationships.
(4) The beautiful wetland scenery attracts more and more ( )."	fill_in_the_blank	(1) Producers; Consumers  (2) Biological impact on the environment  (3) Phytoplankton → Zooplankton → Small Fish → Muscovy Duck; Eating and Being Eaten  (4) Tourists	Relationships between organisms###The impact of organisms on the environment###Structure of the ecosystem###Stability of the ecosystem###Food chain and food web	"Answer: (1) A complete ecosystem includes biotic parts and abiotic parts. Abiotic parts consist of sunlight, air, water, temperature, etc., and the biotic part is made up of producers (plants), consumers (animals), and decomposers (bacteria, fungi). The lotus is a plant classified as a producer, and the mallard is an animal classified as a consumer.  
(2) The diverse vegetation of the wetland brings fresh air, demonstrating the relationship between organisms and the environment: organisms affect the environment.  
(3) A food chain reflects the relationship of eating and being eaten between producers and consumers, and between consumers themselves. Therefore, decomposers and abiotic parts should not appear in a food chain. The correct format is: producer → primary consumer → secondary consumer... Note that the starting point is the producer. In Lake Xihai, the small fish, mallards, phytoplankton, and zooplankton form a food"	2022	middle	medium
89	Angiosperms and gymnosperms reproduce by producing ( ), while ferns reproduce by producing ( ).	fill_in_the_blank	seeds; spores	Ferns###Gymnosperms###Angiosperms	"Explanation: Plants that can produce seeds and propagate offspring through seeds are called seed plants. Based on whether the seed has an outer fruit covering, they are classified into angiosperms (covered seeds) and gymnosperms (naked seeds). Plants that do not produce seeds typically reproduce through spores, hence they are called spore plants, including algae, mosses, and ferns.

Analysis: There is a wide variety of plants in nature. Based on the ability to produce seeds, they can be divided into two major categories: seed plants and spore plants. Seed plants include gymnosperms and angiosperms, and angiosperms can further be divided into monocotyledons and dicotyledons. Spore plants include algae, mosses, and ferns."	2017	middle	medium
7429	The development of the silkworm goes through four stages: \_\_\_, \_\_\_, \_\_\_, and \_\_\_. Its developmental process includes an additional \_\_\_ stage compared to the development mode represented by locusts. The development of amphibians falls under \_\_\_.	fill_in_the_blank	Fertilized egg; larva; pupa; adult; pupa; metamorphosis.	Reproduction and Development of Insects	"Explanation: The development of the silkworm goes through four stages: fertilized egg, larva, pupa, and adult, while the locust undergoes three stages: fertilized egg, nymph, and adult. The silkworm's development process, compared to the locust's, has an additional pupal stage. Amphibians develop through the stages of fertilized egg, tadpole, juvenile frog, and adult frog, undergoing metamorphosis with reproduction and development occurring in water.

Analysis: Insects undergoing individual development through the stages of egg, larva, pupa, and adult are considered to undergo complete metamorphosis. Incomplete metamorphosis occurs when the juvenile and adult forms are very similar in shape and habits but are not fully developed, with development proceeding through the stages of egg, nymph, and adult."	2017	middle	medium
63	The biosphere refers to areas on Earth suitable for living organisms, encompassing the bottom of the ( ) and parts of the ( ).	fill_in_the_blank	atmosphere; lithosphere	The scope of the biosphere	"The biosphere is a unified whole formed by all living organisms on Earth and their living environment. The scope of the biosphere is measured from sea level: it extends upwards to about 10 kilometers and downwards to approximately 10 kilometers in depth, forming a layer with a thickness of about 20 kilometers. It includes the bottom of the atmosphere, most of the hydrosphere, and the surface of the lithosphere, encompassing forest ecosystems, marine ecosystems, farmland ecosystems, grassland ecosystems, freshwater ecosystems, wetland ecosystems, urban ecosystems, etc. It is the largest ecosystem. 

Therefore, the answer is: atmosphere; surface. 

Analysis: The biosphere is a unified whole formed by all living organisms on Earth and their living environment. The scope of the biosphere is measured from sea level: it extends upwards to about 10 kilometers and downwards to approximately 10 kilometers in depth, forming a layer with a thickness of about 20 kilometers. It includes the bottom of the atmosphere"	others	middle	medium
7413	Fever within a certain limit is a physiological reaction of the body's ( ).	fill_in_the_blank	immune system	Immunity and its functions	"Answer: Within a certain range, fever significantly enhances the body's immune function, which helps eliminate pathogens and promote recovery from diseases. It is a physiological defense reaction of the body against diseases. Therefore, there is no need to use antibiotics when the body temperature is not too high. However, if the temperature exceeds 40°C (39°C for children), it may cause convulsions, coma, or even severe sequelae, thus antipyretics should be used promptly. Therefore, fever is not without benefits to the body. 

The answer is: Disease resistance; Defense

Analysis: Fever refers to a physiological reaction where the body temperature rises after pathogens or other pyrogens enter the body. Fever can be both beneficial and harmful to the body. Fever itself is not a disease but a symptom and one of the body's mechanisms to fight infections. Fever can shorten the duration of illness, enhance the effect of antibiotics, and make infectious diseases non-contagious."	2017	middle	medium
5363	"The report on statutory infectious diseases released by the Ministry of Health shows that in April 2012, a total of 692,625 cases of statutory infectious diseases were reported across the country (excluding Taiwan, Hong Kong, and Macau), with 1,235 deaths. Among these, the two diseases with the highest death tolls were AIDS (816 deaths) and tuberculosis (169 deaths).

Based on your knowledge, analyze and answer:

(1) The pathogen of AIDS is the Human Immunodeficiency Virus (HIV), and the pathogen of tuberculosis is Mycobacterium tuberculosis. The biggest structural difference between these two pathogens is that ( ) does not have a cell structure.

(2) The main preventive measures in tuberculosis prevention include: ① Detecting and promptly treating newly diagnosed tuberculosis patients; ② Prohibiting spitting in public places; ③ Vaccinating infants with the BCG vaccine. Among these, the measure that controls the source of infection is ( )."	fill_in_the_blank	HIV; ①	AIDS and its prevention###Nonspecific immunity and specific immunity of the human body	"Answer: Solution: (1) Pathogens refer to organisms such as bacteria, fungi, viruses, and parasites that cause infectious diseases. AIDS is caused by the Human Immunodeficiency Virus (HIV). HIV, or ""AIDS virus,"" is a virus without cellular structure. (2) Measures to prevent infectious diseases include: controlling the source of infection, cutting off transmission routes, and protecting susceptible populations. ① Identifying and promptly treating newly diagnosed tuberculosis patients controls the source of infection; ② Prohibiting spitting everywhere cuts off transmission routes; ③ Vaccinating infants with BCG protects susceptible populations. An antigen is a substance that enters the human body and stimulates lymphocytes to produce a specific protein, the antibody, to counter the antigen. Antigen substances that cause lymphocytes to produce antibodies are antigens. Antigens include pathogens such as microorganisms entering the body, foreign substances, and transplanted organs, not limited to pathogens invading the body. An antibody is a specific protein produced"	2012	middle	medium
1612	"For a period of time, students in certain classes at a school exhibited symptoms such as high fever, cough, and sore throat, with many students experiencing similar symptoms successively. After diagnosis by doctors, they were found to have contracted the same infectious disease, which spreads among people through air and droplets. The cause of this disease is the invasion of a certain pathogen from the options below. After the outbreak of this infectious disease, the school immediately disinfected all classrooms, which is a measure to prevent the spread of this infectious disease using the \_\_\_ method. In recent years, the excessive use of antibiotics in medicine has raised significant concern. Because of the widespread use of antibiotics, a considerable number lose their effectiveness each year; the reason is \_\_\_.

A. The result of bacteria being selected for resistance to antibiotics. B. The inherent resistance of bacteria to antibiotics. C. The result of bacterial mutation. D. The selection of bacterial resistance variants by antibiotics."	fill_in_the_blank	Cut off the transmission route.	The theory of biological evolution###Preventive measures for infectious diseases	"Solution: After the outbreak of the infectious disease, the school immediately disinfected all classrooms. This measure aims to prevent the spread of the disease through cutting off transmission routes. Genetic variation is the basis of biological evolution. The drug resistance of pathogens first shows variation, with some having strong resistance and others weak. When antibiotics are used, they kill off bacteria with weak resistance, which is the elimination of the unfit; bacteria with strong resistance survive, which is the survival of the fittest. The surviving bacteria with strong resistance reproduce, and some offspring have strong resistance while others have weak resistance. Using antibiotics again kills off the weaker ones, allowing the stronger to persist. Through long-term selection by antibiotics, some bacteria have developed resistance, diminishing the effectiveness of antibiotics against bacterial diseases. Thus, due to the extensive use of antibiotics, a considerable number lose efficacy each year because antibiotics select for resistant bacterial variants, leading to the selection of answer D. 
The correct answer is: Cut off transmission routes; D"	others	middle	medium
5356	When aphids detect an attack by ladybugs, they secrete a hormone that causes other aphids to rapidly escape. This hormone plays a role of \underline{\hspace{1cm}} and is a type of \underline{\hspace{1cm}} in animals.	fill_in_the_blank	Information exchange; language	Information exchange within the group	"[Answer] Explanation: Sex pheromones are often secreted and released by female insects to attract males for mating. Pheromones are a type of external hormone generally used to attract the opposite sex for mating. Insect internal hormones are hormones released within the insect's body affecting itself. In the question: when aphids are attacked by ladybugs, they secrete a hormone causing other aphids to quickly escape, warning companions not to come, and this chemical substance is not to attract the opposite sex for mating; it is a pheromone, belonging to animal language. 

Thus, the answer is: communication; language.

[Analysis] Animals communicate through actions, sounds, smells, and secretions (pheromones). Thus, actions, sounds, smells, and secretions (pheromones) are referred to as animal language."	others	middle	medium
1706	Factors in the environment that affect the life and distribution of organisms can be divided into two categories: \_\_\_ and \_\_\_.	fill_in_the_blank	Biotic factors; abiotic factors	Composition of the environment and ecological factors	"Answer: Abiotic factors include sunlight, air, temperature, water, soil, etc. Biotic factors refer to all other living organisms in an environment that affect the life of a specific organism, including individuals of the same and different species. Common relationships between organisms include predation, competition, cooperation, and parasitism.

Therefore, the answer is: Biotic factors; Abiotic factors.

Analysis: Factors in the environment that influence the life and distribution of organisms are called ecological factors, which can be divided into abiotic factors and biotic factors."	2018	middle	medium
5176	The constancy of \ul{　 　} is very important for the normal functioning of biological life activities. An abnormal number of chromosomes in human somatic cells leads to serious genetic disorders. For example, having an extra chromosome in the 13th pair of human somatic cells results in \ul{　 　}.	fill_in_the_blank	Chromosome; congenital cleft lip	Functions of the Cell Nucleus	"Answer: The constancy of chromosomes is crucial for the normal functioning of biological life activities. An excess or deficiency of chromosomes in human somatic cells can lead to severe genetic disorders. For instance, having an extra chromosome in the 13th pair can result in congenital cleft lip.

Analysis: Each organism has a fixed number of chromosomes. The number of chromosomes in normal humans is constant (23 pairs), which is vital for normal life activities. If a human somatic cell contains one more or one less chromosome, it may lead to severe genetic disorders. For example, when an infant's somatic cell has an extra chromosome in the 13th pair, totaling 47 chromosomes, it can cause congenital cleft lip."	others	middle	medium
4231	The characteristic of animals like coral polyps is having a mouth but no ( ); these animals are called ( ) digestive tract animals.	fill_in_the_blank	Anus; Coelenterate	Cnidarians and Their Relationship with Humans	"[Solution] Explanation: Coelenterates are the most primitive multicellular animals, living in water. Their body wall is composed of the endoderm, ectoderm, and mesoglea, with a digestive cavity and a mouth but no anus. Therefore, sea anemones, jellyfish, and coral polyps are coelenterates.
Thus, the answer is: anus; coelenterates.
[Analysis] This question mainly tests the main characteristics of coelenterates, on which the answer is based."	2019	middle	medium
7407	When a patient cannot eat, they need a glucose drip because glucose can provide ( ) for the body's vital activities. Patients become thin after not eating for a few days because stored nutrients such as ( ) in the body are consumed.	fill_in_the_blank	energy; fats	Nutrients in food	[Answer] There are six types of nutrients in food, each with its specific function. Carbohydrates, fats, and proteins are the main substances that make up cells and can provide energy for life's activities. Carbohydrates are the primary source of energy, offering energy to the body; proteins are the fundamental components of human cells and are crucial for growth, development, and the repair and renewal of cells. They can also provide a small amount of energy. Fats serve as a backup energy source, usually stored under the skin for future use. Water, inorganic salts, and vitamins do not provide energy. Patients who cannot eat cannot obtain carbohydrates and other nutrients from food, thereby lacking an energy source, which is why glucose infusions are used to compensate for energy. If a patient does not eat for a few days, they will lose weight because the stored fats and other nutrients in the body are consumed. Therefore, the answer is energy; fat. [Analysis] Food contains six types of nutrients	2017	middle	medium
1272	The living habits of earthworms: Earthworms prefer to live in ( ) ( ), are nocturnal, and feed on ( ), ( ), and ( ) in the soil.	fill_in_the_blank	moist; humus-rich; plant debris; decayed roots; organic matter	Annelids and Their Relationship with Humans	"[Answer] Earthworms live in moist soil rich in humus, are active at night, and feed on withered leaves, decayed roots, and other organic matter. Therefore, the answer is: moist; soil; fallen leaves; organic matter.

[Analysis] Earthworms have a cylindrical body composed of many similar ring-shaped segments, thus classified as annelids. The front end has a mouth, the rear end has an anus, and near the front is a larger, slippery segment called the clitellum. Touching an earthworm reveals a surface with mucus and bristles on the abdomen related to movement. Earthworms live in moist, loose soil rich in organic matter, dwelling in soil during the day and feeding on organic matter within it. At night, they emerge to consume fallen leaves on the ground."	2018	middle	medium
8755	When performing artificial respiration, first ensure the patient's ( ) is clear; maintain the frequency of artificial respiration at ( ); operate carefully. More importantly, be patient and make every effort.	fill_in_the_blank	Respiratory tract; 16-18 times/min	First aid knowledge	"[Answer] The basic principles of performing artificial respiration are first to ensure the patient's airway is clear; maintain an artificial respiration rate of 16-18 breaths per minute; handle carefully to prevent rib injury to the patient. More importantly, be patient and make every effort to persist until the patient is transferred to a hospital for further rescue. Therefore, the answer is: Airway; 16-18 breaths/minute.

[Analysis] Steps of artificial respiration: ① Lay the patient on their back, tilt their head back, unfasten their collar and loosen their belt. ② Remove any foreign objects and debris from the patient's mouth and nose to keep the airway clear. ③ The rescuer supports the patient's chin with one hand, pinches the patient's nostrils with the other, takes a deep breath, and then blows forcefully into the patient's mouth."	2018	middle	medium
372	Although \_\_\_\_ cannot be formed on the primitive Earth, the \_\_\_\_ that make up living organisms can be formed.	fill_in_the_blank	Life; organic matter	The origin of life on Earth	[Answer] Explanation: There are many theories about the origin of life, among which the theory of chemical origin is widely accepted by scholars as a hypothesis for the origin of life. The original Earth had a very high temperature, and the surface environment was completely different from today: the sky was blazing with sunlight, lightning and thunder; on the ground, volcanoes erupted and lava flowed. Gases emitted from volcanoes, such as water vapor, ammonia, methane, etc., formed the primitive atmosphere, which, unlike today's atmosphere, did not contain free oxygen. Under the long-term effects of natural conditions such as high temperature, ultraviolet rays, and lightning, the primitive atmosphere formed many simple organic compounds. As the Earth's temperature gradually decreased, water vapor in the primitive atmosphere condensed into rain and fell to the ground. These organic compounds entered lakes and rivers with the rainwater and eventually collected in the primordial ocean. The primordial ocean was like a thin, hot soup, where the organic compounds continuously interacted to form	2020	middle	medium
8647	We call the science that studies \_\_\_ and \_\_\_ biology.	fill_in_the_blank	Phenomenon of life; laws of life activities	Overview of Biology	"[Answer] Biology is the science of studying the phenomena and laws of life. It is the science that studies the morphology, structure, physiology, classification, genetics and variation, evolution, and ecology of organisms. Plants, animals, bacteria, fungi, viruses, and their relationships with the environment, as well as the human body itself, are all subjects of biological research. \\
Thus, the answer is: life phenomena; laws of life activities \\
[Analysis] Biology is closely related to human life. The source of food: plants and animals on Earth, raw materials for clothing: cotton, hemp, fur, housing materials: wood, the source of gasoline and diesel for transportation: ancient organisms, and the source of vaccines used for immunization: microorganisms, all are subjects of study related to biology."	2021	middle	medium
5091	From the data in the table, it can be found that the closer the evolutionary relationship, the ( ) the difference in the amino acid composition of cytochrome C. From the table above, it can be seen that humans and ( ) have the most distant evolutionary relationship, as their cytochrome C amino acid composition differs by 44. Humans and ( ) have the closest evolutionary relationship, as their cytochrome C amino acid composition differs by 0. Please sort the organisms according to their evolutionary relationship with humans from closest to furthest: ( ).	fill_in_the_blank	smaller; yeast; chimpanzee; chimpanzee, horse, chicken, wheat, yeast	The common ancestor of modern apes and humans###The evolution process from ape to human	"Answer: (1) The data shows that the closer the biological relationship between species, the smaller the difference in the amino acid composition of cytochrome c. Humans and chimpanzees have the closest relationship, with the smallest difference in cytochrome c amino acid composition, which is zero.

(2) According to the table, the difference in cytochrome C amino acid composition is greatest between humans and yeast, indicating the furthest biological relationship. Humans and chimpanzees have the closest relationship, as their cytochrome C amino acid composition difference is the smallest.

(3) The smaller the cytochrome C difference, the closer the relationship; the larger the difference, the more distant the relationship. According to the table data, organisms are arranged in order of their relationship with humans from close to distant as: chimpanzee, horse, chicken, wheat, yeast.

Therefore, the answers are: (1) Smaller; (2) Yeast; Largest; Chimpanzee"	others	middle	medium
909	During the long process of interactions between organisms and the environment, the ( ) constantly changes; organisms are also continually ( ), adapting to the environment.	fill_in_the_blank	environment; evolving	The relationship between organisms and the environment	"[Solution] Explanation: The environment affects the survival of organisms. For example, the phenomenon of 'oranges in the south turn into trifoliate oranges in the north' demonstrates the environmental impact on organisms, and the scarcity of plants in deserts is another example. Organisms must adapt to their environments, such as desert plants (sea buckthorn) needing to be drought-resistant to grow properly. As the environment constantly changes, organisms also undergo changes to adapt, while simultaneously modifying the environment themselves. For instance, earthworms improve the soil, anthills can destroy large dikes, and it's pleasant to rest under a big tree. Successful large-scale afforestation (with sea buckthorn) in deserts can turn them into oases. Thus, the environment affects organisms, organisms adapt to the environment, and their interactions collectively create an inseparable whole called the biosphere. Therefore, the answer is: influence; change.

[Analysis] This question tests the knowledge point of the mutual influence between the environment and"	2015	middle	medium
2597	The third line of defense of the human body mainly consists of ( ) and ( ), functions to produce ( ), eliminate ( ), and belongs to ( ) immunity.	fill_in_the_blank	Immune organs; immune cells; antibodies; antigens; specificity	The body's three lines of defense	"Solution: Through analysis, it is known that the third line of defense in the human body mainly consists of immune organs and immune cells. Its function is to produce antibodies and eliminate antigens, which is part of specific immunity.

Analysis: (1) The composition, function, and characteristics of immunity of the body's three lines of defense are shown in the figure: [image]

For question (2): Non-specific immunity is innate, present in everyone, and can provide immunity against a variety of pathogens. It includes the first and second lines of defense. (3) Specific immunity refers to the third line of defense, which produces antibodies and eliminates antigens. It is acquired after birth and can only defend against specific pathogens. It is obtained after experiencing the disease or receiving a vaccine."	2016	middle	medium
69	When the skin is cut, it sometimes bleeds, indicating that the skin contains \ul{    } tissue.	fill_in_the_blank	Connective	Basic tissues of animals	"[Answer] Solution: Blood consists of two components: formed elements and non-formed elements. The formed elements include red blood cells, white blood cells, and platelets, accounting for about 45% of the blood. The remaining 55% is the non-formed element—plasma, which is composed of 91-92% water, with the rest being various proteins, inorganic salts, and other organic substances. The formed elements such as red blood cells have similar shape, structure, and function, as do white blood cells and platelets. Therefore, blood is classified as a tissue; it is a type of fluid connective tissue with functions of nutrition and protection. This explains why skin may bleed when cut, indicating that connective tissue is present in the skin. Thus, the answer is: connective

[Analysis] Tissue is the result of cell differentiation; it is a cell group formed by cells that are similar in shape, structure, and function, joined together. The main types of"	2017	middle	medium
7839	Different organizations combine in a certain order to form ( ).	fill_in_the_blank	Organs	Organs of an animal body	nan	2024	middle	medium
2608	A person's health is closely related to their daily life habits. Healthy lifestyle habits include living with ( ), rational ( ), proper medication, and refusing smoking, excessive drinking, drug use, etc.	fill_in_the_blank	regularity; diet	Healthy lifestyle	"Answer: A person's health is closely related to their daily life habits. Healthy living habits include maintaining a regular routine, a balanced diet, appropriate medication use, and rejecting smoking, excessive drinking, and drug use. 

Analysis: A person's health is closely related to their daily life habits. Healthy living habits include maintaining a regular routine, a balanced diet, appropriate medication use, and rejecting smoking, excessive drinking, and drug use."	2017	middle	medium
5025	The growth of plant rootlets relies on the division of \ul{        } cells to increase the number of cells, and on the enlargement of \ul{        } cells in size.	fill_in_the_blank	Meristematic zone; Elongation zone	The growth of young roots	"[Answer] The meristematic zone is surrounded by the root cap and belongs to the meristematic tissue. The cells are small, have thin cell walls, large nuclei, and dense cytoplasm, with a strong ability to divide, continually producing new cells to increase the cell count, supplement the root cap downward, and transform into the elongation zone upward. The elongation zone is located above the meristematic zone, where cells gradually stop dividing and begin to grow rapidly, increasing in volume. This is the area where root elongation occurs the fastest. Therefore, the growth of a young root in plants relies on the increase in cell numbers by division in the meristematic zone and the increase in cell volume in the elongation zone.

Thus, the answer is: meristematic zone; elongation zone. 

[Analysis] The structure and function of the root tip: 
\[image\]"	others	middle	medium
2544	During puberty, students' bodies undergo many subtle changes that are closely related to human ( ).	fill_in_the_blank	hormonal regulation	Hormone regulation	"Answer: After entering puberty, under the influence of androgens, boys develop beards, prominent Adam's apples, muscular builds, and deeper voices. Estrogens maintain female secondary sexual characteristics, causing significant changes in the body. Therefore, the subtle changes in students' bodies during puberty are closely related to hormone regulation.

Therefore, the answer is: hormone regulation.

Analysis: Growth hormone regulation is closely related to this; the rate of human growth and development is consistent with the amount of growth hormone in the blood. A deficiency in growth hormone secretion in childhood can lead to dwarfism, while excessive secretion can cause gigantism. Excessive secretion of growth hormones in adulthood can lead to acromegaly.

Thyroid hormones can promote metabolism, growth, and development in the human body, and increase the excitability of the nervous system. Insufficient thyroid hormone secretion in childhood can lead to cretinism, where patients have short stature, intellectual disability, and underdeveloped reproductive organs. Excess"	2022	middle	medium
1264	"There are four people in Xiaoming's family: his grandfather, father, and mother. His grandfather has heart disease, and his mother often gets carsick. The family is now planning a long-distance trip. Please design a suitable travel first-aid kit for Xiaoming.

Travel First-Aid Kit Medicine List

Tools: ( ) 

Internal Medicine: ( ) 

External Medicine: ( )"	fill_in_the_blank	thermometer, alcohol swabs, gauze, scissors; antidiarrheal medicine, cold medicine, motion sickness medication, nitroglycerin; adhesive bandages, burn ointment, safflower oil, alcohol, iodine.	Safe medication use	Thermometers, gauze, and scissors are part of the safe medication kit. Internal medicines are those that must be taken orally and absorbed through the digestive tract. Internal medicines include anti-diarrheal drugs, cold medicines, motion sickness tablets, and nitroglycerin. External medicines are those applied to the skin, such as plasters or topical ointments. External medicines include adhesive bandages, burn ointments, safflower oil, alcohol, and iodine. A common medication for treating heart disease is nitroglycerin, which should be kept on hand as Grandpa has a heart condition. Mom often gets car sick and can take motion sickness tablets, so they should be kept in reserve. Traveling may cause discomfort or dietary issues, hence anti-diarrheal drugs are needed, along with common medicines like cold medication and adhesive bandages. Stomach pain medication is for treating stomach diseases; those without such conditions do not need this medication, so it's unnecessary to bring it. Therefore...	2016	middle	medium
7332	"The results of Pasteur's ""swan-neck flask"" experiment convinced people that ""life can only originate from life; non-living matter can absolutely not spontaneously generate ( ) at any time."" This viewpoint is called ""( )."""	fill_in_the_blank	new life; biogenesis	Biologists and Their Contributions###The main causes of food spoilage	"Answer: The illustration shows the apparatus used in Pasteur's swan-neck flask experiment:

Pasteur boiled the liquid in the flask to kill all microorganisms in it. He poured the nutrient liquid (such as broth) into bottles with curved necks. The curved necks were open, allowing air to enter the bottle unobstructed, but microorganisms in the air were trapped and deposited at the bottom of the curve, preventing them from entering the bottle. As a result, no microorganisms appeared in the bottle. When the neck of the flask is broken, allowing external air to directly enter the nutrient liquid without ""filtration,"" microorganisms soon appeared in the nutrient liquid. This demonstrated that microorganisms are not spontaneously generated from the nutrient liquid but come from pre-existing microorganisms in the air. This view is known as biogenesis, which disproved the theory of spontaneous generation.

Therefore, the answer is: organisms; new life.

Analysis: Pasteur was a French microbiologist and chemist. He demonstrated through experiments that"	2017	middle	medium
1698	"Please explain the following phenomena based on learned knowledge:

(1) There is a child who frequently takes calcium tablets but still developed rickets. The analysis of the reason is that the child's diet lacks \ul{    }.

(2) A person who bleeds uncontrollably once injured likely has a deficiency in the number of \ul{    } in their blood."	fill_in_the_blank	"(1) Vitamin D  
(2) Platelets"	Components and Functions of Blood###The role of vitamins	"Answer:

(1) Calcium deficiency can lead to rickets and osteoporosis. Vitamin D affects the absorption and utilization of calcium, so it is essential to supplement Vitamin D when taking calcium. Therefore, if a child frequently takes calcium tablets but still develops rickets, it may be due to a deficiency in Vitamin D, affecting the absorption and utilization of calcium.

(2) Platelets have functions of hemostasis and accelerating coagulation. If there are too few platelets in the blood, it will lead to difficulties in blood clotting, resulting in excessive bleeding when injured.

Analysis: 

(1) Vitamin D affects the absorption and utilization of calcium, so when supplementing calcium, it is also necessary to supplement Vitamin D.

(2) Blood cells include red blood cells, white blood cells, and platelets, with the main function of platelets being to stop bleeding and accelerate coagulation."	2017	middle	medium
5349	"Please connect the related content of the left and right parts with a straight line. Fill in the blanks with the correct letter.

Lack of Vitamin A ( )  
Iron deficiency ( )  
Lack of Vitamin C ( )  
Lack of Vitamin D ( )  
Iodine deficiency ( )

A - Rickets
B - Endemic goiter
C - Scurvy
D - Night blindness
E - Iron-deficiency anemia"	fill_in_the_blank	D; E; C; A; B	The role of water and inorganic salts in food###The role of vitamins	Answer: The physiological functions and deficiencies of vitamins are listed in the table. The human body requires a small amount of vitamins, but they play a significant role. A deficiency can lead to diseases. For example, a lack of vitamin A can cause night blindness, dry skin, and xerophthalmia. A deficiency in vitamin C can lead to scurvy and decreased resistance. A deficiency in vitamin D can result in rickets and osteoporosis. Although inorganic salts are only about 4% of body weight, they are crucial for the body as they are essential materials for building body tissues. Iron is a component of hemoglobin, so iron deficiency can cause anemia. Iodine is a key element for synthesizing thyroid hormones, and its deficiency can lead to goiter. Analysis: Familiarize yourself with the main functions and deficiency symptoms of common vitamins (V_A, V_C, V_D) and common inorganic salts (calcium, iron, iodine-containing inorganic salts) to answer the questions accordingly	2019	middle	medium
153	"In life, we often eat yellow chives. They are yellowish-white because they grow in dark environments, lacking chlorophyll in the leaf cells. Please design an experiment to explore the conditions for chlorophyll formation.

Experiment materials: Yellow chives  
Question: Does light affect the formation of chlorophyll?  
Hypothesis: ( ).  
Plan:  
The variable in the experiment is ( ).  
Methods and steps:  
Take 20 identical yellow chives and divide them into two groups. Place one group in a room covered with a box, and the other group under sunlight. Water both groups regularly for one week.  
Experimental group: With light  
Control group: Without light  
Experimental results: Leaves are green  
Leaves are yellowish-white  
Experiment conclusion: ( )."	fill_in_the_blank	Light affects the formation of chlorophyll; light exposure; light exposure is related to the formation of chlorophyll.	The main stages of scientific inquiry###Investigating the Impact of Abiotic Factors on a Certain Organism	Answer: Explanation: Make an assumption: Assume closely related to the proposed question, which can be a positive or negative assumption, such as a positive assumption: Light affects the formation of chlorophyll. Or a negative assumption: Light does not affect the formation of chlorophyll. Variables in the experiment: Since the experiment aims to explore whether chlorophyll formation is related to light exposure, it is important to control variables in the exploratory experiment. The variable in this experiment is light. Experimental conclusion: Comparing the two groups of phenomena leads to the conclusion that chlorophyll formation is related to light exposure. Therefore, the answer is: Make an assumption: Light affects the formation of chlorophyll. The variable in the experiment is: light exposure. Experimental conclusion: Chlorophyll formation is related to light exposure. Analysis: When exploring the effect of a certain condition on a research subject, conduct an experiment where all conditions are the same except for the one being studied. Set up a control experiment based on the variable to ensure the	2015	middle	medium
5000	In the ( ) region, paleoanthropologists have discovered the world's largest number of early hominin fossils.	fill_in_the_blank	East African Rift Valley	The evolution process from ape to human	"[Answer] The East African Rift is also one of the earliest cradles of ancient humans in the world. In the late 1950s, a prehistoric human skull fossil was discovered on the western side of the eastern branch of the East African Rift, in the Olduvai Gorge of northern Tanzania. Analyzed and dated, it was determined to be 2 million years old and was named ""East African Man"" by the East African warriors. In 1972, a 2.9 million-year-old skull, much resembling modern humans, was excavated near Lake Turkana in the northern section of the rift. It was considered a typical ""Homo habilis,"" having completed the transition from ape to human. In 1975, remains of a 3.5 million-year-old ""Homo habilis"" were found in the rift area at the border of Tanzania and Kenya, along with a 22-meter trail of ""Homo habilis"" footprints in hardened"	others	middle	medium
8500	"Helicobacter pylori is the main pathogenic bacterium causing chronic gastritis. The proportion of people infected with this bacterium in our country is very high. Helicobacter pylori mainly enters the human body through the mouth. Experts suggest changing dining habits, such as implementing separate meals or using serving chopsticks, to reduce the infection rate of this bacterium.

(1) Helicobacter pylori is the pathogen causing chronic gastritis; patients with such chronic gastritis diseases are called ( ) (choose: source of infection/pathogen).
(2) Helicobacter pylori can survive and reproduce in highly acidic gastric juice, which reflects its ( ) (choose: adaptation/influence) to the environment.
(3) Helicobacter pylori is a bacterium that lacks a defined ( ) in its cells. Can it be killed or inhibited by antibiotics? ( ).
(4) In the data, what belongs to cutting off the transmission route is ( )."	fill_in_the_blank	Source of infection; adaptation; cell nucleus; Yes; Implement separate meals or use serving chopsticks.	Morphology and Nutritional Modes of Bacteria###Infectious Diseases and Their Causes###The basic links in the transmission of infectious diseases###Nonspecific immunity and specific immunity of the human body	"Solution: 

(1) Pathogens are microorganisms and parasites that cause disease, while sources of infection are humans or animals capable of spreading pathogens. Therefore, Helicobacter pylori is the pathogen that causes chronic gastritis, and patients with diseases like this chronic gastritis are considered sources of infection.

(2) Helicobacter pylori can survive and reproduce in highly acidic gastric juices, demonstrating its adaptation to the environment.

(3) The basic structure of bacteria includes a cell wall, cell membrane, cytoplasm, and a region where DNA is concentrated, with no well-formed nucleus. Helicobacter pylori is a type of bacteria without a well-formed nucleus in its cells and can be killed or inhibited by antibiotics.

(4) Implementing a separate meal system is a measure to cut off the transmission route.

(5) Immunity is divided into non-specific immunity and specific immunity. Specific immunity refers to immunity that acts only against specific pathogens and develops after birth. Antibodies produced after receiving"	others	middle	medium
6978	The connotation of biodiversity includes ( ) diversity, ( ) diversity, and ( ) diversity.	fill_in_the_blank	genetic; species; ecosystem	The meaning of biodiversity	"Answer: Explanation: The concept of biodiversity typically includes three aspects: species diversity, genetic diversity, and ecosystem diversity. Species diversity refers to the richness of biological species in a specific area, such as the 1,244 known bird species and 3,000 species of angiosperms in China. Genetic diversity refers to the genetic variations within and between populations of a species. There are significant genetic differences between different species, and even within the same species, there are genetic differences, making each species a unique gene pool. Genetic diversity determines species diversity; the diversity of species and their living environments together constitute ecosystem diversity.

Analysis: The concept of biodiversity includes three aspects: species diversity, genetic diversity, and ecosystem diversity."	2020	middle	medium
3520	"Why do people get ""startled"" and have ""shocking"" experiences? This is because when the eyes send signals of danger or terror from the outside world to the brain, the cerebral cortex becomes particularly excited, prompting the adrenal glands to secrete more \_\_\_ (hormone name), among others. These hormones can cause the heart to beat faster and blood pressure to rise. It is evident that human life activities are mainly regulated by the \_\_\_ system, and also influenced by \_\_\_ regulation."	fill_in_the_blank	Adrenaline; nerve; hormone	Hormone regulation###The relationship between hormonal regulation and neural regulation	"[Answer] Explanation: When encountering danger, the brain prompts relevant glands to secrete more hormones, such as the adrenal glands secreting a large amount of adrenaline, which accelerates the heartbeat and raises blood pressure. This shows that human life activities are influenced by both neural regulation and hormonal regulation. Thus, the answer is: adrenaline; nervous; hormone.

[Analysis] The human body operates as a unified whole due to the effects of neural and hormonal regulation."	others	middle	medium
5021	During a blood transfusion, the principle is to transfuse with blood type \_\_\_; the blood type that can accept a small amount from any blood type is \_\_\_; Xiao Zhou can donate blood to both type A and type B people, indicating Xiao Zhou's blood type is \_\_\_.	fill_in_the_blank	Same blood type; AB; O	Blood Type and Blood Transfusion	Answer: When giving a blood transfusion, it is essential to choose the correct blood type, ideally using the same blood type as the recipient. A person with type AB blood can generally receive any blood type; a person with type O blood can donate to any blood type, but the transfusion should be given slowly and in small amounts. Therefore, Xiao Zhou can donate blood to both A and B blood type individuals, indicating that Xiao Zhou has type O blood. Hence, the answers are: same blood type; AB; O. Analysis: The principle of blood transfusion is to use the same blood type, for example: under normal circumstances, a person with type A blood should receive type A blood, and a person with type B blood should receive type B blood. Respond based on this.	2017	middle	medium
7908	In order to protect animal diversity and rare wildlife resources, areas including the objects of protection are designated for conservation and management, known as \_\_\_\_. This is the most effective measure for protecting animal diversity. The primary method of this measure is to establish \_\_\_\_. For certain wildlife whose habitats no longer exist, relocating them from their original habitats to endangered animal breeding centers for special protection and breeding management is known as \_\_\_\_.	fill_in_the_blank	In situ conservation; nature reserve; ex situ conservation	Others	"[Answer] Explanation: In-situ conservation refers to the protection and management of a designated area of land or water to preserve biodiversity, specifically targeting natural ecosystems and the natural concentration areas of rare and endangered species. In-situ conservation mainly involves establishing nature reserves, which serve as ""natural gene banks,"" capable of preserving numerous species and various types of ecosystems. These reserves are also natural laboratories for scientific research and provide a foundation for various biological studies. They act as living natural museums, important for educating the public about biology and promoting biodiversity conservation. Thus, establishing nature reserves is the most effective measure for biodiversity conservation.

Besides establishing nature reserves, there is the practice of relocating endangered species from their original habitats to zoos, aquariums, and endangered animal breeding centers for specialized protection and management, known as ex-situ conservation or off-site conservation. Additionally, germplasm banks are established to protect valuable genetic resources. Furthermore, to protect biodiversity, China has enacted laws such as the Environmental Protection Law,"	2015	middle	medium
1629	"The novel coronavirus is characterized by strong infectivity, a long incubation period, and susceptibility to mutation. It poses significant health risks as it causes COVID-19. Answer the following questions.

(1) The novel coronavirus is the ( ) that causes COVID-19; compared to other organisms, it lacks a ( ) structure.

(2) Asymptomatic carriers detected through throat swab virus screening, although not showing related clinical symptoms, will test positive for the novel coronavirus and need to be isolated promptly. This belongs to ( ) in infectious disease prevention measures.

(3) COVID-19 patients may experience symptoms like difficulty breathing and can be treated with high-flow oxygen therapy. The inhaled oxygen first undergoes ( ) exchange at the alveoli and surrounding capillaries. The change in blood flowing through this area is ( ). The inhaled oxygen reaches the left atrium of the heart first through the ( )."	fill_in_the_blank	Pathogen; Cell; Control the source of infection; Gas; Conversion from venous blood to arterial blood; Pulmonary circulation	The pathway of blood circulation###Digestion of food###Structure and replication method of the virus###Infectious Diseases and Their Causes###Preventive measures for infectious diseases	"Answer: (1) Pathogens are a general term for microorganisms and parasites that cause infections in humans and animals. The coronavirus is the pathogen that causes COVID-19. Viruses do not have cellular structures; they consist only of a protein shell and internal genetic material.  
(2) Asymptomatic carriers of COVID-19 show no clinical symptoms but test positive for the virus and can still spread the pathogen, serving as sources of infection. Their isolation and treatment are part of infectious disease prevention measures.  
(3) The lungs are the site for gas exchange. Inhaled oxygen first undergoes gas exchange at the alveoli and surrounding capillaries, where carbon dioxide enters the alveoli and oxygen enters the blood, turning venous blood into arterial blood, termed pulmonary circulation. Inhaled oxygen first enters the left atrium of the heart. The small intestine is the main site for digestion and absorption, making it the primary site for digesting and absorbing proteins from dairy products."	2022	middle	medium
3521	Survey is a common method used in scientific inquiry. When conducting a survey, it is first necessary to clearly define the ( ) and ( ). When the scope of the survey is large, a portion of the subjects should be selected as a ( ).	fill_in_the_blank	Survey purpose; survey subjects; sample	Investigation Method	"[Answer] The survey is a commonly used scientific research method. During the survey, it is essential to clarify the survey's purpose and target, and to formulate a reasonable survey plan. Sometimes, due to the large scope of the survey, it is impossible to examine each item individually, so a portion is selected as a sample. In the survey process, it is important to record accurately. The survey results should be organized and analyzed, and sometimes statistical methods should be used. Therefore, the answers are: survey purpose; survey target; sample.

[Analysis] Surveys can be divided into sample surveys and comprehensive surveys. 

A sample survey refers to a method where a portion is extracted from the entire object as a sample for examination, and the overall situation is inferred from the sample's condition. This method can further be divided into random sampling surveys and non-random sampling surveys;

A comprehensive survey refers to a survey form where every unit of the study's entire object is investigated."	others	middle	medium
66	A typical representation of wetland ecosystems is \underline{\hspace{1cm}}.	fill_in_the_blank	Swamp	Types of ecosystems	"[Answer] A wetland ecosystem forms under conditions of abundant water and excessive moisture. A swamp is a typical wetland ecosystem, dominated by swamp plants with a large variety of animal species. Wetlands have the functions of purifying water and acting as flood storage and drought resistance. They combine features of both aquatic and terrestrial ecosystems and possess highly unique ecological functions, making them one of the most important life-support systems on Earth. Therefore, the answer is: swamp.

[Analysis] Types of ecosystems:

Natural Ecosystems:
- Forest Ecosystem:
  - Distribution: Humid or relatively humid areas
  - Characteristics: Rich in animal species, complex nutritional structure, relatively stable, largest terrestrial ecosystem.
  - Functions: Provides a large amount of timber and forest products, can prevent wind and sand, conserve water resources, and maintain soil, acclaimed as the ""green reservoir,"" and best maintains ecological stability.
  - Primary organisms: Majorly trees, with some shrubs and herbaceous plants; animals mainly"	2019	middle	medium
4098	The bird's chest muscles are well developed, attached at both ends to the ( ).	fill_in_the_blank	sternum	The morphological and structural characteristics of birds adapted for flight	"【Solution】 Explanation: Muscles can only pull bones, not push them away. Therefore, any movement requires the coordination of at least two groups of muscles. Each end of a muscle must be attached to two bones, allowing the muscle to cross the joint and move the bones. For example, in birds, one end of the pectoral muscle is connected to the keel of the sternum, and the other end to the base of the wing, spanning the shoulder joint, enabling the wings to flap for flight.

【Analysis】 Skeletal muscles consist of two parts: tendons and muscle belly. The ends of skeletal muscles are white tendons made of dense connective tissue, attaching to adjacent bones. The middle part is the muscle belly, mainly composed of muscle cells and covered by a connective tissue membrane, containing many blood vessels and nerves inside. Skeletal muscles have the properties of contraction and relaxation. They are connected to different bones through the white tendons at both ends."	2019	middle	medium
5625	The energy in the biogas produced from the fermentation of crop straw in a biogas pit originates from \_\_\_.	fill_in_the_blank	Crop straw	Eco-agriculture	"[Answer] From the analysis, it is understood that the energy transformation in photosynthesis of green plants converts light energy into chemical energy stored in synthesized organic matter. For instance, the organic matter in plant straw stores a large amount of chemical energy, which is released as thermal energy when burned, dissipating into the atmosphere. Therefore, the answer is: crop straw. 

[Analysis] Photosynthesis in green plants occurs in chloroplasts where light energy is used to synthesize organic matter from carbon dioxide and water, releasing oxygen and converting the light energy into chemical energy stored in the synthesized organic matter. Meanwhile, biogas is produced by decomposing organic matter from organisms under the action of methanogenic bacteria, thus analyzing the question."	others	middle	medium
382	Infectious diseases refer to illnesses caused by the mass reproduction of ( ) capable of spreading between ( ), between animals, and between humans and animals. The AIDS virus is mainly transmitted through sexual behavior, ( ), and mother-to-child pathways.	fill_in_the_blank	microorganisms; humans; blood	Infectious Diseases and Their Causes###Classification of Infectious Diseases	"Answer: Infectious diseases are caused by pathogens and can be transmitted between people, between people and animals, and between animals. AIDS is caused by HIV, which stands for Acquired Immunodeficiency Syndrome. There are three modes of transmission: sexual transmission, blood transmission, and mother-to-child transmission. Additionally, general daily and work contact with HIV-infected individuals or AIDS patients does not result in HIV infection. Therefore, the answer is: pathogens, person-to-person, human-to-animal, blood. 

Analysis: Infectious diseases are caused by pathogens and can be transmitted between people and between people and animals, having epidemic and contagious characteristics."	others	middle	medium
8069	"The structure of the plant root tip from bottom to top is the root cap, ( ), ( ), ( ). The main area for absorbing water and inorganic salts is ( ). Over-fertilization by farmers can cause ""seedling burn."" The reason is that the concentration of the external soil solution is ( ) the concentration of the cell sap in root cells, causing the root cells to ( )."	fill_in_the_blank	Meristematic zone; Elongation zone; Maturation zone; Maturation zone; greater than; lose water	The structure and function of the apex###The principle of cell water absorption and dehydration	nan	2024	middle	medium
7841	"Please connect the following foods and their related preservation methods.  
Pickled fish ( )  
Candied fruit ( )  
Carton milk ( )  
Instant noodles ( )  
Match with:  
A. Osmotic preservation method  
B. Pickling method  
C. Pasteurization  
D. Adding preservatives"	fill_in_the_blank	B; A; C; D	Common Methods of Food Preservation	"Answer: The method for preserving fish is pickling, based on removing moisture to inhibit the growth and reproduction of bacteria and fungi. Candied fruits use osmosis, employing sugar to draw out moisture and increase osmotic pressure, thereby inhibiting microbial growth and reproduction. Boxed milk uses pasteurization, a method involving high-temperature sterilization. Instant noodles preserve food by adding preservatives.

Analysis: Food spoilage and deterioration are caused by the growth and extensive reproduction of microorganisms. Based on the causes of food spoilage, food preservation aims to either eliminate microorganisms or inhibit their growth and extensive reproduction as much as possible."	2019	middle	medium
7318	"Carefully read the following material, then answer the questions.

The spleen is located within the abdominal cavity of the human body and plays an important role in human immunity. If the spleen is removed, the body's resistance decreases, making it more susceptible to various infections, and the mortality rate from infections is higher. However, spleen removal is an effective treatment method for organ transplantation. This is because the spleen not only stores a large number of lymphocytes but also produces a considerable amount of immunoglobulins, which are the raw materials for producing antibodies against transplanted organs. After the spleen is removed, the body loses a considerable number of lymphocytes, and the production of antibodies is significantly reduced, which is very beneficial for protecting transplanted organs and preventing rejection.

(1) The spleen, tonsils, and lymph nodes belong to the body's ( ) system. Together with ( ), they form the body's third line of defense; the third line of defense is ( )."	fill_in_the_blank	immune organs; immune cells; produce antibodies, eliminate pathogens, specificity	Preventive measures for infectious diseases###The body's three lines of defense###Nonspecific immunity and specific immunity of the human body###Immunity and its functions	"Answer: (1) The spleen, tonsils, and lymph nodes are immune organs in the human body. Together with immune cells, they form the third line of defense; this line of defense is gradually developed after birth, serving as an acquired defense barrier. Its main function is to produce antibodies and eliminate pathogens, representing specific immunity. (2) Female sex chromosomes are XX, and spleen cells are somatic cells, so there are 2 sex chromosomes in a female spleen cell. (3) Tissue cells from implanted organs act as antigens when transplanted into the human body. The immune system recognizes these as foreign components, leading to a rejection response and the production of antibodies to kill or inhibit the foreign organ's tissue cells. Thus, for someone who undergoes a kidney transplant, their immune system attacks the transplanted kidney as an antigen. The attack involves lymphocytes stored in the spleen producing numerous antibodies to counter the transplanted kidney. (4) ""If you are"	others	middle	medium
8065	The principle of genetic engineering involves performing genetic manipulation at the ( ) level. It involves isolating ( ) from one organism, skillfully ( ) it in vitro, then transferring it into the body of ( ), thereby modifying certain ( ) to ultimately obtain what we need.	fill_in_the_blank	Molecule; Gene; Splicing; Another Organism; Trait	Principles of Genetic Engineering	"[Answer] Using scientific methods to extract desired genes from one organism and transfer them into another organism to recombine with its genes, producing substances with specific beneficial genetic traits. Genetic modification technology can alter traits in plants and animals, breed new varieties, and use other organisms to produce biological products needed by humans for medical and food purposes. Genetically modified plants and animals are often referred to as ""GMOs"" in the media. The technique of directly introducing foreign genes into plants or animals or their fertilized eggs and having them function in the cells is called genetic modification technology. The genes introduced are referred to as foreign genes. Genetically engineered insect-resistant tobacco contains insect-resistant genes in its cells, enabling it to resist pests. The principle of genetic engineering involves genetic manipulation at the molecular level.

Therefore, the answer is: molecular; gene; splicing and combining; another organism; traits.

[Analysis] The concept of genetic engineering is a reorganization technology that involves artificially modifying the gene composition of"	others	middle	medium
2548	New types of drugs include __, __, __, etc.	fill_in_the_blank	Methamphetamine; Ketamine; Ecstasy	The Harm of Drugs and Rejecting Drugs	"Answer: New types of drugs include methamphetamine, ketamine, ecstasy, etc.  
Analysis: New types of drugs include methamphetamine, ketamine, ecstasy, etc."	others	middle	medium
7902	To control the population quantity and improve population quality, our country implements a policy of encouraging late marriage and late childbearing.	fill_in_the_blank	Family planning; fewer births, better births	China's fertility policy	"Answer: Population growth has a significant impact on resources, the environment, and social development. To control the population size and improve its quality, family planning has been established as a fundamental national policy in our country. The specific requirements for family planning in our country are late marriage, late childbirth, fewer births, and better births. Adhering to late marriage and late childbirth is beneficial for controlling rapid population growth at the national level, and for the health, work, and study of young individuals at the personal level. Fewer births are key to controlling rapid population growth, while better births are conducive to improving the quality of the population in our country. Thus, the answer is: family planning; fewer and better births.

Analysis: The specific requirements for family planning in our country are late marriage, late childbirth, fewer births, and better births. Based on this, answer the question."	others	middle	medium
2605	China is the homeland of goldfish. Goldfish are a unique type of ornamental fish in our country, cultivated from wild crucian carp. The main reason for the evolution of wild crucian carp into the various modern breeds of goldfish is ( ).	fill_in_the_blank	The result of artificial selection	Artificial selection	[Answer] The physical differences between goldfish and crucian carp are significant, resulting from human preferences and needs, leading to continuous breeding, variety optimization, and artificial selection over time. Therefore, the answer is: the result of artificial selection. [Analysis] Under different rearing conditions, artificial selection causes many variations in the original ancestors. People choose different variant individuals based on their preferences. After several years of selection, the desired traits accumulate and strengthen, eventually producing different breeds.	2022	middle	medium
4094	From humid climate to semi-arid climate, the corresponding vegetation distribution also changes as follows: forest → \ul{ \ \ } → desert.	fill_in_the_blank	Grassland	The main vegetation types in our country	"[Answer] Based on the comparison between precipitation and evaporation, China can be divided into humid areas, semi-humid areas, semi-arid areas, and arid areas. The vegetation in China's humid and semi-humid areas is primarily forests and forest steppes, while in semi-arid and arid areas, it is primarily grasslands and deserts. Therefore, the answer is: grassland.

[Analysis] Forests are the main vegetation in China’s humid regions, forests and grasslands are the main vegetation in semi-humid regions, grasslands are the main vegetation in semi-arid regions, and deserts are the main vegetation in arid regions."	others	middle	medium
3390	Animal movement is beneficial for the ( ) of the individual and the ( ) of the species, thereby enhancing adaptation to the environment. Human movement requires energy consumption, which is released by the breakdown of ( ) through respiration in muscle cells.	fill_in_the_blank	Survival; Reproduction; Organic matter	The essence of respiration###The Meaning of Animal Movement	"Answer: Explanation: Animals can quickly find food through movement, which also helps them to swiftly evade predators and expand their range of activity, facilitating the discovery of more suitable habitats and avoidance of adverse environments, as seen in bird migration and fish spawning. Therefore, animal movement is beneficial for individual survival and reproduction. Human movement requires energy, and muscle cells obtain this energy by breaking down organic matter through respiration: organic matter + oxygen → carbon dioxide + water + energy.

Analysis:
1. The significance of animal movement: It increases the range of activity for animals, helps them find more suitable living spaces, quickly locate food and mates, and aids in evading predators and self-protection. Animal movement is critically important for their survival and reproduction.
2. Respiration refers to the process in which organic matter within cells is broken down into carbon dioxide and water in the presence of oxygen, releasing energy. The respiration equation is: organic matter + oxygen → carbon dioxide + water + energy. The energy released through respiration"	2017	middle	medium
1	Once cloning technology is applied to humans, it will threaten the existing \underline{  }, \underline{  }, and \underline{  } of human society.	fill_in_the_blank	Law; ethics; moral concepts	Cloning Technology and Ethics	"The use of cloning technology on humans ""contradicts human values, laws, ethical and moral principles.""  
Therefore, the answer is: law; ethics; moral concepts.  
The birth of the cloned sheep Dolly indicates that human cloning is entirely possible. Once cloning technology is applied to humans, the mutual relationships between parent and child or siblings will no longer exist."	others	middle	medium
159	Methods for the harmless treatment of human feces and urine include: \ul{ }, \ul{ }, and \ul{ }. An important method for producing farmyard manure is \ul{ }.	fill_in_the_blank	Build biogas digesters; high-temperature composting; build ecological toilets; high-temperature composting.	Human waste management	"The principle of a biogas digester is to utilize microorganisms such as bacteria and fungi to decompose organic matter in human excrement, releasing energy and generating high temperatures. These high temperatures can kill various pathogens and parasite eggs in human waste, thereby achieving the purpose of on-site harmless treatment of human excrement. An important method of producing farmyard manure is high-temperature composting, which involves piling human and animal waste with straw to allow bacteria and fungi to proliferate. These microorganisms decompose the organic matter and release energy, generating high temperatures. The answer is: building biogas digesters, high-temperature composting; building ecological toilets; high-temperature composting. 

The main methods for harmless treatment include building biogas digesters, high-temperature composting, and building ecological toilets."	others	middle	medium
1630	A slide made by tearing a thin membrane from the inner side of the onion scale leaf with tweezers is called a ( ). (Fill in slice, smear, or mount)	fill_in_the_blank	mount	Types of Slide Specimens	"[Answer] Solution: Use tweezers to tear a small piece of transparent film from the inner epidermis of onion scale leaves to make a glass slide specimen. This type of glass slide specimen is called a ""temporary mount.""

[Analysis] The common types of biological slide specimens and their preparation processes are as follows:

| Material | Type   | Preparation |
|----------|--------|-------------|
| Biological material, rectangular slide, square cover slip | Section | Sections are made from thin slices directly cut from a biological organism, which can be obtained using a microtome or by manual slicing. |
| Smear    | Smear | Using the smearing method, loosely organized tissues or free cells from plants and animals are evenly spread on a slide. |
| Mount    | Mount | Made from a small amount of material torn or picked from the organism, or directly from very small individuals. |"	2019	middle	medium
910	"The vast majority of birds are highly adapted vertebrates capable of flight and are important partners in human survival and development.  
(1) Birds have structural adaptations suitable for flight, such as forelimbs that have evolved into wings and bodies covered in specific features like ( ).  
(2) Birds generally exhibit reproductive behaviors such as mating, laying eggs, and incubating. These innate behaviors are present from birth and are determined by internal factors like ( ). A parrot can be trained to defecate in a trash bin, which is considered a ( ) behavior.  
(3) Birds that eat seeds or fruits will excrete undigested seeds with their droppings, spreading the seeds as they fly, which helps expand the ( ) of plants.  
(4) Through careful vegetation restoration and water ecology rehabilitation, about 80 species of winter migratory birds arrive at Songya Lake Wetland Park to welcome the arrival of spring. This reflects the diversity of ( ) in biodiversity."	fill_in_the_blank	Feather; Genetic material; Learned; Distribution range; Biological species	Innate behavior and learned behavior###Bird diversity###Characteristics of Birds and Their Relationship with Humans###The morphological and structural characteristics of birds adapted for flight	"Answer:

(1) The streamlined shape of birds reduces air resistance during flight, making them suited for flying. Birds are covered in feathers, and their forelimbs have evolved into wings, aiding aerial flight.

(2) Birds generally exhibit reproductive behaviors such as nesting, laying eggs, and incubating. These innate behaviors are determined by their genetic material. Parrots can be trained to use a trash bin for defecation, which is a learned behavior developed through experience and learning after birth.

(3) In nature, animals and plants have developed interdependent relationships over time. Animals can help plants with pollination and seed dispersal. For example, birds that feed on seeds or fruits will excrete undigested seeds, which are then widely dispersed as the birds move, helping to expand the distribution of plants.

(4) Biodiversity consists of three levels: species diversity, genetic diversity, and ecosystem diversity. Through careful vegetation restoration and water ecosystem rehabilitation, Songya Lake Wetland Park hosts"	2024	middle	medium
1710	If large-scale deforestation or destruction of grasslands occurs, it will cause ( ). Historically, in the upper reaches of the Yellow River in China, forest destruction led to sediment accumulation in the lower reaches, resulting in frequent floods that affected people's production and livelihood.	fill_in_the_blank	soil erosion	The main issues facing our country's vegetation	"[Answer] The soil on the Loess Plateau is loose, and vegetation is sparse. During summer rainstorms, severe soil erosion occurs. Due to deforestation, sediment accumulation downstream leads to frequent flooding, affecting people's production and living conditions. Many areas here are well-known impoverished regions in the country. In recent decades, large-scale afforestation efforts have improved the Loess Plateau, resulting in a pleasant ecological transformation. Many areas are now lush and fertile, overcoming past poverty.

Therefore, the answer is: soil erosion.

[Analysis] The Yellow River originates from the Qinghai-Tibet Plateau and flows through the Ningxia Plain, Loess Plateau, and North China Plain. Severe soil erosion occurs in the middle reaches. The key to managing the Yellow River is managing its middle reaches, with the fundamental measures being afforestation and restoring grasslands."	others	middle	medium
2286	For land-dwelling animals, sufficient \_\_\_\_ , \_\_\_\_ , and \_\_\_\_ are basic environmental conditions.	fill_in_the_blank	Food; water; shelter	The basic conditions for the survival of organisms	"For animals living on land, nutrients like food are essential; without food, there is no energy, and life activities cannot occur. Nutrients must dissolve in water to be transported, and water is a primary component of cells. Therefore, water is also essential for terrestrial animals. Additionally, terrestrial animals require a certain level of shelter to survive, and protecting habitats is a fundamental measure for protecting organisms. Thus, the answer is: food; water; shelter. 

Analysis: Biological survival requires certain conditions, namely nutrients, sunlight, air, and water, along with suitable temperatures and adequate living space. Analyze and answer accordingly."	others	middle	medium
7977	When measuring the temperature of a liquid, the glass bulb should be \ul{　 　} immersed in the liquid being measured, without touching \ul{　 　}. Wait until the thermometer reading stabilizes before taking the reading; do not \ul{　 　} the thermometer from the liquid when reading, and ensure your line of sight is level with \ul{　 　} the column.	fill_in_the_blank	Fully immersed; container bottom or container wall; take out; bottom surface	The main stages of scientific inquiry###Tools for Scientific Inquiry	[Solution] When measuring liquid temperature, the thermometer bulb should be completely immersed in the liquid being measured; it should not touch the bottom or sides of the container. After the thermometer bulb is immersed, wait for a while until the reading stabilizes before taking it. When reading, the bulb should remain in the liquid, and the line of sight should be level with the concave liquid surface in the thermometer. Therefore, the answer is: fully immersed; container bottom or sides; remove; lower surface. [Analysis] When measuring liquid temperature with a thermometer, the correct method is: ① The thermometer bulb should be completely immersed in the liquid being measured; do not touch the bottom or sides of the container; ② After the thermometer bulb is immersed in the liquid, wait for a while until the reading stabilizes before taking it; ③ When reading, the bulb should remain in the liquid, and the line of sight should be level with the upper surface of the liquid column in the thermometer	others	middle	medium
4107	Based on different characteristics such as skin color and nose shape, modern humans are divided into four races: \ul{　 　}, \ul{　 　}; \ul{　 　}, \ul{　 　}.	fill_in_the_blank	Mongoloid; Caucasoid; Negroid; Australoid	Race	The formation of races is the result of long-term natural and historical conditions. Based on different characteristics such as skin color and nose shape, modern humans are divided into four races: Mongoloid, Negroid, Caucasoid, and Australoid. Therefore, the answer is: Mongoloid; Negroid; Caucasoid; Australoid. The formation of races is the result of long-term natural and historical conditions. Based on different characteristics such as skin color and nose shape, modern humans are divided into four races: Mongoloid, Negroid, Caucasoid, and Australoid. The external differences in races do not influence human intelligence. Their brain capacity and skeletal structure are basically the same, so there is no distinction of superior or inferior races.	2017	middle	medium
4321	( ), ( ), and ( ) are the three major public nuisances in today's society.	fill_in_the_blank	Smoking; Drinking excessively; Drug use	The harm of smoking to the human body###The harm of excessive drinking to the human body###The Harm of Drugs and Rejecting Drugs	[Answer] Explanation: Smoking, excessive drinking, and drug abuse pose significant harms to society and families. People particularly lack awareness of the dangers of smoking and excessive drinking, leading to an increase in the number of smokers and drinkers each year, with a decreasing age trend. Smoking in public spaces harms bystanders more than the smoker themselves. Drug use causes significant damage to social productivity: it first leads to physical illness, affecting productivity, followed by enormous social wealth loss and waste. Additionally, drug activities cause environmental degradation, reducing human living space. Drug activities disrupt public security: they intensify various illegal criminal activities, disturb social order, and pose a significant threat to social stability. Therefore, the answer is: smoking; excessive drinking; drug abuse. [Analysis] This question examines the three major public hazards in today's society. When answering, one can approach it from the perspective of these three major public hazards.	others	middle	medium
6225	The number of times the heart beats per minute is called \ul{    }, and the amount of blood the heart pumps into the arteries with each contraction is called \ul{    }.	fill_in_the_blank	Heart rate; stroke volume	Heart rate, cardiac output	nan	2024	middle	easy
5923	"The advancement of science and technology plays an important role in enhancing human health. Since 1981, AIDS has been a topic of fear, but it only took scientists a little over two years to track down the culprit — the Human Immunodeficiency Virus (HIV). They subsequently spent several years deciphering the HIV genome and discovered some AIDS treatments 15 years later. Parasitic infectious diseases have plagued humanity for thousands of years. Inspired by ancient Chinese medical texts like the ""Emergency Prescriptions Kept Up One's Sleeve,"" Chinese scientist Tu Youyou used modern technology to purify and isolate artemisinin, pioneering new methods for malaria treatment, benefiting hundreds of millions of people globally. Please provide an example that demonstrates the significant role the advancement of science and technology plays in improving human health. One such example is the application of ( ) technology to detect early-stage cancer, and the application of ( ) to detect minute lesions."	fill_in_the_blank	PET; spiral CT	The concept of health###Overview of Modern Biotechnology	"Answer: ① PET-CT perfectly integrates PET with CT, with PET providing detailed molecular information such as function and metabolism of the lesion, and CT providing precise anatomical localization. One imaging procedure can obtain tomographic images of the entire body from various angles, characterized by sensitivity, accuracy, specificity, and precise localization, allowing for an intuitive understanding of the overall condition of the body, achieving the purpose of early detection of lesions and disease diagnosis. The advent of PET-CT represents another revolution in medical imaging, acknowledged and widely recognized by the medical community, and is regarded as the ""crown of modern medical high technology.""

② Spiral CT breaks through the design of traditional CT, employing slip ring technology, connecting power cables and some signal lines with different metal rings inside a fixed frame to the sliding electrical brushes of the moving X-ray tube and detector with metal rings. The scanning trajectory advances in a spiral manner, allowing quick and continuous completion of volume scans. Through contrast imaging, it can identify space-occup"	others	middle	medium
6702	Many biologists agree that life on Earth can be divided into five major groups: Prokaryotes, \ul{　 　}, Plantae, Animalia, and Fungi. Bacteria and actinomycetes belong to the \ul{　 　} realm.	fill_in_the_blank	Protista; Prokaryotae	Protists###The concept of prokaryotes	"[Answer] Biologists classify organisms into various categories based on their similarities and differences, such as morphological characteristics, nutritional modes, etc. These categories include the five kingdoms: Prokaryotes, Protists, Plantae, Fungi, and Animalia. Eukaryotic genetic material is enclosed within a nuclear membrane, while prokaryotic genetic material is not. Since bacteria and actinomycetes lack a nuclear membrane, they belong to the Prokaryotes.   
Therefore, the answer is: Protists; Prokaryotes.  
[Analysis] In 1969, Whittaker proposed the five-kingdom system. He first divided organisms into prokaryotes and eukaryotes based on the presence or absence of a nuclear membrane, with prokaryotes forming one kingdom. Eukaryotes are further divided based on the number of cells; certain unicellular or multicellular organisms are classified into the Protists, while the remaining multicellular euk"	2020	middle	medium
6993	"The school organized students to a farm for ""study tours"" and please analyze and answer: 

(1) In the cucumber planting area, staff collect pollen from the stamens and use a brush to apply it onto \_\_\_\_ for artificial pollination to improve the fruit setting rate. Water and nutrients needed during cucumber growth are absorbed and transported along \_\_\_\_ to all parts of the plant.

(2) In the fruit tree planting area, staff are engaged in cuttings and transplanting seedlings. Compared to sexual reproduction, cuttings facilitate \_\_\_\_. Transplanted seedlings retain a large root ball and a small number of leaves, which can \_\_\_\_ and improve survival rates.

(3) In the farm processing area, harvested vegetables and fruits are sorted and packaged before being sent to various locations. During storage and transport, low-temperature conditions are usually required to reduce cell \_\_\_\_, ensuring the freshness of fruits and vegetables."	fill_in_the_blank	"(1) Stigma of the pistil; duct
(2) Maintain the excellent traits of the parent, accelerate reproduction speed; protect root hairs, reduce water loss
(3) Respiration"	Artificial assisted pollination###The essence of respiration###The duct and its transport of water and inorganic salts###Asexual reproduction of plants	"Solution:  
(1) Pollination refers to the process of transferring mature pollen grains from the anthers of stamens to the stigma of pistils. The vessel transports water and inorganic salts, while the sieve tube transports organic substances. In cucumber planting areas, workers collect pollen from stamens and use a brush to apply it onto the stigma of pistils for manual pollination to increase the fruiting rate. During cucumber growth, the absorbed water and nutrients are transported throughout the plant via the vessel.  
(2) Cutting is a form of asexual reproduction. Asexual reproduction refers to the direct production of new individuals by the parent without the fusion of gametes. The advantages of asexual reproduction are maintaining the superior traits of the parent and speeding up the reproduction process. Carrying soil clumps protects root hairs from damage. Leaves are the main organs of transpiration, and trimming a large number of branches and leaves can reduce transpiration and improve survival rates.  
(3) Low temperatures can"	2019	middle	medium
8085	"Some students from a research study group at a certain school designed the following experiment to explore the ""relationship between the number of animals and plants in a small ecosystem.""

Materials and tools used: covered glass bottles, small fish, aquatic plants, sand (with a small amount of silt), and pond water filtered through gauze.

Method steps:

Step 1: Take ( ) covered glass bottles, numbered 1 to 5.

Step 2: In each of the five bottles, place an equal amount of pond water, sand, and ( ) small fish of similar size, shape, and growth condition.

Step 3: Place a different number of ( ) of similar shape, size, and growth condition into bottles 1 to 4 (specific quantities are shown in the table below).

Step 4: Place all five ecological bottles on the laboratory windowsill, ensuring that the non-biological factors in their environment are basically the same.

Step 5: Observe and record the experimental results as related to ( ) and ( ).

Step 6: Note if the number of fish in bottle 5 is ( ) those in bottles 1 to 4. If so, consider if there are ( ) aquatic plants than needed in bottle 5."	fill_in_the_blank	5; four; aquatic plants; photosynthesis; oxygen; less than; fewer	Structure of the ecosystem###Stability of the ecosystem###Design and Production of an Ecosystem Bottle	"Answer:

(1) Only the No. 5 ecological bottle differs from the other four in having just one variable: the presence or absence of green plants, so it is the control group.

(2) In ecological bottle No. 5, the absence of green plants leads to the animals dying quickly because there is no photosynthesis to provide sufficient oxygen, causing the fish to stop breathing and die.

(3) In an ecosystem, plants are producers at the first trophic level, while animals occupy a higher trophic level, so the number of plants should be greater than the number of animals.

(6) The more types and quantities of organisms in an ecosystem, the stronger its self-regulation and stability. Although the animals in ecological bottle No. 1 survived the longest, they eventually died, likely due to the limited diversity and inability to achieve a true balance, resulting in poor self-regulation capacity.

Therefore, the answers are: (1) 5; (2) sea"	others	middle	medium
