index	question	category	A	B	C	D	answer	knowledge	analysis	year	grade_level	difficulty_level
1922	Placing the locust’s head in water does not lead to its death mainly because (    )	single_answer_choice	The locust can absorb air from the water	The locust can breathe through its body wall	The locust breathes through the spiracles on its abdomen	The locust can survive without breathing	C	Arthropods and Their Relationship with Humans	nan	2024	middle	medium
5473	The correct statements regarding the structural levels of multicellular organisms are as follows:	single_answer_choice	As a pump for transporting blood, the heart is mainly composed of connective tissue	The tissues on the surface of animals and plants have protective functions and belong to protective tissues.	Comparatively, in terms of structural levels, a squirrel has organs and a pine tree also has organs.	As a pump for transporting blood, the heart is mainly composed of connective tissue.	B	The main tissues of the plant body###Similarities and differences in the structural levels of plants and animals	nan	2024	middle	medium
8691	The following statements about cell division, cell differentiation, and carcinogenesis are correct:	single_answer_choice	After cell division, the new cells have half the genetic material compared to the parent cells.	Cell differentiation can lead to changes in the genetic material of cells.	Malignant tumors are the result of continuous division and differentiation of cancer cells.	Cell division and differentiation are the foundation of organism growth, development, and reproduction.	D	Cell division###Cell differentiation forms tissues.###Cell growth	nan	2023	middle	medium
1038	The following statement about watermelons is not correct:  	single_answer_choice	The entire watermelon develops from the ovary  	All seeds inside the watermelon develop from a single ovule  	The watermelon rind develops from the ovary wall  	The zygote inside the ovule develops into an embryo	B	The Formation of Fruits and Seeds	nan	2024	middle	medium
5106	"During this semester's study process, there are observation and thought activities such as ""observing organisms in the campus, park, or woodland"" and experimental inquiries like ""preparing and observing temporary plant cell slides."" Please analyze the essential difference between experiments and observations:"	single_answer_choice	Whether the researcher applies artificial influence to the object being studie	Whether the researcher uses a microscope for observation	Whether the researcher directly observes the object being studied	Whether the researcher applies artificial influence to the object being studied	C	Basic Methods of Scientific Inquiry	nan	2024	middle	medium
5877	Students used the labor class to conduct practical activities on corn planting, observing and recording the cultivation and growth process of corn. The following statement is incorrect (   ):	single_answer_choice	When selecting corn seeds, choose intact and plump seeds.	Cells in the division zone at the tip of the corn root continuously replenish elongation zone cells through division.	In the early stage of corn seed germination, respiration is vigorous, and the content of organic matter gradually decreases.	There are many kernels on each corn cob because there are many ovules in one ovary of the corn.	D	Conditions for seed germination###The process of seed germination###The Formation of Fruits and Seeds###The structure and function of the apex	nan	2024	middle	medium
1563	The following statements about the relationship between single-celled organisms and humans are to be evaluated, with one being incorrect (　　)	single_answer_choice	Many single-celled organisms can serve as natural bait for fish.	Single-celled organisms do not pose a threat to human health.	Paramecium can purify sewage.	Certain single-celled organisms can multiply in large numbers and form red tides.	B	Single-celled organism	nan	2024	middle	medium
2212	The following description of the main characteristics of roundworms is incorrect: ( )	single_answer_choice	The body surface has a cuticle, which can protect the roundworm from being digested by digestive juices	It has a mouth and anus and feeds on chyme in the host's small intestine	The body is slender and cylindrical	The locomotor organs are well-developed, facilitating free movement within the host's digestive tract	D	Nematode Animals and Their Relationship with Humans	nan	2024	middle	medium
3457	When we sit in the classroom looking at the blackboard and can't see the fingers placed in front of our eyes clearly, it is mainly because when looking far and near (　　)	single_answer_choice	The retina moves forward or backward	The anterior-posterior diameter of the eyeball differs	The pupil contracts or dilates	The curvature of the lens is different	D	The formation of vision	nan	2023	middle	medium
5306	During the experiment of preparing and observing human oral epithelial cells, the following operation is incorrect (   ):	single_answer_choice	Adjusting the microscope's light before observation	Dropping a drop of clear water in the center of the slide	Handling the cover slip gently	Staining the cells with iodine solution	B	Observe animal cells	"[Answer] A. When using a light microscope to observe an object, visible light must pass through the specimen in order to clearly see the image, so the microscope needs to be adjusted for light before observation. A is correct.

B. Human oral epithelial cells do not have a cell wall and will swell and rupture when immersed in fresh water due to excessive water absorption. Therefore, placing a drop of physiological saline in the center of the slide can maintain the normal shape of the cells, making observation easier. B is incorrect.

C. When placing a coverslip, use tweezers to lift the coverslip, let one side of the coverslip touch the droplet first, then gradually lower it over the droplet. This prevents the formation of air bubbles that can obstruct observation, so the coverslip should be placed gently. C is correct.

D. Chromosomes are present in the cell nucleus and can be stained darkly with alkaline dyes. Staining cells with iodine solution makes it easier to"	2025	middle	medium
2297	In life, we often perform the action of pushing a door. The correct statement related to this is (    ):	single_answer_choice	Pushing a door is an innate behavior.	When completing the action of pushing a door, the bones act as levers.	The action of pushing a door is simple and does not require brain involvement.	When pushing a door, the biceps contract and the triceps relax.	B	Methods of animal locomotion###Coordination of bones, joints, and muscles###Congenital behavior	nan	2023	middle	hard
2569	The correct statements related to biological reproduction and development are: 	single_answer_choice	Both amphibians and insects reproduce through sexual reproduction and undergo metamorphosis, with fertilization independent of water.	Locusts experience incomplete metamorphosis; silkworms undergo complete metamorphosis. To increase silk production, the pupal stage should be extended.	A fetus obtains oxygen and nutrients from the mother's body through the placenta and umbilical cord and expels waste, with the placenta substituting post-birth functions of organs like the lungs, small intestine, and kidneys.	Egg white and yolk provide nutrition for embryonic development; the life cycle of green flowering plants refers to the process from seed germination to mature flowering.	C	Reproduction and Development of Insects###Reproduction and Development of Amphibians###Structure of Bird Eggs###Embryonic development and nutrition	nan	2023	middle	medium
4048	"The correct statements regarding ""making and observing temporary slides of plant cells"" are as follows:"	single_answer_choice	The purpose of staining the inner epidermal cells of an onion scale leaf is to observe the vacuole more clearly.	After covering with a cover slip, gently press it with tweezers; bubbles are the ones whose shape does not change and position does not move.	When observing inner epidermal cells of onion scale leaves and tomato pulp cells under a microscope, chloroplasts can be seen.	When drawing cell structure diagrams, the darker areas should be represented with fine dots using a pencil; the darker the area, the more dots there should be.	D	Drawing methods and requirements###Observe plant cells.	nan	2024	middle	medium
2577	The following emergency response measure is unreasonable (   ):	single_answer_choice	In cases of sudden myocardial infarction, external cardiac compression and artificial respiration can be used for emergency treatment.	When helping a drowning victim with artificial respiration, first ensure that their airway is clear.	In case of spurting bleeding due to injury, use a tourniquet to press on the distal end of the wound for hemostasis.	Upon encountering a gas poisoning patient, first move the person to a well-ventilated area before rescue efforts.	C	First aid knowledge###Types of Bleeding and Bandaging Methods	nan	2024	middle	medium
4376	Which of the following proverbs reflects the influence of living organisms on the environment? (     )  	single_answer_choice	Planting more trees on the mountain is better than building reservoirs  	Clear weather during the White Dew period makes millet shine like silver  	Fertilizer is the treasure of crops; apply sufficiently and skillfully  	Heavy snowfall indicates abundant food for the next year	A	The impact of abiotic factors on organisms###The impact of organisms on the environment###Types of Inorganic Salts and Their Effects on Plants	nan	2024	middle	medium
5861	Autumn and winter are peak seasons for influenza, a common infectious disease caused by the influenza virus. Which of the following statements about the influenza virus is incorrect? ( )	single_answer_choice	Lacks cellular structure and cannot live independently	Can parasitize humans or animals and is highly contagious	Categorized as a bacteriophage	Very small in size, can only be observed with an electron microscope	C	Types of viruses###The morphology of the virus###Virus replication method	nan	2024	middle	medium
5873	The following are sources of infection (　　)	single_answer_choice	Novel coronavirus	Asymptomatic carriers of COVID-19	People who have just received the COVID-19 vaccine and tested positive for nucleic acid	Air droplets containing the novel coronavirus	B	The basic links in the transmission of infectious diseases###Common Infectious Diseases and Their Prevention###Antigen and antibody	nan	2023	middle	medium
2223	The following statement about the reproduction and development processes of organisms is incorrect (      ):	single_answer_choice	The starting point of individual development in birds is the fertilized egg.	Goldfish undergo sexual reproduction and are oviparous.	Grafting, plant tissue culture, and test-tube babies all fall under asexual reproduction.	The individual development process of frogs: fertilized egg → tadpole → young frog → adult frog.	C	Reproduction and Development of Amphibians###Reproduction and Development of Birds	nan	2024	middle	medium
6321	Regarding the concept of a system, the correct statement is (   )	single_answer_choice	The general term for multiple organs functionally connected within the human body	The sum of all organs in a particular part of the body	The general term for multiple organs that can perform one or several physiological functions within the body	The sum of all organs that are physiologically structurally continuous within the body	C	Overview of the Human Body	"Answer: Multiple organs that can jointly perform one or several physiological functions are organized in a certain order to form a system. There are eight major systems in the human body, which coordinate and work together to ensure that various complex life activities can take place normally. Thus, option C aligns with the question.

Analysis: Multiple organs that can jointly perform one or several physiological functions are organized in a certain order to form a system. There are eight major systems in the human body, which coordinate and work together to ensure that various complex life activities can take place normally. Answer accordingly."	others	middle	hard
3193	"""Humans have human speech, animals have animal language."" The following is not related to information exchange between individual animals (    ):"	single_answer_choice	Female cabbage white butterfly releases sex pheromones	Toad inflates its body when attacked	"Bee performs a ""figure 8"" dance upon finding a nectar source"	Monkey on guard duty emits a call when seeing an eagle	B	Social behavior###Types of Animal Behavior###Research experiments on animal behavior	nan	2024	middle	medium
1932	"Among the following diseases, which one is not categorized as a ""lifestyle disease""?  "	single_answer_choice	Malignant tumor  	Heart disease  	Phenylketonuria  	Cerebrovascular disease	C	Genetic disease	nan	2022	middle	medium
1573	Animals can communicate through movements, sounds, and scents. Which of the following is not a method of information transmission within an animal group?  	single_answer_choice	Bees communicate the location of nectar sources to their peers through dancing.  	Police dogs locate hidden drugs using their sense of smell.  	"Ants find food by following the ""scent"" left by their companions.  "	Female white moths attract male moths for mating by secreting pheromones.	B	Research experiments on animal behavior	nan	2023	middle	medium
4160	Among the behaviors of the following animals, which is considered social behavior?  	single_answer_choice	Sheepdogs guarding the flock grazing on the grassland  	Flocks of sparrows flying to the rice fields to forage  	Cuckoos laying eggs in the nests of other birds  	"Baboons' ""leaders"" having priority access to food"	D	Innate behavior and learned behavior###Types of Animal Behavior	nan	2022	middle	medium
869	Studies show that eye exercises are a massage method based on ancient Chinese medical massage and meridian theories, combined with sports medicine. Persistently doing eye exercises is beneficial for alleviating eye fatigue and preventing myopia and other eye diseases. The following statements are correct (　　):	single_answer_choice	Students' receptors for hearing the eye exercise music are located in the eardrum.	Hearing is ultimately formed in the cochlea.	Accurate massage of the corresponding areas is reliant on the regulation of the cerebellum.	After completing the eye exercises and looking into the distance, the curvature of the eye lens increases.	C	Formation of Hearing###Eye health care	nan	2023	middle	medium
6064	The common characteristics of flatworms and jellyfish are (      )  	single_answer_choice	Both have cnidocytes  	Rely on the gastrovascular cavity to digest nutrients  	Have a mouth but no anus  	Bodies are bilaterally symmetrical	C	Flatworms and Their Relationship with Humans###Cnidarians and Their Relationship with Humans	nan	2024	middle	medium
4165	Which of the following groups of organisms have significantly different structural levels? ( )	single_answer_choice	Tomato and cucumber 	Tomato and rabbit 	Chlamydomonas and Paramecium 	Dog and cat	B	The structural hierarchy of a plant body###Single-celled organism###Similarities and differences in the structural levels of plants and animals	nan	2024	middle	medium
5113	The following statement is incorrect (   ):	single_answer_choice	The acceleration of breathing and heart rate can quickly provide oxygen and nutrients to the tissues and cells.	The diaphragm relaxes, the diaphragm dome descends, and the pressure inside the lungs is less than the external pressure, allowing inhalation.	Oxygen in the lungs enters the capillaries through gas diffusion.	Vigorous exercise causes a lot of sweating, and the evaporation of sweat can dissipate the heat produced by respiration.	B	Excretion and its pathways###Gas exchange between the lungs and the external environment###Gas exchange between alveoli and blood###Gas exchange between blood and tissue cells	nan	2023	middle	medium
7935	The following statement about buds is incorrect (    ):	single_answer_choice	Buds can be divided into apical buds and lateral buds based on their position.	Leaf buds will develop into branches and flowers.	When the apical bud grows vigorously, it can inhibit the growth of lateral buds.	The primordium in the leaf bud will develop into a lateral bud.	B	Structure and Development of Buds	nan	2024	middle	medium
7343	Health is the most precious wealth in life. Among the following statements about first aid and health, the one you disagree with is (     )	single_answer_choice	The connotation of health includes physical health, mental health, and good social adaptation.	Frequently playing on the phone and staying up late online are considered unhealthy lifestyles.	OTC must be purchased with a prescription from a licensed physician.	When rescuing a drowning person, their airway should be cleared first, followed by artificial respiration.	C	The concept of health###Lifestyle disease###Safe medication use###Healthy lifestyle	nan	2024	middle	medium
1210	Among the following methods, the one that cannot effectively prevent genetic diseases is:  	single_answer_choice	Genetic counseling  	Prenatal diagnosis  	Prohibition of consanguineous marriage  	A couple having only one child	D	Human eugenics and procreation###Genetic disease	nan	2024	middle	medium
2480	Genetic engineering is widely used in breeding, medicine, etc. Which of the following is based on the principles of genetic engineering?	single_answer_choice	Rapid propagation of imported rare orchids through tissue culture technolog	Developing space peppers by carrying seeds on a returnable satellite  	Rapid propagation of imported rare orchids through tissue culture technology  	Developing cloned sheep through cell cloning technology  	D	Asexual reproduction of plants###Application of Biological Variation###Genetic Engineering Technology and Its Applications###Cloning technology and its applications	nan	2022	middle	medium
2566	The following statement about phenomena and their reasons is incorrect ( ):	single_answer_choice	Timely drainage of waterlogged fields is to improve root respiration.	Gardeners often trim some leaves when transplanting plants to reduce the intensity of photosynthesis.	Farmers often open a small corner of a plastic greenhouse at night to let in cold air, aiming to weaken the respiration of crops.	Continuous rainy weather during the flowering period of fruit trees often leads to reduced yield, which is largely related to insufficient pollination.	B	Application of the Principles of Respiration###Application of the principles of photosynthesis###Application of the Principle of Transpiration	nan	2024	middle	medium
2051	Running has become a fashionable sport for national fitness. The following statements about the running process are incorrect (     ):	single_answer_choice	Breathing rate and heart rate both increase	Urine output increases	Body temperature remains relatively stable	The nervous center that maintains body balance during running is located in the cerebellum	B	Urination and Its Significance	nan	2024	middle	medium
4169	Strawberries are a fruit commonly grown in greenhouses. The following practice cannot improve the quality of strawberries (    )	single_answer_choice	Increase light intensity during the day	Raise the temperature inside the greenhouse at night	Extend the lighting time at night	Increase the carbon dioxide concentration during the day	B	Application of the Principles of Respiration###Application of the principles of photosynthesis	nan	2023	middle	medium
5285	Inheritance and variation are phenomena commonly found in nature. Which of the following is an example of inheritance? 	single_answer_choice	A white-haired mother cat gives birth to black kittens. 	Twin sisters also have many differences. 	The mother has dimples, but the children do not. 	Planting melons yields melons, planting beans yields beans.	D	The phenomenon of heredity in organisms###The phenomenon of biological variation	nan	2024	middle	medium
3543	The correct statement about the growth of cherry plants is:  	single_answer_choice	Cherry belongs to dicotyledons, and its root system is fibrous.  	When buds develop, the cells of nutrient tissues form new branches through division and differentiation.  	The thickening growth of the stem is the result of continuous division and differentiation of cambium cells.  	Plant growth requires fertilization, mainly to provide organic matter to the plant.	C	Nutrients required for plant growth.###Root systems and their distribution###Structure and Development of Buds###Structure of the stem	"Answer:
A. Cherries belong to dicotyledonous plants, and their root system is a taproot system, not a fibrous root system, thus A is incorrect.
B. During bud development, cell division and differentiation at the growth point form new branches; the growth point is meristematic tissue, not nutritional tissue, thus B is incorrect.
C. The cambium cells of the stem can continuously divide, forming phloem outward and xylem inward, allowing the stem to thicken annually. Therefore, the thickening growth of the stem is the result of continuous division and differentiation of cambium cells, thus C is correct.
D. Plant growth requires fertilization, primarily to provide inorganic salts to the plant, thus D is incorrect. 
Therefore, the correct choice is C.

Analysis:
(1) Root systems are divided into taproot systems and fibrous root systems. The root system of most dicotyledonous plants is a taproot system, while"	2024	middle	hard
2050	Cells' lives require matter and energy, and the following statement is incorrect ( ):	single_answer_choice	The substances in cells are divided into two categories: inorganic and organic.	Sugars, proteins, and lipids are organic substances.	All cells can independently produce organic substances.	The life of a cell is a unity of changes in matter, energy, and information.	C	Substances required for cell life###Functions of the Cell Nucleus###Energy needed for cell life	nan	2024	middle	medium
4386	Among the following items, the statement about the experimental procedure and purpose that is incorrect is (     )	single_answer_choice	Adding physiological saline when preparing a temporary slide of human oral epithelial cells | To maintain cell shap	Adding physiological saline when preparing a temporary slide of human oral epithelial cells | To maintain cell shap	Adding physiological saline when preparing a temporary slide of human oral epithelial cells | To maintain cell shape	Cutting leaf cross-sections for temporary slides as thin as possible | To allow light transmission	D	Structure and Use of a Microscope###Observe animal cells###Determining the germination rate of seeds###An experiment exploring the production of organic substances by green leaves under light.	nan	2023	middle	medium
1028	"During the experiment ""Observing Yeast and Mold,"" the following statement is incorrect (   ):"	single_answer_choice	Under a microscope, yeast cells are oval-shaped, with large vacuoles inside the cells.	Some yeast cells have protrusions of various sizes, which are yeast spores.	A magnifying glass can be used to observe the upright hyphae of Penicillium, which appear bluish-green at the tips.	After staining with iodine solution, the dyed cell nuclei and starch granules can be seen in the yeast cells.	B	Morphological structure and nutritional modes of fungi###Reproduction of fungi###Observe yeast and mold.	nan	2024	middle	medium
2653	The following statement does not belong to the role of water in plants (____):	single_answer_choice	Participating in photosynthesis, synthesizing organic matter	Participating in the composition of the plant	Dissolving inorganic salts, allowing them to be absorbed and transported by the plant	Keeping leaves clean, facilitating photosynthesis	D	Pathways for water entry into plants	nan	2023	middle	easy
5121	With the rapid development of science and technology, in vitro fertilization (IVF) technology has been continuously improved and optimized, enabling many infertile patients to achieve their dream of having children. The following statements about IVF technology are correct (    ):	single_answer_choice	The site of fertilization in IVF is the mother's fallopian tub	The site of fertilization in IVF is the mother's fallopian tube	IVF refers to fertilization in the mother's body, after which the early embryo is extracted and cultivated in a test tube	The main site for embryo development in IVF is the uterus	C	In vitro fertilization technology	nan	2023	middle	medium
7560	Immunity is a physiological function of the human body. The following statements about immunity are incorrect (    ):	single_answer_choice	The skin's ability to block the invasion of pathogens is considered non-specific immunity.	Antimicrobial substances in the skin and body fluids form the first line of defense for the body.	Allergic reactions are caused by an overly strong immune response and can lead to death in severe cases.	Immunization is a simple and feasible method for preventing infectious diseases.	B	The body's three lines of defense###Planned Immunization###Allergic reaction and immune rejection	nan	2024	middle	hard
6614	"Elder Wang recently went to the hospital for a medical examination. The table below shows the results of some of the tests (""+"" indicates detected, ""-"" indicates not detected or trace amounts). Based on the data in the table, you think Elder Wang has:"	single_answer_choice	Acute inflammation and hypertensio	Acute inflammation and diabetes 	Hypertension and diabetes 	Acute inflammation and hypertension 	C	Complete Blood Count Test Report###Formation and Excretion of Urine###Blood pressure, pulse	"[Answer] The table shows that red blood cells and platelets are normal, but the white blood cell count is above the reference value, indicating that Mr. Wang has acute inflammation; the urine test in the table is normal; both the systolic and diastolic pressures in the table exceed the reference values, indicating that Mr. Wang has hypertension.  
Therefore, the answer is: C.  
[Analysis] Blood is composed of plasma and blood cells. Blood cells include red blood cells, white blood cells, and platelets.  
Red blood cells are rich in hemoglobin, which binds to oxygen in high-oxygen environments and releases oxygen in low-oxygen environments, indicating that red blood cells have the function of carrying oxygen;  
White blood cells can deform to pass through capillary walls, engulf bacteria, and provide a defense function for the body;  
Platelets can block wounds and contain substances that promote blood clotting, playing a role in stopping bleeding and accelerating coagulation."	2021	middle	hard
