index	question	category	answer	knowledge	analysis	year	grade_level	difficulty_level
8614	"The system that regulates body functions is ( )
A. Digestive system B. Nervous system C. Muscular system D. Endocrine system"	multiple_answer_choice	B, D	The composition of the nervous system and the functions of its parts.###Hormone regulation	nan	2022	middle	medium
3351	"The common characteristic of rhizobia, yeast, and Penicillium is (    )
A. All have cell walls B. All have nuclei
C. All are saprotrophic D. All reproduce by spores"	multiple_answer_choice	A, C	Morphology and Nutritional Modes of Bacteria###Morphological structure and nutritional modes of fungi	"Answer: A and C. Bacteria and penicillium share the common characteristics of having cell walls, not containing chloroplasts, and needing to utilize existing organic matter to survive, leading a saprophytic lifestyle. A and C are correct.

B. Bacteria do not have a well-defined nucleus, only a DNA-concentrated region. B is incorrect.

D. Bacteria reproduce through binary fission, while fungi reproduce via spores. D is incorrect.

Therefore, select: A and C.

Analysis: The basic structure of bacteria includes a cell wall, cell membrane, cytoplasm, and a DNA-concentrated region, with no well-defined nucleus and no chloroplasts. Penicillium belongs to fungi, and the basic structure of fungi includes a cell wall, cell membrane, cytoplasm, and a nucleus, with no chloroplasts. Thus, rhizobia belong to bacteria, where bacteria reproduce through binary fission, and fungi reproduce via spores."	2015	middle	medium
6949	"The correct statement about the adaptation of structure and function is:

B. Some epidermal cells in the mature region of the root tip protrude outward to form root hairs, which are conducive to the absorption of water and inorganic salts.

C. The walls of the small intestine villi and capillaries are both composed of a single layer of epithelial cells, which facilitates nutrient absorption.

D. The body of the domestic pigeon is streamlined and covered with feathers, and its forelimbs have evolved into wings, which aid in flight."	multiple_answer_choice	B, C, D	Position, structure, and function of the heart###The structure and function of the apex###Composition of the digestive system###The morphological and structural characteristics of birds adapted for flight	"Answer: A. The left ventricle is the starting point of systemic circulation; it has the thickest wall, and its myocardium is developed to pump blood to all parts of the body, so A does not meet the question's intent.  
B. The cells in the mature region of the root tip stop elongating and begin differentiating, with part of the epidermis protruding outward to form root hairs. Root hairs increase the root's surface area and are the main site for the absorption of water and inorganic salts, so B meets the question's intent.  
C. The walls of intestinal villi and capillaries both consist of a single layer of epithelial cells, facilitating nutrient absorption. It is the main site for digestion and absorption, so C meets the question's intent.  
D. The domestic pigeon is classified as a bird with a streamlined body covered with feathers and forelimbs adapted into wings, facilitating flight, so D meets the question's intent.  
Thus,"	2019	middle	medium
5577	"In order to study the effects of ants on acacia trees, students from a biology interest group conducted an experimental investigation and obtained results as shown in the table below. According to the table analysis, the correct statement is:

A. The variables in this experiment are the height growth and survival rate of the seedlings.  
B. The control group in this experiment is Group ②, and the experimental group is Group ①.  
C. Ants feed on the globules at the tips of young acacia leaves, which is harmful to its growth.  
D. The experiment shows that the ""grazing"" of acacias by ants can increase the survival rate of seedlings and promote their growth."	multiple_answer_choice	B, D	Relationships between organisms###The main stages of scientific inquiry	nan	2023	middle	medium
7787	"The following descriptions align with the viewpoint that ""structure adapts to function"" (____)
A. The forelimbs of birds have evolved into wings, facilitating flight in the air
B. Neurons have many protrusions that can increase the surface area of cells, facilitating gas exchange with the external environment
C. The skin surface of lizards is covered with keratinized scales, which can reduce water evaporation, adapting to a terrestrial environment
D. The walls of alveoli and capillaries are composed of a single layer of flat epithelial cells, facilitating gas exchange"	multiple_answer_choice	A, C, D	Gas exchange between alveoli and blood###The structure and function of neurons###The characteristics of reptiles and their relationship with humans###Characteristics of Birds and Their Relationship with Humans	"Answer: A. Birds have streamlined bodies and forelimbs transformed into wings, which aids in aerial flight, consistent with the question's intent. B. Compared to other cells, nerve cells have many protrusions that can conduct nerve impulses, inconsistent with the question's intent. C. Lizards have keratinized scales on their skin, which can reduce the evaporation of body water, adapting to dry terrestrial life, consistent with the question's intent. D. Alveolar walls and capillary walls are both composed of a single layer of epithelial cells, facilitating gas exchange between alveoli and blood, consistent with the question's intent. Therefore, the answers are: ACD.

Analysis: Every organism, through long-term natural selection, has morphological structures, physiological characteristics, or behaviors adapted to the environment, such as grasshoppers having exoskeletons suitable for living in dry land environments."	2021	middle	medium
1953	"The plants that can produce seeds are (   )
A. Cycad B. Walnut C. Rice D. Kelp"	multiple_answer_choice	A, B, C	Gymnosperms###Angiosperms	"Answer: Angiosperms and gymnosperms both produce seeds and reproduce through them, belonging to seed plants, which are the highest group in the plant kingdom. Gymnosperms have exposed seeds without a pericarp, while angiosperms have seeds covered with a pericarp, forming fruits. Cycads belong to gymnosperms, and walnuts and rice belong to angiosperms, both producing seeds. Kelp is a spore plant and cannot produce seeds. Therefore, the answer is: ABC.

Analysis: Algae can be unicellular or multicellular, without differentiation into roots, stems, and leaves, and they reproduce via spores. Mosses are multicellular, lack roots, have differentiated stems and leaves, do not produce seeds, and reproduce via spores, belonging to spore plants, and depend on water for reproduction, suitable for shady and damp places. Ferns are multicellular with differentiation into roots, stems, and leaves, containing vascular tissues"	2018	middle	medium
7863	"The fundamental measures to protect biodiversity are:
A. In-situ conservation
B. Ex-situ conservation
C. Establishment of nature reserves
D. Establishment of breeding bases"	multiple_answer_choice	A,C	Biodiversity conservation measures	"Explanation: To protect biodiversity, we must first protect the habitats of living organisms, as these habitats are the foundation for their survival. Protecting the habitats of organisms means protecting the organisms within the environment. The environment and organisms form a unified whole, constituting an ecosystem. Therefore, protecting the habitats of organisms is essentially protecting the diversity of ecosystems. Protecting the habitats and the diversity of ecosystems is a fundamental measure in protecting biodiversity. The most effective measure is establishing nature reserves, which is in-situ conservation. Therefore, options A and C are appropriate.

Analysis: This question can be analyzed and answered by considering the relationship between organisms and the environment, and the measures to protect biodiversity."	2015	middle	medium
6877	"The correct statements about adolescence are as follows:
A. Adolescence is the ""golden age"" of intellectual development.
B. Height increases rapidly during adolescence.
C. Boys develop features such as the Adam's apple and facial hair during adolescence.
D. Sexual organs develop rapidly during adolescence."	multiple_answer_choice	A, B, C, D	Physiological Changes and Hygiene during Puberty###Psychological Changes and Hygiene in Adolescence	"[Answer] A. After entering puberty, under the influence of sex hormones, the sexual organs begin to develop until maturity. The functions of the nervous system and organs such as the heart and lungs are also significantly enhanced. For example, the brain's regulatory capacity greatly improves, making it a golden period for the development of intelligence. Statement A is correct and aligns with the topic.  
B. During puberty, under the regulation of the nervous system, the secretion of related hormones leads to rapid increases in height and weight, which is a notable characteristic of this period. Statement B is correct and aligns with the topic.  
C. After entering puberty, an increase in gonadotropins secreted by the pituitary under the regulation of the nervous system leads to the rapid development and gradual maturation of the testes in males and ovaries in females. Sex hormones promote the appearance of secondary sexual characteristics, such as boys developing an Adam's apple and facial hair, and girls experiencing breast development and a fuller body"	2019	middle	medium
5043	"The chromosome composition of human sperm cells may be (   )
A. 44 autosomes + XY sex chromosomes
B. 22 autosomes + XY sex chromosomes
C. 22 autosomes + Y sex chromosome
D. 22 autosomes + X sex chromosome"	multiple_answer_choice	C, D	Chromosome composition and sex inheritance	"[Answer] From the genetic diagram of gender, sperm chromosomes are composed of 22 + X or 22 + Y. Therefore, human sperm cells may have 22 autosomes + Y or 22 autosomes + X. CD fits the description, hence the answer is: CD.

[Analysis] Both male and female somatic cells have 23 pairs of chromosomes, with 22 pairs being similar in structure and size, known as autosomes. The 23rd pair, which differs significantly in structure and size, is related to gender determination and is known as sex chromosomes. In female somatic cells, the sex chromosomes are almost identical in shape and size, referred to as XX chromosomes. In male somatic cells, the larger chromosome is named the X chromosome, and the smaller one is the Y chromosome. In reproductive cells, the number of chromosomes is halved, with sperm containing 22 autosomes + Y or 22 autosomes + X, and egg cells containing 22 autos"	2022	middle	medium
8615	"The following descriptions about animal characteristics contain an error:  
A. Hydra, sea anemone ------ Have a digestive cavity with a mouth but no anus, body is radially symmetrical  
B. Snail, freshwater mussel ------ Have shells on the body surface, which do not grow with the body  
C. Frog, toad ------ Juveniles live in water and breathe with gills  
D. Sea bream, blackfish ------ Body surface covered with keratin scales or armor, use lungs for breathing"	multiple_answer_choice	B, D	Mollusks and Their Relationship with Humans###Characteristics of Fish and Their Relationship with Humans###Characteristics of Amphibians and Their Relationship with Humans###Cnidarians and Their Relationship with Humans	nan	2024	middle	medium
6881	"Regarding statements about energy, the incorrect one is (　　)
A. The energy in organic matter is a type of chemical energy.
B. All organisms can convert light energy into chemical energy.
C. During the burning of a candle, chemical energy is converted into heat and light energy.
D. Mitochondria are unique energy converters found in animal cells."	multiple_answer_choice	B, D	Energy converters in cells	"Answer: Explanation:

A. Chemical energy is a very concealed type of energy; it cannot be directly used to do work and is only released during chemical changes, transforming into thermal energy or other forms. The energy released from the burning of oil and coal, the explosion of explosives, and the chemical changes occurring in food inside the body all belong to chemical energy. Chemical energy refers to the energy in compounds (including organic matter). The energy in organic matter is chemical energy, while the energy from sunlight is light energy.

B. Green plants can convert light energy into chemical energy, but not all organisms can convert light energy into chemical energy.

C. When a candle is lit, we see carbon dioxide and water vapor being produced. It emits light and heat, releasing energy, with black smoke emerging. This is the chemical change of the candle. New substances are formed, so when a candle is lit, the energy conversion is from chemical energy to light energy and heat energy.

D. Chloroplasts are"	2015	middle	medium
8626	"According to the transmission routes, the following pairs of infectious diseases are incorrect ( ):
A. Typhoid ------ Respiratory infectious disease
B. Epidemic mumps ------ Digestive tract infectious disease
C. Schistosomiasis ------ Blood infectious disease
D. Tetanus ------ Surface infectious disease"	multiple_answer_choice	A, B, C	Common Infectious Diseases and Their Prevention	"[Answer] There are issues with both the answer and explanation for this question. Typhoid is a digestive tract infectious disease, mumps is a respiratory tract infectious disease, schistosomiasis is a surface infectious disease, and tetanus is a surface infectious disease. The correct answer should be ABC. The explanation for option B is incorrect, and the explanation for option D is also incorrect.

A. Typhoid is a digestive tract infectious disease, A is paired incorrectly.
B. Epidemic mumps is a respiratory tract infectious disease, B is paired incorrectly.
C. Schistosomiasis is a surface infectious disease, C is paired incorrectly.
D. Tetanus is a surface infectious disease, D is paired correctly.

Therefore, the answer is: ABC

[Analysis] The types of infectious diseases are shown in the table below:

| Type of Infectious Disease | Original Parasite Site of Pathogen | Main Transmission Method | Season of Onset | Common Cases |
|----------------------------"	2017	middle	medium
5491	"Open your photo album and you will find that you are much taller now than you were as a child. The reason for this is ( )  
A. The result of cell division  
B. The result of cell differentiation  
C. The result of cell mutation  
D. The result of cell growth"	multiple_answer_choice	A,D	The reason organisms grow from small to large	"Answer: Explanation: During cell division, the nucleus first divides into two, and then the cytoplasm divides into two parts, each containing one nucleus. Finally, a new cell membrane forms in the center of the original cell, and plant cells also form a cell wall. In this way, one cell divides into two cells. Therefore, cell division increases the number of cells. 

The volume of newly divided cells is very small and requires constant absorption of nutrients from the surrounding environment, transforming them into its own substances, gradually increasing in size. This is cell growth.

Therefore, the reason you are much taller now compared to when you were a child is mainly due to cell division and cell growth.

Thus, the answer is: AD.

Analysis: (1) The volume of newly divided cells is very small and requires constant absorption of nutrients from the surrounding environment, transforming them into its own substances, gradually increasing in size. This is cell growth. Cells cannot grow indefinitely; they will divide once they reach"	others	middle	medium
6653	"The following examples are influenced by light ( ):
A. Artificial cultivation of Panax notoginseng requires shading with a canopy
B. Snowshoe hare turns white at the end of autumn
C. Moth insects prefer to be active at night
D. Citrus is not suitable for planting in the north"	multiple_answer_choice	A, B, C	The impact of abiotic factors on organisms	"Answer: A. Artificial cultivation of Panax notoginseng requires shading to avoid light and reduce transpiration, so A fits the question's intent.  
B. Snowshoe hares in the winter change to white fur to adapt to the snowy environment, which is related to light, so B fits the question's intent.  
C. Moths prefer nocturnal activities as an adaptation to changes in light, so C fits the question's intent.  
D. Citrus is not suitable for planting in the north because of the low temperatures there, which does not fit the question's intent.  
Therefore, the answer is: ABC  

Analysis: Various factors in the environment that affect living organisms are called ecological factors, divided into abiotic and biotic factors. Abiotic factors include light, temperature, water, air, soil, etc.; biotic factors refer to all other organisms in the environment that affect the life of a particular organism. Every organism in nature is influenced by the other organisms around it"	2017	middle	medium
5048	"The following food preservation methods and their corresponding biological principles are incorrectly matched (     ):

Option | Method                | Biological Principle
A      | Pasteurization        | High-temperature sterilization
B      | Refrigeration         | Low-temperature kills bacteria and fungi
C      | Canning               | High-temperature sterilization and prevention of contact with bacteria and fungi
D      | Dehydration, Pickling | Destruction of the aerobic bacteria living environment

A. A B. B C. C D. D"	multiple_answer_choice	B, D	The main causes of food spoilage###Common Methods of Food Preservation	"Answer: A. Pasteurization involves killing bacteria, fungi, and other microorganisms through high temperatures to preserve food, which is correct;
B. Refrigeration slows down the growth and reproduction of microorganisms in a low-temperature environment but does not kill them. Microorganisms require suitable temperatures for growth, which is incorrect; 
C. Canning works by sterilizing with high heat and isolating air, inhibiting the reproduction and growth of bacteria and fungi, which is correct;
D. Dehydration and pickling remove moisture from food, inhibiting the growth and reproduction of bacteria and fungi to extend shelf life. Therefore, the principle is not about destroying the aerobic environment, which is incorrect.
Therefore, the correct answers are B and D.

Analysis: Food spoilage is caused by the growth and massive reproduction of microorganisms. To prevent spoilage, food preservation aims to kill or inhibit microorganism growth and reproduction. Traditional preservation methods include salting, sugaring, drying, and alcohol soaking. Modern"	2017	middle	medium
2077	"The reproductive period of plants includes (   )
A. The process of formation and maturation of reproductive cells B. The process of fertilization of reproductive cells
C. The process of growth of a new individual D. The process of generation of a new individual"	multiple_answer_choice	A, B, D	Sexual reproduction of plants	"[Answer] Reproduction includes the formation of reproductive cells and individual development, which is the entire process of producing offspring. Therefore, the reproductive period of an organism includes the beginning of reproductive cell formation, the maturation process, the fertilization process, and the production of a new individual.
The answer is: ABD
[Analysis] Reproduction refers to the process by which organisms produce offspring and propagate the species, a universal life phenomenon in the biological world. It is divided into sexual reproduction and asexual reproduction.  
1. *Sexual reproduction* refers to the reproductive method where sexual cells (gametes) produced by the parent, through the combination of *sexual* reproductive cells (such as sperm and egg cells), become a fertilized egg, which then develops into a new individual. This is called *sexual reproduction*.  
2. *Asexual reproduction* is a type of reproductive method where new individuals are produced directly by the mother without the combination of *sexual* reproductive cells. It can"	2017	middle	medium
8623	"A student conducted the ""Starch Production in Leaves Under Light"" experiment following these steps, and found that all parts of the leaf turned blue. Please diagnose which step was improperly performed: ① Placing the experimental plant in the dark for a whole day and night; ② Covering part of the upper surface of the selected leaf with opaque black paper; ③ Moving the plant to light exposure for three hours; ④ Cutting the leaf and placing it in alcohol, then heating it in a water bath; ⑤ Rinsing the leaf with water and then applying iodine solution.  
A. ① B. ② C. ③ D. ④"	multiple_answer_choice	B, D	Green plants are the producers of organic matter in the biosphere.###Experiments related to the discovery of photosynthesis	"Answer: 

Explanation: 

A. First, place the experimental plants in darkness for a day and night to allow the existing starch in the leaves to be depleted, preventing interference from pre-existing starch in the experiment.

B. Use opaque black paper to cover a part of the upper surface of the selected leaf. Since the covered part can still receive light from the lower surface, it is necessary to cover one part of the leaf from both upper and lower surfaces with black paper.

C. Move the plant under light for three hours to allow the uncovered part to perform photosynthesis.

D. Cut the leaf, remove the opaque black paper, then place it in alcohol to be heated in a water bath. Do not just cut the leaf and place it in alcohol for water bath heating.

Therefore, improper operation stems from ""B. Using opaque black paper to cover part of the upper surface of the selected leaf"" and ""D. Cutting the leaf and placing it in alcohol for water bath heating.""

Thus,"	others	middle	medium
1943	"Nearsightedness is due to (　　)
A. The front-to-back length of the eyeball is too long B. The front-to-back length of the eyeball is too short
C. The curvature of the lens is too large D. The elasticity of the lens is low"	multiple_answer_choice	A, C	Nearsightedness, farsightedness	"[Answer] Prolonged close-range activities, such as reading, writing, watching TV, playing video games, or dim lighting, cause prolonged eye strain, forward head tilting, continuous congestion in the eyeball, increased intraocular pressure, and tension in the external ocular muscles that compress the eye, leading to sustained contraction of the ciliary body. The excessive accommodative burden results in the lens becoming excessively convex and unable to restore its original shape. Additionally, the pulling of vortex veins during accommodation impedes blood flow, weakening the resistance of the sclera. In severe cases, the anteroposterior diameter of the eyeball becomes too long, causing light from distant objects to be focused in front of the retina, making it difficult to see distant objects clearly, resulting in myopia. It requires correction with concave lenses. 

Thus, the answer is: AC.

[Analysis] Myopia occurs when the lens's converging ability is enhanced, causing the image to form in front"	2023	middle	medium
6940	"The correct statements about plant stems are as follows (     )  
A. The vessel is the channel for transporting water and inorganic salts.  
B. In the ""conductive function of the stem"" experiment, the pith is dyed red.  
C. A young tree dies after its bark is gnawed by cattle and sheep because the vessels in the bark are damaged and cannot transport organic matter.  
D. In addition to conduction and support, the stem also has storage and reproductive functions."	multiple_answer_choice	A,D	Structure of the stem###The duct and its transport of water and inorganic salts###Sieve tubes and their transportation of organic substances	nan	2024	middle	medium
6882	"Among the following plants, which can produce seeds?  
A. Cathaya  
B. Cabbage  
C. Spirogyra  
D. Kelp"	multiple_answer_choice	A, B	Gymnosperms###Angiosperms	"Answer: Seed plants include both angiosperms and gymnosperms, which can produce seeds and reproduce via seeds. They are considered the most advanced group within the plant kingdom. Gymnosperms have exposed seeds without an outer fruit layer, while angiosperms have seeds covered by a fruit layer, allowing them to form fruit. Gymnosperms include species like the silver fir, whereas angiosperms include plants like Chinese cabbage, and both can produce seeds. On the other hand, species like Spirogyra and kelp are spore plants and cannot produce seeds. Therefore, the answer is AB.

Analysis: Seed plants can produce seeds and reproduce via seeds, including gymnosperms and angiosperms, which is the basis for this solution."	2015	middle	medium
5575	"During the National Day holiday, Xiao Ming went to the countryside for a trip and saw many local dishes during meals. Which of the following ingredients are classified as nutritional organs?  
A. Lettuce B. Cucumber C. Potato D. Tomato"	multiple_answer_choice	A, C	The concept of organs and systems	nan	2024	middle	medium
8703	"Environmental pollution has become a major threat to human society. With the development of industrialization, air pollution has become increasingly severe. Among them, solid particulate matter PM2.5 is the main factor causing smog. The respiratory tract has almost no purifying effect on it, allowing it to directly enter the lungs and cause significant harm to the human body. The following statement is incorrect (     )
A. The fundamental measure to reduce smog and improve air quality is large-scale afforestation.
B. Smog can harm multiple systems and organs such as the respiratory and circulatory systems.
C. The respiratory tract can completely purify inhaled air.
D. The pathway for PM2.5 entering the human body is from the outside → nasal cavity → pharynx → trachea → bronchi → lungs."	multiple_answer_choice	A, C	The function of the respiratory tract###Environmental Pollution and Its Control###Protect the ecological environment	nan	2024	middle	medium
2083	"The following statements about animal movement are correct ( ):
A. Fish mainly rely on the coordination of body undulation and fins to swim.
B. Earthworms move by coordinating muscles and bristles.
C. Locusts move using six pairs of legs on their thorax and two pairs of wings on their abdomen.
D. Birds have well-developed chest muscles attached to a developed sternum, providing power for wing flapping."	multiple_answer_choice	A, B	Methods of animal locomotion	"Answer: A. Fish live in water and mainly rely on the coordination of body movements and fins to swim, A is correct; B. Earthworms move by the alternating contraction and relaxation of longitudinal and circular muscles, as well as the cooperation of bristles on their body surface. B is correct; C. Locusts have developed locomotive organs with three pairs of legs and two pairs of wings, C is incorrect; D. The ends of a bird's chest muscles are not all attached to the sternum because if both ends of a muscle are attached to the same bone, it cannot cause the bone to move through a joint. D is incorrect. Therefore, the answer is AB.

Analysis: Different animals have different locomotive organs and methods. Fish swim using fins, earthworms crawl using muscles and bristles, locusts move with three pairs of legs and two pairs of wings, and birds fly using wings."	others	middle	medium
337	"The experiment ""measuring the energy in a certain food"" should include replicates. The following statement about the understanding of setting replicates is incorrect (   ).
A. The same experiment should be conducted under equal conditions.
B. If a certain data point deviates too much from others, it should be discarded.
C. The experimental result should take the maximum value from each replicate.
D. Setting replicates is to avoid random factors and reduce errors."	multiple_answer_choice	B, C	Supply of human energy	[Answer] A. In scientific inquiry, when designing an experimental plan, there should only be one variable to ensure that the experimental result is caused by the specific variable identified, with other factors remaining in the same ideal state. The same experiment should be conducted under conditions where only the variable differs. A is correct. B. If a data point deviates significantly from others, it should be recorded truthfully and not discarded. B is incorrect. C. In scientific experiments, to minimize errors in obtaining experimental data, repeat groups are often set up. The data from scientific experiments should be an average calculated from these repeat groups. To improve the accuracy of the experiment, one should consider having a sufficient quantity of experimental materials or increasing the number of repetitions. C is incorrect. D. Experiments should strictly control the experimental conditions, attempting to eliminate randomness through repeated experiments or by using a sufficient quantity of experimental materials and taking an average. This enhances the accuracy of the experiment. Therefore, the experiment should be	others	middle	medium
5483	"The following statements about the respiratory system are incorrect (      ):
A. The respiratory tract includes the oral cavity, pharynx, esophagus, stomach, small intestine, large intestine, anus
B. Asthma is a disease caused by bronchial infection or allergy
C. The lungs are the main organs of the respiratory system
D. Moderate smoking in adolescents is beneficial to health because the respiratory tract can process inhaled gases"	multiple_answer_choice	A, D	The function of the respiratory tract###Composition of the Respiratory System	nan	2023	middle	medium
2072	"Smog weather can increase the formation of phlegm, and the parts of the respiratory tract where phlegm is formed are (   )
A. Nose B. Pharynx C. Trachea D. Bronchi"	multiple_answer_choice	C, D	The impact of air quality on human health	[Explanation] Solution: There are cilia in the trachea and bronchi that continuously move upward to push dust and bacteria, as well as the mucus they secrete, to the throat where they can be expelled through coughing, forming phlegm. Therefore, the answer is: CD. [Analysis] Phlegm is generated in the trachea and bronchi. Answer based on this information.	2015	middle	medium
3827	"The following are human endocrine glands (　　)
A. Salivary gland B. Thyroid gland C. Pancreatic islets D. Liver"	multiple_answer_choice	B, C	Exocrine glands and endocrine glands	nan	2024	middle	easy
6262	"Referred to as ""living fossil,"" it is a native Chinese animal: A. Giant Panda B. Chinese Alligator C. Brown Eared Pheasant D. Baiji Dolphin"	multiple_answer_choice	A, B, D	Rare animals of our country	"Answer:
A, The giant panda is a native animal of China, recognized globally as a natural heritage and a living fossil. It falls under the category of native animals, so A fits the criteria.

B, The Chinese alligator is both ancient and currently very rare, a reptile on the brink of extinction in the world. Many characteristics of early dinosaur-like reptiles can still be found in the Chinese alligator, which is why people refer to it as a ""living fossil"" from the Mesozoic era, so B fits the criteria.

C, The brown-eared pheasant is a native animal of China but not a living fossil, so C does not fit the criteria.

D, The baiji dolphin exhibits ancient traits dating back over 20 million years. Modern organisms retaining ancient traits are called living fossils, and the baiji is such a living fossil. It is a native animal of China, thus D fits the criteria.

Therefore, the answers are: A, B, D"	others	middle	easy
5574	"Incorrect statements about viruses are:  
A. Viruses are only composed of DNA  
B. The control center of viral activity is the cell nucleus  
C. All viruses are harmful to humans  
D. Viruses can be divided into animal viruses, plant viruses, and bacterial viruses"	multiple_answer_choice	A, B, C	Types of viruses###Structure and replication method of the virus###The role of viruses in nature and their relationship with human life	"Answer: A. Viruses are the simplest organisms without cellular structures. A complete virus particle includes a protein coat and internal genomic DNA or RNA (for some viruses' exterior), which fits the context.  
B. The cell nucleus is the control center of cellular activities, where chromosomes containing genes control traits, whereas viruses lack a nucleus, fitting the context.  
C. Some viruses are harmful to humans, while others can treat diseases, such as the Pseudomonas aeruginosa bacteriophage (a bacterial virus) that can treat Pseudomonas aeruginosa infections. Animal viruses can be used to control agricultural pests, and attenuated or inactivated viruses can be used to develop vaccines for disease prevention, also fitting the context.  
D. Viruses can be categorized into plant viruses, animal viruses, and bacterial viruses based on their hosts. This does not fit the context.  
Therefore, the answer is: ABC.  

Analysis: Viruses are unique organisms without cellular structures."	2018	middle	medium
8458	"Xiao Zhang really likes to drink yogurt, and he noticed various types of bacteria on the ingredients list of the yogurt packaging, such as Streptococcus thermophilus, Lactobacillus bulgaricus, and Bifidobacterium. The following statement is incorrect:
A. These bacteria can also be used to make wine.
B. Yogurt swelling is caused by lactic acid bacteria performing anaerobic respiration to produce gas.
C. These bacteria can resist adverse environments in the form of spores.
D. These bacteria have different shapes and are all single-celled."	multiple_answer_choice	A, B, C	Bacterial reproduction###The relationship between bacteria and humans###Morphology and structure of bacteria	[Solution] A. Brewing requires yeast, which ferments and breaks down glucose to produce alcohol under anaerobic conditions. Statement A is incorrect. B. Yogurt contains microorganisms such as lactic acid bacteria and yeast. Even if the yogurt package is well-sealed, under anaerobic conditions, yeast can ferment and break down glucose to produce alcohol and carbon dioxide, causing the package to expand. Statement B is incorrect. C. Bacteria can produce spores to resist adverse environments. Statement C is incorrect. D. Thermophilic streptococci, Lactobacillus bulgaricus, and bifidobacteria are all bacteria and are unicellular organisms. Statement D is correct. Therefore, the answer is: ABC. [Analysis] This question examines bacterial morphology, structure, and its relationship with humans. It is a fundamental question of moderate difficulty. Remember: (1) Bacteria are all unicellular organisms. A single bacterium is one cell with spherical, rod, and spiral shapes	2024	middle	medium
5485	"Protecting the eyes and ears is beneficial for adolescents to accurately acquire information. The following statements regarding the eyes or ears are incorrect (    )
A. The lens is equivalent to the camera's lens.
B. Adjusting the curvature of the cornea allows one to see objects at varying distances clearly.
C. The auditory receptors are located in the outer ear canal.
D. Inflammation in the nasopharynx can cause otitis media."	multiple_answer_choice	B, C	The formation of vision###Nearsightedness, farsightedness###Structure and Function of the Ear###Ear hygiene and care	【Answer】 A. In the structure of the eye, the lens is transparent and elastic, similar to the lens of a camera, A is correct. B. Adjusting the curvature of the lens allows for clear vision of objects at varying distances, B is incorrect. C. Human auditory receptors are located in the cochlea, which contains auditory receptors that can generate nerve impulses in response to vibrations, C is incorrect. D. One end of the Eustachian tube connects to the tympanic cavity, and the other end connects to the pharynx, thus bacteria from the nasopharynx can enter the middle ear through the Eustachian tube and cause middle ear infections, D is correct. Therefore, the correct options are: B, C. 【Analysis】 The structure of the eyeball is:	others	middle	medium
6658	"The correct statement about microorganisms is (      )
A. The ""fuzz"" growing on fruit is actually viruses.
B. Bacteria and fungi can be roughly distinguished by the appearance of their colonies.
C. The structure of viruses is relatively simple, they cannot live independently and must parasitize in living cells.
D. Salted fish and meat do not spoil easily because the high salt content inhibits bacterial growth."	multiple_answer_choice	B, C, D	Differences between bacterial colonies and fungal colonies.###The distribution of bacteria and fungi###Structure and replication method of the virus###Common Methods of Food Preservation	"Answer: 
A. The ""fuzz"" growing on fruit is actually mold, not a virus, which does not fit the question.
B. Bacteria and fungi can be roughly distinguished by the shape, size, and color of colonies, which fits the question.
C. Viruses have a relatively simple structure, lack cellular structure, cannot live independently, and must parasitize living cells, which fits the question.
D. Cured meat is placed in a dry, ventilated environment. The curing method, using excessive salt to draw out moisture and increase osmotic pressure, inhibits the growth and reproduction of microorganisms, which fits the question.
Therefore, the answer is: BCD.

Analysis of bacteria, fungi, and viruses:
\begin{longtable}[]{@{}
  >{\raggedright\arraybackslash}p{(\linewidth - 6\tabcolsep) * \real{0.0819}}
  >{\raggedright\arraybackslash}p"	2021	middle	medium
6948	"The following statements about blood donation and transfusion are incorrect ( ):
A. A patient with type B blood in urgent need of transfusion can receive a large amount of type O blood quickly.
B. It is encouraged for healthy citizens aged 18-55 to donate blood voluntarily.
C. The principle of blood transfusion is to use the same blood type.
D. Losing 800-1200 milliliters of blood poses a life-threatening danger."	multiple_answer_choice	A,D	Blood volume and transfusion###Blood Type and Blood Transfusion###Principles of Safe Blood Transfusion	nan	2023	middle	medium
8455	"Among the following organisms, which can produce antibiotics?  
A. Penicillium  
B. Aspergillus  
C. Yeast  
D. Diplococcus pneumoniae"	multiple_answer_choice	A, B	The role of bacteria and fungi in nature	"Some fungi can cause various diseases, while others can produce substances that kill certain pathogenic bacteria. These substances are called antibiotics, which can be used to treat corresponding diseases.

A. Penicillin is a famous antibiotic produced by the fungus Penicillium and can treat various bacterial diseases. A is correct.  
B. Aspergillus is a type of fungus. Aflatoxins are a group of chemically similar products metabolized by Aspergillus and parasitic fungi growing on food and feed. Aspergillus can also produce antibiotics. B is correct.  
C. Yeast is a fungus used in the production of fermented foods but cannot produce antibiotics. C is incorrect.  
D. Streptococcus pneumoniae is a bacterium and cannot produce antibiotics. D is incorrect.

Therefore, the correct options are A and B.

Analysis: Antibiotics are substances produced by fungi that can kill bacteria. Analyze and solve accordingly."	2016	middle	medium
1939	"In the experimental and exploratory activities in the table below, the related operation or precautions correspond incorrectly with the intended purpose in which of the following options?  
A. A B. B C. C D. D"	multiple_answer_choice	B, D	Observe the blood flow in the small fish's tail fin.###Experiment on the Substrates and Products of Respiration###Observing Paramecium and Investigating Its Taxis###Investigation of the Effects of Alcohol or Tobacco Extracts on the Heart Rate of Daphnia	nan	2023	middle	medium
329	"An interest group conducting the experiment ""Exploring Saliva's Effect on Starch Digestion"" designed the following two sets of experiments. There are two unreasonable elements in these experiments; the correct improvements are as follows:

A. Change the amount of water in Test Tube ② to 2mL
B. Adjust the water bath temperature to around 37°C for both
C. Replace water in Test Tube ② with saliva
D. Replace the starch solution in Test Tube ① with water"	multiple_answer_choice	A, B	Exploring digestion occurring in the oral cavity	nan	2023	middle	medium
6947	"Regarding the description of bacteria, fungi, and viruses, the incorrect statement is (   )
A. All fungi are multicellular and do not contain chlorophyll in their cells.
B. Bacteria do not have a nucleus, fungi do not have a cell wall, and their genetic material is DNA.
C. By reasonably utilizing certain bacteria, fungi, and viruses in nature, we can benefit humanity.
D. In developing the COVID-19 vaccine, Chinese scientists used live chicken embryo cells to culture attenuated COVID-19 virus."	multiple_answer_choice	A, B	Morphology and Nutritional Modes of Bacteria###Morphological structure and nutritional modes of fungi###Virus replication method	nan	2024	middle	medium
