index	question	category	answer	knowledge	analysis	year	grade_level	difficulty_level
1365	"Metals and metal products are closely related to our lives. Iron, copper, silver, and their alloys are widely used.

(1) The black solid formed by the element with the highest content among the three elements mentioned above and the non-metal element with the highest content in the Earth's crust is ( ) (chemical formula).

(2) To verify the reactivity order of the three elements mentioned above, one metal and two common solutions can be used. This metal is ( ).

(3) Many metals and metal products are consumed due to corrosion. The reason for steel rusting is ( )."	fill_in_the_blank	\( Fe_{3}O_{4} \); Copper; Steel and iron simultaneously contact oxygen and water vapor in the air.	Conditions for Metal Corrosion and Its Prevention###Writing and Meaning of Chemical Formulas###The distribution and content of elements in the Earth's crust###Exploration of Metal Reactivity	nan	2022	middle	medium
2594	"The production and daily life contain rich chemical knowledge.

(1) The principle of immediately closing the valve to extinguish a fire when a gas cylinder catches fire is ( ).  
(2) The reason that documents and archives written in ink do not fade over time is that carbon's chemical properties at normal temperature are ( ).  
(3) The ( ) (chemical formula) produced by burning untreated coal is released into the air and can cause acid rain.  
(4) In 2021, a large number of bronzes with a ""green substance shield"" on the surface were unearthed from the Sanxingdui site. Researchers heated the ""green substance"" in isolation from air and found it decomposed into copper oxide, water, and carbon dioxide, concluding that the elements comprising the ""green substance"" are ( ) (element symbols).  
(5) Please write the chemical equation for natural gas combustion ( )."	fill_in_the_blank	Isolate combustibles; Stabilize; SO₂; Cu, C, H, O; CH₄ + 2O₂ → CO₂ + 2H₂O	Law of Conservation of Mass and its Applications###Chemical properties of carbon###Complete combustion and incomplete combustion###Principles and Methods of Fire Extinguishing	nan	2022	middle	medium
74	"Chemistry originates from life, and life contains abundant chemical knowledge. Please use your chemistry knowledge to help Chen Chen solve her doubts.

(1) In the early morning, Chen Chen wore a KN95 medical mask and went out. This mask can prevent viruses from being inhaled into the nasal cavity, which serves the same function as ( ) in a chemical experiment.

(2) After lunch, Chen Chen used detergent to clean the grease off her lunchbox because detergent has the ( ) function.

(3) During the afternoon chemistry class, Chen Chen saw the teacher open a bottle of soda, and the soda sprayed out automatically because of ( ).

(4) From the textbook, Chen Chen learned that aluminum has good corrosion resistance because ( ) (expressed with a chemical equation).

(5) Accompanied by the sunset, Chen Chen returned home where her mother prepared a sumptuous dinner, including pan-fried ( ), and proteins."	fill_in_the_blank	Filtration; emulsification; pressure decreases, solubility of gas decreases; \(4Al + 3O_{2} = 2Al_{2}O_{3}\); fats	Emulsification Phenomenon and Emulsification Action###Factors affecting solubility###Chemical properties of metals###Life Activities and the Six Major Nutrients	nan	2024	middle	medium
2100	"Currently, there are eight substances: hydrogen, white phosphorus, hydrogen peroxide solution, oxygen, iron oxide, manganese dioxide, magnesium chloride solution, and silver nitrate solution. Please select the appropriate substances to write chemical equations as required (each substance can only be selected once).

(1) Combination reaction: ( );  
(2) Decomposition reaction: ( );  
(3) Displacement reaction: ( );  
(4) Double displacement reaction: ( )."	fill_in_the_blank	(1) \(4P + 5O_{2} \rightarrow 2P_{2}O_{5}\);  (2) \(2H_{2}O_{2} \xrightarrow{MnO_{2}} 2H_{2}O + O_{2} \uparrow\);  (3) \(3H_{2} + Fe_{2}O_{3} \xrightarrow{\Delta} 2Fe + 3H_{2}O\);  (4) \(MgCl_{2} + 2AgNO_{3} \rightarrow 2AgCl \downarrow + Mg(NO_{3})_{2}\)	Double displacement reaction and its application###Decomposition Reaction and Its Applications###Combination Reactions and Their Applications###Displacement reaction and its applications	nan	2023	middle	medium
5877	"On May 10, 2023, China's major national scientific infrastructure, the High Altitude Cosmic Ray Observatory ""LHAASO,"" successfully passed the national acceptance test. ""LHAASO"" aims to explore the origin of cosmic rays and unravel more cosmic mysteries through their observation. Please use the knowledge you have learned to answer questions 11 to 14.

(1) Cosmic rays are high-energy particles from outer space, mainly composed of atomic nuclei of various elements such as hydrogen, helium, and iron, along with a small amount of positrons and electrons. They are currently the only material samples humans can obtain from deep space. The two elements present in cosmic rays are ( ) (write chemical symbols). The fundamental difference between these elements is ( ) different. The fact that the ""LHAASO"" array of detectors can capture these particles indicates that these particles have the characteristic of ( ).

(2) The Water Cherenkov Detectors are surrounded by materials such as ( ) and ( ) to prevent background noise. 

(3) One of the major components of cosmic ray air showers is nitrogen, found as ( ) in the atmosphere, which makes up approximately ( ) of the Earth's atmosphere.

(4) To construct the structure that houses the detectors, materials like ( ) are used. An example of a chemical reaction utilized in the construction process is ( )."	fill_in_the_blank	H, He; proton number; in constant motion; activated carbon; soapy water; N₂; 78%; steel; Fe + CuSO₄ = FeSO₄ + Cu	Hard water and soft water###Alloys and Their Properties###Chemical properties of metals###The concept of an element	nan	2023	middle	medium
462	"Please use the learned content to explain the following phenomena.
(1) After burning in the air, paper turns into ash, and the mass of the ash is ( ) than the mass of the paper because ( ).
(2) When sealed food is taken from the plains to a plateau, the packaging bag inflates because ( )."	fill_in_the_blank	(1) less; carbon dioxide gas and water vapor are produced and dissipate into the air  (2) the smaller the pressure, the larger the distance between molecules	Definition of Molecules and Characteristics of Molecules###Law of Conservation of Mass and its Applications	nan	2024	middle	medium
918	"The following four substances are given: A. Oxygen, B. Nitrogen, C. Rare Gases, D. Carbon Dioxide, E. Ozone (fill in the blanks using the letter codes)

(1) The mixture is \ul{    }.
(2) Used for rescuing critically ill patients is \ul{    }.
(3) Can be used for electric light sources is \ul{    }.
(4) The gas with the highest volume fraction in the air is \ul{    }.
(5) Is an air pollutant \ul{    }."	fill_in_the_blank	"(1) C  
(2) A  
(3) C  
(4) B  
(5) E"	Air Pollution and Prevention###Uses of Oxygen###Uses of Nitrogen and Rare Gases###Pure substances and mixtures	"Answer: (1) Rare gases contain various substances such as helium and neon, which are mixtures, so fill in: C.  
(2) Oxygen can support breathing and be used to rescue critically ill patients, so fill in: A.  
(3) Rare gases can emit different colors of light when electrified and be used in electric light sources, so fill in: C.  
(4) The gas with the highest volume fraction in air is nitrogen, so fill in: B.  
(5) Ozone is an air pollutant, so fill in: E.  
Analysis:  
(1) Analyze based on the fact that rare gases contain various substances such as helium and neon, combined with the concept of mixtures.  
(2) Analyze based on the fact that oxygen can support breathing.  
(3) Analyze based on the fact that rare gases can emit different colors of light when electrified.  
(4) Analyze based on the fact that the gas with the"	2024	middle	medium
1563	"Chemistry is all around us. Please use the numbers of the substances below to fill in the blanks.
① Dry ice ② Nitrogen ③ Carbon monoxide ④ Copper sulfate ⑤ Hydrochloric acid ⑥ Sulfuric acid
(1) Can be used to create smoke effects on stage \_\_\_\_.
(2) The acid present in human gastric juice is \_\_\_\_.
(3) Used to prepare Bordeaux mixture is \_\_\_\_.
(4) Can be used as a protective gas for grain storage is \_\_\_\_.
(5) Commonly used in industrial iron smelting is \_\_\_\_."	fill_in_the_blank	"(1) ①
(2) ⑤
(3) ④
(4) ②
(5) ③"	Common characteristics and uses of alkalis###Uses of Common Salt###Differences and Applications of Chemical Properties and Physical Properties###Uses of Carbon Dioxide	"Answer:

(1) Dry ice is the solid form of carbon dioxide, which easily sublimates and has a cooling effect, and can be used to create smoke effects on stage, so fill in ①.

(2) The acid contained in human gastric juice is hydrochloric acid, which helps digest food, so fill in ⑤.

(3) The ingredients used to prepare Bordeaux mixture are copper sulfate, calcium oxide, and water, so fill in ④.

(4) Nitrogen is chemically very stable and does not easily react with other substances at room temperature, allowing it to be used as a protective gas, such as for grain storage, so fill in ②.

(5) Carbon monoxide has a reducing property, allowing it to take oxygen from metal oxides, and is commonly used in industrial iron smelting, so fill in ③. 

Analysis:

(1) Based on the fact that dry ice is the solid form of carbon dioxide, which easily sublimates and absorbs"	2024	middle	medium
2546	"Chemistry is everywhere in production and daily life, closely related to both.

(1) The element that emits different colored lights when electrified in neon lights is ( ) from the air.  
(2) Nitrogen is filled into food packaging for preservation, utilizing the chemical property of ( ).  
(3) Stirring hot sugar water with chopsticks at home can accelerate heat dissipation, similar to the function of ( ) in a chemistry experiment.  
(4) Potato chips left out after opening the packaging become less crispy, indicating the presence of ( ) in the air.  
(5) Consuming ""iodized salt"" can prevent thyroid enlargement, where the ""iodine"" refers to ( ).  
(6) The industrial method for producing oxygen relies on the difference in the ( ) of nitrogen and oxygen."	fill_in_the_blank	Rare gas; Inert; Glass rod; Water vapor; Element; Boiling point	Common Laboratory Instruments and Their Uses###Composition of Air###Industrial production of oxygen###Elemental composition of matter	Answer: (1) Rare gases emit differently colored light under electric current and are used to fill neon lights. (2) Nitrogen gas is chemically stable, inert, and non-toxic, and can be used in food packaging for preservation. (3) The instrument commonly used for stirring in laboratories is a glass rod. (4) Air contains water vapor, and potato chips have a loose, porous structure that can absorb moisture, thus they become less crispy after the package is opened and left for a while. (5) Macroscopically, substances are composed of elements; the iodine in iodized salt emphasizes the element composing the substance, rather than specific substances, molecules, or atoms. (6) The method for industrial oxygen production involves utilizing the different boiling points of nitrogen and oxygen, where nitrogen has a lower boiling point and is separated first, leaving the remaining liquid primarily composed of oxygen. Analysis: (1) Based on the emission of different colored lights by rare gases under electric current.	2024	middle	medium
3310	"At the opening ceremony of the 2023 19th Asian Games in Hangzhou, various aspects of the osmanthus flower were showcased, presenting an ""osmanthus feast"" to the audience. Osmanthus is the city flower of Hangzhou, the host city, and is considered the ""foremost among autumn flowers.""

Please answer the following questions:

(1) Osmanthus Cake: Osmanthus cake has a light and elegant flavor, is rich in calcium, phosphorus, iron, potassium, etc., and is easy to digest and absorb, nourishing and beneficial to the body. The ""calcium, phosphorus, iron, potassium"" here refers to ( ).

(2) Osmanthus Tea: Using spring water with few impurities to brew osmanthus tea can fully showcase the color, aroma, and flavor of the tea. Spring water contains small amounts of soluble calcium and magnesium compounds, therefore, spring water belongs to ( ).

(3) Osmanthus flowers tend to be associated with ( ).

(4) Spring water ( ) soft water."	fill_in_the_blank	elements; hard water; autumn; does not belong to	Hard water and soft water###The relationship between molecules, atoms, ions, elements, and substances###Combustion, explosion, slow oxidation, and spontaneous combustion###Identify oxides based on composition.	"Answer: 

(1) Substances are composed of elements. Osmanthus cake is fragrant and elegant, rich in calcium, phosphorus, iron, potassium, etc., easy to digest and absorb, and beneficial for replenishing energy. Here, ""calcium, phosphorus, iron, and potassium"" are not present in the form of molecules or atoms; their presence as elements is emphasized, regardless of specific forms.

(2) Hard water contains more soluble calcium and magnesium substances, while soft water contains little or no such substances. Since mountain spring water contains a small amount of soluble calcium and magnesium compounds, it is considered soft water.

(3) The oxidation reaction that occurs when starchy grains in a steamer are fermented with yeast is very slow and not easily noticeable, classified as slow oxidation, hence A is chosen.

(4) Methanol is a compound composed of three elements: carbon, hydrogen, and oxygen, and it is not classified as an oxide.

Analysis: 

(1) An"	2024	middle	medium
2844	"Please answer the following questions based on the given substances:
① Oxygen ② Distilled water ③ Fresh air ④ Copper sheet ⑤ Phosphorus pentoxide ⑥ Potassium permanganate ⑦ Tap water ⑧ Residual solid from heating a mixture of potassium chlorate and manganese dioxide to produce oxygen

(1) Those belonging to mixtures are \ul{　 　}.
(2) Those belonging to elements are \ul{　 　}.
(3) Those belonging to oxides are \ul{　 　}.
(4) Substances composed of molecules are \ul{　 　}.
(5) Substances directly composed of atoms are \ul{　 　}."	fill_in_the_blank	"(1) ③⑦⑧  
(2) ①④  
(3) ②⑤  
(4) ①②⑤  
(5) ④"	The particulate nature of matter###Elements and compounds###Pure substances and mixtures###Identify oxides based on composition.	"Answer: 
① Oxygen is a pure substance composed of one element, classified as a simple substance; 
② Distilled water is a pure substance composed of hydrogen and oxygen, is a compound, and is an oxide; 
③ Fresh air contains multiple substances such as nitrogen and oxygen, classified as a mixture; 
④ Copper is a pure substance composed of one element, classified as a simple substance; 
⑤ Diphosphorus pentoxide is a pure substance composed of phosphorus and oxygen, is a compound, and is an oxide; 
⑥ Potassium permanganate is a pure substance composed of potassium, manganese, and oxygen, is a compound; 
⑦ Tap water contains multiple substances such as water and soluble impurities, classified as a mixture; 
⑧ The solid remaining after heating a mixture of potassium chlorate and manganese dioxide to produce oxygen is a mixture composed of potassium chloride and manganese dioxide.

(1) Those classified as mixtures are ③⑦⑧.
(2"	2023	middle	medium
268	"Answer the questions:
(1) There is knowledge to be gained from observing all aspects of life. In the Tang poem ""Wind,"" there's a couplet: ""Over the river, waves rise a thousand feet; into the bamboo, a myriad of stalks incline."" This natural phenomenon observed by the poet proves the existence of \ul{ ______ }.
(2) To reduce pollution, natural gas is used to replace coal as fuel. The main component of natural gas is methane, and natural gas is classified as a \ul{ ""pure substance"" or ""mixture"" }. The combustion of natural gas in air produces carbon dioxide and water. Write the word equation for this reaction \ul{ ______ }.
(3) During the first quality assessment in ninth grade, students might feel a bit excited. You can take deep breaths to calm your nerves. The gas you exhale most abundantly is \ul{ ______ }.
(4) It is known that at standard pressure, the boiling"	fill_in_the_blank	"(1) Air  
(2) Mixture; \(Methane + Oxygen \overset{ignite}{\rightarrow} Carbon Dioxide + Water\)  
(3) Nitrogen  
(4) Extinguish; Physics"	Industrial production of oxygen###Characteristics and Identification of Physical Changes and Chemical Changes###Comparison between inhaled air and exhaled gases###Pure substances and mixtures	"Answer:
(1) ""A thousand feet of waves cross the river, ten thousand stalks of bamboo slant"" describes the presence of wind, and wind is formed by the movement of air, proving the existence of air.
(2) Natural gas contains methane and impurities, making it a mixture; 
Natural gas, or methane, burns to produce carbon dioxide and water. The word equation for the reaction is: \(methane + oxygen \overset{ignite}{\rightarrow} carbon dioxide + water\).
(3) The most abundant gas in the air is nitrogen. Therefore, the exhaled air contains a higher concentration of carbon dioxide and a lower concentration of oxygen, but the most abundant gas in the exhaled air is still nitrogen.
(4) Since nitrogen has a lower boiling point than oxygen, nitrogen will evaporate first. Nitrogen is non-flammable and does not support combustion, so the burning wood stick will extinguish;
No new substances are formed during the"	2023	middle	medium
5875	The method to test for oxygen is: insert \ul{    } into the gas to be tested, and the appearance of \ul{    } phenomenon proves it is oxygen. The method to test for carbon dioxide is: introduce the gas into \ul{    }, and the appearance of \ul{    } phenomenon proves it is carbon dioxide.	fill_in_the_blank	Wood strips with sparks; (sparked) wood strips reignite; clear limewater; clear limewater becomes cloudy.	Oxygen inspection and verification.###Inspection and Completion of Carbon Dioxide	nan	2022	middle	medium
4213	"Ancient texts contain rich knowledge of chemistry.

(1) ""The Exploitation of the Works of Nature: Making Salt"" records in detail the process of making salt using fire wells: ""In Western Sichuan, there are fire wells... They use long bamboo cut open to remove the joints, seam it with lacquer cloth, and insert one end into the bottom of the well. The top is curved to direct the brine into the pot, where the fire's heat boils the water. When the bamboo is opened and observed, there is not a trace of scorching."" Answer:  
① ""Boiling salt with well fire"" uses natural gas as the fuel. Natural gas is a ( ) energy source.  
② ""Seam the lacquer cloth"": The purpose is to ensure ( ) tightness, allowing the curved bamboo to channel the natural gas from the bottom of the well."	fill_in_the_blank	Non-renewable; airtightness	Law of Conservation of Mass and its Applications###Combustion and Conditions for Combustion###The Use and Conservation of Fossil Fuels###Pure substances and mixtures	nan	2023	middle	medium
3943	"Chemistry is closely related to life.

(A) Investigating Factors Affecting Solubility  
Xiaogang found the following facts in an experiment: ① Salt dissolves easily in water but not in vegetable oil; ② More sucrose dissolves in hot water than in the same amount of cold water.  
(1) These two facts indicate that the solubility of solid substances is related to the factor of ( ).

(B) Experiencing Traditional Salt-Making  
According to the ""Sichuan Salt Method Chronicles,"" the main steps of ""open-pan salt boiling"" are:  
Step 1: Mix yellow brine (containing barium chloride impurities) and black brine (containing magnesium sulfate impurities) in a certain ratio and filter;  
Step 2: Heat and concentrate the filtrate in an open pan to precipitate crude salt;  
Step 3: Wash the crude salt with ""flower water"" to obtain refined salt.

(2) The chemical reaction occurring in Step 1 is ( ) and involves ( ).  
(3) Step 2 is an example of ( ).  
(4) The correct process described here is represented by option ( ).  
(5) To test if impurities have been completely removed, the suggested experiment is ( ).  
(6) The number of main steps in ""open-pan salt boiling"" is ( )."	fill_in_the_blank	Type of solvent, temperature; \( {BaCl}_{2} + {MgSO}_{4}={BaSO}_{4} \downarrow + {MgCl}_{2} \); Double decomposition; Evaporation crystallization; B; Take a small amount of salt and dissolve it in water, add a small amount of sodium hydroxide solution dropwise; if no obvious phenomenon occurs, it indicates that the impurities have been completely removed; 3	Factors affecting the rate of dissolution###Mass fraction of solute and related calculations###Chemical properties of salt###Double displacement reaction and its application	nan	2023	middle	medium
466	"The Ten-Mile Peach Forest and the beautiful Yangshan. Complete the following tasks.

In March, the peach blossoms are in full bloom, their brilliance evident.

(1) The extensive peach forest significantly improves the air quality of Yangshan over surrounding towns. Which of the following is considered an air pollutant? ( )
a. \({CO}_{2}\) b. \({SO}_{2}\) c. \(N_{2}\)

(2) Peach trees store glucose \(C_{6}H_{12}O_{6}\) through photosynthesis in preparation for fruiting. Which of the following statements is correct? ( )
a. Glucose is composed of 6 carbon atoms, 12 hydrogen atoms, and 6 oxygen atoms.
b. The mass ratio of carbon, hydrogen, and oxygen in glucose is \(6:1:6\).
c. The mass fraction of carbon in glucose is \(40\%\)."	fill_in_the_blank	b; c	Air Pollution and Prevention###Definition of Molecules and Characteristics of Molecules###Characteristics and Identification of Physical Changes and Chemical Changes###Related calculations of chemical formulas	"Answer:
(1) Carbon dioxide and nitrogen do not belong to polluting gases. Air pollutants mainly include carbon monoxide, sulfur dioxide, nitrogen dioxide, etc., so the choice is b.
(2) a, One glucose molecule is composed of 6 carbon atoms, 12 hydrogen atoms, and 6 oxygen atoms, so this is incorrect;
b, The mass ratio of carbon, hydrogen, and oxygen elements in glucose is (12×6):(1×12):(16×6)=6:1:8, so this is incorrect;
c, The mass percentage of carbon in glucose is \(\frac{12 \times 6}{12 \times 6 + 1 \times 12 + 16 \times 6} \times 100\% = 40\%\), so this is correct.
Therefore, the answer is: c.
(3) Microscopic particles (including molecules, atoms, etc.) are always in constant motion, which is why we can"	2023	middle	medium
2209	"The ""West-East Gas Pipeline"" transports natural gas from the western regions to the eastern regions via pipelines, alleviating the problem of gas shortages in the eastern areas.
(1) Coal, natural gas, and \ul{_____}, are known as the three major fossil fuels.
(2) The threaded steel pipes used in the ""West-East Gas Pipeline"" are considered \ul{_____} materials.
(3) When natural gas is first supplied, nitrogen gas is used to fill the pipeline. The purpose is \ul{_____}.
(4) After coal is made into honeycomb coal, it burns more intensely because \ul{_____}."	fill_in_the_blank	"(1) Oil  
(2) Metal  
(3) Remove the air inside the tube to prevent impurities from igniting and causing an explosion  
(4) Increase the contact area between coal and oxygen"	Complete combustion and incomplete combustion###Combustion, explosion, slow oxidation, and spontaneous combustion###The Use and Conservation of Fossil Fuels	nan	2024	middle	medium
707	"Fill in the blanks using chemical terms.  
(1) Neon element ( );  
(2) 3 copper atoms ( );  
(3) Hydrogen molecule ( );  
(4) Anion in potassium permanganate ( );  
(5) Explain the meaning of the number ""2"" in ""H\textsubscript{2}O"" ( )."	fill_in_the_blank	Noble gas; Cu\textsubscript{3}; H\textsubscript{2}; MnO\textsubscript{4}\textsuperscript{-}; It represents the two hydrogen atoms in a water molecule.	Symbols of Elements and Their Meanings###Writing and Meaning of Chemical Formulas###The meaning of chemical symbols and their surrounding numbers.	nan	2023	middle	medium
710	"The fundamental concepts of chemistry are the synthesis and enhancement of basic chemical thoughts and methods in the mind. Based on the knowledge of water, they help you build a chemical perspective.

(1) From a societal perspective: The following actions align with the idea of ""saving and protecting water resources, vigorously building ecological civilization"":
A. Turn off the tap while brushing teeth B. Dump solid waste directly into rivers 
C. Use water from washing clothes to flush the toilet D. Use large amounts of pesticides and fertilizers in agriculture
The correct actions are ( ) and ( ).

(2) From a resource perspective:
① The ocean provides precious natural resources for humans. Distilled water obtained from desalinated seawater is a ( ) (choose ""mixture"" or ""pure substance"").
② Water in nature is often polluted by humans. Excessive nitrogen and phosphorus in pollutants can cause algae to overgrow and deteriorate water quality. Here, ""nitrogen and phosphorus"" refers to ( ).
A. Molecules B. Ions

The correct answers are:
(1) ( ) and ( )
(2) ( ); ( )"	fill_in_the_blank	A and C; pure substance; B	Hard water and soft water###Protect water resources###Writing and balancing chemical equations	nan	2024	middle	medium
3182	"Chemistry is all around us. Please use your chemistry knowledge to answer the following questions.  

(1) There are three substances: A. Sodium Bicarbonate B. Dry Ice C. Starch. Choose the appropriate substance to fill in the blanks (fill in the letter).

① The substance that can be used for artificial rainfall is ( )  
② The substance used to treat excessive stomach acid is ( )  
③ The main component of foods like flour and potatoes is ( )

(2) Technological development is filled with chemical knowledge.

① The successful test flight of the large passenger aircraft C919, independently developed by China, marks another step forward in China's dream of becoming a major aviation power. The aircraft uses chemical materials such as fiberglass, titanium alloy, and synthetic rubber. Among them, the synthetic organic polymer material is ( )  
② Titanium (Ti) is an important material in the development of satellites, rockets, and spacecraft. ( )"	fill_in_the_blank	B; A; C; Synthetic rubber; Ti	Uses of Common Salt###The Use of Synthetic Materials and Their Impact on Humans and the Environment###Life Activities and the Six Major Nutrients###Writing and balancing chemical equations	nan	2023	middle	medium
2201	"President Xi Jinping announced at the 75th United Nations General Assembly: China will strive to reach peak carbon emissions by 2030 and achieve carbon neutrality by 2060. 

(1) The \_\_\_\_ gas produced by the complete combustion of fossil fuels leads to an enhanced greenhouse effect and global climate warming.

(2) Adhering to the principle of ""low-carbon living, protecting the environment starts with me,"" the following practice aligns with this concept (fill in the number).

A. Using shared bicycles for travel  
B. Open-air burning of straw  
C. Disposing of waste without sorting"	fill_in_the_blank	"(1) Carbon dioxide  
(2) A"	The impact of carbon dioxide on the environment###The use of common fuels and their impact on the environment	"Answer: 
(1) The complete combustion of fossil fuels produces carbon dioxide, which enhances the greenhouse effect and contributes to global warming.
(2) A. Using shared bicycles for travel reduces pollution caused by driving private cars, is considered green travel and low-carbon living, helps protect the environment, and meets the requirements;
B. Open burning of straw produces pollutants and pollutes the air, which is not conducive to environmental protection and does not meet the requirements;
C. Not classifying and directly disposing of garbage causes environmental pollution and also results in resource waste, which does not meet the requirements.
Therefore, the answer is: A.

Analysis: According to the excessive carbon dioxide causing the greenhouse effect, measures to prevent environmental pollution include low-carbon travel, reducing fossil fuel combustion, using clean energy, and afforestation.
(1) The complete combustion of fossil fuels produces carbon dioxide, which enhances the greenhouse effect and results in global warming;
(2) A. Using shared bicycles for travel reduces pollution caused"	others	middle	medium
1559	"Cut a small piece of a certain metal with a knife and place it into a beaker filled with water. It is observed that the metal reacts violently with water, releases heat, and the metal itself melts into silver-white balls floating on the water surface. Based on the above phenomenon, the physical properties of the metal can be inferred as:
①\_\_\_; ②\_\_\_;
③\_\_\_; ④\_\_\_."	fill_in_the_blank	Silvery white solid; low hardness; density less than water; low melting point.	Differences and Applications of Chemical Properties and Physical Properties	nan	2023	middle	medium
5872	The gas with the highest content in the air used as a protective gas is \_\_\_; the metal element with the highest content in the human body is \_\_\_.	fill_in_the_blank	N\textsubscript{2}; Ca	Composition of Air###The composition of elements in the human body and the important role of elements in human health	nan	2023	middle	medium
1606	"Chemistry is an important force driving technological progress and modern social civilization, closely related to life, production, and technological development. Please answer the following questions.

(1) Chemistry in the kitchen
① May 20 is ""China Student Nutrition Day."" Adolescents in their growth and development stage need to intake a certain amount of dairy, eggs, vegetables, fruits, meat, etc., every day to ensure balanced nutrition. The nutrients rich in milk and eggs are ( ) (fill in one of the option numbers).
A. Vitamin C B. Cellulose C. Starch D. Protein  
② Natural gas is an eco-friendly clean energy advocated by international environmental organizations. The pipeline natural gas used in school cafeterias is supplied at low pressure to ensure safety and reliability. The chemical equation for its complete combustion in air is ( ).

(2) Chemistry in pharmaceutical production
In 1969, Chinese scientist Tu Youyou and her research team discovered the antimalarial ( )."	fill_in_the_blank	(1) D; \( CH_4 + 2O_2 \xrightarrow{\text{ignition}} CO_2 + 2H_2O \)  (2) artemisinin	Alloys and Their Properties###Life Activities and the Six Major Nutrients###Writing and balancing chemical equations###Properties and uses of common organic compounds such as methane and ethanol.	nan	2024	middle	medium
3944	"Complete the fill-in-the-blank as required:  
(1) Write the chemical formulas: Ferric oxide ( ), the most abundant gas in the air ( ), the most abundant metallic element in the Earth's crust ( ).  
(2) Indicate the oxidation number of phosphorus in diphosphorus pentoxide ( ); draw the atomic structure diagram of a chlorine atom ( ).  
(3) Write the symbolic expression for the preparation of oxygen from potassium permanganate ( )."	fill_in_the_blank	Fe₂O₃; N₂; Al; P₂O₅; <image>; KMnO₄ → K₂MnO₄ + MnO₂ + O₂	Diagram of atomic structure and diagram of ionic structure###Writing and Meaning of Chemical Formulas###The distribution and content of elements in the Earth's crust	"Answer: (1) Ferric oxide is Fe\textsubscript{2}O\textsubscript{3}; the most abundant gas in the air is nitrogen, written as N\textsubscript{2}; the most abundant metal element in the Earth's crust is aluminum, written as Al.  
(2) The oxidation state of phosphorus in diphosphorus pentoxide is +5, written as \({\overset{+ 5}{P}}_{2}O_{5}\); the proton number for chlorine is 17, with 2 electrons in the first shell, 8 in the second, and 7 in the third, with an atomic structure diagram as <image>.  
(3) Potassium permanganate thermally decomposes to produce potassium manganate, manganese dioxide, and oxygen, represented by the equation: KMnO\textsubscript{4}\(\overset{\bigtriangleup}{\rightarrow}\)K\textsubscript"	2022	middle	medium
1247	"Please fill in the blanks with chemical terms:  
(1) 2 nitrogen dioxide molecules ( )  
(2) 3 mercury atoms ( )  
(3) The simplest organic compound ( )  
(4) Anions in potassium permanganate ( )  
(5) Indicate the valence of nitrogen in ammonia ( )."	fill_in_the_blank	2NO₂; 3Hg; CH₄; MnO₄⁻; -3	Writing and Meaning of Chemical Formulas###Calculation of element valence###The meaning of chemical symbols and their surrounding numbers.###Properties and uses of common organic compounds such as methane and ethanol.	nan	2023	middle	medium
1154	"A school organized a picnic for all students in the suburbs.  
(1) Many students brought eggs, bread, and water, with the main nutrient provided by the eggs being \ul{　 　}.  
(2) During the outdoor cooking activity, Xiao Min was accidentally stung by a wasp (wasp venom is alkaline). The substance that can be applied to alleviate the symptoms is \ul{　 　} (fill in ""vinegar"" or ""saltwater"").  
(3) After the outdoor cooking, the students promptly covered the fire pit with sand, with the main principle of extinguishing the fire being \ul{　 　}."	fill_in_the_blank	"(1) Protein  
(2) Vinegar  
(3) Isolate oxygen"	Neutralization Reaction and Its Applications###Life Activities and the Six Major Nutrients###Principles and Methods of Fire Extinguishing	【Answer】 (1) The main nutrient provided by eggs to the human body is protein; (2) Wasp venom is alkaline, while vinegar (pH < 7) is acidic. Applying vinegar can react with and neutralize the alkalinity, which can alleviate symptoms, while saline solution is neutral; (3) After the picnic, the students promptly covered the extinguishing pile with sand, the main fire extinguishing principle being to isolate air (or oxygen) to achieve the purpose of extinguishing the fire. 【Analysis】 (1) Based on the analysis that eggs and milk are rich in protein; (2) Based on the analysis that acidic and alkaline substances can react; (3) Based on the principle of fire extinguishing by isolating oxygen. (1) Eggs are rich in protein, thus the main nutrient provided by eggs to the human body is protein; (2) Wasp venom is alkaline, while vinegar (pH < 7) is acidic. Applying	2024	middle	medium
2945	"Ⅰ. People often refer to ""five metals"" as: gold, silver, copper, iron, and tin. Based on acquired knowledge, please answer:  
(1) In the Western Han period, there was a record stating ""when green vitriol gains iron, it turns into copper,"" meaning that soluble copper compounds react with iron to produce elemental copper, where green vitriol refers to copper sulfate solution. The chemical equation for this reaction is ( ).  
(2) Wood's alloy (made from 50% bismuth, 25% lead, 12.5% tin, and 12.5% cadmium, with a melting point of 70°C) is a type of ( ) material. It is commonly used to make electrical fuses because of the following properties: ① low melting point, ② electrical conductivity, ③ good ductility, ④ not easily oxidized, ⑤ high hardness. The correct answer is ( ).  
A. ①"	fill_in_the_blank	Fe + CuSO₄ = Cu + FeSO₄; Metal; A	The relationship between the acidity/alkalinity of a solution and its pH value.###Common Types and Functions of Fertilizers###Writing and balancing chemical equations###Principles and Methods of Fire Extinguishing	nan	2024	middle	medium
5673	"Metal materials have a wide range of applications in production and daily life.

(1) Magnesium burns in air emitting a dazzling white light, used to make flashlights. The chemical equation for the reaction is: ( ).

(2) Aluminum pots and other aluminum products have a dense oxide protective film on their surfaces, providing good protection. Please write the chemical equation for the formation of the oxide protective film: ( ).

(3) In the Western Han Dynasty, Liu An recorded ""when iron meets verdigris (main component is copper sulfate solution), it turns into copper."" Please write the chemical equation for the reaction: ( ).

(4) In the following applications, metal materials are used in ( )(fill in the number).
① Making medals from gold, silver, copper, etc. ② Using new steel materials for constructing stadiums ③ Using carbon fiber for sports equipment."	fill_in_the_blank	(1) \(2Mg + O_2 \xrightarrow[\text{}]{\text{ignite}} 2MgO\); (2) \(4Al + 3O_2 = 2Al_2O_3\); (3) \(Fe + CuSO_4 = FeSO_4 + Cu\); (4) ①②	Chemical properties of metals###Conditions for Metal Corrosion and Its Prevention###The development of new materials is closely related to social development.	"Answer:

(1) Magnesium burns in air to form magnesium oxide. The chemical equation for this reaction is: \({2Mg + O}_{2}\begin{array}{r} \underline{\underline{ignition}} \\ \end{array}2MgO\);

(2) Aluminum is chemically active. At room temperature, aluminum can react with oxygen in the air to form a dense layer of aluminum oxide film on its surface, preventing further oxidation. The chemical equation for this reaction is: \({4Al + 3O}_{2}{= 2Al}_{2}O_{3}\);

(3) Iron reacts with copper sulfate to generate iron sulfate and copper. The chemical equation for this reaction is: \({Fe + CuSO}_{4}{= FeSO}_{4} + Cu\);

(4) ① Gold, silver, and copper are metal materials, in line with the question;
② Steel is an alloy of iron, classified as a metal material"	2023	middle	medium
1619	"The periodic table is an important tool for learning and researching chemistry. Please answer the questions based on the table below:

(1) In 1869, ( ) (fill in the letter) discovered the periodic law of elements and compiled the periodic table of elements.
A. Zhang Qinglian B. Mendeleev C. Lavoisier

(2) The substance formed by the 11th element and the 17th element is ( ) (fill in the name), and the particles that make up this substance are ( ) (choose from ""molecule"", ""atom"", or ""ion"").

(3) In the periodic table, elements in the same group (column) have similar chemical properties. Therefore, the following groups of elements have similar chemical properties: ( ) (fill in the label).
A. C and Ne B. Al and Si C. F and Cl"	fill_in_the_blank	B; Sodium chloride; ion; C	Diagram of atomic structure and diagram of ionic structure###Calculation of relevant quantities of atoms###Figures and Contributions in Chemistry	nan	2022	middle	medium
645	"Climate change is a global issue facing humanity, and China aims to achieve carbon neutrality by 2060.  
(1) ""Carbon neutrality"" refers to taking various measures to completely offset the emissions of ( ) from production and living.  
A. Carbon element B. Carbon monoxide C. Carbon dioxide  
(2) Academician Yuan Longping made significant contributions in the field of hybrid rice cultivation. The nutrient that is abundant in rice is ( ), which releases energy when oxidized in the human body, providing energy for ( ). The high yield of rice is inseparable from fertilizers, and a certain brand of fertilizer contains substances such as ammonium chloride and potassium sulfate. This fertilizer is a ( ) (choose ""nitrogen fertilizer,"" ""potassium fertilizer,"" or ""compound fertilizer""). The polyethylene or polypropylene used for manufacturing the fertilizer packaging bag belongs to ( ) materials."	fill_in_the_blank	C; Carbohydrates; body activity and maintaining constant body temperature; compound fertilizer; synthetic	Common Types and Functions of Fertilizers###Classification and Identification of Organic Polymer Materials###The impact of carbon dioxide on the environment	nan	2024	middle	medium
258	"The waste liquid from a chemical plant mainly contains silver nitrate and copper nitrate. A certain amount of this waste liquid sample is taken, with magnesium powder and copper powder added, fully reacted, and then filtered to obtain filtrate and residue. Please fill in the following blanks:

(1) If the residue contains magnesium powder, then besides magnesium powder, the residue also contains ( ).

(2) If the residue contains copper powder, then the solutes in the filtrate must include ( ), and may include ( ).

(3) If the residue does not contain copper powder, then the solutes in the filtrate must include ( ), and may include ( ).

(4) The mass of the filtrate obtained after the reaction is ( ) the mass of the waste liquid sample taken before the reaction."	fill_in_the_blank	Copper and silver; magnesium nitrate; copper nitrate; magnesium nitrate, copper nitrate; silver nitrate; less than	Chemical properties of metals###Experimental investigation of the composition and content of substances.	nan	2024	middle	medium
2534	"Please answer the following related questions from a chemistry perspective:  
(1) Natural gas, as a fuel, has the advantages of high combustion efficiency and low pollution. Write the chemical equation for the complete combustion of the main component of natural gas: ( ).  
(2) Detergents can clean grease from dishes, as they have the function of ( ).  
(3) With the growth of global energy use, fossil fuels are increasingly depleted, and environmental pollution is becoming more severe. Scientists are actively developing new energy sources. Name one new energy source that needs to be developed and utilized: ( ).  
(4) Scientists synthesized a new type of substance at a high temperature of 1527°C using a laser. This substance has a structure similar to diamond. Which of the following statements about this new substance is correct? A. It is an ultra-hard substance. B. Its fundamental particles are atoms. ( ); ( )"	fill_in_the_blank	\({CH}_{4} + 2{O}_{2} \rightarrow {CO}_{2} + 2{H}_{2}O\); Emulsification; Solar energy (or wind energy, geothermal energy, tidal energy, nuclear energy, etc.); A; B	Emulsification Phenomenon and Emulsification Action###Properties and Uses of Carbon Allotropes###Comprehensive Resource Utilization and New Energy Development###Properties and uses of common organic compounds such as methane and ethanol.	"Answer:
(1) The main component of natural gas is methane, which burns to produce carbon dioxide and water. The chemical equation is \({CH}_{4}{+ 2O}_{2}\begin{array}{r} \underline{\underline{ignited}} \\ \end{array}{CO}_{2}{+ 2H}_{2}O\);
So the answer is: \({CH}_{4}{+ 2O}_{2}\begin{array}{r} \underline{\underline{ignited}} \\ \end{array}{CO}_{2}{+ 2H}_{2}O\);

(2) Detergents can clean grease on dishes because they have an emulsifying function, dispersing larger grease into small droplets that are washed away by water;
So the answer is: emulsification;

(3) New energies awaiting development and utilization include solar energy, wind energy, geothermal energy, tidal energy, nuclear energy, etc. (any reasonable example is acceptable"	2024	middle	medium
2589	"The current challenges faced by humanity include energy issues, food issues, and environmental issues. Chemists hope to solve these problems through chemical methods, making greater contributions to human development and progress. The current research topics are as follows:

① Synthesizing efficient fertilizers
② Eliminating harmful emissions from cars
③ Controlling greenhouse gas emissions
④ Finding efficient catalysts for decomposing water to produce hydrogen with low energy consumption
⑤ Developing artificial skin and blood vessels
⑥ Developing plant nutrient solutions for soilless cultivation

Please categorize the above topics and fill in their numbers in the respective blanks:

(1) Energy issue: \ul{　 　};
(2) Food issue: \ul{　 　};
(3) Environmental issue: \ul{　 　}."	fill_in_the_blank	"(1) ④
(2) ①⑥
(3) ②③"	Fields and Applications of Chemistry Research	"[Answer] (1) The energy issue pertains to materials and energy related to human use, such as hydrogen energy, nuclear energy, solar energy, and fossil fuels, so the answer is: ④;  
(2) The food issue refers to problems related to food production, such as fertilizers and hydroponic cultivation with plant nutrient solutions, which are all related to food, so the answer is: ①⑥;  
(3) The environmental issue refers to problems related to environmental pollution and protection, such as eliminating harmful substances from car exhaust which also protects the environment, and controlling the emission of greenhouse gases to prevent the greenhouse effect, so the answer is: ②③.  
[Analysis] (1) Answer based on energy-related matters like hydrogen energy, nuclear energy, and fossil fuels;  
(2) Answer based on food-related matters like fertilizers and plant cultivation;  
(3) Answer based on matters related to exhaust and greenhouse gases.  
(1) The"	2022	middle	medium
1095	"Calcium hydroxide, commonly known as slaked lime, has a wide range of applications in production and daily life.  
(1) Slaked lime can be prepared by dissolving quicklime in water, and the chemical equation for the reaction is: ( ). When measuring the pH of its solution, you can ( ) and then compare the color shown on the test paper with a standard color chart to read the pH of the solution.  
(2) When lime paste is used to paint walls, the wall surface hardens after drying. The chemical equation for the reaction is: ( ).  
(3) Slaked lime can be used to improve acidic soil, with the chemical equation being: ( ) (taking sulfuric acid in soil as an example).  
(4) Mixing slaked lime powder with plant ash (mainly composed of K\textsubscript{2}CO\textsubscript{3}) ( )."	fill_in_the_blank	CaO + H\textsubscript{2}O═Ca(OH)\textsubscript{2}; Use a glass rod to take a small amount of the solution to be tested and drop it onto dry pH paper; CO\textsubscript{2} + Ca(OH)\textsubscript{2}═CaCO\textsubscript{3}↓ + H\textsubscript{2}O; Ca(OH)\textsubscript{2} + H\textsubscript{2}SO\textsubscript{4}═CaSO\textsubscript{4} + 2H\textsubscript{2}O; Ca(OH)\textsubscript{2} + K\textsubscript{2}CO\textsubscript{3}=CaCO\textsubscript{3}↓ + 2KOH	Chemical properties of alkalis###Common Types and Functions of Fertilizers###Determination of the pH of a solution###Text expression	"【Answer】 
(1) Quicklime reacts with water to produce calcium hydroxide, with the chemical equation: CaO + H₂O → Ca(OH)₂. When measuring the pH of an unknown solution with pH paper, the correct method is to use a glass rod to take a small amount of the test solution and drop it on dry pH paper, then compare it with a standard color chart to determine the pH. 
(2) The main component of lime paste is calcium hydroxide, which can react with carbon dioxide in the air to produce calcium carbonate and water. Calcium carbonate is a water-insoluble, white, hard substance that makes walls white and hard after drying. The chemical equation for this reaction is: CO₂ + Ca(OH)₂ → CaCO₃ ↓ + H₂O. 
(3) Calcium hydroxide reacts with sulfuric acid to produce calcium sulfate and water, with the chemical equation: Ca(OH)₂"	others	middle	hard
2540	"During the Dragon Boat Festival, the aroma of zong leaves fills the air. Nuannuan's family goes on an outing to the countryside. Please use your chemistry knowledge to help Nuannuan explain some of the issues she encounters.

(1) Among the tableware prepared by mom, the one made of metal is ( ).
A. Bamboo chopsticks B. Stainless steel dinner knife C. Glass water cup D. Paper plate

(2) Nuannuan noticed that her mom used cloth bags instead of plastic bags when carrying items. This practice helps alleviate the environmental problem of ( ), and the harm caused by this environmental issue is ( ).

(3) The family tasted zongzi together. The main ingredient of zongzi, glutinous rice, is rich in the nutrient ( ).

(4) The label on Nuannuan's sun hat says ""Fabric: Pure Cotton."" Pure cotton is a natural fiber. Compared to synthetic ( ), it offers certain advantages."	fill_in_the_blank	B; white pollution; damages soil, pollutes groundwater, endangers the survival of marine life, if incinerated releases harmful gases; carbohydrates; good water absorption, good breathability	Synthetic fibers and their applications###White Pollution and Its Prevention and Control###Life Activities and the Six Major Nutrients	"Answer: 

(1) Bamboo chopsticks and paper plates are made from natural materials, so A and D are incorrect. Stainless steel knives are made of metal materials, so B is correct. Glass cups are made of inorganic non-metallic materials, so C is incorrect.

(2) Using cloth bags instead of plastic bags can alleviate the white pollution caused by plastic waste, which harms the soil, pollutes groundwater, threatens marine life, and burning chlorine-containing plastics can produce irritating hydrogen chloride gas, thus polluting the air.

(3) Glutinous rice is rich in carbohydrates.

(4) Pure cotton has better water absorption and breathability than synthetic fibers.

(5) Recycling metal products like iron cans and aluminum beverage cans can save resources, reduce production costs, and minimize pollution.

Analysis: 
(1) Based on the analysis of metals including pure metals and alloys;
(2) Based on the analysis of the white pollution and its hazards caused by plastic waste;
(3) Based"	2024	middle	medium
5196	"When manufacturing masks, ethylene oxide (C\textsubscript{x}H\textsubscript{4}O) is commonly used for sterilization. At room temperature, when ethylene oxide and ethylene (C\textsubscript{2}H\textsubscript{4}) are mixed in a certain mass ratio, the mass fraction of carbon elements is 72%. Please complete the following calculations.
(1) Given that the relative molecular mass of ethylene oxide is the same as that of carbon dioxide, then in C\textsubscript{x}H\textsubscript{4}O, x = \ul{　 　}.
(2) The mass ratio of ethylene oxide to ethylene in the mixture is \ul{　 　}."	fill_in_the_blank	"(1) 2  
(2) 11:14"	Related calculations of chemical formulas###Comprehensive calculation of material composition	"Answer: (1) The relative molecular mass of carbon dioxide is 44, so, 12×x + 1×4 + 16 = 44, thus x = 2. 

(2) The mass ratio of carbon and hydrogen elements in ethylene oxide and ethylene is equal, both being (12×2):(1×4) = 6:1. Therefore, the mass ratio of carbon and hydrogen elements in the mixture is 6:1. The mass fraction of carbon in the mixture is 72%, so the mass fraction of hydrogen is 12%. The mass fraction of oxygen in the mixture is 1 - 72% - 12% = 16%. 

Only ethylene oxide contains oxygen, and the mass fraction of oxygen in ethylene oxide is \(\frac{16}{44} \times 100\%\). Therefore, the mass fraction of ethylene oxide in the mixture is 16% ÷ \(\frac{16"	2023	middle	medium
3222	"Energy, environment, and resources are major points of concern in society. Based on your knowledge of chemistry, please answer the following:

(1) The primary energy source currently used by humans is fossil fuels. Fossil fuels include coal, oil, and ( ).
(2) Researchers aim to make hydrogen a future new energy source because hydrogen has advantages such as being abundant, having high heat generation, and ( ).
(3) The main method for producing hydrogen industrially is the water gas method, which involves using coal and steam at high temperatures to generate carbon monoxide and hydrogen. Please write the chemical equation for this reaction ( ).
(4) In daily life, making coal balls into honeycomb coal is beneficial for energy saving and emission reduction. Considering complete combustion of fuel, this approach is based on ( )."	fill_in_the_blank	Natural gas; being environmentally friendly; C + H₂O → CO + H₂; increasing the surface area for combustion	The Use and Conservation of Fossil Fuels###Uses of Hydrogen and the Advantages and Disadvantages of Hydrogen Energy	"【Answer】 
(1) Fossil fuels include coal, oil, and natural gas.  
(2) Hydrogen combustion produces water, which is non-polluting and has a high calorific value.  
(3) Carbon in coal and steam at high temperature produce carbon monoxide and hydrogen, with the chemical equation: \({C + H}_{2}O\begin{array}{r} \underline{\underline{High Temp}} \\ \end{array}{CO + H}_{2}\).  
(4) Making coal balls into briquettes increases the surface area of the coal, thus increasing the area exposed to air, which is beneficial for energy saving and emission reduction.  
【Analysis】  
(1) Answer based on coal, oil, and natural gas as the three major non-renewable fossil fuels;  
(2) Answer based on hydrogen burning in oxygen to form water, which is non-polluting, and has a high calorific value and is an ideal"	2022	middle	medium
4216	"Chemistry is all around us, please use your chemistry knowledge to answer or explain the following everyday questions.  
(1) The main mineral components and content (g/100mL) indicated on a particular mineral water bottle label are as follows: Calcium ≥ 400, Potassium ≥ 3... Here, calcium and potassium refer to ( ).  
(2) Environmental protection activated carbon packs can remove harmful gases produced by home decoration, the reason is ( ).  
(3) When writing archival documents of preservation value, regulations state that carbon ink should be used, the reason is ( ).  
(4) We often use dishwashing liquid to clean grease from tableware because dishwashing liquid has ( ).  
(5) Placing a pot of water over a coal stove cannot prevent CO poisoning, the reason is ( ).  
(6) The reason that aluminum pots have better corrosion resistance is ( ).  
(7) Fe + CuSO\textsubscript{4} = Cu + FeSO\textsubscript{4}; This reaction is a ( ).  
(8) The option selected in question 8 is ( )."	fill_in_the_blank	Element; Activated carbon has adsorptive properties; Carbon's chemical properties are stable at room temperature; Emulsification; CO is insoluble in water; Aluminum forms a dense protective film on its surface in air; Displacement reaction; ②	Emulsification Phenomenon and Emulsification Action###Chemical properties of metals###Metal activity series and its applications###The physical properties of carbon monoxide	"Answer:

(1) Matter is composed of elements; here calcium and potassium refer to elements.
Therefore, the answer is: elements.

(2) Activated carbon is porous and has adsorption properties, thus it can adsorb harmful gases.
Therefore, the answer is: activated carbon has adsorption properties.

(3) Carbon is chemically stable at room temperature and does not easily react with other substances, allowing it to be preserved for a long time. Therefore, carbon ink is recommended for writing valuable archival documents.
Therefore, the answer is: chemically stable at room temperature.

(4) Dishwashing liquid has emulsifying properties, dispersing oil stains into small droplets to form emulsions that can be washed away.
Therefore, the answer is: emulsifying properties.

(5) CO is difficult to dissolve in water, so water cannot absorb the produced CO.
Therefore, the answer is: CO is difficult to dissolve in water.

(6) Aluminum is chemically more active. When reacting with oxygen in the air,"	2022	middle	medium
3359	"Fill in the blanks with numbers and chemical symbols:
(1) 2 chloride ions \_\_\_\_\_\_;
(2) The metal with the highest annual production in the world \_\_\_\_\_\_;
(3) 3 sulfur dioxide molecules \_\_\_\_\_\_;
(4) In phosphorus pentoxide, phosphorus is in the +5 oxidation state \_\_\_\_\_\_."	fill_in_the_blank	"(1) 2Cl\textsuperscript{-}  
(2) Fe  
(3) 3SO\textsubscript{2}  
(4) \({\overset{+ 5}{P}}_{2}O_{5}\)"	The most in chemistry###Symbols of Elements and Their Meanings###Writing and Meaning of Chemical Formulas###Common Elements and Radicals Valency	nan	2023	middle	medium
170	"Fill in as required:  
(1) 4 silver ions are represented as ( ); The meaning of 2K is ( ); NH\(_{3}\) macroscopically represents ( ); ( ).  
(2) Write the name of the chemical formula and indicate the oxidation state of the highlighted element in the compound:  
FeSO\(_{4}\): Name ( ), Oxidation state ( );   
NaNO\(_{3}\): Name ( ), Oxidation state ( ).  
(3) The chemical formula of a compound composed of the most abundant element and the most abundant metal element in the Earth's crust ( );  
(4) Write the chemical equation for heating copper in oxygen ( ), the basic reaction type is ( ); Reaction phenomenon is ( ).  
(5) (2); (3); (4); (3)."	fill_in_the_blank	4 Ag\(^+\); 2 potassium atoms; ammonia; ammonia is composed of nitrogen and hydrogen elements;  Ferrous sulfate; +2; sodium nitrate; +5;  Al\(_{2}\)O\(_{3}\);  2Cu + O\(_{2}\) \(\xrightarrow{\Delta}\) 2CuO; combination reaction; red solid gradually turns black.	Calculation of element valence###The meaning of chemical symbols and their surrounding numbers.###Names and Common Names of Substances###The distribution and content of elements in the Earth's crust###Writing and balancing chemical equations	"Solution:
(1) Four silver ions are represented as 4Ag⁺; 2K means two potassium atoms; NH₃ macroscopically represents ammonia, which is composed of nitrogen and hydrogen elements.
(2) FeSO₄: The name is ferrous sulfate, where the iron element has a +2 valence, the oxygen element has a -2 valence, and the sulfur element's valence is +6, represented as \(Fe\overset{+6}{S}O_{4}\);
NaNO₃: The name is sodium nitrate, where sodium has a +1 valence, oxygen a -2 valence, and nitrogen's valence is +5, represented as \(Na\overset{+5}{N}O_{3}\).
(3) A compound composed of the most abundant element in the Earth's crust (oxygen O) and the most abundant metal element (aluminum Al) is aluminum oxide. In aluminum oxide,"	2024	middle	medium
4728	"Metals have wide applications in production and life.

(1) An iron pot is used for cooking, primarily utilizing the ( ) of iron.  
(2) Liberation Bridge is one of Tianjin's landmark buildings, a fully steel-structured, openable bridge.  
   ① Maintenance of the Liberation Bridge requires rust removal. Write the chemical equation for removing rust (main component is \(Fe_{2}O_{3}\)) with dilute hydrochloric acid: ( ).  
   ② Iron reacts with ( ) in the air to form rust. To prevent rusting of steel structures, protective layers are often applied on the surface.  

(3) In industry, the principle of iron smelting is the reaction between carbon monoxide and iron oxide at high temperatures. The chemical equation for this reaction is ( ).  
(4) When 6g of iron powder is placed into a"	fill_in_the_blank	thermal conductivity; \(Fe_{2}O_{3} + 6HCl = 2FeCl_{3} + 3H_{2}O\); oxygen; \(Fe_{2}O_{3} + 3CO \xrightarrow{\text{high temperature}} 2Fe + 3CO_{2}\)	Conditions for Metal Corrosion and Its Prevention###The chemical properties of acids###Based on the calculations of the chemical equation###Physical properties of metals###Iron smelting	"Solution:
(1) Cooking with an iron pan takes advantage of iron's thermal conductivity.
(2) 
① Iron oxide reacts with hydrochloric acid to form ferric chloride and water. The chemical equation for the reaction is \(Fe_{2}O_{3} + 6HCl = 2FeCl_{3} + 3H_{2}O\).
② Iron rusts when it reacts with oxygen and water in the air.
(3) Carbon monoxide and iron oxide at high temperatures produce iron and carbon dioxide. The chemical equation for the reaction is \(Fe_{2}O_{3} + 3CO\begin{array}{r}
\underset{\_}{\underset{\_}{\text{high temperature}}} \\
\end{array}2Fe + 3CO_{2}\).
(4) 6g of iron powder is added to a mixed solution of copper sulfate and zinc sulfate. After complete reaction and filtration,"	2024	middle	hard
