index	question	category	answer	knowledge	analysis	year	grade_level	difficulty_level
642	"A certain mass of magnesium-aluminum alloy (containing no other substances) reacts fully with an ample amount of dilute sulfuric acid, producing 0.2g of hydrogen gas. The possible original mass of the alloy is (   )
A. 1.5g B. 2.0g C. 2.2g D. 2.5g"	multiple_answer_choice	B, C	Chemical properties of metals###Comprehensive calculation of material composition	"[Answer] Magnesium reacts with dilute sulfuric acid to produce magnesium sulfate and hydrogen gas. Assuming x is the mass of magnesium required to generate 0.2g of hydrogen, we have:

\[ \begin{array}{r}
Mg \\
24 \\
x
\end{array}\begin{array}{r}
 + H_{2}SO_{4} \\
 \\
\end{array}\begin{array}{r}
 = MgSO_{4} \\
 \\
\end{array}\begin{array}{r}
 + H_{2} \uparrow \\
2 \\
0.2g
\end{array} \]

\[ \frac{24}{2} = \frac{x}{0.2g} \]
\[ x = 2.4g \]

Aluminum reacts with dilute sulfuric acid to produce aluminum sulfate and hydrogen gas. Assuming y is the mass of aluminum required to generate 0.2g of hydrogen,"	2023	middle	medium
626	"The experimental plan that can achieve the experimental purpose is:

Option A
Purpose: To distinguish between two white solids, NaCl and NH\textsubscript{4}NO\textsubscript{3}.
Plan: Take equal amounts of samples and add an appropriate amount of water to dissolve them.

Option B
Purpose: To remove a small amount of CO from CO\textsubscript{2} gas.
Plan: Ignite it.

Option C
Purpose: To remove CaCO\textsubscript{3} from CaO.
Plan: Add an appropriate amount of dilute hydrochloric acid until no gas is released.

Option D
Purpose: To test whether NaCl solution contains Na\textsubscript{2}CO\textsubscript{3}.
Plan: Take a sample, add an appropriate amount of dilute hydrochloric acid, and observe the phenomenon. 

A. A B. B C. C D. D"	multiple_answer_choice	A, D	Endothermic or exothermic phenomena during dissolution###The chemical properties of acids###Chemical properties of carbon monoxide	nan	2024	middle	medium
4403	"The correct statement is (    )
A. Substances composed of different elements must be mixtures.
B. A solution is a homogeneous and stable mixture.
C. The solute mass fraction of an unsaturated solution will definitely increase after it becomes a saturated solution.
D. At the same temperature, the solute mass fraction of a saturated solution of a solid substance is always greater than that of its unsaturated solution."	multiple_answer_choice	B, D	Composition and Characteristics of the Solution###Saturated solution and unsaturated solution###Methods for the conversion between saturated and unsaturated solutions###Pure substances and mixtures	"Answer:
A. Substances composed of different elements are not necessarily mixtures. For instance, water is a pure substance composed of hydrogen and oxygen, so statement A is incorrect and does not meet the requirements of the question.
B. A solution is a homogeneous, stable mixture formed by one or more substances dispersed in another substance, so statement B is correct and meets the requirements of the question.
C. When an unsaturated solution is converted into a saturated solution by changing the temperature, the composition of the solution remains the same, and the mass fraction of the solute does not change. Therefore, after an unsaturated solution becomes a saturated solution, the mass fraction of the solute does not necessarily increase, making statement C incorrect and not meeting the requirements of the question.
D. At the same temperature, the mass fraction of solute in a saturated solution of a solid substance is always larger than that in an unsaturated solution, so statement D is correct and meets the requirements of the question.
Therefore"	2023	middle	medium
2581	"The following are two methods both correctly identifying substances:

| Option | Substances to be Identified | Method and Reagent | Method One | Method Two |
|--------|-----------------------------|---------------------|------------|------------|
| A      | Calcium carbonate and Barium sulfate | Add ample water | Add hydrochloric acid |
| B      | Limewater and Sodium hydroxide solution | Pass in carbon dioxide | Add sodium carbonate solution |
| C      | Dilute hydrochloric acid and Dilute sulfuric acid | Add barium chloride solution dropwise | Add purple litmus solution dropwise |
| D      | Ammonium sulfate and Phosphate rock powder | Observe color | Add ample water |

A. A B. B C. C D. D"	multiple_answer_choice	B, D	Properties and Applications of Acid-Base Indicators###Chemical properties of alkalis###Simple Identification of Fertilizers###Solubility of acids, bases, and salts	nan	2023	middle	medium
3173	"The correct statements involving disciplinary perspectives are as follows:

A. Transformation view: Oxygen and water can be transformed into each other under certain conditions.

B. Particle view: Water is composed of hydrogen atoms and oxygen atoms.

C. Structure view: Chlorine atoms and chloride ions have the same number of protons and belong to the same element.

D. Conservation view: When 10mL of a 20% mass fraction salt solution is mixed with 10mL of water, the solute mass fraction of the resulting solution does not change."	multiple_answer_choice	A, C	Summary of Basic Knowledge Points	"【Answer】 

A. Transformation View: Water transforms into oxygen: Water generates hydrogen and oxygen through electrolysis 2H₂O \(\begin{array}{r} \underset{\_}{\underset{\_}{electrolysis}} \\ \end{array}\) 2H₂↑＋O₂↑; Oxygen transforms into water: Hydrogen burns in oxygen to form water 2H₂＋O₂ \(\begin{array}{r} \underset{\_}{\underset{\_}{ignite}} \\ \end{array}\) 2H₂O; This matches the meaning of the question.

B. Particle View: Water molecules are composed of hydrogen atoms and oxygen atoms; This does not match the meaning of the question.

C. Structure View: A chlorine atom gains one electron to form a chloride ion, the proton number remains unchanged, belonging to the same element; This matches the meaning of the question.

D. Conservation View: Adding"	2019	middle	medium
676	"Food safety is related to human health. The correct statements are as follows:

A. Moldy rice contains aflatoxin and should not be consumed.  
B. Food additives should be used within the limits set by national standards."	multiple_answer_choice	A, B	The properties of harmful chemicals and human health	"[Answer] Solution: A. Moldy rice contains toxic aflatoxins and should not be consumed; therefore, the statement in the option is correct. B. Food additives can change the taste and color of food, but excessive use can be harmful to the human body, and should be used within the national standard limits, so the statement in the option is correct. C. Formaldehyde is toxic and can destroy the structure of proteins in the human body, causing them to denature, so the statement in the option is incorrect. D. ""Gutter oil"" is a term used to refer to various low-quality oils in daily life, containing numerous toxic and harmful substances, so the statement in the option is incorrect. Therefore, choose AB. [Analysis] A. Analyze and judge based on the presence of aflatoxins in moldy rice. B. Analyze and judge based on the role of food additives and the harm of excessive use. C. Analyze and judge based on"	2012	middle	medium
2831	"Under certain conditions, a chemical reaction occurs in a closed container. The measured mass of each substance during the reaction is shown in the table below. The following statements are incorrect:

A. In this reaction, the mass ratio of the generated N to Y is 9:8  
B. This reaction is a combination reaction  
C. This reaction complies with the law of conservation of mass  
D. M must act as a catalyst in the reaction"	multiple_answer_choice	B, D	Characteristics of Catalysts and Catalytic Action###Combination Reactions and Their Applications###Law of Conservation of Mass and its Applications	nan	2023	middle	medium
5902	"Evidence reasoning and model cognition is one of the core competencies in the chemistry discipline. The following reasoning is correct (    ):

A. The number of protons determines the type of element, so atoms with the same number of protons must belong to the same element.

B. The purity of H₂ needs to be tested before ignition, so the purity of other combustible gases also needs to be tested before ignition.

C. Oxides contain oxygen elements, so compounds containing oxygen elements are all oxides.

D. An elementary substance is composed of one type of element, so a substance composed of one element must be an elementary substance."	multiple_answer_choice	A, B	The concept of an element###Purity testing of combustible gases such as hydrogen, carbon monoxide, and methane.###Simple Classification of Matter	Answer: A. The number of protons determines the type of element, so atoms with the same number of protons must belong to the same element, thus fitting the context. B. The purity of H₂ needs to be checked before igniting, so similarly, the purity of other flammable gases should be tested before igniting them, thus fitting the context. C. An oxide is a compound composed of two elements, one of which is oxygen. While oxides contain oxygen, not all compounds containing oxygen are oxides, such as potassium permanganate, which is composed of three elements and is not an oxide, thus not fitting the context. D. An element is a pure substance composed of only one kind of element. A pure substance contains one kind of element, but a substance composed of one kind of element is not necessarily an element, such as a mixture of oxygen and ozone, composed of one element, thus not fitting the context. Therefore, the answer is: AB.	2021	middle	medium
3405	"Building fundamental chemical concepts is the foundation for learning chemistry. The following statements are given, identify which one is incorrect:

A. Element Concept: Mercury is composed of the element mercury.
B. Particle Concept: The smallest particle that retains the chemical properties of liquid oxygen is the oxygen atom.
C. Transformation Concept: Burning iron wire produces iron oxide.
D. Conservation Concept: 4g of hydrogen and 16g of oxygen react fully to produce 20g of water."	multiple_answer_choice	B, C, D	The reaction phenomena of oxygen with substances such as carbon, phosphorus, sulfur, and iron.###Differences and Connections Between Molecules and Atoms###Elemental composition of matter###Based on the calculations of the chemical equation	nan	2024	middle	medium
624	"Regarding the incorrect statements about water:  
A. Water is an indispensable substance for life activities  
B. Water is composed of hydrogen and oxygen  
C. Industrial wastewater needs to be treated before discharge  
D. During the purification process in a water treatment plant, all changes are physical changes"	multiple_answer_choice	B, D	Composition of water###Properties and Applications of Water###Protect water resources###Characteristics and Identification of Physical Changes and Chemical Changes	[Solution] Explanation: A, Water is an indispensable substance in life activities, light in mass; B, Water is composed of hydrogen and oxygen elements, incorrect; C, Industrial wastewater must be treated before discharge to protect water resources, light in mass; D, During the purification process in water plants, disinfection involves a chemical change, incorrect; Therefore, choose BD. [Analysis] Analyze and answer based on the applications of water, its composition, measures to protect water resources, and the methods used in the purification process.	2017	middle	medium
1121	"In the following experimental designs, which one can achieve the experimental goal successfully?

| Option | Experimental Goal                | Experimental Procedure                                          |
|--------|----------------------------------|----------------------------------------------------------------|
| A      | Remove O\textsubscript{2} from N\textsubscript{2}       | Pass the gas slowly through a sufficient amount of hot copper powder|
| B      | Remove sand from crude salt      | Add sufficient water to dissolve, filter, and evaporate to crystallize |
| C      | Distinguish between solid sodium hydroxide and solid ammonium nitrate | Take a sample, add water to dissolve, and measure the solution's temperature |
| D      | Prepare FeCl\textsubscript{3}                  | Add iron powder to a sufficient amount of dilute hydrochloric acid |

A. A  B. B  C. C  D. D"	multiple_answer_choice	A,B,C	Design and Evaluation of Chemical Experiment Plans	【Answer】 A. Copper reacts with oxygen to produce black copper oxide, nitrogen does not react, achieving the purpose, thus it meets the requirement; B. Add an adequate amount of water to dissolve, filter to remove insoluble sand, evaporate the filtrate to crystallize and obtain sodium chloride, thus it meets the requirement; C. Sodium hydroxide dissolves in water releasing a lot of heat, ammonium nitrate dissolves in water and the temperature decreases, take a sample, dissolve it in water, measure the temperature of the solution, achieving the purpose, thus it meets the requirement; D. Iron reacts with dilute hydrochloric acid to produce ferrous chloride, thus it does not meet the requirement. Therefore, the answer is: ABC. 【Analysis】 Principle of impurity removal: 1. The impurity remover should only react with impurities, not with the substance to be retained; 2. It should not introduce new impurities; 3. The best method for impurity	2021	middle	medium
4399	"The table below lists methods to remove small amounts of impurities from substances, with the correct method being (     )

\begin{tabular}{@{}lll@{}}
\toprule
Substance & Impurity & Method of Removing Impurity \\ 
\midrule
A & NaOH solution & Add sufficient dilute hydrochloric acid until no more bubbles form \\
B & CO gas & Pass through enough sodium hydroxide solution and dry \\
C & Fe powder & Add sufficient dilute sulfuric acid, react fully, filter, and dry \\
D & CaO solid & Heat at high temperature \\
\bottomrule
\end{tabular}

A. A B. B C. C D. D"	multiple_answer_choice	B, D	Calculations related to chemical reactions of impure substances	Answer: A. Both NaOH solution and Na\textsubscript{2}CO\textsubscript{3} can react with hydrochloric acid. When an excess of dilute hydrochloric acid is added until no more bubbles are produced, both NaOH solution and Na\textsubscript{2}CO\textsubscript{3} are fully reacted, which does not meet the requirements; B. Carbon dioxide reacts with sodium hydroxide solution to form sodium carbonate and water, whereas carbon monoxide does not react. After drying, only carbon monoxide remains, meeting the requirements; C. Iron is a reactive metal that can react with hydrochloric acid, whereas copper is unreactive and does not react with hydrochloric acid. After adding an excess of dilute sulfuric acid, the remaining solid is only the impurity copper, which does not meet the requirements; D. Under high temperatures, calcium carbonate decomposes into calcium oxide and carbon dioxide gas. After thorough calcination, the solid is	2017	middle	medium
3395	"Chemistry relies on experiments, and the following experimental methods are incorrect:

A. To test whether the sodium hydroxide solution has deteriorated, take a sample and add 2-3 drops of dilute hydrochloric acid, observing whether bubbles form.

B. To distinguish between sodium hydroxide and ammonium nitrate: dissolve samples in water and measure the temperature before and after dissolving.

C. To prepare a KCl solution with a solute mass fraction of 5%: weigh 5g of KCl, add to 100mL of water, and stir until completely dissolved.

D. To remove sodium carbonate from NaCl, add excess dilute hydrochloric acid, and evaporate for crystallization."	multiple_answer_choice	A, C	Endothermic or exothermic phenomena during dissolution###Uses of Common Salt###Chemical properties of salt###Preparation of a solution with a specific solute mass fraction	nan	2024	middle	medium
1225	"The correct statements are as follows (    )
A. Recycling lead, mercury, etc., from used batteries can reduce environmental pollution.
B. If a gas leak is detected at night, turn on the light to find the leak point.
C. If the gas stove flame appears yellow and the bottom of the pot turns black, the stove's air inlet should be increased.
D. If the oil pan catches fire while cooking, it can be extinguished with a lid; the fire extinguishing principle is lowering the oil's ignition point."	multiple_answer_choice	A,C	Green chemistry###Complete combustion and incomplete combustion###Principles and Methods of Fire Extinguishing###Safety knowledge of flammable and explosive materials	"【Answer】 A, Recycling used batteries to recover lead, mercury, etc., can reduce heavy metal pollution to the environment, which meets the question's intent; B, Discovering a gas leak at night, one should not turn on the light to check for leaks to prevent an explosion from open flames, which does not meet the question's intent; C, When a gas stove flame appears yellow and the bottom of the pot turns black, it indicates insufficient oxygen, so the air inlet of the stove should be adjusted, which meets the question's intent; D, If a fire breaks out in the oil pan while cooking, it can be extinguished with a pot lid, as the principle of fire extinguishing is to isolate the combustible material from oxygen, which does not meet the question's intent; Therefore, choose AC.

【Analysis】 A, based on the analysis of pollution from used batteries; B, based on the analysis of not exposing a gas leak to open flames; C, based on"	2024	middle	medium
296	"The following are synthetic materials (     )
A. Polyvinyl chloride B. Fiberglass C. Acrylic D. Stainless steel"	multiple_answer_choice	A, C	The Use of Synthetic Materials and Their Impact on Humans and the Environment	Solution: A. PVC is a type of plastic, which is one of the three major synthetic materials, so A fits the question. B. Fiberglass is a composite material, so B doesn't fit the question. C. Plexiglass is an organic synthetic material, so C fits the question. D. Stainless steel is a metal material, so D doesn't fit the question. Therefore, the answer is: AC. Analysis: Based on the analysis that synthetic materials include plastic, synthetic rubber, and synthetic fibers.	2020	middle	medium
4202	"Graphene (C\textsubscript{60}) is the first discovered two-dimensional material, obtained by exfoliating graphite material. Diamond, graphite, and C\textsubscript{60} are all allotropes composed of the element carbon. Which of the following statements about these three carbon allotropes is incorrect? (　　)
A. All are black solids
B. The arrangement of carbon atoms is different
C. When fully burned in oxygen, all can generate carbon dioxide
D. Exfoliating graphite to form graphene is a physical change"	multiple_answer_choice	A, D	Characteristics and Identification of Physical Changes and Chemical Changes###Chemical properties of carbon###Properties and Uses of Carbon Allotropes	"Explanation:

A. Diamond is a colorless, transparent solid with a regular octahedral shape; therefore, statement A is incorrect.

B. Diamond is the hardest substance in nature, while graphite is one of the softest minerals. Both are composed of carbon, but have different physical properties mainly due to the different arrangements of carbon atoms. Hence, statement B is correct.

C. Diamond, graphite, and C\textsubscript{60} are all composed of carbon. When completely burned in oxygen, they all produce carbon dioxide. Therefore, statement C is correct.

D. Separating graphite into graphene involves the formation of new substances, which is a chemical change. Therefore, statement D is incorrect.

Thus, the correct choices are A and D.

Analysis:

A. Consider based on the color of diamond, graphite, and C\textsubscript{60};

B. Consider based on the reason for the different physical properties of the three;

C. Consider combustion products based on the composition"	2012	middle	medium
246	"The following statements about metals or alloys are incorrect (   ):
A. In general, alloys have higher hardness, better corrosion resistance, and higher melting points than the pure metals they are composed of.
B. Painting or coating the surface of iron products with corrosion-resistant metals can prevent them from rusting.
C. Dirt on aluminum pots can be removed using sandpaper or steel wool.
D. Recycling lead, mercury, and other materials from used batteries can reduce environmental pollution."	multiple_answer_choice	A, C	Alloys and Their Properties###Conditions for Metal Corrosion and Its Prevention###Rational use of metal resources	[Solution] Alloy A generally has a lower melting point than its component pure metals, so statement A is incorrect; B) Painting or coating iron products with corrosion-resistant metals can prevent direct contact with oxygen and water, thus preventing rust, so statement B is correct; C) Aluminum can form a dense aluminum oxide film when reacting with oxygen, inhibiting further oxidation. Sanding with sandpaper or steel wool destroys this film, causing further rust, so statement C is incorrect; D) Lead and mercury in used batteries are heavy metals that can pollute the soil. Recycling can reduce environmental pollution, so statement D is correct; therefore, the correct answers are A and C. [Analysis] This question mainly analyzes the properties of alloys, metal corrosion, and metal recycling.	2023	middle	medium
691	"The following practice or statement is incorrect ( ):
A. In case of a fire hazard, you should immediately call the emergency number 119.
B. Fires caused by gasoline or alcohol can be extinguished using a water-based fire extinguisher.
C. According to current measurements, seawater contains over 80 kinds of chemical substances.
D. The most commonly used metal material at present is steel."	multiple_answer_choice	B, C	Common Methods for Handling Accidents###Pig iron and steel###Several Common Types of Fire Extinguishers	"[Answer] A. If a fire hazard is discovered or encountered, and the fire is large or has a tendency to spread, you should immediately call the 119 fire emergency number and take necessary self-rescue measures. If the fire is small, appropriate methods can be used to extinguish it yourself, so A is incorrect;
B. When a fire is caused by burning gasoline, a water-based fire extinguisher cannot be used because gasoline is difficult to dissolve in water, has a lower density than water, and can float on the water's surface. Water cannot isolate gasoline from the air, and the oil can flow with the water and even expand the burning area. Alcohol, which is easily soluble in water, similarly cannot be extinguished with a water-based extinguisher as it can spread with the water, so B is incorrect;
C. Currently, over 80 chemical elements have been detected in seawater, not a chemical substance, so C is incorrect;
D. The most commonly"	2020	middle	medium
5368	"Which of the following experimental procedures cannot achieve the experimental objective?  
A. NaCl (impurity Na\textsubscript{2}CO\textsubscript{3})  
   - Objective: Purification  
   - Procedure: Add an appropriate amount of dilute sulfuric acid, react fully, then evaporate  
B. MnO\textsubscript{2}, KCl  
   - Objective: Separation  
   - Procedure: Dissolve, filter, wash and dry; evaporation crystallization  
C. NH\textsubscript{3} (H\textsubscript{2}O)  
   - Objective: Drying  
   - Procedure: Pass the gas through a drying apparatus with concentrated sulfuric acid  
D. NaOH, Ca(OH)\textsubscript{2}  
   - Objective: Identification  
   - Procedure: Add Na\textsubscript{2}CO\textsubscript{3} solution separately, observe the changes in the solution"	multiple_answer_choice	A, C	Investigation of Material Impurity Removal or Purification###Identification and inference of substances	"【Answer】 

A. Adding dilute sulfuric acid: The impurity sodium carbonate can react with dilute sulfuric acid, but it will introduce new impurities, which fits the question's intent;

B. Manganese dioxide is insoluble in water, while potassium chloride is easily soluble. Dissolve in water, filter, wash, and dry to separate manganese dioxide, then evaporate and crystallize to obtain potassium chloride, which separates manganese dioxide and potassium chloride, not fitting the question's intent;

C. Concentrated sulfuric acid can react with ammonia gas, so it cannot be used to dry ammonia gas, which fits the question's intent;

D. Sodium hydroxide does not react with sodium carbonate, but calcium hydroxide reacts with sodium carbonate to produce a white precipitate, so sodium carbonate can be used to distinguish between sodium hydroxide and calcium hydroxide, not fitting the question's intent;

Therefore, the answer is: AC

【Analysis】 According to the principle of impurity removal"	2019	middle	medium
3770	"Which of the following statements about molar mass is correct?
A. The molar mass of any substance is its formula mass.
B. The molar mass of water is 18.
C. The mass of a water molecule is \(\frac{18}{6.02 \times 10^{23}}\)g.
D. The mass of 1 mol of oxygen and the molar mass of oxygen are numerically equal."	multiple_answer_choice	C, D	Molar Mass and Related Calculations###Amount of substance and related calculations	nan	2024	middle	medium
5257	"The incorrect statement is (     )
A. Measuring the pH of body fluids does not provide information about the body's health condition.
B. Soluble salts can dissociate into metal ions and acid radicals in aqueous solutions.
C. All reactions that produce salt and water are neutralization reactions.
D. Kitchen cleaners (e.g., powerful cleaners) are strongly alkaline and should be used with caution."	multiple_answer_choice	A, C	Neutralization Reaction and Its Applications###The impact of acidity and alkalinity on life activities and crop growth###The concepts of acids, bases, and salts	"【Answer】Explanation: A. The pH of body fluids in the human body maintains a balance within a certain range, so measuring the pH of fluids within or expelled from the body can provide insight into one's health status. Therefore, A is incorrect.  
B. Soluble salts can dissociate into metal ions and anion radicals in aqueous solutions, therefore B is correct.  
C. A neutralization reaction refers to the reaction between an acid and a base to produce salt and water. However, not all reactions that produce salt and water are neutralization reactions; for example, the reaction of iron oxide and hydrochloric acid producing ferric chloride and water is not a neutralization reaction. Therefore, C is incorrect.  
D. Kitchen cleaners (such as Mr. Muscle) are strongly alkaline and have some corrosiveness, so care should be taken when using them. Therefore, D is correct.  
Therefore, the answer is AC.  

【Analysis】A. Answer based on the"	others	middle	medium
5651	"The following statements about air and its components are incorrect (     )
A. Liquid nitrogen can be used as a refrigerant
B. Oxygen can be used as rocket launch fuel
C. Helium can be used to fill weather balloons
D. The main gases causing air pollution are carbon monoxide, carbon dioxide, sulfur dioxide, and nitrogen dioxide."	multiple_answer_choice	B, D	Composition of Air###Air Pollution and Prevention###Uses of Nitrogen and Rare Gases	"Solution:  
A. Liquid nitrogen absorbs heat upon vaporization, so it can be used as a refrigerant, which is correct but not relevant to the question.  
B. Oxygen supports combustion but is not flammable and cannot be used as fuel, which is incorrect but relevant to the question.  
C. Helium has a relatively low density and stable chemical properties, making it suitable for filling weather balloons, which is correct but not relevant to the question.  
D. Major air pollutants include carbon monoxide, nitrogen dioxide, and sulfur dioxide. Carbon dioxide is not considered an air pollutant, which is incorrect but relevant to the question.  
Therefore, the answer is: BD.  

Analysis: Air pollutants mainly consist of harmful gases and inhalable particles. Harmful gases primarily include carbon monoxide, nitrogen dioxide, sulfur dioxide, and ozone. Carbon dioxide is not included in the air pollution index."	2021	middle	medium
3342	"In the laboratory, which of the two methods for distinguishing the following groups of substances is reasonable:

|   | A                | B                       | C                    | D              |
|---|------------------|-------------------------|----------------------|----------------|
|   | Distinguishing Substances | Table salt solution and water | Ammonium bicarbonate and potassium chlorate | Manganese dioxide and charcoal powder | Nitrogen and carbon dioxide |
| Plan 1 | Heating evaporation | Smell | Burn in air | Clarified limewater |
| Plan 2 | Taste | Heating | Observe color | Purple litmus test solution |

A. A B. B C. C D. D"	multiple_answer_choice	B, D	The reaction phenomena of oxygen with substances such as carbon, phosphorus, sulfur, and iron.###Simple Identification of Fertilizers###The chemical properties of carbon dioxide	nan	2023	middle	medium
242	"The following practices in production and daily life are unscientific ( ):
A. To prevent a bicycle from rusting, frequently wipe it with a damp cloth.
B. To increase grain production, use a large amount of chemical fertilizers.
C. Although marine minerals (such as combustible ice, manganese nodules, etc.) are abundant, they should be scientifically planned and reasonably extracted.
D. Move into a newly renovated house only after it has been adequately ventilated."	multiple_answer_choice	A, B	Conditions for Metal Corrosion and Its Prevention###Rational use of fertilizers and pesticides###Resources in the ocean	"Answer: A. Iron tends to rust in the presence of both water and oxygen. Frequently wiping a bicycle with a damp cloth can easily cause iron to rust, which aligns with the statement; B. Excessive use of chemical fertilizers can cause water pollution, which aligns with the statement; C. Mineral extraction should be planned and done reasonably, which does not align with the statement; D. Newly renovated houses contain formaldehyde, which is harmful to humans and requires ventilation to dissipate before moving in, which does not align with the statement. Therefore, the answer is: AB.

Analysis: Iron tends to rust in the presence of both water and oxygen. Excessive use of chemical fertilizers can easily cause water pollution. Mineral extraction should be planned and done reasonably. Newly renovated houses contain formaldehyde."	others	middle	medium
2616	"The following statement about the uses of oxygen is incorrect:
A. Pure oxygen is used for medical emergency treatment
B. Oxy-acetylene flame is used for welding or cutting metal
C. Liquid oxygen can be used as rocket fuel
D. Liquid oxygen is made into explosives for blasting and mining"	multiple_answer_choice	A, C	Chemical properties of oxygen###Matter cycles in nature	nan	2023	middle	medium
3291	"A solution of NaCl with a certain mass fraction of solute is gradually diluted by adding water. The following changes in the solution are correct (    ):
A. The mass of the solution increases B. The mass fraction of solute increases
C. The mass of the solute remains unchanged D. The mass of the solvent remains unchanged"	multiple_answer_choice	A, C	Method of diluting with water to change concentration	"【Answer】 Adding water dilutes the solution, increasing the mass of the solvent without affecting the mass of the solute, so the mass of the solute in the solution remains unchanged. Consequently, the volume of the solution increases, and the mass fraction of the solute decreases. Therefore, options A and C are correct.

【Analysis】 A solution is comprised of solute and solvent. Dilution involves increasing the mass of the solvent and is unrelated to the mass of the solute."	others	middle	medium
2624	"The following experimental plan achieves the purpose:

Option | Experimental Purpose | Experimental Plan
--- | --- | ---
A | To test three gases: H₂, CO, CH₄ | Ignite in air and observe flame color
B | To distinguish three solids: AgCl, NaOH, NH₄NO₃ | Add water and observe solubility and temperature changes
C | To remove a small amount of KCl solid mixed in MnO₂ | Add ample water to dissolve, filter, wash, and dry
D | To verify the activity series of three metals: iron, copper, silver | Immerse iron wire and copper wire separately in silver nitrate solution

A. A B. B C. C D. D"	multiple_answer_choice	B, C	Endothermic or exothermic phenomena during dissolution###Metal activity series and its applications###Solubility of acids, bases, and salts###Properties and uses of common organic compounds such as methane and ethanol.	nan	2024	middle	medium
452	"Among the following methods for identifying substances, which is feasible?

A. Use phenolphthalein solution to distinguish between NaCl solution and hydrochloric acid.
B. Use a burning wooden splint to distinguish between CO\textsubscript{2} and CO.
C. Use litmus solution to distinguish between dilute hydrochloric acid and dilute sulfuric acid.
D. Use water to distinguish between NaOH and CaCO\textsubscript{3} solids."	multiple_answer_choice	B, D	Inspection of Common Gases###Identification of Acids, Bases, and Salts	"Answer: 

A. Sodium chloride solution is neutral, hydrochloric acid is acidic, and phenolphthalein is colorless in both acidic and neutral solutions, producing the same phenomenon, making differentiation impossible, thus A is incorrect.

B. Carbon dioxide does not support combustion and can extinguish a burning stick, while carbon monoxide can burn, resulting in different phenomena and allowing for differentiation, thus B is correct.

C. Hydrochloric acid and sulfuric acid are both acidic, and litmus solution is red in acidic solutions, resulting in the same phenomenon, making differentiation impossible, thus C is incorrect.

D. Sodium hydroxide is easily soluble in water, whereas calcium carbonate is not soluble in water, resulting in different phenomena and allowing for differentiation, thus D is correct.

Therefore, the answer is BD.

Analysis: Substances are distinguished based on differences in properties. Phenolphthalein is colorless in acidic and neutral solutions. Carbon dioxide does not support combustion, while carbon monoxide does"	2017	middle	medium
290	"The following are several statements about the ""crude salt purification"" experiment. The correct one is (     ):
A. To speed up the filtration process, use a glass rod to continuously stir the liquid inside the filter.
B. If the filtrate remains cloudy after two filtrations, the experimental setup should be checked and the cause analyzed.
C. When evaporating the filtrate, continuously stir with a glass rod and keep heating with an alcohol lamp until it is completely dry.
D. The solution poured into the evaporating dish should not exceed \(\frac{2}{3}\) of the dish's volume."	multiple_answer_choice	B, D	Evaporation and Distillation Operations###Coarse salt purification	"[Answer] A. Stirring during filtration can easily puncture the filter paper, leading to filtration failure, so A is wrong; 
B. If the filtrate remains cloudy after two filtrations, the experimental setup should be checked and the reasons analyzed, so B is correct; 
C. During evaporation, when a large amount of crystals precipitate, heating should be stopped, and the filtrate should be dried with residual heat to prevent crystals from splattering due to overheating, which not only causes loss but may also lead to accidents, so C is wrong; 
D. The solution in the evaporating dish should not exceed \(\frac{2}{3}\) of the dish's capacity, so D is correct; 
Therefore, the correct options are B and D. 

[Analysis] A. A glass rod should not be stirred during filtration as it can puncture the filter paper; 
B. If the filtrate is still cloudy after two filtrations, the cause should"	others	middle	medium
2517	"Scientific hypotheses and conjectures are the precursors and points of value for exploration. The following hypothesis-guided investigations are certainly meaningless:

A. Exploring the possibility that the reaction between carbon dioxide and water could produce sulfuric acid.  
B. Investigating whether the gas produced in the reaction between sodium and water might be hydrogen.  
C. Exploring whether the gray-black substance on the surface of a magnesium ribbon might just be magnesium oxide.  
D. Investigating whether the black substance appearing when copper wire is burned in an alcohol lamp flame might be carbon black."	multiple_answer_choice	A, C	Basic Methods and Significance of Scientific Inquiry	"[Answer] Solution: A. Carbon dioxide is an acidic oxide that can react with water to form an acid. Since there is no sulfur element in the reactants, sulfuric acid will not be produced, so it is incorrect to investigate the possibility of sulfuric acid formation; therefore, A is incorrect. B. According to the law of conservation of mass, the types of elements remain the same before and after a chemical reaction. Sodium and water contain sodium, hydrogen, and oxygen elements, which suggests that the produced gas may be hydrogen, so B is correct. C. Magnesium oxide is a white solid. The gray-black substance on the surface of the magnesium strip cannot be just magnesium oxide, so C is incorrect. D. When copper is burned, it comes into contact with air. Both fuel alcohol and air contain carbon, so it is suspected that the black substance may be carbon black; therefore, D is correct. Thus, the answer is AC.

[Analysis] In conducting scientific investigations"	others	middle	medium
3303	"Chemistry is everywhere in life, the following statement is correct (    ):
A. Drinking soda causes burping, indicating that reduced pressure decreases gas solubility.
B. A fire in the library archives is extinguished using a powder fire extinguisher.
C. Common iron alloys include pig iron and steel, with steel having a lower carbon content.
D. Upon discovering a gas leak at home, immediately close the gas valve and open doors and windows for ventilation."	multiple_answer_choice	A, B	Factors affecting solubility###Pig iron and steel###Safety knowledge of flammable and explosive materials###Several Common Types of Fire Extinguishers	"Answer: A. Drinking soda causes burping, indicating that as the temperature rises, the solubility of gas decreases, which is incorrect.  
B. Using a liquid carbon dioxide fire extinguisher on library archives is incorrect.  
C. The carbon content in cast iron is higher than that in steel, which is correct.  
D. When discovering a gas leak at home, immediately turn off the gas valve and open doors and windows for ventilation, which is correct.  
Therefore, the choices are A and B.

Analysis:  
A. Answer based on the factors affecting gas solubility.  
B. Answer based on fire extinguishing measures.  
C. Answer based on the differences in iron alloys.  
D. Answer based on measures for gas leaks."	others	middle	medium
3343	"Analyzing the following facts from a molecular perspective, the incorrect statement is:

A. The heavy snow in Dongying a few days ago—due to low temperature, the water molecules in the air become smaller, and the gaps between molecules decrease.

B. Inflating a balloon with a pump makes the balloon bigger—because the gaps between molecules increase.

C. The natural water cycle—the result of water molecule movement.

D. Sucrose crystals do not ""disappear"" when placed in air, but quickly ""disappear"" when placed in water, because the interaction between gas molecules and sucrose molecules in the air is weaker than the interaction between water molecules and sucrose molecules."	multiple_answer_choice	A, B	The particulate nature of matter###Definition of Molecules and Characteristics of Molecules	nan	2024	middle	medium
3167	"In the following experimental plans, the ones that can achieve the purpose are:

A. Separate a mixture of copper and zinc powder  
- Add an appropriate amount of dilute sulfuric acid, filter, wash, and dry

B. Remove small amounts of oxygen mixed in nitrogen gas  
- Pass through heated copper mesh

C. Identify solid sodium hydroxide and solid ammonium nitrate  
- Take samples separately, add an appropriate amount of water, and measure the temperature change

D. Purify sodium chloride solid containing a small amount of potassium nitrate  
- Dissolve in water, heat to concentrate, and cool to crystallize"	multiple_answer_choice	B,C	Investigation of Material Impurity Removal or Purification###Identification and inference of substances	Answer: A. Adding an adequate amount of dilute sulfuric acid, filtering, washing, and drying removes zinc powder, but does not achieve the purpose of separating the mixture of copper and zinc powder, which does not meet the question's requirement; B. Passing hot copper mesh, oxygen reacts with the copper mesh to form copper oxide, removing the oxygen achieves the purpose of removing small amounts of oxygen mixed in nitrogen, which meets the question's requirement; C. Taking samples separately, adding an appropriate amount of water, and measuring the temperature change: when sodium hydroxide is mixed with water, the temperature rises; when ammonium nitrate is mixed with water, the temperature drops, achieving the purpose of distinguishing between solid sodium hydroxide and solid ammonium nitrate, which meets the question's requirement; D. To purify sodium chloride containing small amounts of potassium nitrate, dissolving in water, heating and concentrating, and cooling to crystallize results in potassium nitrate, not sodium chloride, so it does not achieve	2023	middle	medium
2934	"The experimental design that is correct is (       )
A. Identify nitrogen gas and carbon dioxide by introducing the gases separately into purple litmus solution and observing the phenomenon
B. Remove calcium hydroxide mixed in calcium chloride solution by adding excess dilute hydrochloric acid
C. Test for copper(II) oxide in charcoal powder by adding a few drops of dilute sulfuric acid to a small sample and observing the phenomenon
D. Obtain solid calcium hydroxide from saturated limewater by lowering the temperature"	multiple_answer_choice	A, C	Inspection of Common Gases###The concept and phenomena of crystals and crystallization###Investigation of Material Impurity Removal or Purification	"Answer: A. Carbon dioxide reacts with water to form carbonic acid, which is acidic and can turn purple litmus solution red, while nitrogen does not; this can be used to distinguish between them, so A is correct.  
B. Calcium hydroxide reacts with dilute hydrochloric acid to produce calcium chloride and water, removing calcium hydroxide; however, excess dilute hydrochloric acid introduces impurities, so B is incorrect.  
C. Copper oxide reacts with dilute sulfuric acid to form copper sulfate and water, and copper sulfate solution is blue, while charcoal does not react with dilute sulfuric acid, making it testable, so C is correct.  
D. The solubility of calcium hydroxide decreases with increasing temperature, so to obtain solid calcium hydroxide from saturated lime water, increasing the temperature is used; therefore, D is incorrect.  
Thus, the answer is: AC.  
Analysis:  
A. Analyze based on the properties of nitrogen and carbon dioxide.  
B."	2020	middle	medium
60	"In a sealed container, substances X, Y, Z, and W undergo a chemical reaction under certain conditions. After some time, the collected data is as follows. The correct statement regarding this reaction is (    )

| Substance | X  | Y  | Z  | W  |
|-----------|----|----|----|----|
| Mass before reaction (g) | 2  | 1  | 16 | 16 |
| Mass after reaction (g)  | 12 | m  | 8  | 14 |

A. m = 8  
B. This reaction is primarily a decomposition reaction  
C. The mass ratio of Z to W participating in the reaction is 4:1  
D. m = 1 or Y might be the catalyst for this reaction, etc."	multiple_answer_choice	C, D	Characteristics of Catalysts and Catalytic Action###Determination of Reaction Types###Law of Conservation of Mass and its Applications	"[Solution] Analyzing the data in the table, it is evident that the mass of X increased by 12g - 2g = 10g before and after the reaction. X is the product, and the mass of generated X is 10g. Similarly, it can be determined that Z is a reactant, and the mass of Z participating in the reaction is 16g - 8g = 8g. W is a reactant, with a mass of 16g - 14g = 2g involved in the reaction. According to the law of conservation of mass, m = (2 + 1 + 16 + 16) - (12 + 8 + 14) = 1, and Y's mass remains unchanged before and after the reaction. From the above analysis, it can be concluded:

A, m = 1, so A does not meet the requirements.

B, the reactants of this reaction are Z"	2019	middle	medium
3174	"The correct statements about resources are as follows:

A. Except for a few very unreactive metals, most metals exist in the form of compounds rather than as pure elements.
B. Geothermal energy, wind energy, biomass energy, hydro energy, and solar energy are all clean new energy sources.
C. Freshwater on land accounts for about 2.53% of the global freshwater reserves.
D. Air is an important natural resource; its components can be used to produce fertilizers, steel, chemical products, etc."	multiple_answer_choice	A, D	Uses of Nitrogen and Rare Gases###Protect water resources###The existence of metallic elements and common metallic minerals	"Answer:

A. Most metals are found in compound form except for a few non-reactive ones like gold and silver that mainly exist in elemental form, so this is correct.

B. Geothermal energy, wind energy, biomass energy, and solar energy are all new energy sources, whereas hydro energy is conventional energy, so this is incorrect.

C. The currently usable freshwater resources account for about 0.25% of the global water reserves, so this is incorrect.

D. Air is an important natural resource, and its components can be used to produce fertilizers, steel, chemical products, etc., so this is correct.

Thus, the correct choices are A and D.

Analysis:

A. Answer based on the relationship between the form of elements and their chemical properties.

B. Hydro energy is conventional energy.

C. Analyze based on the content of freshwater resources.

D. Analyze based on the components of air and the uses of each component."	2016	middle	medium
292	"The following statements about alloys are correct (       )  
A. An alloy contains at least two metals.  
B. The hardness of an alloy is generally greater than that of its component metals.  
C. The difference in properties between cast iron and steel is mainly due to their differing carbon content.  
D. The exhaust gas from a blast furnace can be directly released into the air."	multiple_answer_choice	B, C	Alloys and Their Properties###Pig iron and steel	"Answer: A. An alloy contains at least one metal, A does not meet the criteria;  
B. The hardness of an alloy is generally greater than that of its component metals, B meets the criteria;  
C. The different properties of cast iron and steel are mainly due to their different carbon content, C meets the criteria;  
D. The exhaust gas from a blast furnace is toxic and cannot be directly released into the air, D does not meet the criteria;  
Therefore, the answer is: BC.  

Analysis: Based on the definition of an alloy, it is a mixture with metallic properties formed by fusing metal with metal or non-metal; based on the analysis that the hardness of an alloy is greater than that of pure metals; based on the analysis that both cast iron and steel are iron alloys with different carbon content; and based on the analysis that blast furnace exhaust contains carbon monoxide which pollutes the air."	2017	middle	medium
2078	"In chemistry experiments, wooden splints or matchsticks are commonly used. In the following experimental procedures or operations, which one cannot achieve the intended purpose?   
A. Using a glowing wooden splint to test for oxygen.   
B. Using a burning wooden splint to distinguish between nitrogen and carbon dioxide.   
C. Using a wooden splint dipped in a small amount of concentrated sulfuric acid to verify the corrosiveness of concentrated sulfuric acid.   
D. Quickly placing a matchstick horizontally into a candle flame, removing it after about 1 second to compare the temperatures of different layers of the flame."	multiple_answer_choice	B, C	Inspection of Common Gases###Oxygen inspection and verification.###Candle burning experiment###Dilute concentrated sulfuric acid###Design and Evaluation of Chemical Experiment Plans	"[Solution] Explanation:

A. Oxygen supports combustion and can be tested using a glowing wooden splint, so the experiment plan or operation in the option can achieve the objective.

B. Both nitrogen and carbon dioxide cannot burn or support combustion, and both can extinguish a lit wooden splint, so they cannot be distinguished. Therefore, the experiment plan or operation in the option cannot achieve the objective.

C. Concentrated sulfuric acid has a dehydrating property. By dipping a wooden stick in a small amount of concentrated sulfuric acid, it will turn black after a while, which verifies that concentrated sulfuric acid has a dehydrating property. Therefore, the experiment plan or operation in the option cannot achieve the objective.

D. The higher the temperature, the faster the wooden stick becomes charred. By placing a matchstick quickly in the candle flame for about 1 second and then taking it out, the charred condition can be used to compare the temperatures of different flame layers. Therefore, the"	2017	middle	medium
3163	"The reasonable experimental data below is (   )
A. Measure 48.5 mL of a solution with a 50 mL beaker
B. Weigh 15.6 g of copper oxide powder with a balance
C. Measure 5.6 mL of water with a 100 mL graduated cylinder
D. Hold the test tube with a clamp at 1/3 the distance from the test tube opening"	multiple_answer_choice	B, D	Common Laboratory Instruments and Their Uses###Exploration of Experimental Data Processing or Error Analysis	"Solution: A, Beakers cannot be used for measuring liquids, instead a 50mL graduated cylinder should be used to measure 48.5mL of a solution, so data A is not reasonable;
B, The accuracy of a balance scale is 0.1g, so data B is reasonable;
C, The accuracy of a 100mL graduated cylinder is 1mL, and the smallest graduated cylinder should be used whenever possible, thus a 10mL graduated cylinder should be chosen, making data C unreasonable;
D, Complies with experimental operation requirements, so data D is reasonable.
Therefore, the answer is: BD.
Analysis: Analyze based on the requirements for using graduated cylinders; analyze based on the accuracy of the balance scale; analyze based on the requirements for using test tube clamps."	2017	middle	medium
4395	"The experimental operation that cannot achieve the experimental purpose is (    )

Option | Experimental Purpose | Main Experimental Operation
-|-|-
A | Identify ammonium nitrogen fertilizer and potassium fertilizer | Sample, add quicklime, mix and grind, smell
B | Separate \(CaCl_{2}\) and \(CaCO_{3}\) powder | Add sufficient dilute hydrochloric acid, then evaporate to crystallize
C | Remove \(CaCl_{2}\) mixed in \(NaCl\) solution | Add excess \(Na_{2}CO_{3}\) solution, filter
D | Test if \(NaOH\) solution has partially decomposed in the air | Add excess \(BaCl_{2}\) solution, let it stand, then add phenolphthalein to the clear upper solution

A. A B. B C. C D. D"	multiple_answer_choice	B, C	Methods of Separating Mixtures###Investigation of Material Impurity Removal or Purification###Design and Evaluation of Chemical Experiment Plans	"Solution: A. Mixing ammonium salt with slaked lime and grinding it will produce ammonia gas, while potassium fertilizers do not react with slaked lime. Adding slaked lime can distinguish between ammonium nitrogen fertilizers and potassium fertilizers, so this method is correct and does not meet the question's intent.

B. Calcium chloride does not react with dilute hydrochloric acid, but calcium carbonate does and will produce calcium chloride, carbon dioxide, and water. Adding an excess amount of dilute hydrochloric acid followed by evaporation and crystallization will not separate calcium chloride and calcium carbonate; the method is incorrect, so it meets the question's intent.

C. Sodium carbonate reacts with calcium chloride to produce calcium carbonate precipitate and sodium chloride, which can remove calcium chloride but introduces a new impurity, sodium carbonate; the method is incorrect, so it meets the question's intent.

D. Sodium hydroxide deteriorates due to the formation of sodium carbonate from iron hydroxide and carbon dioxide. Sodium carbonate reacts with barium"	2024	middle	medium
433	"The correct statements about solutions are:  
A. A saturated solution is not necessarily a concentrated solution.  
B. If conditions remain unchanged, solute and solvent will not separate.  
C. The conversion of a saturated solution to an unsaturated solution means that the solute mass fraction will definitely decrease.  
D. After cooling a saturated solution and precipitating crystals, the solute mass fraction will definitely decrease."	multiple_answer_choice	B, D	Saturated solution and unsaturated solution###The relationship between concentrated solutions, dilute solutions, saturated solutions, and unsaturated solutions.###The concept of solid solubility	"[Answer] A. Saturated and concentrated solutions have different classification standards and are not necessarily related, so they do not meet the criteria; B. A solution is homogeneous and stable, and without changing conditions, the solute and solvent will not separate, so it meets the criteria; C. When a saturated solution transforms into an unsaturated solution, the mass fraction of the solute does not necessarily decrease, such as when the transformation is achieved by changing the temperature, so it does not meet the criteria; D. After a saturated solution cools and crystals precipitate, the mass of the solvent remains unchanged while the mass of the solute decreases, thus the mass fraction of the solute certainly decreases, so it meets the criteria; Therefore, the answer is: BD.

[Analysis] A. The saturated solution of different solutes is not necessarily a concentrated solution. B. Analyze based on the homogeneity and stability of the solution. C. Analyze based on the solubility of the"	2020	middle	medium
3202	"The correct correspondence between the properties and uses of the following substances is:

A. Nitrogen has a low boiling point and can be used as a filling gas for light bulbs.
B. Diamond has high hardness and can be used for cutting glass.
C. Carbon dioxide can dissolve in water and can be used to make soda.
D. Oxygen supports combustion and can be used as a fuel."	multiple_answer_choice	B, C	Uses of Nitrogen and Rare Gases###Properties and Uses of Carbon Allotropes###Physical properties of carbon dioxide	"Answer: A. Nitrogen is chemically stable and can be used as a filler gas in light bulbs, so A does not meet the requirement;
B. Diamond is very hard and can be used for cutting glass, so B meets the requirement;
C. Carbon dioxide can dissolve in water and react to form carbonic acid, which can be used to make carbonated drinks like soda, so C meets the requirement;
D. Oxygen supports combustion and can be used as an oxidizer but is not a fuel, so D does not meet the requirement;
Therefore, the answer is: BC.
Analysis: Based on the properties of nitrogen, diamond, carbon dioxide, and oxygen, determine their usage and judge whether the relationships are correct."	2023	middle	medium
3931	"Stinky tofu from Changsha is a traditional snack in Changsha, Hunan. Initially, it has a pungent smell, but a closer sniff reveals its rich and enticing aroma. Consuming tofu provides the body with a good amount of leucine, an essential amino acid (chemical formula: C\textsubscript{6}H\textsubscript{13}NO\textsubscript{2}). Among the following statements about leucine, which one is correct?  
A. Leucine is composed of carbon, hydrogen, nitrogen, and oxygen.  
B. The relative molecular mass of leucine is 131 g.  
C. The ratio of carbon to hydrogen atoms in a leucine molecule is 6:13.  
D. Leucine consists of carbon, hydrogen, nitrogen, and oxygen atoms."	multiple_answer_choice	A, C	Elemental composition of matter###Composition and content analysis of substances###Writing and Meaning of Chemical Formulas###Relative atomic mass and relative molecular mass	"Answer:  
A. From the chemical formula of leucine, it is composed of carbon, hydrogen, nitrogen, and oxygen. The statement is correct and fits the question.  
B. The unit for relative molecular mass is ""1,"" not ""g."" The statement is incorrect and does not fit the question.  
C. From the chemical formula of leucine, the ratio of carbon to hydrogen atoms is 6:13. The statement is correct and fits the question.  
D. From the chemical formula of leucine, leucine is not composed of leucine molecules. The statement is incorrect and does not fit the question.  
Therefore, options A and C are selected.  
Analysis:  
A. Analysis based on the composition of substances by elements and leucine's chemical formula.  
B. Analysis based on the definition of relative molecular mass.  
C. Analysis based on leucine's chemical formula.  
D. Analysis based on substance composition and the chemical formula of leucine"	2024	middle	medium
1596	"Analysis and reasoning are important methods for learning and researching chemistry. The following statement is incorrect (　　)

A. Oxides must contain oxygen elements, but compounds containing oxygen elements are not necessarily oxides.
B. Atoms of the same element have the same number of protons, so atoms with the same number of protons must be the same element.
C. Organic compounds must contain carbon elements, so compounds containing carbon elements must be organic compounds.
D. Salts are composed of metal ions and acid radical ions. NH\textsubscript{4}NO\textsubscript{3} does not contain metal ions and is not classified as a salt."	multiple_answer_choice	C, D	Simple Classification of Matter	"Answer:

A. An oxide must contain oxygen, but a compound containing oxygen is not necessarily an oxide, such as Na\textsubscript{2}CO\textsubscript{3}, which does not meet the criteria.

B. An element is defined as a class of atoms with the same proton number (nuclear charge number). Atoms of the same element have the same proton number, so atoms with the same proton number must be of the same element, which does not meet the criteria.

C. Organic compounds must contain carbon, but compounds containing carbon are not necessarily organic. Carbon oxides, carbonates, and carbonic acid, though containing carbon, behave like inorganic substances and are considered inorganic, which meets the criteria.

D. The ammonium ion is not a metal ion but behaves similarly to one. NH\textsubscript{4}NO\textsubscript{3} does not contain metal ions but does have the ammonium ion, classifying it as a salt"	2018	middle	medium
3926	"Xiaomi's automotive venture has attracted widespread attention from all sectors of society. Car manufacturing requires various materials. Among the following equipment, synthetic material is used in:

A. Aluminum alloy car frame  
B. Plastic handrail  
C. Glass car window  
D. Nylon fiber seat covers"	multiple_answer_choice	B, D	Classification and Identification of Organic Polymer Materials###Inorganic Non-metallic Materials and Their Applications	nan	2024	middle	medium
2070	"On March 9, 2015, the solar-powered plane ""Solar Impulse 2"" began its round-the-world flight and set a record of 118 hours of continuous flight between Nagoya and Hawaii. Which of the following statements about energy and environmental protection is incorrect? (    )
A. The solar energy used by ""Solar Impulse 2"" is a green, environmentally friendly new energy source.
B. Coal, oil, natural gas, and other fossil fuels are non-renewable energy sources.
C. Coal, after complete combustion, does not cause environmental pollution.
D. Combustible ice has advantages such as high energy and high combustion value, and its main component is CO."	multiple_answer_choice	C, D	The use of common fuels and their impact on the environment###Comprehensive Resource Utilization and New Energy Development###Types of Common Energy, Classification of Energy	"Answer: Explanation: A. Solar energy can be directly obtained from nature, does not pollute the environment, and is a green new energy; thus A is correct. B. Fossil fuels such as coal, oil, and natural gas are non-renewable energy sources; thus B is correct. C. Coal contains not only carbon but also sulfur, so even complete combustion will produce sulfur dioxide, polluting the environment; thus C is incorrect. D. ""Combustible ice"" is a clean energy with high energy and large combustion value, its main component being CH\textsubscript{4}; thus D is incorrect. Therefore, the selection is: CD. Analysis: A. Analyze based on the characteristics of solar energy. B. Analyze based on the characteristics of fossil fuels. C. Analyze based on the combustion products of coal. D. Analyze based on the characteristics of combustible ice."	2017	middle	medium
5176	"Through the experiment of water electrolysis, the conclusion is:  
A. Water can be decomposed  
B. Water consists of oxygen and hydrogen gas  
C. Water is composed of hydrogen and oxygen elements  
D. A water molecule is composed of two hydrogen atoms and one oxygen atom"	multiple_answer_choice	A, C	Electrolysis of water experiment###Composition of water	"【Answer】  
A. Electrolysis of water produces hydrogen and oxygen, indicating that water can be decomposed, hence it fits the question;  
B. Water consists of water molecules, which are composed of hydrogen and oxygen atoms, hence it doesn't fit the question;  
C. Electrolysis of water produces hydrogen and oxygen, and according to the law of conservation of mass, water is composed of hydrogen and oxygen elements, hence it fits the question;  
D. The types of elements remain unchanged before and after a chemical reaction. The conclusion that a water molecule is composed of two hydrogen atoms and one oxygen atom cannot be proven, hence it doesn't fit the question.  
Therefore, the answer is: AC.  
【Analysis】 According to the law of conservation of mass, analyze the electrolysis of water to produce hydrogen and oxygen."	2020	middle	medium
140	"In the following experiments, which one applies the method of controlling variables?
A. Studying the law of conservation of mass through the change in mass before and after reactions between substances in different states
B. Investigating the composition of water by examining the products at the electrodes in the electrolysis of water experiment
C. Studying the factors affecting solubility by measuring the amount of substance dissolved through changing the solvent and temperature
D. Verifying the volume content of oxygen in air using an experiment in which excess red phosphorus burns in a closed container"	multiple_answer_choice	A, C	Exploration of Experimental Procedures	"[Answer] A. To explore the law of conservation of mass, one must check if the mass of substances before and after the reaction is equal, which requires a comparative experiment. Therefore, A aligns with the question's intent. B. In water electrolysis, oxygen is produced at the anode and hydrogen at the cathode, revealing the composition of water without involving a control experiment, so B does not meet the question's intent. C. By altering solvent and temperature to measure the solubility of substances, the experiment studies factors affecting solubility, which is a comparative experiment. Hence, C aligns with the question's intent. D. Studying the oxygen content in air involves burning white phosphorus to consume the oxygen, reducing the pressure inside the flask and allowing water to enter, with no control experiment involved, so D does not meet the question's intent. Thus, the answer is: AC.

[Analysis] Control variable method: In multi-variable problems where situations can be complex,"	2018	middle	medium
694	"At the end of the 1970s, due to the development of high-pressure technology, some laboratories transformed hydrogen into electrically conductive solid ""metallic hydrogen"" at -268.8℃ under 1.013×10\textsuperscript{7} MPa. Which of the following statements about hydrogen is incorrect?  
A. Hydrogen is the most abundant element in the Earth's crust  
B. Under the same conditions, hydrogen gas is the lightest gas  
C. Hydrogen is a new type of pollution-free energy  
D. Gaseous hydrogen cannot conduct electricity, so the vaporization of electrically conductive solid hydrogen is a chemical change"	multiple_answer_choice	A,D	The distribution and content of elements in the Earth's crust###The physical properties of hydrogen	【Answer】Solution: A. The elements in the Earth's crust, from most to least abundant, are oxygen, silicon, aluminum, iron, calcium, so the element with the highest content in the Earth's crust is oxygen. Therefore, incorrect. B. The most significant feature of hydrogen compared to other gases is its low density, being the lightest gas in nature. Therefore, correct. C. Hydrogen combustion only produces water and does not pollute the environment. Therefore, correct. D. The vaporization of solid hydrogen is merely a change of state, with no new substances produced, thus it is a physical change. Therefore, incorrect. Hence, the answer is: AD 【Analysis】 A. Analyze based on the order of elements in the Earth's crust by abundance: oxygen, silicon, aluminum, iron, calcium. B. Analyze by comparing gas densities; hydrogen is the lightest gas in nature. C. Analyze according to the characteristics of hydrogen energy. D. A chemical change involves the	others	middle	medium
62	"The correct statement is (   )
A. The food desiccant made from quicklime can be consumed
B. Directly tasting laboratory chemicals
C. In case of accidental ingestion of heavy metal salts, milk or egg whites can be taken for detoxification
D. If liquefied gas catches fire, quickly shut off the valve"	multiple_answer_choice	C, D	Common Poisoning Routes and Prevention Methods###Principles and Methods of Fire Extinguishing	"【Solution】 

A. Calcium oxide reacts with water to form calcium hydroxide, which is corrosive, so food desiccants made from quicklime are not edible, thus A is incorrect.

B. Laboratory chemicals must not be tasted, thus B is incorrect.

C. Heavy metal salts can make proteins lose their physiological activity, leading to poisoning. Therefore, if heavy metal salts are ingested, milk or egg whites can be consumed as an antidote, thus C is correct.

D. In case of liquefied gas catching fire, quickly close the valve to cut off the source of combustible materials, thus D is correct.

Therefore, the answer is: CD. 

[Analysis] 
A. Answer based on the reaction of calcium oxide with water forming corrosive calcium hydroxide.
B. Answer based on the rule that laboratory chemicals must not be tasted.
C. Answer based on heavy metal salts causing proteins to lose physiological activity and lead to poisoning.
D. Answer based on the"	others	middle	medium
2932	"Reducing the oxygen content in the food storage environment can extend the shelf life of food. Among the following methods, which uses this principle? (fill in the number).
A. Curing with salt B. Vacuum packing
C. Refrigeration or freezing D. Using oxygen absorbers"	multiple_answer_choice	B, D	Exploration of the Components of Food Desiccants, Preservatives, and Vacuum Packaging	"Answer: According to the problem, reducing the oxygen content in the food storage environment can extend the shelf life of food. 

A. Adding salt for curing cannot reduce the oxygen content in the food storage environment.  
B. Vacuuming can reduce the oxygen content in the food storage environment.  
C. Refrigeration or freezing cannot reduce the oxygen content in the food storage environment.  
D. Using oxygen absorbers can remove oxygen, thus reducing the oxygen content in the food storage environment.  

Analysis: Reducing the oxygen content in the food storage environment can extend the shelf life of food, and this is analyzed and answered."	2018	middle	medium
