index	question	category	A	B	C	D	answer	knowledge	analysis	year	grade_level	difficulty_level
612	Among the processes involving the following substances, no chemical change occurs in:  	single_answer_choice	Liquefaction and gasification of coal in industry  	Alkaline production from seawater  	Salt extraction from seawater  	Magnesium extraction from seawater	C	Production of Soda Ash###Characteristics and Identification of Physical Changes and Chemical Changes###Resources in the ocean###Comprehensive Resource Utilization and New Energy Development	nan	2023	middle	medium
884	A certain solution can turn colorless phenolphthalein solution red. The ions that can coexist in large quantities in this solution are:	single_answer_choice	\(H^{+}\), \({Na}^{+}\), \({NO}_{3}^{-}\), \({CO}_{3}^{2 -}\) 	\({Na}^{+}\), \(K^{+}\), \({SO}_{4}^{2 -}\), \({CO}_{3}^{2 -}\)	\({Al}^{3 +}\), \({Ba}^{2 +}\), \({Cl}^{-}\), \({NO}_{3}^{-}\)	\({Fe}^{3 +}\), \({Na}^{+}\), \({Cl}^{-}\), \({SO}_{4}^{2 -}\)	B	Properties and Applications of Acid-Base Indicators###Coexistence issues of ions or substances	nan	2024	middle	medium
2501	Summarizing is a common method in learning chemistry. The following knowledge summaries are correct:	single_answer_choice	Molecules, atoms, and ions do not exhibit electric charge.	Chemical reactions can change the type and number of atoms.	The number of outermost electrons determines the type of atom.	The oxygen and carbon cycles in nature are important for maintaining ecological balance.	D	Matter cycles in nature###Definition and Composition of an Atom###Mutual transformation of atoms and ions###The essence of chemical reactions	"【Answer】 A. Ionic electrical nature does not meet the question's intent;  
B. The types and numbers of atoms do not change before and after a chemical reaction, thus a chemical reaction cannot change the types and numbers of atoms, which does not meet the question's intent;  
C. The number of protons determines the type of atom, and the number of outer electrons determines chemical properties, which does not meet the question's intent;  
D. The oxygen and carbon cycles in nature are of great importance for maintaining ecological balance, which meets the question's intent. Therefore, the answer is: D.\\  
【Analysis】 A. Analysis based on molecules and atoms being neutral, ions being charged;\\  
B. Analysis based on the immutable types and numbers of atoms before and after a chemical reaction;\\  
C. Analysis based on the number of protons determining the type of atom;\\  
D. Analysis based on the significance of the oxygen and carbon cycles in nature"	2024	middle	medium
4743	To prepare 100g of a sodium chloride solution with a solute mass fraction of 8% in the laboratory, the following statement is incorrect:	single_answer_choice	Use a 100mL graduated cylinder to measure the water	The role of stirring with a glass rod during the dissolving process is to accelerate the dissolution rate of sodium chloride	The experimental steps are calculation, weighing, measuring, dissolving, bottling, and labeling	If the lowest point of the concave meniscus is observed when measuring the water, the mass fraction of the prepared solution is less than 8%	D	Common Laboratory Instruments and Their Uses###Preparation of a solution with a specific solute mass fraction	nan	2024	middle	medium
4552	Good at summarizing knowledge can help improve learning ability. The following knowledge organization is completely correct:	single_answer_choice	nan	Properties and Uses	nan	nan	B	Chemical properties of alkalis###Classification and Identification of Organic Polymer Materials###The composition of elements in the human body and the important role of elements in human health###The properties of harmful chemicals and human health	nan	2024	middle	medium
1524	The correct description of the sequence regarding experimental operations is:  	single_answer_choice	When collecting gas using the water displacement method, first remove the gas collection bottle from the water surface, then cover it with a glass plate.  	When producing oxygen with potassium permanganate and collecting gas using the water displacement method, first extinguish the alcohol lamp, then remove the tube from the water surface.  	When measuring the oxygen content in air using red phosphorus, first cool the apparatus to room temperature, then open the spring clamp.  	When producing oxygen with hydrogen peroxide, first load the reagent, then check the apparatus for airtightness.	C	Check the airtightness of the device.###Common Methods for Collecting Gases###Measure the oxygen content in the air.###Laboratory preparation of oxygen	"【Answer】 A. When collecting gas using the water displacement method, a glass plate must be placed underwater before removing the gas collecting bottle above the water surface, which does not meet the requirement;
B. When collecting oxygen using potassium permanganate, to prevent back suction, the tube should be removed from the water before extinguishing the alcohol lamp, which does not meet the requirement;
C. When determining the oxygen content in the air using red phosphorus, the gas collecting bottle should first be cooled to room temperature before releasing the spring clip, which meets the requirement;
D. When generating oxygen from hydrogen peroxide, the apparatus's gas tightness should be checked before adding the chemicals, which does not meet the requirement.
So the answer is: C.
【Analysis】 A. Analyze based on covering with a glass plate underwater after gas is collected by water displacement;
B. Analyze based on the need to prevent back suction when the gas generation apparatus stops reacting;
C. Analyze based on the operational steps for"	2024	middle	medium
6071	The incorrect statement is:	single_answer_choice	Measuring the pH of white vinegar with pH paper shows a value of 7.8. 	Recycling scrap metal can reduce environmental pollution.	Solutions are all homogeneous and stable.	If concentrated sulfuric acid comes into contact with skin or clothing, immediately rinse with plenty of water, then apply a 3%-5% sodium bicarbonate solution.	A	Composition and Characteristics of the Solution###Rational use of metal resources###The relationship between the acidity/alkalinity of a solution and its pH value.###Treatment of acidic and alkaline wastewater	nan	2024	middle	medium
272	Chemistry originates from life and serves life. The following statement is unreasonable:	single_answer_choice	The principle of the heat pack in self-heating food is the exothermic reaction between quicklime and water.	Washing clothes with hard water wastes soap and does not clean the clothes well.	Aluminum products easily form an oxide film on the surface; aluminum kettles should be frequently cleaned with a scouring pad.	In the event of a natural gas leak, immediately close the valve and open windows for ventilation.	C	Hard water and soft water###Chemical properties of metals###Principles and Methods of Fire Extinguishing###Properties and Uses of Quicklime	nan	2024	middle	medium
2561	March 22, 2023, marks the 31st World Water Day. The following statements about water are incorrect:	single_answer_choice	The total amount of water stored on Earth is large, but there is little fresh water.	Homemade simple water purifiers can soften hard water.	Water obtained through distillation is certainly soft water.	Excessive use of fertilizers and pesticides can pollute water sources.	B	Evaporation and Distillation Operations###Purification of water###Hard water and soft water###Rational use of fertilizers and pesticides	"[Answer] A. The total water reserve on Earth is large, but most of it is seawater with little freshwater, not consistent with the question; B. A homemade simple water purifier can filter and adsorb but cannot remove soluble calcium and magnesium compounds from water, or soften hard water, consistent with the question; C. Distillation can remove all impurities from water to obtain pure water, which is considered soft water, not consistent with the question; D. Excessive use of fertilizers and pesticides can cause water pollution, not consistent with the question; Therefore, the answer is: B.

[Analysis] A. Analysis based on the distribution of water resources; B. Analysis based on the function of a homemade simple water purifier; C. Analysis based on the principle of distillation; D. Analysis based on the fact that excessive use of fertilizers and pesticides can cause water pollution."	2023	middle	medium
605	The following statements about resources and energy are correct:  	single_answer_choice	Metal resources are limited and non-renewable. If mining is carried out indiscriminately without considering national interests, metallic elements will eventually be exhausted.  	There is a wide variety of biological species on Earth, but the mass fraction of water in their bodies is generally above 60%.  	Petroleum is a mixture mainly containing carbon and hydrogen elements. Gasoline and coal tar are products of petroleum refining.  	The utilization of solar energy, wind energy, nuclear energy, and biomass energy can address the issue of fossil energy depletion.	B	Rational use of metal resources###Comprehensive Resource Utilization and New Energy Development	nan	2024	middle	medium
3289	The correct statement about the law of conservation of mass is:  	single_answer_choice	1g of red phosphorus completely burns in 2g of oxygen to produce 3g of phosphorus pentoxide.  	The sum of the mass of hydrogen and oxygen obtained from completely electrolyzing 10g of water remains 10g.  	"Due to ""mass conservation,"" the mass of coal residue after burning is necessarily equal to the mass of the coal.  "	10g of water, once completely vaporized, still amounts to 10g of water vapor, thus adhering to the law of conservation of mass.	B	Law of Conservation of Mass and its Applications###The essence of chemical reactions	nan	2023	middle	medium
2559	The scientifically categorized substances below are:	single_answer_choice	Oxides: chlorine dioxide, dry ice	Organic synthetic materials: plastic, alloy	Acids: potassium sulfate, sulfuric acid	Organic macromolecular compounds: glucose, proteins	A	Classification and Identification of Organic Polymer Materials###The concepts of acids, bases, and salts###Characteristics, Classification, and Properties of Polymers of Organic Compounds###Identify oxides based on composition.	nan	2024	middle	medium
4761	The following statements are correct:	single_answer_choice	If concentrated sulfuric acid accidentally gets on the skin, it should be immediately rinsed with plenty of water and then apply boric acid solution.	The principle of using detergent and gasoline to remove oil stains is the same.	Increasing the concentration of oxygen can promote the combustion of flammable materials.	A saturated solution of a substance at a certain temperature cannot dissolve any more of the substance.	C	Emulsification Phenomenon and Emulsification Action###Saturated solution and unsaturated solution###Complete combustion and incomplete combustion###Treatment of acidic and alkaline wastewater	nan	2023	middle	medium
5159	The following statements about oxygen are correct:	single_answer_choice	Can reignite a glowing splint	Easily soluble in water	Can be used as rocket fuel	All reactions of substances with oxygen are very intense	A	Physical properties of oxygen###Chemical properties of oxygen	"[Answer] A. Oxygen supports combustion and can reignite a glowing splint, which matches the question's intent; B. Oxygen is not easily soluble in water, which does not match the question's intent; C. Oxygen supports combustion but is not flammable and cannot be used as fuel, which does not match the question's intent; D. The reaction of substances with oxygen can be very vigorous, such as carbon burning, or slow, such as iron rusting, which does not match the question's intent. Therefore, the answer is: A.  
[Analysis] A. Analyzing based on oxygen's support of combustion; B. Analyzing based on oxygen's solubility; C. Analyzing based on oxygen not being flammable; D. Analyzing based on having vigorous reactions or slow oxidation with oxygen."	2024	middle	medium
4357	Inference is one of the important methods for learning chemistry. The following statements are correct:	single_answer_choice	Ions are charged particles, but charged particles are not necessarily ions	Ions are charged particles, but charged particles are not necessarily ions.	Ions are charged particles, but charged particles are not necessarily ion	Acid rain has a pH less than 7, thus rainwater with a pH less than 7 is not necessarily acid rain.	D	The chemical properties of acids###Formation, Impact, and Prevention of Acid Rain###Mutual transformation of atoms and ions###Purity testing of combustible gases such as hydrogen, carbon monoxide, and methane.	"Answer: D. Ions are charged particles, but charged particles are not necessarily ions, for example, protons are positively charged, thus incorrect;
B. Acid rain has a pH less than 7, but rainwater with a pH less than 5.6 is certainly acid rain, thus incorrect;
C. Adding dilute hydrochloric acid to a substance produces a colorless and odorless gas. The substance is not necessarily a carbonate; it could also be a metal preceding hydrogen, thus incorrect;
D. Impure flammable gases can explode, so the purity of the gas must be tested before igniting, therefore the purity of methane must be tested before igniting it, thus correct.
Therefore, the answer is: D.

Analysis:
A. Charged particles include ions, protons, electrons, etc.
B. Based on the analysis that rainwater with a pH less than 5.6 is certainly acid rain.
C. Based on the analysis that carbonates"	2023	middle	medium
2158	The correct explanations for the following facts are:  	single_answer_choice	After being left open for a period, the concentration of concentrated hydrochloric acid decreases.  	 	Calcium hydroxide solution can conduct electricity.  	 	B	Physical properties and uses of acids###Conductivity of the Solution and Its Principle Analysis	nan	2023	middle	medium
4746	The classification method is commonly used in chemical research. The correct classification is:	single_answer_choice	Trace elements: calcium, iron, zinc	Compound fertilizers: potassium nitrate, nitric acid, ammonium bicarbonate	Air pollutants: nitrogen dioxide, carbon dioxide, inhalable particulate matter	Oxides: carbon dioxide, ferric oxide, calcium oxide	D	Air Pollution and Prevention###Common Types and Functions of Fertilizers###The composition of elements in the human body and the important role of elements in human health###Identify oxides based on composition.	nan	2024	middle	medium
1113	There is a 100g glucose solution with a solute mass percentage of 10%. The incorrect statement about this solution is:	single_answer_choice	The solute is glucose, and the solvent is water.	Taking out 50g of this solution, its solute mass percentage is 5%.	Dissolving 10g of glucose in 90g of water can form this solution.	From a microscopic perspective, the dissolution of the solute involves both diffusion and hydration processes.	B	Phenomenon of Dissolution and Principles of Dissolution###Composition and Characteristics of the Solution###Mass fraction of solute and related calculations	"[Answer] A, A 10% glucose solution has glucose as the solute and water as the solvent, which does not meet the requirements; B, Solutions are homogeneous; taking 50g from a 100g glucose solution with a 10% solute mass percentage leaves a solution with the same solute mass percentage of 10%, which meets the requirements; C, To obtain 100g of glucose solution with a 10% solute mass percentage, one can dissolve 10g of glucose in 90g of water, which does not meet the requirements; D, When substances dissolve in water, both diffusion and hydration processes occur, which does not meet the requirements. Thus, the answer is: B.

[Analysis] A, analyzed based on the composition of the solution; B, analyzed based on the homogeneity of the solution; C, analyzed based on the solute mass percentage = solute mass/solution mass; D, analyzed based on the dissolution process."	2024	middle	medium
1197	The unreasonable methods of storing and using medicines below are (      )	single_answer_choice	Storing table salt in a wide-mouth bottle	Storing hydrochloric acid in a narrow-mouth bottle	Using a dropper to take a small amount of potassium nitrate solution	Using tweezers to take sodium carbonate powder	D	Storage of medicine	"Answer: A. Salt is a solid pharmaceutical, stored in a wide-mouth bottle, thus reasonable and not applicable to the context;
B. Hydrochloric acid is a liquid pharmaceutical, stored in a narrow-mouth bottle, thus reasonable and not applicable to the context;
C. Adding a small amount of liquid with a dropper is reasonable and not applicable to the context;
D. Sodium carbonate powder should be taken with a spatula, thus unreasonable and applicable to the context;
Therefore, the answer is: D.
Analysis: Based on the methods of pharmaceutical storage and operational considerations."	2022	middle	medium
1335	Submarines require the installation of oxygen regeneration devices to ensure extended underwater operations. The following reactions can all produce oxygen, among which the most suitable reaction for supplying oxygen in a submarine is:	single_answer_choice	Potassium permanganate \(\underset{\rightarrow}{heat}\) potassium manganate + manganese dioxide + oxygen	Water \(\underset{\rightarrow}{electrolysis}\) hydrogen + oxygen	Sodium peroxide + carbon dioxide \(\rightarrow\) sodium carbonate + oxygen	Hydrogen peroxide \(\underset{\rightarrow}{manganese dioxide}\) water + oxygen	C	Laboratory preparation of oxygen###Investigation of the Reaction Principles for Producing Gases	"Answer:  
A. This reaction requires heating, which consumes energy, making it unsuitable for supplying oxygen in a submarine, thus it does not meet the requirements.  
B. This reaction requires electricity, which consumes energy, making it unsuitable for supplying oxygen in a submarine, thus it does not meet the requirements.  
C. This reaction neither consumes energy nor does it utilize carbon dioxide produced by the staff's breathing in the submarine, thus it meets the requirements.  
D. Although it does not consume energy, it cannot utilize carbon dioxide, making it unsuitable for supplying oxygen in a submarine, thus it does not meet the requirements.  
Hence, the answer is: C.  
Analysis: Evaluate from the principles of being scientific, rigorous, and reasonable, and whether the apparatus and operation are safe, simple, and produce obvious phenomena, along with whether the chemicals are easy to obtain, economical, environmentally friendly, and energy-saving, then analyze according to the question."	2023	middle	medium
3672	The following beverages in the canteen are solutions:  	single_answer_choice	Cola  	Orange juice with pulp  	Ice water  	Mung bean soup	A	Composition and Characteristics of the Solution###The concepts of suspension and emulsion, and their differences from a solution.###Pure substances and mixtures	nan	2024	middle	easy
4177	In case of a gas leak at home, the correct actions are:  	single_answer_choice	Turn on the exhaust fan to ventilate  	Smoke a cigarette to calm down  	Turn off the gas valve  	Evacuate immediately	C	Principles and Methods of Fire Extinguishing###Safety knowledge of flammable and explosive materials	【Solution】 A. Turning on the exhaust fan during a gas leak at home can cause the gas to come into contact with an open flame and lead to an explosion; this does not meet the requirement. B. Smoking produces an open flame, which can ignite the leaked gas and cause an explosion; this does not meet the requirement. C. In case of a gas leak at home, you should turn off the gas valve and open the windows for ventilation, which meets the requirement. D. In case of a gas leak at home, you should first turn off the gas valve, then open doors and windows for ventilation, and find the cause of the leak. You should not escape quickly; this does not meet the requirement. Therefore, the answer is: C. 【Analysis】 In the event of a gas leak at home, you should close the gas valve, open windows for ventilation, and avoid contact with open flames to prevent an explosion.	2022	middle	medium
4363	The exploration experiments to achieve the following purposes do not require the controlled variable method:	single_answer_choice	Conditions for iron rusting  	Different solubility of the same solid in different solvents  	Conditions for combustion  	Combustion products of hydrogen gas	D	Factors affecting the rate of dissolution###Exploration of the Conditions for Combustion and the Principles of Fire Extinguishment###Investigating the conditions for metal corrosion.	nan	2023	middle	medium
