index	question	category	A	B	C	D	answer	knowledge	analysis	year	grade_level	difficulty_level
4578	Xiao Ming is very interested in studying the geography of Western Europe. Below is the knowledge he has collected to answer the following question.	single_answer_choice	Arctic Ocean, Mediterranean Sea, Atlantic Ocea	The north, west, and south sides of Western Europe are respectively bordered by ______.	Arctic Ocean, Mediterranean Sea, Atlantic Ocea	Arctic Ocean, Mediterranean Sea, Atlantic Ocean  	B	The location and scope of Western Europe###Developed industry in Western Europe###The prosperous tourism industry of Western Europe	nan	others	middle	medium
4667	The table below shows the proportions of different age groups from the three censuses conducted in our country since 2000. Based on this, complete the following questions. 	single_answer_choice	Since 2000, the characteristic change in our country's population age structure is ( )	Since 2000, the characteristic change in our country's population age structure is ( ).	Since 2000, the characteristic change in our country's population age structure is ( )	The proportion of the population aged 0-14 is continuously rising.  	D	Population Issues and Policies in Our Country###Population size and population growth in our country	nan	others	middle	medium
796	The following statement about energy in China's four geographical units is incorrect (     )	single_answer_choice	Northern region is rich in coal resource	Northern region is rich in coal resources	Southern region is rich in water resources	Northwestern region is rich in tidal energy	C	The basis and boundaries for dividing the four major geographical regions	nan	others	middle	medium
3494	The following are descriptions of the Yangtze River Delta region. Which is correct?	single_answer_choice	This area has a temperate monsoon climate, and the climate is humid and hot	This area has a temperate monsoon climate, and the climate is humid and hot.	This area has a temperate monsoon climate, and the climate is humid and ho	There are famous ancient capitals here, such as Nanjing, Hangzhou, Xi'an, etc.	D	Overview of the Yangtze River Delta Region###The cultural characteristics and tourism of the water towns	nan	others	middle	easy
4557	In recent years, Yangquan's public transportation has undergone significant changes. In December 2023, Route 2 even introduced a meteorology science-themed bus, allowing citizens to learn about meteorological warning signals, common meteorological disasters, and the principles behind artificial weather modification while riding the bus. Based on this, answer the following question.	single_answer_choice	The shift from diesel and natural gas buses to all-electric buses reflects the concept of (      	The shift from diesel and natural gas buses to all-electric buses reflects the concept of (      )	The shift from diesel and natural gas buses to all-electric buses reflects the concept of (      	Increasing capacity and speed, improving transportation efficiency  	D	Causes and Distribution of Major Meteorological Disasters in China###Air quality and pollution index###Conservation and protection of natural resources	nan	others	middle	medium
563	The incorrect statement about contour lines is (　　)	single_answer_choice	Contour lines are lines on a map that connect points of the same elevation	Contour lines are lines on a map that connect points of the same elevation.	Contour lines are lines on a map that connect points of the same elevatio	Coloring between contour lines is called hypsometric tinting.	D	Interpretation of contour maps###Layer-tinted topographic map###Contour Lines and Their Interpretation	"(Analysis) Contour lines on a map connect points of the same elevation, so A is correct.

Coloring between contour lines is known as hypsometric tinting, so B is correct.

The principle of isobaths is the same as contour lines; connecting points of the same depth makes an isobath, so C is correct.

Sparse contour lines indicate a gentler slope, so D is incorrect.

Therefore, the answer is: D.
(Commentary) This question mainly tests the characteristics of contour lines. It falls under the category of understanding and memorizing knowledge points. Mastering the corresponding contour map knowledge is key to answering the question and has a certain level of difficulty."	others	middle	hard
2725	Regarding the formation of the Earth's internal layers, the incorrect statement is (    )	single_answer_choice	Meteorite impacts caused the Earth's surface to be in a molten state, promoting the differentiation of the Earth's layers	Meteorite impacts caused the Earth's surface to be in a molten state, promoting the differentiation of the Earth's layers.	Meteorite impacts caused the Earth's surface to be in a molten state, promoting the differentiation of the Earth's layers	The large mass of the Earth, along with its associated gravity, allows gravitational differentiation to occur effectively.	D	The Earth's Layered Structure	"[Analysis] Combining the knowledge learned, we can conclude:

A. Meteorite impact events not only brought a large amount of material and energy to Earth but also caused Earth's temperature to rise sharply, leading to a molten state on the Earth's surface and promoting the differentiation of Earth's layers. A is correct;

B. Earth's large mass and the related substantial gravity enable effective gravitational differentiation. B is correct;

C. Due to Earth's large mass, it also has a high content of radioactive materials, which can release energy over a long period, facilitating the long-term internal layer differentiation. C is correct;

D. It is generally believed that the primordial Earth differentiated from the solar nebula was homogeneous. Later, due to the decay of radioactive elements, planetary collisions, and compression of Earth's own materials, Earth accumulated significant thermal energy, leading to localized and continuous melting of the original homogeneous materials, thereby causing vertical differentiation and adjustment of the physical and chemical properties of Earth's substances, unrelated to the gravitational pull from the Sun."	others	middle	hard
