index	question	category	answer	knowledge	analysis	year	grade_level	difficulty_level
2341	West Asia is located at the intersection of Asia, Africa, and Europe, with a very important strategic position.	true_false	True	The location and scope of the Middle East	"Explanation and Analysis: West Asia is located at the intersection of Asia, Africa, and Europe, positioned between the Arabian Sea, Red Sea, Mediterranean Sea, Black Sea, and Caspian Sea (an inland lake), connecting Asia, Europe, and Africa, hence it is called the ""land of five seas and three continents.""

Review: Also known as Southwest Asia, it is a geographic region in the southwestern part of Asia. Due to its position at the crossroads of Asia, Africa, and Europe, and being situated between the Arabian Sea, Red Sea, Mediterranean Sea, Black Sea, and Caspian Sea, it is referred to as the ""land of five seas and three continents."" It serves as a critical hub connecting the three continents and facilitating communication between the Atlantic and Indian Oceans, which makes its geographical position extremely important. The region has an arid climate, scarce water resources, and is predominantly highland terrain. The Persian Gulf and Caspian Sea coasts here are renowned oil"	others	middle	medium
2985	"The Indus River is referred to by Indians as the ""Holy River."""	true_false	False	Topography, Climate, and Rivers of South Asia and Their Impact on Agricultural Production	"(Analysis) [Analysis] The river referred to as the ""sacred river"" by Indians is the Ganges, thus it's incorrect."	others	middle	medium
3431	The terrain of the Indochinese Peninsula is high in the north and low in the south, forming a surface pattern of alternating mountains and rivers arranged in vertical columns.	true_false	True	The interspersion of mountains and rivers with city distribution in Southeast Asia	"(Analysis) The terrain of the Indochina Peninsula is higher in the north and lower in the south, forming a surface pattern where mountains and rivers are interspersed and arranged longitudinally. Hence, this is correct.

17. Japan is poor in mineral resources, and its industrial raw materials and fuels mainly rely on imports."	others	middle	medium
1344	The five stars and the bauhinia are the design of the flag of the Hong Kong Special Administrative Region. (True or False)	true_false	False	Hong Kong Overview and Economic Development	"The flag of the Hong Kong Special Administrative Region is a bauhinia with five stars in its stamens, and the stars are the pattern from the national flag of the People's Republic of China.

Therefore, the answer is: Incorrect.

(Comment) The flag of the Hong Kong Special Administrative Region features a bauhinia with five stars in its stamens on a red background. The flag contains a white bauhinia flower, which is the regional emblem of Hong Kong, representing Hong Kong itself. The red background is the same as that of the People's Republic of China, symbolizing that the Hong Kong Special Administrative Region is a part of the People's Republic of China."	others	middle	medium
3793	Currently, the largest energy-producing region in China is the northern area.	true_false	True	Geographical Features and Differences of the Four Major Geographic Regions###Overview of the Physical Geography of Northern Regions	"[Analysis] The northern region is currently China's largest energy base. The Daqing Oilfield and Shengli Oilfield are the largest and second-largest oilfields in the country, respectively, contributing to more than half of the national oil output. The Liaohe Oilfield, Huabei Oilfield, and Zhongyuan Oilfield are also significant oilfields. The northern region is extremely rich in coal resources, with large coal mines such as Datong, Yangquan, Xishan, and Pingshuo in Shanxi Province, Shenfu in Shaanxi Province, Kailuan and Fengfeng in Hebei Province, and Jixi and Hegang in Heilongjiang Province. Shanxi is the province that produces the most coal in China.

Thus, the answer is: Correct.

[Commentary] The northern region is rich in mineral resources such as coal, iron, and oil, and has established the Northeast Heavy Industry Base and the Jing-Jin-Ji Industrial Base. Additionally,"	others	middle	medium
3435	It is more suitable for our Antarctic expedition team to conduct research around the Chinese New Year.	true_false	True	Scientific Exploration and Environmental Protection in Polar Regions	"[Analysis] The polar regions have harsh climates, so exploration should take place during the local warm season. The seasons in the Northern and Southern Hemispheres are opposite; for expeditions to Antarctica, the period from November to March the following year is ideal. Around the Chinese New Year (winter) is the warm season in Antarctica, with relatively higher temperatures and polar day phenomena, facilitating scientific research.

Thus the answer is: Correct.

[Commentary] The polar regions are extremely cold, often windy, and have scarce precipitation. Whether in Antarctica or the Arctic Ocean, both are vast worlds of ice and snow. 68% of the Earth's freshwater is stored in the form of ice and snow in the polar regions, which is important for analysis and study."	others	middle	medium
2996	The western Atlantic coast of Europe has a more pronounced maritime climate.	true_false	True	Topography, climate, and rivers of Western Europe	"[Analysis] The terrain along the Atlantic coast of Western Europe is primarily plains, with mountains distributed on the north and south sides mostly in an east-west direction. This facilitates warm and moist marine air currents to penetrate inland. Meanwhile, the North Atlantic Current passes along the coast, playing a role in warming and humidifying, making the temperate maritime climate characteristics of this region very pronounced. It is the most typical area of temperate maritime climate in the world, thus this description is correct. 

[Review] Most of Western Europe is located in the Northern Hemisphere and Eastern Hemisphere, largely in the northern temperate zone and partially in the northern frigid zone. Geographically, it lies in the western part of Europe, bordered to the north by the Arctic Ocean, to the west by the Atlantic Ocean, and separated to the south from Africa by the Strait of Gibraltar and the Mediterranean Sea. It experienced early industrial development and is home to the highest concentration of developed countries in the world. Western Europe predominantly"	others	middle	medium
2262	Economic development in sub-Saharan Africa is slow, primarily exporting primary products and importing manufactured goods, putting it at a disadvantage in international trade.	true_false	True	Economic development in Sub-Saharan Africa	"Analysis: Long-term colonial rule has made Africa the continent with the lowest level of economic development in the world. After achieving political independence, countries in sub-Saharan Africa have experienced varying degrees of national economic development. However, most countries still have a weak industrial base, focusing excessively on developing one or several agricultural and mining primary products for export. This makes them raw material suppliers and markets for industrial goods for developed countries, positioning them disadvantageously in international trade as the products they export are primarily raw materials. Therefore, this is correct.

Comment: Sub-Saharan Africa is mainly located between the Tropics of Cancer and Capricorn, with the equator running through the middle. Most of the region is tropical, characterized predominantly by highlands, with the terrain sloping from southeast to northwest. The climate is mainly tropical, with a vast area covered by tropical savanna climate. Over 90% of the population is black, earning it the nickname ""the homeland of black people."" While it is rich in mineral"	others	middle	medium
1010	Most of sub-Saharan Africa is located in the tropics and is the homeland of Black people.	true_false	True	Sub-Saharan Africa: Population, Food, and Environment	"The majority of sub-Saharan Africa is located between the Tropic of Cancer and the Tropic of Capricorn and is known as the ""Tropical Continent."" Over ninety percent of the population is Black, making it the homeland of Black people and earning it the name ""Black Africa,"" which is accurate. Sub-Saharan Africa is commonly referred to as ""Black Africa,"" meaning ""the homeland of Black people,"" generally referring to the region south of the central Sahara Desert. It is the poorest region in the world, bordered by the Atlantic Ocean to the west, the Indian Ocean to the east, and separated from Europe by the Mediterranean Sea and the Strait of Gibraltar to the north. The terrain is primarily highlands, known as the Plateau Continent, featuring the Ethiopian Highlands, East African Highlands, and South African Plateau. The climate mainly includes tropical rainforest, tropical savanna, and tropical desert climates, with some Mediterranean climate in the southern Cape of Good Hope region."	others	middle	medium
604	"The main reason Mount Kilimanjaro forms the ""equatorial snow peak"" is due to the influence of latitude."	true_false	False	The main factors affecting climate	Analysis: Mount Kilimanjaro is located near the equator, with an altitude of 5,895 meters, making it an equatorial snow peak. This is mainly due to the influence of terrain on climate; as the terrain elevation increases, the temperature decreases. Generally, for every 100 meters of elevation, the temperature drops by approximately 0.6°C. Therefore, it is incorrect.	others	middle	medium
5260	The largest provincial-level administrative region in China by area is the Xinjiang Uyghur Autonomous Region.	true_false	True	Administrative divisions of China	"[Analysis] The largest provincial administrative region in China is the Xinjiang Uygur Autonomous Region, covering an area of 1.66 million square kilometers, which accounts for one-sixth of China's total land area. Correct. 

[Commentary] The Xinjiang Uygur Autonomous Region, abbreviated as ""Xin,"" with the capital at Urumqi, is located in the northwest region of China. It is one of the five ethnic minority autonomous regions in China. With an area of 1.66 million square kilometers, it is the largest provincial-level administrative region by land area in China, covering one-sixth of the country's total land area. By the end of 2019, the permanent population reached 25.2322 million. Xinjiang is situated in the heart of the Eurasian continent, with a land border stretching over 5,600 kilometers. It borders eight countries: Russia, Kazakhstan, Kyrgyzstan, Tajikistan, Pakistan, Mongolia, India, and"	others	middle	medium
1066	Africa is the continent with the highest natural population growth rate and the largest total population in the world.	true_false	False	The number and growth of the world's population	"Analysis & Commentary: Africa is the continent with the highest natural population growth rate in the world, while Asia is the continent with the largest total population. 

Commentary: Natural population growth rate is calculated as birth rate minus death rate. If the result is positive, it indicates a population increase; if negative, it indicates a population decrease. Generally, more economically developed regions tend to have lower population growth rates, while less economically developed regions have higher growth rates. Currently, Africa has the highest population growth rate, and Asia has the largest population."	others	middle	medium
1429	In the regional distribution of agriculture in our country, the differences between the eastern and western areas are mainly delineated by an annual precipitation of approximately 800 millimeters and other precipitation levels.	true_false	False	The regional distribution of agriculture in our country	[Explanation] [Analysis] The boundary between humid and semi-humid regions in our country is roughly near the 800 mm annual isohyet line. The main difference in the regional distribution of agriculture between the east and west of our country is approximately demarcated by the 800 mm annual isohyet line.	others	middle	medium
3752	The ethnic minorities in our country are mainly distributed in the northeast, northwest, and southeast regions.	true_false	False	The distribution of ethnic groups in our country	"The characteristics of the distribution of China's ethnic groups are ""broad dispersion, small clustering, and overlapping habitation."" The Han ethnic group is the most widely distributed, mainly concentrated in the eastern and central regions. Minority ethnic groups are primarily distributed in the southwest, northwest, and northeast regions. There are minority ethnic group enclaves in Han regions, and Han people living in minority areas. This pattern of ethnic distribution promotes interaction and cooperation among ethnic groups, providing favorable conditions for the joint prosperity of all ethnic groups.

Therefore, the answer is: wrong. 

China is a unified and cohesive multi-ethnic family, comprising 56 ethnic groups including the Han, Zhuang, Mongolian, Hui, Tibetan, Uyghur, and Miao. Among these, the Han comprises the largest population, accounting for about 91.5% of the national total, while the combined population of other ethnic groups, known as minorities, accounts for about 8.5%."	others	middle	medium
2270	In semi-arid areas, the annual precipitation is 200-400 millimeters, with vegetation primarily consisting of forests.	true_false	False	The characteristics of precipitation in our country and the division of arid and humid regions	"Based on the amount of precipitation, China is divided into four wetness regions: humid areas (>800 mm), semi-humid areas (400-800 mm), semi-arid areas (200-400 mm), and arid areas (<200 mm). The corresponding vegetation is forest in humid areas, forest and grassland in semi-humid areas, grassland in semi-arid areas, and desert-and-grassland and desert in arid areas. The annual precipitation in semi-arid areas is 200-400 mm, with grassland being the main vegetation.

Therefore, the answer is: incorrect. 

This question tests the classification of China's wetness regions and the types of vegetation, which is important to remember."	others	middle	medium
1969	The boundary between tectonic plates is relatively stable. ( ) (True or False)	true_false	False	Plate tectonics theory	"[Analysis] The relative positions of oceans and land are constantly changing. Generally speaking, the interior of tectonic plates is relatively stable, while the areas at the boundaries between plates can experience tension and stretching or collision and compression, making the crust more active.

Therefore, the answer is: Incorrect.

[Comment] Geologists, after long-term studies, proposed the plate tectonics theory. This theory posits that the Earth's lithosphere is composed of plates. Globally, there are six major plates. The Pacific Plate is almost entirely ocean, while the other plates include both continents and oceans."	others	middle	medium
1546	Generally, there is less precipitation in equatorial regions and more in polar regions.	true_false	False	The distribution pattern of annual precipitation worldwide.	"[Analysis] Generally speaking, the equatorial regions receive more precipitation, while the polar regions receive less.  
Therefore, the answer is: Incorrect.  
[Comment] This question examines the global distribution patterns of annual precipitation, which is a knowledge point classified under understanding and memorization. Grasping the corresponding textbook knowledge is fundamental to answering, and it is better to use the global annual precipitation distribution map for memorization."	others	middle	medium
346	The only outlet of the Persian Gulf is the Strait of Hormuz. (True/False)	true_false	True	The world status of Middle Eastern oil	(Explanation) The only exit of the Persian Gulf is the Strait of Hormuz, which is the busiest strait for oil transportation in the world. Therefore, the answer is: True. (Commentary) The oil resources in the Middle East are mainly distributed in the Persian Gulf and its coastal areas. The only exit of the Persian Gulf is the Strait of Hormuz, which is the busiest strait for oil transportation in the world. This question tests on the straits of Western Asia, and it's important to remember this.	others	middle	medium
2422	There are 14 countries across the sea from our country.	true_false	False	China's land neighbors and countries across the sea	"Analysis: China's coastline is long, with six countries across the sea from China. China has an extensive land border, sharing land boundaries with 14 neighboring countries. Therefore, the statement in the question is incorrect. 

Comments: China's land neighbors (14 countries) are North Korea, Mongolia, Russia, Kazakhstan, Kyrgyzstan, Tajikistan, Afghanistan, Pakistan, India, Nepal, Bhutan, Myanmar, Laos, and Vietnam. 
Countries across the sea (6 countries) are South Korea, Japan, the Philippines, Malaysia, Brunei, and Indonesia."	others	middle	medium
4607	The world's second most populous country has leveraged advantages such as abundant and cheap labor to develop the service outsourcing industry. (True or False)	true_false	True	India's industrial and outsourcing industries	"Analysis: India is the world's second most populous country. Its advantages in developing the IT service outsourcing industry include abundant human resources, low labor costs, widespread English proficiency, and an early start in IT development.

Thus, the answer is: Correct.

Review: India is the fastest-growing economy in South Asia. After gaining independence, India gradually developed new industries such as electronics, automobile manufacturing, atomic energy, and aerospace on the basis of utilizing coal and iron resources to develop heavy industry. In recent years, India's computer software industry has held an important position globally."	others	middle	medium
2474	The region with the most strained coordination of water and soil resources in our country is the North China Plain.	true_false	True	Overview of the Physical Geography of Northern Regions	"[Analysis] The North China region has extensive arable land, dense population, and developed industries, which lead to high water demand. However, water resources only account for 6% of the national total, making water usage very tight and the coordination between water and land resources unbalanced. Therefore, the answer is: √. 

[Comment] The distribution of water resources in China is significantly uneven, specifically characterized by: ""more in the east than the west, more in the south than the north."""	others	middle	medium
3093	If population growth is too slow or negative, it can lead to housing shortages and employment difficulties.	true_false	False	Major Global Population Issues and Solutions	nan	others	middle	medium
1013	"Australia is known as the ""World's Living Fossil Museum."""	true_false	True	Unique flora, fauna, and natural landscapes of Australia	"Analysis: As a unique island continent, Australia has a distinctive geological history and an isolated ecosystem, which has preserved and protected many precious ""living fossil"" species. This has led to it being honored as the ""World Museum of Living Fossils.""
Therefore, the answer is: Correct.

Commentary: Australia's isolated location and relatively stable geological history have created its unique and rich biodiversity. Many species have survived and continued to exist here, while they may have gone extinct in other regions. Numerous organisms called ""living fossils"" have been found in Australia, retaining ancient characteristics and evolutionary history."	others	middle	medium
4974	The natural landscapes of the Northwest region gradually transition from eastern grasslands to desert steppes and deserts as you move westward.	true_false	True	Natural Geographical Overview of the Northwest Region	(Analysis) Affected by decreasing precipitation from east to west, the natural landscape of the northwest region gradually transitions from eastern grasslands to desert steppes and deserts in the west. Therefore, the answer is: correct. (Commentary) The northwest region administratively includes five provinces and autonomous regions: Inner Mongolia Autonomous Region, Gansu Province, Qinghai Province, Ningxia Hui Autonomous Region, and Xinjiang Uygur Autonomous Region. The northwest region is located deep inland, far from the sea, and coupled with high plateau and mountainous terrain that blocks moist air currents, resulting in sparse precipitation, arid climate, and the formation of vast deserts and Gobi Desert landscapes.	others	middle	medium
3756	"The continent with the largest population and highest natural growth rate is Africa. ( )

A. Correct B. Incorrect"	true_false	False	Sub-Saharan Africa: Population, Food, and Environment###Population and Countries of Asia	nan	others	middle	medium
2684	Currently, mainland China is Taiwan's largest trading partner.	true_false	True	Taiwan's export-oriented economy	nan	others	middle	medium
772	In a layered color topographic map, dark green represents the plateau.	true_false	False	Layer-tinted topographic map	nan	others	middle	medium
3780	The southern region's non-ferrous metal mineral resources are quite abundant.	true_false	True	Mineral Resources and Their Distribution in Our Country	"The non-ferrous mineral resources in the southern regions are quite abundant, while the mineral resources in the northern regions are mainly coal, iron, and petroleum. Therefore, the statement is correct. Hence, the answer is: Correct. 

In the southern regions, non-ferrous mineral resources are very abundant, such as the copper mines in Dongchuan, Yunnan, and Dexing, Jiangxi; the antimony mine in Xikuangshan, Hunan; the lead-zinc mine in Shuikoushan; the mercury mine in Tongren, Guizhou; the tin mine in Gejiu, Yunnan; and the tungsten mine in Dayu, Jiangxi."	others	middle	medium
400	In areas where the terrain is relatively flat, the soil is fertile, and water sources are abundant, it is suitable to develop forestry.	true_false	False	Develop agriculture according to local conditions.	"(Explanation) [Analysis] Areas with flat terrain, fertile soil, and abundant water sources are suitable for developing agriculture, following the principle ""where farming is suitable, farm."" Areas with rugged terrain and severe soil erosion are suitable for developing forestry, following the principle ""where forestry is suitable, plant trees."" Thus, this statement is incorrect. 

[Comment] Agriculture is the foundation of the national economy, and its development should be tailored to local conditions. With China's vast territory and significant variations in terrain, climate, and altitude, developing agricultural production must first consider local climate characteristics and soil conditions to select appropriate crop varieties. From the perspective of terrain conditions, plains are suitable for farming, mountainous areas for forestry, low hills and hilly regions for fruit cultivation, and areas near rivers or lakes for aquaculture."	others	middle	medium
1627	The largest country in Europe by area is Germany, and its capital is Paris.	true_false	False	Overview of Europe	"Based on the knowledge learned, the largest country in Europe by area is Russia, with its capital in Moscow. Therefore, the statement is incorrect.

Review: Russia is located in the northern part of the Eurasian continent, spanning both Europe and Asia, with a land area of 17.0982 million square kilometers. It is the largest country in the world by area and is a unified multi-ethnic country composed of 194 ethnic groups, with Russians being the main ethnic group. Most of its European territory is the East European Plain."	others	middle	easy
1424	The smoggy weather in Beijing is caused by human factors.	true_false	False	Geography and Daily Life	"[Analysis] The formation of smoggy weather is mainly due to human-induced environmental pollution, combined with natural conditions such as low temperatures and weak winds, which prevent pollutants from dispersing easily, leading to smog. The frequent occurrence of smoggy weather indicates environmental degradation.

Therefore, the answer is: False.

[Comment] Smog is a mixture of fog and haze. In the morning and evening, when humidity is high, there is more fog. During the day, when humidity is high, haze predominates, with relative humidity between 80% and 90%. Fog is a natural weather phenomenon, consisting of water vapor in the air. Although dust serves as a condensation nucleus, it is generally non-toxic and harmless. The core substances of haze include smoke and dust suspended in the air. When the relative humidity is below 80%, it appears yellowish. These gases can directly enter and adhere to the lower respiratory tract and lungs, harming human health. The formation of smog"	others	middle	medium
4975	The climate in Western Europe is mild and humid, with low-lying terrain suitable for the growth of lush grasses, thus promoting a thriving livestock industry.	true_false	True	Modern livestock farming in Western Europe	The climate in Western Europe is mild and humid, with low and flat terrain, suitable for the growth of lush pasture, leading to developed animal husbandry. Therefore, this is correct.	others	middle	medium
1690	"The mutual cooperation among developing countries is generally referred to as the ""North-South Dialogue."""	true_false	False	Distribution of developed and developing countries	"The term ""North-South Dialogue"" typically refers to political and economic negotiations between developed and developing countries, while ""South-South Cooperation"" refers to mutual cooperation between developing countries. Therefore, it is incorrect to refer to mutual cooperation between developing countries as ""North-South Dialogue""."	others	middle	medium
4281	In the Sanjiangyuan region, groundwater is the initial source of rivers.	true_false	False	Plateau Wetlands - Sanjiangyuan Area	"[Explanation] [Analysis] Solution: The three rivers in the Sanjiangyuan area refer to the Yangtze River, Yellow River, and Lancang River. The meltwater from the snow-capped mountains and glaciers here is the initial source of these rivers. The region has numerous lakes, which are one of the water supply sources for the rivers and also serve as natural regulators of river flow. Sanjiangyuan is also an important natural marshland area in China. These extensive marshes, like sponges, absorb the meltwater from the snow-capped mountains and glaciers, forming the initial source of the rivers. Therefore, the answer is: False.

[Commentary] Sanjiangyuan is located in the southern part of Qinghai Province, China. It is the largest nature reserve in China and one of the regions with the highest concentration of high-altitude biodiversity in the world. It is the origin of the Yangtze River, Yellow River, and Lancang River, with water sources"	others	middle	medium
2398	Africa straddles the equator, borders the Atlantic Ocean to the west and the Indian Ocean to the east, and is separated from Europe to the north by the Mediterranean Sea.	true_false	False	The location and countries of Africa	(Analysis) Africa spans both sides of the equator, bordered by the Indian Ocean to the east, the Atlantic Ocean to the west, and separated from Europe to the north by the Mediterranean Sea and the Strait of Gibraltar. Hence, it is incorrect.	others	middle	medium
5057	At 2:23 on December 8, 2018, China successfully launched the Chang'e 4 probe. At the moment of its successful launch, the time in London, UK (UTC) should be 18:23 on December 8, 2018.	true_false	False	Time difference	"Explanation and Analysis: 

In China, there is an 8-hour time difference with the UK. On December 8, 2018, at 2:23 AM, China successfully launched the Chang'e 4 probe. At the time of the successful launch of Chang'e 4, the time in London, UK (in GMT) was December 7, 2018, at 6:23 PM.

Review of local time calculation steps:

1. Calculate the longitude difference between two locations:

   (1) If both the known location and the desired location are either in the eastern or western hemisphere: Longitude difference = larger longitude - smaller longitude.

   (2) If one location is in the eastern hemisphere and the other is in the western hemisphere: Longitude difference = sum of both locations' longitudes.

2. Convert the longitude difference to local time difference: Local time difference = longitude difference ÷ 15°/hour; or longitude difference x 4 minutes per degree ("	others	middle	medium
4918	Xishuangbanna is the place in China where the original tropical grasslands are most well-preserved.	true_false	False	Yunnan	"(Analysis) The Xishuangbanna Tropical Rainforest Nature Reserve is located in Jinghong, Mengla, and Menghai counties in Xishuangbanna Prefecture, southern Yunnan Province. Covering a total area of 2,420.2 square kilometers, its tropical rainforests, South Asian tropical evergreen broadleaf forests, rare flora and fauna, and the entire forest ecosystem are invaluable treasures. Aside from Hainan Province, it is China's most well-preserved and contiguous large tropical forest, attracting attention both domestically and internationally. According to the question's intent, the answer is: Incorrect.

(Commentary) The Xishuangbanna Nature Reserve is located within the Xishuangbanna Dai Autonomous Prefecture in southern Yunnan Province. It experiences a tropical monsoon climate characterized by high temperatures and heavy rainfall throughout the year, with long summers and no winters. This question examines the distribution of tropical rainforests in China and is a basic topic.

28."	others	middle	medium
2330	The statement is false.	true_false	False	Overview of the United States	"(Analysis) The United States is divided into 50 states and 1 district. The mainland is the main part with 48 states, and there are two ""overseas states"": one is Alaska at the northwest end of the North American continent; the other is Hawaii in the Pacific. Hawaii is located in a tropical region and attracts tourists from around the world with its charming tropical scenery.

Therefore, the answer is: incorrect.  
(Commentary) The United States is located in the southern part of North America and is divided into 50 states and 1 district. The mainland is the main part with 48 states, and there are two ""overseas states"": one is Alaska at the northwest end of the North American continent; the other is Hawaii in the Pacific.

34. The air pollution index reflects the degree of air pollution; the larger the index, the more severe the air pollution."	others	middle	medium
4618	The Strait of Malacca is an important passage for Middle Eastern oil to East Asia and is known as the maritime lifeline.	true_false	True	Strategic Passageway — Strait of Malacca	"[Analysis] The Strait of Malacca is located between the Malay Peninsula and Sumatra. It is an important channel for Middle Eastern oil being transported to East Asia and is referred to as the maritime lifeline.

Therefore, the answer is: Correct. \[Commentary\] This question examines the importance of the Strait of Malacca. It is better recalled in conjunction with the map of Southeast Asia. Solving such questions primarily relies on the accumulation of knowledge from regular studies, with a focus on memorizing key points from the textbooks. The difficulty is not high."	others	middle	medium
1998	Gale, spring-like all year round, warm winter and cool summer, sunny are all descriptions of the weather. (True/False)	true_false	False	The distinction and connection between weather and climate	"The place characterized by ""spring-like all year round, warm in winter and cool in summer"" refers to the long-term average weather conditions, which are relatively stable and belong to climate. Meanwhile, terms like ""strong winds and heavy rain"" or ""sunny weather"" describe short-term phenomena such as cloudy or clear weather, rain, and snow, therefore belonging to weather.

Hence, the answer is: incorrect.

Commentary: The distinction between weather and climate. Weather and climate are two different concepts, and correctly distinguishing them is key to answering this question. Weather refers to the short-term atmospheric changes near a specific location's surface, characterized by variability. Climate refers to the long-term average weather conditions of a place, characterized by stability. This question examines the concepts of weather and climate, and understanding this distinction will lead to the correct answer."	others	middle	medium
4602	The high-tech industrial region in the northeastern United States is the world's largest advanced technology industry base.	true_false	False	The United States' advanced industry and high-tech industries.	(Analysis) The high-tech industrial area in the western United States is the world's largest high-tech industry base. Therefore, it is incorrect. 137.	others	middle	medium
5065	The languages with the most speakers and the widest use in the world are English and Chinese, respectively.	true_false	False	Major World Languages and Their Distribution	(Analysis) Chinese is the most widely spoken language in the world, while English is the most widely distributed language. Therefore, the answer is: false.	others	middle	medium
394	The severe soil erosion on the Loess Plateau is caused by natural factors and is not related to human factors. (True/False)	true_false	False	Causes, Impacts, and Solutions of Soil Erosion on the Loess Plateau	"[Analysis] The Loess Plateau loses a large amount of soil every year. The causes of soil erosion include both natural and human-induced reasons. Natural reasons include higher and varied terrain, concentrated rainfall with frequent heavy rain, poor vegetation cover, loose loess structure, and many fissures. Human-induced reasons involve the unreasonable utilization of land resources, leading to vegetation destruction, such as over-cultivation, overgrazing, over-harvesting, and irresponsible mining.

Therefore, the answer is: incorrect.

[Commentary] The Loess Plateau, situated between the Taihang Mountains, Qilian Mountains, Great Wall, and Qinling Mountains, covers an area of about 500,000 square kilometers. This region has the largest loess distribution in the world. Prolonged soil erosion has resulted in the plateau's ""crisscrossed ravines"" topography."	others	middle	medium
3098	"Suzhou is located in the Yangtze River Delta region and is known as the ""Land of Fish and Rice."" (    ) (True or False)"	true_false	True	Overview of the Yangtze River Delta Region###Jiangsu	"[Analysis] Suzhou is located in the Yangtze River Delta region, which is abundant in rivers and lakes, has rich water sources, and sufficient heat. The main crop is rice, and the Yangtze River Delta is known as the ""land of fish and rice""; therefore, the statement is correct.

Thus, the answer is: Correct.

[Commentary] The middle and lower Yangtze River Plain is the third largest plain in China, mainly formed by the silt deposited by the Yangtze River and its tributaries. The terrain is flat, with most of the area below 50 meters above sea level. The plain is interwoven with rivers and canals, making it an important base for grain, cotton, and oil production, and famously known as the ""land of fish and rice."""	others	middle	medium
3006	Beijing is the country's political, economic, and cultural center.	true_false	False	Overview of Beijing and Its Urban Functions	[Analysis] Beijing is the national political and cultural center, but not the economic center. Therefore, the answer is: False. [Commentary] Beijing is located at the intersection of the Taihang Mountains, Yan Mountains, and North China Plain. It is the capital of China, the national political, cultural, transportation, scientific research, and education center, as well as a world-famous historical and cultural city and an international exchange center. The Great Hall of the People is the location of the National People's Congress Committee, and Zhongnanhai is the location of the Central Committee of the Communist Party of China and the State Council, all indicating that Beijing's city function is a political center. The presence of numerous universities, research institutions, libraries, and museums, along with Beijing's advantages in talent, information, and technology, indicates its role as a cultural center. The expansion of Beijing Capital Airport indicates its function as a transportation center. The frequency of various international business activities in Beijing indicates its role	others	middle	medium
1963	"In 2015, the first China-Latin America and Caribbean Community Forum was held in Beijing, becoming a model of ""South-South Cooperation."""	true_false	True	Economic globalization	"[Analysis] Both China and the Community of Latin American and Caribbean States are developing countries, so the cooperation in the China-Latin America and Caribbean Forum is an example of ""South-South cooperation."" Thus, the answer is: Correct."	others	middle	medium
4090	The conflicts over the distribution of river and lake water resources are the main reason for the tensions in the Middle East. (True or False)	true_false	False	Human and Physical Geography of the Middle East (Religion and Cultural Customs)	"[Analysis] Ethnic conflicts, religious disputes, territorial disputes, and competition for oil and water resources are important factors in the wars and conflicts in the Middle East. The main reason is the competition for oil resources. It can also be said that the wars in the Middle East are fought for faith, water, oil, and land.

Therefore, the answer is: incorrect.

[Commentary] The strategic geographic location, ethnic conflicts, religious and cultural disputes, territorial disputes, and competition for abundant oil and scarce freshwater resources are important factors causing wars and conflicts in the Middle East."	others	middle	medium
1342	Biological resources are renewable resources, while mineral resources are non-renewable resources. (True or False)	true_false	True	The basic characteristics of natural resources in our country.	"Renewable resources refer to natural resources that can be renewed, regenerated in a short period after being exploited and utilized by humans, or can be reused and recycled, such as climate resources, biological resources, water resources, and land resources. Non-renewable resources refer to natural resources that decrease in reserves after exploitation and utilization by humans and cannot be regenerated within a considerable period, mainly referring to various minerals, rocks, and fossil fuels in nature, such as metal minerals, non-metal minerals, coal, oil, natural gas, and other mineral resources.

Therefore, the answer is: √.
(Comment) The classification of natural resources needs to be understood and memorized. Natural resources are materials and energy that exist in nature and provide benefits to humans, mainly including climate resources, water resources, land resources, biological resources, mineral resources, and marine resources."	others	middle	medium
3313	The boundary between the Northern and Southern Hemispheres is the equator. ( )	true_false	True	Special latitude line###The division of the Northern and Southern Hemispheres	nan	others	middle	easy
1080	Japanese culture is a typical example of the integration of Eastern and Western cultures.	true_false	True	Japan—A Culture Harmonizing East and West	"Japan not only absorbed and integrated the essence of different cultures but also endowed these cultures with a unique Japanese style and characteristics. This has made Japan's culture have a significant influence worldwide and has become a notable example of cultural compatibility.

In ancient times, Japan borrowed extensively from China's political systems, religion, script, philosophy, and other fields. Japan's political systems, cultural traditions, clothing, and other aspects were influenced by ancient Chinese culture. In the late 19th century, Japan began to massively introduce Western knowledge, technology, and culture. From Europe to the United States, Japan absorbed influences in systems, arts, and sciences from Western countries. This period is also known as Japan's Meiji Restoration, leading to Japan's modernization process."	others	middle	medium
3847	The plains of Taiwan Island are mainly distributed along the eastern coastal areas and are densely populated regions.	true_false	False	Taiwan Population and Cities###Overview of the Natural Geography of Taiwan Province	"[Analysis] Taiwan is mostly mountainous, with mountains and hills covering more than two-thirds of its area. The western part of Taiwan is mainly plains, which is a densely populated area.

Therefore, the answer is: Incorrect.

[Commentary] The main reasons for the concentration of cities and population in the western part of Taiwan are: (1) The western part of Taiwan primarily consists of plains, which are relatively flat, conducive to agricultural development and urban construction; the climate is warm, with less rainfall compared to the east, leading to more sunny weather, making it suitable for living; (2) The western region is near the Taiwan Strait and close to Fujian Province. Historically, immigrants from Fujian, Guangdong, and other places arrived earlier, resulting in a long history of economic development and relatively advanced economy; (3) The western region has convenient maritime transportation, facilitating connections with mainland China and other countries."	others	middle	easy
1205	"The Pearl River Delta is adjacent to Hong Kong and Macau, and faces Southeast Asia across the sea, known as China's ""Southern Gateway""."	true_false	True	The export-oriented economy of the Pearl River Delta region	"Analysis: The Pearl River Delta is located in the southeast of Guangdong Province, adjacent to Hong Kong and Macau, and facing Southeast Asia across the sea. It is known as China's ""Southern Gateway.""

Therefore, the answer is: Correct.

Commentary: The Pearl River Delta region relies on its advantageous geographical location, preferential policies, and favorable human factors to primarily develop an export-oriented economy. The relationship between the Pearl River Delta and Hong Kong is very close, with cooperation typically following the ""shop in the front, factory in the back"" model."	others	middle	medium
4284	Brazil is the country with the largest number of free-range sheep and the largest exporter of wool in the world.	true_false	False	Agriculture, livestock, and mining industries in Australia	"[Analysis] Australia is the country that raises and exports the most sheep wool in the world, earning it the nickname ""the nation riding on the sheep's back."" Therefore, the answer is: incorrect. [Commentary] Australia is bordered by the Indian Ocean to the west and the Pacific Ocean to the east, with Asia across the sea to the northwest and Antarctica across the sea to the southwest. The eastern part of Australia features the Great Dividing Range; its eastern slopes receive abundant rainfall and have a suitable climate, while the western slopes get less rain. The central region has vast basins, and the western region is a low plateau with widespread deserts. Australia is the leading country in raising sheep and exporting wool, known as ""the nation riding on the sheep's back."" It is also rich in mineral resources, with many reserves ranking among the top in the world, earning it the nickname ""the nation sitting on the mining cart."" The Australian continent, being isolated from other continents all year round"	others	middle	medium
3189	Our country is one where natural disasters occur frequently. (True or False)	true_false	True	Common natural disasters in our country	"【Explanation】【Analysis】 China has a vast territory covering many climatic zones and wet/dry areas. Coupled with its complex terrain and significant topographical variations, geological disasters frequently occur. In the west, geological disasters are more common, while in the east, meteorological disasters are prevalent. Therefore, China is a country where natural disasters occur frequently. Based on the question, the answer is: √. 

【Commentary】 This question examines the diversity of natural disasters in China. It is a basic question. China is a country prone to natural disasters, with its vast territory covering various climatic zones and wet/dry areas, along with complex terrain and significant topographical variations, which increase the diversity of natural disasters."	others	middle	medium
341	"Africa is the homeland of black people, referred to as ""Black Africa,"" and it has the highest natural population growth rate among all continents in the world."	true_false	False	Overview of Sub-Saharan Africa (Location and Scope, Countries, Inhabitants)	"(Analysis) Sub-Saharan Africa is the homeland of black people, referred to as ""Black Africa"". It has the highest natural population growth rate among all continents, which makes this statement incorrect. (Comment) Sub-Saharan Africa is mainly located between the Tropics of Cancer and Capricorn, with the equator running through its center; most of it lies in the tropics. The terrain is primarily plateau, sloping from southeast to northwest, with a predominantly tropical climate. The tropical savanna climate covers a large area, and over 90% of the population is black, hence it is called the ""homeland of black people""."	others	middle	medium
2265	In the summer and autumn seasons, geological disasters such as landslides and mudslides are prone to occur in the mountainous regions of central and western China, especially in the southwestern areas.	true_false	True	Causes and Distribution of Major Geological Hazards in China	"(Explanation) (Analysis) During the summer and autumn, rainfall is concentrated in the mountainous regions of central and western China, especially in the southwest. This makes landslides and mudslides more likely to occur, which means the statement in the question is correct. Therefore, the answer is: Correct. (Commentary) A mudslide refers to a special torrent that occurs in mountainous or other deep valley regions with steep terrain, triggered by heavy rain, snowstorms, or other natural disasters. Mudslides are characterized by their sudden occurrence, fast flow speed, large flow volume, large material capacity, and strong destructive power. Mudslides can often destroy roads, railways, and even towns, causing significant losses. A landslide is a geological phenomenon where slope soil and rock move along a shear failure surface. Landslides often result in significant losses to agricultural and industrial production as well as to people's lives and properties, sometimes even causing catastrophic disasters. 

5. Frequent typhoons, cold waves"	others	middle	medium
4619	Oasis agriculture in the Tarim Basin is mainly distributed at the basin's edge because the terrain there is flat and the soil is fertile. (True/False)	true_false	False	Overview of the Tarim Basin	"Analysis: Xinjiang has an arid climate, and without irrigation water sources, it is impossible to develop agriculture. In regions at the foot of the Tianshan Mountains, as well as the edges of the Tarim and Junggar basins, oasis agricultural areas are more prevalent due to irrigation from melting mountain snow. Xinjiang's cities, population, and transportation are mainly distributed in these areas.

Thus, the answer is: Incorrect.

Commentary: From a geographical perspective, by the time the moisture-laden summer monsoon reaches the Hexi Corridor, it has already lost much of its strength, making it challenging to progress further into the northwest. The vast northwest region is a typical non-monsoon area with sparse precipitation and an arid climate, which is a primary reason for the extensive desert areas there."	others	middle	medium
1532	Europeans like to drink coffee, but coffee is not produced here, which indicates that Europe lacks tropical conditions or a tropical climate.	true_false	True	Natural Environment of Europe (Topography, Climate, Rivers)	"(Analysis) Europe primarily has a temperate maritime climate. Europeans enjoy drinking coffee, but coffee is not produced there, which indicates the absence of tropical or sub-tropical climates in Europe.
Thus, the answer is: Correct.
(Commentary) This question examines Europe's climate characteristics. Understanding Europe's latitude position helps in remembering the types of climate in Europe, which belongs to the category of understanding and memorization knowledge points."	others	middle	medium
2681	South Asia is not only one of the cradles of ancient world civilizations but also the birthplace of religions such as Buddhism and Islam.	true_false	False	Ethnicities, Religions, and Customs of South Asia	"(Explanation) (Analysis) South Asia is not only one of the world-renowned cradles of civilization but also the birthplace of religions such as Buddhism and Hinduism. 

(Commentary) This question mainly tests the distribution of world religions, and it is a basic question, easy to understand."	others	middle	medium
759	"The terrain of Xinjiang is mainly composed of mountains and basins, characterized by ""three basins sandwiched between two mountain ranges."""	true_false	False	Xinjiang	"Analysis: The topography of Xinjiang is mainly composed of mountains and basins, characterized by ""three mountains sandwiching two basins."" Therefore, the statement in the question is incorrect. Thus, the answer is: incorrect. Commentary: Xinjiang's topography is dominated by mountains and basins, sequentially from north to south are the Altai Mountains, Junggar Basin, Tianshan Mountains, Tarim Basin, and Kunlun Mountains, forming the overall topographic pattern of ""three mountains sandwiching two basins."""	others	middle	medium
1730	Human life cannot be entirely as one wishes; it is influenced and constrained by the geographical environment.	true_false	True	Geography and Daily Life###Geography and Production Development	"(Hint) (Analysis) Human life cannot be entirely at one's own will; it is influenced and constrained by the geographical environment. For instance, agricultural production must be adapted to local conditions; establishing industrial enterprises requires consideration of raw materials, energy, water sources, markets, and transportation conditions; determining construction projects, choosing transport routes, developing commercial networks, and formulating regional development plans all rely on geographical principles and techniques. Therefore, the statement in the question stem is correct. 

Thus, the answer is: A.

(Comment) This question examines the relationship between human life and the geographical environment, and understanding it allows for the solution."	others	middle	hard
1078	"The concept of a ""harmonious world"" proposed by our government has received widespread response from the international community."	true_false	True	Countries and regions in the world	"[Analysis] Solution: Sustainable development is a type of development based on the coordinated and joint progress of society, economy, population, resources, and environment. Its purpose is to relatively meet the needs of the present generation without jeopardizing the development of future generations. In September 2005, the Chinese government proposed the concept of a ""Harmonious World,"" which received broad international support. Therefore, the answer is: Correct.

[Commentary] The concept of a Harmonious World is a great idea for global political ethics, law, and international relations construction rooted in traditional Chinese culture. China's ""Harmonious World"" theory not only addresses China's development path but also serves as a guiding principle for establishing global international political ethics and order. Harmonious coexistence among different countries and the democratization of international relations are the key and prerequisite for building a harmonious world and promoting lasting peace and common prosperity for humanity."	others	middle	medium
2670	Land, water, sunlight, and oil are all renewable resources, but they also need to be used rationally.	true_false	False	The basic characteristics of natural resources in our country.###Conservation and protection of natural resources	"[Analysis] We classify natural resources into renewable and non-renewable resources. Among them, land and water, as well as sunlight, are renewable resources, while oil is a non-renewable resource. Therefore, this is incorrect. 

[Commentary] Natural resources refer to materials and energy present in nature that, under certain conditions, can generate economic value to improve human welfare both currently and in the future. They are classified by natural properties into climate resources, land resources, water resources, biological resources, and mineral resources. Based on self-renewal properties, they are divided into renewable and non-renewable resources. Except for mineral resources, which are non-renewable, the rest are renewable resources."	others	middle	medium
4934	The Dong people's Grand Song is a type of multi-part, unaccompanied, natural harmony folk choir without a conductor.	true_false	True	Geography and Local Customs	"Dong people's Grand Song is a type of multi-part folk choral music from China's Dong ethnic regions, characterized by performances by local choirs with no conductor, no accompaniment, and natural harmonies.

Therefore, the answer is: Correct.

The Dong people's Grand Song is popular in the second dialect area of the southern Dong language, with its central region in the southern part of Liping County and neighboring northern Congjiang County. This includes present-day towns of Yandong, Koujiang, Shuangjiang, Yongcong, Zhaoxing, Shuikou, Long'e in Liping County and Wandong, Guping, Gaozeng, Guandong, Luoxiang in Congjiang County. These areas are commonly referred to as the ""Six Caves"" and ""Nine Caves."" Representative pieces of the Dong people's Grand Song include ""Yelao Song,"" ""Gagaosheng,"" ""Gayinya,"" ""Gaxi,"" etc. This topic mainly examines the unique customs of"	others	middle	medium
4075	Typhoons often bring strong winds and heavy rain, causing disasters.	true_false	True	Causes and Distribution of Major Meteorological Disasters in China	"(Analysis) Typhoons often bring strong winds and heavy rain, which can flood homes, damage transportation systems, and inundate crops, causing disasters and economic losses. (Commentary) Typhoons are a type of tropical cyclone. A tropical cyclone is a low-pressure vortex that occurs over tropical or subtropical ocean surfaces and is a powerful and deep ""tropical weather system."" Typhoons often lead to heavy precipitation and strong winds, frequently causing disasters."	others	middle	medium
1416	"Repair of ancient buildings should aim to ""restore to the original state."""	true_false	True	World cultural heritage and its protection	"(Explanation) (Analysis) When repairing ancient buildings, the protection and restoration of their appearance should be as holistic as possible, without altering the pattern relationship between settlements and terrain. Therefore, cultural relic buildings should adopt the ""retro architecture"" approach as much as possible, meaning ""repair the old as the old."" \\
Thus, the answer is: Correct. \\
(Commentary) This question examines protective measures for ancient buildings, and understanding these is sufficient to answer it."	others	middle	medium
1421	Conserving water and protecting water resources is one of the important ways to address the water shortage problem in our country.	true_false	True	Water Resources Issues and Protection Measures	(Analysis) Our country experiences a shortage of water resources. Water conservation and protection are essential ways to address this issue. Therefore, the answer is: Correct. (Comment) The measure to address the unequal temporal distribution of water resources is the construction of reservoirs, while the measure for unequal spatial distribution is inter-basin water transfer. Individuals should conserve water in daily life, consciously develop water-saving awareness, use water-saving faucets, and cultivate the habit of turning off taps tightly. Enterprises should implement energy conservation and emission reduction, use advanced technology, recycle water, and prevent water pollution. The government should widely promote awareness, actively advocate, establish a collective water-saving consciousness, and establish comprehensive relevant laws and various reward and punishment systems.	others	middle	medium
769	Animal husbandry is a traditional economic sector in many West Asian countries, with animal products such as Turkish Angora wool and Afghan karakul pelts being particularly renowned.	true_false	True	The relationship between scarce water resources and the natural environment in the Middle East###Agriculture and livestock farming in the Middle East	(Analysis) West Asia primarily falls under a tropical desert climate. The agriculture sector in West Asia is mainly based on animal husbandry, which is a traditional economic sector in many countries. Notable local products include Ankara wool from Turkey, Karakul lamb skins from Afghanistan, and wool carpets from Iran and Afghanistan, hence the statement is correct. (Commentary) West Asia features a dry climate, developed animal husbandry, and wool products as its main distinctive products.	others	middle	medium
3082	Pizhou City is located on the middle and lower reaches of the Yangtze River plain, with flat terrain.	true_false	True	Types and Distribution of Landforms in Our Country###Jiangsu	"(Analysis) Pizhou belongs to Jiangsu Province, located in the middle and lower reaches of the Yangtze River Plain. The terrain is flat, with many lakes, dense rivers and canals, and continuous rice paddies, making it a renowned ""land of fish and rice"" in China. Therefore, the statement in the question is correct.

Hence, the answer is: Correct.

(Commentary) This question examines the geographical area and characteristics of Pizhou City, which can be understood to answer."	others	middle	medium
258	Due to its developed economy, Guangdong Province has seen a large influx of population, with rapid population growth since the reform and opening-up.	true_false	True	Population Issues and Policies in Our Country###Guangdong	(Analysis) Population migration is primarily caused by economic reasons. Due to its developed economy, Guangdong Province has experienced a significant influx of population and a rapid increase in population after the reform and opening-up. Therefore, the answer is: Correct. (Comment) This question examines the reasons for the rapid population increase in Guangdong Province after the reform and opening-up, and can be understood and answered accordingly.	others	middle	easy
4979	Changchun is an important power machinery base in China. (True or False)	true_false	False	Jilin	"[Analysis] This question examines the characteristics of Changchun's industry. Understand the question to answer properly. The Northeast region has developed heavy industry due to its rich mineral resources. Daqing is an important oil industry base in China, and Harbin is a major power machinery base. The Northeast, centered around Shenyang and Qiqihar, has formed production bases for heavy machinery, metallurgical equipment, and mining equipment, while Changchun and Dalian have become centers for transportation machinery manufacturing. Therefore, the original statement is incorrect. Hence, the answer is: Incorrect. 

[Commentary] Located in the northeastern part of China, the Northeast region is in the core position of Northeast Asia, bordering North Korea and Russia to the east and north. It connects to the Inner Mongolia Autonomous Region to the west and Hebei Province to the south, facing the Shandong Peninsula across the sea, with significant strategic importance."	others	middle	medium
2686	Shanghai is located in the middle and lower Yangtze River plain. (True or False)	true_false	True	Shanghai	"Shanghai is located at the mouth of the Yangtze River, in the middle and lower Yangtze plain, and is the core city of the ""Yangtze River Delta Urban Agglomeration.""

Therefore, the answer is: Correct.

Shanghai is abbreviated as ""Hu"" or ""Shen,"" situated at the mouth of the Yangtze River, facing Kyushu Island of Japan across the East China Sea, bordered by Hangzhou Bay to the south, and adjacent to Jiangsu and Zhejiang provinces to the west, with Anhui nearby. Together, they form the ""Yangtze River Delta Urban Agglomeration"" with Shanghai at its forefront, and it is home to China's first pilot free trade zone, the ""China (Shanghai) Pilot Free Trade Zone."""	others	middle	medium
1617	When making a globe, the Earth's axis should maintain an angle of approximately 66.5 degrees with the horizontal plane.	true_false	True	Globe###Making a Simple Globe	"(Analysis) When placing a globe on a table, the angle between its axis and the table surface is about 66.5°. The table surface represents the Earth's orbital plane, which has an angle of approximately 23.5° with the equatorial plane, and the equator is perpendicular to the Earth's axis. Therefore, when making a globe, the Earth's axis should be tilted at an angle of about 66.5° with the horizontal surface. 

Thus, the answer is: Correct.

(Comment) As the Earth revolves around the Sun, the axis forms a fixed angle of 66.5° with the plane of the orbital path, causing the Sun's direct rays to systematically move between the Tropics of Cancer and Capricorn throughout the year."	others	middle	easy
3790	People in Shandong have a preference for sour flavors and are known for their ability to consume vinegar.	true_false	False	Shanxi	"[Analysis] The water and soil in Shanxi Province are relatively hard, and vinegar can soften them; moreover, people in Shanxi enjoy eating various kinds of noodles, especially mixed grain noodles, and vinegar aids digestion. Therefore, Shanxi people have a preference for sour flavors and are famously known for consuming vinegar. Thus, the answer is: False.

[Comment] This question is answered based on the influence of climate on human life."	others	middle	medium
