index	question	category	answer	knowledge	analysis	year	grade_level	difficulty_level
2317	"The climate in Africa is hot, with the main characteristics being:

A. Three-quarters of Africa's area lies between the Tropic of Cancer and the Tropic of Capricorn, resulting in generally hot climate.

B. Africa is known as the ""tropical continent.""

C. There is abundant rainfall near the equator, forming a tropical rainforest climate.

D. The areas on both sides of the Tropics are mostly arid with little rain, forming a tropical desert climate."	multiple_answer_choice	A, B, C, D	The natural environment of Africa (terrain, climate, rivers)	"(Analysis) Africa is warm all year round and is known as the tropical continent. The main reason is that three-quarters of Africa's area lies between the Tropics of Cancer and Capricorn, which generally results in a hot climate, mostly tropical. Near the equator is the tropical rainforest climate with abundant rainfall; on both sides of the Tropic of Cancer and Capricorn is the tropical desert climate, which is mostly arid with little rain. Thus, options A, B, C, and D fit the description, so select A, B, C, and D. 

(Commentary) Africa is mainly located between the Tropics of Cancer and Capricorn. It has the world's largest desert, the Sahara Desert, with low latitudes and high temperatures. The desert regions are hot and dry all year round. The tropical rainforest climate on both sides of the equator is hot and rainy throughout the year, and the widespread tropical savannah climate has high temperatures all year with distinct wet and dry seasons."	others	middle	medium
379	"Regarding ""Crossing to the Northeast,"" the correct statement is (　　)

A. Refers to crossing Jiayu Pass

B. Refers to crossing Shanhai Pass

C. Refers to crossing checkpoints set up by the Japanese

D. Mainly refers to people from Shandong in the lower reaches of the Yellow River going to the Northeast to make a living"	multiple_answer_choice	B,D	The Natural Geography Overview of the Three Northeastern Provinces	"""Guandong"" refers to the region east of Shanhaiguan, which includes the northeastern provinces of Liaoning, Jilin, and Heilongjiang. Therefore, ""Chuang Guandong"" means breaking through Shanhaiguan. More than 300 years ago, farmers from the lower reaches of the Yellow River in the lands of Qi and Lu pushed carts, carried loads, and used their legs to forge a path full of hardship and tears known as ""Chuang Guandong."" The word ""chuang"" (meaning to break through or venture) energized their lives and shaped their character. 

In the 19th century, due to consecutive disasters in the lower reaches of the Yellow River, the people from the Central Plains ventured into the northeast in unprecedented numbers and scale, historically known as ""Chuang Guandong."""	others	middle	medium
2736	"Among the following terrains, the one located on the second step is (   )

A. Southeast Hills B. Northeast Plain C. Sichuan Basin D. Loess Plateau"	multiple_answer_choice	D	The three-step topographic division of our country and the main types of landforms within each step.	"(Analysis) The Southeast Hills and the Northeast Plain are located on the third step of China's terrain, while the Sichuan Basin and the Loess Plateau are located on the second step.

Therefore, the answer is: CD.

(Comment) China's terrain is high in the west and low in the east, forming a three-step distribution. The main geographical areas on the first step include the Qinghai-Tibet Plateau and the Qaidam Basin. The main areas on the second step include the Loess Plateau, Inner Mongolia Plateau, Yunnan-Guizhou Plateau, Tarim Basin, Junggar Basin, and Sichuan Basin. The main areas on the third step include the Northeast Plain, North China Plain, middle and lower Yangtze River Plain, Shandong Hills, Liaodong Hills, and Southeast Hills.

23."	others	middle	medium
2322	"Regarding the statements about the United States and Brazil, which is correct:

A. The territories of both countries border the Atlantic Ocean

B. The common language is English

C. Both primarily consist of white people

D. Both are economically developed countries"	multiple_answer_choice	A, C	Overview of the United States###Overview of Brazil	"[Explanation] [Analysis] Solution: A. The mainland United States is located in the central southern part of North America, bordered by the Atlantic Ocean to the east, the Pacific Ocean to the west, and the Gulf of Mexico to the south. Brazil is located in the eastern and central parts of South America, bordered by the Atlantic Ocean to the east. Therefore, A meets the criteria of the question. B. The official language of Brazil is Portuguese. Thus, B does not meet the criteria. C. Most residents of the United States are descendants of European Caucasians, African Blacks, and Asian immigrants. Brazil has a complex racial composition, with about half being Caucasian, one-third mixed-race, and the remaining being Black and Asian. Therefore, C meets the criteria. D. Brazil is a developing country. Therefore, D does not meet the criteria. The correct choices are AC.

[Commentary] The mainland United States is located in the central southern part of North America"	others	middle	medium
4910	"The correct statements about Russian and Japanese industries are:

A. Russian industry is built on rich natural resources.

B. Japan's mineral resources are scarce, and its industry is built on a strong foundation of technological capabilities.

C. (Incorrect) Russia's important industrial centers are located in the Asian part.

D. (Incorrect) Japan's industrial areas are concentrated along the Atlantic coast and the Seto Inland Sea coast."	multiple_answer_choice	B	Japan's industry###The agriculture and industry of Russia	"(Analysis) Solution: Japan's mineral resources are scarce, and its industry is built on a solid technological foundation, mainly distributed along the Pacific coast and the Seto Inland Sea coast. On the other hand, Russia's major industrial centers are located in the European part, with its industry based on abundant natural resources and industrial bases close to raw material sites, according to the problem's context.

Therefore, choices: A and B are correct.

(Commentary) Japan's mineral resources are scarce, and its industry is built on a solid technological foundation, mainly distributed along the Pacific coast and the Seto Inland Sea coast. Meanwhile, Russia's major industrial centers are located in the European part, and its industry relies on abundant natural resources, with industrial bases near raw material sites."	others	middle	medium
1674	"Regarding the statements about the Earth's axis, which one is correct?

A. The Earth's rotational axis  
B. The rotational center of the Earth's rotation  

C. The Earth itself has an axis  
D. Only globes have an axis"	multiple_answer_choice	A, B, D	Globe	"(Analysis) The Earth's axis is the axis of Earth's rotation and the rotational center. It is an axis created on a globe for the convenience of studying the Earth. The Earth's axis does not exist in reality; there is no such axis on Earth. Options A, B, and D are correct, while C is incorrect. Therefore, the answer is: ABD. (Comment) A globe is a scaled-down model of the Earth, made according to its shape. It allows us to understand the Earth's appearance and various geographical features and their distribution on its surface. The Earth's axis is not real but an imaginary axis passing through the Earth's center, inclined at an angle of 66.5° to the Earth's orbit.

3. The staple grain crop in South Asia is primarily (    ).

A. Rice B. Corn C. Wheat D. Cotton"	others	middle	medium
1950	"The following statements about Brazil are incorrect (     )

A. Brazil's rural population accounts for over 70% of the total population.

B. The capital of Brazil, Brasília, is located in the Amazon Plain.

C. Brazil is the largest and most populous country in South America.

D. Brazil's production of sugarcane, bananas, and sisal ranks second in the world, after Indonesia."	multiple_answer_choice	A, B, D	Population and Cities of Brazil###The Developing Agriculture and Industry of Brazil	"[Analysis] A. The rural population in Brazil accounts for more than 15% of the total population, A is incorrect;

B. The capital of Brazil, Brasília, is located on the Brazilian Plateau, B is incorrect;

C. Brazil is the largest country in South America by area and has the largest population, C is correct;

D. Brazil ranks first in the world for the production of sugarcane, bananas, and sisal, D is incorrect;

Therefore, ABD meets the criteria, select ABD.

[Commentary] The ethnic composition of Brazil is very complex, with over half being of European descent, 40% mixed Black and White, 6% Black, and less than 1% of Asian and Indigenous descent, along with small populations of Japanese and Chinese. Portuguese is the common language, and Catholicism is the main religion. Most of Brazil is located in the tropics, with a hot and humid climate and flat terrain suitable for agricultural development. Brazil produces timber"	others	middle	medium
374	"The following statements about Xianning are correct (____):

A. Located on the southern bank of the middle reaches of the Yangtze River

B. Red soil is widespread

C. Rich in products, such as osmanthus wine and Chibi green brick tea

D. Rich in tourism resources, with attractions like Jiugong Mountain in Tongshan and the ancient battlefield of Chibi"	multiple_answer_choice	A, B, C, D	Overview of the Yangtze River Middle and Lower Reaches Plain###Population, cities, and industry along the Yangtze River region	"[Analysis] [Explanation] Solution: Xianning is located in the southeastern part of Hubei Province, on the south bank of the middle reaches of the Yangtze River, bordering Hunan and Jiangxi, so A is correct; Xianning's soil conditions, soil formation processes, and soil properties are divided into 8 soil types, with red soil covering 641.03 thousand hectares, accounting for 54.65% of the total area, so B is correct; Xianning is rich in products, including osmanthus wine and Chibi green brick tea, so C is correct; Xianning has abundant tourism resources, including attractions like Jiugong Mountain in Tongshan and the ancient battlefield of Chibi, so D is correct; based on the question's requirements, the answer is: ABCD.

Therefore, the answer is: ABCD.

[Commentary] The southern region primarily refers to areas south of the Qinling Mountains and Huai River line. Most of"	others	middle	medium
3026	"Japanese industry is concentrated along the Pacific coast and the Seto Inland Sea coast, mainly due to the following reasons:

A. The coastline is irregular, with many excellent harbors.

B. Convenient for the import of raw materials and export of products.

C. Concentration of urban population, making it the largest domestic consumption area.

D. Proximity to the ocean, with a pleasant climate."	multiple_answer_choice	A, B, C	Japan's industry	"[Analysis] [Analysis] Japan's industry is concentrated along the Pacific coast and the Seto Inland Sea coast mainly because Japan has a convoluted coastline with many excellent harbors. This facilitates the import of raw materials and export of products in coastal areas. Additionally, coastal cities have concentrated populations, making them the largest domestic consumer markets. It is not primarily because the area is close to the ocean and has a pleasant climate, so ABC aligns with the question's requirements, hence selecting ABC.

[Commentary] Japan is an economically developed country and is a renowned economic powerhouse globally, with national income ranking among the world's top. The favorable conditions for Japan's economic development include abundant human resources, advanced science and technology, many excellent harbors, and convenient maritime transport. The unfavorable factors include limited land area, resource scarcity, insufficient domestic supply and demand, and heavy foreign dependence, among others."	others	middle	medium
807	"The country that matches the geographical feature of ""high in the east and west, low in the middle"" is (     )

A. United States B. India C. Australia D. Brazil"	multiple_answer_choice	A,C	Overview of the United States###Australian natural environment	"[Analysis] Solution: The western United States is the Rocky Mountains, the central part is the Great Plains, and the eastern part is the Appalachian Mountains, so the terrain of the United States is high in the east and west, and low in the center; the northern part of India is the Himalayas, the central part is the Ganges Plain, and the southern part is the Deccan Plateau, so the terrain of India is high in the north and south, and low in the middle; the western part of Australia is a broad, flat plateau, the central plain area is called the ""Great Artesian Basin,"" and the eastern mountainous area is known as the Great Dividing Range, generally making the terrain high in the east and west, and low in the center; the northern part of Brazil is the Amazon Plain, and the southern part is the Brazilian Plateau, with terrain high in the south and low in the north.

Therefore, select: AC.

[Comment] Answer based on the"	others	middle	medium
5105	"Taking the ""Path of Technology-Driven Agriculture"" is a trend in the development of agriculture in our country. The following examples can fully illustrate the important role of technology in agricultural development:

A. Extensive development of animal husbandry in the vast natural pastures of the West

B. Plant growth in greenhouses and sheds

C. Promotion of drip irrigation and sprinkler irrigation technologies in regions like North China and Northwest China

D. Vigorous development of fisheries in areas with many rivers and lakes in the middle and lower reaches of the Yangtze River"	multiple_answer_choice	B, C	Development of Chinese Agriculture (Enhancing Agriculture through Science and Technology)	nan	others	middle	easy
