index	question	category	answer	knowledge	analysis	year	grade_level	difficulty_level
1028	Antarctica is the ( ) continent in the world.	fill_in_the_blank	highest	Seven continents	"[Analysis] A comparison of the land elevations across the continents: Asia has an average elevation of 950 meters; Antarctica has an average elevation of 2350 meters; North America has an average elevation of 700 meters; Europe has an average elevation of 340 meters. Antarctica is the continent with the highest elevation in the world; from the world map of land and sea distribution, it is also known that Antarctica is the continent with the highest latitude.  
Therefore, the answer is: Elevation (Latitude)"	others	middle	medium
538	Oceans cover ( ) of the Earth's surface, while land occupies only ( ). ( ) of the Earth is ocean, ( ) is land.	fill_in_the_blank	71%; 29%; seven-tenths; three-tenths	The distribution of land and sea in the world	"Based on calculations, 71% of the Earth's surface is ocean, while land area accounts for only 29%. In summary, seven parts of the Earth are ocean and three parts are land.

Therefore, the answer is: 71%; 29%; seven; three.

When viewed from space, the Earth we live on is a beautiful blue planet, resembling more of a ""water ball."" According to calculations, 71% of the Earth's surface is ocean, and only 29% is land. In summary, seven parts of the Earth are ocean, and three parts are land."	others	middle	medium
534	The Earth's constant rotation causes the phenomenon of ( ) alternation on its surface; as the Earth revolves around the sun, during the summer solstice, sunlight directly shines on the ( ).	fill_in_the_blank	Day and night; Tropic of Cancer	Phenomena caused by the Earth's rotation###The movement of the solar zenith point and the noon solar altitude.	"The Earth continuously rotates, causing the phenomenon of day and night alternation on its surface and creating time differences between different longitudes. As the Earth orbits the Sun, on the summer solstice, the sun's rays directly hit the Tropic of Cancer, making the noon sun height at the Tropic of Cancer and areas north of it the highest of the year, and the daytime the longest of the year.

Thus, the answers are: day and night; Tropic of Cancer.  

This question examines the phenomena caused by the Earth's rotation and the characteristics of its orbit, which are memory-based knowledge points. Remembering the phenomena caused by the Earth's rotation and the four special positions on the Earth's orbital track where the Sun's direct rays fall on specific latitudes forms the basis for answering the question."	others	middle	medium
5080	The division between the Northern and Southern Hemispheres is based on the ( ) as the boundary line, and the division between the Eastern and Western Hemispheres is based on the ( ) as the boundary line.	fill_in_the_blank	Equator; 20°W and 160°E	Important lines of latitude and longitude###The division of the Eastern and Western Hemispheres	The division of the Northern and Southern Hemispheres is based on the equator as the boundary line, with the area north of the equator being the Northern Hemisphere and the area south of it being the Southern Hemisphere. The boundary line for the Eastern and Western Hemispheres is formed by the meridian circle of 20°W and 160°E; the area east of 20°W and west of 160°E is the Eastern Hemisphere, while the area west of 20°W and east of 160°E is the Western Hemisphere. Therefore, the answer is: the equator; 20°W and 160°E. This question examines the boundaries of the Eastern and Western Hemispheres and the Northern and Southern Hemispheres; it is important to remember them.	others	middle	medium
1435	Southeast Asia is composed of two main parts: the ( ) and the Malay Archipelago. The region is the world's largest producer of natural rubber, palm oil, coconuts, and abaca. ( ) is the world's largest rubber producer; the ( ) is the largest abaca producer and coconut exporter; ( ) is the largest palm oil producer; and India is the largest coconut producer.	fill_in_the_blank	Indochina Peninsula; Thailand; Philippines; Indonesia	Location, extent, and major countries of Southeast Asia###The hot and humid climate of Southeast Asia and its abundant natural resources.	"[Analysis] Southeast Asia is located in the southeastern part of Asia, including the Indochina Peninsula and the majority of the Malay Archipelago. Southeast Asia is a crucial production area for tropical economic crops globally. Currently, the production and export volumes of natural rubber, palm oil, coconut, coconut oil, and abaca are among the top in the world. Thailand is the largest rubber producer in the world; the Philippines is the largest abaca producer and coconut exporter; Malaysia is the largest palm oil producer; Indonesia is the largest coconut producer. Therefore, the answer is: Indochina Peninsula; Southeast Asia; Thailand; Philippines; Malaysia; Indonesia.

[Review] Southeast Asia is located in the southeastern part of Asia, including the Indochina Peninsula and the majority of the Malay Archipelago. It is at the ""crossroads"" of Asia and Oceania, as well as the Indian Ocean and the Pacific Ocean, making it an important hub for global maritime and air transport. The geographical location"	others	middle	medium
2492	The capital of our country is \ul{ }, the land area is \ul{ } million square kilometers, and there are \ul{ } neighboring countries by land.	fill_in_the_blank	Beijing; 960; 14	The territory of China###China's land neighbors and countries across the sea	The capital of our country is Beijing; the land area is 9.6 million square kilometers, second only to Russia and Canada; there are 14 land neighboring countries and 6 countries across the sea. Therefore, the answer is: Beijing; 960; 14. Our country has a total of 14 land neighboring countries: North Korea, Russia, Mongolia, Kazakhstan, Kyrgyzstan, Tajikistan, Afghanistan, Pakistan, India, Nepal, Bhutan, Myanmar, Laos, Vietnam; and 6 countries across the sea: Japan, South Korea, the Philippines, Malaysia, Brunei, Indonesia. The northernmost point of our territory is in the central main channel of the Heilongjiang River north of Mohe (53°N), the southernmost point is Zengmu Ansha (4°N), the westernmost point is on the Pamir Plateau in Xinjiang (73°E), and the easternmost point is at the confluence of the main channels of	others	middle	medium
3115	Based on the north-south temperature differences, our country can be divided into ( ) temperature zones, in addition to the Qinghai-Tibet Plateau region.	fill_in_the_blank	5	The distribution characteristics of temperature and the division of temperature zones in our country	(Explanation) [Analysis] Based on the amount of accumulated temperature obtained in different regions, China is divided into five temperature zones: cold temperate zone, medium temperate zone, warm temperate zone, subtropical zone, tropical zone, and a plateau climate region. Therefore, the answer is: 5. (Commentary) The crop maturity systems in each temperature zone are as follows: cold temperate zone, one harvest per year; medium temperate zone, one harvest per year; warm temperate zone, one to three harvests every two years; subtropical zone, two to three harvests per year; tropical zone, three harvests per year. 59.	others	middle	medium
3219	The terrain of the Qinghai-Tibet region in China is mainly characterized by \ul{\_\_\_\_}, and the Tibetan people living here predominantly follow \ul{\_\_\_\_} (religion).	fill_in_the_blank	Plateau; Lamaism	The Natural Geographic Overview of the Qinghai-Tibet Region###The world's three major religions	"The topography of China's Qinghai-Tibet region is mainly characterized by plateaus, situated on the first step of China's terrain. The primary natural feature of this environment is its cold climate, and the Tibetan people living here mostly follow Lamaism. The Qinghai-Tibet region is located on the first step of China's terrain, primarily consisting of the Qinghai-Tibet Plateau, with Tibetans as the main ethnic group. This question examines the geography and religion of the Qinghai-Tibet region, which should be memorized.

67. The largest landmass on Earth is \underline{ }, the smallest continent is \underline{ }; the world's largest peninsula is \underline{ }; the largest continent is \underline{ }, the smallest continent is \underline{ }; the largest ocean is \underline{ }, the smallest ocean is \underline{ }."	others	middle	medium
2703	"The three northeastern provinces are the first ( ) base established after the founding of the People's Republic of China, known as the ""cradle of new China's industry."""	fill_in_the_blank	Heavy industry	The main mineral resources and industrial distribution of the three northeastern provinces.	"[Analysis] The three northeastern provinces were the first heavy industrial base built after the founding of the People's Republic of China, known as the ""cradle of new China's industry.""

Therefore, the answer is: heavy industry.
[Comment] The northeastern region is located in the northeast of China, at the core of Northeast Asia. It is bordered by North Korea and Russia to the east and north, connects with the Inner Mongolia Autonomous Region to the west, and is adjacent to Hebei Province to the south, facing the Shandong Peninsula across the sea, thus having significant strategic importance.

55. The largest province/region in terms of area in China is \ul{     }  , and its outline feature is "" \ul{     }  ""."	others	middle	medium
5276	The seasons in the Southern Hemisphere and Northern Hemisphere are exactly ( ). When it is summer in the Southern Hemisphere, it is ( ) in the Northern Hemisphere.	fill_in_the_blank	opposite; winter	Seasonal changes and the division of the five zones	"[Analysis] Solution: As the Earth revolves around the Sun, the Earth's axis forms a fixed angle of about 66.5° with the plane of Earth's orbital path. This causes the direct point of the Sun's rays to regularly move between the Tropics of Cancer and Capricorn within a year. When the Northern Hemisphere receives the most heat, it is summer, and the Sun is directly over the Tropic of Cancer. At this time, the Southern Hemisphere receives the least heat, marking winter. The seasons in the Northern and Southern Hemispheres are opposite.

Therefore, the answer is: opposite; winter.

[Commentary] As the Earth revolves around the Sun, the Earth's axis forms a fixed angle of about 66.5° with the plane of Earth's orbit. This results in the direct point of the Sun's rays regularly moving between the Tropics of Cancer and Capricorn over the year, causing corresponding changes in noon solar altitude globally. The different positions of Earth in its orbit result in"	others	middle	medium
637	"The Yangtze River is known as the ""Golden Waterway"" because ( )."	fill_in_the_blank	High shipping value	Overview, Development, and Management of the Yangtze River	"[Analysis] The Yangtze River is China's longest river with the largest basin area. Below Yibin, it remains unfrozen year-round, and the water levels in the middle and lower reaches are relatively high and stable, making it highly valuable for navigation. It has been known as the ""Golden Waterway"" since ancient times. [Comment] The Yangtze River originates from the Tanggula Mountains and flows into the East China Sea. Its main tributaries are concentrated in the middle and upper sections, with the largest tributary being the Han River. The boundary points are Yichang and Hukou. The upper reaches are rich in hydropower resources, the middle section has a meandering channel, and the lower section has a steady flow suitable for navigation. It hosts the largest Three Gorges Dam. The middle and lower plains are prone to flooding, thus efforts should focus on managing the Sichuan-Yangtze and Jingjiang sections, reinforcing dikes, planting trees and"	others	middle	medium
2359	"Complete the following:

A. Northeastern provinces \_\_\_\_① regions of fish and rice

B. Loess Plateau \_\_\_\_② Yellow River

C. Cultural and political center \_\_\_\_③ White mountains and black waters

D. Yangtze River Delta \_\_\_\_④ Loess accumulation

E. China's Mother River \_\_\_\_⑤ Capital Beijing"	fill_in_the_blank	3; 4; 5; 1; 2	Overview, Development, and Management of the Yellow River###The Natural Geography Overview of the Three Northeastern Provinces###Overview of the Loess Plateau (Location, Topography, and Landform Landscape)###Overview of Beijing and Its Urban Functions###Overview of the Yangtze River Delta Region	"[Analysis] [Explanation] Solution: Option A: The Northeastern provinces have the Changbai Mountains and Heilongjiang, corresponding to number ③;

Option B: The Loess Plateau is characterized by its rugged terrain and loess deposits, corresponding to number ④;

Option C: The cultural and political center of China is in the capital Beijing, corresponding to number ⑤;

Option D: The Yangtze River Delta is famously known as the ""land of fish and rice,"" corresponding to number ①;

Option E: The Yellow River is known as China’s mother river, corresponding to number ②.

[Commentary] Matching regions with their nicknames requires students to strengthen memory through regular study and expand their reading to broaden their horizons, such as the Sichuan Basin, called the ""Land of Abundance"" due to its fertile soil and rich resources, the Qaidam Basin known as the ""Treasure Basin"" due to its vast resources, and the plains of the"	others	middle	medium
694	"Symbols, colors, and legends are the ""language"" of maps, and one should understand the meaning of these ""languages"" when reading a map. The elements to understand when interpreting a map include ( ), ( ), and ( )."	fill_in_the_blank	Scale; Direction; Legend	Reading the map	"Analysis: Scale, direction, and legend are the language of maps. Using these elements allows one to understand the content of the map.

Comment: Maps are tools for geography classes. Reading a map can be divided into three steps: teaching, reading, and analyzing. Specifically, the first step involves teaching students basic skills in map recognition, ensuring they grasp essential map knowledge and understand the three elements: scale, direction, and legend. The second step involves teaching students to read and make preliminary analyses of maps. The third step requires students to explain general geographic issues through map reading."	others	middle	medium
3577	The elevation of point A is 1000 meters, point B is 200 meters higher than point A, so the elevation of point B is ( ) meters; comparing maps with the same size of China and Sichuan Province, the map with the larger scale is ( ).	fill_in_the_blank	1200; Sichuan Province	Scale###Altitude and relative height	"(Analysis) Elevation indicates the vertical distance of a location above sea level. According to the question, the elevation of point B is calculated as: 1000 + 200 = 1200 meters. Maps of the same size have smaller coverage when using a large scale.

Hence, the answer is: 1200; Map of Sichuan Province.
(Comment) Elevation indicates the vertical distance of a location above sea level; the vertical distance between two locations is called relative height. Maps of the same size have smaller coverage with a large scale and larger coverage with a small scale."	others	middle	medium
1567	"The northeastern region has a strong industrial foundation. Refer to the schematic map of cities, transportation lines, and agriculture and industry in the northeastern region to complete the following questions.

Industrial base ② is the ( ) industrial base, primarily focused on developing ( ) (heavy/light) industry."	fill_in_the_blank	Liaoning Central-South; Heavy	The distribution of industry in our country	nan	others	middle	medium
5279	Mountain ranges are the framework of the terrain and often serve as boundaries for topographical regions. For example, the topographical region north of the Tianshan Mountains in China is \ul{　 　}, and the middle and lower Yangtze River plain is located to the east of the \ul{　 　} mountains.	fill_in_the_blank	Junggar Basin; Wushan	Types and Distribution of Landforms in Our Country	"(Analysis) The terrain on the northern and southern sides of the Tianshan Mountains are the Tarim Basin and the Junggar Basin, respectively. The eastern and western sides of Wushan are the middle and lower Yangtze River Plain and the Sichuan Basin.

Therefore, the answer is: Junggar Basin; Wushan. 

(Comment) The terrain on the northern and southern sides of the Tianshan Mountains are the Tarim Basin and the Junggar Basin, respectively. The eastern and western sides of Wushan are the middle and lower Yangtze River Plain and the Sichuan Basin."	others	middle	medium
1704	The eastern and central routes of the South-to-North Water Diversion Project transfer water from the ( ) to the ( ).	fill_in_the_blank	Yangtze River; North China	Rational use of water resources (construction of reservoirs and inter-basin water transfer)	"(Analysis) The eastern and central routes of the South-to-North Water Diversion Project transfer abundant water resources from the Yangtze River Basin to the severely water-deficient northern regions of China. The eastern route primarily reaches Tianjin, while the central route mainly reaches Beijing. (Commentary) China's water resources face issues of uneven spatial and temporal distribution. The solution for uneven spatial distribution is inter-basin water transfer, with the South-to-North Water Diversion being the most famous project. To address the uneven temporal distribution, reservoirs are built; they can store water during river flood periods and release it during dry periods, thereby adjusting the temporal variation of river water levels.

61. Tropical rainforest climate is mainly distributed near the \ul{  }, such as \ul{  }, \ul{  }, \ul{  }, etc. Tropical savanna climate is primarily found on the north and south sides of \ul{  } climate, with the largest area of tropical savanna in"	others	middle	medium
903	On the satellite cloud map, green indicates land, blue indicates ocean, white indicates clouds, and areas with dense white often have ( ) weather.	fill_in_the_blank	cloudy	Weather forecast and weather symbols	"(Satellite Image Analysis) Satellite imagery is used for weather forecasting. Typically, on a satellite image, green represents land, blue represents ocean, white represents cloud areas, and the thicker the white areas, the more precipitation is present.

(Commentary) When there is a clear sky over the Earth's surface, the satellite detects infrared radiation emitted from the ground to space, represented as green on the satellite image. The deeper the green, the stronger the ground radiation, indicating clearer weather. When clouds or rain cover a certain area, the satellite detects infrared radiation from the top of the clouds being directed to space, represented as white or gray-white. White indicates very weak ground radiation, low temperatures, thick clouds, and consequently heavier rainfall. The transition zone between clear and cloudy regions is usually covered by deep gray, gray, or light gray cloud formations, indicating varying cloud thickness without significant precipitation. On satellite images shown on television, green and blue are commonly used to represent land and ocean."	others	middle	medium
2021	The holy land for Christianity, Islam, and Judaism is \ul{　 　}.	fill_in_the_blank	Jerusalem	The world's three major religions	"Jerusalem has always been the center and most sacred city of Judaism. According to the Bible, it is the place where Jesus was crucified, buried, resurrected, and ascended to heaven, so Christians also regard Jerusalem as a holy city. Islam considers Jerusalem one of their holy cities in commemoration of Muhammad's night journey and ascension. 

Therefore, the answer is: Jerusalem.

The three major world religions are Buddhism, Christianity, and Islam. Jerusalem is regarded as a ""holy city"" by Islam, Christianity, and Judaism."	others	middle	medium
626	"Based on the above material, propose two geographical questions; only pose the questions without answering.

① ( )? ② ( )?"	fill_in_the_blank	What is the beautiful name given to the middle and lower Yangtze River plains; What are the agricultural characteristics of the middle and lower Yangtze River plains?	Overview of the Yangtze River Delta Region###Urban and Regional Development in the Yangtze River Delta	"[Analysis] Based on the material content, the following questions can be raised: What is the nickname for the middle and lower Yangtze River plains? What are the characteristics of agriculture in the middle and lower Yangtze River plains?

Thus, the answers are: What is the nickname for the middle and lower Yangtze River plains? What are the characteristics of agriculture in the middle and lower Yangtze River plains?

[Comments] The middle and lower Yangtze River plains are distributed in a belt along the middle and lower reaches of the Yangtze River, formed by alluvial deposits from the Yangtze River and its tributaries, with most elevations below 50 meters. The plains are characterized by low and flat terrain, numerous lakes, dense river networks, and contiguous rice paddies, earning them the nickname ""Land of Fish and Rice"" in China."	others	middle	medium
1358	"Geography is present in every aspect of life. Please analyze the main factors affecting climate in the following phenomena.

In April, flowers have withered in the human world, but peach blossoms in the mountain temple just begin to bloom. The main factor affecting climate is ( ).  
During Spring Festival, the temperature in Beijing is much lower than in Xiamen. The main factor affecting climate is ( ).  
Hainan Island is a popular winter destination to escape the cold. The main factor affecting climate is ( ).  
Urumqi's annual precipitation is much less than Xiamen's. The main factor affecting climate is ( ).  
Urban heat island effect. The main factor affecting climate is ( )."	fill_in_the_blank	topographical factors; latitude factors; maritime and terrestrial factors; topographical factors; human factors	The main factors affecting climate###The main factors affecting the climate of our country	nan	others	middle	medium
2022	( ) and ( ) are two basic types of settlements.	fill_in_the_blank	Countryside; City	Comparison of settlements	[Analysis] The main forms of settlements include villages and cities. Villages are residential areas with a small population primarily engaged in agricultural production activities. Cities are residential areas with a population reaching a certain scale, primarily engaged in non-agricultural production activities. Therefore, the answer is: villages; cities.	others	middle	medium
4546	The world's three major races are ( ), ( ), and ( ).	fill_in_the_blank	Caucasoid; Mongoloid; Negroid	Races and Their Distribution	"Analysis:

Solution: The world's inhabitants can be divided into Caucasian, Mongoloid, and Negroid races based on skin color and physical characteristics. Caucasians are mainly distributed in Europe, North America, Oceania, West Asia, and North Africa. Mongoloids are primarily located in East and Southeast Asia, while Negroids are mostly found south of the Sahara in Africa.

Review: 

Mongoloid: Characterized by yellow or brown skin, brown eyes, straight black hair, broad and flat facial structure, medium nose bridge and body. Mainly distributed in East Asia, Native Americans of America, and Inuits along the Arctic Ocean coast.

Caucasian: Characterized by white or light brown skin, lighter eye and hair colors, wavy hair, high nose bridge, thin lips, and taller stature. Mainly distributed in Europe, North America, West Asia, South Asia, North Africa, and Oceania.

Negroid: Characterized by dark brown skin and eyes, curly"	others	middle	medium
1369	Taiwan Island is the largest island in China. It ranks first in the world for the production of ( ) and is separated by the Taiwan Strait from ( ) Province.	fill_in_the_blank	Camphor; Fujian	Overview of the Natural Geography of Taiwan Province	"(Analysis) Taiwan Island is the largest island of our country. Camphor production ranks first in the world. To the west, it faces Fujian Province across the Taiwan Strait.

Therefore, the answer is: Camphor; Fujian.

(Comment) Taiwan Island is the largest island of our country, located off the southeast coast. It faces the East China Sea to the north, the Pacific Ocean to the east, the South China Sea to the south, and Fujian Province across the Taiwan Strait to the west.

The camphor tree is the most famous tree species in Taiwan, and its camphor production is the highest in the world. Therefore, Taiwan is known as the ""Kingdom of Camphor."" 

57."	others	middle	medium
2157	The five basic landforms in the world are ( ), ( ), ( ), ( ), and ( ).	fill_in_the_blank	Plain; Plateau; Hill; Mountain; Valley	Interpretation of topographic maps	"Landforms include plateaus, plains, mountains, hills, and basins. Plateaus are characterized by high elevation, flat or slightly undulating surfaces, with steep edges. Plains usually have an elevation below 200 meters, are flat and expansive with low elevation and minor undulations. Mountains are characterized by high elevation, undulating peaks, and steep slopes. Hills have lower elevation, minor undulations, and more gentle slopes. Basins are characterized by being high on the perimeter and low in the center. 
Thus, the answer is: plains, plateaus, hills, mountains, basins.
Comment: Understanding and memorizing the characteristics of these five geographical features through comparison of elevation and terrain undulation."	others	middle	easy
367	At the beginning of the 20th century, ____ first systematically discussed the hypothesis of continental drift.	fill_in_the_blank	Wegener	Continental drift hypothesis	"(Analysis) At the beginning of the 20th century, German scientist Wegener first systematically discussed the hypothesis of continental drift.

(Commentary) The hypothesis of continental drift is a theory explaining the movement of the Earth's crust and the distribution and evolution of continents and oceans. It was proposed by German scientist Wegener. The hypothesis suggests that all the continents on Earth were once a single giant landmass called Pangaea about 200 million years ago. This landmass later began to split and drift, gradually reaching their current positions. Key evidence includes the matching right-angled projection of the eastern tip of South America with the right-angled indentation of the Gulf of Guinea on the west coast of Africa. There is also a correlation between the strata, rocks, and structures of North America and Africa/Europe, as well as related ancient biotic assemblages on both sides of the Atlantic."	others	middle	medium
3447	Chinese scientists discovered marine fossils in the Himalayas, which indicates that the Himalayas were once \ul{ } during a geological period. The cause of this terrestrial and oceanic transformation is \ul{ }.	fill_in_the_blank	Ocean; Crustal movement	Causes and Examples of Land-Sea Changes	"[Analysis] The movement of the Earth's crust and the rise and fall of sea levels are the main causes of changes between sea and land. The Himalayas were once an ocean in geological periods; this change was caused by the movement of the Earth's crust. [Commentary] Sea-land changes refer to the transformation of oceans into land and land into oceans, which is what we call ""the vicissitudes of life."" There are several reasons for these changes: firstly, the movement of the Earth's crust, such as the discovery of fish fossils in the Himalayas; secondly, the rise and fall of sea levels, such as the discovery of forest remnants and ancient riverbeds at the bottom of the Taiwan Strait; and thirdly, human activities mainly involving land reclamation from the sea, such as in the Netherlands.

42. Rare animals in the Qinghai-Tibet region include ________, ________, ________, etc."	others	middle	medium
4639	Egypt spans two continents, Asia and Africa, with the vast majority located in the northeastern part of Africa. Its Asian part is the ( ) Peninsula.	fill_in_the_blank	Sinai	Egypt	"(Analysis) Egypt spans two continents, Asia and Africa, with the majority located in the northeastern part of Africa. Its Asian portion is the Sinai Peninsula.  
Thus, the answer is: Sinai.  
(Commentary) This question tests the name of the peninsula that is part of Egypt in Asia, memorize it.

40. On the globe, the great circle equidistant from the North and South Poles is called \_\_\_\_ , and all circles parallel to the equator are called \_\_\_\_."	others	middle	medium
2630	The Great Wall is a symbol of the spirit of the Chinese nation and is the ( ) site from China to be included in the World Heritage List.	fill_in_the_blank	first	Regional culture of China	"[Analysis] Mount Tai, located in Tai'an, Shandong Province, is known as the ""Chief of the Five Sacred Mountains."" Due to its unique value, it was listed by UNESCO as a World ""Natural and Cultural"" Heritage site. Mount Tai was the first landscape in China to be included in the World Heritage List. Therefore, the answer is: Mount Tai. 

[Comment] Local cultural characteristics are important tourism resources; up to now, 48 landscapes with distinct local cultural features in China have been included in the World Heritage List. This question examines China's tourism resources, and it's important to remember them.

51. The largest comprehensive industrial base in southern China is \_\_\_\_\_ ; the Liaozhongnan industrial base is located in the \_\_\_\_\_ region of China's four major geographic areas."	others	middle	medium
4051	Loess Plateau ______, has formed many unique folk customs and traditions.	fill_in_the_blank	Ancient civilization and unique geographical environment	Overview of the Loess Plateau (Location, Topography, and Landform Landscape)	"[Analysis] The Loess Plateau is vast, with loose soil, fragmented terrain, a regional climate with abundant rain, and significant soil erosion, resulting in a landscape characterized by intertwining ravines and complex landform features. The Loess Plateau is bordered by the Ordos Plateau to the north, the Yellow River to the east, the Qin Chuan area to the south, and the Hetao region to the west, positioning it as a transitional zone between the northern nomadic areas and the Central Plains agricultural areas. This geopolitical relationship has led to the cultural environment of the Loess Plateau being surrounded by grassland culture, Sanjin culture, Qin culture, and Hetao culture. Generations living here have developed unique customs due to the ancient civilization and distinct geographical environment.

[Commentary] This examines the natural geographic features of the Loess Plateau, which spans a vast area west of the Taihang Mountains, east of Wushaoling, north of the Qinling Mountains, and south of the"	others	middle	medium
537	Classified by natural resources, coal, oil, and natural gas all belong to \_\_\_ resources.	fill_in_the_blank	Non-renewable	The concept and types of natural resources	"(Nature) (Analysis) Natural resources are divided into renewable and non-renewable resources. Coal, oil, and natural gas are classified as non-renewable resources. (Commentary) Natural resources refer to substances and energy in nature that hold value for human activities, such as land, sunlight, and forests. Renewable resources are those that can be renewed, regenerated, or recycled in a short period, such as land, sunlight, and forests. In contrast, non-renewable resources have a very long formation and regeneration process, which, in terms of human history, are almost considered non-renewable, such as coal, oil, and iron ore.

48. Agricultural production is closely related to natural conditions such as \ul{    }, \ul{    }, \ul{    }, \ul{    }."	others	middle	medium
2023	Gansu Hexi Corridor and Inner Mongolia \_\_\_ Plain, as well as Ningxia Yinchuan Plain, have developed \_\_\_ agriculture according to local conditions.	fill_in_the_blank	Hetao; irrigation	Pastoral areas and irrigated agricultural areas in the northwest region.	"(Analysis) This question examines the main agricultural areas in Northwest China. The Hexi Corridor in Gansu, the Hetao Plain in Inner Mongolia, and the Yinchuan Plain in Ningxia have adequate irrigation water sources, suitable for the development of irrigated agriculture. \\
Therefore, the answer is: Hetao, irrigation.
(Comment) This question tests knowledge of the Northwest region, encouraging students to enhance their understanding."	others	middle	medium
3217	The terrain of Japan is mainly composed of \ul{ } and \ul{ }, with limited plain areas. The \ul{ } is the largest plain in Japan.	fill_in_the_blank	Mountains; Hills; Kanto Plain	Overview of Japan	"[Analysis] Japan is characterized by widespread mountains and hills, with limited plain areas mainly distributed along coastal regions. The Kanto Plain along the Pacific coast is the largest plain in Japan.

Therefore, the answer is: mountains; hills; Kanto Plain."	others	middle	medium
2024	"The Qinghai-Tibet region is an important pastoral area in the country, with major livestock including yaks, Tibetan sheep, Tibetan goats, etc. Among them, ( ), skilled in climbing and carrying loads, are known as the ""( ) of the plateau."""	fill_in_the_blank	yaks; ships	Highland pastoral areas and river valley agriculture	"[Analysis] This question examines the main livestock breeds in the Qinghai-Tibet region. The Qinghai-Tibet region is an important pastoral area in China, with main livestock including yaks, Tibetan sheep, and Tibetan goats. Among them, yaks are referred to as the ""boat of the plateau.""

[Commentary] Boat of the plateau: The yak, which has long hair and thick skin, is short and strong. Its long hair and thick skin help maintain body temperature and protect against the cold; its short and strong build allows it to carry heavy loads.

49. The monsoon boundary line in China is \ul{　 　}."	others	middle	medium
690	The population of Baoji area is approximately \ul{　 　} ten thousand people, with an average annual temperature of about \ul{　 　}℃, an average annual precipitation of approximately \ul{　 　}mm, belonging to \ul{　 　} climate, and Baoji's seasonal climate characteristics are \ul{　 　}.	fill_in_the_blank	375; 7.9-13.2; 578-737; temperate monsoon; hot and rainy in summer, cold and dry in winter	Shaanxi	"(Analysis) The Baoji area is located in the Ningxia Hui Autonomous Region, with a population of about 3.75 million. The average annual temperature is approximately 7.9 to 13.2°C, and the average annual precipitation is about 578 to 737mm. It has a temperate monsoon climate. Baoji's climate features are hot and rainy summers and cold, dry winters.

Hence, the answer is: 3.75 million; 7.9 to 13.2; 578 to 737; temperate monsoon; hot and rainy summers, cold, dry winters.

(Comment) China's climate types are complex and diverse, with a noticeable monsoon climate. The main climate types in China include temperate monsoon climate, subtropical monsoon climate, tropical monsoon climate, temperate continental climate, and alpine plateau climate. This question examines the climate characteristics of different cities in China, which should be memorized. 

32."	others	middle	medium
2694	The Trans-Siberian Railway is known as ( ).	fill_in_the_blank	Eurasian Land Bridge	Characteristics of Transportation in Russia	"[Analysis] Russia's transportation is primarily based on railways, with Moscow as the central hub from which they radiate. The European portion is relatively dense. The Trans-Siberian Railway traverses the Eurasian continent and is known as the Eurasian Land Bridge.

Thus, the answer is: Eurasian Land Bridge.

[Comment] Russia is vast, with a territory of 17.08 million square kilometers, making it the largest country in the world and the only one spanning two continents and both the eastern and western hemispheres."	others	middle	medium
692	"Internationally, the economic differences between developing and developed countries are referred to as the ""( )""."	fill_in_the_blank	North-South Gap	Differences between developed and developing countries	"(Analysis) The economic development differences between developing and developed countries are referred to internationally as the ""North-South gap.""

Therefore, the answer is: North-South gap

(Commentary) From an economic perspective, there are clear differences in the level of development among countries worldwide. Based on the level of economic development, countries are typically classified as developed or developing.

In developed countries in Europe and America, industrial and agricultural production is advanced, high-tech industries are substantial, the proportion of service industries is high, markets are prosperous, the environment is beautiful, and people's incomes and living conditions are better. In contrast, in some low-income developing countries, industrial and agricultural production is relatively backward, streets and markets are chaotic and crowded, people's incomes are lower, and living conditions are poorer. These differences are mainly due to different levels of socio-economic development.

37. Contour lines \ul{   } indicate a steeper slope, while contour lines \ul{   } indicate a gentler slope."	others	middle	medium
4568	The highest mountain in the world is \_\_\_\_\_\_, and the longest mountain range is \_\_\_\_\_\_.	fill_in_the_blank	Mount Everest; Andes Mountains	World-famous mountain ranges	"The world's highest peak is Mount Everest, known as the ""top of the Earth,"" with an elevation of 8,844.43 meters. The world's longest mountain range is the Andes, located in South America, running near the Pacific Ocean, starting from Trinidad Island in the Caribbean Sea in the north to Tierra del Fuego at the southern tip of South America, with a length of nearly 9,000 kilometers.

Therefore, the answers are: Mount Everest; Andes Mountain Range.

The review: Mount Everest in Asia is the world's tallest peak; the longest mountain range in the world is the Andes, located in South America."	others	middle	medium
905	Beijing has countless famous historical sites, please list two: ① ______, ② ______.	fill_in_the_blank	Forbidden City; Great Wall	Beijing's Urban Development (Beijing Tourism, Key Functional Areas, Transportation Network)	"[Analysis] The long history and rich cultural accumulation have forged Beijing's unique historical and cultural traditions, making it the city with the most World Cultural Heritage sites. Currently, Beijing has six World Cultural Heritage sites: the Forbidden City, the Great Wall, the Peking Man site at Zhoukoudian, the Temple of Heaven, the Summer Palace, and the Ming Tombs.

Therefore, the answers are: the Forbidden City and the Great Wall.

[Comment] Beijing is a famous ancient capital and a world-renowned historical and cultural city, with over 3,000 years of history as a city and more than 800 years as a capital. It is home to numerous historical sites and cultural landscapes, making it the city with the most World Cultural Heritage sites in the world."	others	middle	medium
928	The topography of Sichuan Province is generally divided into ( ) and ( ) two main parts.	fill_in_the_blank	Western Sichuan Plateau; Sichuan Basin	Sichuan	"[Sichuan's terrain analysis] Sichuan Province's topography is high in the west and low in the east, roughly divided into two parts by the Longmen Mountain---Emei Mountain---Daliang Mountain. The western part is the Western Sichuan Plateau and mountainous region, while the eastern part is the Sichuan Basin.

Answer: Western Sichuan Plateau and mountainous region, Sichuan Basin.

[Commentary] The terrain in Eastern Sichuan is flat, with favorable natural conditions, dense population, and developed economy. The terrain in Western Sichuan is rugged, with low development level, sparse population, and good ecological environment.

145. The scope of high-tech industries: High-tech industries include ____, ____, ____ and new materials."	others	middle	medium
1239	Among the four major geographical regions in China, the area with mostly inland rivers is the \_\_\_\_ region; the area known as the Red Earth is the \_\_\_\_ region.	fill_in_the_blank	Northwest; South	The current distribution of land resources in our country###The boundary between internal and external rivers in our country.	"[Analysis] [Explanation] The four geographical units of China exhibit different natural environments and climates. The northwest region is arid, with little precipitation, mostly featuring inland rivers. In the southern region, unique hot and humid conditions cause iron oxidation in the soil, forming extensive red earth.

122. The characteristics of precipitation distribution are as follows: Due to \ul{    } factors, there is abundant precipitation near the equator; on both sides of the Tropic of Cancer and Capricorn, the \ul{    } coast of the continent receives more precipitation, while the \ul{    } coast receives less; due to \ul{    } factors, coastal areas in the temperate zone have more precipitation, while inland areas have less; due to \ul{    } factors, the \ul{    } slope receives more precipitation, while the \ul{    } slope receives less."	others	middle	medium
1240	The Beijing-Kowloon Line is a railway connecting Beijing and \_\_\_; the railway transportation hub where the Beijing-Guangzhou Line intersects with the Longhai Line is \_\_\_.	fill_in_the_blank	Hong Kong Kowloon; Zhengzhou	The distribution and hubs of major railway lines in our country	"[Analysis] China's railway trunk lines crisscross extensively, forming vital transportation hubs at the intersections of main rail lines. Among these, the Jingjiu Line connects Beijing and Kowloon, Hong Kong. The railway transportation hub where the Jingguang Line intersects with the Longhai Line is Zhengzhou.

Therefore, the answers are: Kowloon, Hong Kong; Zhengzhou.
[Commentary] (1) China has established a national railway network centered around Beijing, with north-south trunk lines including the Jingha Line, Jinghu Line, Jingjiu Line, Jingguang Line, Baocheng - Chengkun Line, and Nankun Line, among others. East-west trunk lines include the Binzhou - Binsui Line, Jingbao - Baolan Line, Longhai - Lanxin Line, Hukun Line, etc. (2) This question is answered based on the distribution of China's main railway trunks and transportation hubs.

124. Cities such as San Francisco, New York"	others	middle	medium
1366	The three major forest regions in our country are: ____, ____, and the Southeast Forest Region.	fill_in_the_blank	Northeast forest area; Southwest forest area	The current distribution of land resources in our country	"[Analysis] The three major forest regions in China are the Northeast Forest Region, the Southwest Forest Region, and the Southeast Forest Region. Therefore, the answer is: the Northeast Forest Region; the Southwest Forest Region (order does not matter). [Comment] China's three major forest regions are the Northeast Forest Region, the Southwest Forest Region, and the Southeast Forest Region. The largest natural forest region is the Northeast Forest Region (including the Greater and Lesser Hinggan Mountains and Changbai Mountain), the second largest natural forest region is the Southwest Forest Region, and the Southeast Forest Region is an artificial forest region.

52. Scale, \_\_\_ and \_\_\_ are the ""languages"" of maps. When reading a map, one should understand the meaning of these ""languages."""	others	middle	medium
1286	The highway from Jiangjin to Xishui, Guizhou, expected to be completed and opened for traffic in June 2018, will become a ( ) tourist route and also Chongqing's ( ) major outbound route.	fill_in_the_blank	golden; shortest	Chongqing	"[Analysis] The Jiangxi Expressway from Jiangjin to Xishui, Guizhou, expected to be completed and open to traffic in June 2018, will become a golden tourist route, as well as Chongqing's shortest major route to the sea.  
Therefore, the answer is: Jiangxi.  
[Comment] This question tests knowledge related to the Jiangxi Expressway (the expressway from Jiangjin to Xishui, Guizhou)."	others	middle	easy
4645	"The climate of Hong Kong and Macau is classified as a subtropical monsoon climate, but in the Earth's ""five zones,"" they belong to the ( )."	fill_in_the_blank	Tropical	Special Administrative Regions—Hong Kong and Macau	Hong Kong and Macau are located south of the Tropic of Cancer, falling within the tropical zone, but during winter they are affected by cold waves, resulting in a subtropical monsoon climate. Note that the standards for classifying temperature zones and climate types are different. Tropical, temperate, and frigid zones are categorized based on latitude, whereas climate types are determined by specific temperature and precipitation values. For example, some regions in northern Africa lie north of the Tropic of Cancer and are considered temperate zones, but due to their year-round hot and dry conditions, they are classified as having a tropical desert climate.	others	middle	medium
3212	"Please fill in the natural differences on the north and south sides along the Qinling Mountains-Huai River line.

North: ( ); ( ); ( ); ( ); ( )  
South: ( ); ( ); ( ); ( ); ( )"	fill_in_the_blank	Semi-humid regions; dry land; warm temperate deciduous broad-leaved forest; wheat and corn; Loess Plateau; humid and hot regions; paddy fields; subtropical evergreen broad-leaved forest; rice; Yunnan-Guizhou Plateau	The geographical significance of the Qinling-Huaihe line###Overview of the Physical Geography of Northern Regions###The main crops and agricultural products of the northern region###Natural Geography Overview of the Southern Region###Conditions for the development of rice fields in the southern region, main crops, and agricultural products.	"Analysis: North of the Qinling-Huaihe line, rivers freeze in winter, making it a warm temperate, semi-humid area with warm temperate deciduous broadleaf forest vegetation. The farmland type is dryland, with wheat and corn as the main grain crops. Key geographical areas include the Loess Plateau, Northeast Plain, and North China Plain. South of the Qinling-Huaihe line, rivers do not freeze in winter, making it a subtropical, humid area with subtropical evergreen broadleaf forest vegetation. The farmland type is paddy field, with rice as the main grain crop. Key geographical areas include the middle and lower Yangtze River Plain, Yunnan-Guizhou Plateau, Sichuan Basin, and Southeast Hills.

Commentary: The differences between the north and south of China are evident in several aspects. The south experiences more floods, and the north more droughts, due to the monsoon's influence. Annual precipitation decreases from the"	others	middle	medium
2641	The cropping system in the Northeast Plain is ( ) harvest per year; the main grain crop in the southern region is ( ).	fill_in_the_blank	one; rice	The agricultural development conditions and crop distribution in the three northeastern provinces.###Conditions for the development of rice fields in the southern region, main crops, and agricultural products.	"The Northeast Plain is the highest latitude and largest plain in China. Due to the high latitude, there is insufficient heat, resulting in crops being cultivated only once a year. In the southern regions, the favorable water and heat conditions mean that the main type of cultivated land is paddy fields, with the primary grain crop being rice.

Therefore, the answer is: once a year; rice.

This question examines the agricultural characteristics of different regions in China, which is a knowledge point that requires understanding and memory. To perform well on this question, one needs to be attentive and accumulate knowledge during regular studies."	others	middle	medium
1441	My country's offshore areas are rich in ( ) and ( ) resources, with ( ) on the west side of Taiwan Island.	fill_in_the_blank	energy; mineral; salt fields	Abundant marine resources	"[Analysis] Our country has an 18,000-kilometer coastline and is a major marine nation, with abundant resources in the ocean. For instance, there are large reserves of oil and natural gas in the offshore areas. Notably, the Budai Salt Field is located on the western side of Taiwan Island.

[Commentary] Our maritime territory spans from south to north across temperate, subtropical, and tropical zones. The continental shelf is vast, with moderate sea temperatures, suitable for the proliferation of various marine life. Our country boasts a rich diversity of marine species, including the large yellow croaker, small yellow croaker, hairtail, and squid as the ""four major seafoods."" Additionally, there are four major fishing grounds: the Yellow-Bohai Sea fishing ground, Zhoushan fishing ground, South China Sea coastal fishing ground, and Beibu Gulf fishing ground, with the Zhoushan fishing ground being the largest in China. Meanwhile, China's marine oil resources are"	others	middle	medium
4057	The world's volcanoes and earthquakes are mainly distributed in two major zones: one is the ( ) volcanic and seismic belt, and the other is the Mediterranean-Himalayan volcanic and seismic belt; the main climate type in Western Europe is the ( ) climate.	fill_in_the_blank	Circum-Pacific; temperate oceanic	Volcanoes and Earthquakes###Topography, climate, and rivers of Western Europe	"[Analysis] Volcanoes and earthquakes in the world are primarily distributed across two major zones: the Circum-Pacific seismic belt and the Mediterranean-Himalayan seismic belt. According to the world climate type distribution map, the main climate type in Western Europe is the temperate oceanic climate.

Thus, the answers are: Circum-Pacific; temperate oceanic.

[Commentary] The theory of plate tectonics posits that the world consists of six major plates: the Eurasian Plate, the African Plate, the Indo-Australian Plate, the Pacific Plate, the American Plate, and the Antarctic Plate. The interiors of the plates are relatively stable, while the boundaries are unstable. Tensional splitting makes it easy for oceans to form, and compressive collision frequently leads to mountain formation. Volcanic and seismic activity is likely to occur at plate boundaries. The distribution of world climate types: Scientists classify various climate types formed by combinations of temperature and precipitation in different regions. Tropical rainforest climate is mainly"	others	middle	medium
3454	The West-East Gas Pipeline II project starts in ( ) in the west and ends in Guangzhou in the east.	fill_in_the_blank	Khorgos	Development of Oil and Gas Resources in the Tarim Basin (West-East Gas Pipeline Project)	"[Analysis] This question examines the route of the West-East Gas Pipeline. The second phase of the West-East Gas Pipeline project starts in Horgos in the west and ends in Guangzhou in the east. Therefore, the answer is: Horgos.

[Comment] This question tests the knowledge of the West-East Gas Pipeline, requiring students to enhance their understanding.

36. From the perspective of the northern and southern hemispheres, China is located in \ul{ } and from the perspective of the eastern and western hemispheres, China is located in \ul{ }."	others	middle	medium
3452	My country's agriculture has the distribution characteristics of ( ) and ( ).	fill_in_the_blank	Long history; significant regional differences	Agriculture and its production sectors	"[Analysis] China is a traditional agricultural country with a long history of grain production and distinct regional distribution characteristics. The south is a concentrated rice production area, while the north is a concentrated wheat production area. The planting of corn, legumes, and tubers is relatively dispersed. The Northeast Plain, North China Plain, the middle and lower Yangtze River Plain, and the Sichuan Basin are important grain production areas. In regions with better agricultural production conditions and higher grain commercialization rates, the state has established commercial grain bases.

Therefore, the answers are: long history; obvious regional differences.  
[Comment] Crops include both grain and cash crops. Grain crops, primarily rice, wheat, corn, legumes, and tubers, are our basic food sources as well as important feed and industrial raw materials.

33. The climate in Japan is mainly \ul{　 　} and \ul{　 　}; domestic agricultural types are primarily \ul{　 　}; \ul{　 　};"	others	middle	medium
1814	In Xinjiang, there is an ancient underground water diversion project that can naturally irrigate oasis agriculture. It is called the ( ).	fill_in_the_blank	Karez Well	The relationship between karez wells and the natural environment	"(Karez is an ancient water diversion project in Xinjiang, suitable for oasis irrigation agriculture.)  
Therefore, the answer is: Karez  
(Commentary: Developing agriculture according to local conditions is an important idea throughout geographic studies.)"	others	middle	easy
2698	"Fill in the countries associated with the following epithets:

- Volcano Country: ( )
- Garden City: ( )
- Coffee Kingdom: ( )
- Watch Kingdom: ( )
- Windmill Kingdom: ( )"	fill_in_the_blank	Indonesia; Singapore; Brazil; Switzerland; Netherlands	The prosperous tourism industry of Western Europe###Southeast Asia - Tropical Tourist Destination	"(Analysis) The country known as the Land of Volcanoes is Indonesia, located at the junction of the Pacific Plate, Indian Ocean Plate, and Eurasian Plate, leading to frequent crustal activities. The Garden City refers to Singapore in Southeast Asia, a beautiful city-state near the Strait of Malacca. The Coffee Kingdom refers to Brazil, the world's largest tropical area, rich in tropical products. The Watch Kingdom refers to Switzerland, a small country with limited resources that developed a precision instrument industry. The Windmill Kingdom refers to the Netherlands, a low-lying country where windmills were initially used for water pumping.

(Commentary) (1) Reasons for the flourishing tourism industry in Southeast Asia:
① The region's special geographical environment provides a pleasant climate all year with abundant rainfall, lush vegetation, and rich biodiversity, offering significant tourism value.
② Rich ethnic customs and culture in Southeast Asia.
③ Numerous tourist attractions and historic sites, such as the Garden City Singapore, the beautiful Bali Island, Koh L"	others	middle	medium
3103	The largest country in South Asia by area is \underline{\hspace{1cm}}, and its population ranks \underline{\hspace{1cm}} in the world.	fill_in_the_blank	India; two	Overview of India###The location and countries of South Asia	(Analysis) The largest country in South Asia by area is India, which has the second-largest population in the world after China. Therefore, the answer is: India; Second. (Commentary) The countries included in South Asia are: Bhutan, Nepal, India, Pakistan, Bangladesh, Sri Lanka, and the Maldives.	others	middle	medium
4943	At present, China has a comprehensive range of industries, a strong foundation, and large scale, making it a major manufacturing country in the world. ( ), ( ) fertilizers, ( ) and coal production rank first in the world.	fill_in_the_blank	Steel; Home Appliances; Cement	Industry and Its Importance	[Analysis] [Discussion] China's industrialization started late but developed rapidly, currently holding a leading position globally in many fields, making it a major manufacturing country. It leads the world in the production of steel, home appliances, fertilizers, coal, cement, and other products. [Comment] Industrial development in China saw rapid growth after the founding of the People's Republic of China, with comprehensive categories, a solid foundation, and a large scale. The production volumes of steel, automobiles, fertilizers, cement, and coal are the highest in the world. Meanwhile, China is also the largest goods exporter globally.	others	middle	medium
4260	In the summer and autumn seasons, the meteorological disaster that frequently occurs along the southeastern coast of China is \ul{　 　}.	fill_in_the_blank	Typhoon	Causes and Distribution of Major Meteorological Disasters in China###The special weather in our country	"According to the knowledge acquired, we know that China's special weather events mainly include cold waves, plum rains, typhoons, sandstorms, etc. In the summer and autumn seasons, China's southeastern coastal areas frequently suffer from typhoons. Typhoons originate from tropical oceanic vortices, and when they pass through, they usually bring strong winds and heavy rain, causing damage to people's property. Therefore, the answer is typhoon.

The answer is: typhoon.

[Comment] This examines the impact of meteorological disasters, specifically typhoons, on China, and requires understanding and memorization."	others	middle	easy
4550	In the northeastern cities, the city with the highest average temperature in January is \ul{　 　}.	fill_in_the_blank	Dalian	The Natural Geography Overview of the Three Northeastern Provinces###Population, Ethnic Groups, and Cities of the Three Northeastern Provinces	Dalian is located at the southernmost tip of Northeast China, making it the city with the lowest latitude in the region, with the highest average winter temperatures. Additionally, Dalian's proximity to the ocean provides a strong thermal insulation effect, making it comparatively warmer in winter than inland cities.	others	middle	medium
4948	The dominant factors dividing the Qinghai-Tibet region from the other three regions are \ul{     }. The Qinghai-Tibet Plateau is rich in \ul{     } and \ul{     } resources.	fill_in_the_blank	Terrain or topography; solar energy; geothermal energy	The Natural Geographic Overview of the Qinghai-Tibet Region###Ecological Environment Protection and Resource Development in the Qinghai-Tibet Region	"[Analysis] The most important basis for distinguishing the Qinghai-Tibet region from other parts of China is its terrain and topography. Due to its high altitude, the Qinghai-Tibet Plateau has thin air and strong solar radiation, resulting in abundant solar energy resources. Located at the junction of the Eurasian and Indian Ocean plates, it experiences frequent tectonic activities, leading to rich geothermal resources. Additionally, as the source of many large rivers, the Qinghai-Tibet Plateau has tall and rugged mountains with rapid water flow, providing ample hydropower resources.

[Comment] The Qinghai-Tibet Plateau, an inland plateau in Asia, is the largest in China and the world's highest in elevation. It stretches from the southern edge of the Himalayas in the south to the northern edges of the Kunlun, Altyn, and Qilian Mountains in the north. To the west, it includes the Pamirs Plateau and the Karakoram Range, while to the east and northeast, it"	others	middle	medium
