index	question	category	answer	knowledge	analysis	year	grade_level	difficulty_level
967	"In FrontPage 2003, background settings can be applied to (     ).  
A. Webpage B. Cell C. Table D. Subtitle"	multiple_answer_choice	A, B, C, D	Web page layout design	"[Answer] In FrontPage 2003, you can set backgrounds for webpages, cells, tables, and subtitles. By setting background colors or inserting background images for the entire webpage, cells, and tables, the webpage content can become more aesthetically pleasing and tidy. Additionally, scrolling text content like subtitles can also have background settings to enhance its visibility and appeal. Therefore, the answer is: A, B, C, D.

[Analysis] This question examines background settings in FrontPage 2003. FrontPage 2003 is web editing software used for creating and managing websites. In web design, background setting is a very important function, as it helps users customize the appearance and style of a webpage, enhancing its aesthetic appeal and readability."	2022	middle	medium
9241	"Which of the following are video editing software? (　　)
A. Format Factory B. Corel VideoStudio
C. Adobe Premiere D. Adobe Audition"	multiple_answer_choice	A, B, C	Video playback and processing software	"【Answer】Adobe Audition is audio processing software. Therefore, the answer is ABC.  
【Analysis】This question examines video editing software. Common video editing software includes Adobe Premiere, Ulead Media Studio Pro, Corel VideoStudio, iCut, Adobe After Effects, etc."	2021	middle	medium
982	"In FrontPage 2003, the ""Cell Properties"" dialog box allows you to set the following ( )
A. Text alignment B. Use an image as background
C. Cell background color D. Cell border color"	multiple_answer_choice	A, B, C, D	Use tables for page layout.	"[Solution] In FrontPage 2003, you can set text alignment, use images as backgrounds, set cell background colors, and cell border colors through the ""Cell Properties"" dialog box. Setting text alignment makes the content within the table more neat and aesthetically pleasing, thereby increasing the webpage's readability. Additionally, by inserting background images or setting background color in cells, you can enhance the table's visual appeal and attractiveness. Furthermore, setting the cell border color can make the table more prominent and clear on the webpage, improving the border's visibility. Therefore, the answers are: A, B, C, D.

[Analysis] This question examines the ""Cell Properties"" in FrontPage 2003. FrontPage 2003 is a web page editing software used for creating and managing websites. In web design, tables are commonly used elements for organizing and displaying data. Through the ""Cell Properties"" dialog box, users can further customize the styles of cells within a table."	2022	middle	medium
6066	"Advancements in artificial intelligence technology have applications in various industries, such as:  
A. Robotic vision sorting  
B. AI medical imaging  
C. Autonomous vehicle driving  
D. Network intelligent customer service  
E. AI video analysis and warning"	multiple_answer_choice	A,B,C,D,E	Field of Artificial Intelligence	"[Answer] Applications of artificial intelligence technology include robotic vision sorting, artificial intelligence medical imaging, autonomous driving, intelligent network customer service, and artificial intelligence video analysis and warning. Therefore, the answer is: ABCDE.

[Analysis] This question examines the applications of artificial intelligence. The manifestations of artificial intelligence applications can be roughly divided into seven areas: hearing, speaking, seeing, writing, thinking, learning, and acting."	2023	middle	medium
6069	"Ways to obtain data include (   )
A. Obtaining direct statistical data through statistical surveys or scientific experiments
B. Consulting books and other materials or seeking advice from relevant professionals
C. Searching and downloading via the internet
D. Fabricating some data information out of thin air"	multiple_answer_choice	A,B,C	Data collection	"Answer: Common data collection methods include: statistical surveys, scientific experiments, consulting data, seeking advice from professionals, and downloading via the Internet, among others. Therefore, the answer is A, B, C.
Analysis: This question examines data collection methods. Collecting data is a very important foundational task. General methods for collecting data include consulting various statistical yearbooks and reports, and using certain survey techniques to obtain relevant data for the research question."	2023	middle	medium
9403	"When configuring a computer, the vendor provided the following basic parameters: intel core i7 4790/8G DDR3 1600/Z97 motherboard/128GB solid-state. From these parameters, which of the following indicators are mainly provided?

A. Central Processing Unit (CPU) B. Memory (RAM) C. Hard Drive (HD) D. Graphics Card"	multiple_answer_choice	A, B, C	Computer Attributes and Performance	"【Answer】 CPU: Intel Core i7 479; Memory: 8G DDR3 1600; Motherboard: Z97; Hard Drive: 128GB SSD. Therefore, the answer is A, B, C.  
【Analysis】 This question examines computer configurations. Main computer configuration parameters include: monitor size, operating system, system type, processor, CPU, memory, hard drive capacity, and graphics card."	2021	middle	medium
