index	question	category	answer	knowledge	analysis	year	grade_level	difficulty_level
9252	Computer viruses spread quickly through the internet, and a computer will not be infected if it is not connected to the internet.	true_false	False	Computer viruses and malware	"[Answer] Computer viruses can also spread through mobile storage devices such as USB drives, CDs, floppy disks, and external hard drives, and it is possible to get infected without using the internet. Therefore, the answer is: False.  
[Analysis] This question tests the spread of computer viruses. Computer viruses can also exploit vulnerabilities in computer systems and application software to spread."	2022	middle	medium
9719	When recording vocals through a microphone, the higher the microphone volume is set, the clearer the recorded audio will be, making it more convenient for post-production sound effects processing.	true_false	False	Acquisition of audio materials###Audio file processing	"[Answer] The microphone volume is too high, which may cause echo or noise. Therefore, the answer is: Incorrect.
[Analysis] This question examines the recording and processing of sound."	others	middle	medium
7793	In Excel, after creating a chart, you can also move the chart's position and change its size.	true_false	True	Basic Chart Visualization	[Answer] In Excel, once a chart is created, users can move and resize the chart by dragging its border or corners to better fit the layout and requirements of the worksheet. Therefore, the answer is: Correct. [Analysis] This question examines Excel chart operations. In Excel, users can adjust the position and size of charts in various ways, including dragging the chart's border or corners, or using commands from the chart toolbar. Additionally, users can further customize the chart's appearance by setting its properties, such as chart title, axis labels, legend, etc. The ability to adjust the position and size of charts helps users flexibly arrange and present chart data in the worksheet to meet different presentation needs.	2023	middle	medium
8920	"In Excel 2010, the arithmetic operator for ""division"" is ""/"". ( )"	true_false	True	Basic Operations of Spreadsheets	"The answer: In Excel 2010, arithmetic operators are used to perform basic mathematical operations. ""/"" represents the ""division"" arithmetic operator, and using ""/"" allows you to calculate the result of dividing two numbers. Therefore, the answer is: Correct.

Analysis: This question tests arithmetic operators. If you want to calculate the value of cell A1 divided by the value of cell B1, you can enter ""=A1/B1"" in another cell."	2024	middle	medium
4815	While using a search engine, you can narrow the search scope by combining several keywords.	true_false	True	Retrieval of online resources	"The answer: A search engine is a retrieval technology that provides users with specified information from the internet based on user needs and certain algorithms, using specific strategies. The scope of information needed is relatively small, and multiple keywords can be combined. Therefore, this answer is correct.  
Analysis: This problem examines the use of search engines. A search engine refers to a system that collects information from the internet using specific strategies and computer programs, organizes and processes the information, and then provides retrieval services, displaying the relevant information to users."	2021	middle	medium
8185	We perceive external things and their changes through our eyes, ears, tongue, nose, and other body organs, and these all contain information.	true_false	True	Acquisition of information	"【Answer】 For example, we see the surrounding environment through our eyes, hear sounds through our ears, and smell odors through our nose. These sensory experiences all contain information. This information is transmitted to the brain through our sensory system to be processed and interpreted, helping us recognize and understand the external world. Therefore, the answer is: correct.

【Analysis】 This question examines the definition and source of information. Information comes from nature and human society."	2022	middle	medium
2054	When using Photoshop 7.0 to extract images, you can use the eraser tool to remove the edges and fill effects of the image.	true_false	True	Common Photoshop Tools and Their Uses	"[Answer] After extracting the image, you can use the eraser tool to remove the edges and fill effects of the image, making it look more natural. Therefore, the answer is correct. \\
[Analysis] This question examines the use of common Photoshop tools."	2021	middle	medium
8177	With Word software, you can not only edit text but also perform basic processing of graphics and images.	true_false	True	Application of Custom Shapes, Images, and WordArt	[Answer] In Word, you can not only process text but also images and sound. Therefore, the answer is: correct. [Analysis] This question tests Word's functions. In Word, you can adjust settings like color, brightness/contrast, borders, position, and size for images.	2022	middle	medium
2901	"In ""WPS Presentation,"" you can add animation effects individually to text, images, sound, and video materials. You can also set their sequence, timing, and effects."	true_false	True	Insertion and Setting of Animation	"[Answer] In the ""WPS Presentation"" software, users can add various animation effects to elements such as text, images, sound, and video. By setting the order, timing, and effects of animations, a more vivid and enriched presentation can be achieved. Therefore, the answer is: correct.

[Analysis] This question examines the animation effects in WPS Presentation. WPS Presentation offers various animation effects, including three basic types: entrance, emphasis, and exit, as well as advanced effects like motion path and timeline. In WPS Presentation, different objects such as text, images, shapes, and tables can individually have animations added to them. Animation effects can be customized by setting parameters like type, time, speed, delay, and loop. WPS Presentation provides numerous preset animation effects, allowing users to quickly add animations to their presentations, and also enables customization according to personal needs."	2022	middle	medium
6580	In Scraino, there is no need to declare variable types when using variables; you can directly assign values.	true_false	False	Constants, Variables, and Assignment Statements	"【Answer】 Since variables are used to store data, they can hold a number, a string, a time, etc., which means variables have different data types. Therefore, in Scraino, the type of a variable must be declared first when using it. Thus, the answer is: False.

【Analysis】 This question examines the use of variables. A variable name must start with a letter or an underscore, can only contain letters, numbers, and underscores ""_"", and the last character can be a type specifier."	2020	middle	medium
6583	The value of word processing applications lies in enhancing document presentation capabilities, making information expression more rich and accurate.	true_false	True	Basic Text Editing	"Answer: Text processing can make the information expression of documents more accurate. Therefore, the answer is: Correct.  
Analysis: This question examines text processing. Text processing can enhance the value of information."	others	middle	medium
7256	Network data transmission uses encryption technology, ensuring important data will not be leaked or tampered with.	true_false	False	Data communication	"【Answer】 Encryption technology does not guarantee that all important data will not be leaked or tampered with. Therefore, the answer is: False. \\
【Analysis】 This question examines data security. During data transmission, there is a risk of being hacked or having information stolen. Even if the data is not attacked during transmission, there are internal threats, such as employees leaking data or accidental operations during the transmission process."	2022	middle	medium
9244	In Excel, when performing data filtering operations, records that do not meet the criteria are deleted.	true_false	False	Sorting, Filtering, and Summary Classification	"Answer: In Excel, when performing data filtering operations, records that do not meet the conditions are hidden rather than deleted. Therefore, the answer is false. 

Analysis: This question examines data filtering in spreadsheets. Data filtering only displays data that meets the conditions in a list, while the data that does not meet the conditions is temporarily hidden but not deleted. When the filtering condition is removed, the hidden data reappears. Data filtering includes auto-filtering and advanced filtering. Execute the ""Data"" | ""Filter"" command."	others	middle	medium
6102	Laptops usually come with a built-in card reader, allowing you to insert a compatible memory card directly and import photos to the computer.	true_false	True	Viewing, browsing, and obtaining image materials	[Answer] By using the built-in card reader of the laptop, you can directly read the contents of the memory card and import them into the computer for operation. Therefore, the answer is: Correct. [Analysis] This question tests the acquisition of image materials. A card reader is an interface device used to read and write multimedia cards as mobile storage devices on a computer.	others	middle	medium
5537	When using search engines to obtain video materials, it is generally necessary to use online video downloading software (such as Xunlei, Sothink, etc.) to obtain them.	true_false	True	Acquisition of video material	"[Answer] In certain cases, to obtain video materials, internet video download software (such as Thunder, FLVCD, etc.) can be utilized. These tools help users download video files from the internet to local devices. Therefore, the answer is: correct.

[Analysis] This question examines the acquisition of video materials. Search engines are typically used to search for information on the internet, including video materials. They find links to related video materials by searching with keywords. However, some video websites may impose restrictions or anti-theft measures on video content, making it difficult to download directly through a standard browser. To overcome these restrictions, some internet video download software has been developed to bypass anti-theft links or provide a more convenient download method, assisting users in acquiring video materials."	2023	middle	medium
2019	When saving the presentation as a show file, you can embed fonts into the show file.	true_false	True	Preservation, Sharing, and Sending of Multimedia Works	"[Answer] In the ""Save As"" dialog box, click ""Tools"" → ""Save Options"" → check the ""Embed fonts in the file"" checkbox to embed the font into the presentation file. Therefore, the answer is correct.

[Analysis] This question tests the saving of multimedia works. Depending on the situation, you can also use other commands in ""Save & Send"" to share works, such as ""Create PDF/XPS Document"" or ""Package Presentation for CD."" Use PowerPoint's built-in ""Save & Send"" command to share completed works with others."	2019	middle	medium
251	Ordinary routers can also connect to a large number of IoT modules and maintain normal internet connectivity.	true_false	False	Transmission media and network devices###Applications of the Internet of Things	"Answer: If a regular router connects to too many IoT modules, it can lead to disconnection. Therefore, the answer is: False.  
Analysis: This question examines the IoT connections of a router."	2021	middle	medium
1586	In Gold Wave, if a recorded audio file has noise, it can only be addressed by reducing the volume, and there is no way to eliminate it.	true_false	False	Audio playback and processing software###Audio file processing	"[Answer] In GoldWave, noise in the recorded sound file can be eliminated using filtering and noise reduction. Therefore, the answer is: incorrect. [Analysis] This question examines the sound processing in GoldWave. Open the GoldWave software, find and click the ""Effects"" on the toolbar, then ""Filter"" and ""Noise Reduction."" A control box will pop up; simply click ""OK,"" and GoldWave will automatically perform noise reduction."	others	middle	medium
3656	In PowerPoint 2003, each slide can use a different layout.	true_false	True	Page design	"Answer: In PowerPoint 2003, each slide can have a different layout; it can be a title, a title with content, or blank. Therefore, the answer is: Correct.

Analysis: This question examines slide layouts. By applying slide layouts, text, images, etc., can be arranged more reasonably and succinctly. Only one layout can be used per slide."	others	middle	medium
8629	The basic elements of layout design include titles, content, images, outlines, and videos.	true_false	False	Layout design	"[Answer] Layout design primarily involves the arrangement of elements such as text fonts, images, graphics, lines, tables, and color blocks within the layout, and is not limited to designing the title. Therefore, the answer is: incorrect.

[Analysis] This question examines layout design. Layout design, also known as layout styling, is a major branch of graphic design. It mainly refers to the use of shaping elements and formal principles to arrange elements such as text fonts, images, graphics, lines, tables, and color blocks within a layout, according to certain requirements. It artistically expresses them visually, allowing viewers to intuitively perceive certain messages intended to be conveyed."	2023	middle	medium
2910	Wi-Fi is a long-range high-speed wireless data transmission technology that allows access to the wireless network as long as the signal name and password are known.	true_false	False	Wireless communication technology	"[Answer] Knowing only the signal name is not enough; the password is also required to successfully connect. Therefore, the answer is: incorrect.  
[Analysis] This question examines the understanding of Wi-Fi. Wi-Fi is a wireless networking technology that uses radio waves for data transmission. To connect to a network, one must connect to the corresponding Wi-Fi network and enter the correct password."	2023	middle	medium
2053	JPG format is a commonly used animation image format on websites.	true_false	False	Create web pages with multimedia content	[Answer] The commonly seen animated image format on web pages is GIF. Therefore, the answer is: Incorrect. [Analysis] This question examines multimedia materials on web pages. GIF is used to display indexed color images in hypertext markup language and is widely used on the Internet and other online service systems. GIF is a compressed format file used to reduce the time files take to transfer over the network.	others	middle	medium
1006	"For web pages, using the ""Favorites"" and using the ""Save As"" command in the ""File"" menu results in the same outcome."	true_false	False	Browsing, downloading, and saving online information	"[Answer] Both the ""Favorites"" and ""Save As"" commands can be used to save web pages, but their outcomes differ. Using ""Favorites"" to save a web page simply adds it to the favorites list, allowing for quick access later. In contrast, the ""Save As"" command saves the web page to the local hard drive, enabling users to open and view it anytime, even offline. Therefore, although both methods save web pages, the results are different. Hence, the answer is: False.

[Analysis] This question examines methods of saving web pages. ""Save As"" can also be used to save documents, images, and other file types, allowing the specification of file format and file name. ""Favorites"" is a feature provided by browsers to save frequently used URLs, making them easily accessible for direct access the next time."	2022	middle	medium
8913	"A named and saved Word document, when modified and saved again, will prompt the ""Save As"" dialog box."	true_false	False	Opening and Saving Files	"[Solution] When you modify a named and saved Word document, pressing Ctrl+S or clicking the ""Save"" button will automatically save the modified document without reopening the ""Save As"" dialog box. The ""Save As"" dialog box only appears during the initial save, allowing you to specify the document name, save location, and file format. Therefore, the answer is: incorrect. [Analysis] This question tests the saving process in Word. Saving documents is one of the common operations when using Word software. Here are some basic operations for saving documents:  
1. Use the shortcut Ctrl+S to quickly save the current document.  
2. Select ""Save"" or ""Save As"" under the ""File"" tab to manually save a document; ""Save As"" allows you to save the current document under a different file name, format, or path.  
3. By default, Word automatically saves documents and stores them in a temporary folder. If unexpected errors occur, such as program crashes"	2021	middle	medium
1580	The storage capacity of audio, video, and other media files in internet applications is generally large, which can easily cause slower webpage response times and high demands on network transmission. Therefore, online media technology was invented to overcome these challenges.	true_false	False	The application of multimedia technology	"【Answer】 The storage capacity of media files like audio and video in internet applications is indeed quite large, which can easily cause web pages to respond slowly. However, online media technology was invented precisely to solve this difficulty. Therefore, the answer is: False.
【Analysis】 This question examines the application of multimedia. With streaming media technology, users can watch or listen while downloading, without needing to wait for the entire file to finish downloading. This can improve the user experience and reduce the demand for network bandwidth and storage space."	others	middle	medium
1570	Enter the ID number 110105200001010011 in the default cell format of the opened EXCEL software, and it can be displayed normally in the cell.	true_false	False	Cell data format	"[Answer] When numerical data entered in a cell is too long, it will be displayed in scientific notation. Entering the ID number 110105200001010011 will show 1.101E+17. Therefore, the answer is: incorrect. 

[Analysis] This question tests the editing and data format of cells. The cell type defines the type of information presented in the cell and how this information is displayed and interacted with by users. Users can set cells in the form using two different cell types: one is simply associated with the text format of a cell, and the other is display controls or graphical information. Excel has built-in general, currency, number, percentage, and text types."	others	middle	medium
7255	"A webpage is a plain text file containing HTML tags, which can be created using ""Notepad"" in Windows. Its file extension is generally .txt."	true_false	False	Web page, website, URL###Webpage files and formats	"【Answer】 A webpage is a text file containing HTML tags, typically with the extension .html or .htm. Therefore, the answer is: incorrect.  
【Analysis】 This question examines webpages. Although it's possible to write webpage files using ""Notepad"" in Windows, it is generally recommended to use specialized web editors or Integrated Development Environments (IDEs) for editing webpages. These tools offer more comprehensive and convenient features, significantly enhancing the efficiency and quality of webpage creation."	2023	middle	medium
3642	All methods of accessing the Internet rely on modems.	true_false	False	Methods of network connection	"[Answer] The methods for connecting to the network can include both modems and network cards. Therefore, the answer is incorrect.  
[Analysis] This question examines the methods of connecting to the internet. Modems and network cards are both network communication devices that function to transmit and exchange information between computers and the internet."	others	middle	medium
2895	In WPS Presentation, you can add animation effects to objects in slides and set different transition effects for slides.	true_false	True	Use of slides	[Answer] Objects within slides in a presentation can be animated, and slides can also be set with different transition effects. Thus, the answer is: correct. [Analysis] This question examines the use of slides, requiring students to master the method of setting animations in slides and how to set slide transitions, learning to set appropriate animation effects as needed.	2021	middle	medium
5536	"Insert video material in ""Corel VideoStudio"" by selecting ""Insert Video"" → ""Open Video File"" → choose the corresponding file → click the ""Open"" button to insert it into the video track."	true_false	True	Processing of video files	"[Answer] In Corel VideoStudio, click to insert a video, open the video file, select the corresponding file, and click the open button. Therefore, the answer is: Correct.

[Analysis] This question tests the insertion of videos in Corel VideoStudio. Here are several methods to add video clips:  
1. Select a clip in the ""Library"" and drag it to the ""Video Track"" or ""Overlay Track"". Hold {[}Shift{]} to select multiple clips.  
2. Right-click on a clip in the ""Library"" and then choose ""Insert To: Video Track"" or ""Insert To: Overlay Track"".  
3. Select one or more video files in Windows Explorer and drag them to the ""Video Track"" or ""Overlay Track"".  
4. To insert a clip directly from a folder to the ""Video Track"" or ""Overlay Track"", right-click the ""Timeline"", select ""Insert Video"", and find the video you want to use."	others	middle	medium
4231	As long as text, images, animations, and other elements are assigned a URL address that links to other web pages, clicking on them can redirect to another page or different content on the same page.	true_false	True	Web hyperlink	"[Answer] A hyperlink is a commonly used element in web design that can link text, images, animations, and other elements to other web pages or other content on the same page. By assigning these elements a URL address that links to other web pages, users can click on them to navigate to other pages or other content on the same page. Therefore, the answer is: Correct.

[Analysis] This question examines web page hyperlinks. Hyperlinks are an important means of establishing connections between web page content. Hyperlinks can also use anchors for more precise positioning, such as linking to a specific section of text or a specific location within the same page."	2023	middle	medium
5691	Xiao Ming created a Flash animation. To make the Flash interactive, he added a button element and set the script code to: on(release) {gotoAndPlay(1)};. This code means that after clicking the mouse, it jumps to the first frame and starts playing.	true_false	True	The functionality and use of Flash scripts	"The ""Answer"" button element is actually a movie clip with only 4 frames, but its timeline cannot play. It simply responds to the actions of the mouse pointer and goes to the corresponding frame. In the code, gotoAndPlay(1) means to go to the first frame. Therefore, the answer is: Correct. 

[Analysis] This question examines the script design of Flash code. gotoAndPlay() functions to jump to and run a specific frame, with the frame number as the parameter inside the parentheses."	others	middle	medium
6731	Python custom functions generally consist of a function name, parameters, and a function body, and they necessarily have formal parameters. (     )	true_false	True	Customized Statements and Functions	"Answer: A custom function in Python typically consists of a function name, parameters, and a function body. Parameters include formal parameters and actual parameters. Therefore, the answer is: Correct.

Analysis: This question examines functions. In Python, a custom function generally consists of the following parts: 

- Function Name: Used to identify the function's name for convenient calling.
- Parameters: Include formal parameters and actual parameters. Formal parameters are variable names defined in the function header, used for receiving argument values passed during the function call; actual parameters are the specific values or variables passed when the function is called.
- Function Body: Contains the specific implementation logic of the function, i.e., the block of code executed when the function is called."	2024	middle	medium
1004	In the face-changing program design, we can directly set the picture attribute of the image frame to load a picture.	true_false	True	Object and its attributes	"[Answer] To load a picture into a form, picture box, or image box, besides using the picture property window during design, you can also use the LoadPicture function in the program. Therefore, the answer is: Correct.  
[Analysis] This question examines the properties of the image box in VB. To load a picture into a form, picture box, or image box, besides using the property window during design, you can also use the LoadPicture function in the program.  
Format: {[}object name{]}.Picture=LoadPicture(""filename"")  
Function: LoadPicture is a function used to bring the specified graphic file into memory.  
Using the LoadPicture function not only allows you to load a picture into the form's control but also helps clear the picture from the control using this property."	others	middle	medium
9416	In Photoshop, after feathering, you need to move the layer or delete other parts to see the effect.	true_false	True	Metamorphosis	"[Answer] In Photoshop, after feathering, close or delete the original layer to see the effect. Therefore, the answer is: correct.  
[Analysis] This question examines feathering in Photoshop. The method to set a feathering value in Photoshop: open the required image in PS; then press the shortcut key ""Ctrl+j"" to duplicate the layer; then select the ""Elliptical Marquee Tool"" from the left toolbar and draw a selection on the image; next, right-click in the selection and choose ""Feather,"" modify the feather radius in the dialog box, and click ""OK""; then press the shortcut key ""Ctrl+j"" to duplicate the selection and close the original image background layer to see the feathered image."	others	middle	medium
4384	Audition can create audio fade-in and fade-out effects, making the transition smoother when music starts and stops.	true_false	True	Audio file processing	[Answer] In Audition, you can achieve this smooth transition by adding fade-in and fade-out effects. Therefore, the answer is: correct. [Analysis] This question examines the audio editing capabilities of Audition software. Adobe Audition is a professional audio editing software used for recording, editing, repairing, and mixing audio files. Fade-in and fade-out are audio effects used to make the start and stop of audio playback smoother, avoiding abrupt changes in sound.	2022	middle	medium
9259	With the development of information technology, people's dependence on information will also increase.	true_false	True	Impact of Information Technology	"[Answer] Common applications of information technology include: broadcasting and TV, newspapers, books, multimedia technology, and network technology, among which multimedia and network technologies are crucial information expression technologies in the information society. Therefore, as information technology advances, social activities will become increasingly dependent on information. The answer is: correct.

[Analysis] This question examines the impact of information technology. In the face of its development, one should neither overly admire nor blindly reject it but should understand it objectively, leveraging its strengths and avoiding its weaknesses to use information technology rationally."	others	middle	medium
8175	In Fash animation software, we can export animation files in SWF format, which can run independently of the Fash software environment.	true_false	True	Preservation and Release of Animated Works	"[Answer] SWF is a proprietary format for the animation design software Flash and can run independently of the Flash software environment. Therefore, the answer is: Correct. \\
[Analysis] This question examines output and output formats of animation files. SWF is a vector-based Flash animation file, typically created using Flash software to generate the SWF file format. It can also be converted from formats like PDF to SWF using corresponding software."	2020	middle	medium
9422	"In the Word print dialog box, entering ""1-5, 7, 10"" in the page range field means printing pages 1 to 5, page 7, and page 10."	true_false	True	Others	"【Answer】 In the print dialog box, entering ""1-5, 7, 10"" in the page range field means printing pages 1 to 5, page 7, and page 10. Therefore, the answer is: Correct.

【Analysis】 This question examines Word printing. In the print settings, `,` represents separate pages, such as entering `page 2, page 5`, meaning printing page 2 and page 5; `-` represents a range, such as entering `page 2-5`, meaning printing from page 2 to page 5."	2021	middle	medium
6740	The execution result of the above program segment is 2.	true_false	True	Branch Structure Program Design and Analysis	"[Answer] a=75, if a is less than or equal to 70, then i=1; if a is greater than 70, then i=2, output i. Since a=75, which is greater than 70, i=2, so the output is 2. Therefore, the answer is: correct.  
[Analysis] This question tests if statements in Python. In Python, you can use if statements to implement conditional judgment. The general format of an if statement is:  
if <condition>:  
<statement block 1>  
[else:  
<statement block 2>]"	2021	middle	medium
4374	In Python, ``#'' is the symbol for comments, and the computer will ignore the content within the comments when executing the program.	true_false	True	Comments and Indentation	"Answer: ""#"" is the symbol for comments. When executing a program, the content of comments is ignored. Therefore, the answer is: Correct.

Analysis: This question tests Python statement comments. Single-line comments use ""#"". Multi-line comments are marked by three single quotes (''') or three double quotes ("""""")."	2021	middle	medium
9999	Hackers often refer to individuals who use their computer skills to illegally infiltrate others' computers without authorization to achieve personal goals.	true_false	True	Hackers and Their Attack Methods	"[Answer] Hacker, sometimes referred to as a black hat hacker, is an individual who breaks into computer systems or network systems. Therefore, the answer is: correct. 

[Analysis] This question tests computer security. Hacker usually refers to a person with a high understanding of computer science, programming, and design."	2019	middle	easy
2905	In 3Done, click on the Case Repository to view case libraries from local disks, community selections, and network cloud drives, allowing you to directly access various ready-made resources.	true_false	True	3D modeling software and interface	"[Answer] In the 3D One software, clicking on the case resource library allows users to view case libraries from the local disk, community selections, and network cloud storage, enabling direct access to various ready-made resources and models. This feature helps users quickly find the necessary materials and models for their projects, improving work efficiency. Therefore, the answer is: correct.

[Analysis] This question examines 3D modeling software. 3D One is a three-dimensional modeling and rendering software used for creating virtual 3D models, scenes, and effects. The case resource library is one of its important features, providing users with a convenient way to access and use various resources, including models, textures, and materials. By directly utilizing available resources, users can save time and quickly achieve the desired effects."	2023	middle	medium
3628	"When using information downloaded from the internet, we should comply with the ""Regulations on the Protection of Computer Software"" and the ""Copyright Law of the People's Republic of China."""	true_false	True	Intellectual Property and Legal Regulations###Browsing, downloading, and saving online information	"【Answer】 When using online resources, it is important to comply with relevant laws and regulations, enhance copyright awareness, and protect the legal rights of software or resource developers. Therefore, the answer is: Correct.
【Analysis】 This question examines software copyright. Only with the permission of the copyright holder can you copy a copyrighted work. It is illegal to independently copy a copyrighted work and sell it, give it to others, or post it publicly on your own website."	2020	middle	medium
6755	In Flash MX, a guide layer animation can create the effect of a ball moving along a curve.	true_false	False	Animation of the Guide Layer and Its Production	[Answer] In Flash MX, the effect of a ball moving in a curve requires using the traditional motion guide layer. Therefore, the answer is: incorrect. [Analysis] This question examines the characteristics of traditional motion guide layer animation. In Flash, to make an object move along a specific curve, it is necessary to implement the object moving along an irregular path, which is the traditional motion guide layer animation.	2021	middle	medium
5533	Bitmap images are composed of pixels and do not distort when enlarged.	true_false	False	Bitmap and vector graphics	"[Answer] The downside of bitmap images is that scaling and rotating easily cause distortion, and they usually have larger file sizes. Therefore, the answer is: incorrect.  
[Analysis] This question examines the differences between bitmap and vector graphics.

\begin{longtable}[]{
  >{\raggedright\arraybackslash}p{\linewidth * \real{0.2217}}
  >{\raggedright\arraybackslash}p{\linewidth * \real{0.5132}}
  >{\raggedright\arraybackslash}p{\linewidth * \real{0.2651}}}
\toprule\noalign{}
\endhead
\bottomrule\noalign{}
\endlastfoot
   & Bitmap & Vector Graphics \\
Features & Better color and gradation representation & Lines and text \\
Scaling result & Easily distorted when enlarged & Not distorted when enlarged \\
File size & Large & Small \\
Software & Photoshop, Paint & Flash \"	2023	middle	medium
9410	Electronic map software can search travel routes, collect some of our information, and activate certain permissions, but none of these will lead to the disclosure of our personal information.	true_false	False	Big Data Security Issues	[Answer] After an electronic map software enables certain permissions and collects our information, it may lead to the leakage of our personal information. Therefore, the answer is: incorrect. [Analysis] This question examines security issues in big data technology. In the era of big data, the amount of collected data is increasing; every registration, every search, every comment can generate new data. When you operate on different websites and smart devices, a lot of information may be disseminated.	others	middle	medium
8638	For any sequence to be sorted, quicksort is faster than bubble sort.	true_false	False	Sorting Algorithms and Their Program Design	"[Answer] Sorting algorithms should be chosen based on the logical characteristics of the problem, and there is no universal algorithm. Therefore, the answer is: false.

[Analysis] This question examines the characteristics of sorting algorithms. Bubble sort moves smaller elements forward or larger elements backward. This method mainly involves comparing the sizes of two adjacent elements, then swapping their positions based on the comparison results and algorithm rules. By comparing and swapping each pair in sequence, sorting can be achieved. The basic idea of quicksort is to partition the sequence into two parts, where elements in one part are all less than or equal to those in the other part. Then, quicksort is recursively applied to these two parts. This recursive process eventually turns the unsorted sequence into an ordered one."	others	middle	medium
8187	The magic wand tool can be used to quickly select different colored parts of an image, and by adjusting the tolerance, you can set the degree of color proximity selected.	true_false	False	Magic wand	"Answer: The function of the magic wand is to identify the color at the clicked area and automatically select the same color from nearby regions, putting them in a selected state. Therefore, the answer is: False.

Analysis: This question tests the use of the magic wand. Tolerance refers to the proximity of the colors in the selected image, meaning that the higher the tolerance, the smaller the proximity of the colors, which results in a larger selected area."	others	middle	medium
2904	In Photoshop, common color modes include RGB, Bitmap, Grayscale, etc.	true_false	True	Image Processing Concepts and Image Attributes	"Answer: Photoshop's color modes include RGB, bitmap, grayscale, etc. Therefore, the answer is: Correct.  
Analysis: This question tests the color modes in Photoshop."	2020	middle	medium
6595	Evaluating a multimedia work should consider whether it uses enough images.	true_false	False	Evaluation of multimedia works	"[Answer] Multimedia works require the reasonable and appropriate use of images according to the theme of the work. The evaluation of multimedia works needs to consider the application of various aspects such as materials and technology. Therefore, the answer is: incorrect.  
[Analysis] This question examines the basis for evaluating multimedia works. The evaluation of multimedia works should consider the theme of the work, the content surrounding the theme, and the effect of the technology application."	2019	middle	medium
3652	Only large websites need to indicate copyright information; emphasizing copyright on personal websites is unnecessary.	true_false	False	The basic process of website development	[Answer] Large websites need to indicate copyright information, and personal websites also need to indicate copyright information. Therefore, the answer is: False. [Analysis] This question examines the indication of copyright information.	2020	middle	medium
5522	The compression of multimedia files is a process of re-encoding to reduce data space.	true_false	False	Multimedia Data Compression	"Answer: The reason multimedia data needs to be compressed is that the data volume of digitized multimedia information, such as video and audio, is huge, making storage and transmission difficult. Therefore, digitized multimedia information needs to be stored and transmitted in a compressed format. Thus, the answer is: incorrect.

Analysis: This question examines multimedia data compression. The reasons data can be compressed are: firstly, the data itself contains redundancy; secondly, in many cases, the data can tolerate a small amount of distortion."	others	middle	medium
5673	During the information technology class, when Xiaoqiang's computer suddenly crashed to a blue screen, his action was to first turn off the monitor, and then turn it back on.	true_false	False	Information processing tool	"Answer: Turning off the monitor only turns off the screen, not the power. The correct operation should be to choose the restart command from the start menu to reboot the computer. Thus, the answer is: incorrect.

Analysis: This question tests the handling of computer malfunctions. Common procedures for dealing with a computer freeze include:  
(1) Warm boot: This refers to rebooting the operating system using the keyboard while the computer remains powered, typically used during a freeze;  
(2) Cold boot: This involves cutting off the computer's power and restarting it."	2020	middle	medium
1002	In VB, the file extension for form files is vbp.	true_false	False	Saving the program and file extension	[Answer] The extension of a form file is: .frm. Therefore, the answer is: Incorrect. [Analysis] This question tests the VB file extensions. A VB project includes seven types of files: project file *.vbp, form file *.frm, module file *.bas, custom control *.ocx, class module *.cls, resource file *.res, custom control 2 *.dll.	others	middle	medium
5530	"The special effects in China's first IMAX domestic animated film ""Nezha: Birth of the Demon Child"" rely on the support of a professional cloud rendering platform, which refers to the application of distributed computing."	true_false	True	Application of Big Data	"【Answer】 Cloud rendering accelerates the rendering process through distributed computing. Therefore, the answer is: Correct.  
【Analysis】 This question examines cloud rendering. Cloud rendering is a rendering service based on cloud computing, utilizing the powerful computing capabilities of cloud platforms to provide efficient rendering services. It distributes computing tasks across a vast number of cloud computing resources, accelerating the rendering process through distributed computing, thus improving rendering speed and efficiency."	2022	middle	medium
2541	A web crawler is a type of robot that automatically retrieves internet information according to certain rules.	true_false	False	Types and Applications of Robots	"[C] Answer: Crawlers, also known as web spiders or bots, sometimes referred to as web chasers, are programs or scripts that automatically extract relevant information (such as text and images) from web pages on the internet according to certain rules. The statement in the question is incorrect. Therefore, the answer is: incorrect.

[A] Analysis: This question examines robots. Robots are intelligent machines capable of working semi-autonomously or fully autonomously. Robots can perform tasks such as operations or movement through programming and automatic control."	others	middle	easy
235	When using Xara3D for logo animation production, you can also add animation effects to the text.	true_false	True	Create logo animation	"[Solution] Users can create unique logos with Xara3D by adding animation effects to make text move, blink, rotate, etc., making the logo more vivid and attention-grabbing. Therefore, the answer is: Correct. 

[Analysis] This question examines animation production using Xara3D. Xara3D is a professional 3D text and graphics creation software developed by Xara Group Limited. It features a user-friendly interface and powerful text effect functions, allowing for the creation of unique 3D text and logo designs."	2023	middle	medium
9529	Visualizing data tables allows for a more intuitive view of relationships or trends between data, enhancing their imagery and vividness.	true_false	False	Definition and Role of Data Visualization	"Answer: Visualizing data allows for an intuitive and clear representation of changes and developments, enhancing the image and vividness of the data. Therefore, the answer is: False.

Analysis: This question tests data visualization. Chart visualization refers to the diverse chart display methods provided by Guanyuan Data. Chart card creation utilizes drag-and-drop operations and supports various chart types, such as tables, metric cards, gauge charts, line charts, and clustered column charts, among others."	others	middle	easy
8192	"For external images and audio materials, Flash uses a ""import first, call later"" approach, where the materials are first imported to the stage and then called upon when needed."	true_false	False	The application of image materials	"【Solution】 ""Import to library"" means bringing the material into the flash file but not yet using it on the stage. ""Import to stage"" means importing the material into the flash file and it has already been used on the stage. Therefore, the answer is: incorrect.  
【Analysis】 This question examines the application of materials. Importing to the stage is equivalent to importing to the library and then dragging it from the library onto the stage.  
**Section 2: Fill-in-the-blank Questions**"	2020	middle	medium
2043	Multimedia digitization is the process of converting digital signal multimedia information into analog signals.	true_false	False	The concept and process of multimedia digitization	"【Answer】 Multimedia digitization is converting analog signals into digital signals. Therefore, the answer is: False.  
【Analysis】 This question examines multimedia digitization. Digitization refers to converting any continuously varying input, such as the lines of a drawing, into a series of discrete units, represented by 0s and 1s in a computer. This conversion is usually performed by an analog-to-digital converter."	others	middle	medium
8646	When editing a webpage with Dreamweaver, selecting the inserted scrolling marquee will display 8 control points around it. Adjusting these control points can change the appearance of the marquee.	true_false	False	Adding special effects and editing code	[Answer] When using Dreamweaver, adjusting the control points can change the scrolling range of the subtitles. Therefore the answer is: False. [Analysis] This question tests the setting of scrolling subtitles.	others	middle	medium
9741	In Word 2010, to achieve navigation within the document through inserting hyperlinks, you need to insert bookmarks at the corresponding positions as jump markers in advance.	true_false	True	Text hyperlink	"【Answer】 By inserting hyperlinks, you can navigate within the document, and setting bookmarks facilitates document navigation. Therefore, the answer is: Correct.\\
【Analysis】 This question examines text hyperlinks. Adding ""hyperlinks"" in a document allows quick access to the location of the file, providing convenience."	others	middle	medium
6106	"The default saved VSP file of ""Corel VideoStudio"" can be played with Storm Player."	true_false	False	File type and format###Output of video files	Answer: Storm Player is a media playback software, and VSP files are project files that cannot be opened with Storm Player. Therefore, the answer is: incorrect. Analysis: This question examines video playback software. The VSP format is not a typical video format; it is the file save format for editing projects in Corel VideoStudio.	others	middle	medium
2909	If the first place gets 1/2 of the total number of prizes, the second place gets 1/3, the third place gets 1/5, and the total number of prizes is 31, the first place can get 15.5 prizes.	true_false	False	Concepts and Types of Data	"Answer: First, determine the least common multiple (LCM) to convert the ratio into an integer ratio. The LCM is 30, since the LCM of 2, 3, and 5 is 30. Then, multiply each denominator of the ratio by the corresponding multiple to get an integer ratio of 15:10:6. Adding them equals 31, so the first place gets 15 prizes, the second place gets 10 prizes, and the third place gets 6 prizes. Thus, the answer is: Incorrect.

Analysis: This question examines proportional relationships. When solving similar problems, if the denominators in the proportional relationship are not integers, you can convert them to integer ratios for easier calculation. Finding the least common multiple helps convert ratios to integer proportions, facilitating calculations. Note that after converting to integer ratios, accurate calculations are necessary to achieve the correct result."	others	middle	medium
4381	To create a physical model using 3D printing technology, one must first build a three-dimensional model through software.	true_false	True	3D Printing Technology and Basic Process	"Answer: To create a physical model using 3D printing technology, you must first construct a three-dimensional model with software. Therefore, the answer is: Correct. 

Analysis: This question examines 3D technology. 3D printing generally involves three steps: obtaining a 3D model, exporting and slicing the model, and printing the finished product."	2023	middle	medium
6090	The Flash properties panel will display different content depending on the selected object.	true_false	True	Flash document properties settings	[Answer] Flash objects include buttons, graphics, movies, etc. The different attributes of these objects result in different displayed content. Therefore, the answer is: Correct. [Analysis] This question examines the properties panel in Flash.	others	middle	medium
4225	When creating web pages, using cascading style sheets can easily achieve consistent styling of text and tables across the entire website.	true_false	True	Creation and Design of Subpages	"【Answer】 When creating web pages, to ensure coordinated and uniform styles for the text and tables across the entire website, we can use Cascading Style Sheets (CSS). Therefore, the answer is: Correct.

【Analysis】 This question primarily tests the application of Cascading Style Sheets (CSS). CSS is a computer language used to describe the styles of files like HTML (an application of Standard Generalized Markup Language) or XML (a subset of Standard Generalized Markup Language). CSS can not only statically style web pages but also dynamically format various elements on web pages in conjunction with different scripting languages. CSS allows for pixel-level precise control of the layout of elements on a web page, supports almost all font sizes and styles, and has the capability to edit web object and model styles."	2020	middle	medium
6581	By using convolutional neural network technology and deep learning of the painting styles of world-famous artists, everyday images can be stylized to have the style of these artists.	true_false	True	Intelligent creativity	[Answer] By using convolutional neural network technology and deep learning of the painting styles of world-famous artists such as Leonardo da Vinci and CÃ©zanne, everyday images can be stylized to have the artist's style. Therefore, the answer is: Correct. [Analysis] This question examines the creative application of artificial intelligence in imagery. Convolutional neural networks perform exceptionally well in image feature extraction.	others	middle	medium
4387	Hadoop is a free open-source program that enables data processing on computer nodes, handling increasing amounts of data by continuously adding nodes.	true_false	False	Types of Big Data Processing	"[Answer] Hadoop is an open-source free program, whereas the question refers to a paid program. Therefore, the answer is: incorrect.

[Analysis] This question examines the distributed processing framework or platform corresponding to a type of big data processing. Hadoop can achieve data parallel processing across computer nodes, maintaining efficient and stable processing levels and obtaining timely and accurate results by continuously adding nodes to handle increasing data."	others	middle	medium
4494	Using a mobile phone to scan a QR code is part of the information encoding process.	true_false	False	Barcode and QR code	"[Answer] Using a smartphone to scan a QR code is a decoding process. Therefore, the answer is: Incorrect.

[Analysis] This question examines QR codes. A QR code itself is already encoded information. When a QR code is generated, a specific encoding method is used to convert information into a set of black and white patterns. Through scanning and decoding, this set of patterns can be converted back to the original information."	2022	middle	easy
9265	In the 3D simulation virtual robot smart school bus, if the robot makes a circular trajectory when turning, it indicates that the turning time is too long.	true_false	True	Robot simulation system	[Answer] The robot's turning time is too long, so it tends to follow a circular trajectory. Therefore, the answer is: Correct. [Analysis] This question examines intelligent robots. In the robot's operating trajectory, when passing through some transition points, the turning radius should be set larger to reduce speed decay during turns and to make the trajectory smoother.	2022	middle	medium
8759	Tuniu Travel Network allows booking hotels, purchasing flight tickets and tickets, and is an e-commerce website.	true_false	True	Featured website	"【Answer】 Tuniu is a trading platform where commercial transactions can be conducted, and it belongs to an e-commerce website. Therefore, the answer is: correct. 

【Analysis】 This question examines specialty websites. An e-commerce platform is a site that provides a platform for online transactions and negotiations for businesses or individuals."	2021	middle	easy
