index	question	category	answer	knowledge	analysis	year	grade_level	difficulty_level
4844	In Python, using the pow() function from the math module, the result of pow(2, 4) is \ul{　 　}.	fill_in_the_blank	16	The concept and reference of modules	[Answer] The `pow()` function in the math module returns the value of x\textsuperscript{y} (x raised to the power of y). Therefore, the value of `pow(2, 4)` is 2\textsuperscript{4}=16. Hence, the answer is: 16. [Analysis] This question tests the Python module. Python's math module provides us with a series of mathematical functions, helping us perform operations such as exponentiation, logarithms, square roots, and trigonometric functions. To use these features, simply call the functions within this module.	others	middle	medium
5699	"Fill in the following text completely.
Multimedia is generally understood as a synthesis of various media, meaning an interactive information exchange and communication medium in computer systems that combines two or more types of media.
Multimedia information generally includes text, \ul{     }, graphics, \ul{     }, \ul{     }, etc.
The two biggest features of multimedia works are integration and \ul{     }.
A typical multimedia work: \ul{     }."	fill_in_the_blank	Video; Animation; Audio; Interactivity; Presentation	The concept and features of multimedia and multimedia technology	"[Answer] Multimedia information generally includes text, video, graphics, animation, and audio. The most significant features of multimedia works are interactivity and integration. Presentations are a very typical form of multimedia work. Therefore, the answer is: video, animation, audio, interactivity, presentation.

[Analysis] This question examines the characteristics of multimedia and multimedia works. Multimedia refers to the integration and combination of two or more forms of media such as text, images, audio, video, and animation."	2021	middle	medium
7295	"Network Setup

(1) The simplest way to connect two computers is by using \_\_\_ (A. Twisted pair cable B. Optical fiber) to connect the \_\_\_ (A. Graphics card B. Network card) of both computers.

(2) For a local area network connecting two computers, after hardware connection, you need to enable \_\_\_ (A. Guest account B. Administrator) and set \_\_\_ (A. IP address B. Interface type).

(3) A local area network with multiple computers requires using \_\_\_ (A. Coaxial cable B. Twisted pair cable) to connect to a \_\_\_ (A. Router B. Switch) for setup.

(4) A local area network connected via a wireless router.

A local area network set up with a wireless router is to establish \_\_\_ (A. Wi-Fi B. WAM). To set the parameters of the wireless router,"	fill_in_the_blank	(1) A; B (2) A; A (3) B; B (4) A; B (5) B; B	Methods of network connection###Transmission media and network devices###Setup of a Local Area Network	"Answer:

(1) The simplest way to connect two computers is to use a twisted pair cable to link the network cards of the two computers. Therefore, the answers are: A, B.

(2) When using a single network cable to connect two computers to create a local area network, you need to enable the guest account and set the IP address to connect successfully. Therefore, the answers are: A, A.

(3) A switch and several standard network cables (twisted pair) can form a small local area network. Therefore, the answers are: B, B.

(4) A local area network set up with a wireless router is also known as Wi-Fi. Connect one end of the router to any LAN interface port and the other end to the computer's network cable interface. Therefore, the answers are: A, B.

(5) The Internet is the world's largest international internet. Wireless internet access refers to a way of connecting to the internet using electromagnetic signals as a"	2019	middle	medium
8671	The typical production process of a digital story includes selecting a theme, \ul{ }, \ul{ }, \ul{ }, project integration, and publication evaluation.	fill_in_the_blank	Requirements Analysis; Planning and Design; Material Collection	Production of Multimedia Works	"The process of creating a digital story typically involves the following steps: choosing a theme, needs analysis, planning and design, material collection, work integration, and publication evaluation. Therefore, the answer is: needs analysis, planning and design, material collection. 

This question examines the process of creating a digital story. Planning and design include system structure design and functional module design. Needs analysis includes application needs analysis and creative needs analysis."	others	middle	medium
5560	"Complete the program to accomplish the following functionality: The program requires input of the length and width of a rectangle when it runs and outputs the area. Fill in the blanks with appropriate content so that the program runs correctly as required.

a = float(input(""Please enter the length of the rectangle""))
b = float(input(""Please enter the width of the rectangle""))
s = ( )
print(""The area of the rectangle is "" + str(( )))"	fill_in_the_blank	a * b; s	Sequential structure statements and format###Common Basic Functions###Common Built-in Functions in Python	"[Solution] To find the area of a rectangle, the area of the rectangle = length of the rectangle * width of the rectangle. The length is a, the width is b, so the area is s = a * b. Therefore, the answer is: s = a * b.  
[Analysis] This problem primarily tests program analysis. According to the problem requirements and mathematical formulas, complete the program content."	2023	middle	medium
6126	The street lights on the overpasses in Hangzhou automatically turn on when they sense the weather light level has dimmed to a certain extent, mainly reflecting the application of ( ) in daily life.	fill_in_the_blank	Photoelectric sensor	Types and Applications of Sensors	"[Answer] Automatically operating in response to changes in light, it uses a photosensitive sensor. A photosensitive sensor is a sensitive device that responds to or converts external light signals or radiation. Therefore, the answer is: photosensitive sensor. 

[Analysis] This question examines the application of sensors. A sensor is a detection device that can perceive the information being measured and convert the perceived information into electrical signals or other required forms of information output according to certain rules, to meet the requirements of information transmission, processing, storage, display, recording, and control."	2022	middle	medium
6122	"Using a for loop to iterate over each element in the list and print it, please complete the program.

list1 = [1, 2, 5, 6, 9]

for ( ) in list1:
    print(( ))"	fill_in_the_blank	item; item	Program Design and Analysis of Loop Structures###Data type	"[Answer] The item is in list1, traverse list1, and if the item is not found, output the variable name item. Therefore, the answer is: item.\
[Analysis] This question tests knowledge of lists. Lists are the most common Python data type and can appear as comma-separated values within square brackets. A for loop can iterate through any sequence of items, such as a list or a string."	others	middle	medium
4850	Blank space refers to the resource cost consumed by an algorithm when it is compiled into an executable program and run, including time resources and memory resources. ( )	fill_in_the_blank	Algorithm complexity	Efficiency and complexity of algorithms	"[Answer] Algorithm complexity refers to the resources required when an algorithm is written into an executable program and runs. These resources include time resources and memory resources. Therefore, the answer is: algorithm complexity. 
[Analysis] This question examines the complexity of an algorithm. Algorithm complexity, from a temporal perspective, is time complexity (speed), and from a spatial perspective, is space complexity (memory usage)."	others	middle	medium
6613	The random module is a ( ). The statement random.randint(1,10) functions to ( ).	fill_in_the_blank	Random library; generate a random number between 1 and 10	The concept and reference of modules###Common Built-in Functions in Python	"【Answer】The random module is a library for generating random numbers. The statement random.randint(1,10) generates a random number between 1 and 10. Therefore the answer is: a random library that generates a number between 1 and 10.

【Analysis】This question examines commonly used Python modules and their functions. Common modules include the random number generation module random, the plotting module matplotlib.pyplot, the 3D plotting module mpl_toolkits.mplot3d, and the time library module."	others	middle	medium
8662	"Refine the program to calculate the sum of even numbers from 1 to 100 and output the result.
n = 2
sum = 0
while n <= 100:
    sum = sum + n
    n = ____
print( ____ )"	fill_in_the_blank	n+2; sum	Program Design and Analysis of Loop Structures	"[Solution] n=2, sum=0, when n is less than or equal to 100, sum=sum+n, n=n+2, n is an even number, output the sum of even numbers from 1 to 100. Therefore, the answer is: n+2; sum.

[Analysis] This question examines the while function. The general form of the while statement in Python is:

while condition:
    statements...

It's important to note the colon and indentation. Also, there is no do..while loop in Python. An infinite loop can be achieved by setting the condition expression to never be false.

A while loop can use the else statement. If the condition following while becomes false, the block of else will be executed. The syntax format is as follows:

while <expr>:
    <statement(s)>
else:
    <additional_statement(s)>

If the condition <expr> is true, the statement(s) block is executed. If false, the additional_statement"	2022	middle	medium
1024	A certain dashboard camera is set to a resolution of 1080P, with a frame rate of 30fps (frames per second), capturing at a data rate of about 50MB per minute. A 32GB storage card can record up to approximately \ul{ } hours without overwriting (rounded to the nearest whole number).	fill_in_the_blank	11	Data storage units and calculation	"[Answer] 32GB = 32 * 1024MB = 32768MB, 32768 ÷ 50 = 655.36 minutes, approximately equal to 11 hours. Therefore, the answer is: 1.  
[Analysis] This question tests the conversion of storage units. Common storage units are B, KB, MB, GB, TB. Conversion relationships: 1KB = 1024B, 1MB = 1024KB, 1GB = 1024MB, 1TB = 1024GB."	2020	middle	medium
5554	If noise interference is deliberately introduced into normal samples to mislead intelligent algorithms, causing them to produce erroneous results, then such samples are referred to as ( ).	fill_in_the_blank	adversarial samples	Ethics and Challenges of Artificial Intelligence	[Answer] By intentionally adding interference to mislead the algorithm and produce an incorrect output, the disturbed sample belongs to adversarial samples. Therefore, the answer is: adversarial samples. [Analysis] This question examines adversarial samples. Adding adversarial samples in image recognition typically induces the system to produce erroneous information desired by the attacker.	others	middle	medium
7826	The quality of digital audio is related to \ul{　 　} and \ul{　 　}. The higher the sampling frequency \ul{　 　}, and the greater the number of quantization bits \ul{　 　}, the better the sound quality, and the larger the data volume \ul{　 　}. Multichannel audio is more expressive than mono, but the file size will also increase exponentially \ul{　 　}. The use of different \ul{　 　} and \ul{　 　} for audio of a certain length also determines the size of the generated digital audio file.	fill_in_the_blank	Sampling frequency; Quantization bits; High; Multiple; Large; Increase; Sampling frequency; Quantization bits	Audio, image, video encoding	"【Answer】 The quality of audio is related to the sampling frequency, bit depth, and number of channels. The higher the sampling frequency and bit depth, the better the quality, but the data amount also increases. Multi-channel files are larger compared to mono files. The size also varies depending on the sampling frequency and bit depth used. Therefore, the answer is: sampling frequency, bit depth, high, large, increase, sampling frequency, bit depth. 

【Analysis】 This question tests digital audio. Audio data size (bytes/second) = (sampling frequency (Hz) × bit depth (bit) × number of channels × time (s)) / 8."	others	middle	medium
1600	Common operations for linear lists include \ul{    }, \ul{    }, \ul{    }, etc.	fill_in_the_blank	Access elements; insert elements; delete elements	Linear List and Its Operations	"[Answer] The usual operations of a linear list include traversal, insertion, and deletion, that is, accessing elements, inserting elements, and deleting elements. Thus, the answer is: accessing elements, inserting elements, deleting elements. 

[Analysis] This question examines the operations of a linear list. A linear list (linear list) is a type of data structure, which is a finite sequence of n data elements with the same characteristics."	others	middle	medium
7831	A network protocol is a collection of ( ) established by a computer network for data exchange.	fill_in_the_blank	unified rules	Network Protocol	"Answer: Network protocol is a collection of rules, standards, or agreements established for data exchange in computer networks. Therefore, the answer is: Uniform rules.  
Analysis: This question examines network protocols. Various network services rely on network protocols, and TCP/IP, as a common protocol, is the foundation of Internet communication."	others	middle	medium
9761	The principle of animation and video is based on the characteristics of the human eye, known as ( ).	fill_in_the_blank	Persistence of vision	The Basics of Animation Principles	"【Answer】 The principle of animation and video is based on the phenomenon of visual persistence in human eyes. Therefore, the answer is: visual persistence.

【Analysis】 This question examines the principle of animation. The phenomenon of visual persistence, also known as the ""afterimage effect,"" occurs because when the human eye observes an object, the light signal is transmitted to the brain's nerves and requires a short period of processing time. After the light effect ends, the visual image does not immediately disappear. This residual vision is known as ""afterimage,"" and this visual phenomenon is referred to as ""visual persistence."""	2022	middle	medium
8209	A robot is a device that performs tasks automatically. It can accept instructions from humans, run pre-programmed procedures, and operate based on principles and guidelines established through artificial intelligence technology. Robots generally consist of ( ), sensors, and controllers.	fill_in_the_blank	Actuators	Composition of a robot	"[Answer] Robots are generally composed of actuators, sensors, and controllers. Therefore, the answer is: sensors.

[Analysis] This question examines the components of a robot. (1) The actuators include manipulators and mobility mechanisms. The manipulator is equivalent to a human hand and can perform various tasks; the mobility mechanism is like human feet, enabling the robot to ""walk."" (2) Sensors are the sensory organs through which a robot acquires information about itself or changes in the external environment, akin to human eyes, ears, and skin. (3) The controller is the robot's command center, similar to the human brain or central nervous system, capable of controlling and coordinating various parts of the robot. These execution, perception, and brain organs are just the shell of the robot; they must be combined with software-driven capabilities to allow the robot to operate independently and complete tasks."	2022	middle	medium
9433	ETC, or Electronic Toll Collection system, uses \ul{     } technology to complete data communication between vehicles and toll stations.	fill_in_the_blank	RFID or Radio Frequency Identification	Radio Frequency Identification	[Answer] The electronic toll collection system uses Radio Frequency Identification (RFID) technology, employing non-contact data communication between the reader and the tag to identify the target. Therefore, the answer is: RFID or Radio Frequency Identification. [Analysis] This question tests radio frequency identification. RFID is the abbreviation for Radio Frequency Identification. Its principle involves non-contact data communication between the reader and the tag to achieve target identification. RFID is widely used in applications such as animal chips, car anti-theft chips, access control, parking management, production line automation, and material management.	2022	middle	medium
4410	"Debug the following code:  
Input 32, 23  
a = input('Please enter the first number:')  
b = input('Please enter the second number:')  
print(a + b)  
After executing the program, the content displayed on the screen is ( )."	fill_in_the_blank	3223	Sequential Structure Program Design and Analysis	"[Answer] The input data type is a string, and the code performs string concatenation. Therefore, the answer is: 3223.\\
[Analysis] This question examines sequential program analysis and string operations. The result is string concatenation, resulting in 3223, not 55."	2023	middle	medium
1603	"Students plan to use an electronic bulletin format to report on the excursion activity. In preparing this electronic bulletin:  
⑴ Taking photos of the activity. This is ( );  
⑵ Saving all photos on a USB drive. This is ( );  
⑶ Organizing photos and categorizing them for storage. This is ( );  
⑷ Editing the photos to create an electronic bulletin. This is ( );  
⑸ Presenting the report at the class meeting. This is ( )."	fill_in_the_blank	B; E; D; C; A	Concept and Process of Information Processing	"【Answer】 Taking photos involves information acquisition; saving on a USB drive is information storage; organizing and categorizing is information management; photo processing and producing electronic publications is information processing; displaying in the class is information expression and communication. Therefore, the answer is: B, E, D, C, A.

【Analysis】 This question tests information processing and handling. Information acquisition involves the collection and processing of information; information management refers to the management of information resources and activities; information processing refers to a series of processes such as distinguishing, filtering, classifying, sorting, analyzing, and researching to make the collected information fulfill our needs."	2021	middle	medium
8204	When creating a graphical interface using tkinter, first use the statement ( ) to import the tkinter module, and then use ( ) to generate a main window object.	fill_in_the_blank	import tkinter; tkinter.Tk()	The concept and reference of modules###Graphical User Interface and Design	"[Answer] When using tkinter to create a graphical interface, you first need to import the tkinter module to create a Tkinter desktop application. Then, use the Tk class to create the main window and call the mainloop method to keep the window displayed. In Tkinter, you can also add other components, such as Label, Button, etc. Therefore, the answer is: import, tkinter.Tk(). 

[Analysis] This question tests the creation of graphical interfaces using tkinter. When creating a graphical interface, you first need to import the module, and then you can use the classes within that module to generate the main window or other objects."	others	middle	medium
8666	Internet online learning has enabled \_\_\_ and overcome \_\_\_.	fill_in_the_blank	Sharing of educational resources; limitations of time and space	Types and Applications of Information Systems	"[Answer] Online learning is no longer limited to dozens or hundreds of students attending class simultaneously; instead, it involves tens of thousands or even hundreds of thousands of participants, achieving the sharing of educational resources without time and space constraints. Therefore, the answer is: sharing of educational resources, time and space constraints.

[Analysis] This question examines the online learning system. The online learning mode establishes a new learning environment through multimedia network learning resources, online learning communities, and other components on an educational network platform."	others	middle	medium
2915	Robots are an integration of modern technology, combining advanced techniques from ( ) and ( ), along with mechanical engineering, electronic engineering, sensor applications, and various other fields.	fill_in_the_blank	Computer technology; artificial intelligence	The Basic Concepts of Robots	"【Answer】 A robot is a complex system integrating knowledge from multiple disciplines. It requires the combination of mechanical engineering, electronic engineering, sensor applications, computer technology, and artificial intelligence to complete various tasks. Therefore, the answer is: computer technology, artificial intelligence.\\
【Analysis】 This question examines robotic technology. Robotic technology is one of the fastest-growing fields in the world today, with a wide range of applications in industries such as manufacturing, healthcare, education, and entertainment."	2021	middle	medium
8201	In an information society, the development of society regards \_\_\_ and \_\_\_ as important resources.	fill_in_the_blank	Information; knowledge	Definition and Development of the Information Society	"[Answer] An information society refers to a new form of social organization and developmental stage that is based on information activities. In an information society, the development of society relies on information and knowledge as essential resources, focuses on people, and is grounded in sustainable development. Therefore, the answer is: information, knowledge.

[Analysis] This question examines the concept of the information society. The economy of an information society is primarily driven by the information economy and knowledge economy, differing from the agricultural society, which is dominated by the agricultural economy, and the industrial society, which is dominated by the industrial economy."	others	middle	medium
168	In the structure of a data analysis report, the main body primarily includes the specific analysis process and ( ).	fill_in_the_blank	Result	Data Analysis Report and Production	"Answer: In the structure of a data analysis report, the main body primarily includes the specific analysis process and results. Therefore, the answer is: results.

Analysis: This question examines a data analysis report. A data analysis report consists of three main parts: introduction, main body, and conclusion."	others	middle	easy
1365	Pivot tables are dynamic and can provide the required data by changing the ( ) and ( ).	fill_in_the_blank	Filter criteria; Summary method	Pivot Table	"【Answer】 When using a pivot table, you can obtain the required data by selecting different filter criteria and summarization methods. Therefore, the answer is: filter criteria, summarization methods.  
【Analysis】 This question examines pivot tables. Pivot tables are a very useful data analysis tool that can quickly summarize and analyze large amounts of data."	2021	middle	easy
6377	When dealing with big data, decomposing difficult and large-scale problems into several directly solvable, independent sub-problems is called ( ).	fill_in_the_blank	Divide and Conquer Method	The basic concept of big data processing	"""Divide and Conquer"" strategy, as the name suggests, means to divide and govern. Its basic idea is to break down difficult-to-solve, large-scale problems into several directly solvable, independent sub-problems that are similar in nature to the original problem. By solving the sub-problems, the solution to the original problem can be achieved, which is a process algorithm that completes sub-goals. When handling big data, breaking down difficult-to-solve, large-scale problems into several directly solvable, independent sub-problems employs this idea. Therefore, the answer is: Divide and Conquer.

[Analysis] This question examines the basic idea of big data processing. ""Divide and Conquer"" is a fundamental approach in big data processing."	others	middle	easy
2760	For an information system to successfully achieve the sending, receiving, converting, and transmitting of information, it must have ( ) as a guarantee.	fill_in_the_blank	communication network	Components of an Information System	[Answer] For an information system to effectively accomplish the sending, receiving, conversion, and transmission of information, a communication network is essential. Therefore, the answer is: communication network. [Analysis] This question examines the elements of an information system. An information system comprises five basic elements: hardware, software, data, communication network, and users. Hardware is the tangible equipment that people can see and touch; software is the foundation for the normal operation of an information system; data is a crucial resource within the system. Users are a significant component of an information system, as it exists to facilitate people's lives and work.	others	middle	easy
5698	The main functions of a multimedia system are to collect, \_\_\_, \_\_\_, \_\_\_, and \_\_\_ various types of media.	fill_in_the_blank	Encoding; Storage; Transmission; Processing	Components of a Multimedia Computer System	"Answer: The main functions of a multimedia system are to collect, encode, store, transmit, process, and reproduce various media. Therefore, the answer is: encode, store, transmit, process.

Analysis: This question examines the functions of multimedia systems. A multimedia computer system refers to a complete computer system that integrates audio and visual interactive controls, and performs digitized acquisition, generation, storage, processing, retrieval, and transmission of audio and video signals."	others	middle	medium
752	The 3D printing forming process includes: ( ), ( ), and ( ).	fill_in_the_blank	Pre-processing; Forming and processing; Post-processing	The basic process of 3D printing	"Answer: The 3D printing process includes three main stages: preprocessing, fabrication, and post-processing. It does not include high-speed jet processing. Therefore, the answer is: ①②③.

Analysis: This question examines the basic process of 3D printing. Preprocessing involves creating a 3D model using computer design software, then slicing the model to convert it into 2D layers. Fabrication is the core process of 3D printing, where the 3D printer builds the 3D object layer by layer based on the parameters and sliced model data set in the preprocessing stage. The goal of post-processing is to refine the final 3D printed product and perform necessary surface treatment and structural adjustments."	others	middle	easy
2748	A sensor is generally composed of a sensing element, a \_\_\_\_, and a signal conditioning and conversion circuit.	fill_in_the_blank	Conversion component	Composition of the sensor	[Answer] A sensor generally consists of a sensitive element, a conversion element, and a signal conditioning and conversion circuit. Therefore, the answer is: conversion element. [Analysis] This question examines sensors. The conversion element can transform the physical quantities (like temperature, humidity, brightness, etc.) or chemical quantities (such as pH, concentration, etc.) detected by the sensitive element into electrical signals.	2023	middle	easy
3468	In the long course of human development, people have sought knowledge through _______, _______, and from _______, continuously accumulating knowledge, forming the valuable wealth of human society.	fill_in_the_blank	Process data; analyze data; patterns	The Development History of Data Analysis	"[Answer] People process data, analyze data, and find patterns, thereby forming a wealth of knowledge. Hence, the answer is: process data, analyze data, patterns.

[Analysis] This question examines the development of data analysis. Data analysis involves using appropriate statistical methods to analyze collected data, summarizing, understanding, and digesting it to maximize the function and utility of the data. Data analysis is the process of extracting useful information and forming conclusions through detailed study and summary of the data."	others	middle	easy
8311	In data analysis, there are many methods, with some of the more common ones being average analysis, ( ), and grouped analysis.	fill_in_the_blank	Comparative analysis	Common Data Analysis Methods	"Answer: Common data analysis methods include average analysis, comparative analysis, and grouped analysis. Therefore, the answer is: comparative analysis.

Analysis: This question examines data analysis methods. Average analysis uses average metrics to reflect the overall general level. Comparative analysis is based on a unified standard, comparing two or more related metric data to study the scale, level, speed, etc., of the research object quantitatively. Grouped analysis involves dividing overall data into several groups based on a certain criterion for analysis. It helps observe the intrinsic relationships within data, especially the impact of certain factors on results. Appropriate data analysis methods can help people quickly extract value from data."	2022	middle	easy
