index	question	category	A	B	C	D	answer	knowledge	analysis	year	grade_level	difficulty_level
375	To format a floppy disk, the operation that cannot be performed is (　　).  	single_answer_choice	"Open the A drive in ""My Computer"" window, right-click, and select ""Format"" from the shortcut menu  "	"In the ""My Computer"" window, select the A drive letter, right-click, and choose ""Format"" from the shortcut menu  "	"In the ""My Computer"" window, select the A drive letter, then choose ""File,"" ""Format""  "	"Execute the ""format a:"" command in the ""Run"" dialog box"	D	File Explorer and Files, Folders	"[Answer] It is not possible to format a floppy disk using the ""format a:"" command executed in the ""Run"" dialog box, as this command is for formatting the ""A"" drive on a hard disk. Therefore, the answer is option D. 

[Analysis] This question tests the operation of formatting a floppy disk. 

(On June 6, 2023, in Taiyuan's end-of-term exam) The 31st China International Information and Communications Exhibition concluded in Beijing. The three-day event, themed ""Clearing the Great Information Artery, Creating a New Era of Digital Intelligence,"" comprehensively showcased the latest achievements in the development of the information and communications industry, heralding the rapid arrival of a more prosperous digital intelligence era. 

Complete the small question based on the above content."	others	middle	medium
9058	In Windows, the correct statement in the narrative is (    ).	single_answer_choice	"The ""Notepad"" software is a word processing software that can handle large and complex formatted documents"	"The ""Notepad"" software cannot insert an image into the text"	"The ""Paint"" software cannot add text to an image"	"The ""Paint"" software can use up to 256 colors for drawing, so it cannot handle true color images"	B	System software, application software, and features	"[Answer] Notepad can only handle documents with a single format and cannot insert images. You can use a drawing software to add text to images; drawing software is a bitmap graphics editor that can handle image files with over 256 colors and can process true-color images. Therefore, the answer is B. 

[Analysis] This question examines Notepad and drawing software. Notepad refers to a booklet used for recording various matters in daily life. In the Windows operating system, Notepad is a small application that uses a simple text editor to record and store text information. Paint is a simple image drawing program and is one of the pre-installed software on Microsoft's Windows operating system. The ""Paint"" program is a bitmap editor that can edit graphics in various bitmap formats. Users can draw images themselves or edit and modify scanned pictures. After editing, they can save in BMP, JPG, GIF formats, and users can also send them to the desktop or other documents."	others	middle	medium
7320	"In WPS Writer, click the ""Table"" button under the ""Insert"" tab, and then select the ""Insert Table"" command. In the ""Insert Table"" dialog box (    )"	single_answer_choice	Only the number of rows can be selected	Only the number of columns can be selected	Only the number of rows and columns can be selected	You can set a fixed column width for the table	D	Application of forms	"[Answer] In the ""Insert Table"" dialog box, you can select the number of rows and columns to insert and fix the column width. Therefore, the answer is D.

[Analysis] This question tests the table insertion function in WPS Writer. When inserting a table, you can choose options such as column width and the number of rows and columns, as shown in the image."	others	middle	medium
5650	The correct option is (     )	single_answer_choice	Although there are many viruses on small websites, it is safe as long as we only browse and do not download any content.	Small websites have many hidden dangers, and any content downloaded from them will definitely bring viruses to the computer.	Trojans are mainly used to steal passwords and other information.	Computer viruses do not occupy a large amount of disk space.	C	Common Cybersecurity Issues###Computer viruses and malware	"[Answer] Option A: Browsing unsafe website content also poses infection risks; Option B: This statement is quite absolute; Option C: Trojans can steal passwords and other data; Option D: Computer viruses can occupy a large amount of disk space. Therefore, the answer is C.  
[Analysis] This question examines network security. There are many website viruses, and browsing unknown websites may also have viruses."	2018	middle	medium
7912	The main function of a firewall is (    ).	single_answer_choice	Defend against threats from the network	Detect and remove viruses from the network	Block text, images, videos, etc., from entering the computer	Prevent the computer from catching fire due to accidents	A	Network Security Protection Methods and Common Tools	"[Answer] Option A: Function of firewalls; Option B: Function of antivirus software; Option C: Firewalls do not prevent text, images, and videos from entering a computer; Option D: Firewalls are a concept in computing and are unrelated to actual fires. Thus, the answer is A.

[Analysis] This question examines firewalls. A firewall refers to an information communication monitoring system established between internal and external networks for network security."	2018	middle	medium
6026	The following statement about the internet is incorrect (    ).	single_answer_choice	The internet is formed when independent computers are connected through a network that spans the globe.	The internet has become one of the important channels for sharing resources and exchanging information.	Email is a typical application of the internet.	The internet provides us with a large amount of information, all of which is reliable and can be used directly.	D	Information and its characteristics###Concepts and Characteristics of Computer Networks###The application of computer networks	"【Answer】 Options A, B, C: Correct; Option D: The reliability of internet information depends on the credibility of its source. Information published on government websites is reliable and can be directly used, while some information with unknown sources should not be readily trusted. Therefore, the answer is: D.  
【Analysis】 This question examines the internet and its applications. The internet facilitates data communication and resource sharing. Internet information can be both true and false, so one must learn to identify the authenticity of information through its source."	2023	middle	medium
2650	The following statement about processing Excel spreadsheet information is incorrect (     ).	single_answer_choice	An Excel workbook can have multiple worksheets.	The Average() function can perform minimum value operations.	A pie chart is suitable for displaying the percentage of parts to the whole.	B3 indicates the cell address at the intersection of the 3rd row and 2nd column.	B	Workbook, worksheet, and cell concepts###Calculation of table data###Types of Charts	"【Answer】 The Average() function can calculate the average value. MIN is the function for finding the minimum value. Therefore, the answer is B.  
【Analysis】 This question tests the processing of information in spreadsheets. A workbook contains multiple worksheets. The cell address uses numbers for rows and letters for columns."	others	middle	medium
367	Which of the following files occupies the largest storage space on a computer hard drive?  	single_answer_choice	Singing the Motherland.mp3  	"Movie ""The Wandering Earth"" Full Version.rm  "	Lucky Homeland.bmp  	Essay on the 70th Anniversary of the Founding of the Country.doc	B	File type and format	"Option A: MP3 is a lossy compressed audio file, and the size of an MP3 song is about 4MB.  
Option B: RM is a video format, and the storage size of a movie is relatively large.  
Option C: BMP is a bitmap format, generally uncompressed, maintaining image quality while occupying significant disk space. The uncompressed data size of a 24-bit true color image is 2.25MB.  
Option D: Word documents take up very little storage space.  
Therefore, the answer is B.  
Analysis: This question examines common file formats and their storage sizes. Generally, for the same duration, video files occupy more storage than audio files."	2021	middle	medium
9037	Below are descriptions of new network technologies (such as cloud computing, the Internet of Things, etc.) The incorrect one is (    ).	single_answer_choice	Cloud computing is a type of internet-based computing	"With cloud computing, old machines from a few years ago can have data processing capabilities as powerful as a ""supercomputer"""	The Internet of Things is an internet connecting various objects	Radio Frequency Identification (RFID) technology uses infrared to identify specific targets and read/write related data	D	New Internet Technology	"Answer: Options A and B: Cloud computing is an internet-based computing method. Through this technology, network service providers can process tens of millions or even hundreds of millions of pieces of information in seconds, allowing older machines to have network service capabilities as powerful as ""supercomputers."" Options A and B are correct. Option C: The Internet of Things (IoT) is the internet of ""things"" connected to each other, enabling information exchange through devices like infrared sensors, GPS, laser scanners, and temperature and humidity sensors installed on physical objects, connecting to the internet through agreed protocols to achieve intelligent identification, positioning, monitoring, and management. Option C is correct. Option D: Radio Frequency Identification (RFID) technology is a communication technology capable of automatic identification, allowing the identification of specific targets and reading/writing related data through radio signals. Option D is incorrect. Therefore, the answer is option D.

Analysis: This question tests new network technologies. With the continuous development of science and technology"	others	middle	medium
9569	Communication software capable of sending and receiving internet information instantly is called instant messaging software (IM). Which of the following options does not belong to instant messaging software?  	single_answer_choice	QQ  	WeChat  	AliWangWang  	Email	D	Methods and Principles of Information Exchange	"【Answer】 Common instant messaging software includes QQ, WeChat, and AliWangWang, while email is not an instant messaging software. Therefore, the answer is option D. 

【Analysis】 This question tests methods of information exchange. Instant messaging software allows online chatting and communication through instant messaging technology. There are two architecture types: one is the C/S architecture, which uses a client/server model requiring the installation of client software, with typical examples including WeChat, QQ, BigAnt, Youdu IM, Ruliu (formerly Baidu HI), Skype, Gtalk, Sina UC, MSN, DingTalk, Enterprise WeChat, and 360 Weavesm."	2020	middle	medium
7984	Which of the following statements about computers is incorrect?   	single_answer_choice	Computers are tools for completing information processing.  	Computers process input data according to programs written and stored in advance.  	Using computers can improve work efficiency and enhance quality of life.  	Due to the development of computer intelligence technology, robots can eventually replace humans.	D	Functions and Features of a Computer	"[Answer] The development of computer intelligence technology can better serve humans, but robots will not replace humans. Option D is incorrect. Therefore, the answer is D.

[Analysis] This question examines the application of computers. A computer is a modern electronic computing machine used for high-speed calculations, capable of performing numerical and logical computations, and also has memory storage functions. It is a modern intelligent electronic device that can operate according to programs, automatically and rapidly processing vast amounts of data. The main application areas of computers include: information management, scientific computing, process control, assistive technology, translation, multimedia applications, and computer networks."	others	middle	medium
3723	Regarding images and image recognition technology, the following statement is incorrect (____):	single_answer_choice	The process of image recognition generally includes image information acquisition, preprocessing, feature extraction, and classification and recognition	The resolution of an image is the product of horizontal and vertical pixels.	A quantized image can be encoded and stored in wmv format.	The process of image recognition generally includes image information acquisition, preprocessing, feature extraction, and classification and recognition.	B	Image recognition	"[Answer] WMV format is a collective term for a series of video codecs and related video encoding formats developed by Microsoft, and it cannot store images. Therefore, the answer is B.  
[Analysis] This question examines image recognition. Image recognition technology refers to using computers to process, analyze, and understand images to identify objects within the images. The process of image recognition can be divided into the following steps: image information acquisition, preprocessing, feature extraction, selecting a classifier, and identifying the image."	2022	middle	medium
927	Regarding knowledge about IP addresses, the incorrect statement is (      ):	single_answer_choice	Each computer on the Internet is assigned a unique 32-bit IP address.	An IP address consists of 4 groups of numbers, each ranging between 0-255.	When logging into a website, entering the IP address in the browser's address bar will not open the website.	Domain addresses and IP addresses are one-to-one correspondences.	C	IP address and domain name	"[Answer] When logging into a website, entering the website's IP address in the browser's address bar can open the website; even opening the website through the domain name requires the domain name resolution system to convert the domain name into an IP address to open the website, so option C is incorrect. Therefore, the answer is option C.

[Analysis] This question examines IP addresses and domain names. Every computer on the Internet has (and only has) one IP address. It consists of four segments, with each segment ranging from 0 to 255."	2019	middle	medium
6062	The incorrect statement about Python syntax is (     ).  	single_answer_choice	In if and while statements, the statements at the same level must have the same number of indentation spaces per line  	"In a while statement, there generally needs to be a statement within the loop body to change the condition for judgment; otherwise, an ""infinite loop"" may occur  "	A conditional expression can follow else  	Python uses different indentation to express logical hierarchy	C	Branching structure statements and format###Loop structure statements and formats###Comments and Indentation	"[Answer] In Python, there is no conditional expression following else. Thus, the answer is C.
[Analysis] This question tests Python syntax. Conditional control statements are used to decide which code block to execute based on the result (True or False) of one or more statements. The general format of an if statement is:

if <condition>:  
<block 1>  
[else:  
<block 2>]  

In nested if statements, you can place an if...elif...else structure within another if...elif...else structure.

The general format of a while loop in Python is as follows:

while <condition>:  
<loop body>  
[else:  
block]  

Using else with a while loop: If the condition following while is false, then the else block is executed. The syntax format is:

while <condition>:  
<loop body>  
[else:  
block]  

A for loop constructs a loop by iterating over a sequence object, and"	2022	middle	medium
6726	The following statements about graphic components are correct (   ).	single_answer_choice	Graphic components can be reused	Graphic components run independently of the main timeline	Sound can be used in graphic components	Interactive controls can be used in graphic components	A	Editing and Application of Components	"Answer: In Flash, graphic symbols are suitable for the repeated use of static images or creating animations associated with the main timeline. Therefore, the answer is: A.

Analysis: This question examines the application of graphic symbols. Graphic symbols can be used for static images and for creating reusable animation clips connected to the main timeline. Graphic symbols run synchronously with the main timeline. Interactive controls and sounds do not work in the animation sequences of graphic symbols.

True or False Question:"	others	middle	medium
4366	Since the COVID-19 pandemic, the general public has paid close attention, but related rumors have also been spreading. The following statement is incorrect in the face of rumors:  	single_answer_choice	Improve your scientific literacy and ability to discern the truth of information  	Try to obtain related information from authoritative news media  	"In the face of rumors, remain self-disciplined, do not believe in rumors, and do not become a ""secondary transmitter"" of rumors  "	As long as the information is found online, it is true and reliable	D	Information and its characteristics###Internet Ethics and Norms	"Answer: In the face of rumors, one should maintain self-respect and self-discipline, not believe in rumors, and certainly not act as a disseminator of rumors. Therefore, the answer is D.

Analysis: This question tests knowledge of internet information and the correct attitude towards it. Internet information can be true or false, so information should be obtained preferably from authoritative websites. When publishing and forwarding information, one should consciously adhere to online etiquette, moral standards, and national laws and regulations to ensure the authenticity of content, refrain from casually publishing and forwarding false information, and resolutely avoid spreading rumors."	2021	middle	medium
5651	The incorrect statement about the Internet is (    )	single_answer_choice	The Internet is the largest interconnected computer network in the world.	The Internet is the most widely covered interconnected computer network in the world.	The Internet is a local area network.	The Internet is a wide area network.	C	Concepts and Characteristics of Computer Networks###Classification of Networks	"Explanation: The Internet is the world's most extensive computer interconnection network. Based on coverage, computer networks can be divided into local area networks (LAN), metropolitan area networks (MAN), and wide area networks (WAN). WANs have the largest scope, typically ranging from tens to thousands of kilometers. Networks established within a country or internationally are all WANs. Therefore, the Internet is a WAN, so option C is correct.

Analysis: This question tests knowledge of computer networks and their classification. Based on coverage, computer networks can be divided into LAN, MAN, and WAN. A LAN is a computer communication network that connects various computers, external devices, and databases within a local geographical area (such as within a school, factory, or government agency). An MAN is a computer communication network established within a city. A WAN has the largest range, typically from tens of kilometers to thousands of kilometers. Networks established within a country or internationally are all WANs."	others	middle	medium
2622	To quickly input information into a computer using a keyboard, learning touch typing is essential. The two keys used for positioning during touch typing are the (   ) keys.  	single_answer_choice	S and L  	G and H  	D and K  	F and J	D	Keyboard keys	"[Answer] Place the index fingers of the left and right hands on the F and J keys, respectively. The F and J keys are used as reference points for touch typing. Therefore, the answer is: D. 

[Analysis] This question tests basic computer knowledge. The correct keyboard fingering is as shown in the diagram:"	others	middle	medium
7222	The following description about computer memory is incorrect ( ):	single_answer_choice	It is composed of RAM and ROM	Computer software must be loaded into memory to run	RAM stores the data currently being processed	Data in ROM will be lost after power is turned off	D	Computer hardware and functions	"[Answer] Read-Only Memory (ROM) operates in a non-destructive readout mode and can only be read, not written to. Once information is written, it is fixed and will not be lost even when the power is off. Option D is incorrect. Therefore, the answer is D.

[Analysis] This question tests computer memory. Memory is the component used to store programs and various data information. Memory can be divided into main memory (also known as internal memory) and auxiliary memory (also known as external memory). The main memory is directly involved in information exchange with the CPU. ROM, or Read-Only Memory, refers to the computer's permanent storage, used to store operating systems, applications, and files. RAM, or Random Access Memory, is the memory used by the computer to run applications."	2023	middle	medium
7171	Regarding the Python programming language, the following statements are incorrect:	single_answer_choice	Python source files have the extension ***.p	Python is an interpreted, object-oriented programming language.	Python supports Windows operating systems but not Linux systems.	Python source files have the extension ***.py	B	Computer Language and Its Development History###Saving the program and file extension	"[Answer] Python is a cross-platform, open-source, interpreted high-level programming language. Python supports both Windows and Linux operating systems. Therefore, the answer is B.

[Analysis] This question tests the Python language. One of Python's design goals is to ensure high readability of the code. It aims to make use of familiar punctuation and English words, making the code look clean and elegant. Unlike other static languages such as C and Pascal, it doesn't require repetitive declaration statements, nor does it have syntax with frequent special cases and exceptions."	others	middle	medium
7382	Virtual reality technology can transcend the limitations of time and space, offering experiences that go beyond reality. Which of the following options does not use virtual reality technology?  	single_answer_choice	Using VR glasses for a spacewalk  	Experiencing desktop virtual driving technology  	Motion-sensing games  	Exploring quadratic function graphs and properties using Geometer's Sketchpad	D	The development and application of information technology	[Answer] Virtual reality technology can provide an immersive experience beyond reality, but in the context of exploring the graphs and properties of quadratic functions using the Geometer's Sketchpad, virtual reality technology might not be a common or practical application. The Geometer's Sketchpad usually involves learning drawing and geometric concepts, which may be more suited to traditional drawing tools and teaching methods. Therefore, the answer is: D. [Analysis] This question examines the application areas of virtual reality technology. Virtual reality (VR) allows users to experience an immersive environment generated by computers. Common applications include virtual tourism, virtual training, motion-sensing games, and driving simulations. In different fields, virtual reality technology can create experiences that surpass reality.	2022	middle	medium
3353	Among the following types of integers in different numeral systems, if converted to the same numeral system, the largest value is (     ).  	single_answer_choice	Hexadecimal number 10  	Octal number 10  	Decimal number 10  	Binary number 10	A	Number systems and their conversion	"[Answer] Each base number can be converted to decimal: 10H=16, 10O=8, 10D=10, 10B=2. Therefore, the answer is A.
[Analysis] This question tests base conversion. To compare the size of each base, they need to be converted to the same base for comparison."	2021	middle	medium
7772	The following statements about information systems are incorrect (      ):	single_answer_choice	Information technology is centered around computers	Information systems are a product of the combination of information technology and management	Information systems are a product of the combination of information technology and supply-demand relations	Information systems are rapidly developing and are currently in a stage centered around data	A	The concept and fundamental technology of information technology###Concept of Systems and Information Systems	"[Answer] Information technology has developed along the lines of a computer-centered, internet-centered, and then data-centered focus. Therefore, the answer is A.

[Analysis] This question examines information systems and information technology. Information systems are characterized by both digitalization and networking, with an ever-expanding scope of application. As technology advances, it has evolved from simple data processing to supporting managerial decision-making."	others	middle	medium
8225	Below are the correct statements about Excel's functions (   ):	single_answer_choice	As long as the fill feature is used, all the needed data can be filled automatically.	Data categories are all the same.	Functions can automatically calculate the results of data statistics.	It can create beautiful presentations.	C	Purpose and Tools of Data Organization	"Answer A: Using the fill function requires setting the fill options, such as fill data only, fill format, etc., incorrect;  
B: Data categories are different, including text format, numerical, percentage, date, etc., incorrect;  
D: Excel is spreadsheet processing software and cannot create presentations, incorrect.  
Therefore, the answer is C.  
Analysis: This question tests the Excel software. Excel is a spreadsheet software that uses new charts and graphs to visualize data in an engaging way. It also uses formatting, sparklines, and tables to predict trends, making it easier to understand."	2022	middle	medium
1518	The correct statement regarding information and information processing is (      ):	single_answer_choice	All characters in computers are encoded using ASCII.	Language, sound, network, and text are common forms of information expression.	Information carried by non-digitized images is worthless.	"The ""City Brain"" system in digital Zhejiang uses artificial intelligence technology."	D	Information and its characteristics###Character encoding###Information processing methods	"Answer: 

Option A: Not all characters in computers use ASCII encoding; Chinese characters can use GBK encoding. This is incorrect.

Option B: Language, sound, and text are common ways of expressing information, while the internet is a common technology for expressing information. This is incorrect.

Option C: Information carried by non-digitalized images is valuable. This is incorrect.

Thus, the correct answer is option D.

Analysis: This question tests knowledge of information and information processing. Information cannot directly meet people's material needs, and its value varies from person to person, differing fundamentally from the value of matter and energy. Information processing involves the reception, storage, conversion, transmission, and distribution of information."	others	middle	medium
5594	The following statement about information is incorrect (　　)	single_answer_choice	To a certain extent, the development speed of human society depends on the breadth and depth of people's perception and utilization of information.	Information is everywhere at all times, and it serves as an important basis for our decision-making.	Television, telephones, sound waves, and light waves are information.	Humans can effectively acquire and utilize material and energy resources in nature by leveraging information resources.	C	Information and its characteristics	"Answer: Television, telephone, sound waves, and light waves are carriers of information. Therefore, the answer is C. 

Analysis: This question examines the concept of information. Information generally refers to all content that describes and represents the characteristics of objective things, which is conveyed through language, text, numbers, symbols, images, sounds, scenarios, expressions, states, etc."	others	middle	medium
7918	The statement that does not belong to the future development trends of smart living is (     ):	single_answer_choice	Increasingly larger beneficiary groups	Increasingly higher intelligence levels	Increasingly wider application fields	Increasingly complex smart devices	D	The Origin and Development of Artificial Intelligence	Answer: Options A, B, and C belong to the future development trends of smart living; Option D states that the future development trend of smart living is the simplification and convenience of smart devices. Therefore, the answer is D. Analysis: This question examines the development trends of smart living. With technological advancement and the growing demand for smart living, the design of smart devices tends toward being simpler, more user-friendly, and more intelligent. The complexity of smart devices would increase the difficulty of user operation and maintenance, which does not align with the trend of smart living development.	2023	middle	medium
3383	To hide a layer in Photoshop, which operation can be used? 	single_answer_choice	"Set the layer's opacity to ""0%"""	Click the area in front of the layer to make it visible	Fill the layer with white	Move the layer to the bottom layer	A	Layers and Layers Palette###Layer style settings	"The lower the opacity setting value, the higher the transparency of the layer. When opacity is ""0,"" the layer can be effectively hidden. Thus, the answer is: A.

This question examines the application of layers in Photoshop. Layers can also be hidden by clicking the eye icon in front of the layer, or by setting the layer opacity to ""100."""	others	middle	medium
4266	Which of the following behaviors is incorrect when using the internet?	single_answer_choice	Not disclosing your personal information online	Believing all information on the internet is true	Abiding by the National Youth Cyber Civilization Convention	Not being addicted to online games	B	Online Code of Conduct	"[Answer] Information sources on the internet are complex, making it difficult to determine the authenticity of information. It requires verification and comparison from multiple sources to assess the truthfulness of the information. Therefore, the answer is: B. \\
[Analysis] This question tests network security and digital literacy. When using the internet, it is important to consciously follow internet etiquette, moral guidelines, and national laws and regulations, ensure the authenticity of content, refrain from arbitrarily posting and forwarding false information, and resolutely avoid spreading rumors, contributing to creating a positive online environment."	2022	middle	medium
5506	"Regarding the statements about ""a=b"" and ""a==b"", which of the following is correct? (    )"	single_answer_choice	"Both ""a=b"" and ""a==b"" are assignment statements"	"""a=b"" is an assignment statement, ""a==b"" is a relational expression"	"Both ""a=b"" and ""a==b"" are relational expressions"	"""a=b"" is a relational expression, ""a==b"" is an assignment statement"	B	Operators and Expressions###Constants, Variables, and Assignment Statements	"Assignment statements are used to store a value or the result of an expression in a variable. For example, ""a=b"" means assigning the value of b to the variable a. Meanwhile, relational expressions are used to compare whether two values or the results of expressions are equal. For example, ""a==b"" checks if the value of variable a is equal to the value of variable b. Therefore, the answer is: B.

Analysis: This question examines assignment statements and relational expressions. A statement that assigns a specific value to a variable is called an assignment statement. A relational expression is an expression in a computer program that connects two expressions using relational operators."	2023	middle	medium
6003	Search for popular science information about meteor showers and weather on the internet, and discover a very good astronomy website. To facilitate frequent browsing of new content on this website in the future, the best method is to: 	single_answer_choice	Copy the URL to a Word document	Add the URL to favorites	Copy all the content from the webpage to a Word document	Save the entire webpage currently being viewed to a hard drive folder	B	Browser	"【Answer】 Adding frequently visited web pages to your favorites makes them easier to browse later. Therefore, the correct answer is B.

【Analysis】 This question tests your knowledge of bookmarking websites. The method to add a website to the favorites list:

1. Enter the website address in the address bar and press enter to go to the homepage.
2. Click the ""Favorites"" menu in the IE browser with your mouse, and select the ""Add to Favorites"" command.
3. A favorite settings prompt window will appear, set the name of the webpage to be bookmarked.
4. Select the ""Create to"" button to set the category directory for the bookmark.
5. Press ""OK."""	others	middle	medium
380	In WPS Presentation, which of the following descriptions about hyperlinks is incorrect? (　　)  	single_answer_choice	A hyperlink can be created for text.  	A hyperlink can be created for an image.  	It can link to an image within the slide.  	It can link to a specific slide within the file.	C	Insertion and Setting of Links	"[Answer] According to the description, option C is incorrect because in WPS Presentation, you cannot directly hyperlink an image; you must first add a text description to the image and then add a hyperlink to the text. Therefore, the correct answer is: C.  
[Analysis] This question tests the hyperlink function in WPS Presentation. In addition to common text and shapes, hyperlinks can be added to many other objects in WPS Presentation, such as:  
Table cells: Add a hyperlink to a specific cell in the table.  
Multimedia files: Add a hyperlink to video or audio files for click-to-play functionality.  
Internal objects of the presentation: Such as linking to other slides or bookmarks within the same presentation."	2023	middle	medium
2003	Among the following sequences, the one that cannot be directly used for quick input with auto-fill under default settings is (      ).	single_answer_choice	1, 2, 3, ...	First, Second, Third, ...	Mon, Tue, Wed, ...	A, B, C, ...	B	Spreadsheet Data Editing and Mail Merge	[Answer] Excel's default fill includes sequences like numbers, weekdays, and months, which can be directly used in fill or sort operations. Option B's sequence requires custom entry before it can be used; thus, the answer is B. [Analysis] This question examines Excel's auto-fill feature. Sequences can either directly utilize built-in sequences within Excel or be used after being pre-entered through the custom sequence feature.	others	middle	medium
7162	In the Slide Sorter view of PowerPoint 2013, the operation that cannot be completed is (    ).	single_answer_choice	Edit specific objects within a slide	Duplicate a slide	Delete a slide	Move a slide	A	Use of slides###View mode	[Answer] In Slide Sorter view, you can see all the slides on the same screen, easily add, delete, and move slides between them, and choose animation transitions, but you cannot edit text or other objects in the slides. Therefore, the answer is option A. [Analysis] This question tests the PowerPoint slide view. Slide Sorter view displays the PPT file in thumbnail form, allowing you to browse the entire PPT file.	2021	middle	medium
4282	"Regarding the ""Recycle Bin,"" which statement is correct? (      )"	single_answer_choice	Files in the Recycle Bin can be emptied all at once.	Files in the Recycle Bin will be completely lost once the computer is shut down.	Files in the Recycle Bin do not occupy hard disk space.	The Recycle Bin on the desktop can be deleted with the mouse.	A	Computer Desktop and Resource Icons###Computer hardware and functions	"[Answer] Option A: Right-click on the Recycle Bin icon and select ""Empty Recycle Bin"" to clear it with one click; this statement is correct. Option B: The Recycle Bin is a part of the hard disk area and retains data after power-off; this statement is incorrect. Option C: Files in the Recycle Bin occupy hard disk space, and you can specify specific drive and size; this statement is incorrect. Option D: The Recycle Bin is a default icon placed on the desktop by the system after Windows is installed and started, this statement is incorrect. Therefore, the answer is A.

[Analysis] This question tests the function of the Recycle Bin. The Recycle Bin is a special folder, located by default in the RECYCLER folder in the root directory of each hard disk partition and is hidden. When you delete a file and move it to the Recycle Bin, it is essentially placed in this folder and still occupies disk space. Only"	others	middle	medium
7967	Windows uses a ( ) organizational structure to manage files in the computer.  	single_answer_choice	Tree  	Circular  	Linear  	Triangular	A	Concept, Purpose, and Methods of Information Resource Management	[Answer] In the Windows operating system, a tree organizational structure is used to manage files. Therefore, the answer is option A. [Analysis] This question examines file management in operating systems. A tree structure is a hierarchical nested structure. The outer and inner layers of a tree structure have a similar structure, which means this structure can often be represented recursively. Various tree diagrams in classic data structures are a typical tree structure.	2019	middle	medium
9047	The correct statements about graphics components are as follows (     ).  	single_answer_choice	Can be used to create reusable animation clips that depend on the main timeline of the movie  	Can be used to create reusable animation clips that do not depend on the main timeline of the movie  	Sound can be used in graphic components  	Interactive controls can be used in graphic components	A	The concept and classification of components###Editing and Application of Components	[Answer] In Flash, graphic symbols are suitable for the repeated use of static images or creating animations associated with the main timeline. Therefore, the answer is A. [Analysis] This question examines graphic symbols. Graphic symbols can be used for static images and to create reusable animation clips connected to the main timeline. Graphic symbols operate in sync with the main timeline.	others	middle	medium
4302	Regarding Visual Basic, the following statement is incorrect (　　)	single_answer_choice	Visual Basic is an easy-to-learn programming language	Visual Basic applications do not have obvious start and end statements	All controls in the Visual Basic toolbox have Width and Height properties	Some properties of Visual Basic controls can only be set at runtime	C	Computer Language and Its Development History###Programming tools	"【Answer】 The Line control in the Visual Basic toolbox does not have Width and Height properties. Therefore, the answer is C.

【Analysis】 This question tests knowledge of Visual Basic. Visual Basic (VB) is a general-purpose, object-based programming language that is structured, modular, object-oriented, and uses an event-driven mechanism within a visual programming environment. In Visual Basic, an object's characteristics can be defined and measured through properties, methods, and events."	others	middle	medium
4324	The incorrect description about algorithms is ( ).	single_answer_choice	The same problem can have different algorithms.	To solve a problem using a computer, you first need to design an algorithm.	An algorithm is a method and procedure for solving a problem.	A flowchart is one of the most common ways to represent an algorithm.	B	Concept and Representation of Algorithms###The process of computer problem-solving	[Answer] The basic process of solving problems using computer programs consists of five steps: analyzing the problem, designing the algorithm, writing the program, debugging and running, and verifying results. Therefore, the answer is B. [Analysis] This question tests algorithms. An algorithm is the precise and complete description of a problem-solving scheme; it is a series of clear instructions to solve a problem, representing a systematic method to describe strategies and mechanisms for problem-solving. The same problem can have many different algorithms.	2022	middle	medium
37	Live shopping has become a current consumption trend: every click and swipe on platforms like Xiaohongshu, Douyin, and WeChat Live becomes part of the data. These platforms use data collection, storage, analysis, and visualization technologies to help merchants solve practical problems encountered in their applications. Regarding the description above, the following statements are incorrect (    ):	single_answer_choice	Every shopping action you take on the platform contains significant value.	During live streaming and shopping, you might leak personal privacy.	"The ""live streaming recommendations"" provided by the platform rely on your online behavior."	Your every view, like, and other actions as well as related data may be collected.	A	Information system security risk###Acquisition of information	"[Answer] Option A: Although each shopping activity may create certain economic value for the platform, it is not necessarily of great value and may not apply to everyone's actual situation; Option B: Watching live streams and shopping may lead to the leakage of personal privacy, such as information being leaked during payment; Option C: The platform will provide you with ""live stream recommendations"" based on what you often watch, like, and save; Option D: Your every viewing, liking, and other related data may be collected to recommend things you might like next time. Therefore, the answer is: A.

[Analysis] This question tests information acquisition. The value varies from person to person, and the interests of the platform may not align with those of consumers. The act of shopping involves not only economic value but also personal preference for goods, demand satisfaction, and experiential factors. Therefore, the value of each shopping activity on the platform may not necessarily be significant."	2023	middle	medium
882	In PowerPoint, which of the following statements about cropping images is incorrect? 	single_answer_choice	Cropping an image means keeping the image size unchanged while hiding the parts you don't want to display. 	"When you need to redisplay the hidden parts, you can use the ""Crop"" tool to restore them. "	"To crop an image, click on the selected image, then click the ""Crop"" button in the ""Picture"" toolbar. "	When holding the right mouse button and dragging inside the image, you can hide parts of the image.	D	Insertion and configuration of images and text	"[Answer] In PowerPoint, holding the right mouse button and dragging within the image does not hide part of the image. Therefore, the answer is: D.  
[Analysis] This question examines images in slides. To crop and hide an image, use the ""Crop"" tool. Click to select the image, then click the ""Crop"" button on the ""Picture"" toolbar, and drag the crop frame to crop. To reveal hidden parts again, click the ""Cancel Crop"" button on the ""Crop"" toolbar."	2023	middle	medium
4785	Calculate \( s = 1 \times 2 \times 3 \times \ldots \times 100 \), which basic structure can be fully utilized (____)  	single_answer_choice	Sequential structure  	Branch structure  	Loop structure  	Tree structure	C	Control structure of algorithms	"[Answer] To calculate \( s = 1 \times 2 \times 3 \times \ldots \times 100 \), we assign the product of each number to \( s \). When the value exceeds 100, the loop exits. Thus, we can fully utilize loop structures (either a while loop or a for loop). Therefore, the answer is C.

[Analysis] This question tests the ability to solve practical problems using algorithms. Algorithm control structures include sequential structures, selection structures, and loop structures. Sequential Structure: The simplest algorithm structure where statements and blocks are executed from top to bottom in order, consisting of several processing steps executed sequentially. Conditional Structure refers to choosing different algorithm flows based on the evaluation of conditions in the algorithm. Loop Structure: Repeatedly executing a certain structure when the condition is met. The loop structure executes the statements as long as the condition holds."	others	middle	medium
498	Using an algorithm to describe each household's monthly electricity expenses, which of the following statements is incorrect?	single_answer_choice	"The step ""using symbols to represent electricity consumption and pricing standards, used to represent the billing formula"" belongs to abstraction and modeling"	This algorithm can be described using a flowchart.	The solution to this problem is unique.	"The step ""using symbols to represent electricity consumption and pricing standards, used to represent the billing formula"" belongs to abstraction and modeling."	B	Concept and Representation of Algorithms###The process of computer problem-solving	"The algorithm can be described using a flowchart, so option A is correct. There isn't a unique algorithm to solve this problem; different billing standards or formulas can be used to calculate monthly electricity costs for each household, which may vary due to factors like time, location, or policy, making option B incorrect. Using symbols to represent electricity usage and billing standards for charging formulas is a step of abstraction and modeling, as it involves symbolically representing specific usage and standards to further establish a billing formula, so option C is correct. The steps ""① Input monthly electricity usage, ② Calculate costs based on standards, ③ Output calculation results"" belong to algorithm design, as they involve designing specific steps and execution sequence of the algorithm, automating the billing process, making option D correct. Therefore, the answer is: B. This question tests basic concepts and methods of algorithm design and modeling. Algorithms can be described using various languages, which have differences in their ability to describe the problem: natural language,"	2023	middle	medium
478	The incorrect statement about the syntax structure of the for loop is (    ):	single_answer_choice	The data set following the in in a for loop can be of data types such as lists, strings, tuples, etc.	The colon after the data set in a for loop is optional	Statements at the same level in a for loop need to be indented and aligned	A for loop can have nested for loops	B	Loop structure statements and formats	"[Answer] The data set following `in` in a for loop can be of data types like list, string, tuple, etc. A colon after the for loop is mandatory. The for loop can be nested. Statements at the same level within a for loop need to be aligned with indentation. Option B meets the requirement, while options A, C, and D do not. Therefore, the answer is: B. 

[Analysis] This question tests the structure and format of the for loop. The general format of a for loop is: \\
for <variable> in <sequence>: \\
<loop body> \\
A colon must follow the data set in the for loop, and the <loop body> needs to be indented and aligned."	others	middle	medium
9657	Which of the following information is the most credible and reliable? ( )	single_answer_choice	Pet adoption information forwarded in a social media circle	Discount information forwarded in a community group chat	Debt notification from an unknown phone call	Program broadcast information on the official website of China Central Television (CCTV)	D	Information screening and evaluation	"【Answer】 The program broadcast information published on the CCTV official website is released by the official CCTV source and has authority and credibility. Meanwhile, information circulated in social media circles, community WeChat groups, and via unknown phone calls does not come from official channels, and its authenticity and credibility are highly uncertain and risky. Therefore, the answer is: D.  
【Analysis】 This question examines the judgment of information authenticity. In the information age, the authenticity and credibility of information have become an important issue, and identifying true and false information is a significant task we face. Judging the authenticity and credibility of information requires considering various factors such as the source of the information, the publishing platform, the mode of transmission, and the authenticity of the content."	2022	middle	medium
193	In the past, buses completed fare collection through ticket sellers or passengers' self-service coin payment; now, bus fares can be collected automatically by swiping a public transport IC card on a vehicle-mounted POS system. Regarding the functions of this information system, which statement is incorrect?  	single_answer_choice	Swiping a card within the sensor area of the vehicle-mounted POS machine belongs to the information input function.  	Collecting the transportation card number data via a contactless method by the vehicle-mounted POS machine belongs to the information processing function.  	The storage of passengers' payment records (including card number, amount, time, etc.) in the vehicle-mounted POS machine belongs to the information storage function.  	After deduction, the vehicle-mounted POS machine displays the balance and outputs sound effects or voice prompts as part of the information output function.	B	Concept of Systems and Information Systems	"[Answer] The car-mounted POS machine collecting transportation card numbers in a contactless manner belongs to the input function of information systems, making option B incorrect. Therefore, the answer is B.

[Analysis] This question mainly examines the functions of an information system. The basic functions of an information system include input, storage, processing, output, and control functions. The input function depends on the system's objectives, capabilities, and the information environment's permissions. The storage function refers to the system's ability to store various information and data. The processing function mainly involves online analytical processing and data mining based on data warehouse technology. The output function not only refers to displaying information but also includes outputting instructions and actions. The control function involves managing and controlling various information processing devices within the system and controlling the stages of information processing, transmission, and output through various programs."	others	middle	medium
1496	Which of the following statements does not describe a feature of Flash animation (　　)?	single_answer_choice	Flash can create exquisite 3D animations	Flash creates scalable vector animations	Flash animation files are relatively small in size	Flash-generated animations are particularly suitable for online playback	A	The concept of animation and the development of animation technology	"[Answer] Option A: Flash is a two-dimensional animation creation software; Option B: Flash graphics and animations are vector-based; Option C: Flash graphics and animations are vector-based and much smaller in size than bitmaps. The sound is based on MP3 compression, which is also highly compressed, resulting in relatively small animation file sizes; Option D: Flash animation playback supports streaming technology, allowing real-time transmission and feedback over the internet. Therefore, the answer is A.

[Analysis] This question mainly examines some features of Flash software. Flash is an excellent vector animation software, with relatively small animation file sizes. It is a two-dimensional animation creation software and a useful tool for multimedia creation, especially for web courseware involving animations."	others	middle	medium
4541	In order for synthesized speech to express the intended meaning correctly and sound more natural, the speech synthesis must undergo which process?	single_answer_choice	Prosodic processin	Decomposing text into phonemes  	Prosodic processing  	Finding pronunciation units in the phonetic database based on phonemes  	B	Speech synthesis	"[Answer] Prosody processing: After understanding the content of the text, it usually involves considering aspects such as rhythm, duration, and frequency when reading the text, so that the computer's pronunciation more closely resembles human speech. Prosody processing is essential for synthesized speech to correctly express sound. Therefore, the answer is B. 

[Analysis] This question examines the steps in speech synthesis. The basic process of speech synthesis involves first breaking down the text into phonemes, undergoing prosody processing, then finding pronunciation units in the speech database for these phonemes, and outputting the concatenated pronunciation units to form speech, as shown in the diagram."	others	middle	medium
393	In today's rapidly developing internet era, online shopping has greatly facilitated our lives, but there are also certain security risks. Regarding online shopping, the following statement is incorrect (    ).	single_answer_choice	Convenient shopping from home is a major advantage of online shopping	Enhancing security awareness and skills can effectively prevent online payment security incidents	Shopping online on public computers carries no risk	Although shopping websites provide product details and rich detail displays, it is still necessary to choose carefully	C	Common Cybersecurity Issues###The application of computer networks	"Answer: Online shopping has both advantages and disadvantages. You can shop without leaving home, and shopping websites provide detailed descriptions and extensive detail displays. However, it's still important to choose cautiously. Enhancing security awareness and skills can effectively prevent security issues such as payment password leaks. There are also risks when shopping online on public computers. Therefore, the answer is C. 

Analysis: This question examines the security issues of online shopping."	others	middle	medium
397	The following description about iterators is incorrect (  ):	single_answer_choice	Iterators can remember the position of access	Iterator objects start accessing from the first element of the collection	Iterators can access elements both forwards and backwards	The next() function can be used to access the next data	C	Recursive Algorithms and Their Programming Design	"[Answer] An iterator is an object that remembers the traversal position, iterating from the first element to the last. An iterator can only move forward, not backward. Therefore, the answer is: C. 

[Analysis] This question mainly examines the structural design of algorithms. An iterator, sometimes called a cursor, is a software design pattern in programming providing an interface to traverse container objects (like lists or arrays) without worrying about the implementation details of memory allocation for the container. When we use the next() function on an iterator, it returns the data from the position it remembers to the next position. In fact, when using the next( ) function, it calls the \_\_next\_\_ method of the iterator object, allowing us to access data using the next( ) function."	others	middle	medium
2865	When Li Li was creating a Flash animation, she wanted to insert a series of continuous shots she took of her father practicing Tai Chi. This series of continuous shots is suitable for processing with ( ).  	single_answer_choice	Shape tween animation  	Motion tween animation  	Frame-by-frame animation  	Guide line animation	C	Frame-by-frame animation and its production	"[Answer] Frame-by-frame animation involves breaking down animated movements into ""continuous keyframes,"" which means drawing different content on each frame of the timeline to create an animation when played continuously. Placing a series of consecutive frames of a father practicing Tai Chi on the timeline results in a frame-by-frame animation. Therefore, the answer is C.

[Analysis] This question examines Flash frame-by-frame animation. Drawing frame content on each time frame is called frame-by-frame animation. Since it is drawn frame by frame, such animation offers great flexibility and can virtually represent any desired content."	2019	middle	medium
9580	The following does not belong to the characteristics of the enumeration method (   ):	single_answer_choice	The objects to be solved should be finite.	Objects can be enumerated according to a certain rule.	No need for algorithm optimization.	There is a clear range of exhaustion.	C	Enumeration Algorithms and Their Programming	"[Answer] Whether an algorithm needs optimization is related to the specific application scenario and the scale of the problem, and is not directly related to the characteristics of the enumeration method. The enumeration method may need optimization in certain situations, especially when the problem scale is large, as optimization can improve the algorithm's efficiency. Therefore, the answer is: C. \\
[Analysis] This question examines the enumeration method. Characteristics of the enumeration method: \\
The problem should involve finite objects: The enumeration method is suitable for exhaustive searches on problems with finite objects. \\
Objects can be listed following a certain rule: The enumeration method exhaustively searches for the solution following specific rules. \\
Algorithm optimization might not be necessary: In some small-scale, simple problem scenarios, the enumeration method may not require much optimization, but consideration for algorithm efficiency might still be necessary for large-scale problems. \\
There is a definite scope for exhaustive search: The enumeration method requires a clear range for exhaustive searches of the problem"	2022	middle	medium
1539	Regarding sending emails, the following statements are incorrect (    )	single_answer_choice	The recipient must first connect to the Internet to receive emails.	As long as there is an email address, emails can be sent regardless of whether the recipient is online.	You cannot receive your own emails on someone else's computer.	Emails can be sent to the recipient even if their computer is not turned on.	C	Internet services###Methods and Principles of Information Exchange	"Answer: On someone else's computer, as long as you log into your email account and the computer is connected to the internet, you can receive your emails. Therefore, the answer is C.

Analysis: This question examines the sending and receiving of emails. Emails can transmit various information such as text, images, and sound. Like traditional postal mail, emails also require the recipient's address. Emails provide users with the ability to send emails, automatically receive emails, and store the sent and received emails."	2019	middle	medium
3706	The images we obtain sometimes have defects, such as obvious tilting in composition, dull colors, lack of fullness, etc. The images need to be processed before they can be used. Common basic processing methods include (     ).	single_answer_choice	Rename, crop, adjust brightness, adjust contrast, adjust saturation	Rename, rotate, adjust brightness, adjust contrast, adjust saturation	Rotate, crop, adjust brightness, adjust contrast, adjust saturation	Rotate, save, rename, delete, adjust saturation	C	Basic Processing of Image Materials	"[Answer] If the composition is clearly tilted, the colors are dull and not full; for a tilted composition, you need to rotate and crop excess parts, dull colors require adjusting brightness and contrast to make the colors vivid and appropriate, and for unsaturated images, you can adjust the saturation. Thus, the answer is C. \\
[Analysis] This question examines image format settings. Under format, you can set image brightness, contrast, color saturation, color, artistic effects, position, rotation, alignment, and crop size, etc."	2018	middle	medium
907	The incorrect statement is: ( )	single_answer_choice	A series of commands that control the operation of a computer is called a computer program.	All information entering the computer must be converted into binary code.	The reason computers use binary numbers is because binary numbers are easy to represent and have simple operational rules.	Computers can directly recognize programs written in high-level languages.	D	Computer Language and Its Development History###Program and instruction###Information storage in computers	"【Answer】 Machine language is a programming language or instruction code that machines can directly recognize without translation. Each operation code has a corresponding circuit inside the computer to execute it, or it refers to a programming language or instruction code that the machine can directly understand and accept without translation. Therefore, the answer is option D.

【Analysis】 This question examines the concept of programs, the storage of information in computers, and computer languages. Assembly language is any low-level language used for electronic computers, microprocessors, microcontrollers, or other programmable devices and is also known as symbolic language. High-level language is a language independent of machines, oriented towards procedures or objects."	2020	middle	medium
3704	Once a floppy disk is write-protected, the correct statement is (       )	single_answer_choice	Data can be stored and retrieved	Data cannot be stored or retrieved	Data cannot be stored but can be retrieved	Data can be stored but cannot be retrieved	C	Information storage in computers	[Answer] Once a floppy disk is write-protected, data cannot be stored but can be read. Therefore, the answer is C. [Analysis] This question examines information storage. In computer operations, certain information is only allowed to be used but not modified. Therefore, protective measures are taken for the areas storing this information, known as write protection. This means that information in this storage area can only be read and used, but not written into, to prevent damage.	others	middle	medium
961	The correct statement about information and information processing is:  	single_answer_choice	Information technology emerged with the invention of the computer.  	Information carried by non-digitized images is worthless.  	The essence of using computers to process information is to complete it through computation.  	Information can be disseminated independently of the objects it reflects, and at certain times, information may not need a carrier.	C	Information and its characteristics###The development and application of information technology###Information processing methods	"[Answer] Option A: Information technology has existed since ancient times, incorrect; Option B: Information carried by non-digital images also has value, incorrect; Option D: Information can be disseminated independently of the things it reflects. At any time, information requires a carrier, incorrect. Therefore, the answer is option C.
[Analysis] This question primarily examines the characteristics of information and information processing. The representation, dissemination, and storage of information must rely on some kind of carrier; information can be processed and manipulated; information can be stored and disseminated independently of the things it reflects; information can be shared; information has timeliness; information has authenticity and falsity.
(2022 Eighth Grade Second Semester·Dongguan Final Exam) (ii) Problem Practice: Addition Oral Calculations Practice
Xiaofang, after learning Python's random function, wants to develop a program that can automatically generate addition problems to help her younger brother improve his ability in addition oral calculations. After some"	others	middle	medium
1281	Xiao Wang wants to share 1000 travel photos he took with the entire class. The most convenient method is (    )	single_answer_choice	"Share via ""Baidu Cloud"""	Copy to each classmate using a USB drive	Send via QQ	Transfer to each classmate's phone	A	Network resource sharing	"[Answer] The most convenient way to share 1000 travel photos with the entire class is by using ""Baidu Cloud."" Therefore, the answer is: A.

[Analysis] This question examines methods of file sharing. Copying to a USB drive for each student requires repeated actions; sending them via QQ also requires repeated actions (placing photos in a folder, compressing, then sharing to QQ group files can simplify the process); transferring to each student's phone requires repeated actions.

(End of semester 2020, Dongguan) Photoshop Image Processing

The school is organizing its annual ""Charming Dongguan"" poster design competition. Xiaoyu uses the Photoshop image processing software she has learned to design her poster.

As shown in Figure 1 of the Photoshop interface, Xiaoyu wants to select the ""City Logo"" in the ""Dongguan City Emblem"" image (see the left image of Figure 1) and copy it into the ""Dongguan Basketball Center"" image (see the right"	2023	middle	medium
2348	Regarding PowerPoint media features, the correct statement is (    ).	single_answer_choice	3D animations can be created in PowerPoint	Drawing functionality is available in PowerPoint	Videos can be inserted in PowerPoint	Video images can be edited in PowerPoint	C	Presentation software	Answer: A: PowerPoint can only create flat animations; B: PowerPoint can create tables, not drawings; C: PowerPoint can insert multimedia elements such as text, audio, and video; D: PowerPoint is presentation software, not video editing software, and can only embed videos as multimedia materials. Therefore, the answer is C. Analysis: This question tests the functions of PowerPoint.	2021	middle	medium
6638	Regarding linear lists, the incorrect statement is (    ).	single_answer_choice	A linear list using sequential storage must occupy a contiguous block of storage.	A linear list using linked storage does not need to occupy a contiguous block of storage.	A linear list using linked storage facilitates the implementation of insertion and deletion operations.	A linear list using sequential storage facilitates the implementation of insertion and deletion operations.	D	Common Data Structures	"Answer: A linear list allows data to be inserted and deleted only from one end. Therefore, the answer is D.
Analysis: This question examines the concept of a linear list. A linear list is the most basic, simplest, and most commonly used data structure. In a linear list, the relationship between data elements is one-to-one, meaning that, except for the first and last data elements, all other elements are sequentially connected (note that this statement applies to most linear lists, but not all). A linear list can be represented in sequence or by linked lists. In practical applications, it is often used in special forms such as stacks, queues, and strings."	2022	middle	medium
9624	SIoT is a common IoT server, the descriptions about SIoT are (      )	single_answer_choice	Uses MQTT mode	Has data reception, storage, and export functions	Can run in a local area network	Complex to use	A	Concept and Characteristics of the Internet of Things	"【Answer】Option A: MQTT is a common IoT communication protocol, and SIoT, as an IoT server, is likely to support this protocol; Option B: As an IoT server, SIoT usually has the function of receiving, storing, and exporting data generated by IoT devices; Option C: SIoT can run on a local area network or on a cloud server, depending on the implementation method and requirements; Option D: The usage of SIoT depends on specific implementations and user interface design, so a universal answer cannot be provided. Therefore, the answer is: A.  
【Analysis】This question tests IoT hardware. SIoT is an IoT server with functions for data reception, storage, and export. It can receive data from IoT devices and store it on the server, allowing users to manage and analyze this data through the SIoT server."	2023	middle	medium
1796	The following is not an application of automatic control: ( )  	single_answer_choice	Infrared sensor door  	Train station facial recognition entry gate  	Scanning QR code  	Sound-activated light	C	Means and methods of control	"【Answer】 Options A, B, and C are for automatic control applications; C is for manual control applications. Therefore, the answer is C.

【Analysis】 This question examines forms of control, which are divided into automatic control and manual control. Automatic control refers to analyzing and processing collected data and deciding on a control action based on predetermined rules, like a smoke detector. Manual control involves direct or indirect human operation, such as an app from a certain smart brand that connects to online devices via the internet to control them."	2023	middle	medium
7842	Among the following common electronic modules, which one is not an output module?  	single_answer_choice	Touchscreen  	Servo  	Buzzer  	LED light	A	Open source hardware	"[Answer] Option A: Although a touchscreen can detect touch input, it does not produce output signals itself, so it does not belong to the output module; Option B: A servo can control the position and angle of a mechanical device; Option C: A buzzer can produce sound; Option D: An LED light can emit light. Therefore, the answer is: A. 

[Analysis] This question examines open-source hardware. An output module refers to an electronic module that can send signals to or produce output in the external environment. 

On October 16, 2021, Beijing Time, the Long March-2F Yao-13 rocket successfully launched the Shenzhou-13 manned spacecraft from the Jiuquan Satellite Launch Center, sending 3 astronauts into space. The school’s “Aerospace” club created a “China Dream, Space Dream” poster for recruitment promotion.

Based on the above content, complete the following questions."	2023	middle	medium
1947	Control forms can be divided into automatic control and manual control. The following is not an application of automatic control (     ).	single_answer_choice	Voice-activated light	Voice-activated lights  	Infrared sensor doors  	Scanning QR codes  	C	Application of Control	"Answer: A: Voice-controlled lights are an automatic control application that controls the switch of lights by recognizing voice commands.  
B: Infrared sensor doors use infrared sensors to detect body heat radiation at the doorway, achieving automatic door opening and closing, which is an automatic control application.  
C: Scanning a QR code is a manual operation, requiring the user to scan the QR code with a scanning device to obtain related information. It is not automatic control.  
D: Train station face recognition turnstiles use face recognition technology to authenticate the identity of boarding passengers, which is an automatic control application.  
Therefore, the answer is: C.  
Analysis: This question examines the application of automatic control. Automatic control refers to the control of systems or devices automatically through set rules, programs, or sensors, while manual control requires human intervention. Automatic control is widely used in modern society across various fields, including home automation, industrial production, traffic management, etc. Expanded knowledge can involve the principles of"	2021	middle	medium
4303	The following is not within the scope of Internet of Things applications (     ).	single_answer_choice	Remote control of a rice cooker at home	Mobile app receiving temperature and humidity data from home	Smart water meter enabling remote reading	Hallway lights automatically turning on when someone is present at night	D	Applications of the Internet of Things	"[Answer] The lights in the corridor automatically turn on at night when someone is present, which actually uses sensor technology and automatic control systems to achieve the function of automatic lighting. Therefore, the answer is: D.

[Analysis] This question examines the application of the Internet of Things (IoT). The application range of IoT is very broad, covering multiple fields, including but not limited to smart homes, environmental monitoring, remote surveillance, and smart metering."	2024	middle	medium
7365	Regarding the incorrect statement about sites and web pages, it is (      )	single_answer_choice	Directly creating multiple web pages and linking them together can form a site.	A site is a collection of several related web pages and related information.	A web page is a component of a site.	It's easy to maintain and manage without creating a site by directly creating web pages.	D	Site folder	[Answer] Creating a webpage directly is difficult to maintain and manage, so it is necessary to create a site. Therefore, the answer is D. [Analysis] This question examines sites and webpages. A site is a storage area that contains all the files a website includes. Simply put, a site is a folder where all the contents of a website are stored.	2019	middle	medium
7896	Regarding the Internet, the incorrect statement is (     ).	single_answer_choice	The Internet is a global network	Internet users come from the same country	The Internet allows for resource sharing	There are network security issues with the Internet	B	The history of the Internet's development	"[Answer] Internet users can come from different countries. Therefore, the answer is B. 

[Analysis] This question examines the Internet. The Internet is a collection of global information resources. There is a rough saying that the INTERNET is a logical network formed by interconnecting many small networks (subnets), with several computers (hosts) connected in each subnet. The Internet is intended for exchanging information resources, based on some common protocols and formed through many routers and the public internet. It is a collection of information resources and resource sharing."	others	middle	medium
2645	"Regarding the incorrect statement about ""robots"" is (    )"	single_answer_choice	A robot (Robot) is an intelligent machine capable of working semi-autonomously or fully autonomously.	"The word ""robot"" means ""forced labor,"" originating from the Czech word ""robota."""	Robots have basic characteristics such as perception, decision-making, and execution, and can assist or even replace humans in completing dangerous, heavy, and complex tasks.	Current robots already possess human intelligence and emotions, and their appearance can be made exactly like real humans.	D	The Origin and Development of Robots	"[Answer] Current robot technology has not yet achieved full artificial intelligence and emotional simulation, nor has it produced robots identical in appearance to humans. Therefore, the answer is: D.  
[Analysis] This question examines the basic concepts and related knowledge of robots. A robot refers to an intelligent machine capable of working semi-autonomously or fully autonomously. The term ""robot"" originates from the Czech word ""robota,"" meaning ""forced labor."" Robots can have basic features such as perception, decision-making, and execution, assisting or even replacing humans in performing dangerous, heavy, and complex tasks."	2021	middle	medium
5995	Among the following options, the incorrect description of the current stage of human intelligence and artificial intelligence is:	single_answer_choice	Artificial intelligence does not possess emotions.	Artificial intelligence can replace humans in completing many tasks.	Artificial intelligence may better improve the living environment.	Artificial intelligence will replace human intelligence.	D	Definition of Human Intelligence and Artificial Intelligence	"【Answer】 Artificial intelligence will not replace human intelligence but will complement it, jointly promoting societal and technological development. Therefore, the answer is: D.  
【Analysis】 This question examines human intelligence and artificial intelligence. Human intelligence refers to humans' ability to perceive, learn, and understand things, solve problems, and make decisions. Artificial intelligence is human intelligence realized through machines and is an interdisciplinary field. The goal of artificial intelligence is to enable machines to have cognitive, thinking, and learning abilities like humans, simulating human intelligence using computers. Although artificial intelligence can simulate and learn from human intelligence, it is still based on algorithms and data and cannot possess human-like thinking abilities, self-awareness, and creativity."	2022	middle	medium
2989	FrontPage website development tool cannot accomplish (      )	single_answer_choice	Insert tables into the webpage to divide it	Insert images into the webpage	Insert videos into the webpage	Edit videos on the webpage	D	Create web pages with multimedia content###Form	Answer: The FrontPage website development tool can insert video material but cannot edit videos. Thus, the answer is D. Analysis: This question examines website development tools. FrontPage software, produced by Microsoft, is an entry-level web design software that combines design, code, and preview modes. It operates on a WYSIWYG (What You See Is What You Get) basis, making it easy and simple to use. If you can use Word, you can create web pages, making it relatively easier to pick up compared to software like Dreamweaver.	2022	middle	medium
3179	Xiao Ming wants to send a 32MB video to his teacher via email. The upload speed for the email attachment is 512KB/s. How long will it take to completely upload the video and send the email?  	single_answer_choice	16 seconds  	32 seconds  	60 seconds  	64 seconds	D	Bandwidth and network transmission rate###Methods and Principles of Information Exchange	"Answer: 1MB = 1024KB, 32 * 1024 = 32768KB. 32768 / 512 = 64 seconds. Therefore, the answer is: D.
Analysis: This question examines the conversion of computer storage units and transmission rates. The unit conversions for storage capacity are: 1TB = 1024GB, 1GB = 1024MB, 1MB = 1024KB, 1KB = 1024B."	others	middle	medium
6648	Filters are a commonly used tool in image processing. Filters can add various artistic effects to images and enhance their impact. Which of the following options is not a filter effect provided by Photoshop?  	single_answer_choice	Water Wave  	Texturizer  	Merge Layers  	Dry Brush	C	Filter	[Answer] Merging layers is a layer operation and not a filter effect. Therefore, the answer is C. [Analysis] This question tests Photoshop's filters. Filters are mainly used to achieve various special effects on images. The layer to which the filter effect is applied must be the current layer, and filters cannot be applied to bitmap mode.	others	middle	medium
6013	The correct description of digital technology is ( ).	single_answer_choice	Information can only be preserved long-term in paper media form	Digital signals are more susceptible to interference and distortion than analog signals	Computers process various information in a digitalized manner	Digital technology has completely replaced analog technology	C	Information Digitization	"【Answer】 A: Digital technology can store information electronically for a long time, not necessarily needing paper media. Thus, option A is incorrect; B: Compared to analog signals, digital signals can use techniques such as error-correcting codes to ensure data transmission accuracy and reduce distortion. Thus, option B is incorrect; C: As a typical application of digital technology, computers process various types of information in a digital manner. Thus, option C is correct; D: Although digital technology is widely used in many fields, it cannot completely replace analog technology. For example, in music and film industries, analog technology still has its applications. Thus, option D is incorrect. Therefore, the answer is: C.

【Analysis】 This question examines digital technology. Digital technology refers to the technology of converting various signals into digital signals for processing. Digital signals are easier to process, transmit, and store than analog signals, and they are less affected by noise and interference during processing. Therefore, digital technology is widely"	2022	middle	medium
6529	The reason for unsuccessful guide line animation cannot be (   ).  	single_answer_choice	The guide line is not drawn on the guide layer  	The guide line color is too light  	The center point of the guided object is not snapped to the guide line  	The guide line is not continuous, there are breakpoints	B	Types and Creation of Animation###Animation of the Guide Layer and Its Production	"[Answer] The color depth of the guide line does not affect Flash's recognition and use of it. Guide lines are invisible in the final animation, and their color mainly helps users see the path clearly during creation. Therefore, the answer is: B.  
[Analysis] Guide lines must be drawn on a designated guide layer; otherwise, Flash cannot recognize and use this line as the animation guide path. In Flash, the center point of the object being guided must be accurately snapped to the starting and ending points of the guide line, or the object cannot move along it. The guide line must be continuous, with no breaks or gaps."	2024	middle	medium
7990	The software and function mismatch in the following is (   ):	single_answer_choice	Photoshop------Image processing	Adobe Audition------Audio recording and editing	Format Factory------Multimedia format conversion	3Dmax------Audio processing	D	Animation production and playback software###Image processing software###Audio playback and processing software	"A: Adobe Photoshop is a professional image processing and editing software;  
B: Adobe Audition is a professional audio recording and editing software used for tasks such as audio processing, repair, and mixing;  
C: Format Factory is a multifunctional multimedia format conversion tool that can be used to convert audio, video, and image file formats;  
D: 3Dmax is a professional software for 3D modeling, animation, and rendering, unrelated to audio processing.  
Therefore, the answer is: D.  
Analysis: This question examines multimedia software and its functions. There are many image processing software options, with common ones being Adobe Photoshop, Corel DRAW, and Meitu Xiuxiu. Among them, Photoshop is currently one of the most common professional graphic and image processing software.  
Common audio processing software includes: Cool Edit Pro, Goldwave, Adobe Audition."	2023	middle	medium
7376	The following preventive measures are the most practical, simple, and effective methods to ensure user data security (     ):  	single_answer_choice	Install personal firewalls and update antivirus software  	Regularly organize and back up data, and ensure offsite backup  	Equip microcomputers with an Uninterruptible Power Supply (UPS)  	"Timely update software and apply ""patches"""	B	Big Data Security Prevention	"Answer: A: Installing a firewall and updating antivirus software can provide protection but also have risks of data being damaged or lost; B: Regularly backing up data and storing it offsite can ensure information security, ensuring there are backup data in case of loss, correct; C: Configuring an uninterruptible power supply cannot effectively guarantee data security; D: Updating software and applying software patches are not closely related to data security. Therefore, the answer is B.

Analysis: This question examines data security protection."	2020	middle	medium
6670	According to different issuers, the method of information dissemination is classified. The school broadcasting station releasing campus news belongs to (   ).  	single_answer_choice	Personal information dissemination  	Industry information dissemination  	Official institution information dissemination  	Online information dissemination	B	Information release	【Answer】 The school releases campus news through the campus broadcasting station, which falls under the category of industry information release. Therefore, the answer is B. 【Analysis】 This question examines the release of information. According to the classification of the entity releasing the information, it can be divided into individual, industry, official institutions, etc.	others	middle	medium
5628	The following statement about the advantages of information systems is incorrect ( ):	single_answer_choice	Information systems can provide a scientific basis for management and decision-making.	Information systems are based on the Internet and offer convenient and fast services anytime, anywhere, through the Internet of Things and mobile networks.	They can embed optimal workflows into the system to improve work efficiency.	With the development and application of artificial intelligence and big data, information systems will not have security risks.	D	Advantages and Limitations of Information Systems	"[Answer] Security risks in information systems exist in: people, networks, software and hardware, data. With the development and application of artificial intelligence and big data, security risks in information systems will not disappear. Therefore, the answer is D. 

[Analysis] This question examines the advantages of information systems. Advantages of information systems: standardizing work processes, improving work efficiency; overcoming time and space limitations, providing services anytime and anywhere; supporting scientific decision-making through data analysis; convenient data storage, facilitating sharing and tracking."	others	middle	medium
6016	The following statement about CSS is incorrect (      ).	single_answer_choice	CSS in Chinese means Cascading Style Sheets	The purpose of CSS is to precisely define the style of each element on a page as well as the overall page style	CSS can not only control most traditional text format attributes but can also define some special HTML attributes	CSS styles can only be visually created, and cannot be edited in source code form	D	CSS stylesheet	"【Answer】 CSS styles can be designed using programming software in web design. Therefore, the answer is D.  
【Analysis】 This question examines CSS stylesheets. Cascading Style Sheets (CSS) is a computer language used to style HTML (an application of Standard Generalized Markup Language) or XML (a subset of Standard Generalized Markup Language) documents. CSS can not only statically style web pages but can also dynamically format various web elements in conjunction with different scripting languages."	others	middle	medium
7205	The following statement about big data is incorrect (     )	single_answer_choice	"The ""4V"" characteristics of big data refer to large volume, high velocity, variety, and low value density"	Batch processing, stream computing, and graph computing are common types of big data processing	Through the analysis of big data technology, deeper content and information within the data can be mined and extracted	The era of big data requires us to enable all permissions when using software	D	The Concept and Characteristics of Big Data###Application of Big Data###Big Data Security Prevention	"[Answer] In the era of big data, when using software, it is important to discern the permissions involved to prevent the leakage of personal privacy. Therefore, the answer is option D. 

[Analysis] This question examines the concept of big data. ""Big data"" requires new processing models to enhance decision-making, insight, discovery capabilities, and process optimization in order to manage large-scale, high-growth, and diverse information assets. Data that aligns with the concept of big data typically exhibits four characteristics: large data volume, fast processing speed, diverse data types, and low-value density."	2022	middle	medium
7331	The following statement about creating database queries is incorrect:  	single_answer_choice	In an Access database, summarizing data in a table is achieved by creating database queries.  	When the data in the table is updated, the data in the query table will not update automatically.  	"""Query"" is one of the objects in a database file.  "	"The ""Query Design"" button for creating query tables can be found under the ""Create"" tab."	B	Data analysis tool	"[Solution] The data in the table has been updated, and queries on the table will update automatically. Therefore, option B is the answer. 
[Analysis] This question tests database queries. ACCESS database queries are divided into select queries and action queries."	others	middle	medium
7856	When planning the directory structure of a website, attention should be given to the following issues: 	single_answer_choice	Try to use Chinese names to name directories 	Only one images directory is needed for the entire website 	Do not make the directory hierarchy too deep 	Use long names to name directories	C	Creation and Design of Homepages and Subpages	[Answer] For small websites, all pages exist in a flat structure under the website's root directory. This single directory flat structure is ideal for search engines because it can be traversed in just one visit. Therefore, the answer is C. [Analysis] This question tests the setting of directory hierarchy.	others	middle	medium
