index	question	category	answer	knowledge	analysis	year	grade_level	difficulty_level
2232	"Calculate:  
(1) \(3 - 2^{2} + {( - 3)}^{2} - | - 2|\)  
(2) \({( - 1)}^{4} \div 4 + \left( \frac{1}{2} \right)^{4} \times 8\)"	calculation	"(1) 6  
(2) \(\frac{3}{4}\)"	Rules of Mixed Operations for Rational Numbers (Including Exponentiation)	nan	2022	middle	medium
2156	"If there exist \(3\) distinct real numbers \(a, b, c\), such that \(|1 - a| + |1 - 3a| + |1 - 4a| = |1 - b| + |1 - 3b| + |1 - 4b| = |1 - c| + |1 - 3c| + |1 - 4c| = t\), then \(t =\) (     )
A. 1 B. 2 C. 3 D. 4"	calculation	A	Addition and subtraction of polynomials###The concept and significance of absolute value	nan	2023	middle	medium
2346	"Calculate  
(1) \(-3 + 5 + (-6)\).  
(2) \(-|-3| \times \frac{2}{3} - 2 \div \left(-\frac{1}{2}\right)\)."	calculation	"(1) Solution: \(-3 + 5 + (-6)\)  
\(= -9 + 5\)  
\(= -4\);

(2) Solution: \(-| -3| \times \frac{2}{3} - 2 \div \left(-\frac{1}{2}\right)\)  
\(= -3 \times \frac{2}{3} - 2 \times (-2)\)  
\(= -2 + 4\)  
\(= 2\)."	Rules for mixed operations of addition, subtraction, multiplication, and division of rational numbers###Addition rule of rational numbers	"[Analysis] (1) Directly use the rule of addition for rational numbers: ""add two numbers, take the same sign, and add the absolute values"" to calculate sequentially from left to right; (2) First, simplify the absolute values according to the properties of absolute values, and change division to multiplication by the reciprocal of a number, then calculate the multiplication, and finally, determine the result using the rule of addition for rational numbers. (1) Solution: \(-3 + 5 + (-6)\) \(= -9 + 5\) \(= -4\); (2) \(-|-3| \times \frac{2}{3} - 2 \div \left(-\frac{1}{2}\right)\) \(= -3 \times \frac{2}{3} - 2 \times (-2)\) \(= -2 + 4\) \(= 2\);"	2023	middle	medium
2782	Calculate \(( - 1001)^{0} + \sqrt{( - 16)^{2}} - \cos^{2}30^{\circ} + \left( \frac{4}{3} \right)^{- 1} + | - 8|\).	calculation	(25).	Zero exponentiation###Negative integer exponentiation###Properties and Simplification of Quadratic Radicals###Mixed operations of trigonometric functions of special angles	nan	2023	middle	medium
3348	Given an isosceles triangle with a perimeter of \(10\), where the length of the legs is \(x\) and the base is \(y\), find the function expression of \(y\) in terms of \(x\) \ul{　 　}.	calculation	\(y = 10 - 2x \quad (2.5 < x < 5)\)	Function expression###The relationship of the three sides of a triangle###The concept of an isosceles triangle	"[Answer] Solution: Since the perimeter of the isosceles triangle is \(10\), let the length of the equal sides be \(x\) and the base be \(y\),  
thus \(2x + y = 10\),  
therefore \(y = 10 - 2x\).  
Since \(y = 10 - 2x > 0\),  
it follows that \(x < 5\).  
Also, since \(x + x > y\), that is \(x + x > 10 - 2x\),  
consequently \(x > 2.5\).  
Thus \(2.5 < x < 5\).  
Therefore, the functional expression of \(y\) in terms of \(x\) is \(y = 10 - 2x(2.5 < x < 5)\).  
So, the answer is: \(y = 10 - 2"	2025	middle	medium
3079	"Given that \(x\) is the integer part of \(\sqrt{8}\), \(y\) is the fractional part of \(\sqrt{8}\), and \(\sqrt{(a - 1)^{2}} + |2b^{2} - 2| = 0\), then the value of \(\sqrt{2ax} + b\left( \sqrt{8} - y \right)\) is (     )
A. 2 B. -2 C. 0 or 4 D. 2 or -2"	calculation	C	Valuation of irrational numbers###Non-negativity of even powers###The non-negativity of absolute value###Find the value of the algebraic expression - direct substitution method.	nan	others	middle	medium
3408	"Express the following angles in degrees, minutes, and seconds.
(1) \(32.41{^\circ} =\)\ul{　 　}.
(2) \(75.5{^\circ} =\)\ul{　 　}.
(3) \(\left( \frac{1}{12} \right)^{\circ} =\)\ul{　 　}."	calculation	"(1) 32°24'36""
(2) 75°30'
(3) 5'"	Common Angle Measurement Units and Conversion	"Solution: (1) \(32.41{^\circ} = 32{^\circ} + 0.41 \times 60' = 32{^\circ}24' + 0.6 \times 60'' = 32{^\circ}24'36''\);  
(2) \(75.5{^\circ} = 75{^\circ} + 0.5 \times 60' = 75{^\circ}30'\);  
(3) \(\left( \frac{1}{12} \right)^\circ = \frac{1}{12} \times 60' = 5'\)  
Therefore, the answers are: 32°24'36""; 75°30'; 5'.  
Analysis: Use the base-60 system for degrees, minutes, and seconds for calculation.  
V. Calculation problems."	others	middle	medium
3350	"In a plane, there are several lines:
(1) With one line, the plane can be divided into at most \ul{    } parts.
(2) With two lines, the plane can be divided into at most \ul{    } parts.
(3) With three lines, the plane can be divided into at most \ul{    } parts.
......"	calculation	"(1) 2  
(2) 4  
(3) 7"	Points, lines, surfaces, bodies, and their interconnections###Line, ray, line segment	"[Solution] Explanation: As can be seen from the diagram, (1) With one line, a plane can be divided into a maximum of 2 parts; (2) With two lines, a plane can be divided into a maximum of 2+2=4 parts; (3) With three lines, a plane can be divided into a maximum of 1+1+2+3=7 parts;

Therefore, the answers are: (1) 2; (2) 4; (3) 7.

[Analysis] By drawing the diagram, you can find the answers. (1) With one line, the plane can only be divided into 2 parts; (2) With two lines, the plane can be divided into 3 or 4 parts, hence the maximum is 4 parts; (3) With three lines, the plane can be divided into 4, 5, 6, or 7 parts, hence the maximum is"	others	middle	medium
2973	"Among the following four operations, the one with the largest result is (      )
A. 1 + (-2) B. 1 - (-2) C. (-2) + 1 D. (-2) - 1"	calculation	B	Subtraction rule for rational numbers###Comparison of Rational Numbers - Direct Comparison Method###Addition rule of rational numbers	"Answer:

Solution:
A. 1 + (-2) = 1 - 2 = -1,
B. 1 - (-2) = 1 + 2 = 3,
C. (-2) + 1 = -2 + 1 = -1,
D. (-2) - 1 = -2 - 1 = -3.

Comparing all results, 3 > -1 > -3, it is clear that option B has the largest result.

Therefore, the answer is: B.

Analysis: Calculate the results of all options and compare their values."	others	middle	medium
3179	"Solve the equations:  
(1) \(4x - 3 = 12 - x\)  
(2) \(\frac{x - 1}{4} - 1 = \frac{x}{3}\)."	calculation	"(1) \(x = 3\)  
(2) \(x = -15\)"	Solve the linear equation with parentheses.###Solving a linear equation with fractional coefficients	nan	2023	middle	medium
1986	"The most appropriate survey method from the following is (　　)
A. To understand the lifespan of a batch of energy-saving lamps, use a census approach.
B. To ensure the successful launch of ""Shenzhou IX,"" conduct an inspection of its components using a sampling survey method.
C. For safety checks on passengers of a certain bus service, use spot checks.
D. To survey the vision of classmates in the class, use a census approach."	calculation	D	Comprehensive survey and sampling survey	nan	2024	middle	medium
2649	"Calculate: \((a + 1)^{2} - (a - 2)(a + 2)\).

(2) Solve the system of inequalities: \(\left\{ \begin{array}{r}
2(x + 3) \geq x + 4, \\
3x > 5x - 4.
\end{array} \right.\ \)"	calculation	(1) \(2a + 5\); (2) \(- 2 \leq x < 2\)	Perfect Square Formula and Applications###Difference of squares formula and its applications.###Solve a system of linear inequalities in one variable.	nan	2023	middle	medium
1860	"Calculate:
(1) \(\left( - \frac{5}{6} \right) \times \left( - \frac{6}{5} \right)\)
(2) (-0.125)×(-8)"	calculation	"(1) Solution: \(\left( - \frac{5}{6} \right) \times \left( - \frac{6}{5} \right)\)  
\(= \frac{5}{6} \times \frac{6}{5}\)  
\(= 1\).

(2) Solution: \(( - 0.125) \times ( - 8)\)  
\(= 0.125 \times 8\)  
\(= 1\)."	The rules of multiplication of rational numbers	[Analysis] (1) When multiplying two negative numbers, remove the negative signs and directly calculate \(\frac{5}{6} \times \frac{6}{5}\); (2) When multiplying two negative numbers, remove the negative signs and directly calculate \(0.125 \times 8\).	others	middle	medium
2135	The solution set for the inequality \(\sqrt{2}x > \sqrt{3}x - 1\) is \ul{　 　}.	calculation	\(x < \sqrt{2} + \sqrt{3}\)	Denominator rationalization###Solve a linear inequality in one variable.	"Solution: 

\(\sqrt{2}x > \sqrt{3}x - 1\)

Thus, \((\sqrt{2} - \sqrt{3})x > -1\),

Therefore, \(x < \frac{-1}{\sqrt{2} - \sqrt{3}} = \frac{-1 \times (\sqrt{2} + \sqrt{3})}{(\sqrt{2} - \sqrt{3}) \times (\sqrt{2} + \sqrt{3})} = \sqrt{2} + \sqrt{3}\),

So, \(x < \sqrt{2} + \sqrt{3}\).

Hence, the answer is: \(x < \sqrt{2} + \sqrt{3}\).

Analysis: According to the steps for solving a linear inequality: ""rearranging terms, combining like terms, and normalizing the coefficient to 1,"" and utilizing denominator rationalization and properties of inequalities:"	2024	middle	medium
2905	"Calculate: \(2\sin 60{^\circ} + \left( - \frac{1}{2} \right)^{- 2} + \sqrt[3]{- 8} - \left( \sqrt{3} - \sqrt{2} \right)\left( \sqrt{3} + \sqrt{2} \right)\)

(2) Solve the equation: \(x(x - 3) + 3 = x\)

(3) Simplify and then evaluate: \(\left( \frac{3a - 2}{a + 2} - 1 \right) \div \frac{a^{2} - 4a + 4}{2a + 4}\), where \(a\) is the smallest integer solution of the inequality system \(\left\{ \begin{array}{r} 3 - a \leq a - 3 \\ \frac{3a"	calculation	(1) \(\sqrt{3} + 1\); (2) \(x_{1} = 3\), \(x_{2} = 1\); (3) \(\frac{4}{a - 2}\), 4	Simplification and evaluation of rational expressions###Factoring Method for Solving Quadratic Equations###Special solutions of a system of linear inequalities###Mixed operations of trigonometric functions of special angles	nan	2023	middle	medium
2139	Utilize the properties of exponents for calculation: \(\left( 3^{\frac{3}{2}} \right)^{- \frac{1}{3}} \div \sqrt{27} \times \sqrt[3]{9^{2}}\).	calculation	\(3^{- \frac{2}{3}}\)	Multiplication of powers with the same base###Division of powers with the same base###Fractional exponentiation	nan	2024	middle	medium
1929	Calculate: \(\left( 2a^{2} \right)^{3} + 2a^{2} \cdot a^{4} - a^{8} \div a^{2}\)	calculation	\(9a^{6}\)	Multiplication of powers with the same base###Division of powers with the same base###The operation of raising a product to a power	nan	2022	middle	medium
3359	"Calculate:
(1) \((2a + b)(a - b)\);
(2) \(\left( - 2a^{2}b \right)^{2}\left( 3ab^{2} - 5a^{2}b \right) \div ( - ab)^{3}\)."	calculation	"(1) \(2a^{2} - ab - b^{2}\)  
(2) \(- 12a^{2}b + 20a^{3}\)"	Polynomial multiplied by polynomial###The mixed operations of polynomials###Polynomial divided by a monomial###The operation of raising a product to a power	nan	2022	middle	medium
3127	"Xiao Ying, while completing a ""social survey"" assignment, needed to investigate the income of city delivery workers. He learned that labor companies encourage delivery personnel's work enthusiasm by calculating salaries using the method ""monthly total income = basic salary (fixed) + delivery order bonus."" The survey provided the following information:

| Delivery Worker | Xiao Li | Xiao Yang |
|-----------------|---------|-----------|
| Monthly Delivery Orders | 292 | 273 |
| Monthly Total Income (Yuan) | 3384 | 3346 |

The bonus per delivery order is \(a\) yuan, and the delivery worker's monthly basic salary is \(b\) yuan.

(1) Set up a system of equations to find the values of \(a\) and \(b\);
(2) If the monthly delivery orders exceed 300, the bonus per excess order increases by 1 yuan. Assuming the monthly delivery orders are \(x\) and the monthly total income is \(y\)"	calculation	"(1) \(a = 2, b = 2800\) 
(2) \(y = \left\{ \begin{matrix} 
2x + 2800 & (0 \leq x \leq 300) \\ 
3x + 2500 & (x > 300) 
\end{matrix} \right.\ \), when the total monthly income is not less than 5200 yuan, at least 900 orders must be delivered per month."	Other Applications of Systems of Linear Equations in Two Variables###The application of linear inequalities with one variable###Other Applications of Linear Functions	nan	2022	middle	medium
3516	"Given that \( a, b, c \) satisfy \((a - 1)^{2} + \sqrt{b - 4} + |c + 5| = 0\), find:
(1) the values of \( a, b, c \);
(2) solve \( ax^{2} + bx + c = 0 \)."	calculation	"(1) \(a = 1, b = 4, c = -5\)  
(2) \(x_{1} = -5, x_{2} = 1\)"	Factoring Method for Solving Quadratic Equations###The properties of the arithmetic square root (double non-negativity)###The non-negativity of absolute value	nan	2024	middle	medium
3771	"If the parabola \(y = (x + 1)^{2}\) is first shifted 1 unit to the left, and then 2 units upward, the equation of the new parabola is (　　)
A．\(y = (x + 2)^{2} + 2\) B．\(y = (x - 2)^{2} - 2\) C．\(y = (x + 1)^{2} - 2\) D．\(y = (x - 2)^{2} + 1\)"	calculation	A	Geometric transformations of quadratic function graphs	nan	2025	middle	medium
1926	First simplify, then evaluate: \(\left\lbrack - \frac{4}{2 + x} - \frac{(x + 2)(x - 2)}{x + 2} \right\rbrack \div \frac{x^{3} - 2x^{2}}{x^{2} + 4x + 4}\), where \(|x| \leq \sqrt{5}\) and is an integer. Please choose an appropriate value of \(x\) to substitute for evaluation.	calculation	\(\frac{x + 2}{2 - x}\), 3	Valuation of irrational numbers###The conditions under which a fraction is meaningless.###Simplification and evaluation of rational expressions###Special solutions of a system of linear inequalities	nan	2023	middle	medium
2148	"An ant starts from a point P and crawls back and forth on a straight line. The distance crawled to the right is recorded as a positive number, and the distance to the left as a negative number. The distances crawled are, in order (unit: centimeters): \(+7, -6, -5, -6, +13, -3\).

(1) Calculate and explain the final position of the ant.

(2) If the ant crawls at a speed of 1 centimeter per second, how much time did it spend crawling in total?"	calculation	"(1) Solution: The distances the ant crawls are sequentially (in centimeters): \(+7, -6, -5, -6, +13, -3\),  
therefore, \((+7) + (-6) + (-5) + (-6) + 13 + (-3)\)  
=\((7+13) + [(-6) + (-5) + (-6) + (-3)]\)  
= 20 + (-20)  
= 0.  
Thus, the ant returns to the starting point P;  

(2) Solution: Since \(|+7| + |-6| + |-5| + |-6| + |+13| + |-3| = 40\),  
and the ant's crawling speed is 1 centimeter per second,  
therefore \(40 \div 1 = 40\) (seconds).  
Answer: The ant crawled for a total of 40"	Practical applications of positive and negative numbers###The practical application of rational number addition.	"Analysis:

(1) Add the recorded data sequentially based on the opposite meanings of the quantities, calculate the sum using the addition rule for rational numbers, and solve by determining the sign of the sum.

(2) First determine the total distance the ant travels, then solve by using the formula time = distance ÷ speed.

Solution:
(1) \(7 - 6 - 5 - 6 + 13 - 3 = 0\), so the ant returns to point P.

(2) \(|+7| + |-6| + |-5| + |-6| + |+13| + |-3| = 40\), 
\(40 \div 1 = 40\) (seconds).

Answer: The ant crawled a total of 40 seconds."	2024	middle	medium
2295	Simplify first, then find the value: \(\left( 2x^{2} + x - 3y \right) - 2\left( - x^{2} - 2x + \frac{1}{2}y \right)\), where \(x = -2, y = 1\).	calculation	"Solution:  
\(\left( 2x^{2} + x - 3y \right) - 2\left( - x^{2} - 2x + \frac{1}{2}y \right)\)  
\(= 2x^{2} + x - 3y + 2x^{2} + 4x - y\)  
\(= 2x^{2} + 2x^{2} + x + 4x - 3y - y\)  
\(= 4x^{2} + 5x - 4y\),  
when \(x = -2, y = 1\), the expression becomes \(4 \times (-2)^{2} + 5 \times (-2) - 4 \times 1 = 2\)."	Rules of Removing Brackets and Their Application###Simplify and evaluate using addition and subtraction of polynomials.	[Analysis] Remove parentheses, combine like terms, and then substitute the values of x and y to find the answer.	2023	middle	medium
2043	"A box contains balls identical in every aspect except color, with 6 white balls and m brown balls. After thoroughly mixing each time, a ball is randomly drawn, its color noted, and then returned to the box. Through a large number of repeated trials, it is observed that the frequency of drawing a white ball stabilizes around 0.4. The approximate value of m is (   )
A. 4 B. 6 C. 9 D. 12"	calculation	C	Using frequency to estimate probability	nan	2022	middle	medium
3767	For a positive integer \(a\), we define: if \(a\) is odd, then \(f(a) = 3a + 1\); if \(a\) is even, then \(f(a) = \frac{a}{2}\). For example, \(f(15) = 3 \times 15 + 1 = 46\), \(f(10) = \frac{10}{2} = 5\). If \(a_{1} = 8\), \(a_{2} = f\left( a_{1} \right)\), \(a_{3} = f\left( a_{2} \right)\), \(a_{4} = f\left( a_{3} \right)\), and so on, following this pattern, we get the sequence \(a_{1}\), \(a_{2}\), \(a_{3}\), \(a_{4}\), \(\ld	calculation	"(1) \(2\);  
(2) \(4730\)."	Practical Applications of Mixed Operations with Rational Numbers###Exploring the Patterns of Numbers and Expressions###Find the value of the algebraic expression - direct substitution method.	nan	2024	middle	medium
2255	"Given that the line \( y = kx + 1 \) intersects the parabola \( y = x^2 \) at points A and B, and intersects the parabola \( y = x^2 + 2x - 1 \) at points C and D, if \( AB = CD \), then the value of \( k \) is (    ) 
A. 2 B. 1 C. \(\frac{1}{2}\) D. -2"	calculation	A	Comprehensive Application of Quadratic and Linear Functions###Comprehensive Application of Quadratic Functions and Quadratic Equations in One Variable	Solution: Let the x-coordinates of points A and B be \(x_{1}\), \(x_{2}\), then \(x_{1}\), \(x_{2}\) are the roots of the equation \(x^{2} -kx-1=0\), thus \(x_{1}+x_{2}=k\), \(x_{1}x_{2}=-1\), therefore \(|x_{A} - x_{B}| = |x_{1} - x_{2}| = \sqrt{(x_{1} + x_{2})^{2} - 4x_{1}x_{2}} = \sqrt{k^{2} + 4}\). Similarly, \(|x_{C} - x_{D}| = \sqrt{k^{2} - 4K + 12}\), since AB = CD, therefore \(|x_{A} - x_{B}| = |x_{C} - x	2024	middle	medium
2412	"Solve the system of inequalities: \(\left\{ \begin{array}{r}
5x - 3 \leq 2(x - 3) \\
\frac{x}{4} < \frac{x + 1}{3}
\end{array} \right.\ \);

(2) Solve the equation: \(\frac{1 - x}{x - 2} = \frac{x}{2x - 4} - 1\)."	calculation	"(1) Solution:  
\[
\begin{cases} 
5x - 3 \leq 2(x - 3)① \\ 
\frac{x}{4} < \frac{x + 1}{3}② 
\end{cases}
\]

Solving inequality ①, we get \(x \leq -1\).  
Solving inequality ②, we get \(x > -4\).  
Therefore, the solution set for the system of inequalities is \(-4 < x \leq -1\).

(2) Solution:  
\[
\frac{1 - x}{x - 2} = \frac{x}{2x - 4} - 1
\]

Multiplying both sides of the equation by \(2(x - 2)\), we get \(2(1 - x) = x - 2(x - 2)\).  
Solving, we find: \(x = -2\"	Solve rational equations###Solve a system of linear inequalities in one variable.	[Analysis] (1) Calculate according to the steps for solving the system of inequalities to find the solution; (2) Calculate according to the steps for solving the rational equation to find the solution.	2024	middle	medium
2789	"The mathematical expression for ""The square root of \(\frac{9}{25}\) is \(\pm \frac{3}{5}\)"" is (    )
A. \(\pm \sqrt{\frac{9}{25}} = \pm \frac{3}{5}\) B. \(\sqrt{\frac{9}{25}} = \pm \frac{3}{5}\) C. \(\sqrt{\frac{9}{25}} = \frac{3}{5}\) D. \(\pm \sqrt{\frac{9}{25}} = \frac{3}{5}\)"	calculation	A	Square root (finding the square root)	nan	2024	middle	medium
2535	"Calculate or simplify:
(1) \(\sqrt[3]{216} - \sqrt{64} + \left| \sqrt{2} - 1 \right| + ( - 1)^{100}\)
(2) \((m - 5)(m - 3) - m(m - 8)\)"	calculation	"(1) \(\sqrt{2} - 2\)  
(2) \(15\)"	Monomial multiplied by a polynomial###Polynomial multiplied by polynomial###Cube root (finding the cube root)	nan	2024	middle	medium
2844	"Calculate: \({(\frac{1}{4})}^{- 1} - 6\tan 30{^\circ} + \sqrt{12} - | - 1|\)\(.\)
(2) Solve the system of equations: \(\left\{ \begin{array}{r} 4x + y = 15 \\ 3x - 2y = 3 \end{array} \right.\ \)."	calculation	(1) \(3\); (2) \(\left\{ \begin{array}{r} x = 3 \\ y = 3 \end{array} \right.\ \)	Negative integer exponentiation###Find the trigonometric values of special angles.###Elimination method to solve a system of linear equations in two variables	nan	2022	middle	medium
2026	"Calculate:
(1) Calculate: \(\left[ m\left( m^{2}n^{2} - mn \right) - n\left( m^{2} - m^{3}n \right) \right] \div 2m^{2}n\);
(2) Factorize: \(25 - x^{2} + 14xy - 49y^{2}\)."	calculation	"(1) \(mn - 1\)  
(2) \((x - 7y + 5)(-x + 7y + 5)\)"	The mixed operations of polynomials###Factorization - Formula Method###Factorization - Grouping Method	nan	2024	middle	medium
1815	"Calculate:
(1) \((-10) + (+4)\)
(2) \((-5) - (-8)\)
(3) \(-4 \times 12 \times (-0.5)\)
(4) \(\left( \frac{1}{9} - \frac{1}{6} - \frac{1}{4} \right) \times (-36)\)
(5) \((-3) + 40 + (-32) + (-8)\)
(6) \(\frac{10}{3} + \left( - \frac{11}{4} \right) - \left( - \frac{5}{6} \right) + \left( - \frac{7}{12} \right)\)"	calculation	"(1) \(-6\)  
(2) \(3\)  
(3) \(24\)  
(4) \(11\)  
(5) \(-3\)  
(6) \(\frac{5}{6}\)"	The multiplication rule of rational numbers###Subtraction rule for rational numbers###Addition and subtraction of rational numbers###Addition rule of rational numbers	nan	2024	middle	medium
1985	"Given that \(a\) is an integer, and \(\frac{a + 3}{a - 5} - \frac{a - 5}{a + 2} \div \frac{a^{2} - 10a + 25}{a^{2} - 4}\) is a positive integer, find the sum of all such \(a\) values that satisfy the condition (    )
A. 4 B. 8 C. 12 D. 16"	calculation	D	The value of a fraction###Addition and subtraction of fractions	nan	2024	middle	medium
2289	In right triangle \( \triangle ABC \), \( \angle C = 90{^\circ} \), \( \sin A = \frac{3}{5} \), and point \( D \) is a point on line \( AC \). If \( \angle BDC = 45{^\circ} \) and \( BD = 6 \, cm \), then the area of \( \triangle ABD \) is \underline{　　} \( cm^2 \).	calculation	3 or 21	Determination of an Isosceles Triangle###Pythagorean theorem###Given the sine value, find the side length.	nan	2024	middle	medium
2590	"For rational numbers \(a\), \(b\), the operation is defined as: \(a \otimes b = ab + |a| - b\).  
(1) Calculate the value of \(5 \otimes 4\);  
(2) Calculate \((-1) \otimes \left[( - 2) \otimes 3 \right]\)."	calculation	"(1) Solution: \(5 \otimes 4 = 5 \times 4 + |5| - 4 = 20 + 5 - 4 = 21\);

(2) Solution: Since \(( - 2) \otimes 3 = ( - 2) \times 3 + | - 2| - 3 = - 6 + 2 - 3 = - 7\),
therefore \(( - 1) \otimes \lbrack( - 2) \otimes 3\rbrack\)
\(= ( - 1) \otimes ( - 7)\)
\(= ( - 1) \times ( - 7) + | - 1| - ( - 7)\)
\(= 7 + 1 + 7\)
\(= 15\)."	Rules for mixed operations of addition, subtraction, multiplication, and division of rational numbers###Method for finding the absolute value of a rational number	"[Analysis] (1) Calculate the expression based on the newly defined operation rules to find the answer.  
(2) According to the new operation rules, first find \((-2) \otimes 3\), and then calculate outside the brackets to get the answer.

(1) Solution:  
\(5 \otimes 4 = 5 \times 4 + |5| - 4 = 20 + 5 - 4 = 21\);

(2) \((-2) \otimes 3 = (-2) \times 3 + |-2| - 3 = -6 + 2 - 3 = -7\),  
\((-1) \otimes [( -2) \otimes 3]\)  
\(= (-1) \otimes (-7)\)  
\(= (-1) \times (-7) + |-1| - (-7)\)  
\(= 7 + 1 +"	2024	middle	medium
2718	"Solve the equations:
(1) \(\frac{1}{2 - x} + 2 = \frac{1}{x - 2}\);
(2) \(x^{2} + 6x + 2 = 0\)."	calculation	"(1) \(x = 3\);
(2) \(x_{1} = -3 + \sqrt{7}, x_{2} = -3 - \sqrt{7}\)."	Solving a quadratic equation by completing the square###Solve rational equations	nan	2024	middle	medium
1812	"Calculate:  
(1) \(- 1^{2} + \sqrt[3]{- 27} - ( - 2) \times \sqrt{9}\);  
(2) \(\sqrt{16} + \sqrt{( - 2)^{2}} - \sqrt[3]{- 8} - \left| \sqrt{3} - 2 \right| + 2\sqrt{3}\)."	calculation	"(1) 2  
(2) \(6 + 3\sqrt{3}\)"	Find the square root.###Cube root (finding the cube root)	nan	2023	middle	medium
3170	Calculate: (1) \((- 51) + 78 + (- 49) + 12\); (2) \(\left( - \frac{1}{2} \right) - \left( - 3\frac{3}{4} \right) + \left( + 2\frac{1}{4} \right) - \left( + 5\frac{1}{2} \right)\); (3) \((- 2)^{3} + \left( - \frac{2}{3} - \frac{5}{6} + \frac{11}{12} \right) \div \left( - \frac{1}{24} \right)\); (4) \(- 1^{4} - \left( - \frac{1}{2} \right)^{3} \times \frac{1}{5} \times \left\lbrack 2 +	calculation	"(1) \(-10\);  
(2) \(0\);  
(3) \(= 6\);  
(4) \(- \frac{13}{8}\)."	The multiplication rule of rational numbers###Addition and subtraction of rational numbers###The division rule for rational numbers###Rules of Mixed Operations for Rational Numbers (Including Exponentiation)	nan	2024	middle	medium
2367	"Among the following groups of quantities, which one has opposite meanings? (____)
A. Income of 20 yuan and expenditure of 30 yuan
B. Attending 2 music classes and attending 3 physical education classes
C. Walking 100m and running 100m
D. Traveling 30m east and traveling 30m north"	calculation	A	Quantities with opposite meanings	"Answer: A. Income of 20 yuan and expenditure of 30 yuan. These two quantities have opposite meanings, as income represents an increase in funds, while expenditure represents a decrease in funds. Therefore, they are economically opposed and meet the criteria;

B. Taking 2 music lessons and taking 3 physical education lessons. These two quantities represent different types of activities, but both are actions of increasing learning content and do not express opposite meanings, not meeting the criteria;

C. Walking 100m and running 100m. These two quantities represent different types of activities, but both are displacement actions and do not express opposite meanings, not meeting the criteria;

D. Moving 30m east and moving 30m north. These two quantities represent directions of movement, but are not opposite directions; opposite directions would be moving east and moving west, or north and south, not meeting the criteria.

Therefore, the answer is: A.

Analysis: Terms that describe a pair of quantities with opposite meanings"	others	middle	medium
2958	"Given: In the plane coordinate system, point \(P(x,y)\) and point \(A(0,1)\), the distance from point \(P\) to point \(A\) is always equal to the distance from point \(P\) to the \(x\)-axis.
(1) Please find the function relationship that point \(P\) satisfies;
(2) If the function graph obtained in (1) is denoted as \(L\), and \(L^{'}\) is obtained by translating \(L\) horizontally, if point \(M\) is on \(L\), point \(N\) is the corresponding point of point \(M\) after the translation of \(L\), and point \(Q\) is a point on the \(x\)-axis. Does there exist such a point \(M\) so that the quadrilateral with vertices \(M\), \(N\), \(O\), and \(Q\) has one"	calculation	"(1) \(y = \frac{1}{2}x^{2} + \frac{1}{2}\);  
(2) There exist points \(Q\) with coordinates \(\left( 2\sqrt{3} + 2\sqrt{2},0 \right)\), \(\left( 2\sqrt{3} - 2\sqrt{2},0 \right)\), \(\left( - 2\sqrt{3} - 2\sqrt{2},0 \right)\), \(\left( - 2\sqrt{3} + 2\sqrt{2},0 \right)\)."	Pythagorean theorem###Properties of a rhombus###The properties of translation###Quadratic Function - Existence Problem of Special Quadrilaterals	nan	2024	middle	medium
3355	"Calculate: \(\left( - \frac{1}{2} \right)^{- 2} - 8\sin 30{^\circ} - (2024 - \pi)^{0}\);

(2) Simplify: \(\left( 1 - \frac{1}{1 - a^{2}} \right) \div \frac{a^{2}}{a - 1}\)."	calculation	(1) \(- 1\); (2) \(\frac{1}{a + 1}\)	Addition and subtraction of fractions###Negative integer exponentiation###Find the trigonometric values of special angles.	nan	2024	middle	medium
3294	Simplify and evaluate: \(\left( \frac{3y^{2}}{x + y} - x + y \right) \div \frac{x^{2} - 4xy + 4y^{2}}{x + y}\), where \(y = \sqrt{x - 2} - \sqrt{2 - x} + 2\).	calculation	\(\frac{2y + x}{2y - x}\), \(3\)	Simplification and evaluation of rational expressions###The condition for a quadratic radical to be meaningful	nan	2024	middle	medium
3525	"When simplifying radical expressions, we sometimes encounter expressions like \(\frac{3}{\sqrt{5}}\) and \(\frac{2}{\sqrt{2} - 1}\). These expressions can be further simplified: \(\frac{3}{\sqrt{5}} = \frac{3 \times \sqrt{5}}{\sqrt{5} \times \sqrt{5}} = \frac{3\sqrt{5}}{5}\), \(\frac{2}{\sqrt{2} - 1} = \frac{2 \times (\sqrt{2} + 1)}{(\sqrt{2} - 1)(\sqrt{2} + 1)} = 2\sqrt{2} + 2\). This simplification method is called rationalizing the denominator. Use this method to solve the following problems:
(1) Simplify: \(\frac{2}{\sqrt{7}} =\)\_\_\"	calculation	"(1) \(\frac{2\sqrt{7}}{7}\), \(3\sqrt{6} - 3\sqrt{5}\)  
(2) \(16 - 2\sqrt{5}\)  
(3) \(\frac{a + 3b}{a - b}\)"	Addition and subtraction of fractions###Denominator rationalization###Mixed operations of quadratic radicals	nan	2024	middle	medium
2044	"The correct propositions are (      )
A. The three altitudes of a triangle intersect at one point.
B. There is only one line through a point that is parallel to a given line.
C. Two lines intersected by a third line have equal alternate interior angles.
D. Two isosceles triangles with equal base angles and equal legs are congruent."	calculation	D	Parallel axiom and corollary###Criteria for Triangle Congruence###The concept of alternate interior angles	nan	2024	middle	medium
3765	"Common methods for factoring include extracting common factors, using formulas, etc., but some polynomials cannot be factored using these methods alone. For example, \(x^{2} - 4y^{2} - 2x + 4y\). By closely observing this expression, you'll notice that the first two terms fit the difference of squares formula, and the last two terms can have a common factor extracted. Once factored separately, a new common factor emerges, allowing for the complete factorization of the expression. The detailed process is as follows:

\(x^{2} - 4y^{2} - 2x + 4y\)  
\(= \left( x^{2} - 4y^{2} \right) - (2x - 4y)\)  
\(= (x + 2y)(x - 2y) - 2(x - 2y)\)  
\(= (x -"	calculation	"(1) \((a - b)(a + b + 4)\)  
(2) The side lengths of an isosceles triangle are 2, 2, and 1 respectively."	Applications of Factoring###Determination and Properties of Isosceles Triangles###Factorization - Grouping Method	nan	2023	middle	medium
2041	First simplify, then find the value: \(\frac{x - 3}{x^{2} + 4x + 4} \div (1 - \frac{5}{x + 2})\), where \(x = \sqrt{3} - 2\).	calculation	\(\frac{1}{x + 2}\), \(\frac{\sqrt{3}}{3}\).	Simplification and evaluation of rational expressions###The simplest quadratic surd	nan	2023	middle	medium
135	"In the rectangular coordinate system \(xOy\), for any three points \(A,B,C\), the ""rectangular area"" is defined as follows: the ""horizontal base"" \(d\) is the maximum difference in x-coordinates between any two points; the ""vertical height"" \(h\) is the maximum difference in y-coordinates between any two points. Therefore, the ""rectangular area"" \(S = dh\). For example, for the coordinates of points \(A,B,C\) as \((1,2),(-3,1),(2,-2)\), the ""horizontal base"" \(d = 5\), the ""vertical height"" \(h = 4\), and the ""rectangular area"" \(S = dh = 20\). Solve the following problems based on the given definition:
(1) If the coordinates of points \(D,E,F\) are \((-1,2),(2,-1),(0,6)\),"	calculation	"Solution: 

(1) Given points D(-1, 2), E(2, -1), F(0, 6):  
Thus, \(a = 2 - (-1) = 3\), \(h = 6 - (-1) = 7\),  
Therefore, \(S = ah = 3 \times 7 = 21\).

(2) Given points D(2, 3), E(2, -1), F(t, -2):  
Since the x-coordinates of D and E are the same,  
Thus, \(a = |2 - t|\), \(h = 3 - (-2) = 5\),  
Therefore, \(S = ah = 5|2 - t|\),  
When \(t > 2\), \(S = 5|2 - t| = 5t - 10\),  
When \(t < 2\), \(S ="	Coordinates and Properties of Figures###Piecewise function	"[Analysis]
(1) Create a diagram, use the new definition in the problem to find the lengths of a and h, and substitute them into ah to obtain the corresponding ""rectangular area"";
(2) Use the new definition in the problem to find the corresponding \(a\), h, then you can find the corresponding ""rectangular area"";
(3) Assume the coordinates of point F as (\(x\), 0), then conduct a case analysis for when point F is to the left of point D, i.e., \(x < -1\); when point F is between points D and E, i.e., \(-1 < x < 2\); and when point F is to the right of point E, i.e., \(x > 2\). Find the value of \(x\) in each case, and use the equation ah = 20 to find the coordinates of point F."	2024	middle	hard
1197	"Calculation problem:
(1) Calculate: \(\sqrt{0.04}\) + cos\textsuperscript{2}45° − (\(-2\))\textsuperscript{−1} − \(\left|\)- \(\frac{1}{2}\)\(\right|\)

(2) Simplify first, then find the value: \(\left(\frac{x - y}{x^{2} - 2xy + y^{2}}\) − \(\frac{x}{x^{2} - 2xy}\)\right) ÷ \(\frac{y}{x - 2y}\), where \(x = 2 \sqrt{2}\), \(y = \sqrt{2}\)."	calculation	"(1) Solution: \( \sqrt{0.04} + \cos^2 45^\circ - (-2)^{-1} - |\frac{-1}{2}| \)

= \( 0.2 + \left(\frac{\sqrt{2}}{2}\right)^2 - \left(-\frac{1}{2}\right) - \frac{1}{2} \)

= \( 0.2 + \frac{1}{2} + \frac{1}{2} - \frac{1}{2} \)

= 0.7;

(2) Solution: \( \left(\frac{x - y}{x^2 - 2xy + y^2} - \frac{x}{x^2 - 2xy}\right) \div \frac{y}{x - 2y} \)

= \(\left[\frac{x - y}{(x - y)^2} - \frac{x}{"	Operations on Real Numbers###Simplification and evaluation of rational expressions###Negative integer exponentiation###Find the trigonometric values of special angles.	[Analysis] (1) This problem can be solved using the trigonometric values of special angles, negative integer exponents, and absolute values; (2) Simplify the expression in the problem using subtraction and division of fractions, then substitute the values of x and y into the simplified expression to solve this problem.	2017	middle	hard
3285	"Calculate:
(1) \(-4\frac{7}{8} - (-6\frac{1}{2}) - (-4\frac{1}{4}) - (+3\frac{1}{8})\);
(2) \((- \frac{1}{2} + \frac{5}{6} - \frac{7}{12}) \div (-\frac{1}{36})\);
(3) \(-3^{2} - \left[1 - \left(\frac{1}{2}\right)^{3}\right] \div \frac{1}{3} \times \left[1 - (-3)^{2}\right]\)．"	calculation	"(1) Solution: The original expression \(= - 4\frac{7}{8} + 6\frac{1}{2} + 4\frac{1}{4} - 3\frac{1}{8}\)
\(= ( - 4\frac{7}{8} - 3\frac{1}{8}) + (6\frac{1}{2} + 4\frac{1}{4})\)
\(= - 8 + 10\frac{3}{4}\)
\(= 2\frac{3}{4}\);

(2) Solution: The original expression \(= ( - \frac{1}{2} + \frac{5}{6} - \frac{7}{12}) \times ( - 36)\)
\(= \frac{1}{2} \times 36 - \frac{5}{6} \times 36 + \frac{7}{12}"	Rules for mixed operations of addition, subtraction, multiplication, and division of rational numbers###Addition and subtraction of rational numbers###Rules of Mixed Operations for Rational Numbers (Including Exponentiation)	"[Analysis] (1) Calculate using the arithmetic operation rules for addition and subtraction of rational numbers; 
(2) First, convert division into multiplication, then calculate using the distributive law; 
(3) Calculate using the arithmetic operation rules for rational numbers involving exponents.

(1) Solution: 
\(( - 4\frac{7}{8}) - ( - 6\frac{1}{2}) - ( - 4\frac{1}{4}) - (+ 3\frac{1}{8})\) 
\(= - 4\frac{7}{8} + 6\frac{1}{2} + 4\frac{1}{4} - 3\frac{1}{8}\) 
\(= ( - 4\frac{7}{8} - 3\frac{1}{8}) + (6\frac{1}{2} + 4\frac{1}{4})\"	2023	middle	medium
3690	"Solve the following equations using appropriate methods:
(1) \(x^{2} - 6x - 16 = 0\);
(2) \(2x^{2} - 5x - 2 = 0\)."	calculation	"(1) \(x_{1} = 8\), \(x_{2} = -2\)  
(2) \(x_{1} = \frac{5 + \sqrt{41}}{4}\), \(x_{2} = \frac{5 - \sqrt{41}}{4}\)"	Solving a quadratic equation by completing the square###Method for Solving Quadratic Equations with a Formula	nan	2024	middle	medium
2586	"Factorization:
(1) \(2ax^{2} - 18a^{3}\);
(2) \(6x^{2} - 7x - 5\);
(3) \(x^{3} - xyz + x^{2}y - x^{2}z\);
(4) \(\left( x^{2} - 3x + 1 \right)^{2} - 6x^{2} + 18x - 1\)."	calculation	"(1) \(2a(x + 3a)(x - 3a)\)
(2) \((2x + 1)(3x - 5)\)
(3) \(x(x + y)(x - z)\)
(4) \(x(x - 3)(x - 4)(x + 1)\)"	Factorization - Comprehensive Application of the Common Factor and Formula Methods###Factorization - Cross Multiplication Method###Factorization - Grouping Method	nan	2024	middle	medium
2238	"As living standards continue to rise, people's health awareness gradually increases, and more and more people regard fitness as a fashionable lifestyle. A merchant seizes the opportunity to launch a promotional activity, offering customers two discount options:
Option 1: Buy one sports jacket and get one sweatshirt for free;
Option 2: Buy both the sports jacket and the sweatshirt at an 80% discount off their respective list prices.

The list price for each sports jacket is 300 yuan, and each sweatshirt is 100 yuan. During the promotional period, a certain club plans to purchase 100 sports jackets and \( x \) sweatshirts (\( x \geq 100 \)) from the mall.
(1) The payment required for Option 1 is: \_\_\_\_\_\_ yuan, and for Option 2 is: \_\_\_\_\_\_ yuan;
(2) When \( x = 150 \), please calculate and compare which of the two options is more cost-effective;"	calculation	"(1) \(100x + 20000\), \(80x + 24000\)  
(2) Plan 1: 35,000 yuan, Plan 2: 36,000 yuan, Plan 1 is more cost-effective.  
(3) Plan 1: Purchase 100 sports jackets, Plan 2: Purchase 200 hoodies."	The Practical Application of Linear Equations: Scheme Selection Problem###Practical Application of Linear Functions - Solution Problem	nan	2024	middle	medium
501	"\(\left\{ \begin{array}{r}
x - 2y + 3z = 0 \\
3x + 2y + 5z = 12 \\
2x - 4y - z = - 7
\end{array} \right.\ \)"	calculation	"Solution:  
\(\left\{ \begin{array}{r}
x - 2y + 3z = 0(1) \\
3x + 2y + 5z = 12(2) \\
2x - 4y - z = - 7(3)
\end{array} \right.\ \),  
Adding (1) and (2) gives:  
\(4x+8z=12 \ (4)\),  
Multiplying (2) by 2 and adding (3) gives:  
\(8x+9z=17 \ (5)\),  
Multiplying (4) by 2 and subtracting (5) gives:  
\(7z=7\),  
Thus, \(z=1\),  
Substituting \(z=1\) into (4) gives:  
\(x=1\),  
Substituting \(x=1\), \(z="	Solution and Application of a System of Three Variables Linear Equations	Analysis: By adding (1) and (2), we get 4x + 8z = 12 (4), and by multiplying (2) by 2 and adding (3), we get 8x + 9z = 17 (5). This reduces the three-variable system into two variables. Solving for z by multiplying (4) by 2 and subtracting (5), we find the value of z. Substituting the value of z into (4) gives the value of x. Then, substituting the values of x and z into (1) gives the value of y. Thus, the solution to the original system of equations is obtained.	others	middle	hard
3365	"Calculation:
(1) \(8 - 9 + 2\).
(2) \(\sqrt[3]{-8} \times \left( \frac{1}{3} - \frac{1}{2} \right) + 2^{3}\)."	calculation	"(1) Solution: The original expression = -1 + 2 = 1.  
(2) Solution: The original expression \(= - 2 \times \frac{1}{6} + 8 = - 3 + 8 = 5\)."	Mixed operations of real numbers (including square roots)	"[Analysis] (1) Calculate mixed addition and subtraction of rational numbers from left to right; \\
(2) First calculate the cube root, the subtraction within the parentheses, and the exponents separately, then perform the multiplication, and finally perform the addition."	2024	middle	medium
3530	"Solve the equations:  
(1) \((x + 3)^{2} - 5 = 0\);  
(2) \(x^{2} + 1 = 3x\) (completing the square);  
(3) \(2x^{2} - 7x + 6 = 0\) (quadratic formula);  
(4) \((x - 4)^{2} = 4x(4 - x)\)."	calculation	"(1) \(x_{1} = -3 - \sqrt{5}\), \(x_{2} = -3 + \sqrt{5}\)
(2) \(x_{1} = \frac{3 + \sqrt{5}}{2}\), \(x_{2} = \frac{3 - \sqrt{5}}{2}\)
(3) \(x_{1} = 2\), \(x_{2} = \frac{3}{2}\)
(4) \(x_{1} = 4\), \(x_{2} = \frac{4}{5}\)"	Direct Methods for Solving Quadratic Equations###Solving a quadratic equation by completing the square###Method for Solving Quadratic Equations with a Formula###Factoring Method for Solving Quadratic Equations	nan	2024	middle	medium
2253	Solve the inequality \(ax^{2} + x - a > 1\) for \(x\).	calculation	When \(a > 0\), \(x > 1\) or \(x < -1 - \frac{1}{a}\); when \(a < 0\), \(-1 - \frac{1}{a} < x < 1\).	Factorization - Comprehensive Application of the Common Factor and Formula Methods###Solve a system of linear inequalities in one variable.###Form a linear inequality with one variable.	nan	2024	middle	medium
3115	Given the polynomial in terms of \(x\) and \(y\), \(ax^{3}y^{2} + x^{2}y^{3} - 2x^{2}y - 6xy - 6 + (a - 1)x^{2}y + 2bxy^{2} - 1\), which contains no cubic terms, find the values of \(a\) and \(b\), and arrange the polynomial in ascending powers of \(y\).	calculation	\(a = 3\), \(b = 0\), \(-7 - 6xy + 3x^{3}y^{2} + x^{2}y^{3}\)	Power arrangement	nan	2024	middle	medium
528	Given that a and b are constants, in the equation with respect to x \(\frac{kx + a}{3} = 1 - \frac{2x + bk}{6}\), its solution is always 1 regardless of the value of k, then \(a + b = \underline{\phantom{   }}\).	calculation	0	Solving a linear equation with fractional coefficients###Solve a linear equation with a parameter coefficient	"Answer: Substitute \( x=1 \) into the equation \(\frac{kx + a}{3} = 1 - \frac{2x + bk}{6},\) to get \(\frac{k + a}{3} = 1 - \frac{2 + bk}{6},\). Then, \(2(k+a)=6-(2+ bk),\) which simplifies to \(2k+2a=6-2-bk,\) leading to \(2k+ bk+2a-4=0,\) or \((2+b)k+2a-4=0\).

Since the solution is always 1 regardless of the value of \( k \), we have \(2+b=0\) and \(2a-4=0\), thus solving gives \(b=-2\) and \(a=2\). Therefore, \(a+b=0\).

So the answer is: 0.

Analysis: First,"	others	middle	hard
1976	Simplify: \(\left( 1 + \frac{a}{2 - a} \right) \div \frac{4 - a^{2}}{a^{2} - 4a + 4}\), and choose an appropriate value for \(a\) from \(-2\), 0, 2 to substitute and evaluate.	calculation	\(\frac{2}{2 + a}\), 1	Simplification and evaluation of rational expressions	nan	2023	middle	medium
2147	"Given \(A = b^{2} - a^{2} + 5ab\) and \(B = 5ab + 2b^{2} - a^{2} + 1\).

(1) Simplify: \(2A - B\).

(2) Given that \(a, b\) satisfy \((a + 1)^{2} + |b + 2| = 0\), find the value of \(2A - B\)."	calculation	"(1) \(- a^{2} + 5ab - 1\)
(2) 8"	Addition and subtraction of polynomials###The non-negativity of absolute value###Find the value of the algebraic expression - direct substitution method.	nan	2024	middle	medium
2413	"Calculate  
(1) \(4\sqrt{5} + \sqrt{45} - \sqrt{8} + 4\sqrt{2}\)  
(2) \(\sqrt{48} \div \sqrt{3} - 2\sqrt{\frac{1}{5}} \times \sqrt{30}\)  
(3) \( ( - 1)^{2024} + \sqrt{3}\left( \sqrt{2} - \sqrt{3} \right) - \left( \frac{1}{2} \right)^{- 1}\)"	calculation	"(1) \(7\sqrt{5} + 2\sqrt{2}\)  
(2) \(4 - 2\sqrt{6}\)  
(3) \(\sqrt{6} - 4\)"	Negative integer exponentiation###Addition and Subtraction of Quadratic Radicals###Mixed operations of quadratic radicals	nan	2024	middle	medium
2022	Calculate: \(1.25 \times \left( 8\frac{2}{5} - \frac{2}{15} \right) + 2\frac{2}{5} \div 6\)	calculation	\(\frac{161}{15}\)	Four operations of fractions mixed calculation	nan	2023	middle	medium
3289	"If the solution of the system of binary linear equations concerning \(x, y\) 

\[
\left\{ 
\begin{array}{r} 
x + 2y = 4k \\ 
x - y = k 
\end{array} 
\right.
\]

is also the solution of the binary linear equation 

\[ 
2x + 3y = -7 
\]

find the solution of the system of equations."	calculation	"\(\left\{ \begin{array}{r}
x = - 2 \\
y = - 1
\end{array} \right.\ \)"	The solution of a linear equation in two variables###The solution of a system of linear equations in two variables###Elimination method to solve a system of linear equations in two variables	nan	2024	middle	medium
1872	"Observe the following two sequences of numbers:
1, 3, 5, 7, 9, 11, 13, 15, 17, \ldots{}
1, 4, 7, 10, 13, 16, 19, 22, 25, \ldots{}
Research reveals: the 1st common number is 1, the 2nd common number is 7, \ldots\ldots If the nth common number is 103, then n equals (   )
A. 18  B. 19  C. 20  D. 21"	calculation	A	Rules for mixed operations of addition, subtraction, multiplication, and division of rational numbers###Express the pattern of numerical changes using algebraic expressions.###Exploring Patterns - Counting Patterns	Solution: The 1st identical number is 1 = 0×6+1, the 2nd identical number is 7 = 1×6+1, the 3rd identical number is 13 = 2×6+1, the 4th identical number is 19 = 3×6+1, and so on. The nth identical number is 6(n-1)+1 = 6n-5. Thus, 6n-5=103, solving gives n=18. Therefore, the answer is: A. Analysis: According to the problem, observing that the nth identical number is 6(n-1)+1 = 6n-5 helps to solve the problem.	others	middle	medium
1753	"Calculate: \(-1^{2} + (\pi - 3.14)^{0} - \left( -\frac{1}{3} \right)^{-2} + (-2)^{3}\)

(2) Calculate: \((3x - y)(x + 2y) - \left( 6x^{3} + 8x^{2}y - 2x \right) \div 2x\)"	calculation	(1) \(- 17\); (2) \(xy - 2y^{2} + 1\)	Polynomial multiplied by polynomial###Zero exponentiation###Negative integer exponentiation###Polynomial divided by a monomial	nan	2024	middle	medium
2547	"Solve the following equations (systems):
(1) \(20 - 3(x + 4) = 2(x - 1)\)
(2) \(\frac{x + 2}{4} - \frac{2x - 3}{6} = 1\)
(3) \(\left\{ \begin{array}{r}
y = 2x - 3 \\
3x + 2y = 8
\end{array} \right.\ \)
(4) \(\left\{ \begin{array}{r}
3x - 4y = 1 \\
2x + 3y = 12
\end{array} \right.\ \)"	calculation	"(1) \(x = 2\)  
(2) \(x = 0\)  
(3) \(\left\{ \begin{array}{r}
x = 2 \\
y = 1
\end{array} \right.\ \)  
(4) \(\left\{ \begin{array}{r}
x = 3 \\
y = 2
\end{array} \right.\ \)"	Solve the linear equation with parentheses.###Solving a linear equation with fractional coefficients###The substitution elimination method for solving a system of linear equations in two variables.###Elimination method to solve a system of linear equations in two variables	nan	2024	middle	medium
3354	"A certain company’s e-commerce platform sells three types of jump ropes: A, B, and C. It is known that the selling price of one B jump rope is 5 yuan more than that of one A jump rope, and the selling price of one C jump rope is three times that of one A jump rope. The number of C jump ropes you can buy with 360 yuan is three times the number of B jump ropes you can buy with 60 yuan.  
(1) What are the selling prices of each jump rope A, B, and C?  
(2) The e-commerce offers the following sales plan: A total of 80 jump ropes consisting of A, B, and C types, where the number of B jump ropes is twice the number of C jump ropes, and the combined number of A and C jump ropes does not exceed three times the number of B jump ropes. Please calculate the minimum cost for a school gym teacher to purchase 80 jump ropes according"	calculation	"(1) The prices for skipping ropes A, B, and C are 10 yuan, 15 yuan, and 30 yuan each, respectively.  
(2) According to this plan, purchasing 80 skipping ropes requires at least 1100 yuan."	The practical application of rational equations###The application of linear inequalities with one variable###The Practical Application of Linear Functions - Sales Problems	nan	2024	middle	medium
3770	"Given the equation in \(x\), \(x - \frac{4 - ax}{6} = \frac{x + 4}{3} - 1\), has a positive integer solution, then the sum of all integers \(a\) that meet this condition is: 
A. 12 B. 36 C. \(- 4\) D. \(- 12\)"	calculation	C	Solve a linear equation	nan	2024	middle	medium
2901	"Calculate:
(1) \(\frac{3}{a} + \frac{a - 15}{5a}\);
(2) \(\frac{a^{2} - 4b^{2}}{4a^{2}b} \cdot \frac{ab}{a + 2b}\)."	calculation	(1) \(\frac{1}{5}\); (2) \(\frac{a - 2b}{4a}\)	Multiplication and Division of Fractions###Addition and subtraction of fractions	nan	2024	middle	medium
2293	"Simplify and then evaluate: \(3x - 2\left( x - \frac{1}{3}y^{2} \right) + \left( \frac{1}{3}y^{2} - 2x \right)\), where \(x = -2\), \(y = \frac{2}{3}\).

(2) Given \(a^{2} + ab = 3\), \(ab + b^{2} = 1\), find the values of \(a^{2} + 2ab + b^{2}\) and \(a^{2} - b^{2}\)."	calculation	(1) \(-x + y^{2}\), \(2\frac{4}{9}\); (2) \(a^{2} + 2ab + b^{2} = 4\), \(a^{2} - b^{2} = 2\)	The Rule of Adding Parentheses and Its Application###Simplify and evaluate using addition and subtraction of polynomials.###Finding the value of an algebraic expression - holistic substitution method for finding values.	nan	2024	middle	medium
3180	"Simplify first, then find the value: \(\frac{x^{2} - 4x + 4}{x} \div \left( \frac{2}{x} - 1 \right)\), where \(x = 4\).

(2) Given \(\frac{1}{x} - \frac{1}{y} = 3\), find the value of the expression \(\frac{2x + 3xy - 2y}{x - 2xy - y}\)."	calculation	(1) \(2 - x\), \(-2\); (2) \(\frac{3}{5}\)	The value of a fraction###Addition and subtraction of fractions###Simplification and evaluation of rational expressions	nan	2022	middle	medium
2136	A circular fountain is to be built in a square, with a vertical water pipe installed at the center of the pond equipped with a spray head. The parabolic water column will reach its highest point at a horizontal distance of \(1m\) from the center of the pond, at a height of \(3m\). The point where the water column hits the ground is also \(3m\) away from the center. Therefore, the design height of the water pipe should be \ul{ }m.	calculation	\(\frac{9}{4}m\)	Real-world Application of Quadratic Functions - Fountain Problem	nan	2023	middle	medium
3860	"Xiaoming and his classmates plan to use their summer vacation to visit the Wild Duck Lake Wetland Reserve and participate in a youth social practice project to learn about the soil, water systems, and dependent flora and fauna. Xiaoming found online that the ticket price for Wild Duck Lake is 10 yuan per person for groups of fewer than 20 people, and there is a 20% discount for groups of 20 people or more.

(1) If an estimated 15-18 people are going to the wetland reserve, calculate and explain how Xiaoming can buy tickets more economically.

(2) Xiaoming currently has a budget of 400 yuan for the activity, and the round-trip fare is 4 yuan per person. What is the maximum number of people who can go?"	calculation	"(1) It is cheaper to buy tickets based on the actual number of people when there are 15 people; when there are 16 people, both ticket purchase options cost the same; when there are 17 or 18 people, it is cheaper to buy tickets as if there are 20 people.
(2) A maximum of 33 people can go."	Other Applications of Linear Equations###The application of linear inequalities with one variable	nan	2022	middle	medium
2040	"We know \((\sqrt{3} + \sqrt{2})(\sqrt{3} - \sqrt{2}) = 1\), so by multiplying both the numerator and the denominator of \(\frac{1}{\sqrt{3} + \sqrt{2}}\) by \(\sqrt{3} - \sqrt{2}\), the denominator becomes 1, and the original expression can be simplified to \(\sqrt{3} - \sqrt{2}\). Therefore, \(\frac{1}{\sqrt{3} + \sqrt{2}} = \sqrt{3} - \sqrt{2}\).

Following the above method, solve the following problems:
(1) Simplify: \(\frac{1}{\sqrt{5} + 2} =\), \(\frac{1}{\sqrt{6} - \sqrt{5}} =\);
(2) If \(x = \frac{1}{3 +"	calculation	"(1) \(\sqrt{5} - 2\), \(\sqrt{6} + \sqrt{5}\)  
(2) 31  
(3) \(\sqrt{2022} - 1\)"	Difference of squares formula and its applications.###Denominator rationalization###Mixed operations of quadratic radicals###Simplification and evaluation of square roots	nan	2023	middle	medium
2791	"Given the following set of numbers: 1, \(\frac{3}{4}\), \(\frac{5}{9}\), \(\frac{7}{16}\), \(\frac{9}{25}\), ..., if the nth number is expressed in an algebraic expression, then the nth number is (     )
A. \(\frac{2n - 1}{3n - 2}\) B. \(\frac{2n - 1}{n^{2}}\) C. \(\frac{2n + 1}{3n - 2}\) D. \(\frac{2n + 1}{n^{2}}\)"	calculation	B	Express the pattern of numerical changes using algebraic expressions.###Exploring Patterns - Patterns in Sequences	[Solution] The original sequence can be expressed as \(\frac{1}{1}, \frac{3}{2^{2}}, \frac{5}{3^{2}}, \frac{7}{4^{2}}, \frac{9}{5^{2}}, \ldots\), thus it is easy to know that the nth term is \(\frac{2n - 1}{n^{2}}\). Therefore, the answer is: \(\frac{2n - 1}{n^{2}}\). [Analysis] Analyze from the numerators and denominators of each number (the 1 of the first number can be written as \(\frac{1}{1}\)), and thus derive the pattern.	others	middle	medium
1585	Calculate: \(\left( \frac{1}{2} + \frac{1}{3} + \frac{1}{4} + \cdots + \frac{1}{60} \right) + \left( \frac{2}{3} + \frac{2}{4} + \frac{2}{5} + \cdots + \frac{2}{60} \right) + \cdots + \left( \frac{58}{59} + \frac{58}{60} \right) + \frac{59}{60}\) .	calculation	"Solution: The original expression  
\[= \frac{1}{2} + \left( \frac{1}{3} + \frac{2}{3} \right) + \left( \frac{1}{4} + \frac{2}{4} + \frac{3}{4} \right) + \cdots + \left( \frac{1}{60} + \frac{2}{60} + \cdots + \frac{59}{60} \right)①.\]  
Let the original sum be S, then  
\[ S = \frac{1}{2} + \left( \frac{2}{3} + \frac{1}{3} \right) + \left( \frac{3}{4} + \frac{2}{4} + \frac{1}{4} \right) + \left( \frac{59}{60} + \frac{58}{60} +"	Rules for mixed operations of addition, subtraction, multiplication, and division of rational numbers###Comprehensive Real Number Olympiad Problems	[Analysis] The original expression can be transformed to \(\frac{1}{2} + \left( \frac{1}{3} + \frac{2}{3} \right) + \left( \frac{1}{4} + \frac{2}{4} + \frac{3}{4} \right) + \cdots + \left( \frac{1}{60} + \frac{2}{60} + \cdots + \frac{59}{60} \right)①.\) Let the original expression be \(S\), then \(S = \frac{1}{2} + \left( \frac{2}{3} + \frac{1}{3} \right) + \left( \frac{3}{4} + \frac{2}{4} + \frac{1}{4} \right) +\) \(\left( \frac{59}{60} + \frac	others	middle	hard
3351	Simplify first and then evaluate: \(\left( \frac{3}{x - 1} - x - 1 \right) \div \frac{x - 2}{x^{2} - 2x + 1}\), where \(x\) is a non-negative integer solution of \(x - 3 < 0\).	calculation	\(- x^{2} - x + 2\), when \(x = 0\), the expression \(= 2\)	Simplification and evaluation of rational expressions###A special solution to a linear inequality with one variable	nan	2023	middle	medium
3699	"Given \(|m - 3| + (n + 1)^{2} = 0\), simplify and find the value of \(3(mn - 2m) - \frac{1}{3}(m - 3mn + 3)\). 

(2) If \(S = 7 - 7^{2} + 7^{3} - 7^{4} + 7^{5} - 7^{6} + 7^{7}\), find the value of \(S\)."	calculation	(1) \(4mn - \frac{19}{3}m - 1\), \(-32\); (2) \(S = \frac{7 + 7^{8}}{8}\)	The non-negativity of absolute value###Rules of Mixed Operations for Rational Numbers (Including Exponentiation)###Simplify and evaluate using addition and subtraction of polynomials.	nan	2023	middle	medium
1807	"We previously learned the perfect square formula \((a \pm b)^{2} = a^{2} \pm 2ab + b^{2}\). Now, having studied quadratic radicals, all non-negative numbers can be considered as the square of a number, such as \(3 = \left( \sqrt{3} \right)^{2}\) and \(5 = \left( \sqrt{5} \right)^{2}\).

Let's observe: \(\left( \sqrt{2} - 1 \right)^{2} = \left( \sqrt{2} \right)^{2} - 2 \times 1 \times \sqrt{2} + 1^{2} = 2 - 2\sqrt{2} + 1 = 3 - 2\sqrt{2}\).

Conversely, \(3 - 2\sqrt{2} = 2 - 2\sqrt{2} +"	calculation	(1) \(\sqrt{3} - 1\); (2) \(\sqrt{10} - 1\); (3) 0	Perfect Square Formula and Applications###Finding the value of an algebraic expression - holistic substitution method for finding values.###Observation and Experimentation	nan	2023	middle	medium
1984	"With the improvement of people's living standards, household cars are increasingly entering families. Xiaoming's family bought a car, and he recorded the distance traveled each day for 7 consecutive days (as shown in the table below). A distance greater than 50 km is marked as ""+"", less than 50 km as ""-"", and exactly 50 km as ""0"".

| Day       | Distance (km) |
|-----------|---------------|
| First day | -8            |
| Second day| -11           |
| Third day | -14           |
| Fourth day| 0             |
| Fifth day | -16           |
| Sixth day | +38           |
| Seventh day | +18         |

(1) On which day was the trip the longest, and how much longer was it compared to the shortest day?

(2) What was the average daily distance traveled over these seven days?

(3) If driving 100 km consumes 6 liters of gasoline and the gasoline price is"	calculation	"(1) The day with the most travel covered 54 km more than the day with the least travel.  
(2) Over these seven days, the average daily distance traveled is 51 kilometers.  
(3) The estimated gasoline cost for Xiaoming's household for one month (counted as 30 days) is 753 yuan."	Practical Applications of Mixed Operations with Rational Numbers###Practical applications of positive and negative numbers###Practical Application of Rational Number Subtraction	nan	2024	middle	medium
2234	"Calculate:

(1) \(- 1^{4} - ( - 2) - | - 2 - 3|\)

(2) \(2 \times ( - 3) + ( - 2)^{2} \times 3\)

(3) \(( - 81) \div \frac{9}{4} \times \frac{4}{9} \div ( - 16)\)

(4) \(\left( \frac{3}{4} + \frac{7}{12} - \frac{7}{6} \right) \times ( - 60)\)"	calculation	(1) \(-4\) (2) \(6\) (3) \(1\) (4) \(-10\)	The multiplication rule of rational numbers###The mixed operations of multiplication and division of rational numbers.###Rules of Mixed Operations for Rational Numbers (Including Exponentiation)	nan	2024	middle	medium
2646	"Xiaoming, who loves mathematics, went to a famous milk tea shop by West Lake, and looked at the price list.

(1) Xiaoming found that 2 cups of Watermelon Bobo and 3 cups of Energetic Fresh Orange cost 88 yuan; 3 cups of Watermelon Bobo and 5 cups of Energetic Fresh Orange cost 142 yuan. Then, the cost for purchasing 1 cup of Watermelon Bobo and 2 cups of Energetic Fresh Orange is \_\_\_\_ yuan.

(2) Xiaoming bought a total of 10 cups of three types of milk tea: Yangzhi Ganlu, Passion Fruit Pineapple, and Grape Cheese, spending a total of 187 yuan. If Yangzhi Ganlu is 18 yuan per cup, Passion Fruit Pineapple is 15 yuan per cup, and Grape Cheese is 20 yuan per cup, then he bought \_\_\_\_ cups of Grape Cheese"	calculation	54;5	Real-world Applications of Linear Equations: Sales Problem	nan	2024	middle	medium
37	"Given the real numbers \(m\), \(x_{1}\), and \(x_{2}\) satisfy: \((mx_{1} - 2)(mx_{2} - 2) = 4\).

① If \(m = \frac{1}{3}\) and \(x_{1} = 9\), then \(x_{2} =\)\ul{　 　}.

② If \(m\), \(x_{1}\), and \(x_{2}\) are positive integers, then there are \ul{　 　} ordered real number pairs \((x_{1}, x_{2})\) that satisfy the condition."	calculation	\(18\)；\(7\)	Applications of Factoring###Linear polynomial equation	"【解答】解：①将\(m = \frac{1}{3}，x_{1} = 9\)代入得\((\frac{1}{3} \times 9 - 2)(\frac{1}{3} \times x_{2} - 2) = 4\)，\\
∴\(x_{2} = 18\)，\\
故答案为：18；\\
②∵m、\(x_{1}\)、\(x_{2}\)为正整数，\\
∴\((mx_{1} - 2)\)和\((mx_{2} - 2)\)均为整数，\\
∵\(4 \times 1 = 1 \times 4 = 2 \times 2 = 4\)，\\
∴\(\left\{ \begin{array}{r}
mx_{1} - 2 = 2 \\
mx_{2} - 2 = 2
\end{array} \right.\ \)或\(\left\{ \begin{array}{r}
mx_{1} - 2 = 1 \\
mx_{2} - 2 = 4
\end{array} \right.\ \)或\(\left\{ \begin{array}{r}
mx_{1} - 2 = 4 \\
mx_{2} - 2 = 1
\end{array} \right.\ \)，\\
∴\(\left\{ \begin{array}{r}
mx_{1} = 4 \\
mx_{2} = 4
\end{array} \right.\ \)或\(\left\{ \begin{array}{r}
mx_{1} = 3 \\
mx_{2} = 6
\end{array} \right.\ \)或\(\left\{ \begin{array}{r}
mx_{1} = 6 \\
mx_{2} = 3
\end{array} \right.\ \)，\\
当\(\left\{ \begin{array}{r}
mx_{1} = 4 \\
mx_{2} = 4
\end{array} \right.\ \)时，m=1时，\(\left\{ \begin{array}{r}
x_{1} = 4 \\
x_{2} = 4
\end{array} \right.\ \)；m=2时，\(\left\{ \begin{array}{r}
x_{1} = 2 \\
x_{2} = 2
\end{array} \right.\ \)；m=4时，\(\left\{ \begin{array}{r}
x_{1} = 1 \\
x_{2} = 1
\end{array} \right.\ \)；故存在3组实数对；\\
当\(\left\{ \begin{array}{r}
mx_{1} = 3 \\
mx_{2} = 6
\end{array} \right.\ \)时，m=1时，\(\left\{ \begin{array}{r}
x_{1} = 3 \\
x_{2} = 6
\end{array} \right.\ \)；m=3时，\(\left\{ \begin{array}{r}
x_{1} = 1 \\
x_{2} = 2
\end{array} \right.\ \)；故存在2组实数对；\\
当\(\left\{ \begin{array}{r}
mx_{1} = 6 \\
mx_{2} = 3
\end{array} \right.\ \)时，m=1时，\(\left\{ \begin{array}{r}
x_{1} = 6 \\
x_{2} = 3
\end{array} \right.\ \)；m=3时，\(\left\{ \begin{array}{r}
x_{1} = 2 \\
x_{2} = 1
\end{array} \right.\ \)；故存在2组实数对；\\
∴符合条件的有序实数对\((x_{1}，x_{2})\)有7个，\\
故答案为：7\\
【分析】①将\(m = \frac{1}{3}，x_{1} = 9\)代入即可求解；\\
②先根据题意即可得到\((mx_{1} - 2)\)和\((mx_{2} - 2)\)均为整数，进而根据题意进行分类即可求解。"	2023	middle	hard
3416	"Calculate:  
(1) \(( - 24) \times \left( \frac{1}{4} - \frac{1}{2} + \frac{5}{3} \right).\)  
(2) \(- 1^{6} + ( - 2) \div \left( \frac{1}{3} \right) - | - 8|.\)"	calculation	"(1) Solution: The original expression \(= ( - 24) \times \frac{1}{4} - ( - 24) \times \frac{1}{2} + ( - 24) \times \frac{5}{3}\)\\
=\(( - 6) - ( - 12) + ( - 40)\)\\
=\(( - 6) + 12 + ( - 40)\)\\
=-34

(2) Solution: The original expression \(= - 1 + ( - 2) \times 3 - 8\)\\
=\(- 1 - 6 - 8\)\\
=-15"	Mixed operations of rational numbers with parentheses###Rules of Mixed Operations for Rational Numbers (Including Exponentiation)	"【Analysis】 (1) Simply calculate using the distributive law of multiplication; \\
(2) Solve using the rules for mixed operations with rational numbers."	others	middle	medium
1545	If \( m \) satisfies the equation \(\sqrt{3x + 5y - 2 - m}\) + \(\sqrt{2x + 3y - m}\) = \(\sqrt{x - 199 + y}\) · \(\sqrt{199 - x - y}\), determine the value of \( m \).	calculation	"Solution: From the non-negativity of the radicand in the arithmetic square root, we have:

\[
\left\{ 
\begin{array}{r}
x - 199 + y \geq 0 \\
199 - x - y \geq 0 
\end{array} 
\right. 
\]

Which implies:

\[
\left\{ 
\begin{array}{r}
x + y \geq 199 \\
199 \geq x + y 
\end{array} 
\right. 
\]

Thus, \(x + y = 199\).

Therefore, \(\sqrt{x - 199 + y} \cdot \sqrt{199 - x - y} = 0\).

Consequently, \(\sqrt{3x + 5y - 2 - m} + \sqrt{2x + 3y - m} = 0\).

From the non-negativity"	The condition for a quadratic radical to be meaningful###The sum of non-negative numbers is 0.	[Analysis] For the right side of the equation, first determine the conditions for the quadratic radical to be meaningful and obtain x+y=199. Then, it can be found that the left side equals 0, which implies the sum of two non-negative numbers equals 0. An equation for x and y can then be established and solved together with x+y=199 to determine the values of x and y, thereby finding the value of m.	others	middle	hard
2366	"\(\frac{\overset{m\ \text{2s}}{\overbrace{2 \times 2 \times \ldots \times 2}}}{\underset{n\ \text{3s}}{\underbrace{3 + 3 + \ldots + 3}}} =\) (　　)  
A. \(\frac{2m}{3^n}\) B. \(\frac{2^m}{3n}\) C. \(\frac{2m}{n^3}\) D. \(\frac{m^2}{3n}\)"	calculation	B	Concepts Related to Exponentiation	"Answer: \(\frac{\overset{m \text{ lots of } 2}{\overbrace{2 \times 2 \times \ldots \times 2}}}{\underset{n \text{ lots of } 3}{\underbrace{3 + 3 + \ldots + 3}}}\) =\(\frac{2^{m}}{3n}\).\\
Thus, the answer is: B.\\
Analysis: Correct writing follows from the definition of exponents and multiplication."	others	middle	medium
3751	First simplify, then evaluate: \(\left( 5ab^{2} - 2a^{2}b \right) -\) \(2\left( 2ab^{2} - a^{2}b \right),\) where \(a\) and \(b\) satisfy \(|a-2|+(b+1)^{2}=0\).	calculation	"Solution: \(\left( 5ab^{2} - 2a^{2}b \right) - 2\left( 2ab^{2} - a^{2}b \right)\)
\(= 5ab^{2} - 2a^{2}b - 4ab^{2} + 2a^{2}b\)
= \(ab^{2}\).

Since \(|a - 2| + (b + 1)^{2} = 0,\)
then \(a - 2 = 0, b + 1 = 0,\)
thus \(a = 2, b = -1\).
When \(a = 2, b = -1\), the original expression \(= ab^{2} = 2 \times ( - 1)^{2} = 2.\)"	Addition and subtraction of rational numbers###Non-negativity of even powers###The non-negativity of absolute value###Simplify and evaluate using mixed operations of polynomials.	[Analysis] First, remove the parentheses from the original expression and combine like terms. Then, determine the values of a and b based on the non-negativity of absolute value and perfect square, and finally, substitute the values of x and y to calculate the result.	others	middle	medium
3349	Given \(\frac{1}{x} - \frac{1}{y} = 3\), the value of the expression \(\frac{y + xy - x}{y - xy - x}\) is \ul{　 　}.	calculation	2	Common denominators of fractions###Addition and subtraction of fractions with different denominators###Simplifying and Evaluating Rational Expressions - Substitution as a Whole	"Solution: Given \(\frac{1}{x} - \frac{1}{y} = 3\),

Therefore, \(y - x = 3xy\),

Thus, \(\frac{y + xy - x}{y - xy - x} = \frac{3xy + xy}{3xy - xy} = \frac{3 + 1}{3 - 1} = 2.\)

Therefore, the answer is: 2.

Analysis: First find the relationship between \(y-x\) and \(xy\), then substitute the whole expression to find the value."	2022	middle	medium
190	Given \((b-c)^{2}=4(1-b)(c-1)\), find the value of \(b+c\).	calculation	"Solution: Given, we have
\(b^{2} - 2bc + c^{2} = 4c - 4 - 4bc + 4b\)\\
\(\therefore b^{2} + 2bc + c^{2} - 4b - 4c + 4 = 0,\)\\
thus \((b + c)^{2} - 4(b + c) + 4 = 0,\) which implies \((b + c - 2)^{2} = 0,\)\\
therefore, \(b+c=2.\)"	Factorization - Grouping Method###Application of Factorization - Simplification and Evaluation	[Analysis] First, use the rules of polynomial multiplication to remove the parentheses, then transpose and combine like terms, followed by the method of grouping and factoring, and finally use the perfect square formula to obtain \((b + c - 2)^{2} = 0.\) Based on the non-negativity of squares, you can determine the value of b+c.	others	middle	hard
279	"Solve the equations (system):

(1) \(\frac{3}{x + 1} + 1 = \frac{6}{x^{2} - 1}\)

(2) \(\left\{ \begin{array}{r}
(x - y)^{2} = 9 \\
x^{2} + y + 1 = 0
\end{array} \right.\ \)

(3) \(\sqrt{3x - 2} + \sqrt{x + 3} = 3\)

(4) \(bx^{2} - 2 = 2 - 2x^{2}\) (b is a constant)"	calculation	"(1) Solution: \(\frac{3}{x + 1} + 1 = \frac{6}{x^{2} - 1}\)  
Clearing the denominators, we get \(3(x - 1) + x^{2} - 1 = 6\),  
Simplifying, \(x^{2} + 3x - 10 = 0\),  
Solutions are \(x_{1} = 2\), \(x_{2} = -5\),  
Upon verification, \(x_{1} = 2\), \(x_{2} = -5\) are solutions to the original equation.  

(2) Solution:  
\(\left\{ \begin{array}{r}  
(x - y)^{2} = 9① \\  
x^{2} + y + 1 = 0②  
\end{array} \right.\)  

From ①, we"	Solve rational equations###Irrational equation###Solve the system of quadratic equations with two variables.	[Analysis] (1) First, eliminate the denominator, then use the cross-multiplication method to solve the quadratic equation, and finally verify; (2) Use substitution to solve the system of two quadratic equations; (3) First, transpose terms, then square both sides of the equation, finally solve the quadratic equation and verify; (4) Transpose terms and solve.	2020	middle	hard
209	"Read the following material:

Generally, if from the second term of a sequence, each term minus its previous term equals a constant, the sequence is called an arithmetic sequence, and this constant is called the common difference of the arithmetic sequence, usually denoted by \(d\). We can use the formula \(S = na + \frac{n(n - 1)}{2} \times d\) to calculate the sum of the arithmetic sequence. (In the formula, \(n\) represents the number of terms, \(a\) represents the value of the first term.)

Example:  
3 + 5 + 7 + 9 + 11 + 13 + 15 + 17 + 19 + 21 = 10×3 + \(\frac{10(10 - 1)}{2}\)×2 = 120.

Use the above knowledge to solve the following problems:  
(1) Calculate: 2 + 8 + 14"	calculation	(1) 1180; (2) By 2017, all the barren slopes in the county can be entirely planted with trees.	Factoring Method for Solving Quadratic Equations###Exploring the Patterns of Numbers and Expressions###The Practical Application of Quadratic Equations in Engineering Problems	nan	2023	middle	hard
3183	"Solve the following systems of linear equations with three variables:

(1) \(\left\{ \begin{array}{r}
y = 2x - 7, \\
5x + 3y + 2z = 2, \\
3x - 4z = 4;
\end{array} \right.\ \)

(2) \(\left\{ \begin{array}{r}
4x + 9y = 12, \\
3y - 2z = 1, \\
7x + 5z = \frac{19}{4}.
\end{array} \right.\ \)"	calculation	"(1) Solution:
\[
\left\{ 
\begin{array}{r}
y = 2x - 7 \quad① \\
5x + 3y + 2z = 2 \quad②\\
3x - 4z = 4 \quad③
\end{array} 
\right.
\]
Multiply ② by 2 and add to ③, we get \(13x + 6y = 8\) ④

Form a new system with ① and ④:
\[
\left\{ 
\begin{array}{r}
y = 2x - 7, \\
13x + 6y = 8.
\end{array} 
\right.
\]

Solving this system, we get:
\[
\left\{ 
\begin{array}{r}
x = 2, \\
y = -3.
\end{array}"	System of three linear equations and its solutions	[Analysis] (1) Multiply equation ② by 2 and add to ③ to eliminate z, obtain expressions for x and y, form a system of equations with ①, solve this system to find the values of x and y, substitute into ③ to find the value of z, thus obtaining the solution to the system of equations; (2) Subtract equation ② multiplied by 3 from ① to eliminate y, obtain expressions for x and z, form a system of equations with ③, solve this system to find the values of x and z, substitute into ② to find the value of y, thus obtaining the solution to the system of equations.	others	middle	medium
3357	Solve the equation: \(2\sqrt{3}x = \sqrt{20} + \sqrt{48}x - \sqrt{\frac{1}{5}}\).	calculation	\(x = - \frac{3\sqrt{15}}{10}\)	Mixed operations of quadratic radicals###Irrational equation	nan	2024	middle	medium
1222	Calculate: \(\sqrt{{( - 4)}^{2}} - \sqrt[3]{3^{3}} - 2019^{0} + {(\frac{1}{2})}^{- 1}\).	calculation	"Solution: The original expression \(= 4 - 3 - 1 + 2\)
\(= 2\)."	Cube root and cube extraction###Zero exponentiation###Negative integer exponentiation###Simplification and evaluation of square roots	[Analysis] Simplification can be directly achieved by using the operational properties of arithmetic square roots, cube roots, negative integer exponents, and zero exponents.	2019	middle	hard
499	"Factorize:  
(1) \(4(3x^{2} - x - 1)(x^{2} + 2x - 3) - {(4x^{2} + x - 4)}^{2}\)  
(2) \((x^{2}+3x+2)(4x^{2}+8x+3) - 90\)"	calculation	"(1) Solution: Let \(3x^{2} - x - 1 = a, x^{2} + 2x - 3 = b\), then \(\left\{ \begin{array}{r} 4x^{2} + x - 4 = a + b \\ 2x^{2} - 3x + 2 = a - b \end{array} \right.\)

The original expression \(= 4ab - {(a + b)}^{2}\)
\(= 4ab - (a^{2} + 2ab + b^{2})\)
\(= - a^{2} + 2ab - b^{2}\)
\(= - {(a - b)}^{2}\)
\(= - {(2x^{2} - 3x + 2)}^{2}\);

(2) Solution: The original expression \(= \lbrack(x + 1)(x"	Factorization - Formula Method###Factorization within the real numbers	[Analysis] (1) Observe the expression by letting \(3x^{2} - x - 1 = a\) and \(x^{2} + 2x - 3 = b\), then use the complete square formula to simplify it, and finally replace a and b with algebraic expressions involving x; (2) First use the cross-multiplication method to factor \(x^{2} + 3x + 2\) and \(4x^{2} + 8x + 3\), then apply the commutative property of multiplication to find that both expressions contain \(2x^{2} + 5x + 2\). By using the substitution method, we obtain \(t^{2} + t - 90\), which can be factorized using the cross-multiplication method. Then, replace t with x and finally use the cross-multiplication method to factorize.	2020	middle	hard
400	"Solve the equation: \(|2x + 4| + |x - 1| = 4\)

(2) Calculate: \(\frac{3}{1 \times 2} - \frac{5}{2 \times 3} + \frac{7}{3 \times 4} - \frac{9}{4 \times 5} + \cdots - \frac{4041}{2020 \times 2021} + \frac{4043}{2021 \times 2022}\)"	calculation	"(1) Solution: When \(x < -2\), the original equation can be transformed into \(-2x - 4 - x + 1 = 4\), solving gives \(x = -\frac{7}{3}\); when \(-2 < x < 1\), the original equation can be transformed into \(2x + 4 - x + 1 = 4\), solving gives \(x = -1\); when \(x > 1\), the original equation can be transformed into \(2x + 4 + x - 1 = 4\), solving gives \(x = \frac{1}{3}\), which is less than 1, thus is discarded.

(2) Solution: The original expression is \( \left( 1 + \frac{1}{2} \right) - \left( \frac{1}{2} + \frac{1}{3} \right) + \left"	Solve linear equations with absolute value signs.###Simplification and Evaluation of Rational Expressions - Decomposition and Transformation Method	"Analysis: (1) Divide into three cases: ``x < -2'', ``-2 < x < 1'', ``x > 1''. Remove the absolute value and then solve the equation;\\
(2) Split each term into the sum of two terms, remove the parentheses, and solve."	2022	middle	hard
401	"According to actual needs, the results of calculations are sometimes expressed in decimals and sometimes in fractions. When comparing fractions and decimals, conversion between them is also required. We have already learned some basic conversion methods, but there are still many important concepts we may not have mastered.

For example, how do we convert \(0.\dot{6}\) and \(0.3\dot{6}\) into fractions?

Solution 1: Since \(0.\dot{6} \times 10 = 6.\dot{6}\), then \(0.\dot{6} \times 10 - 0.\dot{6} = 6\). Also, since \(0.\dot{6} \times 10 - 0.6 = 9 \times 0.\dot{6}\), it follows that \(9 \times 0.\dot{6} = 6\), thus \(0.\dot{6} = \frac{6}{9}\"	calculation	"(1) \(0.\dot{8} = \frac{8}{9}\), \(0.15\dot{4} = \frac{139}{900}\)
(2) \(\frac{55}{56}\)
(3) 567"	Decompose into prime factors.###Common denominator	nan	2023	middle	hard
2023	"Solve the following equations:
(1) -2x + 8 = 8x - 2;
(2) 5x + 3(2 - x) = 8;
(3) \(\frac{x}{2} - \frac{5x + 11}{6} = 1 + \frac{2x - 4}{3}.\)"	calculation	"(1) Solution: Moving terms gives -2x - 8x = -2 - 8. Combining like terms gives -10x = -10. Making the coefficient 1 gives x = 1.

(2) Solution: Removing parentheses gives 5x + 6 - 3x = 8. Moving terms and combining like terms gives 2x = 2. Making the coefficient 1 gives x = 1.

(3) Solution: Removing denominators gives 3x - 5x - 11 = 6 + 4x - 8. Moving terms gives 3x - 5x - 4x = 6 - 8 + 11. Combining like terms gives -6x = 9. Making the coefficient 1 gives \(x = - \frac{3}{2}\)."	Solve a linear equation using the properties of equality.###Using combining like terms and transposing terms to solve linear equations in one variable.	[Analysis] (1) Transpose terms, combine like terms, and set the coefficient to 1 to get the answer. (2) Remove brackets, transpose terms, combine like terms, and set the coefficient to 1 to get the answer. (3) Eliminate denominators, transpose terms, combine like terms, and set the coefficient to 1 to get the answer.	others	middle	medium
453	If the fractional equation with respect to \(x\), \(\frac{3 - 2x}{x - 3} + \frac{2 + ax}{3 - x} = -1\), has no solution, then the real number \(a =\)\ul{　 　}.	calculation	\(- 1\) or \(- \frac{5}{3}\)	The concept of a fractional equation###Solve rational equations	Solution: Solve the fractional equation, \(\frac{3 - 2x}{x - 3} + \frac{2 + ax}{- (x - 3)} = - 1\), which simplifies to \(\frac{3 - 2x}{x - 3} - \frac{2 + ax}{x - 3} = - 1\). Combining gives \(\frac{1 - (2 + a)x}{x - 3} = - 1\), and clearing the denominator results in \(1 - (2 + a)x = 3 - x\), solving gives \(x = - \frac{2}{a + 1}\). When \(a=-1\), \(x\) has no real solution, and when \(x=3\), i.e., \(a = - \frac{5}{3}\), the fractional equation has no real solution. Therefore, fill in -1 or \(- \	2023	middle	hard
2347	"Solve for \(x\) in the following equations:
(1) \(3x^{2} = 27\);
(2) \((x - 3)^{3} + 8 = 0\)."	calculation	"(1) \(x = \pm 3\)  
(2) \(x = 1\)"	Using square roots to solve for the unknown###Practical applications of cube roots	nan	2024	middle	medium
1500	"For a three-digit number m, if none of the digits are zero and all digits are different, such a number is called a ""happy number."" By taking any two digits from ""happy number"" m to form two-digit numbers, a total of 6 two-digit numbers can be formed. The sum of these 6 two-digit numbers is denoted as \(F(m)\). For example, \(F(123) = 12 + 21 + 13 + 31 + 23 + 32 = 132\). Let \(G(m) = \frac{F(m)}{22}\), then \(G(135) =\)\ul{　 　}. If ""happy number"" m satisfies the condition that the hundreds digit is twice the units digit and \(G(m)\) is divisible by 7, find the maximum value of the ""happy number"" m that meets these conditions. \ul{　 　}."	calculation	9; 894	Solve the system of linear equations###Define a new operation	"Solution: According to the problem statement, F(135) = 13 + 31 + 15 + 51 + 35 + 53 = 198, so G(135) = \(\frac{198}{22}\) = 9. Assume the units digit of the ""happy number"" is a, then the hundreds digit is 2a. Let the tens digit be b, thus G(m) = \(\frac{(10 \times 2a + b) + (10b + 2a) + (10 \times 2a + a) + (10a + 2a) + (10b + a) + (10a + b)}{22} = 3a + b.\) Since 1≤2a≤9, 1≤b≤9, 1≤a≤9, and both a, b are integers, so 1≤a≤4, therefore 3≤3a"	2023	middle	hard
1803	"Calculate the following problems:
(1) \(4 - 6 + 2\);
(2) \(3 \times (-6) \div (-2)\);
(3) \(\left( \frac{1}{2} - \frac{5}{9} + \frac{7}{12} \right) \times (-36)\);
(4) \((-1)^{2} + \sqrt[3]{-8} + \sqrt{\frac{1}{9}}\)."	calculation	"(1) 0  
(2) 9  
(3) \(-19\)  
(4) \(- \frac{2}{3}\)"	The multiplication rule of rational numbers###Addition and subtraction of rational numbers###The mixed operations of multiplication and division of rational numbers.	nan	2024	middle	medium
1369	"The ""Lihai"" communication equipment market plans to use 60,000 yuan to purchase several new mobile phones directly from the manufacturer. The factory prices are 1,800 yuan per unit for model A, 600 yuan per unit for model B, and 1,200 yuan per unit for model C. If the market simultaneously purchases a total of 40 units of two different models and spends exactly 60,000 yuan, please help the market calculate how to make the purchase."	calculation	Two purchasing methods: Buy 30 units of model A phones and 10 units of model B phones; or buy 20 units of model A phones and 20 units of model C phones.	The Practical Application of Systems of Linear Equations in Two Variables - Problem of Option Selection	nan	2024	middle	hard
1397	To attract customers during the May Day holiday, a shopping mall held a cash-back event worth a thousand yuan. Customers could get a chance to win a prize after purchasing a certain amount of goods. There were three prize tickets in the draw box, marked as first prize, second prize, and third prize. The first prize awarded a 30 yuan cashback, the second prize 20 yuan, and the third prize 10 yuan. After three days, the mall conducted a statistical analysis of the event. The statistics were as follows: On May 2, the number of first prizes drawn was three times that of May 1, the number of second prizes was twice that of May 1, and the number of third prizes was four times that of May 1. On May 3, the number of first prizes drawn was the same as on May 1, the number of second prizes was four times that of May 1, and the number of third prizes was twice that of May	calculation	460	The solution of a linear equation in two variables###The concept of inequality	nan	2022	middle	hard
1411	In an opaque cloth bag, there are 10 red balls, 10 black balls, and 10 white balls, all of the same size and texture. To ensure that at least 2 balls of the same color are drawn, at least \ul{　 　} balls must be drawn. To ensure that balls of all three colors are drawn, at least \ul{　 　} balls must be drawn.	calculation	4; 21	Pigeonhole Principle	"Solution: 3+1=4 (balls); 10+10+1=21 (balls).  
Thus, the answers are: 4; 21.  

Analysis: Consider the three colors as three drawers. In the worst case scenario, after picking one ball of each color and then picking one more, at least one drawer will have two balls of the same color, totaling 4 balls picked. To ensure that all three colors are picked, in the worst case, two colors could have been picked already, so picking one more ensures all three colors are present, totaling 21 balls picked."	2023	middle	hard
1451	\(\frac{2 \times 2}{1 \times 3} + \frac{4 \times 4}{3 \times 5} + \frac{6 \times 6}{5 \times 7} + \frac{8 \times 8}{7 \times 9} + \frac{10 \times 10}{9 \times 11}\)	calculation	"\(\frac{2 \times 2}{1 \times 3} + \frac{4 \times 4}{3 \times 5} + \frac{6 \times 6}{5 \times 7} + \frac{8 \times 8}{7 \times 9} + \frac{10 \times 10}{9 \times 11}\)\(= 1 + \frac{1}{1 \times 3} + 1 + \frac{1}{3 \times 5} + 1 + \frac{1}{5 \times 7} + 1 + \frac{1}{7 \times 9} + 1 + \frac{1}{9 \times 11}\)

\(= (1 + 1 + 1 + 1 + 1) + (\frac{1}{1 \times 3} + \frac{1}{3 \times 5} +"	Four operations of fractions mixed calculation###Conversion between mixed numbers and improper fractions	[Analysis] First, separate the integer part. Add the integers and fractions separately, then decompose the fractions for summation to obtain the result.	2024	middle	hard
1601	"It is known that the system of inequalities with respect to \(x\): \(\left\{ \begin{array}{r} 5x > 3x + 2 \\ 2x \leq 8 + 2a \end{array} \right.\ \) has exactly 4 integer solutions. Then the range of values for \(a\) is (       ).
A. \(1 < a \leq 2\) B. \(a > 2\) C. \(a < 1\) D. \(1 \leq a < 2\)"	calculation	D	Parameter-related problems in systems of linear inequalities	"Solution: Solve the system of inequalities \(\left\{ \begin{array}{r} 5x > 3x + 2 \\ 2x \leq 8 + 2a \end{array} \right.\ \) to get: \(1 < x \leq 4 + a,\)

Since the system of inequalities concerning \(x\) \(\left\{ \begin{array}{r} 5x > 3x + 2 \\ 2x \leq 8 + 2a \end{array} \right.\ \) has four integer solutions, which are 2, 3, 4, 5,

Thus, \(5 \leq 4 + a < 6,\)

Solving gives: \(1 \leq a < 2,\)

Therefore, the answer is: D.

Analysis: First, find the solution set of the inequality system, and based on the given information"	2024	middle	medium
1652	"A store sold two different shirts at the same price, making a 20% profit on one and incurring a 20% loss on the other. During this transaction, the store (  )  
A. made a profit  
B. incurred a loss  
C. broke even  
D. cannot be determined"	calculation	B	The practical application of addition and subtraction of polynomials	"Solution: Let the selling price be \(a\) yuan. 

Therefore, the cost for profit is \(\frac{a}{1 + 20\%} = \frac{a}{1.2}\), and the cost for loss is \(\frac{a}{1 - 20\%} = \frac{a}{0.8}\). 

Since \(2a - \frac{a}{1.2} - \frac{a}{0.8} = - \frac{a}{12} < 0\), 

it results in a loss. 

Thus, the choice is B.

Analysis: Let the selling price be \(a\) yuan. Calculate the costs for both profit and loss scenarios, and solve using \(2a - \frac{a}{1.2} - \frac{a}{0.8} = - \frac{a}{12} < 0\)."	2024	middle	medium
1696	Given \(a = -3, b = 2\), find the value of the algebraic expression \((\frac{1}{a} + \frac{1}{b}) \div \frac{a^{2} + 2ab + b^{2}}{a + b}\).	calculation	"Solution: \((\frac{1}{a} + \frac{1}{b}) \div \frac{a^{2} + 2ab + b^{2}}{a + b} = \frac{a + b}{ab} \div \frac{(a + b)^{2}}{a + b} = \frac{a + b}{ab} \div (a + b) = \frac{1}{ab}\).

When \(a = -3, b = 2\), the original expression \(= \frac{1}{-3 \times 2} = -\frac{1}{6}\)."	Simplifying and evaluating rational expressions - direct substitution	[Analysis] First simplify according to the mixed operations of rational expressions, then substitute the values to solve.	others	middle	medium
1806	"Calculate:

(1) \(2.16 \times 10^{7} \div \left( 9 \times 10^{4} \right).\)

(2) \(- 2^{4} \div \frac{4}{9} \times \left( - \frac{3}{2} \right)^{2}.\)

(3) \(- 5^{2} - \left[ - 4 + \left( 1 - 0.2 \times \frac{1}{5} \right) \div ( - 2) \right].\)"	calculation	"(1) Solution: Original expression = (2.16÷9)×(10\textsuperscript{7}÷10\textsuperscript{4})  
= 2.4×10\textsuperscript{2}

(2) Solution: Original expression \(= -16 \times \frac{9}{4} \times \frac{9}{4}\)  
= -81

(3) Solution: Original expression \(= -25 - \left\lbrack -4 + \left( 1 - \frac{1}{25} \right) \div ( -2) \right\rbrack\)  
\(= -25 - \left\lbrack -4 + \frac{24}{25} \times \left( - \frac{1}{2} \right) \right\rbrack\)  
\(= -25 + 4\frac{12}{25}\)  
\("	Rules of Mixed Operations for Rational Numbers (Including Exponentiation)###Multiplication of numbers expressed in scientific notation	nan	others	middle	medium
3529	"Regarding the system of equations \(\left\{ \begin{array}{r} 3x + 2y = 12 \\ ax - by = 1 \end{array} \right.\ \) and \(\left\{ \begin{array}{r} y = 2x - 1 \\ bx + ay = 21 \end{array} \right.\ \) having the same solution:
(1) Find this common solution.
(2) Find the square root of \(a - b\)."	calculation	"(1) \(\left\{ \begin{array}{r} x = 2 \\ y = 3 \end{array} \right.\ \)
(2) \(\pm \sqrt{2}\)"	Elimination method to solve a system of linear equations in two variables###Square root (finding the square root)###The problem of common solutions for systems of linear equations in two variables	nan	2024	middle	medium
1866	"Calculate:
(1) \(56^\circ 18' + 61^\circ 35'\);
(2) \(19^\circ 26' - 7^\circ 33'\);
(3) \(78^\circ 14' + 25^\circ 46'\);
(4) \(108^\circ 11'5'' - 22^\circ 38'26''\)."	calculation	"(1) Solution: \(56{^\circ}18^{'} + 61{^\circ}35^{'}\) \(= 117{^\circ}53^{'}\);

(2) Solution: \(19{^\circ}26^{'} - 7{^\circ}33{'}\) \(= 18{^\circ}86^{'} - 7{^\circ}33{'}\) \(= 11{^\circ}53^{'}\);

(3) Solution: \(78{^\circ}14^{'} + 25{^\circ}46^{'}\) \(= 103{^\circ}60^{'}\) \(= 104{^\circ}\);

(4) Solution: \(108{^\circ}11^{'}5^{''} - 22{^\circ}38^{'}26^{''}\) \(= 107{^\circ}70^{'}65^{''} - 22"	Mixed operations of the four arithmetic operations on angles	nan	others	middle	medium
1910	"In the ancient Chinese text ""Sunzi Suan Jing,"" there is a recorded problem of ""multiple people sharing cars,"" with the original text as follows: Now there are three people sharing a car, and there are two empty cars; when two people share a car, nine people walk. How many people and cars are there? The main idea is: If 3 people ride in one car, there are 2 empty cars; if 2 people ride in one car, 9 people have to walk. Find the number of people and cars. Person A and Person B choose different methods:

Person A: Let the number of cars be x, and set up an equation \underline{　 　}.

Person B: Let the number of people be y, and set up an equation \underline{　 　}."	calculation	\(3(x - 2) = 2x + 9\); \(\frac{y}{3} + 2 = \frac{y - 9}{2}\)	Practical Applications of Linear Equations - Ancient Mathematical Problems	"Solution: Let there be x cars, then the equation is: 3(x-2) = 2x + 9.  
Let the number of people be y, then the equation is: \(\frac{y}{3} + 2 = \frac{y - 9}{2}\).  
Therefore, the answer is: 3(x-2) = 2x + 9, \(\frac{y}{3} + 2 = \frac{y - 9}{2}\).

[Analysis] Assuming there are x cars, and 3 people ride in one car, leaving 2 cars empty. Thus, there are (x-2) cars fully occupied, with 3(x-2) people. If 2 people ride in one car, 9 people walk. Hence, there are (2x+9) people. Since the numbers are equal, the equation is: 3(x-2)=2x+9"	others	middle	medium
2192	"Calculate:
(1) \(\frac{10a^{3}bc}{- 5a^{2}b^{3}c^{2}}\);
(2) \(\frac{a^{3} - 4ab^{2}}{a^{2} - 4ab + 4b^{2}}\);
(3) \(\frac{- 3ab}{x} \cdot \frac{2x^{2}}{9a^{2}b}\);
(4) \(\frac{x^{2} - 9}{x^{2} - 6x + 9}\);
(5) \(\frac{9ab^{2}}{a^{2} - b^{2}} \cdot \frac{5a - 5b}{3a^{2}b}\);
(6) \(\frac{x^{2} - y^{2}}{4x^{2} + 12xy} \div \frac"	calculation	"(1) Solution: \(\frac{10a^{3}bc}{- 5a^{2}b^{3}c^{2}}\)=\(- \frac{2a}{b^{2}c}\).

(2) Solution: \(\frac{a^{3} - 4ab^{2}}{a^{2} - 4ab + 4b^{2}}\)
=\(\frac{a(a + 2b)(a - 2b)}{{(a - 2b)}^{2}}\)
=\(\frac{a(a + 2b)}{a - 2b}\)
=\(\frac{a^{2} + 2ab}{a - 2b}\).

(3) Solution: \(\frac{- 3ab}{x} \cdot \frac{2x^{2}}{9a^{2}b}\)
=\(\frac{- 1}{1} \cdot \"	The concept of common factors###Factorization - Formula Method###Multiplication and Division of Fractions###Simplify fractions	"[Analysis]
(1) Simplify by directly canceling the common factor or common divisor in the numerator and denominator of the fraction;

(2) First factor the numerator and denominator, then simplify by canceling common factors;

(3) To multiply two fractions, first simplify by canceling in the numerator and denominator, then multiply;

(4) First factor the numerator and denominator, then simplify by canceling common factors;

(5) To multiply two fractions, first factor the numerators and denominators respectively, then simplify by canceling common factors;

(6) To divide two fractions, first change division to multiplication, then factor the numerators and denominators, and simplify by canceling common factors;

(7) To divide two fractions, first change division to multiplication, then factor numerators and denominators, and simplify by canceling common factors;

(8) To multiply two fractions, first factor numerators and denominators respectively, then simplify by canceling common factors.

(1)"	2022	middle	medium
3010	"Solve the equation or proportion.
(1) \(x + 2x = 6\);
(2) \(2:\frac{3}{7} = \frac{21}{5}:x\)."	calculation	"(1) Solution: \(3x = 6\)  
\(x = 2\).

(2) Solution: \(2x = \frac{3}{7} \times \frac{21}{5}\)  
\(2x = \frac{9}{5}\)  
\(x = \frac{9}{10}\)."	Solve a linear equation###Solve the proportion	[Analysis] (1) First combine like terms, and finally make the coefficient of the unknown equal to 1. (2) According to the property of proportions, obtain: \(2x = \frac{3}{7} \times \frac{21}{5}\), then solve the equation \(2x = \frac{9}{5}\). (1) Solution: \(x + 2x = 6\) \(3x = 6\) \(x = 2\); (2) Solution: \(2:\frac{3}{7} = \frac{21}{5}:x\) \(2x = \frac{3}{7} \times \frac{21}{5} = \frac{9}{5}\) \(x = \frac{9}{10}\).	2024	middle	medium
3407	It is known that the two square roots of the real number x are 2a+1 and 3-4a, and the cube root of the real number y is -a. Then the value of \(\sqrt{x + 2y}\) is \ul{　 　}.	calculation	3	Properties of the Square Root###The concept and representation of cube roots	"Solution: Given that \(2a+1\) and \(3-4a\) are the two square roots of real number \(x\),

So, \(2a+1+3-4a=0\), solving gives \(a=2\).

Thus, \(x = (2 \times 2 + 1)^{2} = 25\).

Since \(-a\) is the cube root of real number \(y\),

Then, \(y = ( - a)^{3} = ( - 2)^{3} = - 8\).

Therefore, \(\sqrt{x + 2y} = \sqrt{25 + 2 \times ( - 8)} = \sqrt{25 - 16} = \sqrt{9} = 3\).

Hence, the answer is: 3.

Analysis: By the properties of square roots, an equation \(2a+1+3-4a=0"	others	middle	medium
2645	"The number whose opposite is equal to itself is \ul{　 　}.
(2) The number whose reciprocal is equal to itself is \ul{　 　}.
(3) The number whose square root is equal to itself is \ul{　 　}.
(4) The number whose arithmetic square root is equal to itself is \ul{　 　}.
(5) The number whose cubic root is equal to itself is \ul{　 　}."	calculation	"(1) 0  
(2) ±1  
(3) 0  
(4) 0 and 1  
(5) ±1 and 0"	The reciprocal of a rational number###The properties of the arithmetic square root (double non-negativity)###Determine whether two numbers are opposites.###Properties of the Square Root###Using cube roots to find unknowns	"Solution:  
(1) The number whose opposite is equal to itself is 0,  
so the answer is: 0;  
(2) The number whose reciprocal is equal to itself is ±1,  
so the answer is: ±1;  
(3) The number whose square root is equal to itself is 0,  
so the answer is: 0;  
(4) The numbers whose arithmetic square root is equal to themselves are 0 and 1,  
so the answer is: 0 and 1;  
(5) The numbers whose cube root is equal to themselves are ±1 and 0,  
so the answer is: ±1 and 0.  

Analysis:  
(1) Solvable by the definition of opposite number;  
(2) Solvable by the definition of reciprocal;  
(3) Solvable by the definition of square root;  
(4) Solvable by the definition of arithmetic square"	others	middle	medium
2721	"Factor:
(1) \(3x^{2} - 3xy + 6xz\).
(2) \(6x^{4} + 4x^{3} + 2x^{2}\).
(3) \((a + b) + (a + b)^{2}\).
(4) \(x(x - y) + y(y - x)\)."	calculation	"(1) Solution: The original expression = 3x \((x - y + 2z),\)

(2) Solution: The original expression = \(2x^{2}\left( 3x^{2} + 2x + 1 \right).\)

(3) Solution: The original expression = (a+b)(a+b+1).

(4) Solution: The original expression = \(x(x - y) - y(x - y) = (x - y)^{2}\)."	Factorization - Common Factor Method	[Analysis] Use the factoring out the common factor rule to decompose. Specifically, for question (4), you need to add a negative sign to find the common factor.	others	middle	medium
2723	"Solve the equation and system of inequalities:  
(1) \(\frac{3}{x - 1} = \frac{4}{x}\);  
(2) \(\left\{ \begin{array}{r} 3x + 2 > 2x - 3 \\ \frac{x - 1}{3} \leqslant 5 - \frac{4}{3}x \end{array} \right.\ \)"	calculation	"(1) Solution: Clear the denominator: \(3x = 4(x - 1)\), solving gives \(x = 4\). Verification: When \(x = 4\), \(x(x - 1) \neq 0\), thus \(x = 4\) is the solution to the original rational equation.

(2) Solution: 
\(\left\{ \begin{array}{r}
3x + 2 > 2x - 3(1) \\
\frac{x - 1}{3} \leqslant 5 - \frac{4}{3}x(2)
\end{array} \right.\ \)

Solve inequality (1), \(x > -5\),
Solve inequality (2), \(x \leqslant \frac{16}{5}\),
Therefore, the solution set of the system of inequalities is \(-5 < x \leqslant \frac{16"	Solve a system of linear inequalities in one variable.###Method of Clearing Fractions to Solve Fractional Equations	[Analysis] (1) According to the problem's requirements, eliminate denominators and then brackets, subsequently rearrange terms and combine like terms, and finally verify to find the solution; (2) According to the problem's requirements, solve inequalities (1) and (2), which will then yield the solution set for the system of inequalities.	others	middle	medium
3063	A certain pool has an inlet pipe A and an outlet pipe B. It is known that when pipe A is open alone, it takes 6 hours to fill the pool, and when pipe B is open alone, it takes 9 hours to drain the entire pool. When both pipe A and pipe B are open simultaneously, it takes \underline{ } hours for the pool to reach \(\frac{1}{3}\) of its full capacity.	calculation	6	The Practical Application of Linear Equations - Engineering Problems	nan	2024	middle	medium
2972	"The following numbers: \(\frac{22}{7}\), -3.17, 0, -0.4, 0.7, among them, the number of positive rational numbers is (     )
A. 2 B. 3 C. 4 D. 5"	calculation	A	The concept and classification of positive and negative numbers	"Answer: The positive rational numbers are \(\frac{22}{7}\) and 0.7.\\
Therefore, the answer is: A\\
Analysis: Definition of positive rational numbers: rational numbers that are greater than 0, including positive integers and positive fractions. Just judge based on the definition."	others	middle	medium
3002	"Calculate: \(0.25 \times \left( \frac{1}{2} \right)^{-2} + (3.14 - \pi)^{0} - 2\sin 60^{\circ}\);

(2) Solve the equation: \(2(x - 3)^{2} = x^{2} - 9\)."	calculation	(1) \(2 - \sqrt{3}\) (2) \(x_{1} = 3\), \(x_{2} = 9\)	Factoring Method for Solving Quadratic Equations###Operations of integer exponents###Mixed operations of trigonometric functions of special angles	nan	2024	middle	medium
3064	A small ball falls on a point \( P_0 \) on the number line. The first time, it jumps 1 unit to the left to point \( P_1 \), the second time it jumps 2 units to the right to point \( P_2 \), the third time it jumps 3 units to the left to point \( P_3 \), the fourth time it jumps 4 units to the right to point \( P_4 \), and so on. After 100 jumps following this pattern, it lands on a point \( P_{100} \) on the number line, which represents the number 2024. The number represented by the initial position point \( P_0 \) is \uline{\hspace{2em}}.	calculation	1974	Representation of rational numbers on the number line###Number line jump model (dynamic pattern model)	"Solution:

Let the initial position point \(P_{0}\) represent the number \(a\).

Since a small ball falls on a certain point \(P_{0}\) on the number line, the first time it jumps 1 unit to the left to \(P_{1}\), the second time it jumps 2 units to the right to \(P_{2}\), the third time it jumps 3 units to the left to \(P_{3}\), and the fourth time it jumps 4 units to the right to \(P_{4}\), and so on...

Thus, every two jumps, the ball effectively jumps 1 unit to the right.

Given that after 100 jumps, it lands on the point \(P_{100}\) which represents the number 2024.

From the problem, we know \(a + 50 = 2024\),

Solving this, we find \(a = 1974\).

Therefore, the number represented by the initial position"	others	middle	medium
3072	"Read the following materials:
From elementary school, we know that fractions can be divided into ""proper fractions"" and ""improper fractions"", and all improper fractions can be converted to mixed numbers. For example, \(\frac{8}{3} = \frac{6 + 2}{3} = 2 + \frac{2}{3} = 2\frac{2}{3}\).

We define that in algebraic fractions with only one variable, when the degree of the numerator is greater than or equal to the degree of the denominator, it is called an ""improper rational function""; when the degree of the numerator is less than the degree of the denominator, it is called a ""proper rational function.""

For example, \(\frac{x - 1}{x + 1}\), \(\frac{x + 1}{x - 2}\), \(\frac{x^{2}}{x + 2}\), \(\frac{x^{2}}{x"	calculation	"(1) True  
(2) \(2 - \frac{2}{x + 3}\), the value of \(x\) is \(0\), \(-2\), \(2\), or \(-4\);  
(3) The minimum value is \(8\)"	The concept of fractional expressions###The value of a fraction	nan	2023	middle	medium
3129	First simplify the algebraic expression \((\frac{a}{a + 2} + \frac{2}{a - 2}) \div \frac{1}{a^{2} - 4}\), then choose an appropriate value for \(a\) and substitute it to evaluate.	calculation	"Solution: The original expression \( = (\frac{a}{a + 2} + \frac{2}{a - 2})(a + 2)(a - 2) \)  
= \( a(a-2) + 2(a+2) \)  
= \( a^2 + 4 \)  
By setting \( a = 1 \), the original expression equals 5."	The conditions under which a fraction is meaningless.###Simplification and Evaluation of Rational Expressions - Substitution Method	[Analysis] First simplify using the mixed operations of fractions, then substitute based on the conditions for the fractions to be meaningful to solve.	others	middle	medium
3761	"Use a calculator to compute:
(1) 357 + (-154) + 26 + (-212);
(2) -5.13 + 4.62 + (-8.47) - (-2.3);
(3) 26 × (-41) + (-35) × (-17);
(4) 1.252 ÷ (-44) - (-356) ÷ (-0.196) (keep the result to three decimal places)."	calculation	"(1) Solution: The original expression = 357 - 154 + 26 - 212 = 17;
(2) Solution: The original expression = -5.13 + 4.62 - 8.47 + 2.3 = -6.68;
(3) Solution: The original expression = -26 × 41 + 35 × 17 = -1066 + 595 = -471;
(4) Solution: The original expression = -0.028 - 1816.327 = -1816.355."	Rules for mixed operations of addition, subtraction, multiplication, and division of rational numbers###Addition and subtraction of rational numbers###Calculator - Mixed Operations of Rational Numbers	"Analysis:

(1) First, use the rule of removing brackets to write the expression in a form that omits plus signs and brackets, then use a calculator to sequentially calculate the addition and subtraction of rational numbers.

(2) First, use the rule of removing brackets to write the expression in a form that omits plus signs and brackets, then use a calculator to sequentially calculate the addition and subtraction of rational numbers.

(3) First, calculate the multiplication; determine the sign of the product according to the rule of multiplication of rational numbers, then use a calculator for multiplication, and finally use a calculator for subtraction.

(4) First, calculate the division; determine the sign of the quotient according to the rule of division of rational numbers, then use a calculator for division, and finally use a calculator for subtraction."	others	middle	medium
4393	"Simplify the following numbers:
(1) \(+ (-5)\);
(2) \(- (-12)\);
(3) \(- \left( + \frac{1}{2} \right)\);
(4) \(- \left[ + \left( - \frac{2}{5} \right) \right]\)."	calculation	"(1) \(- 5\)  
(2) 12  
(3) \(- \frac{1}{2}\)  
(4) \(\frac{2}{5}\)"	Simplify multiple sign rational numbers.	nan	2024	middle	easy
5001	Calculate: \(2(\overrightarrow{a} - 2\overrightarrow{b}) - 3(\overrightarrow{a} + \overrightarrow{b}) =\)\ul{　 　}	calculation	\(- \overset{\rightarrow}{a} - 7\overset{\rightarrow}{b}\)	Linear operations of vectors	nan	2024	middle	easy
5016	"In 2021, the country implemented a national COVID-19 vaccine inoculation plan. To investigate the awareness of urban and rural residents regarding issues related to COVID-19 vaccination (scored out of 100), questionnaires from 25 residents each from two communities, A and B, were randomly selected. The summarized data is as follows:

Community A: 95, 85, 98, 86, 77, 87, 96, 88, 91, 89, 89, 91, 90, 79, 91, 91, 80, 91, 92, 80, 93, 95, 97, 98, 86

Community B: 90, 95, 69, 79, 98, 86, 89, 89, 96, 90, 92, 90, 79, 90, 90, 91, 87,"	calculation	"(1) 3, 10  
(2) \(c = 91, d = 90\)  
(3) Residents in Community A have a good understanding of issues related to COVID-19 vaccination. Reason: The median understanding level of residents in Community A regarding COVID-19 vaccination issues is relatively high."	Frequency (rate) distribution table###Median###Mode	nan	2024	middle	easy
5447	"The ancient Chinese mathematical book ""Siyuan Yujian"" records the ""Two Fruits Pricing"" problem: ""With 999 wen of money, buy 1,000 sweet and bitter fruits. Nine sweet fruits cost eleven wen, and seven bitter fruits cost four wen. How many sweet and bitter fruits are bought? Also, how much does each cost?"" The gist is: With 999 wen, a total of 1,000 sweet and bitter fruits are bought. Knowing that nine sweet fruits cost eleven wen and seven bitter fruits cost four wen, how many sweet and bitter fruits are bought? How many wen are needed to buy sweet and bitter fruits separately? Let \(x\) represent the number of sweet fruits bought and \(y\) the number of bitter fruits bought. Among the following systems of linear equations in two variables, which fits the meaning of the problem? 
A. \(\left\{ \begin{array}{r}
x + y = 1000 \\"	calculation	C	Application of Simultaneous Linear Equations with Two Variables - Ancient Mathematical Problems	nan	2024	middle	easy
