index	question	category	answer	knowledge	analysis	year	grade_level	difficulty_level
2498	"The following propositions: ① A convex polygon can have at most three acute angles; ② A decagon has \(40\) diagonals; ③ Numbers with a square root are all irrational numbers; ④ In congruent triangles, the corresponding medians are equal. Among them, the true proposition is (    )
A. ① B. ② C. ③ D. ④"	multiple_answer_choice	A, D	Congruence of Triangles and Their Properties###Diagonals of a polygon###The concept of irrational numbers###True Proposition and False Proposition	"[Answer] Solution: From the problem statement, we can obtain that: 

The sum of the exterior angles of a polygon is \(360{^\circ}\), indicating that a convex polygon can have at most three acute angles among its interior angles, so statement ① is correct. According to the diagonal formula \(\frac{n(n - 3)}{2}\), a decagon has \(35\) diagonals, so statement ② is incorrect. Numbers that cannot be expressed as finite decimals are irrational numbers, so statement ③ is incorrect. Corresponding medians of congruent triangles are equal, so statement ④ is correct. 

Therefore, the answer is: AD

[Analysis] Determine the answer using the sum of exterior angles for statement ①, the calculation formula for the number of polygon diagonals for statement ②, the definition of irrational numbers for statement ③, and the properties of congruent triangles for statement ④."	2022	middle	medium
2920	"According to the basic properties of fractions, the fraction \(\frac{- a}{a - b}\) can be transformed into (       )
A. \(- \frac{a}{a - b}\) B. \(\frac{a}{a + b}\) C. \(\frac{a}{- a - b}\) D. \(\frac{a}{b - a}\)"	multiple_answer_choice	A, D	The basic properties of fractions	"Solution: The original expression = \(- \frac{a}{a - b} = \frac{a}{b - a}\), thus the answer is: AD.  
Analysis: Simply evaluate each term based on the basic properties of fractions."	2021	middle	medium
2432	"The pair of numbers that are opposites in the following groups is (     )
A. -2 and \(- \frac{1}{2}\) B. -2 and \(\sqrt[3]{- 8}\) C. -2 and \(\sqrt{( - 2)^{2}}\) D. \(|-2|\) and \(\sqrt{4}\)"	multiple_answer_choice	C	Determine whether two numbers are opposites.	nan	others	middle	medium
2378	"If the values of the expressions -2a + 1 and a - 2 are equal, then the value of a is (    )
A. 1 B. 2 C. -1 D. -2"	multiple_answer_choice	A	Solve a linear equation using the properties of equality.	"Solution: Since the values of the expressions -2a+1 and a-2 are equal, 
-2a+1 = a-2,
solving gives: a = 1.
Therefore, the answer is: A.
Analysis: From the equality of values -2a+1 and a-2, we obtain the equation -2a+1 = a-2 and solve for the solution."	others	middle	medium
3088	"Given that point \(P(m,n)\) is on the line \(y = -2x - 5\) and \(3n - 2m \geq 0\), the inequality that must always hold is:

A. \(\frac{m}{n} \leq \frac{3}{2}\)  B. \(\frac{n}{m} \leq \frac{2}{3}\)  C. \(\frac{m}{n} \geq \frac{3}{2}\)  D. \(\frac{n}{m} \geq \frac{2}{3}\)"	multiple_answer_choice	B	The concept of a linear function###Properties of Inequalities	nan	2023	middle	medium
2376	"If points \(A\left( 2,y_{1} \right)\), \(B\left( -1,y_{2} \right)\), and \(C(3,1)\) all lie on the graph of the linear function \(y = kx + 10\), then the relationship between \(y_{1}\) and \(y_{2}\) is:  
A. \(y_{1} > y_{2}\)  
B. \(y_{1} = y_{2}\)  
C. \(y_{1} < y_{2}\)  
D. Cannot be determined"	multiple_answer_choice	C	Compare the values of linear functions.	nan	2023	middle	medium
2495	"Define the operation \(a \otimes b = (a - 1)b\). Below are four conclusions about this operation given by the ""I Love Mathematics"" study group, among which the correct one is (     )  
A. \(( - 2) \otimes 2 = - 6\)  
B. If \(a \otimes b = 0\), then \(a = 1\) or \(b = 0\)  
C. \(a \otimes b = b \otimes a\)  
D. \(a \otimes (b + c) = a \otimes b + a \otimes c\)"	multiple_answer_choice	A, B, D	Define a new operation	"Solution: 

A. According to the problem, \((-2) \otimes 2 = (-2 - 1) \times 2 = -6\), so this option meets the conditions.

B. Since \(a \otimes b = (a - 1)b\) and \(a \otimes b = 0\), it follows that \((a - 1)b = 0\). Thus, \(a = 1\) or \(b = 0\), so this option meets the conditions.

C. From the problem, \(a \otimes b = (a - 1)b\) and \(b \otimes a = (b - 1)a\), implying \((a - 1)b \neq (b - 1)a\), therefore \(a \otimes b \neq b \otimes a\), so this option does not meet the conditions.

D. Since \(a \otimes ("	2022	middle	medium
5600	"The following sets of numbers are Pythagorean triples (   )
A. 13, 14, 15 B. 3, 4, 5
C. 0.3, 0.4, 0.5 D. 6, 8, 11"	multiple_answer_choice	B	Pythagorean triple	nan	2024	middle	easy
2433	"The equation among the following where the solution is x=2 is (   )
A. x - 1 = 3 B. 2x = 1 C. 3x - 1 = 2x + 1 D. 2(x - 4) = 1"	multiple_answer_choice	C	Determine whether it is a solution of a linear equation in one variable.	nan	others	middle	medium
2434	"Given that \(kx^{5 - 2K} + 5 = 3k\) is a linear equation in terms of \(x\), then \(k =\) (   )
A. -1 B. 0 C. 1 D. 2"	multiple_answer_choice	D	The concept of a linear equation in one variable	Solution: Since \( kx^{5-2k} + 5 = 3k \) is a linear equation in one variable with respect to \( x \), it follows that \( k \neq 0 \) and \( 5 - 2k = 1 \). Solving gives \( k = 2 \). Therefore, the answer is: D. Analysis: According to the definition of a linear equation in one variable, an equation that contains only one unknown (variable) and the exponent of the unknown is 1 is called a linear equation in one variable, leading to this conclusion.	others	middle	medium
2681	"Rotate a regular n-sided polygon by 90° or 120°, and it can coincide with itself, then n can be (    )
A. 90 B. 120 C. 2022 D. 2023"	multiple_answer_choice	B	The nature of rotation###Rotationally symmetric figure	nan	2023	middle	medium
2923	"For the equation about \emph{x}, \(2x - 5 + a = bx + 1\) (\emph{a} and \emph{b} are constants), the following statements are correct:  
A. When \(b \neq 2\), the equation has a unique solution.  
B. When \(a \neq 6\), \(b = 2\), the equation has infinitely many solutions.  
C. When \(a = 6\), \(b = 2\), the equation has infinitely many solutions.  
D. When \(a \neq 6\), \(b = 2\), the equation has no solutions."	multiple_answer_choice	A, C, D	The solution of a linear equation in one variable###Solve a linear equation	"[Solution] Explanation: From the equation in terms of x, 2x−5＋a＝bx＋1 (where a and b are constants), we derive: (2−b)x＝6−a.  
When 2−b≠0, the equation has a unique solution.  
That is, when b≠2, the equation has a unique solution.  
∴ A is correct;  
When 2−b＝0 and 6−a≠0, the equation has no solution.  
That is, when a≠6 and b＝2, the equation has no solution.  
∴ B is incorrect, D is correct;  
When 2−b＝0 and 6−a＝0, the equation has infinitely many solutions.  
That is, when a＝6 and b＝2, the equation has infinitely many solutions.  
∴ C is correct;  
In conclusion: The correct options are A,"	2024	middle	medium
3438	"If \( a \) and \( b \) are rational numbers, \( a < 0 \), \( b > 0 \), and \( |a| > |b| \), then the order of \( a \), \( b \), \(-a\), and \(-b\) is (　　)
A. \(-b < a < b < -a\) B. \(-b < b < a < -a\) C. \(a < -a < -b < b\) D. \(a < -b < b < -a\)"	multiple_answer_choice	D	Comparison of Rational Numbers - Direct Comparison Method###Comparison of Rational Numbers - Absolute Value Comparison Method	"Answer: Given that a<0 and b>0, therefore -a>0 and -b<0. Additionally, since |a|>|b|, it follows that -a>b>-b>a. Thus, the answer is: D. 

Analysis: First determine the signs of a, b, -a, and -b. Based on the fact that positive numbers are greater than 0 and negative numbers are less than 0, you can compare the magnitude relationships of a, b, -a, and -b."	others	middle	medium
