index	question	category	A	B	C	D	answer	knowledge	analysis	year	grade_level	difficulty_level
609	The correct statement is (      )  	single_answer_choice	\(ab\) has no coefficient  	\(\frac{x + 1}{3}\) is a monomial  	\(-xy^{2}\) is a monomial  	\(\frac{1}{3}\) is not a monomial	C	The concept of a monomial###The concept of polynomial###The degree and coefficient of a monomial.	nan	2024	middle	easy
684	The numerator of a fraction is increased to 3 times its original value, and the denominator is reduced to \(\frac{1}{3}\) of its original value. Then the value of the fraction (     )	single_answer_choice	Increases to 9 times the original	Increases to 6 times the original	Decreases to \(\frac{1}{6}\) of the original	Remains unchanged	A	The Fundamental Properties of Fractions	nan	2024	middle	easy
2318	The event among the following options that is a certain event is:  	single_answer_choice	If \(a\) is a real number, then \(|a - 2| \geq 0\)  	Tossing a coin, heads up  	The sum of two numbers is positive  	Drawing a black ball from a bag containing only white balls	A	Classification of Events	nan	2024	middle	medium
1378	On the clock face from 3 o'clock to 4 o'clock, the times when the hour and minute hands form a \(60{^\circ}\) angle are:  	single_answer_choice	3:30 and 3\(\frac{80}{11}\)  	3\(\frac{60}{11}\) and 3\(\frac{280}{11}\)  	3\(\frac{80}{11}\) and 3\(\frac{240}{11}\)  	3\(\frac{60}{11}\) and 3\(\frac{300}{11}\)	D	Clock angle, azimuth angle	"[Answer] Solution: The clock face is divided into 12 large intervals, so each large interval is 30°. Each large interval is divided into 5 smaller intervals. Therefore, the hour hand moves one large interval per hour, which is 60°, and 0.5° per minute. The minute hand completes one full rotation per hour and moves one small interval per minute, which is 6°. There are two situations for the hour and minute hands to form an angle:

① Before the minute hand overlaps with the hour hand: Assume it is 3:x o'clock, and the angle between the hour and minute hands is 60°. According to the problem, 90 + 0.5x - 6x = 60°, solving gives: x = \(\frac{60}{11}\);

② After the minute hand overlaps with the hour hand: Assume it is 3:y o'clock, and the angle between the hour and minute hands is 60°. According"	2023	middle	hard
1663	"To illustrate that the proposition ""If a < b, then a² < b²"" is a false statement, a suitable counterexample is:"	single_answer_choice	a = -1, b = 	a = -1, b = 2  	a = -1, b = -2  	a = -2, b = -1  	C	Provide a counterexample to determine the truth of a proposition.	Solution: If \(a < b\), then the value of option B does not match. For options A and D, both have \(a^2 < b^2\), which cannot indicate a false proposition. Option C has \(a^2 > b^2\), which can indicate a false proposition. Therefore, the answer is: C. Analysis: The counterexample for proving a false proposition satisfies the condition but does not match the conclusion.	2024	middle	medium
1761	The correct conclusion from the following is (　　)	single_answer_choice	The coefficient of the monomial \(\frac{5}{2}\pi x^{2}\) is \(\frac{5}{2}\).	The expression \(a^{2} + b^{2}\) represents the square of the sum of \(a\) and \(b\).	It is appropriate to use a census method for security checks on high-speed rail passengers.	"The mathematical reasoning for shortening the route by straightening a curved road is ""there is exactly one straight line passing through two points."""	C	The shortest distance between two points is a line segment.###Comprehensive survey and sampling survey###The degree and coefficient of a monomial.###The practical significance of algebraic expressions	nan	2024	middle	medium
2852	Given \(\triangle ABC\) with sides \(a\), \(b\), and \(c\), which of the following cannot determine if \(\triangle ABC\) is a right triangle?  	single_answer_choice	\(b^{2} = a^{2} - c^{2}\)   	\(\angle A = \angle B + \angle C\)  	\(a:b:c = 3:4:5\)  	\(\angle A:\angle B:\angle C = 3:4:5\)	D	Triangle Angle Sum Theorem###The converse of the Pythagorean theorem###Determination of Right Triangles	"[Solution] We have: \(\because b^{2} = a^{2} - c^{2}\),
\(\therefore b^{2} + c^{2} = a^{2}\),
\(\therefore \triangle ABC\) is a right triangle, so A is not consistent with the problem's meaning;
\(\because\angle A = \angle B + \angle C\), \(\angle A + \angle B + \angle C = 180{^\circ}\),
\(\therefore 2\angle A = 180{^\circ}\),
\(\therefore\angle A = 90{^\circ}\),
\(\therefore \triangle ABC\) is a right triangle, so B is not consistent with the problem's meaning;
\(\because\) \(a:b:c = 3:4:5\),
\(\therefore\) let \(a = 3k\), then \(b = 4"	2023	middle	medium
3498	The correct transformation of the following equations is (    )	single_answer_choice	If 2x = -2, then x = -1	If 3a - 2 = 5a, then 3a + 5a = 2	If a = b, then a + 1 = b - 1	If 6x = 3, then x = 2	A	Use the properties of equations to transform the equation.	"Answer: Solution: A, dividing both sides of the equation 2x = -2 by 2 gives x = -1, which meets the conditions;  
B, if 3a - 2 = 5a, then 3a - 5a = 2, which does not meet the conditions;  
C, if a = b, then a + 1 = b + 1, which does not meet the conditions;  
D, if 6x = 3, then \(x = \frac{1}{2}\), which does not meet the conditions;  
Therefore, the answer is A.  
Analysis: According to property 1 of equations: Adding the same number (or expression) to both sides of an equation results in an equation; property 2: Multiplying or dividing both sides of an equation by the same number, other than zero, results in an equation. Just perform the calculations."	others	middle	medium
1877	Extend line segment AB to point C, which of the following statements is correct?  	single_answer_choice	Point C is on line segment AB  	Point C is on line AB  	Point C is not on line AB  	Point C is on the extension of line segment BA	B	The positional relationship between points and lines	"[Answer] Solution: ∵ Extend line segment AB to point C,\\
∴ Point C is on the extension of line segment AB, point C is on line AB,\\
∴ Options A, C, and D are incorrect, option B is correct.\\
Therefore, the answer is: B.\\
[Analysis] Extending line segment AB to point C, point C is on the extension of line segment AB, i.e., point C is on line AB but not on line segment AB, nor on the extension of line segment BA, because the extension of line segment BA is essentially the reverse extension of segment 4B. Hence, extending line segment AB to point C, point C is on the extension of line segment AB but not on the extension of segment BA."	others	middle	medium
1999	Given that f(1)=2 (taken from the last digit of the result of 1×2), f(2)=6 (taken from the last digit of the result of 2×3), f(3)=2 (taken from the last digit of the result of 3×4), ..., the value of \(f(1) + f(2) + f(3) + \cdots + f(2020)\) is:	single_answer_choice	404	2020 	4040 	4042 	B	Exploring Patterns - Pattern of Terminal Digits	"Solution: According to the problem statement, we have:
f(1) = 2 (take the last digit of the result of 1×2),
f(2) = 6 (take the last digit of the result of 2×3),
f(3) = 2 (take the last digit of the result of 3×4),
f(4) = 0 (take the last digit of the result of 4×5),
f(5) = 0 (take the last digit of the result of 5×6),
f(6) = 2 (take the last digit of the result of 6×7),
f(7) = 6 (take the last digit of the result of 7×8),
...

Pattern found: 2, 6, 2, 0, 0 (a cycle of five numbers),
Therefore, 2020 ÷ 5 = 404,
Thus, 404"	others	middle	medium
2159	Using a rope to form a sector with a circumference of 10 meters, let the radius of the sector be \(x\) meters, the arc length be \(y\) meters, and the area be \(S\) square meters. As \(x\) changes within a certain range, both \(y\) and \(S\) change accordingly with \(x\). The functional relationships that \(y\) and \(S\) satisfy with \(x\) are respectively:	single_answer_choice	Inverse proportion relationship, linear function relationshi	Inverse proportion relationship, linear function relationship  	Linear function relationship, inverse proportion relationship  	Inverse proportion relationship, quadratic function relationship  	D	The definition of a quadratic function###Calculation of sector area	nan	2023	middle	medium
3372	Among the following statements, the correct one is (    )	single_answer_choice	The arithmetic square root of (-3)\textsuperscript{2} is -3	Negative numbers also have square roots	Since the square of a is a\textsuperscript{2}, the square root of a\textsuperscript{2} is a	\(\sqrt{2}\) is the arithmetic square root of 2	C	The concept and representation of square roots###Concept and Representation of Arithmetic Square Root	"Solution: A: The arithmetic square root of (-3)\textsuperscript{2} is 3, the original statement is incorrect;  
B: Negative numbers do not have square roots, the original statement is incorrect;  
C: Since the square of a is a\textsuperscript{2}, the square root of a\textsuperscript{2} is ±a, the original statement is incorrect;  
D: \(\sqrt{2}\) is the arithmetic square root of 2, the statement is correct;  
Thus, the answer is: D.  
Analysis: Solve the problem based on the definitions of square roots and arithmetic square roots."	others	middle	medium
2165	In a class of 30 students, the statistics of the number of extracurricular books read are shown in the table, with two data points obscured. Which of the following statistics regarding the reading of extracurricular books is unrelated to the obscured data?  	single_answer_choice	Mean, Variance  	Median, Variance  	Mean, Mode  	Median, Mode	D	Weighted Average and Its Calculation###Median###Variance###Mode	nan	2024	middle	medium
2217	A ship travels 90 kilometers downstream and 60 kilometers upstream in equal time. If the speed of the current is 2 km/h, find the speed of the ship in still water. Let the speed of the ship in still water be \(x\) km/h. Then the equation that can be established is (   )	single_answer_choice	\(\frac{90}{x + 2} = \frac{60}{x - 2}\) 	\(\frac{90}{x - 2} = \frac{60}{x + 2}\)	\(\frac{90}{x} + 2 = \frac{60}{x}\) 	\(\frac{60}{x} + 2 = \frac{90}{x}\)	A	Rational equation###The Practical Application of Rational Equations - Distance Problems	"[Answer] Explanation: Let the speed of the boat in still water be \(x\) km/h. According to the problem, we have:

\(\frac{90}{x + 2} = \frac{60}{x - 2}\)

Thus, option A is correct.

[Analysis] First, clarify that the speed downstream equals the speed in still water plus the current speed, and the speed upstream equals the speed in still water minus the current speed. Based on the problem, the downstream speed is \((x + 2)\) km/h, and the upstream speed is \((x - 2)\) km/h. Since the time taken for traveling 90 km downstream is equal to the time taken for covering 60 km upstream, we can set up the equation based on time = distance ÷ speed: \(\frac{90}{x + 2} = \frac{60}{x - 2}\)."	2024	middle	medium
2372	The following statement is incorrect (     ):	single_answer_choice	An angle is an axisymmetric figure, and the line of its angle bisector is its axis of symmetry.	The median on one side of a right triangle coincides with the altitude on that side.	The intersection point of the perpendicular bisectors on the three sides of a triangle is equidistant from the three vertices of the angles.	A triangle with two angles of \(60{^\circ}\) is an equilateral triangle.	B	The properties of a perpendicular bisector of a line segment###Criteria for Equilateral Triangle###Axially symmetric figure###The property of an isosceles triangle - three lines coincide	nan	2023	middle	medium
2428	Given that \(P\) is a point on side \(AC\) of \(\triangle ABC\), and connecting \(BP\), which of the following cannot determine \(\triangle ABP \sim \triangle ACB\)?	single_answer_choice	\(\angle APB = \angle ABC\	\(\angle ABP = \angle C\) 	\(\angle APB = \angle ABC\) 	\(\frac{AB}{AP} = \frac{AC}{AB}\) 	D	Determination of Similar Triangles	nan	2024	middle	medium
2670	The true statement among the following is (     )	single_answer_choice	Each interior angle of a regular hexagon is \(120{^\circ}\)	The sum of the exterior angles of a regular hexagon is greater than that of a regular pentagon	A triangle with one angle of \(60{^\circ}\) is an equilateral triangle	A quadrilateral with equal diagonals is a rectangle	A	Criteria and Properties of Equilateral Triangles###Interior and exterior angles of a polygon###Determination of a Rectangle###Properties of Regular Polygons###True Proposition and False Proposition	Solution: A. Each interior angle of a regular hexagon is \(120{^\circ}\), which is a true statement; B. The exterior angle sum of a regular hexagon is equal to that of a regular pentagon, which is a false statement; C. An isosceles triangle with one angle of \(60{^\circ}\) is an equilateral triangle, which is a false statement; D. A quadrilateral with equal and bisected diagonals is a rectangle, which is a false statement; Therefore, the answer is: A Analysis: The solution can be derived by combining the properties of regular polygons, exterior angles of polygons, the determination of equilateral triangles, and the identification of rectangles with the determination of true or false statements.	2023	middle	medium
2985	The false proposition among the following is (     ):	single_answer_choice	Two points determine a straight line.	The heights on the corresponding sides of congruent triangles are equal.	The areas of congruent triangles are equal.	Two triangles are congruent if two of their sides are equal and angles opposite one pair of equal sides are equal.	D	Two points determine a straight line.###Congruence of Triangles and Their Properties###Criteria for Triangle Congruence###True Proposition and False Proposition	nan	2024	middle	medium
3256	In the rectangular coordinate system, the expressions for two linear functions are \(y_{1} = kx - k(k > 0)\) and \(y_{2} = -2x + 4\). The following statements are correct (    ):	single_answer_choice	If \(x > -1\), then \(y_{1}y_{2} > 0\)	If \(x < 2\), then \(y_{1}y_{2} < 0\)	If \(y_{1}y_{2} < 0\), then \(x < -1\) or \(x > 2\)	If \(y_{1}y_{2} > 0\), then \(1 < x < 2\)	D	The relationship between linear functions and inequalities (systems).###The issue of intercepts of linear function graphs with coordinate axes###Properties of a Linear Function	nan	2025	middle	medium
3604	Among the following equations, which one is a quadratic equation in x?  	single_answer_choice	\(x^2 + \frac{1}{x} = 0\)  	\(x^2 + 3x = x^2 - 1\)  	\((x - 1)(x - 2) = 2\)  	\(3x^2 - 2y = 0\)	C	The definition of a quadratic equation and related quantities.	nan	2024	middle	medium
3653	The correct statement is (     )	single_answer_choice	9 is the arithmetic square root of 81, i.e., \(\pm \sqrt{81} = 9\)	5 is the arithmetic square root of (-5)\textsuperscript{2}, i.e., \(\sqrt{( - 5)^{2}} = 5\)	±6 is the square root of 36, i.e., \(\sqrt{36} = \pm 6\)	-2 is the negative square root of 4, i.e., \(\sqrt{4} = - 2\)	B	The concept and representation of square roots###Concept and Representation of Arithmetic Square Root	Answer: A. The arithmetic square root of 81 is 9, i.e., \(\sqrt{81} = 9\), the option is incorrect; B. \(( - 5)^{2} = 25\), 5 is the arithmetic square root of 25, i.e., \(\sqrt{(-5)^{2}} = 5\), the option is correct; C. \(\pm 6\) is the square root of 36, i.e., \(\pm \sqrt{36} = \pm 6\), the option is incorrect; D. -2 is the negative square root of 4, i.e., \(- \sqrt{4} = - 2\), the option is incorrect. Therefore, the answer is: B. Analysis: Judge based on the definitions of square root and arithmetic square root.	others	middle	medium
3650	A factory produced 50,000 units of products in January 2024. If the average monthly growth rate is \(x\), and the total output for the first quarter is 200,000 units, which of the following equations is correct?	single_answer_choice	\(5(1 + x\%)^{2} = 20\	\(5(1 + x\%)^{2} = 20\)  	\(5(1 + x)^{2} = 20\)  	\(5 + 5(1 + x\%) + 5(1 + x\%)^{2} = 20\)  	D	The Practical Application of Quadratic Equations - Percentage Problems	nan	2024	middle	medium
3827	The radius of circle \(\odot O\) is \(3cm\), and the distance from point \(O\) to the line \(l\) in the same plane is a root of the quadratic equation \(x^{2} - 3x - 4 = 0\). The positional relationship between line \(l\) and circle \(\odot O\) is:  	single_answer_choice	Intersecting  	Tangent  	Separate  	Cannot be determined	C	Factoring Method for Solving Quadratic Equations###The positional relationship between a line and a circle	nan	2023	middle	medium
3829	The correct statement is (   )  	single_answer_choice	After a number is increased by \(\frac{1}{3}\) and then decreased by \(\frac{1}{3}\), the value of the number remains unchanged.  	Dividing a number by a proper fraction will result in a quotient larger than the number.  	The directions of South 38° East and East 52° South are the same.  	If there are \(\frac{1}{4}\) more boys than girls, then there are \(\frac{1}{4}\) fewer girls than boys.	C	"Recognition and Identification of the Unit ""1""###Fraction Division Word Problems###Azimuth angle"	nan	2024	middle	medium
5863	Under the following conditions, which cannot determine that \(\bigtriangleup ABC\) is a right triangle?  	single_answer_choice	\(\angle A = 40{^\circ}\), \(\angle B = 50{^\circ}\)  	\(AB = 3\), \(BC = 4\), \(AC = \sqrt{7}\)  	\(AB = AC\), \(\angle B = 45{^\circ}\)  	\(\angle A = 30{^\circ}\), \(AB = \frac{1}{2}AC\)	D	Triangle Angle Sum Theorem###The converse of the Pythagorean theorem###The properties of an isosceles triangle: equal sides opposite equal angles.	"Solution: 

A, because \(\angle A = 40{^\circ}\), \(\angle B = 50{^\circ}\), 
therefore \(\angle C = 180{^\circ} - 40{^\circ} - 50{^\circ} = 90{^\circ}\), 
thus \(\triangle ABC\) is a right triangle, this option does not meet the requirement;

B, because \(AB = 3\), \(BC = 4\), \(AC = \sqrt{7}\), 
therefore \(AB^{2} + AC^{2} = BC^{2}\), 
hence \(\angle A = 90{^\circ}\), 
thus \(\triangle ABC\) is a right triangle, this option does not meet the requirement;

C, because \(AB = AC\), \(\angle B = 45{^\circ}\), 
therefore \(\angle B = \angle C"	2025	middle	easy
6019	Among the following groups of quadratic surds, which are like terms?  	single_answer_choice	\(\sqrt{\frac{1}{2}}\) and \(\sqrt{18}\)  	\(\sqrt{3m}\) and \(\sqrt{9m}\)  	\(\sqrt{\frac{1}{3}}\) and \(\frac{\sqrt{2}}{3}\)  	\(3\sqrt{5}\) and \(\sqrt{15}\)	A	The simplest quadratic surd###Similar quadratic surds	nan	2024	middle	easy
