index	question	category	answer	knowledge	analysis	year	grade_level	difficulty_level
3273	If the quadratic equation in \(x\), \((k - 2)x^{2} - 2kx + k = 6\), has real roots, then the smallest integer value of \(k\) is \ul{　 　}.	fill_in_the_blank	3	Discriminant of a Quadratic Equation and Its Applications	nan	2023	middle	medium
3405	"For the quadratic equation \(ax^{2} + bx + c = 0(a \neq 0)\), the following statements are made:
① If \(a - b + c = 0\), then the equation \(ax^{2} + bx + c = 0(a \neq 0)\) must have a root of \(1\);
② If the equation \(ax^{2} + c = 0\) has two distinct real roots, then the equation \(ax^{2} + bx + c = 0(a \neq 0)\) must have two distinct real roots;
③ If \(c\) is a root of the equation \(ax^{2} + bx + c = 0(a \neq 0)\), then it must satisfy \(ac + b + 1 = 0\);
④ If \(x_{0}\) is a root of the quadratic equation \(ax^{2} + bx + c = 0(a \"	fill_in_the_blank	②④	The roots of a quadratic equation.###Discriminant of a Quadratic Equation and Its Applications	nan	2024	middle	medium
3573	The axis of symmetry of the parabola \(y = -2(x - 5)(x + 3)\) is the line \ul{　 　}.	fill_in_the_blank	\(x = 1\)	Others	"Solution: Given \( y = -2(x - 5)(x + 3) = -2(x^{2} - 2x - 15) = -2x^{2} + 4x + 30 \), therefore the axis of symmetry is the line \( x = - \frac{4}{2 \times (-2)} = 1 \). Thus, the answer is: \( x = 1 \).

Analysis: This question examines the properties of a quadratic function. First, expand the parentheses to convert the quadratic function into the general form \( y = -2(x - 5)(x + 3) = -2(x^{2} - 2x - 15) \). Then, use the formula for the axis of symmetry \( x = - \frac{b}{2a} \), substitute the values, and calculate to obtain the answer."	2024	middle	medium
2327	If point \(A(a, a)\) is located inside a circle with the origin as the center and a radius of 2, then the range of values for \(a\) is ( ).	fill_in_the_blank	\(- \frac{\sqrt{2}}{2} < a < \frac{\sqrt{2}}{2}\)	Pythagorean theorem###The relationship between a point and a circle	nan	2024	middle	medium
2284	"Determine the truth or falsehood of the following statements:  
(1) The difference between an obtuse angle and an acute angle is always an acute angle: ( )  
(2) The difference between a right angle and an acute angle is always an acute angle: ( )  
(3) If two complementary angles share a common side, the angle formed by their angle bisectors is always a right angle: ( )  
(4) Two equal angles are always vertical angles: ( )  
(5) If two equal angles share a common side, then the other side is always on the same straight line: ( )."	fill_in_the_blank	Incorrect; Correct; Incorrect; Incorrect; Incorrect	Concept and Representation of Angles###Complementary angles, supplementary angles, and their properties###Comparison of angle size	"【Solution】Answer: (1) Subtracting an acute angle from an obtuse angle will always result in an acute angle is a false statement; for example: 120° - 20° = 110°, which is still an obtuse angle, or 120° - 30° is a right angle.\\
(2) Subtracting an acute angle from a right angle will always result in an acute angle is a true statement, as the result is less than 90 degrees, thus it is an acute angle.\\
(3) If two complementary angles share a common side, then the angle formed by their bisectors is always a right angle is a false statement. Explanation: If the complementary angles are on opposite sides of the common side, the angle between the bisectors is a right angle; if they are on the same side, the bisectors may coincide or, if not, form an acute angle.\\
(4) Since vertical angles are"	others	middle	medium
4442	In a district of Chengdu, a professional sheep farmer aimed to estimate the total number of sheep in the farm. He first drove out 90 sheep from the flock, marked each one, and then released them back into the flock. After they thoroughly mixed back in, he drove out 30 sheep from the flock again and found that 18 of them were marked. It is estimated that there are approximately ( ) sheep in the farm.	fill_in_the_blank	150	Estimate the total quantity using the percentage occupied by the sample.	nan	2024	middle	easy
2461	"Select one student from A and B to participate in the ""Classic Recitation"" competition. Under the same test conditions, the test scores (in points) of the two students over five tests are as follows:  
A: 79, 86, 82, 85, 83;  
B: 88, 81, 85, 81, 80.  
  
Answer the following questions:  
(1) The median of A's scores is ________, and the mode of B's scores is ________;  
(2) It is calculated that \({\overline{x}}_{B} = 83\), \(S_{B}^{2} = \frac{46}{5}\). Please calculate the variance of A's scores and use the statistics knowledge you have learned to recommend a suitable candidate for the competition."	fill_in_the_blank	"(1) 83, 81
(2) \(S_{A}^{2} = 6\); Recommend A to participate in the competition."	Median###Variance###Mode	nan	2023	middle	medium
3224	Using a plane to cut a prism can result in at most an octagon. The prism has \ul{    } vertices and \ul{    } edges.	fill_in_the_blank	12; 18	Cut a geometric solid###Characteristics of the vertices, edges, and faces of a rectangular prism	nan	2024	middle	medium
1947	Given that points A, B, and C are all on line l, point C is a trisection point of segment \(AB\), and D and E are the midpoints of segments \(AB\) and \(BC\) respectively, the sum of the lengths of all segments on line l is 42. Then \(AC =\) ( )．	fill_in_the_blank	6	Midpoint of a line segment	nan	2023	middle	medium
2282	"True or False.

(1) If a > b, then a + c > b + c. (    )

(2) Multiplying both sides of an inequality by a non-zero number does not change the inequality direction. (    )

(3) If a - b ≤ 0, then a ≤ b. (    )

(4) If a < 0, b < 0, then ab < 0. (    )

(5) If a > b, b > 2a - 1, then a > 2a - 1. (    )"	fill_in_the_blank	"(1) Correct  
(2) Incorrect  
(3) Correct  
(4) Incorrect  
(5) Correct"	Properties of Inequalities	"【Answer】
Solution:
(1) ∵ \( a > b \), ∴ \( a + c > b + c \), correct.
Therefore, the answer is: correct.

(2) Both sides of the inequality multiplied by a non-zero coefficient will not change the direction of the inequality, original proposition is incorrect.
Therefore, the answer is: incorrect.

(3) ∵ \( a - b \leq 0 \), ∴ \( a \leq b \), correct.
Therefore, the answer is: correct.

(4) ∵ \( a < 0 \), \( b < 0 \), ∴ \( ab > 0 \), hence the original proposition is incorrect.
Therefore, the answer is: incorrect.

(5) ∵ \( a > b \), \( b > 2a - 1 \), ∴ \( a > 2a - 1 \), correct.
Therefore, the answer is: correct.

【Analysis"	others	middle	medium
3795	"First simplify, then evaluate:  

(1) \((3 - 2y)(3 + 2y) + 2y(3 + 2y)\), where \(y = \frac{1}{6}\) = ( )  

(2) \((2a + b)^{2} + a(a - 4b)\), where \(a = -1\), \(b = 1\) = ( )."	fill_in_the_blank	10; 1	Polynomial multiplied by polynomial###Perfect Square Formula and Applications###Difference of squares formula and its applications.	nan	2024	middle	medium
1908	Given \(3^{m} = 2\) and \(2^{n} = 3\), then \(9^{m} \cdot 2^{n} =\)\ul{　 　}.	fill_in_the_blank	12	Exponentiation of powers###Finding the value of an algebraic expression - holistic substitution method for finding values.	nan	2024	middle	medium
2770	Given that \(a\) and \(b\) are additive inverses, \(c\) and \(d\) are multiplicative inverses, and \(m\) is a negative number with an absolute value of 4, the value of \(m^{2} + (a + b + cd)m + (cd)^{2025}\) is ( ).	fill_in_the_blank	17	The reciprocal of a rational number###Rules of Mixed Operations for Rational Numbers (Including Exponentiation)###The meaning and properties of opposites###The concept and significance of absolute value	nan	2024	middle	medium
2870	Given \(a = 4 + 2\sqrt{6}\) and \(b = 4 - 2\sqrt{6}\), the value of \(a^{2}b - ab^{2}\) is \underline{  }.	fill_in_the_blank	\(- 32\sqrt{6}\)	The concept of common factors###Mixed operations of quadratic radicals	nan	2024	middle	medium
3227	A certain mall sells a product, and because the purchase price was reduced by 6.4% compared to the original price, the profit margin increased by 8 percentage points. What was the original profit margin for selling this product? (Note: Profit margin = \(\frac{\text{Selling price} - \text{Purchase price}}{\text{Purchase price}} \times 100\%\)) The original profit margin was ( )%.	fill_in_the_blank	17%	The Practical Application of Linear Equations - Profit and Loss Problems	"Solution:

Let the original cost price be \(a\), then the later cost price is \(0.936a\), and the selling price is \(b\).

Therefore, \(\frac{b - 0.936a}{0.936a} \times 100\% - \frac{b - a}{a} \times 100\% = 8\%\),

Hence, \(\frac{b}{a} = 1.17\).

So the original profit margin \(= \frac{b - a}{a} \times 100\% = (\frac{b}{a} - 1) \times 100\% = (1.17 - 1) \times 100\% = 17\%\),

Therefore, the answer is: \(17\%\).

Analysis:

Let the original cost price be \(a\), and the selling price be \(b\). First, determine the relationship between \(a\"	2024	middle	medium
3571	The renowned Chinese mathematician Hua Luogeng saw a brain teaser in a magazine asking for the cube root of 59319 while on a trip and immediately gave the correct answer: 39. According to his method, if the cube root of 21952 is also an integer, then this integer is \ul{    }.	fill_in_the_blank	28	Cube root (finding the cube root)###Properties of the Cube Root	"Solution: 

Since \(10^{3} = {1000,100}^{3} = 100000,\)  
Thus, \(\sqrt[3]{21952}\) is a 2-digit number.

Since the unit digit of 21952 is 2,  
Thus, the unit digit of \(\sqrt[3]{21952}\) is 8.

When removing the last three digits (952) from 21952, the remaining number is 21, and \(2^{3} = 8, 3^{3} = 27\),  
Thus, the tens digit of \(\sqrt[3]{21952}\) is 2.

Therefore, \(\sqrt[3]{21952} = 28\).

Hence, the answer is 28.

Analysis: Based on the cube root and following the problem context, the solution can be obtained."	others	middle	medium
3266	"The operation on point P on a number line is as follows: move point P horizontally along the number line at a speed of m units per second to the right for n seconds to obtain point \(P'\). This operation is called the ""m-speed shift"" of point P, and point \(P'\) is called the ""m-speed shift"" point of point P. It is known that point M on the number line represents the number 1, and the ""2-speed shift"" point of point C when moved to the right for 3 seconds is point \(C'\). If one of the points C, M, and \(C'\) is the midpoint of the line segment connecting the other two points, then the number represented by point C is \_\_\_."	fill_in_the_blank	-11 or -2 or 7	The distance between two points on a number line###Conventional motion model of points on a number line###Midpoint formula in a coordinate system	"Solution:
Let the number represented by point C be t, then the number represented by point C' is t+6.
Since point M represents the number 1, and among the points C, M, and C', one point is the midpoint of the line segment connecting the other two points,
When C is the midpoint of line segment MC', 2t=1+t+6, solving gives: t=7.
When M is the midpoint of line segment CC', 2=t+t+6, solving gives: t=-2.
When C' is the midpoint of line segment CM, 3(t+6)=t+1, solving gives: t=-11.
In summary, the number represented by point C is -11, -2, or 7.
Therefore, the answer is: -11, -2, or 7.

Analysis:
Let the number represented by point C be t, then the number represented by point C' is t+6. According"	others	middle	medium
1677	Based on the reading material: For a quadratic equation \(ax^{2} + bx + c = 0\) with roots \(x_{1}\) and \(x_{2}\), the relationship between the roots and the coefficients of the equation is \(x_{1} + x_{2} = -\frac{b}{a}\) and \(x_{1} \cdot x_{2} = \frac{c}{a}\). Given that \(x_{1}\) and \(x_{2}\) are the two real roots of the equation \(x^{2} + 6x + 3 = 0\), the value of \(\frac{1}{x_{1}} + \frac{1}{x_{2}}\) is ( ).	fill_in_the_blank	-2	The relationship between the roots and coefficients of a quadratic equation (Vieta's formulas)###Finding the value of an algebraic expression - holistic substitution method for finding values.	nan	2023	middle	medium
1613	If the solution to the fractional equation \(\frac{2x - m}{x + 1} = 1\) in terms of x is a negative number, then the range of values for the real number m is ( ).	fill_in_the_blank	\(m < -1\) and \(m \neq -2\)	Solution and Verification of Fractional Equations###Solve a linear inequality in one variable.	"Solution: Solve \(\frac{2x - m}{x + 1} = 1\).

Clearing the denominator: \(2x - m = x + 1\),

Solving gives \(x = m + 1\).

Since the solution to the fractional equation is negative,

\(m + 1 < 0\),

Hence \(m < - 1\).

Also, because the denominator cannot be zero,

\(x + 1 \neq 0\),

Thus \(m + 1 + 1 \neq 0\),

Therefore \(m \neq - 2\).

In summary, \(m < - 1\) and \(m \neq - 2\),

Thus the answer is: \(m < - 1\) and \(m \neq - 2\).

Analysis: This problem tests deriving parameter values based on the solution of a fractional equation. First, solving the fractional equation gives \(x = m + 1"	2024	middle	medium
1614	Given that the sum of the interior angles of a polygon is \(900{^\circ}\), the polygon has ( ) diagonals.	fill_in_the_blank	14	Diagonals of a polygon###Interior and exterior angles of a polygon	nan	2024	middle	medium
2174	If the graph of the linear function \(y = kx + k - 1\) does not pass through the second quadrant, then the range of values for \(k\) is \ul{　 　}．	fill_in_the_blank	\(0 < k \leq 1\)	The relationship between the graph, properties, and coefficients of a linear function	nan	2022	middle	medium
3264	If the monomial \(-x^{m+1}y^{2}\) can be combined with \(\frac{1}{2}x^{3}y^{n-1}\) into a single term, then the value of \(m-n\) is \ul{   }.	fill_in_the_blank	-1	The concept of like terms	"Solution: 

Since the monomial \(-x^{m+1}y^2\) and \(\frac{1}{2}x^{3}y^{n - 1}\) can be combined into a single term,

We have \(m+1=3\), \(n-1=2\),

Solving gives: \(m=2\), \(n=3\),

Thus, \(m-n=2-3=-1\).

Therefore, the answer is: -1.

Analysis:

According to the rule of combining like terms, we get \(m+1=3\), \(n-1=2\), solve for the values of \(m\) and \(n\), then substitute to find the result."	others	middle	medium
2175	The known parabola \(y = ax^{2} + bx - 2\) has its axis of symmetry as the line \(x = 1\) and passes through the point \((3,0)\). Thus, the function expression of this parabola is ( ).	fill_in_the_blank	\(y = \frac{2}{3}x^{2} - \frac{4}{3}x - 2\)	Method of undetermined coefficients to find the quadratic function expression.	nan	2024	middle	medium
2452	A group of students went to see a performance. Type A tickets cost 30 yuan each, and Type B tickets cost 20 yuan each. If 36 students spent exactly 860 yuan on tickets, how many Type A and Type B tickets were purchased? Let x be the number of Type A tickets bought; then the equation can be set up as \_\_\_.	fill_in_the_blank	30x + 20(36 - x) = 860	The Practical Application of Linear Equations: Sales Problems###Form a linear equation in one variable.	"Solution: Let the number of Type A tickets purchased be x. According to the problem, we have:

30x + 20(36-x) = 860.

Therefore, the answer is: 30x + 20(36-x) = 860.

[Analysis] Out of 36 students buying tickets, if x Type A tickets are bought, then (36-x) Type B tickets are bought. It follows that buying Type A tickets costs 30x, and buying Type B tickets costs 20(36-x). Hence, we can obtain the equation."	others	middle	medium
1780	Given that A and B represent two different polynomials and A - B = x² - 1, and A = -2x² + 2x - 3, then the polynomial B is \_\_\_\_.	fill_in_the_blank	﹣3x\textsuperscript{2} + 2x ﹣ 2	Addition and subtraction of polynomials	nan	2024	middle	medium
2862	In \(\triangle ABC\) with right angle at \(\angle C = 90^{\circ}\), where \(AB = 10\) and \(\cos A = \frac{4}{5}\), a circle \(B\) is drawn with center at point \(B\) and radius 3. A tangent \(CM\) to circle \(B\) is drawn through point \(C\), with \(M\) as the point of tangency. Find the length of \(CM\). The length of \(CM\) is ( ).	fill_in_the_blank	\(3\sqrt{3}\)	Pythagorean theorem###The properties of a tangent line###Solve right triangle###Find the side length given the cosine value.	nan	2022	middle	medium
3618	"Calculate or simplify:  
(1) \(2\frac{1}{3} + 6\frac{3}{5} + \left( - 2\frac{1}{3} \right) + \left( - 5\frac{3}{5} \right)\) = ( )  
(2) \(3a^{2} - 2b - 7a^{2} + 3b\) = ( )  
(3) \(- 2^{2} \times \left\lbrack (2 - 8) \div 6 \right\rbrack - 18 \div ( - 3)^{2}\) = ( )  
(4) \(2m^{2} - 4m + 1 - 2\left( m^{2} + 2m - \frac{1}{2} \right)\) = ( )."	fill_in_the_blank	1; b - 4a^{2}; 2; 2 - 8m	Addition and subtraction of polynomials###Rules of Mixed Operations for Rational Numbers (Including Exponentiation)###Law of Combining Like Terms and Its Applications###Addition rule of rational numbers	nan	2024	middle	medium
2288	In the Cartesian coordinate system, find the coordinates of a point that simultaneously satisfies the following two conditions: ① The line \(y = -x + 2\) must pass through such a point; ② For any non-zero value of \(m\), the quadratic function \(y = -mx^{2} + (3 - 2m)x + 3m + 1\) does not pass through such a point. The coordinates of this point are ( ).	fill_in_the_blank	(1, 1)	Characteristics of the coordinates of points on a quadratic function graph###Characteristics of the coordinates of points on a linear function graph	"Solution: Let the point \((x_{0},y_{0})\) satisfy the above conditions, then \(y_{0} = - x_{0} + 2\). For any real number \(m\), it holds that \(y_{0} \neq - mx_{0}^{2} + (3 - 2m)x_{0} + 3m + 1\).

Eliminating \(y_{0}\) and simplifying gives \(m(x_{0} + 3)(x_{0} - 1) \neq 4x_{0} - 1\). Thus, when \(x_{0} = -3\), 1, or \(\frac{1}{4}\), it satisfies the condition.

Therefore, the points that meet the conditions are \((1,1)\), \((-3,5)\), or \(\left(\frac{1}{4}, \frac{7}{4}\right"	2024	middle	medium
3161	"Given the system of equations about \(x, y\):

\[
\left\{ 
\begin{array}{r}
x + 2y = 6 \\
2x - 2y + mx = 8
\end{array} 
\right.
\]

(1) Please list all positive integer solutions of the equation \(x + 2y = 6\): ( ).

(2) If the system of equations has an integer solution, find the integer values of \(m\): ( )."	fill_in_the_blank	(4,1), (2,2); -2, -4, 4	The solution of a linear equation in two variables###Elimination method to solve a system of linear equations in two variables	nan	2024	middle	medium
3383	"The correct statements are (　　)
A. The data 0.80 is precise to the hundredths place.
B. 14185, represented in scientific notation (precise to the hundreds place), is \(1.42 \times 10^{4}\).
C. The data \(2.002 \times 10^{11}\) can be represented as 200.2 billion.
D. 668,000 represented in scientific notation is \(6.68 \times 10^{5}\)."	fill_in_the_blank	A, B, D	Approximate Numbers and Significant Figures###Scientific notation represents numbers greater than 10.	[Answer] A: The data 0.80 is accurate to the percent digit, which is consistent with the statement; B: 14185 is expressed in scientific notation (accurate to the hundreds digit) as \(1.42 \times 10^{4}\), which is consistent with the statement; C: The data \(2.002 \times 10^{11}\) can be expressed as 200.2 billion, which does not match the statement; D: 668,000 is expressed in scientific notation as \(6.68 \times 10^{5}\), which is consistent with the statement; Therefore, the answer is: ABD. [Analysis] Use the definition of approximate numbers, the method of rounding, and the definition and writing requirements of scientific notation to judge each case. **Three, True or False**	2021	middle	medium
2817	"Calculate  

(1) \(\left( - 2m^{3}n \right) \cdot 3mn^{2} \div 4m^{3}n^{3} = ( ) \)  
(2) \((2x - 3y)(x + 5y) - 7xy = ( ) \)  
(3) \(( - 2)^{3} \div 4 + \left( \frac{1}{2} \right)^{- 2} - | - 2| + (\pi - 3)^{0} = ( ) \)  
(4) \(2024^{2} - 2023 \times 2025 = ( ) \) (use the multiplication formula to calculate)  
(5) \((p + q + 3)(p + q - 3) = ( ) \)"	fill_in_the_blank	- \(\frac{3}{2}m\); \(2x^{2} - 15y^{2}\); 1; 1; \(p^{2} + 2pq + q^{2} - 9\)	Perfect Square Formula and Applications###Difference of squares formula and its applications.###Zero exponentiation###Negative integer exponentiation	nan	2024	middle	medium
2869	If the length of one side of an isosceles triangle is 5, and the lengths of the other two sides are the roots of the quadratic equation \(x^{2} - 7x + k = 0\), then the value of \(k\) is ( ).	fill_in_the_blank	\(\frac{49}{4}\)	Discriminant of a Quadratic Equation and Its Applications###The relationship between the roots and coefficients of a quadratic equation (Vieta's formulas)###The concept of an isosceles triangle	nan	2023	middle	medium
1507	If the two sides of \(\angle 1\) are respectively parallel to the two sides of \(\angle 2\), and \(\angle 1\) is \(30^\circ\) less than twice \(\angle 2\), then \(\angle 1 = ( )\).	fill_in_the_blank	110{^\circ}	Complementary angles, supplementary angles, and their properties###The concept of alternate interior angles###The concept of consecutive interior angles	nan	2023	middle	hard
3800	"Given a quadratic function \(y = ax^{2} + bx + c\), the corresponding x-coordinates and y-values of some points on its graph are shown in the table:

\[
\begin{array}{c|c|c|c|c|c|c|c}
x & \ldots & -3 & -2 & -1 & 0 & 1 & \ldots \\
\hline
y & \ldots & 0 & -3 & -4 & -3 & 0 & \ldots \\
\end{array}
\]

(1) Find the expression of this quadratic function;
(2) Directly state the range of x-values when \(y > -3\);
(3) When \(-3 \leq x < 2\), if the quadratic equation in x, \(ax^{2} + bx + c - t = 0\), has real roots, determine the range of"	fill_in_the_blank	"(1) \(y = x^{2} + 2x - 3\)  
(2) \(x < -2\) or \(x > 0\)  
(3) \(-4 \leq t < 5\)"	Method of undetermined coefficients to find the quadratic function expression.###Comprehensive Application of Quadratic Functions and Inequalities (Systems)	nan	2024	middle	medium
1672	The main trunk of a certain plant grows a number of branches, each branch grows the same number of small branches, and the total number of the main trunk, branches, and small branches is 43. Then each branch grows \_\_\_ small branches.	fill_in_the_blank	6	The Practical Application of Quadratic Equations - Transmission Issue	nan	2024	middle	medium
3840	A ship sails downstream from Port \(A\) to Port \(B\), taking 2 hours less than the return trip from Port \(B\) to Port \(A\). Given that the current's speed is \(2km/h\) and the ship's speed in still water is \(28km/h\), the distance between Port \(A\) and Port \(B\) is ( ) \(km\).	fill_in_the_blank	390	The Practical Application of Linear Equations - Distance Problems	nan	2024	middle	medium
3164	"An e-commerce company actively responds to the municipal government's call by selling three agricultural products, A, B, and C, online. It is known that the price of 1kg of product B is 5 yuan more than that of 1kg of product A. The price of 1kg of product C is three times that of 1kg of product A. The quantity of product C that can be bought with 270 yuan is three times the quantity of product B that can be bought with 60 yuan.  
(1) What are the prices per kilogram of products A, B, and C? ( , , )  
(2) The e-commerce company offers the following sales plan: a total of 40kg of products A, B, and C are sold together, with the quantity of product B being twice that of product C, and the total quantity of products A and C not exceeding three times the quantity of product B. Please help calculate the minimum cost to purchase 40kg of these. ( )"	fill_in_the_blank	(5 yuan, 10 yuan, 15 yuan); 300 yuan	The practical application of rational equations###The application of linear inequalities with one variable###Other Applications of Linear Functions	nan	2023	middle	medium
2772	In the Cartesian coordinate system, the vertex coordinates of \(\bigtriangleup AOB\) are \(A(-1,3)\), \(O(0,0)\), \(B(-3,1)\). By using the origin O as the center of homothety, \(\bigtriangleup AOB\) is enlarged to form a new triangle \(\bigtriangleup A^{'}OB^{'}\). If the y-coordinate of the corresponding point \(A^{'}\) is \(-6\), find the x-coordinate of point \(B^{'}\): ( )	fill_in_the_blank	6	Coordinates and Graph Transformation - Homothety	"Solution: Given the coordinates of the three vertices of triangle \(\bigtriangleup ABO\) are \(A(-1,3), O(0,0), B(-3,1)\). Using the origin as the center of similarity, after enlarging the triangle, the y-coordinate of the corresponding point \(A^{'}\) is \(-6\), which means \(-6 = 3 \times (-2)\). Therefore, the x-coordinate of point \(B^{'}\) is \(-3 \times (-2) = 6\). 

Thus, the answer is: \(6\).

Analysis: Based on the similarity with the origin as the center, multiply both the x and y coordinates by k or -k to solve the problem."	2024	middle	medium
2524	"For real numbers a, b, define the operation ""◆"" as:  

a◆b =  
\(\left\{ \begin{array}{r} \sqrt{a^{2} - b^{2}},(a \geq b) \\ ab,(a < b) \end{array} \right.\),  

for example, 3◆2; since 3 > 2, therefore 3◆2 = \(\sqrt{3^{2} - 2^{2}}\) = \(\sqrt{5}\).

If x, y satisfy the system of equations  

\(\left\{ \begin{array}{r} 2x + 3y = 5 \\ 3x + 2y = 10 \end{array} \right.\),  

then (x◆y)◆x = ( )."	fill_in_the_blank	\(4\sqrt{15}\)	Application of quadratic radicals###Other Applications of Systems of Linear Equations in Two Variables	nan	2023	middle	medium
2325	The bookstore is holding a book purchasing discount event: ① For books with an original price not exceeding 100 yuan, pay 90% of the original price; ② For books with an original price exceeding 100 yuan but not exceeding 200 yuan, pay 80% of the original price; ③ For books with an original price exceeding 200 yuan, pay 70% of the original price. During this event, Xiao Bin paid a total of 211.2 yuan for two book purchases. The original price of the second purchase was three times that of the first purchase. The sum of the original prices of Xiao Bin's two book purchases is ( ) yuan.	fill_in_the_blank	256	The Practical Application of Linear Equations: Sales Problems	nan	2023	middle	medium
2583	If \(x = -2\) is a solution of the equation \(ax - b = 1\), then the value of the algebraic expression \(4a + 2b - 3\) is ( ).	fill_in_the_blank	-5	The solution of the estimated equation###Finding the value of an algebraic expression - holistic substitution method for finding values.	nan	2024	middle	medium
493	"Given \((2x - 1)^{5} = a_{5}x^{5} + a_{4}x^{4} + \cdots + a_{1}x + a_{0}\), find the values of the following expressions:
(1) \(a_{1}+a_{2}+a_{3}+a_{4}+a_{5}= ( ) \).
(2) \(a_{1}-a_{2}+a_{3}-a_{4}+a_{5}= ( ) \).
(3) \(a_{1}+a_{3}+a_{5}= ( ) \)."	fill_in_the_blank	(1) 31; (2) 9; (3) 13	Find the value of the algebraic expression - direct substitution method.###Find the value of the algebraic expression - Simplify and substitute to find the value.	"[Analysis] (1) Substitute x=0 into the equation to get \(a_{0} = -1\). Then substitute x=-1 to obtain \(-a_{5} + a_{4} - a_{3} + a_{2} - a_{1} + a_{0} = -243\). Substitute x=1 to get \(a_{{}^{5}} + a_{{}^{4}} + a_{{}^{3}} + a_{{}^{2}} + a_{{}^{1}} + a_{{}^{0}} = 1\). Add and subtract the corresponding equations to solve;  
(2) Perform addition and subtraction on the equations from (1) to solve;  
(3) Based on the equations from (1), perform addition and subtraction to solve."	others	middle	hard
2618	"The correct statement is (　　)
A. A quadrilateral with one pair of opposite sides parallel and the other pair equal is a parallelogram.
B. Connecting the midpoints of any quadrilateral in sequence forms a parallelogram.
C. If \(a\) and \(b\) satisfy \(a^{2} - 6a + 9 + (b - 6)^{2} = 0\), and \(a\) and \(b\) are exactly the lengths of two sides of an isosceles \(\bigtriangleup ABC\), then the perimeter of \(\bigtriangleup ABC\) is 12 or 15.
D. If the fractional equation \(\frac{2}{x - 1} + \frac{3x}{x - 1} = \frac{k}{x - 1}\) generates an extraneous solution, then the value of \(k\) is 5."	fill_in_the_blank	B, D	Extraneous roots of a fractional equation###Determination of a Parallelogram###Midpoint quadrilateral###The concept of an isosceles triangle	nan	2024	middle	medium
3683	Blind boxes have invigorated the consumer market, providing both a fun shopping experience for consumers and new avenues for merchants to increase sales. One merchant offers 22 items, including Bluetooth earphones, multi-interface USB drives, and mini speakers, distributed among three kinds of blind boxes labeled A, B, and C, each containing one box. Box A contains 2 Bluetooth earphones, 3 multi-interface USB drives, and 1 mini speaker. In box B, the sum of Bluetooth earphones and mini speakers equals the number of multi-interface USB drives, with the ratio of Bluetooth earphones to mini speakers being \(3:2\). Box C contains 1 Bluetooth earphone, 3 multi-interface USB drives, and 2 mini speakers. Thus, box B contains a total of ( ) Bluetooth earphones, multi-interface USB drives, and mini speakers. After calculation, the cost of box A is 145 yuan, and the cost of box B is ( ) yuan.	fill_in_the_blank	10; 155	Application of a System of Three Linear Equations	nan	2022	middle	medium
3787	"In ""The Mathematical Classic of Sun Zi,"" there is a problem as follows: Now, 100 deer enter the city, each household takes one deer and it is not finished. Then, three households share one deer, exactly finishing the remainder. Question: How many households are in the city? ( )"	fill_in_the_blank	75	Other Applications of Linear Equations	nan	2023	middle	medium
4437	"The packaging of a bag of candy is marked with ""total mass (500±5)g"". Xiao Ming weighed it and found the mass to be 497g. Therefore, the mass of this bag of candy is ( )."	fill_in_the_blank	qualified	Use positive and negative numbers to represent quantities with opposite meanings.	Solution: Since 497 = 500 - 3, therefore, the weight of this bag of candies is qualified. Thus, the answer is: Qualified. Analysis: The problem can be solved by using positive and negative numbers to represent opposite values combined with the meaning of the question.	others	middle	easy
2003	Spring is a peak season for infectious diseases, so the community leader decided to organize all residents to get influenza vaccinations at two sites, A and B. It is known that the time required for site A from preparation to vaccinating a consecutive number of a people is \((\frac{1}{2}a + 30)\) minutes; and for site B from preparation to vaccinating b people is \((\frac{1}{3}b + 50)\) minutes. Initially, the community leader attempted to distribute 90 residents to sites A and B in a certain ratio for vaccination, resulting in both sites completing the task at the same time. The ratio of the number of people allocated to site A compared to site B is ( ). To ensure the vaccination process is continuous, as the initial 90 residents were nearing completion, the community leader assigned m more unvaccinated residents to site A and n to site B. To ensure both sites complete the vaccination tasks at the same time, m to n is ( ).	fill_in_the_blank	2:1; \(\frac{2}{3}\)	The Practical Application of Linear Equations - Mixture Problems	"[Solution] Let the number of people assigned to site A be x, then the number of people assigned to site B would be (90-x). According to the problem, we have: 

\(\frac{1}{2}x + 30 = \frac{1}{3}(90 - x) + 50\),

Solving this gives: x=60,

Thus, the number of people assigned to site B is 90-x=90-60=30,

So the ratio of the number of people assigned to site A to site B is 60:30=2:1;

Considering the vaccination tasks are completed at both sites in the same amount of time, we have: 

\(\frac{1}{2}(60 + m) + 30 = \frac{1}{3}(30 + n) + 50\)

Solving this gives: 3m=2n

That is, \(\frac{n}{m} = \"	others	middle	medium
3263	"Compare the sizes (fill in with ``\textgreater'' or ``\textless''):

(1) -(-2) \ul{ } 3.

(2) -\textbar-3.5\textbar{} \ul{ } 0.

(3) \(- \frac{3}{4}\) \ul{ } \(- \frac{4}{5}\)."	fill_in_the_blank	(1) <{} (2) <{} (3) >{}	Comparison of Rational Numbers - Direct Comparison Method###Comparison of Rational Numbers - Absolute Value Comparison Method	"Solution: 

(1) \(- ( - 2) = 2\), and \(2 < 3\), so the answer is: <;

(2) \(- | - 3.5| = - 3.5\), and \(-3.5 < 0\), so the answer is: <;

(3) Since \(| - \frac{3}{4}| = \frac{3}{4}\), \(| - \frac{4}{5}| = \frac{4}{5}\), and \(\frac{3}{4} < \frac{4}{5}\), therefore \(- \frac{3}{4} > - \frac{4}{5}\), so the answer is: >.

Analysis: 
(1) First simplify, then compare the sizes;
(2) First simplify, then compare the sizes;
(3) Compare the sizes using the method for comparing two negative numbers."	others	middle	medium
3789	If \(f(x) = \sqrt{{(\pi - x)}^{2}}\), then \(f(4) =\) ( ).	fill_in_the_blank	\(\pi - 4\)	Domain of the function's independent variable	nan	2024	middle	medium
2015	Simplify first, then evaluate: \(\left( \frac{1}{x + y} + \frac{1}{x - y} \right) \div \frac{x}{x^{2} + 2xy + y^{2}}\) where \(x\), \(y\) satisfy \(|x - 2| + (y + 1)^{2} = 0\). The simplified result is ( ).	fill_in_the_blank	2	Mixed operations of fractions###Simplification and evaluation of rational expressions###The non-negativity of absolute value	[Analysis] First, simplify the terms within the parentheses by finding a common denominator. Then, simplify using the division of fractions. Next, determine the values of x and y based on the non-negativity of absolute values and even powers. Substitute these values to obtain the answer.	2022	middle	medium
2391	"When Liu Jun asked Teacher Wang's age, Teacher Wang said, ""When I was your age, you were only 3 years old; when you reach my age, I will be 45."" How old is Teacher Wang this year? ( )"	fill_in_the_blank	31	Practical Applications of Linear Equations: Numbers, Calendars, and Age Problems	"Solution: Assume the age difference is x years, Liu Jun is currently (x+3) years old, and Teacher Wang is currently (2x+3) years old.

Then we have: 2x+3+x=45,

3x = 42,

x = 14,

Thus, Teacher Wang's age is: 14×2+3=31 years old;

Therefore, the answer is: 31.

Analysis: Assume the age difference is x years, Liu Jun is currently (x+3) years old, and Teacher Wang is currently (2x+3) years old. Based on ""when you reach my age, I will be 45 years old,"" the relationship can be expressed as: Teacher Wang's current age + age difference = 75. Solving the equation from this can yield the result.

Three, Calculation Problem"	others	middle	medium
6	"Given: \({(2x + 1)}^{3} = ax^{3} + bx^{2} + cx + d\), then the value of the algebraic expression \(f(x) = a + b + c + d\) is (   )
A. \(- 1\) B. \(1\) C. \(27\) D. \(- 27\)"	fill_in_the_blank	C	Algebraic expression evaluation	"Solution: Let x=1, the original equation transforms to: \((2 + 1)^{3} = a + b + c + d\), which means \(a + b + c + d = 27\). Therefore, the value of the algebraic expression \(f(x) = a + b + c + d\) is 27. Thus, the answer is: C.

Analysis: Let x=1, the original equation transforms to: \((2 + 1)^{3} = a + b + c + d\), which allows us to find the value of the algebraic expression \(f(x) = a + b + c + d\)."	2020	middle	hard
2521	5 + 3(y - x) kilometers = ( ) kilometers.	fill_in_the_blank	3y - 3x + 5	Express the quantitative relationships in real-world problems using algebraic expressions.	"Solution: According to the problem, the distance of car A from location B is: (3y−3x＋5) kilometers, therefore the answer is: (3y−3x＋5). Analysis: Use the formula ""distance = speed × time"" to set up the equation, and then solve it by using addition and subtraction of polynomials."	others	middle	medium
3223	"Observe the following equations:  
The solution to \(\frac{x}{4} + \frac{x - 1}{2} = 1\) is x = 2;  
The solution to \(\frac{x}{6} + \frac{x - 2}{2} = 1\) is x = 3;  
The solution to \(\frac{x}{8} + \frac{x - 3}{2} = 1\) is x = 4;  
Based on the observed pattern, the equation where the solution is x = 5 is ( );  
the equation where the solution is x = 2024 is ( )."	fill_in_the_blank	\(\frac{x}{10} + \frac{x - 4}{2} = 1\); \(\frac{x}{2026} + \frac{x - 2023}{2} = 1\)	Solving a linear equation with fractional coefficients###Exploring Patterns - Equations-type Patterns	nan	others	middle	medium
1618	If \((m - 3)x^{|2m - 5|} + 6 = 0\) is a linear equation in x, then \(m = \underline{\ \ \ }\).	fill_in_the_blank	2	The concept of a linear equation in one variable###Solve linear equations with absolute value signs.	"Solution: 
Since \((m - 3)x^{|2m - 5|} + 6 = 0\) is a linear equation in x, 
therefore, \(m - 3 \neq 0\) and \(|2m - 5| = 1\), which implies \(2m - 5 = 1\) or \(2m - 5 = -1\). 
Solving gives \(m = 3\) (discarded) or \(m = 2\). 
Thus, the answer is: 2.

Analysis: Based on the definition of a linear equation, we first derive \(m - 3 \neq 0\) and \(|2m - 5| = 1\), and then solve the linear equation involving absolute value as per the problem's condition."	others	middle	medium
2079	"Calculate: \(\left| \sqrt{3} - 1 \right| - 3\tan30{^\circ} + (3.14 - \pi)^{0} + \left( - \frac{1}{2} \right)^{- 1} = ( )\)

(2) Solve the equation: \(4x^{2} + 8x + 1 = 0\); the solutions are \(x_{1} = ( )\) and \(x_{2} = ( )\)."	fill_in_the_blank	0; -1 + \frac{\sqrt{3}}{2}; -1 - \frac{\sqrt{3}}{2}	Zero exponentiation###Negative integer exponentiation###Solving a quadratic equation by completing the square###Mixed operations of trigonometric functions of special angles	nan	2024	middle	medium
2872	Given that point \(A(2,4)\) and point \(B(b - 1,2a)\) are symmetric about the origin, then \(a - b =\)\ul{　 　}.	fill_in_the_blank	\(- 1\)	The coordinate characteristics of points with respect to origin symmetry	nan	2024	middle	medium
4439	A certain school organized a campus basketball league with 6 teams participating. These 6 teams will play a round-robin tournament (each team plays one match against every other team). A total of \ul{ } matches will be played.	fill_in_the_blank	15	Rules for mixed operations of addition, subtraction, multiplication, and division of rational numbers###The problem of counting line segments	"Answer: The calculation is \(\frac{6 \times (6 - 1)}{2} = 15\) matches. Therefore, the answer is: 15.

Analysis: According to the problem, 6 teams are in a round-robin tournament, where each team plays \((6 - 1)\) matches. This amounts to \(6 \times (6 - 1)\) matches. However, a match between Team A and Team B is counted twice, as both A vs. B and B vs. A, so the total is divided by 2 to correct for this duplication."	2024	middle	easy
2070	A box contains 10 yellow lucky stars, a number of red lucky stars, and 16 blue lucky stars. After performing multiple trials of drawing lucky stars, Xiaoming found that the frequency of drawing a red lucky star stabilized around 0.5. Thus, the number of red lucky stars is approximately ( ).	fill_in_the_blank	26	Using frequency to estimate probability###Calculation of Simple Event Probability	nan	2024	middle	medium
3570	"Determine whether the following statements are correct.
(1) The square root of 16 is 4. (　　)
(2) -4 is a square root of 16. (　　)
(3) The arithmetic square root of (-4)\(^2\) is -4. (　　)
(4) Since \(\sqrt{16}\)=4, ∴ the square root of \(\sqrt{16}\) is ±2. (　　)"	fill_in_the_blank	"(1) Incorrect  
(2) Correct  
(3) Incorrect  
(4) Correct"	Square root###Arithmetic square root	Answer: Solution: (1) ∵ (±4)\textsuperscript{2}=16, ∴ the square root of 16 is ±4, ∴ this statement is incorrect, hence the answer is: incorrect; (2) ∵ (-4)\textsuperscript{2}=16, ∴ -4 is a square root of 16, ∴ this statement is correct, hence the answer is: correct; (3) ∵ (-4)\textsuperscript{2}=16, ∵ 4\textsuperscript{2}=16, ∴ the square roots of 16 are ±4, i.e., the arithmetic square root of (-4)\textsuperscript{2} is 4, ∴ this statement is incorrect, hence the answer is: incorrect; (4) ∵ \(\sqrt{16}\) = 4, ∵ (±2)\textsuperscript{2} =	others	middle	medium
1841	"Observe the following expressions:

\(S_{1} = \sqrt{1 + \frac{1}{1^{2}} + \frac{1}{2^{2}}} = 1 + \frac{1}{1 \times 2}, S_{2} = \sqrt{1 + \frac{1}{2^{2}} + \frac{1}{3^{2}}} = 1 + \frac{1}{2 \times 3}, S_{3} = \sqrt{1 + \frac{1}{3^{2}} + \frac{1}{4^{2}}} = 1 + \frac{1}{3 \times 4}, \cdots\)

Using the pattern you discovered, calculate: \(S_{1} + S_{2} + \cdots + S_{50}\) = ( )."	fill_in_the_blank	50.5	Exploring the Patterns of Numbers and Expressions###Mixed operations of irrational numbers	nan	others	middle	medium
3158	"Calculate:

(1) \(\left( 2x^{2}y \right)^{3} \cdot \left( - 7xy^{2} \right) \div \left( 14x^{4}y^{3} \right)\);

(2) \(\left\lbrack (a + b)(a - b) + (a + b)^{2} - 2a^{2} \right\rbrack \div ( - 2a)\)."	fill_in_the_blank	"(1) \(-4x^{3}y^{2}\)  
(2) \(-b\)"	Monomial multiplied by monomial###The mixed operations of polynomials###Monomial divided by monomial###The operation of raising a product to a power	nan	2024	middle	medium
4706	Label three small balls with the chemical element symbols \(C\), \(O\), and \(H\) respectively (other than the labeling, they are all the same), and put them into an opaque bag. After mixing, randomly draw \(2\) balls. The probability of forming \(CO\) (carbon monoxide) is ( ).	fill_in_the_blank	\(\frac{1}{3}\)	Use the listing method to find the probability.	nan	2024	middle	easy
2991	The ratio of the areas of two similar polygons is 4:9, and the difference in their perimeters is 6. Then the perimeter of the smaller polygon is \ul{　 　}.	fill_in_the_blank	12	Properties of Similar Triangles - Corresponding Areas	"Solution: Since the area ratio of two similar polygons is 4:9, the ratio of their perimeters is 2:3. Assume the perimeter of the smaller polygon is 2x, then the perimeter of the larger polygon is 3x. Given that the difference in perimeter is 6, we have 3x - 2x = 6, solving for x gives x = 6. Therefore, the perimeter of the smaller polygon is 2 × 6 = 12. The answer is: 12.

Analysis: First, find the perimeter ratio based on the area ratio of similar polygons, then calculate based on the difference in perimeters."	2024	middle	medium
2769	The sides of ∠1 and ∠2 are respectively parallel, and the measure of ∠1 is 40° greater than that of ∠2. Therefore, the measure of ∠1 is ( ).	fill_in_the_blank	110°	Two lines are parallel, and corresponding angles are equal.###Two parallel lines have consecutive interior angles that are supplementary.	"Solution: Since the measure of ∠1 is 40° greater than ∠2, ∠1 and ∠2 cannot be equal. Therefore, ∠1 + ∠2 = 180°. Given that ∠2 = ∠1 - 40°, we have ∠1 + ∠1 - 40° = 180°, leading to ∠1 = 110°. Thus, the answer is 110°.

Analysis: Based on the fact that the sides of ∠1 and ∠2 are parallel, and according to the problem, ∠1 and ∠2 are supplementary. You can set up an equation to solve for the angles."	others	middle	medium
1670	The coordinates of the point symmetrical to point \emph{M} (3, -1) about the \emph{x}-axis are ( ).	fill_in_the_blank	(3, 1)	Characteristics of the coordinates of points symmetrical to coordinate axes	Solution: The coordinates of the point symmetric to point M (3, -1) about the x-axis are \((-3, -1)\). Therefore, the answer is \((-3, -1)\). Analysis: For points symmetric about the x-axis, their x-coordinates are opposites, and their y-coordinates are equal. This is how the solution is obtained.	2024	middle	medium
3168	"Given \(A = (x - 2y)^{2} - (x - y)(x + 2y)\) and \(B = \left( 2x^{3}y - 5x^{2}y^{2} + 2x^{2}y + 6xy^{3} \right) \div xy\).

(1) Simplify A = ( ) and B = ( );  
(2) If the variable y satisfies \(2y + A = B - 4\), find the relationship between y and x: y = ( );  
(3) Under the condition of (2), find the value of \(x(-1 + 2x + xy) - x(x - 1)(x + 1) - (x - y - 2)^{2}\): ( )."	fill_in_the_blank	-5xy + 6y²; 2x² - 5xy + 2x + 6y²; x² + x - 2; 0	The mixed operations of polynomials###Express the relationship between variables using an equation.	nan	2024	middle	medium
34	"In a plane Cartesian coordinate system, \(O\) is the origin. The portion of the function \(y = 2x + b\) (\(b\) is a constant) that lies below the \(x\)-axis is reflected over the \(x\)-axis to its above. The resulting graph is that of the function \(y = |2x + b|\) (\(b\) is a constant). If the function \(y = |2x + b|\) (\(b\) is a constant) has intersection points A and B with the line \(y = 2\), the correct conclusion among the following is numbered \ul{　 　}.

① The area of \(\bigtriangleup AOB\) is always \(2\);
② If the x-coordinates of the points on the graph of \(y = |2x + b|\) (\(b\) is a constant) that lie below the line \(y ="	fill_in_the_blank	(1)(2)(3)	Graph of a Linear Function and Geometric Transformations###The relationship between linear functions and linear equations in one variable	"[Answer] Solution: ① Let \(y = 2\), then \(x_1 = \frac{a - b}{2}, x_2 = \frac{-a - b}{2}\),  
∴\(A\left( \frac{a - b}{2}, 2 \right), B\left( \frac{- a - b}{2}, 2 \right)\),  
∴\(AB = 2\),  
∴\(S_{\bigtriangleup AOB} = \frac{1}{2}AB \times 2 = 2\), so ① is correct;  
② When \(x = 3\), \(6 + b \geq 2, b \geq -4\),  
When \(x = 0\), \(b \leq 2\),  
∴the range of b: \(-4 \leq b \leq 2\), so"	2024	middle	hard
3746	On the clock face, from 3 o'clock to 4 o'clock, when the angle between the hour hand and the minute hand is ( )°, it is ( ) minutes past 3.	fill_in_the_blank	60; \(\frac{300}{11}\)	The Practical Application of Linear Equations in One Variable - Geometric Problems###Clock face angle	"Solution: From the problem, the hour hand completes one full circle in 12 hours, moving 30 degrees per hour and 0.5 degrees per minute. The minute hand completes one full circle every hour, moving 6 degrees per minute, with two occurrences. 

First occurrence, let it be 3 hours and x minutes, then 0.5x + 90 - 6x = 60,
solving gives \(x = \frac{60}{11}\) minutes;

Second occurrence, let it be 3 hours and y minutes, then 6y - 90 - 0.5y = 60,
solving gives \(y = \frac{300}{11}\) minutes.

Thus the answer is: \(\frac{60}{11}, \frac{300}{11}\).

Analysis: Based on the clock face angles, the hour hand completes one full circle in 12 hours, moving 30 degrees per hour and 0.5"	others	middle	medium
418	"Solution I is composed of lemon juice, oil, and vinegar in a ratio of 1:2:3; Solution II is made from the same three liquids in a ratio of 3:4:5. After combining the two solutions, the new mixture's ratio cannot be (   ). 
A. 2:5:8   B. 4:5:6   C. 3:5:7   D. 5:6:7
E. 7:9:11"	fill_in_the_blank	A, B, D, E	Application of Proportions	"Solution:

1:2:3 = 3:6:9,  
(3+3):(6+4):(9+5) = 6:10:14 = 3:5:7.  

Therefore, the new mixture ratio could be 3:5:7.  
Hence, the answer is: ABDE.

Analysis:

This question tests the judgment of proportions after mixing. We need to appropriately adjust the proportions of mixtures I and II to find the total proportion after mixing and compare with the options to identify the impossible proportion."	2023	middle	hard
1839	The quadratic trinomial \(x^{2} + ax + 12\) is a perfect square trinomial, then the value of \(a\) is ( ).	fill_in_the_blank	0	Complete square form###Square root (finding the square root)	"Solution: Since the quadratic polynomial \(x^{2} + ax + 12\) is a perfect square, we have 

\[x^{2} + ax + 12 = \left( x \pm 2\sqrt{3} \right)^{2}\],

therefore,

\[a = \pm 4\sqrt{3}\].

Thus, the answer is \(\pm 4\sqrt{3}\).

Analysis: This problem tests the perfect square formula and square roots. Based on the quadratic polynomial \(x^{2} + ax + 12\) being a perfect square, using the structure of the perfect square formula, we get 

\[x^{2} + ax + 12 = \left( x \pm 2\sqrt{3} \right)^{2}\],

from which we can determine the value of \(a\)."	2024	middle	medium
5494	Given that the coordinates of point A are \((1,2)\), the coordinates of point A after translating 2 units to the right are ( ).	fill_in_the_blank	(3,2)	Express translation with coordinates	nan	2025	middle	easy
1909	If \(x, y\) are real numbers and \(\left( x^{2} + y^{2} \right)\left( x^{2} + y^{2} + 4 \right) = 21\), then \(x^{2} + y^{2} =\)\ul{　 　}.	fill_in_the_blank	3	Factoring Method for Solving Quadratic Equations###The substitution method for solving quadratic equations.	"Solution: Let \(x^{2} + y^{2} = t \geq 0\),
Thus, \(t(t + 4) = 21\),
Therefore, \(t^{2} + 4t - 21 = 0\),
Solving gives: \(t_{1} = -7\) (discarded), \(t_{2} = 3\),
Thus, \(x^{2} + y^{2} = 3\),
Hence the answer is: \(3\).

Analysis: This problem involves solving a quadratic equation in one variable. By substitution, let \(x^{2} + y^{2} = t \geq 0\), which leads to the quadratic equation \(t(t + 4) = 21\). Solving the quadratic equation yields the value of \(t\), and verification provides the answer."	2024	middle	medium
2947	"Magic squares are an ancient mathematical problem. The earliest magic square of a 3x3 grid is recorded in ancient China's ""Lo Shu"". It involves filling the magic square with 9 numbers such that the sum of the 3 numbers in each row, each column, and both diagonals is equal. As shown in the figure, the magic square is incomplete, and \(m =\) ( )."	fill_in_the_blank	-1	Other Applications of Linear Equations###Magic square, magic circle math problem	nan	others	middle	medium
580	Calculate: \(\sqrt[4]{(-4)^{2}} - \sqrt[3]{3^{3}} - 2^{0} + \left(\frac{1}{2}\right)^{-3} = ( ) \).	fill_in_the_blank	6	Zero exponentiation###Negative integer exponentiation###Definition of the Square Root	[Analysis] By calculating using the properties of square roots, zero exponent, and negative integer exponents, the answer can be obtained.	2019	middle	hard
3790	Given real numbers a, b, c satisfy \(\sqrt{a + b + c} + \sqrt{\left( a^{2} + 1 \right)(b - 6)} + |10 - 2b| = 2\), then \(ab + bc = \underline{ \quad }\).	fill_in_the_blank	-36	The mixed operations of polynomials###The condition for a quadratic radical to be meaningful###The absolute value of a real number	"Solution:

Given:

\((a^{2} + 1)(b - 6) \geq 0\),

Since \(a^{2} + 1 > 0\),

Therefore, \(b - 6 \geq 0\),

Thus, \(b \geq 6\),

Therefore, \(|10 - 2b| = 2b - 10\),

Hence, \(\sqrt{a + b + c} + \sqrt{(a^{2} + 1)(b - 6)} = 0\),

Since \(\sqrt{a + b + c} \geq 0\) and \(\sqrt{(a^{2} + 1)(b - 6)} \geq 0\),

Therefore, \(12 - 2b \geq 0\), solving gives \(b \leq 6\),

Thus, \(b=6\), which means \"	others	middle	medium
3275	"To strengthen citizens' water-saving awareness and to use water resources rationally, a city uses price regulation to achieve water-saving days. The city's tap water pricing table is as follows (water charges are calculated based on monthly water usage in cubic meters \(m^{3}\)):

\[
\begin{array}{cc}
\text{Pricing Table} & \\
\text{Monthly Water Usage (in cubic meters \(m^{3}\))} & \text{Price} \\
\text{Up to and including \(10m^{3}\)} & 2 yuan/\(m^{3}\) \\
\text{Over \(10m^{3}\) but not exceeding \(18m^{3}\)} & 3 yuan/\(m^{3}\) \\
\text{Over \(18m^{3}\)} & 6 yuan/\(m^{3}\) \\
\end{array}
\]

(1) If Xiaoming's household water usage for the month is ( ) \(m^{3}\), the total charge is ( ) yuan. (2) If the water usage \(m\) in the month is \(a\) \(m^{3}\) over 18 \(m^{3}\), write the expression for the monthly charge as ( ). (3) In April, the water consumption was ( ) \(m^{3}\) and in May was ( ) \(m^{3}\)."	fill_in_the_blank	12, 35; \(6a - 64\); 16, 24	The Practical Application of Linear Equations: Billing Issues	nan	2024	middle	medium
3644	"Use a simplified method to calculate.

(1) \(\left( \frac{2}{29} + \frac{3}{23} \right) \times 29 \times 23 = ( )\)

(2) \(\frac{6}{7} \times \left\lbrack \frac{2}{3} - \left( \frac{5}{12} - \frac{1}{3} \right) \right\rbrack = ( )\)

(3) \(\frac{333 \times 777 - 222 \times 666}{555 \times 999} = ( )\)

(4) \(\frac{1}{3} + \frac{1}{15} + \frac{1}{35} + \frac{1}{63} + \frac{1}{99} + \frac{1}{143} = ( )\)"	fill_in_the_blank	133; \(\frac{1}{2}\); \(\frac{1}{5}\); \(\frac{6}{13}\)	Multiplying Fractions by Integers###Multiplying Fractions by Fractions###Four operations of fractions mixed calculation###Addition and subtraction of fractions with different denominators	nan	2023	middle	medium
2873	The sum of all integers with an absolute value less than 2024 is \ul{　 　}.	fill_in_the_blank	0	The meaning and properties of opposites###The concept and significance of absolute value###The addition rules of rational numbers	"Solution: The integers whose absolute values are less than 2024 are: 0, ±1, ±2, ±3, ..., ±2023.

Therefore, the sum of all integers whose absolute values are less than 2024 is: 0 + (-1+1) + (-2+2) + (-3+3) + ... + (-2023+2023) = 0.

Thus, the answer is: 0.

Analysis: Based on the problem, list the expression and then apply the associative property of addition and the property of opposites: the sum of two opposite numbers is 0, which yields the result.

Calculation Problems:"	others	middle	medium
1617	\(-2\) is the cube root of \(\underline{\phantom{a}}\).	fill_in_the_blank	\(- 8\)	The concept and representation of cube roots	nan	2024	middle	medium
791	A multiple-choice test consists of 25 questions, with each correct answer earning 4 points, and 1 point deducted for each question not answered or answered incorrectly. If a student scored 80 points, then they answered ( ) questions correctly.	fill_in_the_blank	21	The Practical Application of Linear Equations - Integration Problems	nan	2024	middle	easy
3847	For any non-zero real numbers \(a\) and \(b\), a new operation ``⊕'' is defined: \(2 \oplus 3 = - \frac{5}{6}\), \(3 \oplus 2 = \frac{5}{6}\), \((-3) \oplus 5 = \frac{16}{15}\), \(5 \oplus (-3) = - \frac{16}{15}\), etc., then \(4 \oplus (-2) =\) ( ).	fill_in_the_blank	-\(\frac{3}{2}\)	Practical applications of finding the values of algebraic expressions###Exploring Patterns - Equations-type Patterns	"Solution: Given that \(2 \oplus 3 = -\frac{5}{6}\), \(3 \oplus 2 = \frac{5}{6}\), \((-3) \oplus 5 = \frac{16}{15}\), \(5 \oplus (-3) = -\frac{16}{15}\), etc.,  
thus, \(a \oplus b = \frac{a^{2} - b^{2}}{ab}\).  
Therefore, \(4 \oplus (-2) = \frac{4^{2} - (-2)^{2}}{4 \times (-2)} = -\frac{3}{2}\).  
So the answer is \(-\frac{3}{2}\).  

Analysis: Based on the results of the new operation, we obtain \(a \oplus b = \frac{a^{2} - b^{2}}{ab}\). Substituting \("	others	middle	medium
218	"Each of students A and B has a number of extracurricular books. A says to B: ""If you give me 2 books, I will have n times as many books as you."" B says to A: ""If you give me n books, I will have 2 times as many books as you."" Here, n is a positive integer. The number of possible values for n is ( ).  
A. 2 B. 4 C. 5 D. 6"	fill_in_the_blank	B	Application of Systems of Linear Equations: Sum, Difference, Multiples, and Division Problems	nan	2024	middle	hard
387	In the rectangular coordinate system \(xOy\), given \(A(8, a)\), \(B(3, b)\), and using the line segment \(AB\) as the diagonal to form square \(AOBC\), the coordinates of point \(C\) are ( ) or ( ).	fill_in_the_blank	(-11, 5) or (11, -5)	Coordinates and Properties of Figures###Properties of a Square###The solution of a system of quadratic equations in two variables	"Solution: Given that quadrilateral AOBC is a square, we have diagonals AB = OC and sides AO = OB = BC = CA.

Let A(8, a), B(3, b).

Thus, \(AO = \sqrt{8^{2} + a^{2}} = \sqrt{a^{2} + 64}\),

\(OB = \sqrt{3^{2} + b^{2}} = \sqrt{b^{2} + 9}\),

\(AB = \sqrt{(3 - 8)^{2} + (b - a)^{2}} = \sqrt{(b - a)^{2} + 25}\).

Since quadrilateral AOBC is a square, ∠AOB = 90°,

\(AB^{2} = AO^{2} + OB^{2} \Rightarrow (b - a)^{2} + 25 = a^{2} + b^{2} +"	2023	middle	hard
420	"If a four-digit natural number has its tens digit as the difference between twice the thousands digit and the hundreds digit, and its units digit as the sum of twice the thousands digit and the hundreds digit, then we call this four-digit number a ""dependent number."" The smallest four-digit dependent number is ( ); if the number represented by the last three digits of a four-digit ""dependent number"" minus three times the hundreds digit of this number yields a result that leaves a remainder of 3 when divided by 7, such a number is called a ""special number."""	fill_in_the_blank	1022	Application of Factorization - Comparing Sizes	"Solution: 

1. Since there is the smallest four-digit dependency number, 
   the smallest digit in the thousands place of this dependency number is 1, and in the hundreds place is 0. 
   The digit in the tens place is twice the digit in the thousands place minus the digit in the hundreds place, and the digit in the units place is twice the digit in the thousands place plus the digit in the hundreds place,
   Therefore, the digit in the tens place is: 1×2-0=2, and in the units place is: 1×2+0=2,
   Therefore, the smallest four-digit dependency number is 1022.

2. Let the digit in the thousands place be \(x\), and in the hundreds place be \(y\), where \(x \neq 0\) and \(2x > y\).
   Therefore, the digit in the tens place is \((2x - y)\), and in the"	2024	middle	hard
714	\(a\), \(b\) are two different prime numbers, \(\frac{b}{a}\) must be a simple fraction in the form of ( ).	fill_in_the_blank	\(\frac{b}{a}\)	Simplest fraction	nan	2023	middle	easy
2950	"Represent using an algebraic expression:  
(1) The quotient of the difference between x and 2 divided by y: ( )  
(2) Three times the sum of the squares of numbers x and y: ( )."	fill_in_the_blank	\(\frac{x - 2}{y}\); \(3(x^2 + y^2)\)	Express the quantitative relationships of sum, difference, multiple, and division using algebraic expressions.	"Solution: 

(1) The quotient of the difference between x and 2 divided by y is: \(\frac{y}{x - 2}\); 
Therefore, the answer is: \(\frac{y}{x - 2}\).

(2) Three times the sum of the squares of x and y is: \(3(x^{2} + y^{2})\); 
Therefore, the answer is: \(3(x^{2} + y^{2})\).

Analysis:

(1) Formulate the algebraic expression based on the problem statement.

(2) Formulate the algebraic expression based on the problem statement."	others	middle	medium
1387	"The company plans to use up to 5 million yuan to purchase equipment A and B, priced at 600,000 yuan and 700,000 yuan respectively. Based on requirements, at least 3 sets of equipment A and at least 2 sets of equipment B must be purchased. There are ( ) different purchasing methods.
A. 5 B. 6 C. 7 D. 8"	fill_in_the_blank	C	The application of a linear inequality system	"Solution: Let y represent the number of type B equipment purchased. According to the problem:

\[
\left\{ \begin{array}{r}
500 - 70y \geq 180 \\
y \geq 2
\end{array} \right.
\]

2 ≤ y ≤ 32/7
Since y is an integer,

y = 2, 3, 4

When y = 2, type A equipment to purchase: 3, 4, 5, 6
When y = 3, type A equipment to purchase: 3, 4
When y = 4, type A equipment to purchase: 3

Therefore, there are 7 different purchasing methods.

Select: C.

Analysis: Let y be the number of type B equipment purchased. Given that the funds for purchasing both types of equipment are not more than 5 million yuan and at least 2 units of type B equipment must be"	others	middle	hard
1779	\(1.2 \times a = b \times \frac{3}{4} = c = d \div 5\) (where a is not equal to 0). Among the four numbers a, b, c, and d, the largest is ( ).	fill_in_the_blank	d	Fraction Division Word Problems###Comparison of fractions with different denominators	nan	2023	middle	medium
1725	The cost price of a piece of clothing is a, and if a 20% increase based on the cost price is applied, the marked price is represented as \ul{　 　}.	fill_in_the_blank	1.2a	Use letters to represent numbers.###Express the quantitative relationships in real-world problems using algebraic expressions.	"Answer: Given that the cost price of a piece of clothing is a, and it is marked up by 20% on the cost price, the marked price can be expressed as: (1 + 20%)a = 1.2a. Therefore, the answer is: 1.2a. 

Analysis: This problem examines the concept and representation of an algebraic expression. ① The multiplication sign in an algebraic expression is usually abbreviated as ""."" or omitted; ② When multiplying numbers and letters, the number should be written in front of the letter, and a number of 1 is usually omitted; ③ Division in an algebraic expression is generally written as a fraction, and mixed numbers should be converted to improper fractions. Based on the equation marked price = cost price + 20% of cost price, the algebraic expression is set up and the answer is obtained."	2024	middle	medium
1906	Congcong and Mingming went shopping at the supermarket, where a raffle event is taking place. For every 100 yuan spent in a single transaction, a raffle ticket is given. It is known that Congcong bought 5 boxes of cookies and received 3 raffle tickets; Mingming bought 5 boxes of cookies and 1 cake and received 4 raffle tickets. If the price of each box of cookies is x yuan and each cake costs 150 yuan, then the range of x is \ul{　 　}.	fill_in_the_blank	60≤x<70	Practical Application of a System of Linear Inequalities: Sales Problem	"Solution: From the problem statement, we have the system of inequalities:

\(\left\{ \begin{array}{r}
5x \geq 3 \times 100 \\
5x + 150 < 5 \times 100
\end{array} \right.\ \).

Solving this, we find \(60 \leq x < 70\).

Therefore, the answer is: \(60 \leq x < 70\).

Analysis: According to the problem statement, establish the system of inequalities:

\(\left\{ \begin{array}{r}
5x \geq 3 \times 100 \\
5x + 150 < 5 \times 100
\end{array} \right.\ \),

and then solve it."	2024	middle	medium
2222	In a woodworking factory's workshop, there are 14 workers making tables. Each worker can process 10 tabletops or 30 table legs per hour. One tabletop requires 4 table legs. To ensure that the number of tabletops and table legs processed per hour matches perfectly, the workshop should assign \ul{　 　} workers to process table legs.	fill_in_the_blank	8	The Practical Application of Linear Equations - Allocation Problems	"【Answer】 Let the workshop assign m workers to process table legs, then assign (14-m) workers to process tabletops. According to the problem statement: \(30m = 4 \times 10(14 - m)\). Solving this, we get: m=8. Therefore, the workshop should assign 8 workers to process table legs. Thus, the answer is: 8.

【Analysis】 Let the workshop assign m workers to process table legs, then assign (14-m) workers to process tabletops. Given that one tabletop requires 4 table legs, set up the equation \(30m = 4 \times 10(14 - m)\) to solve for the number of workers processing table legs."	others	middle	medium
2225	"A mathematics interest group observed the equation \(ax^{3} + bx^{2} + cx + d = (x - 2)^{3}\) and found: when \(x=1\), \(a+b+c+d=(1-2)^{3}=-1\). Please carefully observe this equation and try to calculate the value of the following polynomials:
(1) \(-a+b-c+d=\ul{\quad}\).
(2) \(8a+4b+2c=\ul{\quad}\)."	fill_in_the_blank	"(1) -27  
(2) 8"	Evaluate under polynomial conditions	"Solution: (1) When x = -1, -a + b - c + d = (-3)^3 = -27;  
Thus, the answer is: -27.  
(2) When x = 0, d = (-2)^3 = -8,  
When x = 2, 8a + 4b + 2c + d = 0,  
Therefore, 8a + 4b + 2c = -d = 8.  
Thus, the answer is: 8.  
Analysis: (1) Substitute x = -1 to find the answer;  
(2) First, substitute x = 0 to find the value of d, then substitute x = 2 to find the answer."	others	middle	medium
2860	If the opposite of a negative integer is less than 2, then this negative integer is \underline{　　}.	fill_in_the_blank	-1	Method for finding the opposite of a rational number.	Solution: Since the opposite of a negative integer is less than 2, therefore, this negative integer is -1. Thus, the answer is: -1. Analysis: Solve based on the definition of opposite numbers.	others	middle	medium
3228	At the beginning of last year, Xiaolong deposited his New Year money into the bank as a one-year fixed deposit, and at maturity, the total principal and interest amounted to 2,150 yuan. Given that the annual interest rate of this type of savings is 3.50%, let the amount of New Year money Xiaolong deposited be x yuan. According to the problem, the equation can be set up as ( ) (excluding interest tax).	fill_in_the_blank	x + 0.035x = 2150	Form a linear equation in one variable.###Practical Applications of Linear Equations - Interest Problems	Solution: According to the problem, Xiaolong deposited x yuan of gift money with an annual interest rate of 3.50% for 1 year. The total principal and interest at maturity is 2150 yuan. The equation can be set up as: x + 3.50%x × 1 = 2150, i.e., x + 3.50%x = 2150. Therefore, the answer is: x + 3.50%x = 2150. Analysis: The formula for interest and total principal and interest is: interest = principal × annual interest rate × time, total principal and interest = principal + interest. Based on the known annual interest rate and time, and the total principal and interest at maturity, let the principal be x and use the formula to set up the equation.	others	middle	medium
3262	"According to the problem, set up the equations:  
(1) There are 12 chickens and rabbits in the yard, with a total of 34 legs. How many chickens and rabbits are there? Let the number of rabbits be x. The equation is: ( ) 
(2) A company's credit score this month is 96 points, an increase of 20% from last month. Let the company's credit score last month be x. The equation is: ( )."	fill_in_the_blank	4x + 2(12 - x) = 34; (1 + 0.20)x = 96	Other Applications of Linear Equations###Real-world Application of Linear Equations: The Chicken and Rabbit Cage Problem###Form a linear equation in one variable.	"Solution: (1) Let x be the number of rabbits, then there are (12-x) chickens. Based on the problem, we have: 4x + 2(12-x) = 34. (2) Let x be the company's credit score last month. Based on the problem, we have: (1+20%)x = 96. Thus, the solutions are: 4x + 2(12-x) = 34; (1+20%)x = 96.

Analysis: (1) Let x be the number of rabbits, then there are (12-x) chickens. Create an equation based on the total number of rabbit legs plus the total number of chicken legs equals 34. (2) Let x be the company's credit score last month, then this month's credit score is (1+20%)x. Create an equation based on this month's credit score being 96."	others	middle	medium
3267	"Given \(\frac{a}{2} = \frac{b}{3}\), the value of the algebraic expression \(\frac{a + b}{b}\) is \ul{    };

(2) Given line segments \(a = 8cm\), \(b = 2cm\), the geometric mean of segments \(a\) and \(b\) is \ul{    }."	fill_in_the_blank	\(\frac{5}{3}\); \(4cm\)	Simplification and evaluation of rational expressions###Properties of Proportions###The ratio of line segments	nan	2024	middle	medium
3269	Given that \(\bigtriangleup = ○ + ○ + ○\) and \(\bigtriangleup - ○ = 22\), then \(○ =\)\ul{　 　}, \(\bigtriangleup =\)\ul{　 　}.	fill_in_the_blank	(11); (33)	The meaning and reading/writing of fractions	nan	2024	middle	medium
3344	If the inequality 5\emph{x} - 2\emph{m} < 3\emph{x} in terms of \emph{x} has only 3 positive integer solutions, then the range of values for \emph{m} is \ul{　 　}.	fill_in_the_blank	3 < m ≤ 4	Parametric problems in linear inequalities	"Solution: Move terms to obtain: \(5x - 3x < 2m,\) Combine like terms to get: \(2x < 2m,\) Normalize the coefficient to 1: \(x < m,\) Since the inequality has only 3 positive integer solutions, \(\therefore 3 < m \leq 4,\) Therefore, the answer is: \(3 < m \leq 4.\)

Analysis: First solve the inequality, then based on the inequality having only 3 positive integer solutions, derive an inequality about m to find the range of m."	2024	middle	medium
3647	Xiaoming wants to know the size of the classroom, so he measured it by pacing and found the classroom's length to be 12 steps and its width to be 9 steps. Given that each step is approximately 0.8 meters, the area of the classroom is approximately ( ) m\textsuperscript{2} (to the nearest 0.1 m\textsuperscript{2}).	fill_in_the_blank	69.1 m\textsuperscript{2}	Accuracy and Significant Figures###The area of a polygon###Combination of numbers and shapes	nan	others	middle	medium
3848	"Under normal circumstances, \(\frac{m}{2} - \frac{n}{3} = \frac{m - n}{2 - 3}\) does not hold, but there are some numbers that make it true, for example: \(m = n = 0\). We call a pair of numbers \(m\) and \(n\) that make \(\frac{m}{2} - \frac{n}{3} = \frac{m - n}{2 - 3}\) true a ""magical pair,"" denoted as \((m, n)\).  
(1) If \((8, n)\) is a ""magical pair,"" then the value of \(n\) is ( );  
(2) If at this time the solution to the equations \(3x - 6 = n\) and \(2x - 1 = 3k\) are equal, then the value of \(k\) is ( )."	fill_in_the_blank	9; 3	Solve the linear equation with parentheses.###Linear Equation - Equivalent Problems	nan	others	middle	medium
4132	Given that one root of the quadratic equation \(x^{2} - 5x + a = 0\) is 3, then \(a =\)\ul{　 　}	fill_in_the_blank	6	Given the roots of a quadratic equation, find the parameters.	nan	2024	middle	easy
5065	If \(x^{m - 2} - 2y^{n + 1} = 5\) is a linear equation in two variables x and y, then \(m + n =\)\_\_\_\_.	fill_in_the_blank	1	The concept of a system of linear equations in two variables	nan	2024	middle	easy
5957	A two-digit number has digits that add up to 5. When the digits are reversed and the resulting number is multiplied by the original number, the product is 736. The two-digit number is ( ).	fill_in_the_blank	32	Application of Quadratic Equations: Number Problems	nan	2024	middle	easy
5975	In the equation 2x + ▲ = 3x, the ▲ is a constant covered with ink. Given that the solution to the equation is x = 2, the constant at ▲ is ( ).	fill_in_the_blank	2	Linear equations - error recovery problem	"Solution:
Let the constant at the ▲ position be y,
therefore, 2x + y = 3x,
since x = 2,
hence 4 + y = 6,
thus y = 2.
So the constant at the ▲ position is 2.
Therefore, the answer is: 2.

Analysis:
Set a parameter, substitute the value of x into the equation, convert it into a linear equation in terms of y, and solve for the answer."	others	middle	easy
