index	question	category	answer	knowledge	analysis	year	grade_level	difficulty_level
2066	During the break, students Zeng Kaiqi and Xue Luoru were playing a number-guessing game. Xiao Xue asked Xiao Zeng to write any four-digit number, and Xiao Zeng wrote \(2008\). Xiao Xue then asked Xiao Zeng to subtract the sum of the digits from this four-digit number, resulting in \(2008 - (2 + 0 + 0 + 8) = 1998\). Xiao Xue then asked Xiao Zeng to circle one number and say the remaining numbers. Xiao Zeng circled \(8\) and told Xiao Xue the remaining numbers were \(1\), \(9\), and \(9\). Xiao Xue immediately guessed that the circled number was \(8\). Xiao Zeng was puzzled and tried the game again, with the remaining numbers being \(6\), \(3\), and \(7\). What number did Xiao Zeng circle this time?	true_false	False	Addition and subtraction of polynomials###Exploring the Patterns of Numbers and Expressions	nan	2024	middle	medium
2692	If the monomial \(3x^{2a+b}y^{6}\) can be combined with the monomial \(4x^{8}y^{3b-3a}\), then the value of \(a-b\) is \underline{\ \ \ }.	true_false	False	Elimination method to solve a system of linear equations in two variables	nan	2022	middle	medium
2754	"True or False questions.
(1) Infinite decimals are all irrational numbers;
(2) All irrational numbers are infinite decimals;
(3) Numbers expressed with a square root are all irrational numbers;
(4) All rational numbers can be represented by points on the number line, conversely, all points on the number line represent rational numbers;
(5) All real numbers can be represented by points on the number line, conversely, all points on the number line represent real numbers."	true_false	True	Irrational numbers represented on the number line###The concept of irrational numbers###The concept of rational numbers###Representation of rational numbers on the number line	"Answer: Solution: (1) Infinite decimals are all irrational numbers, incorrect. Infinite decimals include infinite repeating decimals and infinite non-repeating decimals. Infinite repeating decimals are rational numbers, while infinite non-repeating decimals are irrational numbers.\
(2) Irrational numbers are all infinite decimals; correct.\
(3) Numbers expressed with square roots are all irrational numbers; incorrect. Numbers expressed with square roots are not necessarily all irrational. For example, the square root of 9 equals 3, which is a rational number. Only when the number under the square root cannot be simplified to an integer, is the number expressed with the square root irrational.\
(4) All rational numbers can be represented by points on the number line, and conversely, all points on the number line represent rational numbers; incorrect. All rational numbers can indeed be represented by points on the number line because rational numbers include integers and fractions, which can be located on the number line. However, not all points on"	others	middle	medium
3099	If the system of linear inequalities in one variable \( \left\{ \begin{array}{r} - 2 - x \leq \frac{1}{2}(x - a) \\ \frac{3x + 1}{2} > 2x + 1 \end{array} \right.\ \) has no solution, and the fractional equation in terms of \( y \), \( \frac{ay - 9}{y - 1} - \frac{3y - 1}{1 - y} = 1 \), has non-negative integer solutions, then the value of integer \( a \) that meets the condition is \underline{　 　}.	true_false	False	Solution and Verification of Fractional Equations###Solve a system of linear inequalities in one variable.	nan	2024	middle	medium
2449	A certain company had a profit of 1 million yuan in 2022 and 1.69 million yuan in 2024, with the company's annual average growth rate remaining constant. Let the annual average growth rate be x. According to the given information, the equation can be set up as \ul{　 　}.	true_false	False	Write a quadratic equation in one variable.	"Solution: Based on the problem statement, the profit after two consecutive years of growth is \(100(1+x)^2\), and this profit is given as 169. Therefore, \(100(1+x)^2=169\). Thus, the answer is: \(100(1+x)^2=169\).

Analysis: According to the problem statement, determining the profit after two consecutive years of growth allows us to set up the equation."	2024	middle	medium
2386	There are four points A, B, C, and D on a plane. A straight line is drawn through any two points. The maximum number of lines that can be drawn is \ul{　 　}.	true_false	False	Line, ray, line segment	Answer: As shown in the diagram, there are four points A, B, C, and D on the plane. Drawing a line through any two points results in the following lines: line AB, line AC, line AD, line BC, line BD, and line CD, totaling six lines. Therefore, the maximum number of lines that can be drawn is 6. Hence, the answer is: D. Analysis: According to the problem's requirements, to draw the maximum number of lines, points A, B, C, and D on the plane must be non-collinear, and a line is drawn through any two points accordingly.	others	middle	medium
2384	Given that a and b are constants, and for the equation regarding x \(\frac{kx + a}{3} = 1 - \frac{2x + bx}{6},\) its solution is always 1 regardless of the value of k, then a+b=______.	true_false	False	Terms, coefficients, and degree of a polynomial###Given the solution of a linear equation, find the parameter.	"Solution: Substitute \( x = 1 \) into the equation \(\frac{kx + a}{3} = 1 - \frac{2x + bx}{6}\) to get \(\frac{k + a}{3} = 1 - \frac{2 + bk}{6}\). Simplifying, we obtain \((2+b)k+2a-4=0\).

Since the solution is always 1, regardless of the value of \( k \),

Therefore, \(2+b=0\) and \(2a-4=0\),

Solving gives \(b=-2\) and \(a=2\), thus \(a+b=0\).

The answer is: 0.

Analysis: Substitute \( x=1 \) into the equation to get \(\frac{kx + a}{3} = 1 - \frac{2x + bx}{6}\). Simplifying the equation gives \((2 +b)"	others	middle	medium
2750	Xiaofang sleeps 9 hours every day, and her daily sleep time accounts for \(\frac{9}{24}\) of the entire day.	true_false	True	Fraction Division Word Problems	"Explanation: Xiaofang sleeps 9 hours per day. To find out what fraction of the entire day this represents, use division: the equation is 9 ÷ 24 = \(\frac{9}{24}\). Thus, the answer is correct.

Analysis: There are 24 hours in a day. To determine what fraction of the day is spent sleeping, divide the daily sleep hours by the total hours in a day."	others	middle	medium
2385	Observe the following equations: \(\frac{1}{\sqrt{2} + 1} = \sqrt{2} - 1\); \(\frac{1}{\sqrt{3} + \sqrt{2}} = \sqrt{3} - \sqrt{2}\); \(\frac{1}{\sqrt{4} + \sqrt{3}} = \sqrt{4} - \sqrt{3}\)...... Identify the pattern from these equations and use it to calculate: \(\left( \frac{1}{\sqrt{3} + \sqrt{2}} + \frac{1}{\sqrt{4} + \sqrt{3}} + \ldots\ldots + \frac{1}{\sqrt{2020} + \sqrt{2019}} \right)\left( \sqrt{2020} + \sqrt{2} \right)\)=\ul{　 　}.	true_false	False	Multiplication and Division of Square Roots###Addition and Subtraction of Quadratic Radicals	nan	2023	middle	medium
3454	The quadratic trinomial \(x^{2} - 12x + k\) can be factored into two linear factors within the range of integers, then the number of possible values for k is \underline{     }.	true_false	False	The concept of factorization	nan	2024	middle	medium
2935	One factor remains constant, and the product is inversely proportional to the other factor.	true_false	False	Quantities in inverse proportion and their significance.	[Answer] Explanation: Product ÷ another factor = one factor. When one factor remains unchanged, the product is directly proportional to the other factor. The original statement is incorrect. Therefore, the answer is: incorrect. [Analysis] According to the relationships among each part of a multiplication equation, determine whether the product or the quotient is constant with respect to another factor. If the product remains constant, it is an inverse proportion; if the quotient remains constant, it is a direct proportion; otherwise, it is not proportional.	others	middle	medium
770	The product \(24 \times 35 \times a\) is definitely a multiple of \(2\), \(3\), and \(5\) (\(a\) is a natural number greater than zero\)). (Determine true or false.)	true_false	True	Characteristics of numbers divisible by 2###Characteristics of numbers divisible by 5	Solution: Since 24×35=840, and 840=2×3×5×28, therefore, 840 must be a multiple of 2, 3, and 5. Therefore, the product of 24×35×a must also be a multiple of 2, 3, and 5 (where a is a natural number greater than zero). Hence, the answer is: correct. Analysis: First, calculate the product of 24 and 35, which is 840. Then decompose 840 into 2×3×5×2×2×7, confirming it is a multiple of 2, 3, and 5, thus leading to the conclusion.	2023	middle	easy
2508	Two consecutive natural numbers are always coprime. (    )	true_false	False	Prime numbers and composite numbers	"Answer: Adjacent natural numbers (excluding 0) are always coprime, so the original statement is incorrect. \\
Therefore, the answer is: Incorrect. \\
Analysis: Adjacent natural numbers (excluding 0) have only the common factor of 1, so they are always coprime."	2021	middle	medium
1121	\(- a\) is a negative number (　　)	true_false	False	The concept of algebraic expressions	"[Solution] When \(a \leq 0\), \(-a\) is a non-negative number. When \(a > 0\), \(-a\) is a negative number. Therefore, saying \(-a\) is always a negative number is incorrect. Thus, the answer is: incorrect.
[Analysis] Solve based on the definition of the algebraic expression."	2022	middle	easy
2514	\(\frac{(x + y) + (x - y)}{2(x + y)(x - y)}\) = \(\frac{1}{2}\) .	true_false	False	Simplification of fractions	"Solution: 

\(\frac{(x + y) + (x - y)}{2(x + y)(x - y)}\) = \(\frac{x + y + x - y}{2(x + y)(x - y)}\) = \(\frac{x}{(x + y)(x - y)}\).

Therefore, the answer is: Incorrect.

Analysis: First, remove the brackets in the numerator, combine like terms, and then cancel out the common factors of the numerator and denominator."	others	middle	medium
3218	"Determine true or false. \\
If the areas of two circles are equal, their circumferences must also be equal."	true_false	True	Circumference of a circle###Area of a circle	"Solution: S=πr², C=2πr. If the areas of two circles are equal, then their radii must be equal, and thus their circumferences must also be equal. Therefore, the answer is: Correct.

Analysis: This problem examines the calculation of a circle's area and circumference, which can be analyzed using their respective formulas."	others	middle	medium
1335	Given that integers \(x\), \(y\), \(z\) satisfy \(xy + yz + zx = 118\), the minimum value of \(x^{2} + y^{2} + z^{2}\) is \ul{  }.	true_false	False	Symmetric form and cyclic symmetric form	"Solution: Because \((a - b)^{2} = a^{2} + b^{2} - 2ab \geq 0\), 

therefore \(a^{2} + b^{2} \geq 2ab\),

therefore \(x^{2} + y^{2} \geq 2xy, x^{2} + z^{2} \geq 2xz, y^{2} + z^{2} \geq 2yz\),

therefore \(2x^{2} + 2y^{2} + 2z^{2} \geq 2xy + 2xz + 2yz\),

which means \(x^{2} + y^{2} + z^{2} \geq xy + xz + yz = 118\),

thus the answer is: 118.

Analysis: Using the perfect square formula \((a - b)^{2} ="	2024	middle	hard
2068	Given that \(x = 2\) is a solution to the linear equation \(4 - ax = x\), the value of \(a\) is \underline{    }．	true_false	False	Given the solution of a linear equation, find the parameter.	"Solution: Since \(x = 2\) is the solution to the linear equation \(4 - ax = x\), we have \(4 - 2a = 2\). Solving this gives \(a = 1\). Therefore, the answer is \(1\).

Analysis: According to the definition of the solution of an equation, ""the solution is the value of the unknown that makes both sides of the equation equal,"" substituting \(x = 2\) into the equation \(4 - ax = x\) results in a linear equation in terms of \(a\), which can be solved to find the solution."	2024	middle	medium
2445	To ensure the health of a large number of teachers and students, the school intends to purchase a batch of hand sanitizers and disinfectants. It is known that buying 2 bottles of hand sanitizer and 3 bottles of disinfectant costs 44 yuan; the cost of buying 4 bottles of hand sanitizer and 5 bottles of disinfectant is the same. Find the price of each bottle of hand sanitizer and disinfectant. If we set the price of each bottle of hand sanitizer as \(x\) yuan and each bottle of disinfectant as \(y\) yuan, then the system of equations can be set up as: _____.	true_false	False	Formulate a system of two linear equations with two variables.	nan	2023	middle	medium
2510	Determine whether 8 is a factor of 8, and 8 is also a multiple of 8.	true_false	True	The meaning of factors and multiples###A method to find the factors of a number###Method for finding the multiple of a number	"The factors of 8 are: 1, 2, 4, 8; the multiples of 8 are 8, 16, 24, etc. 8 is a factor of 8, and 8 is also a multiple of 8, so the statement is correct. Therefore, the answer is: Correct.

Analysis: A non-zero natural number is both its own largest factor and its smallest multiple."	others	middle	medium
2938	A proportion is composed of any two ratios.	true_false	False	The meaning and basic properties of proportion	[Answer] Explanation: Only two ratios with equal values can form a proportion; the original statement is incorrect. Therefore, the answer is: incorrect. [Analysis] A statement indicating two equal ratios is called a proportion, so only ratios with equal values can form a proportion.	others	middle	medium
2691	One day, mischievous Xiao Ming took the elevator from the 1st floor, and his elevator record is as follows (upward is positive, downward is negative, unit: floors): -2, +4, +1, -3, +3. There are \ul{   } positive numbers, \ul{   } negative numbers, and Xiao Ming finally stopped at the \ul{   } floor.	true_false	False	Practical applications of positive and negative numbers	"[Answer] Solution: Positive numbers are: +4, +1, +3; Negative numbers are: -2, -3; Xiaoming ends up on the 4th floor, so the answer is: +4, +1, +3; -2, -3; 4th floor.

[Analysis] In the record of Xiaoming taking the elevator, positive numbers are +4, +1, +3 and negative numbers are -2, -3. According to the record, Xiaoming starts from the 1st floor, moves down 2 floors, up 4 floors, up 1 floor, down 3 floors, and finally up 3 floors, reaching the 4th floor."	others	middle	medium
2755	A cylinder and a cone with equal volume and base area will have the cone's height being three times that of the cylinder.	true_false	True	Volume of a cylinder###Volume of a cone	Answer: Solution: Assume both the volume and base area are 1, then the height of the cone is 1×3÷1=3, and the height of the cylinder is 1÷1=1, so the cone's height is three times the height of the cylinder. The original statement is correct. Therefore, the answer is: Correct. Analysis: The volume of a cylinder = base area × height, the volume of a cone = base area × height × \(\frac{1}{3}\). If you assume both the volume and base area are 1, you can calculate the height and determine the multiple relationship.	others	middle	medium
2931	"True or False.

(1) 37°28' \textgreater 37.5°;
(2) If two angles are the supplements of the same angle, then they are equal;
(3) The supplement of an angle is always greater than the angle;
(4) An acute angle is complementary to an obtuse angle."	true_false	True	Complementary angles, supplementary angles, and their properties###Comparison of angle size###Classification of Angles (Right Angle, Acute Angle, and Obtuse Angle)	"Answer:

(1) Solution: 37.5° = 37°30',  
Since 28' < 30',  
Therefore, 37°28' < 37°30', i.e., 37°28' < 37.5°.  
So the answer is: Incorrect.  

(2) If two angles are supplements of the same angle, denote this angle as α, and the two supplementary angles as β and γ,  
Therefore, α + β = 180°, α + γ = 180°.  
Thus, β = γ. Conclusion proved.  
So the answer is: Correct.  

(3) A supplementary angle is not necessarily larger than the given angle.  
For example, if the angle measures 120°, then its supplementary angle is: 180° - 120° = 60°,  
Therefore, at this time 120° > 60°.  
So the answer is: Incorrect.  

(4) An acute angle"	others	middle	medium
3206	Isosceles trapezoids and right trapezoids are special trapezoids. (True or False)	true_false	True	Trapezoid	"Solution: 

Isosceles trapezoid: A trapezoid with two equal legs is called an isosceles trapezoid; thus, it can be concluded that an isosceles trapezoid is a special type of trapezoid.

Right trapezoid: A trapezoid with one right angle is called a right trapezoid.

From this, we can see that isosceles trapezoids and right trapezoids are special trapezoids, so the original statement is correct. 

Therefore, the answer is: Correct.

Analysis: This can be determined based on the definitions of isosceles trapezoids and right trapezoids."	others	middle	medium
3221	"Round 159,497,000,000 to the following approximations using scientific notation:
(1) 159,497,000,000 ≈ \ul{　 　} (accurate to the ten million position).
(2) 159,497,000,000 ≈ \ul{　 　} (accurate to the hundred million position).
(3) 159,497,000,000 ≈ \ul{　 　} (accurate to the ten billion position)."	true_false	False	Scientific notation represents numbers greater than 10.###Accuracy and Significant Figures	"Solution: (1) The ten-millionth place of 159497000000 is the digit 9 in the second position from the left. The digit following it is 7, which is greater than 5, so we round up, resulting in 1.5950×10¹¹;  
(2) The billionth place of 159497000000 is the digit 4. The digit following it is 9, which is greater than 5, so we round up, resulting in 1.595×10¹¹;  
(3) The ten-billionth place of 159497000000 is the digit 5. The digit following it is 9, which is greater than 5, so we round up, resulting in   
Thus, the answer is: 1.5950×10¹¹; 1.595×10¹¹; 1.6×10¹¹.  
Analysis: First, determine the precise place value"	others	middle	medium
3446	If \(4^{x} = \sqrt{2}\), \(8^{y} = 4\sqrt{2}\), then the value of \(12x^{2} - 27y^{2}\) is \ul{　 　}.	true_false	False	Fractional exponentiation	nan	2024	middle	medium
3448	If the polynomial \(x^{2} + mx - 6\) can be factored within the integer range, then the possible values of \(m\) are \ul{　 　}.	true_false	False	Factorization - Cross Multiplication Method	nan	2024	middle	medium
3402	The sum of the opposite of +5.7 and the absolute value of -7.1 is -1.4 (    )	fill_in_the_blank	False	Opposite numbers and the opposites of rational numbers###Absolute value and the absolute value of rational numbers.	"Solution: The sum of the opposite of +5.7 and the absolute value of -7.1 is 1.4, thus the original statement is incorrect. Therefore, the answer is: incorrect. Analysis: Solve using the properties of absolute values and opposites. 

IV. Fill-in-the-blank questions"	2022	middle	medium
3561	The base area of a cylinder is 12.56 square centimeters, and its height is 12.56 centimeters. The lateral surface of this cylinder unfolds into a square.	fill_in_the_blank	True	Area of a circle###The unfolded view of a cylinder###Practical Applications of Arithmetic Square Roots	nan	2022	middle	medium
3562	"Divide 20 apples evenly into 5 parts, then each apple among these 20 apples can be regarded as unit ""1""."	fill_in_the_blank	False	"Recognition and Identification of the Unit ""1"""	"Answer: Divide 20 apples into 5 equal parts, with the total of 20 apples being unit ""1"". The original statement is incorrect. Therefore, the answer is: incorrect. Analysis: Unit ""1"" is a whole, and the quantity that is divided equally is the quantity of unit ""1""."	others	middle	medium
1953	For two rational numbers, the one with the larger absolute value is actually smaller.	fill_in_the_blank	False	Comparison of Rational Numbers	"Answer: According to the comparison of rational numbers, it is known that among rational numbers, negative numbers are less than 0 and positive numbers are greater than 0. However, when comparing two negative numbers, the one with the larger absolute value is actually smaller, so it is incorrect. Therefore, the answer is: false.

Analysis: Comparison of rational numbers: positive number > 0 > negative number. When comparing two positive numbers, the one with the larger absolute value is larger, and when comparing two negative numbers, the one with the larger absolute value is smaller."	2017	middle	medium
3738	A number that is divisible by 3 and 5 is necessarily divisible by 15. (　　)	fill_in_the_blank	True	Characteristics of numbers divisible by 5###The meaning of common multiples and least common multiple	"Solution: A number divisible by both 3 and 5 is also divisible by 15. Therefore, the original statement is correct.  
The answer is: Correct.  
Analysis: A number that is divisible by both 3 and 5 is a common multiple of 3 and 5, with 15 being the least common multiple, so it must be divisible by 15."	2021	middle	medium
2124	The larger the base area of a cylinder, the larger its volume.	fill_in_the_blank	False	Volume of a cylinder	[Answer] When the height of a cylinder remains unchanged, the larger the base area, the greater the volume; thus, the original statement is incorrect. Therefore, the answer is: incorrect. [Analysis] The volume of a cylinder equals the base area multiplied by the height. When the height of the cylinder remains unchanged, the larger the base area, the greater the volume, according to this judgment.	others	middle	medium
2277	If a ÷ b = c, then a can be divided evenly by b. (True or False)	fill_in_the_blank	False	The Meaning of Divisibility	"[Answer] Solution: a ÷ b = c, if a, b, c are decimals or fractions, they cannot be considered divisible. Therefore, the original statement is incorrect. Hence the judgment: Incorrect. 

[Analysis] Divisibility means that when one integer is divided by another non-zero integer, the quotient is an integer with no remainder. We say that the first integer can be divided by the second integer, and the second integer can divide the first integer; this is used for judgment."	others	middle	medium
5550	Determine whether it's true or false: The product of any two natural numbers is always greater than the sum of these two numbers.	fill_in_the_blank	False	The concepts of natural numbers and integers	[Answer] For example, 1+2=3, 1×2=2, the sum is greater than the product, thus the original statement is incorrect. Therefore, the answer is: incorrect. [Analysis] You can use examples to determine this; for instance, take 1 and 2, calculate the sum and product of the two numbers, then compare their sizes to make a judgment.	others	middle	easy
2566	"True or False question:
In a certain tree planting event, the survival rate reached 105%."	fill_in_the_blank	False	The Practical Application of Percentages	"[Answer] The survival rate cannot exceed 100%, and the statement in the original question is incorrect. Therefore, the answer is: incorrect. 
[Analysis] According to the survival rate formula: number of surviving plants ÷ number of planted plants × 100% = survival rate. If all survive, the survival rate is 100%. The survival rate cannot exceed 100%, as per this explanation."	others	middle	medium
3661	"Determine true or false.
A bottle of drink weighs \( \frac{7}{10} \) kilograms, which can be written as 70% kilograms."	fill_in_the_blank	False	The meaning and reading/writing of percentages	[Answer] Solution: A bottle of drink weighs \(\frac{7}{10}\) kilograms, it cannot be written as 70% kilograms. Therefore, the answer is: Incorrect. [Analysis] A percentage represents the multiplicative relationship between two numbers or quantities and cannot include unit names.	others	middle	medium
1887	Two lines in the same plane that do not intersect are called parallel lines.	fill_in_the_blank	True	The positional relationships of lines in a plane	[Answer] Solution: By the definition of parallel lines: Two lines in the same plane that do not intersect are called parallel lines, thus correct. Therefore, the answer is: correct. [Analysis] According to the definition of parallel lines: Two lines in the same plane that do not intersect are called parallel lines, which can be determined.	others	middle	medium
5482	The ratio of 50 cm to 5 m is 1:10. __	fill_in_the_blank	True	Simplify the ratio	nan	2023	middle	easy
3040	\( \frac{5}{7} \) of A is equal to \( \frac{4}{3} \) of B, then A < B. (    )	fill_in_the_blank	False	Find the ratio.	"Answer explanation: \(\frac{5}{7}\) A = \(\frac{4}{3}\) B, so 15 A = 28 B, thus A : B = 28 : 15, indicating A is greater than B, i.e., A \textgreater B. Therefore, the answer is: Incorrect.

Analysis: Find the ratio of A and B, then make a judgment."	2024	middle	medium
2570	A circle with a radius of 2 decimeters has equal circumference and area.	fill_in_the_blank	False	Circumference of a circle###Area of a circle	"Answer: Solution: Circumference: 3.14×2×2=12.56 (decimeters), Area: 3.14×2×2=12.56 (square decimeters). The values are equal, but their units differ, so they cannot be compared in size. Therefore, the statement in the original question is incorrect. Thus, the answer is: Incorrect.

Analysis: The circumference and area of a circle are two different quantities and cannot be compared in size. This can be used to solve the problem."	others	middle	medium
3569	In a proportion, the product of the two extremes is 8, and one of the means is 3, then the other mean is 5. (　　)	fill_in_the_blank	False	Properties of Proportions	"[Answer] Solution: Because the product of the two outer terms is 8, the product of the two inner terms is also 8. When one inner term is 3, the other inner term should be \(\frac{8}{3}\) for the proportion to hold. Therefore, the answer is: Incorrect.

[Analysis] Verify by calculating the proportion where the product of the two outer terms equals the product of the two inner terms."	2024	middle	medium
1904	To keep the ratio 3:7 unchanged when 3 is added to the first term, 3 should also be added to the second term.	fill_in_the_blank	False	The properties of ratios	"[Answer] Solution: 3 + 3 = 6, doubling both the first and second terms gives: 7 × 2 = 14, the second term should be increased by 14 - 7 = 7, so the original statement is incorrect. Hence the answer is: Incorrect.

[Analysis] First determine the multiplication factor for the first term, then apply the same factor to the second term to find it, and finally determine the additional number to be added to the second term in order to make the judgment. 

\textbf{IV. Fill in the blanks}"	others	middle	medium
3553	The multiples of 6 are only 6, 12, 18, 24, 30.	fill_in_the_blank	False	Method for finding the multiple of a number	[Answer] Solution: There are an infinite number of multiples of 6, the statement in the original question is incorrect. Therefore, the answer is: incorrect. [Analysis] The number of multiples of a number is infinite, and the smallest multiple of a number is itself.	others	middle	medium
2129	The size of the central angle within the same circle determines the size of the sector.	fill_in_the_blank	True	Understanding of Sectors	"Answer: Solution: Based on the analysis, it can be concluded that the size of the central angle in the same circle determines the size of the sector, which is correct. Therefore, the answer is: correct. Analysis: The radii in the same circle are equal, and the radii of the sector are also equal, so the area of the sector is determined by the size of the central angle. 

Section Four: Fill-in-the-blank Questions"	others	middle	medium
3335	Determine whether the following statement is correct: 100 diameters can be drawn in the same circle.	fill_in_the_blank	True	Understanding Circles and Pi	"[Solution] Explanation: There are countless diameters in the same circle. 
Therefore, the answer is: Correct. 
[Analysis] In the same circle, countless diameters and radii can be drawn."	others	middle	medium
1895	Because the larger the radius of a circle, the larger its area, the radius and area of a circle are in direct proportion.	fill_in_the_blank	False	Quantities in direct proportion and their significance	"[Answer] Solution: The radius and area of a circle are related quantities, but the quotient and product of the circle's area and radius are not necessarily constants, so they are not proportional. The original statement is incorrect. Therefore, the answer is: Incorrect.

[Analysis] Based on the formula for the area of a circle, determine whether the product or quotient (ratio) of the circle's area and radius is constant. If the product is constant, it is inversely proportional; if the quotient (ratio) is constant, it is directly proportional. Otherwise, it is not proportional."	others	middle	medium
3055	The base radius of a cylinder is 8 cm, and its lateral surface, when unfolded, is exactly a square. The height of this cylinder is 16 cm.	fill_in_the_blank	False	The unfolded view of a cylinder	Solution: The height of the cylinder is: 3.14 × 8 × 2 = 20.24 (cm), the statement in the original question is incorrect. Therefore, the answer is: incorrect. Analysis: First, clarify that the height of the cylinder is the circumference of the base. Then use the formula for the circumference of a circle to find the base circumference, and make a judgment accordingly.	others	middle	medium
3677	Determining the correctness: A map's scale is 10:1, indicating that the distance on the map is 10 times the actual distance; it is a reduced scale.	fill_in_the_blank	False	Scale	[Answer] The map distance is 10 times the actual distance; it should be an enlarged scale. The original question is incorrect. Therefore, the answer is: Incorrect. [Analysis] There are two types of scales: one is an enlarged scale, typically with the first term as 1; the other is a reduced scale, typically with the second term as 1.	others	middle	medium
3555	A product is first marked up by 20% and then the new price is reduced by 20%; the latest selling price is equal to the original price.	fill_in_the_blank	False	Discount issue	[Answer] Let the original price be m yuan. According to the problem, the latest selling price is (1 + 20%) × (1 - 20%) m = 0.96m (yuan). Therefore, the latest selling price is not equal to the original price. Thus, the answer is: wrong. [Analysis] Let the original price be m yuan, first express the latest selling price, then make a judgment.	2023	middle	medium
2268	\(\frac{4}{9}\) of 45 kg is 20 kg.	fill_in_the_blank	True	Multiplying Fractions by Integers	"【Answer】To find \(\frac{4}{9}\) of 45 in kilograms, calculate using multiplication. The equation is 45 × \(\frac{4}{9}\) = 20 kilograms. Therefore, the answer is: correct.

【Analysis】To find a fraction of a number, use multiplication; 45 \(\times \frac{4}{9}\) can also be understood as dividing 45, considered as unit ""1"", into 9 equal parts and representing how much 4 parts are."	others	middle	medium
3385	\(\frac{1}{2}\) is a fraction, it is not a ratio.	fill_in_the_blank	False	The meaning of ratios	"[Answer] Solution: Based on the analysis, the ratio can be expressed as a fraction, so \(\frac{1}{2}\) is a fraction, which is also a ratio. The statement in the original question is incorrect. Thus, the answer is: Incorrect [Analysis] A ratio can be expressed as ""a:b"" or as a fraction, so \(\frac{1}{2}\) represents both a fraction and a ratio."	others	middle	medium
2623	a(a+b) = a² + b².	fill_in_the_blank	False	Monomial multiplied by a polynomial	[Answer] Solution: a(a+b) = a^2 + ab, incorrect. Therefore, the answer is: incorrect. [Analysis] Use the rule of multiplying a monomial by a polynomial to calculate the result of the original expression, and a judgment can be made.	others	middle	medium
3056	Rational numbers can be divided into two categories: positive rational numbers and negative rational numbers. (True or False)	fill_in_the_blank	False	Rational Numbers and Their Classification	[Solution] Explanation: Rational numbers can be divided into positive rational numbers, negative rational numbers, and 0. Therefore, this conclusion is incorrect. Hence, the answer is: Incorrect. [Analysis] The conclusion can be drawn based on the definition of rational numbers.	others	middle	medium
3743	"Determine whether it is true or false.
The diameter of the base of a cylinder is increased to twice its original size, while the height remains unchanged. In this case, the surface area of the cylinder will also be doubled."	fill_in_the_blank	False	Lateral surface area and total surface area of a cylinder.	"Answer: The diameter of the base of a cylinder is doubled while the height remains unchanged. In this case, the lateral surface area of the cylinder also doubles, and the base area increases by a factor of four. Since the surface area of a cylinder equals the lateral surface area plus twice the base area, the original statement is incorrect. Therefore, the answer is: Incorrect.

Analysis: The lateral surface area of the cylinder equals the base circumference times the height. The base area of the cylinder \( S = \pi r^2 \). The surface area of the cylinder equals the lateral surface area plus twice the base area. This is the basis for the analysis and solution."	others	middle	medium
2128	"Determine true or false.
Observe a cylindrical wooden block; its side could be a square."	fill_in_the_blank	True	Features of a Cylinder###The unfolded view of a cylinder	[Answer] Observing a cylindrical wooden block, its side may be a square or a rectangle. The original statement is correct. Therefore, the answer is: Correct. [Analysis] By observing a cylindrical wooden block, its side may be a square or a rectangle, thus providing the answer.	others	middle	medium
2111	In the same plane, the positions represented by the pair \((3, 4)\) and the pair \((4, 3)\) are the same.	fill_in_the_blank	False	Using coordinates to indicate geographical location###Ordered pair	Answer: The statement that the ordered pairs (3, 4) and (4, 3) represent the same position is incorrect, because the column and row numbers for these two positions are different. Therefore, the answer is: False. Analysis: The statement that the ordered pairs (3, 4) and (4, 3) represent the same position is incorrect, because the column and row numbers for these two positions are different.	2021	middle	medium
5464	The number A is \(\frac{1}{5}\) more than the number B, then the number B is \(\frac{1}{5}\) less than the number A. (      )	fill_in_the_blank	False	To find what fraction one number is of another.	"Answer: Solution: Since \(\frac{1}{5} \div (1 + \frac{1}{5}) = \frac{1}{5} \div \frac{6}{5} = \frac{1}{6},\)

Therefore, B is \(\frac{1}{6}\) less than A.

So A is \(\frac{1}{6}\) more than B, while B is \(\frac{1}{6}\) less than A.

Therefore, the answer is: incorrect.

Analysis: Consider B as 1, then A is 1+\(\frac{1}{5}\)=\(\frac{6}{5}\). Using the difference between the two numbers, \(\frac{1}{5}\), divided by A, we can determine how much less B is compared to A."	2023	middle	easy
2564	Both numbers A and B are non-zero natural numbers, A ÷ 13 = B, and the least common multiple of A and B is A. (    )	fill_in_the_blank	True	Methods for finding the least common multiple of several numbers	"Solution: Both numbers A and B are non-zero natural numbers, A ÷ 13 = B, and the least common multiple of A and B is A. The statement in the original question is correct.

Therefore, the answer is: correct.

Analysis: When two numbers have a multiple relationship, their least common multiple is the larger number."	2021	middle	medium
3564	"Determine if it's true or false:  
\(\frac{3}{4} \times \frac{2}{3} = \frac{6}{12}\)"	fill_in_the_blank	False	Multiplying Fractions by Fractions	"Solution: \(\frac{3}{4} \times \frac{2}{3} = \frac{1}{2}\), so the answer is: incorrect.  
Analysis: To solve this problem, when multiplying fractions, reduce them if possible, then multiply the numerators to form the new numerator and multiply the denominators to form the new denominator."	others	middle	medium
3731	2x + 1 ≠ 0 is an inequality.	fill_in_the_blank	True	Solutions and solution set of the inequality	Solution: Because 2x+1≠0 contains an inequality sign, therefore the expression is an inequality. Thus, the answer is: √. [Analysis] The answer can be determined based on the definition of an inequality.	others	middle	medium
2622	Is the following calculation correct? \(\frac{2}{5} \div 3 = \frac{2}{5} \div \frac{1}{3} = \frac{2}{15}\)	fill_in_the_blank	False	Division of a fraction by an integer	Solution: \(\frac{2}{5}\) ÷ 3 = \(\frac{2}{5}\) × \(\frac{1}{3}\) = \(\frac{2}{15}\), there is a calculation error in the original question. Therefore, the answer is: Wrong. Analysis: The rule for fraction division is that dividing number A by number B (except for 0) is equal to multiplying number A by the reciprocal of number B, and the solution is based on this.	others	middle	medium
3051	Three points determine a circle.	fill_in_the_blank	False	Conditions for determining a circle	[Answer] Solution: The statement that three points determine a circle is false. Therefore, the answer is incorrect. [Analysis] Judgment is based on the conditions for determining a circle.	others	middle	medium
3391	Rotating a side of a triangle around an axis for one full turn will definitely form a cone.	fill_in_the_blank	False	Characteristics of a Cone	"Solution: Rotating a right triangle about one of its legs will always form a cone. The original statement is incorrect. Therefore, the answer is: Incorrect. 

Analysis: If you rotate any triangle around one of its sides, you will get two cones with equal base areas, which leads to this conclusion."	others	middle	medium
3330	"\(\frac{4}{5}\) can be read as ""5 compared to 4""."	fill_in_the_blank	False	Reading, writing, and the names of the parts of ratios.	"[Answer] \(\frac{4}{5} = 4:5\), read as ""4 to 5"", therefore this question is incorrect. Hence, the answer is: incorrect. [Analysis] By examining the question and the relationship between fractions and ratios, \(\frac{4}{5}\) can be written in the form of a ratio as 4:5, then solved according to the reading of the ratio."	others	middle	medium
3395	Male employees are 25% more than female employees, which means female employees are \(\frac{1}{5}\) fewer than male employees.	fill_in_the_blank	True	Conversion between percentages and fractions	"Solution: \(25\% \div (1 + 25\%) = 25\% \div 125\% = \frac{1}{5}\); there are \(\frac{1}{5}\) fewer female employees compared to male employees. Therefore, the answer is: correct.

Analysis: First, consider the number of female employees as unit ""1"". The number of male employees is (1 + 25%) of the number of female employees. Dividing 25% by the number of male employees gives the percentage by which female employees are fewer compared to male employees. This problem first establishes unit ""1"", represents the number of male and female employees in terms of unit ""1"", and uses the method of finding what percentage one number is of another to solve."	others	middle	medium
2283	"Determine true or false.
Enlarging a rectangle to 3 times its original size means enlarging the rectangle in a 1:3 ratio."	fill_in_the_blank	False	Enlargement and Reduction of Images	"[Answer] Enlarging a rectangle to three times its original size means enlarging the rectangle with a ratio of 3:1. The original statement is incorrect. Therefore, the answer is: Incorrect.

[Analysis] Typically, in an enlargement ratio, the latter term is 1, meaning the remaining proportion of the figure is 1. This is how the judgment is made."	others	middle	medium
3052	The greatest common divisor of two numbers is always less than or equal to these two numbers. (     )	fill_in_the_blank	False	Methods to find the greatest common divisor of several numbers	"Answer: Solution: For example, the greatest common divisor of 4 and 8 is 4, which equals one of the numbers.  
Therefore, the answer is: False.  
Analysis: When two numbers have a multiple relationship, the greatest common divisor of the two numbers equals the smaller one."	2021	middle	medium
3057	Dividing \(\frac{2}{5}\) by a proper fraction results in a quotient greater than \(\frac{2}{5}\). (     )	fill_in_the_blank	True	Comparison of fractions with the same denominator or numerator.	"Solution: For example, \(\frac{1}{2}\) is a proper fraction. \(\frac{2}{5} \div \frac{1}{2} = \frac{2}{5} \times 2 = \frac{4}{5} > \frac{2}{5}\). Thus, the answer is correct.

Analysis: A proper fraction is one where the numerator is smaller than the denominator. Write a proper fraction and perform the calculation to reach a conclusion."	2024	middle	medium
3398	Determine True or False. A bag of rice weighs 7 kilograms. After eating \(\frac{1}{7}\), \(\frac{6}{7}\) kilograms remain.	fill_in_the_blank	False	Fraction multiplication word problems	"Solution: Remaining: \(7 - 7 \times \frac{1}{7} = 7 - 1 = 6\) (kilograms), the original problem contains a calculation error. Therefore, the answer is: incorrect.

Analysis: Taking the weight of this bag of rice as the unit ""1"", the weight consumed can be determined by multiplying the total weight by the fraction consumed, and then subtracting the consumed weight from the total weight to find the remaining weight."	others	middle	medium
5821	After converting \(\frac{1}{7}\) into a decimal, the digit in the 13th place after the decimal point is 1.	fill_in_the_blank	True	Conversion between fractions and decimals	"Solution: \(\frac{1}{7} = 0.142857142857\ldots\), with a repeating cycle of 6 digits. Therefore, \(13 \div 6 = 2\cdots 1\). Thus, the 13th digit is 1. Hence, the answer is: Correct.

Analysis: First, convert \(\frac{1}{7}\) to a decimal: \(\frac{1}{7} = 0.142857142857\ldots\), with a repeating cycle of 6 digits. Using \(13 \div 6 = 2\cdots 1\), it is determined that the 13th digit is 1."	2024	middle	easy
5756	The antecedent of a ratio is equal to the consequent divided by the ratio.	fill_in_the_blank	False	The relationship between ratios and fractions, division	nan	2024	middle	easy
1961	The shape of a prism's lateral face can be a triangle. (True or False)	calculation	False	An Introduction to Three-Dimensional Shapes	[Answer] Solution: The sides of a prism are quadrilaterals. Therefore, the answer is: Incorrect. [Analysis] The solution can be determined based on the characteristics of a prism.	others	middle	medium
