index	question	category	answer	knowledge	analysis	year	grade_level	difficulty_level
141	"There are two spheres, A and B, made of the same metal, one of which is solid. Their masses are 128g and 60g, and their volumes are \(16{cm}^{3}\) and \(12{cm}^{3}\), respectively. The following statements about spheres A and B are correct:

A. Sphere A is solid.
B. The density of the material of sphere B is \(5g/cm^{3}\).
C. The volume of a solid sphere made of this metal with a mass of 300g is \(60{cm}^{3}\).
D. The volume of the hollow part of the hollow sphere is \(4.5{cm}^{3}\)."	multiple_answer_choice	A, D	Density formula and its applications	nan	2024	middle	medium
2576	"The following statements about measurement are correct ( ):
A. When reading a ruler, the line of sight should be perpendicular to the ruler's surface.
B. Errors are caused by not following operational rules during measurement.
C. Using the same ruler to measure the length of the same object multiple times correctly aims to reduce errors.
D. When using a tape measure to measure long jump results, if the tape is pulled too tight, the measurement value will be larger."	multiple_answer_choice	A, C	Length and its Measurement	Answer: A. When reading a scale, the line of sight should be perpendicular to the surface of the ruler, so A is correct; B. Error is the difference between the measured value and the true value caused by following operational rules during measurement, so B is incorrect; C. Measuring the length of the same object multiple times with the same scale using the correct method is to calculate the average to reduce error, so C is correct; D. When using a tape measure to measure long jump results, if the tape is pulled too tightly, the measured length tends to be larger, making the measurement smaller, so D is incorrect. Therefore, select AC. Analysis: Judged based on the guidelines for using a scale.	2023	middle	medium
286	"Regarding the physical phenomena in the kitchen, the following statements are correct:  
A. The liquefied gas in the steel cylinder is made by cooling to liquefy petroleum gas and stored in the cylinder.  
B. The high-pressure cooker can cook food more easily because it utilizes the principle that the boiling point of a liquid increases with increasing pressure.  
C. The compression refrigerator uses refrigerant substances to rapidly sublimate and absorb heat, lowering the temperature inside the refrigerator.  
D. Food is fried faster than boiled because the boiling point of oil is higher than that of water."	multiple_answer_choice	B, D	Characteristics of Vaporization and Endothermic Vaporization###Liquefaction and exothermic heat of liquefaction###Boiling Point and Its Relationship with Atmospheric Pressure	"Answer: A. The liquefied gas in the cylinder is made by compressing the volume of petroleum gas into a liquid and storing it in the cylinder, so A is incorrect;  
B. Pressure cookers make food cook faster by using the principle that the boiling point of a liquid increases with pressure, so B is correct;  
C. A compression refrigerator uses refrigerants that rapidly transition from liquid to gaseous state, absorbing heat to lower the refrigerator's temperature, so C is incorrect;  
D. Food cooks faster when fried than when boiled because the boiling point of oil is higher than that of water, so D is correct.  
Therefore, the correct options are B and D.  
Analysis: A. Methods of liquefaction: lowering temperature or compressing volume;  
B. Judging based on the rule that the boiling point of a liquid changes with the pressure above;  
C. Identifying the name of the state change based on the initial and final states of the"	2023	middle	medium
1238	"The following statements about cars contain one incorrect expression (    ):
A. Compared to other liquids, water has a relatively high specific heat capacity, making it suitable as a car coolant.
B. Car tires are designed to be relatively wide to increase pressure.
C. The car body and framework are made from materials with low density and high strength to increase the car's mass.
D. The compression stroke of a gasoline engine converts mechanical energy into internal energy."	multiple_answer_choice	B, C	Application of Density and Identification of Substances###Specific heat capacity###Heat engine###Methods of Reducing Pressure and Their Applications	nan	2024	middle	medium
805	"Among the following practices, which comply with the principles of electrical safety?  
A. Do not plug high-power appliances like air conditioners, electric stoves, and vacuum cleaners into the same power outlet.  
B. Regularly conduct safety inspections on household electrical circuits and promptly replace aging wiring.  
C. Repair circuits during power outages so there is no need to turn off switches.  
D. When a socket overheats and smokes, promptly use water to extinguish the fire."	multiple_answer_choice	A, B	Principles of Safe Electricity Use	"[Answer] A. Based on P=UI, when the power supply voltage is constant, the greater the total power, the greater the current. Plugging high-power appliances such as air conditioners, heaters, and vacuum cleaners into the same power outlet can lead to excessive total power, causing the outlet to heat up and posing a fire hazard, thus A is correct;

B. In household circuits, wires that are used for too long tend to age, leading to electric shock accidents. Regular safety inspections should be conducted on household electric circuits to promptly replace aging wires, thus B is correct;

C. After a power outage, electricity may resume at any time. If repairing circuits, the switch should still be turned off to prevent electric shock accidents from sudden power restoration, thus C is not correct;

D. Natural water is a conductor. If an outlet starts to heat up and smoke, the power should be immediately turned off before taking any rescue actions, thus D is not correct.

Therefore, the answer"	2023	middle	medium
1862	"In the history of human scientific development, many physicists have made significant contributions. The following descriptions are correct:

A. Joule discovered the relationship between the heat generated by electric current and the current, resistance, and duration of current flow.
B. Oersted discovered that there is a magnetic field around a current-carrying conductor, and the direction of the magnetic field is related to the direction of the current.
C. Ampère discovered that the current in a conductor is directly proportional to the voltage across its ends and inversely proportional to the resistance of the conductor.
D. Faraday discovered electromagnetic induction through experiments, further revealing the interconnection between electricity and magnetism."	multiple_answer_choice	A, B, D	Ohm's Law and Its Applications###Joule's law###The magnetic field around a current-carrying straight wire.###Electromagnetic induction	Answer: A. From the history of physics, it is known that Joule discovered the relationship between the heat generated by an electric current and the current, resistance, and time of conduction, which is Joule's Law, so A is correct; B. From the history of physics, it is known that Oersted discovered that there is a magnetic field around a current-carrying conductor, i.e., the magnetic effect of the current, and the direction of the magnetic field is related to the direction of the current, so B is correct; C. From the history of physics, it is known that physicist Ohm derived that the current in a conductor is directly proportional to the voltage across it and inversely proportional to its resistance, so C is not correct; D. From the history of physics, it is known that physicist Faraday discovered the phenomenon of electromagnetic induction through experiments and further revealed the interconnection between electromagnetism, so D is correct. Thus the answer is	2023	middle	medium
2582	"China has several thousand years of tea culture, and tasting tea involves a lot of physical knowledge. Which of the following statements is correct?
A. The fragrance of tea spreading is a diffusion phenomenon.
B. Hot tea water contains more heat.
C. A teapot utilizes the principle of communicating vessels.
D. The internal energy of tea leaves changes through the process of doing work."	multiple_answer_choice	A, C	The concept of heat###Heat transfer changes the internal energy of an object.###Principle of Communicating Vessels and Its Applications###Molecular thermal motion	"Answer:  
A. Smelling the fragrance of tea is a diffusion phenomenon, indicating that molecules are in irregular thermal motion, so A is correct.  
B. Heat refers to the amount of energy transferred during the heat transfer process; it is a process quantity, and it cannot be said that an object contains heat, so B is incorrect.  
C. The body and the bottom of the spout of the pot are connected, forming a communicating vessel, so C is correct.  
D. When brewing tea, heat transfers from the water to the tea leaves, and internal energy is changed through heat transfer, so D is incorrect.  
Therefore, the correct choices are: AC.

Analysis:  
A. Molecules that make up substances are constantly in irregular motion, leading to diffusion phenomena.  
B. During the heat transfer process, the amount of energy transferred is called heat, and it cannot be said that an object contains heat.  
C. A container with connected openings at the top"	2024	middle	medium
1859	"As one of China's new ""Four Great Inventions,"" bike-sharing has been popular among the general public since its introduction to the market, providing convenience for people's travel. Considering the structure and use of ""bike-sharing,"" which of the following statements is correct? 
A. The hand brake of a shared bike is a labor-saving lever.  
B. The tires have uneven treads to reduce friction.  
C. Using a smartphone to scan a QR code involves the camera imaging principle.  
D. The usage data of shared bikes is transmitted via ultrasound."	multiple_answer_choice	A, C	Imaging Rules of Convex Lenses and Their Experimental Investigation###Methods to increase or decrease friction###Classification of Levers###Applications of Electromagnetic Waves in Daily Life	nan	2023	middle	medium
1529	"Regarding magnetic fields, the following statements are correct:

A. The north magnetic pole is near the geographic North Pole, and the south magnetic pole is near the geographic South Pole, but they do not completely coincide with the geographic poles.

B. The interaction between magnetic poles occurs through the magnetic field.

C. Magnetic field lines are curves that truly exist within the magnetic field.

D. The magnetic field lines around a magnet emanate from the north pole and return to the south pole of the magnet."	multiple_answer_choice	B, D	Magnetic field###Magnetic field lines and their characteristics###Geomagnetic field	nan	2023	middle	medium
2888	"Regarding knowledge of mechanics, the following statements are incorrect:

A. The buoyant force on the same ship remains unchanged when it sails from a river into the sea.

B. A long fishing rod is designed for saving effort.

C. For a regularly shaped object, the center of gravity is always at the geometric center of the object.

D. The higher the power of a simple machine, the higher its mechanical efficiency."	multiple_answer_choice	B, C, D	Center of gravity###Conditions of an Object's Buoyancy and Its Applications###Classification of Levers###Mechanical efficiency	nan	2024	middle	medium
3087	"In order to prepare for the school's red song competition, the students in Liangliang's class rehearsed the choral song ""Singing the Motherland"" in the music classroom, ""The Five-Starred Red Flag waves in the wind, the victory song is so resonant…"" The resounding song reverberated in the classroom. The correct statements below are: 
A. The students' singing is produced by the vibration of the vocal cords.
B. Resounding singing refers to the loudness of the sound.
C. The speed of sound transmission in air is \(3 \times 10^{8}m/s\).
D. Closing the doors and windows of the music classroom reduces noise at the source."	multiple_answer_choice	A, B	The production of sound###Speed of sound###Ways to control noise	"Answer: A. The singing of the students is produced by the vibration of the vocal cords, so A is correct;
B. Clear singing refers to the loudness of the sound, so B is correct;
C. The speed of sound propagation in air is 340m/s, so C is incorrect;
D. Closing the doors and windows of the music classroom is meant to reduce noise during transmission, so D is incorrect.
Therefore, options A and B are selected.

Analysis:
A. Judged based on the knowledge of sound production;
B. The magnitude of sound is called loudness, the pitch is called pitch, and the characteristics of sound are called timbre;
C. Judged based on the knowledge of sound speed;
D. Judged based on the methods of reducing noise."	2023	middle	medium
21	"The ""24 Solar Terms"" are the accumulation of long-term agricultural experience and the crystallization of wisdom of the Chinese nation and have been included in the UNESCO List of Intangible Cultural Heritage of Humanity. Regarding the physical state changes and heat absorption or release involved in the following solar terms, which statement is correct?

A. During the ""Frost's Descent"" solar term, the formation of frost is a process of deposition.

B. During the ""Cold Dew"" solar term, the formation of dew absorbs heat.

C. During the ""White Dew"" solar term, the formation of dew is a process of sublimation.

D. During the ""Major Snow"" solar term, the formation of snow releases heat."	multiple_answer_choice	A, D	The three states of matter###Solidification and characteristics of exothermic reaction during solidification.###Sublimation and endothermic sublimation	nan	2022	middle	medium
808	"Xiaohua made the following conclusions based on the data in the table, among which the correct ones are (      ).

A. The vessel used to melt copper cannot be made of tin.
B. For equal masses of pure water and kerosene, the volume of pure water is smaller.
C. When equal volumes of copper and aluminum release the same amount of heat, the temperature of the copper decreases more.
D. For equal masses of dry soil and water, when absorbing the same amount of heat, the temperature of dry soil increases more."	multiple_answer_choice	A, B, D	Solidification and characteristics of exothermic reaction during solidification.###Application of Density and Identification of Substances###Experiment Comparing the Heat Absorption of Different Substances	nan	2023	middle	medium
1132	"When the temperature drops to a certain level, the resistance of some materials becomes zero, and these materials are called superconductors. Which of the following objects can be made using superconductors?

A. Computer components  
B. Electric blanket  
C. Rice cooker  
D. Transmission wires"	multiple_answer_choice	A, D	Characteristics and Functions of Superconductors###The thermal effect of electric current	nan	2024	middle	medium
2442	"The correct statements about evaporation are:  
A. Evaporation is a slow liquefaction phenomenon.  
B. Sweeping water on the ground around with a broom can accelerate evaporation.  
C. Evaporation can occur at any temperature.  
D. People sweating profusely in hot weather is a physiological self-protection mechanism by which the body uses evaporation to absorb heat."	multiple_answer_choice	B, C, D	Evaporation and its phenomena###Factors affecting the rate of evaporation	nan	2024	middle	medium
2320	"The practice that conforms to the principles of safe electricity use is: (     )
A. Avoid making calls while charging a mobile phone
B. Immediately switch on the circuit breaker when it trips at home
C. Ground the metal casing of the refrigerator
D. Not touching live conductors will not pose a danger to the human body"	multiple_answer_choice	A, C	Composition of a Household Circuit###Principles of Safe Electricity Use	nan	2023	middle	medium
2706	"In the experiment of ""measuring the resistance of a small bulb when it is normally lit"", which of the following statements is correct regarding issues encountered by four students?

A. The small bulb lit up when Xiaogang connected the last wire because the switch was closed while connecting the circuit.
B. The small bulb did not light up when Xiaoqiang closed the switch after connecting the circuit, possibly because the resistance of the rheostat was adjusted to the maximum.
C. To determine if the small bulb is normally lit, Xiaomei should carefully observe the bulb's brightness while adjusting the rheostat.
D. Xiaoli found that the resistance measured at different voltages varies because of the different temperatures of the filament."	multiple_answer_choice	A, B, D	Factors affecting resistance size###Exploratory Experiment on Measuring Resistance Using the Voltmeter-Ammeter Method	nan	2024	middle	medium
1732	"All scientific knowledge and laws that drive social development are obtained through long-term and arduous scientific exploration by numerous scientists. The following statements about scientists and discoveries align with the history of physics development:

A. Torricelli became the first to prove the existence of atmospheric pressure through the Magdeburg hemispheres experiment
B. Archimedes was inspired by the overflow of water in a bathtub and solved the mystery that the crown was not made of pure gold
C. Ørsted discovered the phenomenon of electromagnetic induction, opening a new era of large-scale human use of electrical energy
D. Rutherford proposed the nuclear model of the atom based on α-particle scattering experiments"	multiple_answer_choice	B, D	Measurement methods of atmospheric pressure###Archimedes' principle###Two types of charges###Conditions for Generating Induced Current	nan	2024	middle	medium
17	"Liang Liang and his heavier father helped a neighbor carry a bag of rice weighing \(5kg\) each from the first floor to the third floor. The father took less time. Then Liang Liang and his father did (   )
A. The same amount of useful work
B. The same total work
C. Liang Liang's power is greater
D. Liang Liang's mechanical efficiency is higher"	multiple_answer_choice	A, D	Comparison of power levels###Mechanical efficiency###Useful work and extra work	nan	2023	middle	medium
1440	"Information, energy, and materials are the three pillars of modern civilization. The correct statement(s) among the following is (are) (    ):

A. The hydrogen bomb utilizes the energy released in an instant from nuclear fission.

B. The advantage of fiber optic communication is that the loss of light energy is very low when light is transmitted through the fiber.

C. The Wi-Fi installed on ""Tiangong-1"" uses ultrasound to transmit information.

D. ""Ceramic foam"" has good insulation, high elasticity, low density, high toughness, and is easily deformable, making it suitable for manufacturing new types of firefighting suits."	multiple_answer_choice	B, D	Nuclear fusion###Scientific exploration###Applications of Electromagnetic Waves in Daily Life	"Answer Explanation: 
A. According to the question, a hydrogen bomb utilizes the energy released from hydrogen nuclear fusion in an instant, so A is incorrect;
B. The advantage of fiber optic communication is that the energy loss of laser in optical fiber is very low, so B is correct;
C. Ultrasound requires a medium to propagate, and since there is no air in space to act as a medium, the Wi-Fi installed on ""Tiangong-1"" uses electromagnetic waves to transmit information, so C is incorrect;
D. Firefighting suits need to have properties such as good insulation, low density, and light weight, which are similar to the characteristics of the ceramic mentioned, so D is correct.

Therefore, the answer is BD.

Analysis: The process combining light atomic nuclei into heavier atomic nuclei is called nuclear fusion, which can release a large amount of energy. One application of nuclear fusion is the hydrogen bomb. One advantage of fiber optic communication is very low energy loss. Broadcasting"	2024	middle	medium
2847	"Some folk sayings, beautiful poetry, and idioms also contain a wealth of physical knowledge. Which of the following statements corresponds correctly to the associated physical knowledge?

A. Spring on the mountaintop, rice doesn't cook------Low air pressure on the mountaintop, low boiling point of spring water  
B. One hand can't clap------Force is the interaction between objects  
C. Sharpening the knife does not delay the work of chopping wood------Reducing the area of force, increasing pressure  
D. Fallen leaves return to the roots------Objects are subject to the downward force of gravity"	multiple_answer_choice	A, B, C	Direction of gravity###Methods to Increase Pressure and Their Applications###The relationship between atmospheric pressure and altitude	"Answer:  
A: There is a spring on the mountain top, rice cannot be cooked - The pressure is low on the mountain top, and the boiling point of water is low. A is correct.  
B: A single hand cannot clap - Force is the interaction between objects. B is correct.  
C: Sharpening the axe doesn’t delay the woodcutting - Reducing the area under force increases the pressure. C is correct.  
D: Falling leaves return to the roots - An object is affected by the vertical downward force of gravity. D is incorrect.  
Thus, the answer is ABC.  

Analysis:  
A: Judging by the knowledge of atmospheric pressure and altitude and the relationship between the boiling point of water and pressure.  
B: Judging by the mutual nature of force interaction.  
C: Judging by \(p = \frac{F}{S}\).  
D: By knowing that the direction of gravity is vertically downward."	2023	middle	medium
1022	"The correct statements are:
A. The Sun is located at the center of the Milky Way.
B. Atoms are composed of atomic nuclei and electrons.
C. Nuclear power plants generate electricity through nuclear fission utilizing nuclear energy.
D. The phenomenon of diffusion indicates there is a repulsive force between molecules."	multiple_answer_choice	B, C	Nuclear fission###Molecular thermal motion###Atomic structure###Universe	"Solution: 

A. The solar system moves in uniform circular motion around the center of the Milky Way galaxy, which is a spiral galaxy. The sun is not the center of the Milky Way, so A is incorrect.

B. Atoms are composed of a nucleus and extranuclear electrons, so B is correct.

C. Nuclear power plants use nuclear fission to generate electricity through nuclear energy, so C is correct.

D. Diffusion indicates that molecules are in constant irregular motion and there are gaps between molecules, so D is incorrect.

Therefore, choose B and C.

Analysis: 

A. The sun is not the center of the Milky Way.

B. Atoms are composed of a nucleus and extranuclear electrons.

C. Nuclear power plants generate electricity using nuclear fission.

D. Diffusion: When molecules of different substances come into contact, they enter each other’s space, indicating that molecules are in constant irregular motion and there are gaps between them."	2024	middle	medium
2708	"The correct statements about motion and force are (    )
A. When an object is acted upon by a force, its state of motion will definitely change.
B. A moving object is not necessarily under the influence of a force.
C. If there is no force acting on it, a moving object will gradually come to a stop.
D. Even when an object is subject to a net force that is not zero, the direction of motion may remain unchanged."	multiple_answer_choice	B, D	The relationship between force and motion	"Explanation: A. When an object is under balanced forces, it is in a state of equilibrium, meaning its motion status remains unchanged, so A is incorrect;  
BC. The motion of an object does not require force to maintain; force is only needed to change the object's motion status, so B is correct, and C is incorrect;  
D. When an object is subjected to a non-zero net force, if the direction of the net force aligns with all force directions, its direction of motion does not change, but its speed will change, so D is correct.  
Therefore, choose BD.  
Analysis: Analyze and judge based on the relationship between force and motion."	2023	middle	medium
1700	"Regarding the mechanics experiments in the textbook, the correct statements are as follows:

A. In the experiment ""Investigating factors affecting sliding friction,"" a cart can be used to replace the wooden block.

B. In the experiment ""Investigating the conditions for two forces to balance,"" the cart is rotated at a certain angle to explore whether the two forces are on the same line when the cart is in a balanced state.

C. In the experiment ""Investigating the effect of resistance on the motion of an object,"" the smaller the resistance on the cart, the slower the cart's speed decreases.

D. In the experiment ""Investigating which factors affect the mechanical efficiency of a pulley system,"" different winding methods of the same pulley result in different pulling forces, indicating that the efficiency must be different."	multiple_answer_choice	B, C	Investigation Experiment on the Influence of Resistance on Object Motion###Investigating the conditions for two forces in equilibrium###An experiment exploring the factors affecting the magnitude of friction.###Measurement Experiment of Pulley (System) Mechanical Efficiency	nan	2024	middle	medium
143	"The correct statement about the use of measuring instruments is:

A. When measuring length with a graduated ruler, if the zero scale line is worn out, that ruler should no longer be used.

B. When measuring liquid temperature with a thermometer, the bulb of the thermometer can be removed from the liquid for reading.

C. When measuring mass with a balance, place the object on the left pan and use tweezers to add or remove weights or move the rider on the right pan until the balance is level.

D. When measuring the volume of water with a graduated cylinder, the line of sight should be parallel to the bottom of the meniscus for reading."	multiple_answer_choice	C, D	Temperature and the Use and Reading of Thermometers###Measurement of Quality and Use of Balances###Use of the Graduated Cylinder###The Use of a Ruler	nan	2023	middle	medium
2543	"Based on the data in the table below, the following statements are correct:

A. Alcohol at -110℃ is in solid state.
B. Copper can be melted in an iron container.
C. Water placed in a 0℃ room will freeze into ice.
D. In regions with a temperature of -20℃, a mercury thermometer can be used to measure the temperature."	multiple_answer_choice	B,D	The structure and working principle of a liquid thermometer###Melting and the Endothermic Characteristics of Melting	"[Answer]  
A. The freezing point of alcohol is -117°C, so alcohol at -110°C is in a liquid state. A is incorrect.  
B. The melting point of copper is lower than that of iron, so copper can be melted in an iron container. B is correct.  
C. Water placed in a room below 0°C will solidify and freeze. C is incorrect.  
D. The freezing point of mercury is -39°C, so a mercury thermometer can be used to measure temperature in regions at -20°C. D is correct.  
In summary, choose B and D.

[Analysis]  
1. If the object's temperature is higher than the freezing (melting) point, it is in a liquid state; if lower, it is in a solid state. In the problem, alcohol's freezing point is -117°C, so at -110°C it is liquid.  
2. The principle and usage of thermometers: The principle relies"	2024	middle	easy
1565	"A classmate measured the length of the same object four times using the same ruler. The measurement results were 2.57 cm, 2.58 cm, 2.58 cm, and 2.57 cm. The correct statement is:  
A. The ruler used has a scale division value of 0.1 cm.  
B. The differences in the four measurement results are entirely due to errors in the measurement process.  
C. The length of the object is 2.58 cm.  
D. The error can be avoided if the student uses a more precise measuring tool."	multiple_answer_choice	A, B, C	Length and its Measurement###The Use of a Ruler###Error and its reduction methods	"Answer: A. The value of the graduation of the same scale is constant. Given the data 2.57cm, 2.58cm, 2.58cm, and 2.57cm, it can be deduced that the second to last digit corresponds to the unit mm, so the graduation value of the scale is 1mm = 0.1cm, hence A is correct;  
B. Error is the discrepancy between the measured value and the true value during measurement. Since all four measurements yield the same accurate value and there are no errors in the data, the different measurements are due to the presence of error, therefore B is correct;
C. The length of the object is: \(L = \frac{2.57mm + 2.58mm + 2.58mm + 2.57mm}{4} \approx 2.58mm\), thus C is correct;
D. Error can only be reduced, not eliminated"	2023	middle	medium
2886	"Regarding work, power, and mechanical efficiency, the following statements are correct:

A. The greater the power, the faster the work is done.  
B. When useful work is constant, reducing extra work can improve mechanical efficiency.  
C. The greater the mechanical efficiency, the greater the power.  
D. No matter how the design is optimized, mechanical efficiency can never reach 100%."	multiple_answer_choice	A, B, D	The concept of power###Mechanical efficiency	"Answer: A. Power indicates the speed at which work is done, so the greater the power, the faster the work is done, hence A is correct.  
B. When useful work is constant, the smaller the extra work, the smaller the total work. According to the formula \(\eta = \frac{W_{useful}}{W_{total}}\), mechanical efficiency is higher, so B is correct.  
C. Mechanical efficiency indicates the quality of mechanical performance, while power indicates the speed of doing work, and there is no connection between the two, so C is incorrect.  
D. Regardless of design, extra work must be done to overcome friction, so mechanical efficiency is definitely less than 100%, hence D is correct.  
Therefore, the choices are ABD.  
Analysis: Judged based on the definitions of power and mechanical efficiency."	2023	middle	medium
1097	"The following statements about household electricity knowledge are incorrect:
A. Multiple high-power electrical appliances can be used simultaneously on one power strip.
B. When an appliance just catches fire, quickly extinguish the small flames with water.
C. After unplugging the phone, the charger remains plugged into the outlet.
D. If the neon bulb of a test pen lights up when touching the metal casing of an appliance, do not touch it with your hand."	multiple_answer_choice	A, B, C	The use of a test pencil###Fault Analysis of Household Circuits###Principles of Safe Electricity Use	nan	2024	middle	medium
398	"In today's society, sports have become a way of life. In the following everyday sports scenarios, the correct statements are:

A. When kicking a soccer ball hard, the foot also feels pain, indicating that the action of force is mutual.

B. After a basketball leaves the hand, it can continue to move forward due to the basketball's inertia.

C. The force exerted by a person on the water while swimming and the force exerted by the water on the person are a pair of balanced forces.

D. When a rising volleyball reaches its highest point, if all external forces disappear, it will certainly move in uniform linear motion."	multiple_answer_choice	A, B	The reciprocity of forces###Newton's First Law###Inertia and its phenomena###Conditions and Applications of Two-Force Equilibrium	"[Answer] A. When you kick a soccer ball hard, the foot exerts force on the ball and also feels pain, as the foot is also exerted upon by the ball, indicating that force is mutual; thus A is correct.  
B. A basketball continues to move forward after leaving the hand due to its inertia, which strives to maintain its original state of motion; thus B is correct.  
C. When swimming, the force exerted by the person on the water and the force exerted by the water on the person act on two different objects and are a pair of interacting forces; thus C is incorrect.  
D. When a volleyball ascending vertically reaches the highest point, its speed is 0, and all external forces disappear. According to Newton's first law, it should maintain its original static state, meaning it must be stationary; thus D is incorrect.  
Therefore, the answer is AB.  
[Analysis] A. The interaction of forces between objects is mutual"	2024	middle	medium
317	"The correct statement regarding the change of states of matter is:

A. Heating water to 100°C does not necessarily make it boil.
B. Evaporation can occur at -20°C.
C. Placing 0°C ice in a 0°C room will not cause the ice to melt.
D. A solid absorbs heat and its temperature rises during melting."	multiple_answer_choice	A, B, C	The three states of water transformation	"【Answer】  
A. The conditions for water to boil are: reaching the boiling point (100°C under 1 standard atmosphere) and continuing to absorb heat; if it only reaches the boiling point but cannot absorb heat, the water will not boil. Therefore, A is correct.  
B. A liquid can evaporate at any temperature as long as it remains in a liquid state. Therefore, B is correct.  
C. Putting 0°C ice in a 0°C room means the ice, although reaching its melting point of 0°C, cannot absorb heat (since the surrounding temperature is also 0°C), so the ice will not melt. Therefore, C is correct.  
D. During the melting of a crystalline solid, it absorbs heat and the temperature remains unchanged. Therefore, D is incorrect.  
Thus, the answer is: ABC  

【Analysis】  
(1) The conditions for liquid boiling are twofold: reaching the boiling point and continuing to absorb heat;"	2023	middle	medium
1396	"The incorrect statement among the following is (   )  
A. During the process of an apple falling from a tree to the ground, gravity does work on the apple, and the gravitational potential energy of the apple increases.  
B. The mechanical energy of a parachutist in free fall at a constant speed remains unchanged.  
C. When a person pushes a car with increasing force but the car does not move, the person does not do work on the car in this process.  
D. Only objects that are doing work have energy; if an object does not do external work, it does not possess energy."	multiple_answer_choice	A, B, D	Changes in kinetic energy and potential energy magnitude###Judgment of whether work is done###Energy and its different forms of existence	"[Answer] A. During the process of an apple falling from the tree to the ground, the mass of the apple remains unchanged, but the height decreases, leading to a decrease in gravitational potential energy. Therefore, option A is incorrect and meets the intention;   
B. During a parachutist's uniform descent, the mass and speed remain unchanged, so kinetic energy remains the same; as the height decreases, gravitational potential energy decreases. According to ""kinetic energy + gravitational potential energy = mechanical energy,"" the parachutist's mechanical energy decreases, making option B incorrect and not meeting the intention;  
C. When a person gradually increases the force of pushing a cart, but the cart never moves, there is no displacement in the direction of the force, so no work is done on the cart, making option C correct but not meeting the intention;  
D. A working object possesses energy. If an object is not currently doing work but has the potential to do so, it still possesses"	2023	middle	medium
3289	"Particle colliders are mainly used to accelerate two particles and make them collide with each other, allowing the study of fundamental particles in the microscopic world. Regarding microscopic particles, the correct statements are:
A. Matter is composed of molecules or atoms
B. Atomic nuclei are composed of protons and electrons
C. Electrons and neutrons are both composed of smaller particles called quarks
D. Atoms are composed of nuclei and neutrons"	multiple_answer_choice	A, C	Composition of matter###Atomic structure	nan	2024	middle	medium
1095	"The correct statement is (     ):
A. The internal energy of an object is related to temperature; if the temperature does not change, the internal energy must remain unchanged.
B. An object with lower internal energy can also transfer heat to an object with higher internal energy.
C. If an object's temperature rises, it must be because work has been done on it by another object.
D. One reason the temperature difference between day and night in inland areas is greater than in coastal areas is that the specific heat capacity of sand and rocks is smaller than that of water."	multiple_answer_choice	B, D	The relationship between temperature, heat, and internal energy###Specific heat capacity###The concept and methods of heat transfer	nan	2024	middle	medium
316	"Tang poetry is one of China's outstanding literary heritages. The following analysis of the physical changes in the verses is correct (    ):
A. ""Dew turns white from tonight, the moon is brighter in the homeland,"" the formation of dew is a vaporization phenomenon
B. ""The candle is reluctant to part, shedding tears till dawn,"" the candle ""crying"" is a melting phenomenon
C. ""Chicken sounds at a thatched inn, frost on the plank bridge,"" the formation of frost is sublimation
D. ""As the evening approaches, it seems to snow, can you have a drink?"" the formation of snow is a solidification phenomenon"	multiple_answer_choice	B, C	The three states of matter###Melting and the Endothermic Characteristics of Melting###Solidification and characteristics of exothermic reaction during solidification.###Liquefaction and exothermic heat of liquefaction###Sublimation and endothermic sublimation###Deposition and deposition exothermic process	"[Answer] A. ""The dew turns white from tonight, the moon is brighter in my hometown."" The formation of dew is a liquefaction phenomenon, so A is incorrect. B. ""The candle mournfully bids farewell, shedding tears until dawn."" The candle ""shedding tears"" is a melting phenomenon, so B is correct. C. ""The rooster crows at the thatched inn, frost on the boardwalk."" The formation of frost is a sublimation phenomenon, so C is correct. D. ""As evening comes, the sky threatens to snow, can we have a drink?"" The formation of snow is a sublimation phenomenon, so D is incorrect. 
Therefore, choose B and C. 
[Analysis] A. Dew is formed by the cooling of water vapor in the air at night, a liquefaction process. 
B. A candle is solid; it becomes liquid when lit, which is melting. 
C. Frost is solid, formed by sublim"	2024	middle	medium
288	"Electrical energy is an economical, clean, and easily controllable and convertible form of energy. The following statements about electrical energy are correct:
A. Oersted discovered the electromagnetic induction phenomenon, which led to the invention of the generator, making large-scale use of electrical energy possible.
B. Electrical energy is a secondary energy source.
C. The more electrical energy consumed by electrical appliances indicates the higher the electrical power of the appliances.
D. Solar panels can directly convert solar energy into electrical energy."	multiple_answer_choice	B,D	Energy and its classification###Solar energy and its utilization and transformation###Calculation of Electric Power###The structure and principle of generators	nan	2024	middle	medium
933	"The following statement is incorrect (　　)
A. If the internal energy of an object increases, external work must have been done on it.
B. The higher the temperature of an object, the more heat it contains.
C. The current of an air conditioner working normally is about 500mA.
D. The voltage of a new dry cell is 1.5V."	multiple_answer_choice	A, B, C	The relationship between temperature, heat, and internal energy###The magnitude of the current###Voltage and voltage unit conversion	"[Answer] A. An increase in an object's internal energy is not necessarily due to work done by external forces; it could also be because the object absorbs heat. A is incorrect, which matches the question's intent.  
B. Temperature is a physical quantity used to indicate the degree of hotness or coldness of an object. Heat refers to the change in internal energy during the heat transfer process and is a process quantity; one cannot say something has or contains heat. B is incorrect, which matches the question's intent.  
C. The current of an air conditioner when functioning properly is approximately 5A. C is incorrect, which matches the question's intent.  
D. The voltage of a storage battery is 2V, and the voltage of a new dry cell is 1.5V. D is correct, which does not match the question's intent.  
Therefore, the answer is: ABC.  
[Analysis] An increase in an object's internal energy is not necessarily"	2022	middle	medium
1773	"Regarding the statements about safe electricity use, which one is incorrect?  
A. When a circuit or electrical device experiences a short circuit or severe overload, the air breaker will automatically disconnect.   
B. When someone receives an electric shock, rescue the person before disconnecting the power.  
C. Only high-power electrical appliances need to use three-pin sockets.   
D. Appliances with a three-pin plug can be used in two-pin sockets."	multiple_answer_choice	B, C, D	The structure and functioning of sockets###Principles of Safe Electricity Use	Answer: A. When a circuit or electrical equipment experiences a short circuit or severe overload, the current in the circuit becomes too large, and the air circuit breaker will automatically trip. A is correct, but does not fit the question. B. Upon discovering someone has been electrocuted, you should first cut off the power supply before taking other rescue measures. B is incorrect, fitting the question. C. Household appliances with metal casings must be grounded to prevent electric shock accidents if the metal casing leaks electricity, so a three-prong outlet should be used. C is incorrect, fitting the question. D. Appliances with a three-prong plug should not be used with a two-prong outlet to prevent the appliance casing from becoming energized, which can endanger personal safety. D is incorrect, fitting the question. Thus, the answer is: BCD. Analysis: When someone gets electrocuted, first cut off the power supply; for appliances with metal casings, use a three-pr	2022	middle	easy
3251	"The table below shows the melting points of various substances. Based on the data in this table, which of the following statements is incorrect?

A. Iron dropped into molten gold will definitely not melt.
B. At -255℃, hydrogen is in a solid state.
C. If water in an aluminum pot boils dry, continuing to heat can damage the pot.
D. An aluminum pot can be used to melt iron to obtain molten iron."	multiple_answer_choice	A, B, D	Solidification and characteristics of exothermic reaction during solidification.###Melting point and freezing point	"[Answer] A. When iron is placed in molten gold, the melting point of gold is 1064°C, and iron's melting point is 1535°C. If the gold's temperature exceeds 1535°C, iron will melt, so A is incorrectly consistent with the question; B. Hydrogen's melting point is -259°C, so -255°C is above hydrogen's melting point, making hydrogen liquid, hence B is incorrectly consistent with the question; C. The flame temperature is around 800°C, higher than the melting point of aluminum at 660°C. If the water in the aluminum pot boils dry, continued heating can damage the pot, thus C is correctly inconsistent with the question; D. Iron's melting point is 1535°C, higher than aluminum's 660°C, so an aluminum pot cannot be used to melt iron, making D incorrectly consistent with the question. Therefore, choose ABD.

[Analysis] A. Analyze based on the melting points of iron"	2023	middle	medium
2032	"In physics experiments, multiple measurements of physical quantities are conducted sometimes to reduce errors and sometimes to identify patterns through repeated measurements. In the following four experiments, the one that involves finding patterns through repeated measurements is (   ):
A. When exploring the law of reflection of light, repeatedly change the angle of incidence to measure the angle of reflection.
B. When measuring the density of saline water, measure multiple sets of corresponding mass and volume of saltwater.
C. When exploring the imaging characteristics of a convex lens, repeatedly change the object distance to record the imaging characteristics.
D. When exploring the relationship between weight and mass, measure multiple sets of objects' gravity and mass."	multiple_answer_choice	A, C, D	Measurement of liquid density###Law of reflection of light###Imaging Rules of Convex Lenses and Their Experimental Investigation###Experiment on Factors Affecting the Magnitude of Gravity	nan	2023	middle	medium
2157	"Using a student balance to measure the mass of a grain of rice, the following method cannot be completed is (       )
A. First measure the mass \(m\) of \(100\) grains of rice, then calculate by \(\frac{m}{100}\)
B. Place a grain of rice in a cup, measure the total mass, then subtract the mass of the cup
C. Place a grain of rice on the balance pan, carefully measure using the rider
D. Place a grain of rice on the balance pan, measure repeatedly, then calculate the average"	multiple_answer_choice	B, C, D	Cumulative method for measuring small mass	"Answer:

A. First measure the mass \(m\) of \(100\) grains of rice, then calculate \(\frac{m}{100}\) to obtain the mass of a single grain. This is correct.

B. Place a grain of rice in a cup, measure the total mass, and subtract the mass of the cup. The mass of a single grain is extremely small, so the total mass and the mass of the cup are almost the same. This is incorrect.

C. Place a grain of rice on a balance and use a rider to measure carefully. The mass of a single grain is too negligible for the balance to measure. This is incorrect.

D. Place a grain of rice on a balance, measure repeatedly, and calculate the average. The mass of the rice cannot be measured. This is incorrect.

Summary: Select BCD

Analysis: Fill in based on physics methods.

Superposition Method (Accumulation Method): When measuring the mass of an object that is too"	2024	middle	easy
2323	"Regarding energy and the environment, the following statements are incorrect (   ):
A. The use of light does not cause environmental pollution, and urban buildings can freely use glass curtain walls.
B. Household appliances such as color TVs, air conditioners, and mobile phones will not have any adverse effects on people's environment during use.
C. The extraction and use of oil, coal, and natural gas will not cause environmental pollution and ecological damage.
D. Solar energy is a new energy source that is both non-polluting and inexhaustible."	multiple_answer_choice	A, B, C	The impact of the energy crisis and energy consumption on the environment.###Energy and Sustainable Development	"Answer: A. The mirror reflection of light can cause light pollution; therefore, glass curtain walls cannot be used indiscriminately in urban buildings. Incorrect, A does not meet the intent;  
B. Home appliances like color TVs, air conditioners, and mobile phones produce radiation during use, affecting the environment. Incorrect, B does not meet the intent;  
C. The extraction and use of oil, coal, and natural gas generate pollutants, leading to environmental pollution and ecological damage. Incorrect, C does not meet the intent;  
D. Solar energy is a renewable energy source that is both pollution-free and inexhaustible. Correct, D does not meet the intent.  
Therefore, the answer is: ABC.  
Analysis: Mirror reflection can cause light pollution; the use of appliances can produce radiation, affecting people; the use of fossil fuels can pollute the environment; solar energy is a clean energy source."	others	middle	medium
2365	"Information and materials are three pillars of modern society development. Regarding energy, information, and materials, which of the following statements is correct?   
A. The core component of LED lights, the light-emitting diode, is made of superconductive materials.  
B. The ""Beidou"" navigation system uses ultrasound for positioning and navigation.  
C. Satellite communication and mobile communication use electromagnetic waves to transmit information.  
D. Nuclear fission and nuclear fusion are two ways of developing and utilizing nuclear energy."	multiple_answer_choice	C, D	Nuclear energy###Applications of Electromagnetic Waves in Daily Life	"[Answer] A. The core component of an LED light, the light-emitting diode, is made of semiconductor material, which does not match the question's intent; B. Both ultrasound and infrasound are sound waves and cannot propagate in a vacuum; electromagnetic waves can propagate in a vacuum. Therefore, the ""Beidou"" navigation uses electromagnetic waves for positioning and navigation, so B does not match the question's intent; C. Satellite communication and mobile communication use electromagnetic waves to transmit information, which matches the question's intent; D. The two ways humans utilize nuclear energy are nuclear fission and fusion. Fission is controllable, fusion is not, which matches the question's intent. Therefore, the answer is: CD.

[Analysis] The history of human application of electromagnetic waves to transmit information has undergone the following changes: ① the form of information transmitted evolved from text → sound → images; ② the amount of information transmitted increased from small to large; ③ the"	2018	middle	easy
