index	question	category	answer	knowledge	analysis	year	grade_level	difficulty_level
1546	"In response to the national call for ""energy conservation, emission reduction, and low-carbon living,"" Xiaoming, who weighs \(60kg\), insists on cycling to school every day. The bicycle he rides weighs \(15kg\), and the total contact area of the tires with the ground is \(30cm^{2}\). The resistance he encounters while cycling at a constant speed on a level road is \(0.02\) times the total gravitational force. \((g\) is taken as \(10N/kg)\). Find:

(1) The total gravitational force on Xiaoming and the bicycle;
(2) The pressure exerted by the bicycle on the ground while he is cycling;
(3) If he cycled uniformly on a level road for \(5min\) covering a distance of \(1500m\), what is his power output while cycling?"	calculation	"(1) Solution: The total weight of Xiaoming and the bicycle \(G_{total} = m_{total}g = (60kg + 15kg) \times 10N/kg = 750N\); 
Answer: The total weight of Xiaoming and the bicycle is \(750N\);

(2) Solution: When he is riding, the force exerted by the bicycle on the ground \(F = G_{total} = 750N\), 
thus the pressure exerted by the bicycle on the ground \(p = \frac{F}{S} = \frac{750N}{30 \times 10^{-4}m^{2}} = 2.5 \times 10^{5}Pa\); 
Answer: When he is riding, the pressure exerted by the bicycle on the ground is \(2.5 \times 10^{5}Pa\);

(3) Solution: It is known that when riding uniformly on a"	Calculation of Power###Calculation of gravity and its magnitude###The magnitude of pressure and its calculation###Calculation and Application of Work	[Analysis] (1) Calculate the magnitude of gravity using G=mg; (2) Calculate pressure using \(p = \frac{F}{S}\), noting that pressure on the horizontal surface equals gravity; (3) Determine the magnitude of friction based on the relationship between friction and gravity, then calculate traction using the equilibrium of forces. Calculate work done using W=Fs, and use \(P = \frac{W}{t}\) to compute power.	2024	middle	medium
2854	"During the physics practice class, the students organized a stair climbing competition. Below are the related records of two students, A and B, in the stair climbing competition. Please determine through calculations:

(1) Which student, A or B, did more work during the stair climbing?

(2) Which student, A or B, worked at a faster rate during the stair climbing?

\[
\begin{array}{|c|c|c|c|}
\hline
\text{Name} & \text{Mass (m) (kg)} & \text{Climbing Height (h) (m)} & \text{Climbing Time (t) (s)} \\
\hline
A & 50 & 15 & 60 \\
\hline
B & 60 & 12 & 48 \\
\hline
\end{array}
\]"	calculation	(1) A; (2) B	Application of Power Calculation Formulas###Calculation and Application of Work	nan	2024	middle	medium
332	"A car is traveling on a straight and level road, moving uniformly for 600 meters in 30 seconds with an engine traction force of 800 N. Calculate:
(1) The work done by the traction force;
(2) The power of the work done by the traction force."	calculation	(1) 4.8×10\textsuperscript{5} J; (2) 16 kW	Application of Power Calculation Formulas###Calculation and Application of Work	nan	2024	middle	medium
2898	"Xiaoming's family recently purchased a new electric kettle. When in use, the electric kettle is connected in \underline{\ \ \ } (choose ""parallel"" or ""series"") with the other appliances in the house. The kettle contains 1kg of water at 30℃, and under normal voltage, it takes 5 minutes to boil. The heat absorbed by the water is \underline{\ \ \ }J. If the efficiency of the electric kettle is 70%, then its power is \underline{\ \ \ }W. [The specific heat capacity of water is \(4.2 \times 10^{3}J/(kg \cdot ℃)\), and the local atmospheric pressure is 1 standard atmosphere.]"	calculation	Parallel; 2.94×10\textsuperscript{5}; 1400	Specific heat capacity###Efficiency of heat engines###Calculation of Electric Power###Connection of household circuits	nan	2024	middle	medium
2018	The current through a conductor is 0.3 amps. What is the amount of charge passing through the cross-section of the conductor in 10 seconds?	calculation	"Solution: The amount of charge passing through the cross-section of the conductor in 10 seconds is: Q = It = 0.3A × 10s = 3C.  
Answer: The amount of charge passing through the cross-section of the conductor in 10 seconds is 3C."	Electric Charge and Its Calculation	[Analysis] By using the product of current magnitude and time, the amount of charge can be calculated.	2019	middle	easy
2186	"Xiao Ming wants to use items such as an electronic scale and a water cup at home to measure the density of his mother's bracelet. He first measured the bracelet's mass as \(38.6g\). Then he found a plastic cup and converted it into an overflow cup, placing it on the electronic scale and measuring its mass as \(22g\). He added water to the overflow cup until it overflowed, waited for a moment, and when the water stopped overflowing the scale showed \(122g\). Xiao Ming then slowly placed the bracelet into the overflow cup, and after the water stopped overflowing, the scale showed \(150.6g\). Calculate the following:

(1) The gravitational force on Xiao Ming's mother's bracelet \((g = 10N/kg)\).
(2) The volume capacity of the overflow cup. \((\)The density of water is \(1g/cm^{3})\).
(3) The density of the bracelet."	calculation	"(1) Solution: The weight of Xiaoming's mom's bracelet \(G_{bracelet} = m_{bracelet}g = 38.6g \times 10N/kg = 38.6 \times 10^{-3}kg \times 10N/kg = 0.386N\);

(2) Solution: After the overflow cup is filled with water, the mass of the water in the overflow cup \(m_{water} = m_{total} - m_{cup} = 122g - 22g = 100g\);
The volume of the overflow cup \(V_{cup} = V_{water} = \frac{m_{water}}{\rho_{water}} = \frac{100g}{1g/cm^{3}} = 100cm^{3}\);

(3) Solution: After placing the bracelet in, the mass of the water in the overflow cup \(m_{water}^{'} = m_{total}^{'}"	Density formula and its applications###Measurement of solid density###Design an experiment to measure density.	"[Analysis] **Measuring the bracelet's mass:** Use an electronic scale to directly measure the bracelet's mass.  
**Measuring the overflow cup's volume:** Place the overflow cup on the electronic scale to measure its mass. Then fill the overflow cup with water until it overflows, and measure the scale reading once the overflow stops. The mass of the water in the overflow cup is used, and according to the density formula (where is density, is mass, is volume), the volume of the overflow cup can be determined.  
**Measuring the bracelet's density:** Place the bracelet in the overflow cup, measure the scale reading once the overflow stops. After the bracelet is placed, the mass of water in the overflow cup is noted, and its volume is recorded. The volume of the bracelet is equal to the volume of the overflowed water. Finally, the bracelet's density can be calculated using the density formula."	2023	middle	hard
2346	If the amount of charge passing through the cross-section of a conductor in 10 seconds is 20 coulombs, calculate the current \( I \) through the conductor during this time.	calculation	2A	Current and current unit conversion	nan	2024	middle	medium
3279	"The process of work done by an object is essentially a process of energy transformation. For example, when ignoring air resistance, the amount of work done by gravity as an object freely falls is equal to the increase in the object's kinetic energy. The formula for the kinetic energy E\textsubscript{K} of an object is E\textsubscript{K} = \(\frac{1}{2}\) mv\textsuperscript{2}, where m represents the mass of the object and v represents the velocity of the object.
(1) When an object begins to freely fall from rest, what is its velocity after falling 5 meters?
(2) As an object freely falls, the velocities at two different positions are measured as v\textsubscript{1} and v\textsubscript{2}. Determine the distance h between these two positions."	calculation	"(1) Solution: \(E_K = \frac{mv^2}{2}\), \(E_P = mgh\), according to the law of conservation of mechanical energy: \(\frac{mv^2}{2} = mgh\), so \(\frac{v^2}{2} = gh\), which means \(v = \sqrt{2gh}\). Therefore, the speed when falling 5m is 10m/s.

(2) Solution: From \(v = \sqrt{2gh}\), we know \(v^2 = 2gh\), thus \(v_2^2 - v_1^2 = 2g(h_2 - h_1)\), so \(h_2 - h_1 = \frac{v_2^2 - v_1^2}{2g}\)."	Application of Kinetic and Potential Energy	"[Analysis] (1) An equation can be derived from the principle that work done by gravity equals the change in kinetic energy of the object, allowing the expression for the distance the object falls to be determined; use the expression to find the object's speed after falling 5 meters.\\
(2) Determine the distance between the two positions based on the change in energy."	others	middle	hard
