index	question	category	answer	knowledge	analysis	year	grade_level	difficulty_level
2889	"In the Song lyric ""Xieyuhua: Shangyuan,"" it says ""Xiao gu xuan, ren ying cancha, man lu piao xiang she,"" where ""Xiao gu xuan"" is produced by the \_\_\_ of the sounding body. The speed of sound propagation in water is \_\_\_ (choose ""greater than,"" ""less than,"" or ""equal to"") the speed of sound propagation in air."	fill_in_the_blank	Vibration; greater than	The production of sound###Speed of sound	nan	2023	middle	medium
1442	On May 8, 1654, Otto von Guericke, the mayor of Magdeburg, Germany, conducted the famous ( ) experiment, demonstrating the existence of atmospheric pressure. To commemorate the contributions of British physicist James Prescott Joule in the fields of thermodynamics and heat, the unit of energy and work was named after ( ).	fill_in_the_blank	Magdeburg hemispheres; Joule	The existence of atmospheric pressure###Achievement	nan	2023	middle	medium
295	"The 2023 Shenzhen Nanshan Half Marathon will be held on November 26, with approximately 16,000 participants. The starting point is at the East Gate of Talent Park, and the race covers a distance of 21 kilometers.

【Nanshan Half Marathon】Gun time: 02:30:43, Net time: 02:21:04. This result is for reference only, and the final interpretation rights belong to the organizing committee.

(1) At the start of the race, the sound of the starting gun is transmitted to the athletes' ears through ( );
(2) The athletes perform ( ) movement throughout the race;
(3) Due to the large number of participants, runners have different starting points, and two times are recorded: gun time and net time. The gun time starts from the sound of the starting gun and ends when the runner crosses the finish line; the net time starts when the runner crosses the starting line. Therefore, the net time more accurately represents the ( ) covered by the runner compared to the total ( ) from the start."	fill_in_the_blank	Air; variable speed; distance; time	Speed and Object Motion###Conditions for the propagation of sound	"Answer: (1) At the start of the race, the sound of the starting gun is transmitted through the air to the athletes' ears;
(2) Athletes generally have varying speeds throughout the race, with athletes performing variable-speed movement;
(3) Net results better reflect the true athletic performance, as it compares the athletes' speed using the method of comparing time over the same distance.

Analysis: Sound transmission requires a medium; 
Movement with varying speed is called variable-speed movement; 
Marathon races compare athletes' speed by ""comparing time over the same distance."""	2024	middle	medium
3007	"When constructing a cinema, in order to reduce the interference of ""echoes"" on the audience, the reflection of sound by the surrounding walls should be ( ) (fill in ""increased"" or ""reduced""), so the wall surface should be made of ( ) (fill in ""soft and porous"" or ""hard and smooth"") materials."	fill_in_the_blank	reduced; soft and porous	Echo and Its Generation	"To minimize the ""echo"" disturbance for the audience when constructing a theater, the reflection of sound off the surrounding walls should be reduced by choosing soft, porous materials to absorb the sound. Therefore, for the first blank: reduce; for the second blank: soft and porous. The analysis is that the principle of echo formation is that sound waves are reflected off surfaces like walls or other hard objects, while loose porous objects can absorb sound waves."	others	middle	easy
1246	A fixed pulley is essentially a \_\_\_\_ lever; its function is \_\_\_\_. A movable pulley is essentially a lever where the effort arm is \_\_\_\_ times the resistance arm; using a movable pulley can save \_\_\_\_, but cannot change \_\_\_\_. Using a pulley system can both \_\_\_\_ and \_\_\_\_.	fill_in_the_blank	Equal arm; change the direction of force; 2; force; direction of force; effort-saving; change the direction of force	Fixed pulley and its working characteristics###Movable Pulley and Its Working Characteristics###Pulley System and Its Working Characteristics	nan	2023	middle	medium
2247	On a horizontal surface, a person uses a horizontal force of 200N to pull a cart weighing 600N to move uniformly forward 480m in 2 minutes. After removing the force, the cart continues to slide forward 15m. In this process, the work done by gravity is \ul{　 　}J, the work done by the pulling force is \ul{　 　}J, and the power of the pulling force is \ul{　 　}W. (Take g as 10N/kg)	fill_in_the_blank	0; 9.6×10^4; 800	Application of Power Calculation Formulas###Judgment of whether work is done###Calculation and Application of Work	nan	2024	middle	medium
818	The safe voltage value for the human body is ( )V; household appliances such as lamps, televisions, and refrigerators are connected in ( ).	fill_in_the_blank	Not higher than 36; parallel	Voltage and voltage unit conversion###Connection of household circuits	nan	2024	middle	medium
502	Beijing, the 'City of Double Olympics,' shines on the world stage, showcasing a new height in China's sports development. At the Beijing 2022 Winter Olympics, Su Yiming won the championship in snowboarding. As shown in the figure, the purpose of increasing the snowboard's surface area is to ( ) pressure (choose 'increase' or 'reduce'); during the descent, Su Yiming's gravitational potential energy ( ) (choose 'increases,' 'decreases,' or 'remains unchanged').	fill_in_the_blank	reduce; decreases	Factors affecting potential energy###Methods of Reducing Pressure and Their Applications	nan	2022	middle	medium
1577	"Yangzhou fried rice, also known as Yangzhou egg fried rice, is a classic Han snack from Yangzhou, Jiangsu. Originally popular in local folklore, it is said to have originated from the Sui Dynasty when Duke Yang Su of Yue liked eating ""golden rice,"" which is essentially egg fried rice. When served, the aroma of Yangzhou fried rice is due to the ( ) of molecules; simultaneously, one can see the ""white vapors"" above the fried rice, indicating a ( ) phenomenon, during which heat is ( )."	fill_in_the_blank	irregular movement; liquefaction; released	Liquefaction and exothermic heat of liquefaction###Molecular thermal motion	nan	2024	middle	medium
1030	"As soon as tourists enter the Huaiyuan Night Market, they can smell the aroma of ""Lahu,"" which illustrates that the molecules making up the substance are constantly ( ). Tourists can use their phones both to make calls and to navigate, which shows that mobile phones are essentially devices capable of receiving and transmitting ( )."	fill_in_the_blank	engaging in irregular thermal motion; electromagnetic waves	Applications of Electromagnetic Waves in Daily Life###Molecular thermal motion	nan	2024	middle	medium
2584	A beam of sunlight passing through a prism displays a colorful light band, this phenomenon is called light \_\_\_\_, with the edge colors of the light band being \_\_\_\_ light and violet light, and in fact, there is invisible \_\_\_\_ beyond the violet light.	fill_in_the_blank	Dispersion; Red; Ultraviolet	Dispersion of light###Infrared###Ultraviolet light	nan	2023	middle	medium
2249	"Xiao Ming conducted an experiment using a certain liquid to ""study the laws of pressure inside the liquid"" and obtained the experimental data shown in the table below. Based on the data in the table, the relationship between liquid pressure p and depth h can be summarized as: p = ( ).  
\[
\begin{array}{c|c|c|c|c|c|c}
h/m & 0.05 & 0.1 & 0.2 & 0.25 & 0.3 & 0.5 \\
\hline
p/×10^3 \text{Pa} & 0.4 & 0.8 & 1.6 & 2 & 2.4 & 4.0 \\
\end{array}
\]"	fill_in_the_blank	8000 Pa/m × h	Investigation on the Characteristics of Liquid Pressure Experiment	nan	2023	middle	medium
621	During sunny days, green plants utilize ( ) to perform photosynthesis, converting light energy into chemical energy stored in organic compounds; the color of light that green plants need the least during photosynthesis is ( ) light.	fill_in_the_blank	Sunlight; green	The color of the object###Energy conversion or transfer	nan	2023	middle	medium
3096	On December 15, 2023, the Long March 5 extended version rocket was successfully launched. Upon launch, high-temperature flames were directed downward towards the launch pad. Many objects would melt under such conditions, so to protect the base of the launch pad, a large water pool was built at the bottom. The water absorbs a large amount of heat through ( ) (phase change name needed). When we see the rocket lift-off, the rapidly expanding white vapor cloud is formed by ( ) (phase change name needed).	fill_in_the_blank	Vaporization; Condensation	Characteristics of Vaporization and Endothermic Vaporization###Liquefaction and exothermic heat of liquefaction	nan	2024	middle	medium
1542	The eyepiece and objective lens of telescopes and microscopes are convex lenses, where the eyepiece forms a ( ) image, the objective lens of a telescope forms a ( ) image, and the objective lens of a microscope forms a ( ) image.	fill_in_the_blank	upright enlarged virtual; inverted reduced real; inverted enlarged real.	Microscope###Telescope	nan	2024	middle	medium
820	"Welcome everyone to the study of a new subject in eighth grade—physics. Gradually, students will come to understand that this is a journey of scientific exploration. Some great physicists have referred to themselves as ""a little boy playing on the seashore, while the vast ocean of truth lay undiscovered before me.” This scientist is \ul{　 　}; furthermore, the unit of the physical quantity for the rate of vibration is named after \ul{　 　}."	fill_in_the_blank	Newton; Hertz	Concept and Unit of Force###Pitch and the Relationship Between Pitch and Frequency	nan	2024	middle	medium
2412	"Solar energy is clean and non-polluting, and it is a treasure trove of energy for humanity. Solar energy is a ""primary"" ( ) energy source. Solar energy is released through ""fusion"" ( ) occurring within the hydrogen nuclei inside the sun. The nuclear fuel used in nuclear power plants is ""non-renewable"" ( ) energy, and in reactors, nuclear fuel undergoes ""fission"" ( ) to release a large amount of nuclear energy. If the annual total electricity generation of four units at a certain nuclear power plant is about \(3 \times 10^{10} \text{kW} \cdot \text{h}\), this electricity is equivalent to the heat released by completely burning ( ) kg of bituminous coal."	fill_in_the_blank	primary; fusion; non-renewable; fission; 3.6×10\textsuperscript{9}	The calorific value of the fuel###Energy and its classification###Nuclear fusion###Nuclear fission	nan	2022	middle	medium
2939	"According to reports, a young man in Qingdao designed and assembled a set of miniature solar power plants on the rooftop of his residential building, and he has been dubbed by the media as the ""first person in China's household photovoltaic station.""

(1) When generating ( ), the solar power station converts light energy into ( ) energy.
(2) The solar power station can generate 10 kW·h of electricity when operating for 8 hours, which is equivalent to ( ) J of electrical energy.
(3) To produce 10 kW·h of electrical energy through a thermal power plant with a conversion efficiency of 30%, it would require the complete combustion of coal weighing ( ) kg."	fill_in_the_blank	electricity; electrical; 3.6×10^7; 4	The calorific value of the fuel###Solar energy and its utilization and transformation###Understanding the parameters of the electricity meter	"Answer:

(1) The working principle of a solar power plant is to convert light energy into electrical energy, which is the basic energy conversion form of solar power generation.

(2) Given \(1kW \cdot h = 3.6 \times 10^{6}J\), 10kW·h converted to joules is: \(W = 10kW \cdot h = 10 \times 1000W \times 3600s = 3.6 \times 10^{7}J\).

(3) First, calculate the required heat Q based on the thermal to electric conversion efficiency of the power plant:
Using the formula \(\eta = \frac{W}{Q}\) (W is electrical energy, Q is the heat released by complete combustion of coal), we get
\(Q_{release} = \frac{W}{30\%} = \frac{3.6 \times 10^{7"	2024	middle	medium
2709	"Among ""wind energy, solar energy, hydropower, coal,"" the non-renewable energy source is \ul{　 　}. The Beidou Satellite Navigation System is independently developed by China and has functions such as positioning, navigation, and communication. The Beidou Satellite Navigation System uses \ul{　 　} to transmit information."	fill_in_the_blank	Coal; Electromagnetic waves	Energy and its classification###Applications of Electromagnetic Waves in Daily Life	nan	2023	middle	medium
938	At night, when the car headlights shine on the bicycle tail light, the bicycle tail light appears very bright; the tail light ( ) a light source. When the car honks, people cover their ears; this is to ( ) reduce the noise.	fill_in_the_blank	is not; reduce	Light and Light Source###Ways to control noise	nan	2024	middle	medium
2409	The Magdeburg hemispheres experiment demonstrated the existence of ( ); Italian scientist ( ) measured through experiments that standard atmospheric pressure is equal to the pressure produced by ( ) millimeters of mercury. If water is used instead of mercury, the height of a water column that one standard atmospheric pressure can support is ( ) meters.	fill_in_the_blank	atmospheric pressure; Torricelli; 760; 10.336	Application of the Liquid Pressure Calculation Formula###The existence of atmospheric pressure###Measurement methods of atmospheric pressure	nan	2024	middle	medium
2335	"In the experiment ""Exploring the relationship between the mass and volume of substances,"" it is necessary to select ( ) substances for multiple experiments; the principle of the experiment ""measuring the density of substances"" is ( ), and multiple experiments are conducted with the purpose of ( )."	fill_in_the_blank	Various types; \(\rho = \frac{m}{V}\); increasing accuracy and reliability of results.	Experiment on Exploring the Properties of Density	"[Answer] In the ""exploring the relationship between the mass and volume of substances"" experiment, it is necessary to control that the type of substance is the same for investigation. At the same time, to explore the general regularity, multiple experiments should be conducted, so various substances should be selected for multiple experiments. The principle of the ""measuring the density of substances"" experiment is \(\rho = \frac{m}{V}\). Therefore, the answer is: multiple kinds; \(\rho = \frac{m}{V}\); seeking general regularity. [Analysis] In the ""exploring the relationship between the mass and volume of substances"" experiment, the goal is to find the general relationship between the mass and volume of substances. To achieve this, multiple substances must be selected for multiple experiments to observe the change in mass as volume changes for different substances and thus derive a more general and accurate conclusion. If only one substance is selected for the experiment, the conclusion may only"	2025	middle	medium
3095	Power is a physical quantity used to express the rate at which work is done by an object, \(3.3kW =\) ( ) W.	fill_in_the_blank	3300	The concept of power	nan	2024	middle	medium
