index	question	category	A	B	C	D	answer	knowledge	analysis	year	grade_level	difficulty_level
1643	Among the following data, the one closest to real life is (      )	single_answer_choice	The width of a middle school student's palm is approximately 30mm.	The height of a desk in a classroom is approximately 80cm.	A middle school student's 100-meter race time is approximately 6 seconds.	The suitable water temperature for a bath is approximately 60°C.	B	Temperature and the Use and Reading of Thermometers###Estimation of time###Estimation of length	nan	2024	middle	medium
1512	The following poetic lines are incorrectly explained from a scientific perspective (     ):	single_answer_choice	"In the line ""Pool water reflects the bright moon, clear pool suspected of being shallow,"" the ""water shallow"" is caused by the refraction of light."	"In the line ""Raise a cup to invite the bright moon, forming three people with the shadow,"" the ""bright moon"" seen through the wine is formed by the refraction of light."	"In the line ""The shade of green trees is dense on a long summer day, the building's inverted image enters the pond,"" the ""dense shade"" is formed by the straight-line propagation of light."	"In the line ""In the vast desert, solitary smoke rises straight, the long river sets with a round sun,"" the ""setting sun"" seen by the poet is an image formed by the refraction of light through the atmosphere."	B	The rectilinear propagation of light and its applications###Reflection of Light###The phenomenon of light refraction and its applications	nan	2023	middle	medium
2512	The correct statements about sound and light phenomena are (   ):	single_answer_choice	The propagation speed of ultrasound in air is greater than 340 m/s	A silenced handgun reduces noise during transmission	The principle of a non-contact infrared thermometer is: receiving infrared radiation from the human body	Installing noise monitoring devices on roads can reduce noise	C	Infrared###Ultrasonic and infrasonic waves###The Levels of Sound and the Hazards of Noise###Ways to control noise	"Solution:

A. The speed of ultrasonic waves in air is approximately 340 m/s, so A is incorrect;  
B. A silenced pistol reduces noise at the source, so B is incorrect;  
C. A temperature gun measures body temperature by receiving the intensity of infrared emitted by the human body, so C is correct;  
D. Installing noise monitoring devices on roads cannot reduce noise, it can only monitor its levels, so D is incorrect.  
Thus, the correct choice is C.

Analysis:  
1. Sound is produced by the vibration of objects and propagates through a medium (solid, liquid, gas), and cannot travel in a vacuum;  
2. Characteristics of sound: Different materials determine different tones; amplitude determines loudness; vibration frequency determines audio; higher frequency results in higher pitch, lower frequency results in lower pitch; sound loudness is related to the amplitude of the vibration of the sound source, larger amplitude results in greater loudness.  
3. Ways to"	2024	middle	medium
1010	Life is full of rich physics knowledge. The correct statement is (    )	single_answer_choice	The tapered end of a car window-breaking hammer is designed to increase pressure	The tapered end of a car window-breaking hammer is designed to increase pressure.	The sharply pointed end of a straw for soft-packaged beverages is to reduce pressure.	Blocking the small hole on a teapot lid makes it difficult to pour out water due to the action of atmospheric pressure.	C	Methods to Increase Pressure and Their Applications###Comprehensive Applications of Atmospheric Pressure###The relationship between fluid pressure and flow velocity	nan	2022	middle	medium
3283	Error analysis is beneficial for correctly handling experimental data to improve experimental plans and achieve the goal of reducing errors. The following analysis is incorrect (     ):	single_answer_choice	A small piece of plasticine is stuck under the left pan of the balance before adjusting the beam balance; the measurement result remains accurate.	If the timer at the finish line begins timing only after hearing the starting gun in a 100-meter race, the recorded result will tend to be preferable.	When measuring the volume of a liquid with a graduated cylinder, if the reading is taken from above, the measurement result will be larger.	If a student takes out the thermometer to read the temperature while measuring body temperature, the measurement result will be smaller.	D	The use and reading of a thermometer###Measurement of Quality and Use of Balances###Use of the Graduated Cylinder###Speed and Object Motion	nan	2022	middle	medium
2027	Under certain conditions, various forms of energy can be converted into each other. The correct corresponding relationship of energy conversion in the following phenomena or facts is (    )	single_answer_choice	Battery charging ------ Chemical energy is converted into electrical energy	Heat generated during fuel combustion ------ Light energy is converted into internal energy	Electric motor driving a water pump to send water to a high place ------ Electrical energy is converted into mechanical energy	Solar cell ------ Solar energy is converted into chemical energy	C	Energy conversion or transfer###Power supply and its energy conversion	nan	2024	middle	medium
2695	Idioms contain rich optical knowledge, and the following statement is incorrect (    ):	single_answer_choice	"""The reflection of a bow in the cup"" is a reflection of light forming an inverted image in the cup."	"""Fish swimming in shallow waters"" refers to the fish seen as a virtual image formed by light refraction."	"""Mirage"" refers to the scene seen as a real image formed by light refraction."	"""Borrowing light through a wall"" uses the principle of light traveling in a straight line."	C	The rectilinear propagation of light and its applications###Reflection of Light###The phenomenon of light refraction and its applications	nan	2024	middle	medium
1649	Regarding power sources and current, which of the following statements is correct? ( )	single_answer_choice	Current is formed by the random movement of a large number of charges.	As long as there is a power source in the circuit, there will definitely be current.	Outside the power source, current flows from the positive terminal through the electrical appliance to the negative terminal.	The direction of current is the same as the direction of free electron movement.	C	The formation of electric current###Direction of current###Conditions for continuous current	nan	2024	middle	medium
1697	The following data is consistent with reality (     )	single_answer_choice	The current of a household refrigerator during normal operation is 1A	The voltage of a dry cell battery is 2V	The power of a middle school student walking from the first to the third floor in 20 seconds is about 20W	The gravitational work done by a physics textbook falling from a desk to the ground is about 20J	A	Current and current unit conversion###Voltage and voltage unit conversion###Electric power	nan	2024	middle	medium
222	The reasonable estimations for the following data are ( ):	single_answer_choice	The voltage of a new dry battery is approximately 1.5V.	The current in a household energy-saving lamp is approximately 10A.	The normal body temperature of a human is approximately 20℃.	The specific heat capacity of sand is approximately 3×10\textsuperscript{3}J/(kg·℃).	A	Temperature and the Use and Reading of Thermometers###Specific heat capacity###Current and current unit conversion###Voltage and voltage unit conversion	nan	2022	middle	medium
604	"Regarding Li Bai's poem ""A Spring Night in Luocheng Hearing the Flute,"" the correct statements are ( ). "	single_answer_choice	"""Scattered into the spring wind filling Luocheng,"" indicating that sound can travel through the ai"	"""Whose jade flute's sound flies secretly,"" he judges it's a flute by the ""tune"""	"""Scattered into the spring wind filling Luocheng,"" indicating that sound can travel through the air"	"""This night in the melody I hear 'Breaking Willow,' who can resist feeling homesick,"" indicating that sound can convey emotion"	B	Conditions for the propagation of sound###Pitch and the Relationship Between Pitch and Frequency###Timbre###Sound and Information	nan	2023	middle	medium
2025	Regarding the concept of energy, which of the following statements is correct?	single_answer_choice	Objects with greater speed must have greater kinetic energy.	Stationary objects have no mechanical energy.	For an object with constant mass, the greater the speed, the greater the kinetic energy.	Objects that do no work do not possess energy.	C	Can###Factors affecting kinetic energy###Factors affecting potential energy	nan	2024	middle	medium
137	Regarding the descriptions of music and noise, the incorrect one is (     )	single_answer_choice	Singing is pleasant and melodious, improving mood, but it can be noise.	Music is the sound produced by musical instruments, while noise is the sound produced by machinery.	The vibrations of music follow a certain pattern, whereas the vibrations of noise are chaotic and irregular.	From an environmental perspective, any sound that interferes with people's learning, rest, and work is noise.	B	Noise and Sources	nan	2024	middle	medium
1390	Estimating physical quantities is a good study habit and one of the basic skills for learning physics. Xiao Ming is a normally developing eighth-grade student, and the following are some data related to him. Which do you think is reasonable?	single_answer_choice	His height is 160	His height is 160m  	His body volume is 0.5m\(^3\)  	His weight is 500N  	C	Density formula and its applications###Estimation of length###Calculation of gravity and its magnitude###The magnitude of pressure and its calculation	nan	2022	middle	medium
1131	Chinese tea culture has a long history. After brewing, the aroma of the tea fills the air. Regarding brewing tea, the following statements are correct (    ):	single_answer_choice	Tea is brewed with hot water because hot water contains more heat.	The internal energy of the tea water changes through work done during brewing.	"The ""aroma fills the air"" because molecules are in constant random motion."	After brewed tea is left for a period of time, its temperature decreases, but its internal energy remains unchanged.	C	The relationship between temperature, heat, and internal energy###Heat transfer changes the internal energy of an object.###Molecular thermal motion	nan	2024	middle	medium
3077	The following commonly used physical quantities with their corresponding units and symbols are correct (     ):	single_answer_choice	Electric power - kilowatt-hour (kW)	Voltage - volt (W)	Resistance - watt (Ω)	Electric work - joule (J)	D	Voltage and voltage unit conversion###Resistance###Electrical Work and the Essence of Electrical Work###Electric power	nan	2024	middle	medium
1725	From Ohm's Law \(I = \frac{U}{R}\), we can rearrange to obtain \(R = \frac{U}{I}\). The correct statement is:  	single_answer_choice	The resistance of a conductor is directly proportional to the voltage across it  	The resistance of a conductor is inversely proportional to the current through it  	The resistance of a conductor is independent of current and voltage  	The resistance of a conductor is determined by the voltage across it and the current through it	C	Resistance###Ohm's Law and Its Applications	"[Answer] Resistance is an inherent property of a material, independent of voltage and current magnitude. It can be calculated using Ohm's Law \(R = \frac{U}{I}\). Option C is correct, while A, B, and D are incorrect.

In summary, choose C.

[Analysis] Factors affecting resistance: When the material and cross-sectional area of a conductor are the same, the longer the conductor, the greater the resistance; when the material and length of a conductor are the same, the smaller the cross-sectional area, the greater the resistance. The implication of Ohm's Law R=U/I is only used to calculate the resistance by measuring the voltage across and current through the appliance and does not have a physical implication for option discrimination."	2024	middle	medium
925	The correct statements about gravity are (     )	single_answer_choice	Objects near the Earth are subject to gravity, and the source of gravitational force is the Earth	Gravity does not change with the position of the object	Because g = 9.8 N/kg, 1 kg is therefore equal to 9.8 N	The center of gravity is the point of action of gravity, and the center of gravity is always located on the object	A	Calculation of gravity and its magnitude###Center of gravity	nan	2024	middle	medium
219	Cup A and Cup B have water temperatures of 0°C and 60°C respectively. The correct statements are:	single_answer_choice	Both Cup A and Cup B can only increase the water temperature by absorbing heat energy.	The water in Cup A is at 0°C, so it does not have internal energy.	The internal energy of the water in Cup A is certain to be less than that in Cup B.	If the water temperature in Cup B decreases, the internal energy of the water is certain to decrease.	D	The concept of internal energy###The relationship between temperature, heat, and internal energy###Heat transfer changes the internal energy of an object.	nan	2024	middle	medium
2572	Regarding the following statements, which one is incorrect? (　　)  	single_answer_choice	The purpose of designing an airplane wing to be convex on top and flat on the bottom is to create a higher airspeed above, lower pressure, and thereby generate lift.  	The Magdeburg hemispheres experiment demonstrated the existence of atmospheric pressure.  	Torricelli was the first to use experimental methods to measure the value of atmospheric pressure.  	If two forces acting on an object share the same three elements, these two forces must be balanced forces.	D	Conditions and Applications of Two-Force Equilibrium###The existence of atmospheric pressure###Measurement methods of atmospheric pressure###Lift of the airplane	nan	2023	middle	medium
1013	Regarding electricity and magnetism, the following statements are incorrect (      ):	single_answer_choice	Generators are made using the principle of electromagnetic induction.	When a small magnet needle is stationary at a certain place in the magnetic field, the direction pointed by the N pole is the direction of the magnetic field at that place.	Magnetic field lines are imaginary lines used to descriptively illustrate the magnetic field; they do not actually exist.	Oersted first discovered the relationship between electricity and magnetism, achieving the conversion of mechanical energy to electrical energy.	D	Magnetic field###Magnetic field lines and their characteristics###The magnetic field around a current-carrying straight wire.###The structure and principle of generators	nan	2023	middle	medium
802	The following are the results recorded by a student, among which the correct one is (    ):	single_answer_choice	The thickness of a one-yuan coin is about 1cm	The length of a new pencil is 0.175dm	The normal walking speed of a middle school student is about 3m/s	The time taken for the flag to reach the top of the flagpole during Monday's flag-raising is about 47s	D	Estimation of time###Estimation of length###Speed and Object Motion	nan	2024	middle	medium
1385	Xiao Ming wants to observe plant cells and the stars on the distant stage, he should choose respectively: 	single_answer_choice	Telescope and microscope 	Microscope and telescope 	Magnifying glass and microscope 	Telescope and magnifying glass	B	Microscope###Telescope	[Answer] Telescopes are used to observe distant objects, and microscopes are used to observe tiny objects. Therefore, to observe plant cells and stars on a distant stage, one should choose a microscope and a telescope, respectively. Thus, B is correct, while A, C, and D are incorrect. Hence, choose B. [Analysis] This judgment is based on the usage of microscopes and telescopes.	others	middle	medium
1855	Among the following statements, the correct one is (    ):	single_answer_choice	In a circuit, as long as there is a power source, current will definitely be produced.	An electricity meter is a tool used to measure the current in a circuit.	When the current through a conductor is zero, the resistance of the conductor is also zero.	When charging a mobile phone, electrical energy is converted into chemical energy.	D	Power supply and its energy conversion###Conditions for continuous current###Resistance###Understanding the parameters of the electricity meter	nan	2024	middle	medium
738	Energy, information, and materials are the three main pillars of modern society. The correct statements among the following are:	single_answer_choice	The strength and hardness of objects made from nanomaterials will be greatly improved.	Satellite communications and the internet both rely on electromagnetic waves to transmit signals.	Under normal circumstances, copper, pencil lead, and pure water are all conductors.	The energy stored in coal, oil, dry cells, and food is chemical energy.	A	Energy and its classification###Network communication###Fiber optic communication###Satellite relay communication	"[Answer] A. Because nanomaterials made using nanotechnology are very small, the strength and hardness of objects made from these materials are greatly enhanced, which is consistent with the question; \\
B. Satellite communication uses microwaves to transmit information, and the internet can also use fiber optic communication, which does not use electromagnetic waves for information transmission. Thus, B does not meet the question's requirements; \\
C. Pure water is an insulator under normal circumstances, so C does not meet the question's requirements; \\
D. The energy stored in coal, oil, and dry batteries is chemical energy, whereas the energy stored in food is biological energy, so D does not meet the question's requirements. \\
Therefore, the answer is A. \\
[Analysis] Nanotechnology refers to the science and technology in the nanoscale range (0.1nm–100nm), focusing on small clusters of molecules or individual atoms and molecules; microwave communication, satellite communication, fiber"	2023	middle	hard
493	Regarding energy, information, and materials, the following statements are correct: (    )	single_answer_choice	Nuclear power plants generate electricity using energy released from nuclear fusion.	Nuclear energy, fossil fuels, and wind energy are all non-renewable sources of energy.	The filament of an incandescent lamp can be made of superconducting materials.	When light travels in optical fibers, it transmits the carried information to distant locations through multiple reflections.	D	Energy and its classification###Nuclear fission###Characteristics and Functions of Superconductors###Fiber optic communication	nan	2023	middle	medium
10	Below is a portion of study notes organized by student Xiao Liu. Which of the following statements is correct?  	single_answer_choice	Breaking coal into pieces for sufficient combustion can increase the calorific value of coal.  	The reason why 5G technology on mobile phones can transmit more information than 4G technology is that 5G signals propagate faster.  	The interaction between magnets occurs through magnetic fields.  	An object's temperature always rises when it absorbs heat and always falls when it releases heat.	C	The relationship between temperature, heat, and internal energy###The calorific value of the fuel###Magnetic field###The relationship between wave speed, wavelength, and frequency	nan	2023	middle	medium
921	"In scientific research, methods like ""control variable method,"" ""equivalent substitution method,"" ""model method,"" and ""transformation method"" are often used. Among the following experiments, the one that utilizes the ""equivalent substitution method"" is (      )"	single_answer_choice	Investigating that sound transmission requires a medium and sound cannot travel through a vacuum	Using light rays in physics to represent the path and direction of light	Investigating the size relationship between the image and object in the characteristics of plane mirror imaging	Investigating the relationship between the magnitude of sliding friction and the pressure magnitude	C	The rectilinear propagation of light and its applications###An experiment exploring the factors affecting the magnitude of friction.###Conditions for the propagation of sound###Exploring the Characteristics of Plane Mirror Imaging	nan	2022	middle	medium
